"replicate_index","scenario_label","data_n","data_set_index","global_data_set_index","data_set_attempt","start_index","true_beta_1","true_beta_2","true_beta_3","true_gamma_1","true_gamma_2","gamma_start_1","gamma_start_2","censoring_proportion","treated_above","treated_below","control_above","control_below","skipped","skip_reason","converged","error","beta_1_value","beta_1_bias","beta_1_absolute_bias","beta_1_rmse","beta_1_squared_bias","beta_1_interval_lower","beta_1_interval_upper","beta_1_covered","beta_2_value","beta_2_bias","beta_2_absolute_bias","beta_2_rmse","beta_2_squared_bias","beta_2_interval_lower","beta_2_interval_upper","beta_2_covered","beta_3_value","beta_3_bias","beta_3_absolute_bias","beta_3_rmse","beta_3_squared_bias","beta_3_interval_lower","beta_3_interval_upper","beta_3_covered","gamma_1_value","gamma_1_bias","gamma_1_absolute_bias","gamma_1_rmse","gamma_1_squared_bias","gamma_1_interval_lower","gamma_1_interval_upper","gamma_1_covered","gamma_2_value","gamma_2_bias","gamma_2_absolute_bias","gamma_2_rmse","gamma_2_squared_bias","gamma_2_interval_lower","gamma_2_interval_upper","gamma_2_covered"
1,"n1000-b1_2-b2_2p5-b3_2p5",1000,1,1,1,1,0.6931472,0.9162907,0.9162907,1.5,1.8,1,1.3,0.081,311,160,347,182,FALSE,NA,TRUE,NA,0.711107425384078,0.0179602253840779,0.0179602253840779,0.0179602253840779,0.000322569695846877,0.47378562169159,0.953497041126633,1,0.835380291837206,-0.080910408162794,0.080910408162794,0.080910408162794,0.00654649414906993,0.626098977308342,1.04683316370339,1,0.99582443540272,0.07953373540272,0.07953373540272,0.07953373540272,0.00632561506710988,0.69914565649719,1.28886382585839,1,1.48715480387808,-0.0128451961219227,0.0128451961219227,0.0128451961219227,0.000164999063410658,1.42684276087434,1.54606947799131,1,1.80089150681702,0.000891506817020327,0.000891506817020327,0.000891506817020327,7.94784404793714e-07,1.75670856207335,1.86973248870232,1
1,"n1000-b1_2-b2_2p5-b3_2p5",1000,2,2,1,1,0.6931472,0.9162907,0.9162907,1.5,1.8,1,1.3,0.083,288,184,358,170,FALSE,NA,TRUE,NA,0.690517804647455,-0.00262939535254458,0.00262939535254458,0.00262939535254458,6.91371991998305e-06,0.453785075808797,0.925873983410074,1,0.877516221408043,-0.0387744785919568,0.0387744785919568,0.0387744785919568,0.00150346019007812,0.665343154770521,1.09612237056088,1,0.979839105121047,0.0635484051210465,0.0635484051210465,0.0635484051210465,0.00403839979342865,0.683394894912949,1.27470146779891,1,1.52389241601081,0.0238924160108069,0.0238924160108069,0.0238924160108069,0.000570847542833464,1.47734180149474,1.63070140057056,1,1.79465349936586,-0.0053465006341431,0.0053465006341431,0.0053465006341431,2.85850690308926e-05,1.75499726587571,1.87538896287713,1
1,"n1000-b1_2-b2_2p5-b3_2p5",1000,3,3,1,1,0.6931472,0.9162907,0.9162907,1.5,1.8,1,1.3,0.0669999999999999,333,164,356,147,FALSE,NA,TRUE,NA,0.711557203058969,0.0184100030589691,0.0184100030589691,0.0184100030589691,0.000338928212631252,0.463460337016887,0.960743785583787,1,1.10059786612923,0.184307166129225,0.184307166129225,0.184307166129225,0.0339691314865859,0.873077613078976,1.33067818120273,1,0.957349243037759,0.041058543037759,0.041058543037759,0.041058543037759,0.00168580395638351,0.652318882432748,1.26145197992435,1,1.50773226565151,0.00773226565151264,0.00773226565151264,0.00773226565151264,5.97879321055622e-05,1.43679670834624,1.57081402788102,1,1.74834436494076,-0.0516556350592363,0.0516556350592363,0.0516556350592363,0.002668304633373,1.66976859900988,1.84517055119911,1
1,"n1000-b1_2-b2_2p5-b3_2p5",1000,4,4,1,1,0.6931472,0.9162907,0.9162907,1.5,1.8,1,1.3,0.071,321,160,350,169,FALSE,NA,TRUE,NA,0.965746900379364,0.272599700379364,0.272599700379364,0.272599700379364,0.0743105966469193,0.721008897674795,1.2097775853288,0,0.997525119389849,0.0812344193898492,0.0812344193898492,0.0812344193898492,0.00659903089360591,0.782185479617952,1.21722179831636,1,0.689442299944519,-0.226848400055481,0.226848400055481,0.226848400055481,0.0514601966077315,0.39342340772803,0.984088129995268,1,1.51817729575621,0.0181772957562061,0.0181772957562061,0.0181772957562061,0.000330414081008588,1.50127478510441,1.54802602945315,0,1.80310932146537,0.00310932146537413,0.00310932146537413,0.00310932146537413,9.6678799750363e-06,1.78804657241487,1.82101304228977,1
1,"n1000-b1_2-b2_2p5-b3_2p5",1000,5,5,1,1,0.6931472,0.9162907,0.9162907,1.5,1.8,1,1.3,0.0669999999999999,352,156,322,170,FALSE,NA,TRUE,NA,0.835591932861054,0.142444732861054,0.142444732861054,0.142444732861054,0.020290501919857,0.591559092321089,1.07487169026645,1,0.88488286101155,-0.0314078389884499,0.0314078389884499,0.0314078389884499,0.000986452349924394,0.673005391569013,1.10138428296181,1,0.91566401603275,-0.000626683967250408,0.000626683967250408,0.000626683967250408,3.9273279480871e-07,0.619707532549992,1.21525812755539,1,1.45111272365372,-0.0488872763462795,0.0488872763462795,0.0488872763462795,0.0023899657885575,1.359560989394,1.5848712739186,1,1.76731433709216,-0.0326856629078409,0.0326856629078409,0.0326856629078409,0.00106835255972501,1.66636371836976,1.83978204614543,1
1,"n1000-b1_2-b2_2p5-b3_2p5",1000,6,6,1,1,0.6931472,0.9162907,0.9162907,1.5,1.8,1,1.3,0.0600000000000001,321,180,338,161,FALSE,NA,TRUE,NA,0.719234269065715,0.026087069065715,0.026087069065715,0.026087069065715,0.000680535172439385,0.481472015851869,0.9554463257931,1,0.989793024301958,0.0735023243019577,0.0735023243019577,0.0735023243019577,0.00540259167779016,0.775864920586757,1.20558734200429,1,0.81149113242871,-0.10479956757129,0.10479956757129,0.10479956757129,0.0109829493631295,0.526351627957528,1.09860626984828,1,1.51794275020509,0.0179427502050917,0.0179427502050917,0.0179427502050917,0.000321942284922319,1.47908436370263,1.60100211997181,1,1.83929351540295,0.0392935154029526,0.0392935154029526,0.0392935154029526,0.00154398035272207,1.70627266090744,1.92980118869945,1
1,"n1000-b1_2-b2_2p5-b3_2p5",1000,7,7,1,1,0.6931472,0.9162907,0.9162907,1.5,1.8,1,1.3,0.0659999999999999,348,150,333,169,FALSE,NA,TRUE,NA,0.6155289890109,-0.0776182109890995,0.0776182109890995,0.0776182109890995,0.00602458667714836,0.377303128570536,0.855128297783052,1,0.756427071242529,-0.159863628757471,0.159863628757471,0.159863628757471,0.0255563797995066,0.550105261659789,0.962868598073229,1,0.944860326230325,0.028569626230325,0.028569626230325,0.028569626230325,0.000816223542940474,0.651607284410998,1.23656726033359,1,1.45602178838227,-0.0439782116177263,0.0439782116177263,0.0439782116177263,0.00193408309709352,1.37238540780912,1.53013548834212,1,1.7823643668126,-0.017635633187405,0.017635633187405,0.017635633187405,0.000311015557920701,1.73180579809265,1.82875843321775,1
1,"n1000-b1_2-b2_2p5-b3_2p5",1000,8,8,1,1,0.6931472,0.9162907,0.9162907,1.5,1.8,1,1.3,0.076,343,164,315,178,FALSE,NA,TRUE,NA,0.861919290428078,0.168772090428078,0.168772090428078,0.168772090428078,0.0284840185074634,0.623319994515715,1.10507287201103,1,1.0269242593105,0.110633559310501,0.110633559310501,0.110633559310501,0.0122397844457102,0.811307179993264,1.24546028163538,1,0.591220624958801,-0.325070075041199,0.325070075041199,0.325070075041199,0.105670553687291,0.299656905753247,0.879435806209852,0,1.48744174816683,-0.0125582518331715,0.0125582518331715,0.0125582518331715,0.000157709689105355,1.43153767439097,1.56936131682789,1,1.79626080655218,-0.00373919344781615,0.00373919344781615,0.00373919344781615,1.39815676401912e-05,1.75500795587022,1.85206455262187,1
1,"n1000-b1_2-b2_2p5-b3_2p5",1000,9,9,1,1,0.6931472,0.9162907,0.9162907,1.5,1.8,1,1.3,0.076,346,162,326,166,FALSE,NA,TRUE,NA,0.539282975524193,-0.153864224475807,0.153864224475807,0.153864224475807,0.0236741995735414,0.296316121588942,0.78670033550952,1,0.898940317043337,-0.0173503829566635,0.0173503829566635,0.0173503829566635,0.000301035788742878,0.685638679842869,1.12005392610351,1,1.03260152960053,0.116310829600528,0.116310829600528,0.116310829600528,0.0135282090823632,0.729999357063293,1.32986435456544,1,1.48928552735405,-0.0107144726459507,0.0107144726459507,0.0107144726459507,0.000114799924080826,1.42707533202631,1.55908272976617,1,1.81284044591976,0.0128404459197562,0.0128404459197562,0.0128404459197562,0.000164877051418183,1.76398503062439,1.87666960782867,1
1,"n1000-b1_2-b2_2p5-b3_2p5",1000,10,10,1,1,0.6931472,0.9162907,0.9162907,1.5,1.8,1,1.3,0.072,379,150,313,158,FALSE,NA,TRUE,NA,0.744121700647103,0.0509745006471027,0.0509745006471027,0.0509745006471027,0.00259839971622148,0.490552037778265,0.996914377247707,1,1.00632978218183,0.0900390821818264,0.0900390821818264,0.0900390821818264,0.00810703632014569,0.786455151019084,1.22921279968996,1,0.870373411413481,-0.0459172885865188,0.0459172885865188,0.0459172885865188,0.00210839739113765,0.567817060795148,1.1725482039724,1,1.51612815805874,0.0161281580587433,0.0161281580587433,0.0161281580587433,0.000260117482367808,1.45971305544607,1.57581471007312,1,1.8433125089658,0.0433125089657993,0.0433125089657993,0.0433125089657993,0.00187597343291244,1.79689842316098,1.95892416730319,1
2,"n1000-b1_2-b2_2p5-b3_2p5",1000,1,11,1,1,0.6931472,0.9162907,0.9162907,1.5,1.8,1,1.3,0.075,339,178,306,177,FALSE,NA,TRUE,NA,0.546388068675722,-0.146759131324278,0.146759131324278,0.146759131324278,0.0215382426270568,0.309901334896285,0.782486498414479,1,0.812652231596062,-0.103638468403938,0.103638468403938,0.103638468403938,0.010740932133114,0.601292904939438,1.02773988935755,1,1.09638772821523,0.180097028215231,0.180097028215231,0.180097028215231,0.0324349395719575,0.806590710672691,1.38949398881583,1,1.48583694492757,-0.0141630550724345,0.0141630550724345,0.0141630550724345,0.000200592128984814,1.39864548312561,1.61901141261669,1,1.77831137008157,-0.0216886299184333,0.0216886299184333,0.0216886299184333,0.000470396667738762,1.70776551195413,1.87355778480293,1
2,"n1000-b1_2-b2_2p5-b3_2p5",1000,2,12,1,1,0.6931472,0.9162907,0.9162907,1.5,1.8,1,1.3,0.08,336,185,299,180,FALSE,NA,TRUE,NA,0.820586423261545,0.127439223261545,0.127439223261545,0.127439223261545,0.0162407556255059,0.584187258897273,1.05187132372546,1,1.03538216215512,0.119091462155117,0.119091462155117,0.119091462155117,0.0141827763582437,0.817328730745897,1.2587605633476,1,0.841545819770292,-0.0747448802297076,0.0747448802297076,0.0747448802297076,0.00558679712055333,0.551050825978935,1.1384410335253,1,1.48172383593951,-0.0182761640604863,0.0182761640604863,0.0182761640604863,0.00033401817276581,1.43278833144959,1.52504427548348,1,1.76750907939795,-0.0324909206020465,0.0324909206020465,0.0324909206020465,0.00105565992156849,1.7046084582528,1.81942975978721,1
2,"n1000-b1_2-b2_2p5-b3_2p5",1000,3,13,1,1,0.6931472,0.9162907,0.9162907,1.5,1.8,1,1.3,0.074,348,153,336,163,FALSE,NA,TRUE,NA,0.789541361758823,0.0963941617588226,0.0963941617588226,0.0963941617588226,0.00929183442118607,0.540770530220259,1.04228702049019,1,0.975905776900014,0.0596150769000141,0.0596150769000141,0.0596150769000141,0.0035539573937946,0.757764972694274,1.20255497994864,1,0.925154099629692,0.00886339962969229,0.00886339962969229,0.00886339962969229,7.85598529956295e-05,0.621740176008531,1.22956711839175,1,1.45919837903471,-0.0408016209652902,0.0408016209652902,0.0408016209652902,0.00166477227339521,1.33636552247968,1.54453744481221,1,1.84298866988867,0.042988669888673,0.042988669888673,0.042988669888673,0.0018480257387973,1.78424538440596,1.92736288697142,1
2,"n1000-b1_2-b2_2p5-b3_2p5",1000,4,14,1,1,0.6931472,0.9162907,0.9162907,1.5,1.8,1,1.3,0.0669999999999999,324,172,366,138,FALSE,NA,TRUE,NA,0.695035409520817,0.00188820952081747,0.00188820952081747,0.00188820952081747,3.56533519450576e-06,0.445288874505917,0.947460704848921,1,0.840901429652791,-0.0753892703472089,0.0753892703472089,0.0753892703472089,0.00568354208348455,0.617695661696491,1.07497810045358,1,0.868160135125737,-0.0481305648742629,0.0481305648742629,0.0481305648742629,0.00231655127511563,0.564959214435278,1.16454147810327,1,1.46209909901132,-0.0379009009886759,0.0379009009886759,0.0379009009886759,0.00143647829575342,1.40971632709744,1.53268380188823,1,1.81506720758855,0.0150672075885492,0.0150672075885492,0.0150672075885492,0.000227020744516434,1.75628209828656,2.00969662827027,1
2,"n1000-b1_2-b2_2p5-b3_2p5",1000,5,15,1,1,0.6931472,0.9162907,0.9162907,1.5,1.8,1,1.3,0.0659999999999999,343,181,334,142,FALSE,NA,TRUE,NA,0.382160126140273,-0.310987073859727,0.310987073859727,0.310987073859727,0.0967129601078355,0.142806969315894,0.624755432264858,0,0.699099659835036,-0.217191040164964,0.217191040164964,0.217191040164964,0.047171947927939,0.479562754789094,0.9223015029334,1,1.28451312573607,0.368222425736073,0.368222425736073,0.368222425736073,0.135587754814958,0.983337680931234,1.58419275505313,0,1.45688301492925,-0.043116985070754,0.043116985070754,0.043116985070754,0.00185907440159162,1.33773288431436,1.57546814031521,1,1.78710515813459,-0.0128948418654082,0.0128948418654082,0.0128948418654082,0.000166276946733885,1.71278570611396,1.85819076287174,1
2,"n1000-b1_2-b2_2p5-b3_2p5",1000,6,16,1,1,0.6931472,0.9162907,0.9162907,1.5,1.8,1,1.3,0.071,335,168,334,163,FALSE,NA,TRUE,NA,0.664133180966491,-0.0290140190335093,0.0290140190335093,0.0290140190335093,0.00084181330047684,0.419053277786951,0.907046139558841,1,0.757699671875786,-0.158591028124214,0.158591028124214,0.158591028124214,0.0251511142014952,0.54607187964803,0.974931311832084,1,1.04857760787415,0.132286907874153,0.132286907874153,0.132286907874153,0.0174998259949046,0.751401382011675,1.35151964615215,1,1.49608103366377,-0.00391896633623245,0.00391896633623245,0.00391896633623245,1.53582971445232e-05,1.45771645501549,1.57127282809704,1,1.77800641599172,-0.0219935840082799,0.0219935840082799,0.0219935840082799,0.000483717737529265,1.72430079538517,1.85626809774655,1
2,"n1000-b1_2-b2_2p5-b3_2p5",1000,7,17,1,1,0.6931472,0.9162907,0.9162907,1.5,1.8,1,1.3,0.081,350,167,312,171,FALSE,NA,TRUE,NA,0.765412414727404,0.0722652147274037,0.0722652147274037,0.0722652147274037,0.00522226125959776,0.524690605826705,1.00720984263752,1,0.967345210114426,0.0510545101144257,0.0510545101144257,0.0510545101144257,0.002606563003024,0.751741762159263,1.18946973879071,1,0.732130812459608,-0.184159887540392,0.184159887540392,0.184159887540392,0.0339148641788897,0.435027146363486,1.02079939707162,1,1.46799032339511,-0.0320096766048856,0.0320096766048856,0.0320096766048856,0.00102461939634936,1.36846551800834,1.58168865141745,1,1.74955309626446,-0.0504469037355444,0.0504469037355444,0.0504469037355444,0.00254489009650328,1.66819437638897,1.88160458029068,1
2,"n1000-b1_2-b2_2p5-b3_2p5",1000,8,18,1,1,0.6931472,0.9162907,0.9162907,1.5,1.8,1,1.3,0.0620000000000001,309,191,344,156,FALSE,NA,TRUE,NA,0.58519483748028,-0.10795236251972,0.10795236251972,0.10795236251972,0.0116537125735891,0.358579546996254,0.818104590751813,1,0.796694605545865,-0.119596094454135,0.119596094454135,0.119596094454135,0.0143032258086823,0.590013061238926,1.00872403088311,1,1.02482580623787,0.108535106237869,0.108535106237869,0.108535106237869,0.0117798692860655,0.73205165200243,1.30897712539375,1,1.50537445422065,0.00537445422064753,0.00537445422064753,0.00537445422064753,2.8884758169836e-05,1.42156258860969,1.54685126814505,1,1.80972676454296,0.00972676454295862,0.00972676454295862,0.00972676454295862,9.4609948474157e-05,1.70081290718408,1.90215308258772,1
2,"n1000-b1_2-b2_2p5-b3_2p5",1000,9,19,1,1,0.6931472,0.9162907,0.9162907,1.5,1.8,1,1.3,0.083,330,170,332,168,FALSE,NA,TRUE,NA,0.499024957559185,-0.194122242440815,0.194122242440815,0.194122242440815,0.0376834450102504,0.257391104572379,0.743937844329104,1,0.952279563430036,0.0359888634300355,0.0359888634300355,0.0359888634300355,0.00129519829098575,0.741068516849488,1.16662297652345,1,0.986976514262063,0.0706858142620634,0.0706858142620634,0.0706858142620634,0.00499648433789093,0.689280950147365,1.2814271795282,1,1.48127271585115,-0.0187272841488535,0.0187272841488535,0.0187272841488535,0.000350711171591899,1.44603699870302,1.51631012294978,1,1.81491743491911,0.0149174349191148,0.0149174349191148,0.0149174349191148,0.000222529864566025,1.78445172849161,1.87049031073765,1
2,"n1000-b1_2-b2_2p5-b3_2p5",1000,10,20,1,1,0.6931472,0.9162907,0.9162907,1.5,1.8,1,1.3,0.0659999999999999,329,169,343,159,FALSE,NA,TRUE,NA,0.670407334089504,-0.0227398659104961,0.0227398659104961,0.0227398659104961,0.000517101501627345,0.425364345039227,0.919790827794037,1,0.902584436572256,-0.0137062634277442,0.0137062634277442,0.0137062634277442,0.000187861657150717,0.681683675176158,1.12603624834217,1,0.884468345514786,-0.0318223544852142,0.0318223544852142,0.0318223544852142,0.00101266224498263,0.584742448620246,1.17743606419414,1,1.51431571307098,0.0143157130709815,0.0143157130709815,0.0143157130709815,0.000204939640730669,1.47037723649955,1.56810608422173,1,1.82092680650007,0.0209268065000658,0.0209268065000658,0.0209268065000658,0.000437931230291198,1.76678157471197,1.90060542305962,1
3,"n1000-b1_2-b2_2p5-b3_2p5",1000,1,21,1,1,0.6931472,0.9162907,0.9162907,1.5,1.8,1,1.3,0.072,330,156,339,175,FALSE,NA,TRUE,NA,0.671879862638569,-0.021267337361431,0.021267337361431,0.021267337361431,0.000452299638444921,0.428498567158768,0.917243324936743,1,1.01201400790285,0.0957233079028526,0.0957233079028526,0.0957233079028526,0.00916295167586431,0.803329499285067,1.22512065496194,1,0.887340323147225,-0.0289503768527754,0.0289503768527754,0.0289503768527754,0.000838124319917711,0.590271848555144,1.1823803409686,1,1.49989013474763,-0.000109865252371444,0.000109865252371444,0.000109865252371444,1.2070373678641e-08,1.47517151062855,1.56592655308728,1,1.78606758714459,-0.0139324128554128,0.0139324128554128,0.0139324128554128,0.000194112127973672,1.75511779349162,1.85887281870421,1
3,"n1000-b1_2-b2_2p5-b3_2p5",1000,2,22,1,1,0.6931472,0.9162907,0.9162907,1.5,1.8,1,1.3,0.069,339,168,311,182,FALSE,NA,TRUE,NA,0.823723070896633,0.130575870896633,0.130575870896633,0.130575870896633,0.0170500580604141,0.589194149288855,1.05830403872684,1,0.973621497187812,0.0573307971878119,0.0573307971878119,0.0573307971878119,0.00328682030619002,0.766965834078607,1.18627123181295,1,0.800445602671449,-0.115845097328551,0.115845097328551,0.115845097328551,0.0134200865750614,0.508879763505837,1.0863958996851,1,1.52457405773746,0.024574057737464,0.024574057737464,0.024574057737464,0.000603884313684215,1.49460875276563,1.55145764735336,1,1.75527531207557,-0.044724687924427,0.044724687924427,0.044724687924427,0.00200029770993738,1.72859279253951,1.81629473225283,1
3,"n1000-b1_2-b2_2p5-b3_2p5",1000,3,23,1,1,0.6931472,0.9162907,0.9162907,1.5,1.8,1,1.3,0.069,330,167,335,168,FALSE,NA,TRUE,NA,0.785631070348215,0.0924838703482149,0.0924838703482149,0.0924838703482149,0.00855326627458543,0.545981470134849,1.02599507037356,1,1.00439177347133,0.0881010734713328,0.0881010734713328,0.0881010734713328,0.00776179914680118,0.792993134341053,1.21826252541148,1,0.774129708373667,-0.142160991626333,0.142160991626333,0.142160991626333,0.0202097475401822,0.48120853266758,1.06574780546579,1,1.53646835593573,0.0364683559357251,0.0364683559357251,0.0364683559357251,0.00132994098465473,1.45923228667453,1.63485671814786,1,1.85414698137754,0.0541469813775448,0.0541469813775448,0.0541469813775448,0.00293189559230018,1.78540347445714,1.98148986562663,1
3,"n1000-b1_2-b2_2p5-b3_2p5",1000,4,24,1,1,0.6931472,0.9162907,0.9162907,1.5,1.8,1,1.3,0.076,347,179,324,150,FALSE,NA,TRUE,NA,0.46145799452778,-0.23168920547222,0.23168920547222,0.23168920547222,0.0536798879323484,0.220301110577046,0.704915413116229,1,0.636290422688956,-0.280000277311044,0.280000277311044,0.280000277311044,0.0784001552942617,0.419690936295518,0.860516034267936,0,1.34859636343988,0.432305663439882,0.432305663439882,0.432305663439882,0.186888186642197,1.04548822355493,1.649401026951,0,1.45505012757929,-0.0449498724207118,0.0449498724207118,0.0449498724207118,0.00202049103063827,1.41733935508393,1.51573990342023,1,1.75284896316247,-0.0471510368375321,0.0471510368375321,0.0471510368375321,0.00222322027485431,1.71356782894019,1.8065498274544,1
3,"n1000-b1_2-b2_2p5-b3_2p5",1000,5,25,1,1,0.6931472,0.9162907,0.9162907,1.5,1.8,1,1.3,0.0639999999999999,331,167,345,157,FALSE,NA,TRUE,NA,0.448266593279867,-0.244880606720133,0.244880606720133,0.244880606720133,0.0599665115476207,0.209575842586545,0.685747025607967,0,0.850662321718615,-0.0656283782813847,0.0656283782813847,0.0656283782813847,0.00430708403584452,0.637530552929247,1.06989071306028,1,0.983156220648747,0.0668655206487466,0.0668655206487466,0.0668655206487466,0.00447099785162796,0.689581283981059,1.27376794978715,1,1.43356971244901,-0.0664302875509923,0.0664302875509923,0.0664302875509923,0.00441298310410753,1.30863781022396,1.54623315484945,1,1.7975580649761,-0.00244193502389889,0.00244193502389889,0.00244193502389889,5.96304666094407e-06,1.75049631572925,1.88903832861765,1
3,"n1000-b1_2-b2_2p5-b3_2p5",1000,6,26,1,1,0.6931472,0.9162907,0.9162907,1.5,1.8,1,1.3,0.08,314,178,324,184,FALSE,NA,TRUE,NA,0.683169001774493,-0.00997819822550705,0.00997819822550705,0.00997819822550705,9.95644398275121e-05,0.448084926373483,0.918709008326958,1,0.777808407530148,-0.138482292469852,0.138482292469852,0.138482292469852,0.0191773453277057,0.577301138261898,0.983801291083914,1,0.959795500327984,0.0435048003279844,0.0435048003279844,0.0435048003279844,0.00189266765157779,0.665813794024913,1.25541044938456,1,1.35990562048279,-0.140094379517206,0.140094379517206,0.140094379517206,0.019626435172311,1.28663781584971,1.46680700140713,0,1.73993560456382,-0.0600643954361768,0.0600643954361768,0.0600643954361768,0.00360773159911342,1.64614510415369,1.88546064261754,1
3,"n1000-b1_2-b2_2p5-b3_2p5",1000,7,27,1,1,0.6931472,0.9162907,0.9162907,1.5,1.8,1,1.3,0.07,328,162,328,182,FALSE,NA,TRUE,NA,0.512138314464409,-0.181008885535591,0.181008885535591,0.181008885535591,0.0327642166428366,0.276372960849147,0.746198785884273,1,0.86653322335899,-0.0497574766410103,0.0497574766410103,0.0497574766410103,0.00247580648168068,0.664430199576593,1.07520155301095,1,1.02593946199619,0.109648761996187,0.109648761996187,0.109648761996187,0.0120228510072964,0.734470067425809,1.31818602519453,1,1.47935833303285,-0.0206416669671474,0.0206416669671474,0.0206416669671474,0.000426078415182625,1.44011061974757,1.52971569644404,1,1.78520331408967,-0.0147966859103255,0.0147966859103255,0.0147966859103255,0.000218941913928824,1.74783984798857,1.82420970959457,1
3,"n1000-b1_2-b2_2p5-b3_2p5",1000,8,28,1,1,0.6931472,0.9162907,0.9162907,1.5,1.8,1,1.3,0.071,350,183,318,149,FALSE,NA,TRUE,NA,0.614872025526796,-0.0782751744732044,0.0782751744732044,0.0782751744732044,0.00612700293881059,0.377942482375347,0.855748794527067,1,0.872281394578552,-0.0440093054214483,0.0440093054214483,0.0440093054214483,0.00193681896367832,0.655506380533065,1.09700740915313,1,1.16732259861146,0.251031898611464,0.251031898611464,0.251031898611464,0.0630170141204764,0.869108840826554,1.46135509244989,1,1.52090578413415,0.0209057841341491,0.0209057841341491,0.0209057841341491,0.000437051810263641,1.4483737159876,1.58981784794442,1,1.81869913765127,0.0186991376512651,0.0186991376512651,0.0186991376512651,0.000349657748900959,1.73914610509763,1.90657042626293,1
3,"n1000-b1_2-b2_2p5-b3_2p5",1000,9,29,1,1,0.6931472,0.9162907,0.9162907,1.5,1.8,1,1.3,0.072,328,171,337,164,FALSE,NA,TRUE,NA,0.645305157825169,-0.0478420421748313,0.0478420421748313,0.0478420421748313,0.00228886099945834,0.407684412089178,0.879752168771529,1,0.801631936778077,-0.114658763221923,0.114658763221923,0.114658763221923,0.0131466319835811,0.588307058767528,1.02115282628533,1,1.07300881844519,0.156718118445192,0.156718118445192,0.156718118445192,0.0245605686490011,0.78151931603219,1.3695911258776,1,1.52719469730929,0.0271946973092922,0.0271946973092922,0.0271946973092922,0.000739551561744027,1.43166822055941,1.68205520351558,1,1.7786772934187,-0.0213227065813006,0.0213227065813006,0.0213227065813006,0.000454657815952242,1.68500482311565,1.91180114129236,1
3,"n1000-b1_2-b2_2p5-b3_2p5",1000,10,30,1,1,0.6931472,0.9162907,0.9162907,1.5,1.8,1,1.3,0.078,332,176,310,182,FALSE,NA,TRUE,NA,0.385023075925237,-0.308124124074763,0.308124124074763,0.308124124074763,0.0949404758368396,0.155774548917787,0.613015699943159,0,0.772018947335367,-0.144271752664633,0.144271752664633,0.144271752664633,0.020814338616925,0.562305212023273,0.984535171089449,1,1.19988508788401,0.283594387884013,0.283594387884013,0.283594387884013,0.0804257768393079,0.908207329823232,1.48819578960938,1,1.51000625255103,0.0100062525510263,0.0100062525510263,0.0100062525510263,0.00010012509011492,1.48661562503224,1.55945288794171,1,1.80828592878772,0.00828592878771972,0.00828592878771972,0.00828592878771972,6.86566158751624e-05,1.78882921059145,1.89378192745361,1
4,"n1000-b1_2-b2_2p5-b3_2p5",1000,1,31,1,1,0.6931472,0.9162907,0.9162907,1.5,1.8,1,1.3,0.072,343,144,337,176,FALSE,NA,TRUE,NA,0.823716655866259,0.130569455866259,0.130569455866259,0.130569455866259,0.017048382805211,0.573914650401256,1.0758173870329,1,0.906841844618623,-0.00944885538137719,0.00944885538137719,0.00944885538137719,8.92808680181806e-05,0.694770849813484,1.12444250954442,1,0.775854121846761,-0.140436578153239,0.140436578153239,0.140436578153239,0.0197224324833907,0.471404061290589,1.07834348131093,1,1.55543671725696,0.0554367172569561,0.0554367172569561,0.0554367172569561,0.00307322962022769,1.47469121478918,1.65434063049834,1,1.80337010286314,0.00337010286314099,0.00337010286314099,0.00337010286314099,1.13575933081511e-05,1.72472146988997,1.86923547325097,1
4,"n1000-b1_2-b2_2p5-b3_2p5",1000,2,32,1,1,0.6931472,0.9162907,0.9162907,1.5,1.8,1,1.3,0.079,321,170,326,183,FALSE,NA,TRUE,NA,0.642003756915751,-0.0511434430842488,0.0511434430842488,0.0511434430842488,0.0026156517705118,0.40921789181348,0.874144084066864,1,0.982610167313904,0.0663194673139036,0.0663194673139036,0.0663194673139036,0.00439827174479993,0.775546430490523,1.19271132677507,1,1.14358703591034,0.227296335910339,0.227296335910339,0.227296335910339,0.0516636243182655,0.850437765473686,1.4347929104308,1,1.56615167207279,0.0661516720727915,0.0661516720727915,0.0661516720727915,0.00437604371802614,1.49364665961238,1.63236699054035,1,1.88293439435936,0.0829343943593577,0.0829343943593577,0.0829343943593577,0.00687811376775346,1.77294505511756,2.02125315134041,1
4,"n1000-b1_2-b2_2p5-b3_2p5",1000,3,33,1,1,0.6931472,0.9162907,0.9162907,1.5,1.8,1,1.3,0.0600000000000001,294,172,360,174,FALSE,NA,TRUE,NA,0.565118797867165,-0.128028402132835,0.128028402132835,0.128028402132835,0.016391271752687,0.332942054390744,0.796434728808599,1,0.962489287425255,0.0461985874252552,0.0461985874252552,0.0461985874252552,0.00213430948008895,0.75872680004596,1.16874364942321,1,1.15110201711857,0.234811317118567,0.234811317118567,0.234811317118567,0.0551363546469563,0.858680431013759,1.44483135910115,1,1.51620583681713,0.0162058368171301,0.0162058368171301,0.0162058368171301,0.000262629146943448,1.47732761627809,1.58326581892054,1,1.82478669393174,0.0247866939317427,0.0247866939317427,0.0247866939317427,0.000614380196065891,1.78520066468096,1.91729947504975,1
4,"n1000-b1_2-b2_2p5-b3_2p5",1000,4,34,1,1,0.6931472,0.9162907,0.9162907,1.5,1.8,1,1.3,0.0580000000000001,353,156,324,167,FALSE,NA,TRUE,NA,0.512974991068881,-0.180172208931119,0.180172208931119,0.180172208931119,0.0324620248711187,0.271901401058045,0.750170872020661,1,0.750229624334303,-0.166061075665697,0.166061075665697,0.166061075665697,0.0275762808512485,0.54511601748185,0.961951585236439,1,1.12143277156014,0.205142071560135,0.205142071560135,0.205142071560135,0.0420832695239836,0.832053799577541,1.41244608748627,1,1.50850375979756,0.00850375979756413,0.00850375979756413,0.00850375979756413,7.23139306946679e-05,1.45629474936553,1.64286749003559,1,1.77239245221812,-0.027607547781882,0.027607547781882,0.027607547781882,0.000762176694528899,1.70523889555873,1.83103897466403,1
4,"n1000-b1_2-b2_2p5-b3_2p5",1000,5,35,1,1,0.6931472,0.9162907,0.9162907,1.5,1.8,1,1.3,0.069,332,193,334,141,FALSE,NA,TRUE,NA,0.680456323840112,-0.012690876159888,0.012690876159888,0.012690876159888,0.000161058337705612,0.42989947967913,0.933340374929529,1,0.99177987915294,0.0754891791529404,0.0754891791529404,0.0754891791529404,0.00569861616918473,0.763573808290681,1.22605492774898,1,0.893121224340596,-0.0231694756594044,0.0231694756594044,0.0231694756594044,0.000536824602331734,0.589834931391981,1.19510369788053,1,1.48839351472108,-0.0116064852789213,0.0116064852789213,0.0116064852789213,0.000134710500529816,1.40240245429565,1.54671446970879,1,1.73183946534876,-0.0681605346512413,0.0681605346512413,0.0681605346512413,0.00464585848394306,1.67531099371507,1.81720999939311,1
4,"n1000-b1_2-b2_2p5-b3_2p5",1000,6,36,1,1,0.6931472,0.9162907,0.9162907,1.5,1.8,1,1.3,0.079,317,175,326,182,FALSE,NA,TRUE,NA,0.679848629244893,-0.0132985707551073,0.0132985707551073,0.0132985707551073,0.000176851984128596,0.445660363463436,0.913931139457817,1,1.05353602067981,0.137245320679811,0.137245320679811,0.137245320679811,0.0188362780485043,0.846960158463616,1.26775494105161,1,0.932344429035457,0.0160537290354565,0.0160537290354565,0.0160537290354565,0.00025772221594386,0.64205169776375,1.22353080215364,1,1.52795281594129,0.027952815941291,0.027952815941291,0.027952815941291,0.00078135991904769,1.49221143184446,1.57592266184172,1,1.77464625897798,-0.0253537410220188,0.0253537410220188,0.0253537410220188,0.0006428121838116,1.71463292369261,1.82904907895145,1
4,"n1000-b1_2-b2_2p5-b3_2p5",1000,7,37,1,1,0.6931472,0.9162907,0.9162907,1.5,1.8,1,1.3,0.075,322,157,352,169,FALSE,NA,TRUE,NA,1.00486825275947,0.311721052759467,0.311721052759467,0.311721052759467,0.0971700147334702,0.753971020221783,1.25499044817313,0,1.04169379294105,0.125403092941047,0.125403092941047,0.125403092941047,0.015725935719181,0.827146575848207,1.26329013980909,1,0.574637895242641,-0.341652804757359,0.341652804757359,0.341652804757359,0.11672663899857,0.274422558835323,0.868911264275024,0,1.49286041457951,-0.0071395854204872,0.0071395854204872,0.0071395854204872,5.09736799764335e-05,1.47135488692154,1.53050863144536,1,1.82405547687295,0.0240554768729533,0.0240554768729533,0.0240554768729533,0.00057866596758519,1.79109810678939,1.89352355359252,1
4,"n1000-b1_2-b2_2p5-b3_2p5",1000,8,38,1,1,0.6931472,0.9162907,0.9162907,1.5,1.8,1,1.3,0.073,324,159,357,160,FALSE,NA,TRUE,NA,0.79849846945397,0.10535126945397,0.10535126945397,0.10535126945397,0.011098889975563,0.53766450435337,1.06161492512369,1,1.07504870570023,0.158758005700227,0.158758005700227,0.158758005700227,0.0252041043739133,0.845279141435496,1.312583187611,1,0.825737229058917,-0.0905534709410827,0.0905534709410827,0.0905534709410827,0.0081999310994775,0.515429543715218,1.13546578224867,1,1.37787043314557,-0.122129566854433,0.122129566854433,0.122129566854433,0.0149156311000514,1.29147413248155,1.49421505219092,0,1.73297926327147,-0.0670207367285327,0.0670207367285327,0.0670207367285327,0.00449177915163529,1.70837350609357,1.79172410809151,0
4,"n1000-b1_2-b2_2p5-b3_2p5",1000,9,39,1,1,0.6931472,0.9162907,0.9162907,1.5,1.8,1,1.3,0.073,350,156,346,148,FALSE,NA,TRUE,NA,0.77459927913613,0.0814520791361303,0.0814520791361303,0.0814520791361303,0.00663444119559843,0.525460754460495,1.02636609005264,1,0.847766592920585,-0.0685241070794147,0.0685241070794147,0.0685241070794147,0.00469555325103109,0.632206771860545,1.0699699863636,1,0.929201260968222,0.0129105609682219,0.0129105609682219,0.0129105609682219,0.000166682584514174,0.629363768290701,1.22805938050823,1,1.49787174545895,-0.00212825454104526,0.00212825454104526,0.00212825454104526,4.52946739147977e-06,1.43903934642572,1.57268265969615,1,1.80403872089296,0.00403872089295865,0.00403872089295865,0.00403872089295865,1.63112664512207e-05,1.75980115840357,1.87602240260414,1
4,"n1000-b1_2-b2_2p5-b3_2p5",1000,10,40,1,1,0.6931472,0.9162907,0.9162907,1.5,1.8,1,1.3,0.077,341,172,313,174,FALSE,NA,TRUE,NA,0.575165035211828,-0.117982164788171,0.117982164788171,0.117982164788171,0.0139197912081032,0.341383628152152,0.810141201664924,1,0.83515541847723,-0.0811352815227705,0.0811352815227705,0.0811352815227705,0.00658293390777922,0.622305917215352,1.0497171162399,1,1.16741081464552,0.251120114645522,0.251120114645522,0.251120114645522,0.0630613119795802,0.873878396266843,1.46442505543304,1,1.42567522590182,-0.0743247740981823,0.0743247740981823,0.0743247740981823,0.00552417204474583,1.32178633497831,1.55845605679072,1,1.83753099794498,0.0375309979449789,0.0375309979449789,0.0375309979449789,0.00140857580674601,1.74674453058301,1.94199713040579,1
5,"n1000-b1_2-b2_2p5-b3_2p5",1000,1,41,1,1,0.6931472,0.9162907,0.9162907,1.5,1.8,1,1.3,0.071,346,148,335,171,FALSE,NA,TRUE,NA,0.482889526131242,-0.210257673868758,0.210257673868758,0.210257673868758,0.0442082894207008,0.236273503198733,0.72517244808053,1,0.779790305322948,-0.136500394677052,0.136500394677052,0.136500394677052,0.0186323577469909,0.568171505474859,0.996581444513217,1,1.17821907605205,0.261928376052053,0.261928376052053,0.261928376052053,0.0686064741812654,0.880532024029537,1.48360967903157,1,1.50158895039468,0.00158895039468265,0.00158895039468265,0.00158895039468265,2.52476335676216e-06,1.44771855817349,1.59461818542697,1,1.79366904195364,-0.00633095804636374,0.00633095804636374,0.00633095804636374,4.00810297848178e-05,1.68685420905572,1.87356895114193,1
5,"n1000-b1_2-b2_2p5-b3_2p5",1000,2,42,1,1,0.6931472,0.9162907,0.9162907,1.5,1.8,1,1.3,0.0639999999999999,337,170,322,171,FALSE,NA,TRUE,NA,0.671751009974914,-0.0213961900250863,0.0213961900250863,0.0213961900250863,0.000457796947589603,0.433655960194116,0.910358300290156,1,1.00737151879468,0.0910808187946814,0.0910808187946814,0.0910808187946814,0.0082957155523096,0.795876151976523,1.22666544134604,1,0.765083281426534,-0.151207418573466,0.151207418573466,0.151207418573466,0.0228636834316514,0.471207235261802,1.05698155611512,1,1.49955981304797,-0.000440186952029409,0.000440186952029409,0.000440186952029409,1.93764552736941e-07,1.46583087031605,1.54569867388341,1,1.84277887110339,0.0427788711033907,0.0427788711033907,0.0427788711033907,0.00183003181288052,1.79860351231588,1.92681373195607,1
5,"n1000-b1_2-b2_2p5-b3_2p5",1000,3,43,1,1,0.6931472,0.9162907,0.9162907,1.5,1.8,1,1.3,0.083,326,188,332,154,FALSE,NA,TRUE,NA,0.84250300566567,0.14935580566567,0.14935580566567,0.14935580566567,0.0223071566860415,0.59489587375776,1.09079960759117,1,1.07867179774282,0.162381097742815,0.162381097742815,0.162381097742815,0.0263676209041617,0.848784447478691,1.31125211799258,1,0.88388422393387,-0.03240647606613,0.03240647606613,0.03240647606613,0.00105017969102466,0.581404602375789,1.18366866682244,1,1.48826931155751,-0.0117306884424924,0.0117306884424924,0.0117306884424924,0.000137609051334824,1.47412677555379,1.51821201586283,1,1.85163295709491,0.0516329570949075,0.0516329570949075,0.0516329570949075,0.00266596225836455,1.79987778985548,1.90560270808274,1
5,"n1000-b1_2-b2_2p5-b3_2p5",1000,4,44,1,1,0.6931472,0.9162907,0.9162907,1.5,1.8,1,1.3,0.0629999999999999,350,177,323,150,FALSE,NA,TRUE,NA,0.548530116363488,-0.144617083636512,0.144617083636512,0.144617083636512,0.0209141008795299,0.305255321960256,0.795239580369358,1,0.796736681510619,-0.119554018489381,0.119554018489381,0.119554018489381,0.0142931633369592,0.578849547651178,1.02144127345069,1,1.0450054890712,0.128714789071196,0.128714789071196,0.128714789071196,0.0165674969256425,0.745000149347788,1.34122623350651,1,1.38592000461853,-0.114079995381468,0.114079995381468,0.114079995381468,0.0130142453462359,1.32159306845795,1.49002596444822,0,1.80629410820248,0.00629410820247922,0.00629410820247922,0.00629410820247922,3.96157980645162e-05,1.70632144201283,1.90814934435315,1
5,"n1000-b1_2-b2_2p5-b3_2p5",1000,5,45,1,1,0.6931472,0.9162907,0.9162907,1.5,1.8,1,1.3,0.079,323,164,325,188,FALSE,NA,TRUE,NA,0.648190404214237,-0.0449567957857629,0.0449567957857629,0.0449567957857629,0.00202111348732279,0.418297154701436,0.879556950812124,1,0.945463560454976,0.0291728604549761,0.0291728604549761,0.0291728604549761,0.00085105578712551,0.741535919114538,1.15260949855992,1,1.00782612972613,0.0915354297261326,0.0915354297261326,0.0915354297261326,0.00837873489514776,0.721384978410221,1.30364465040541,1,1.49354879981016,-0.00645120018984224,0.00645120018984224,0.00645120018984224,4.16179838894206e-05,1.44623137116662,1.56239860748318,1,1.79650451308286,-0.00349548691713797,0.00349548691713797,0.00349548691713797,1.22184287878827e-05,1.74875058313738,1.84725800765971,1
5,"n1000-b1_2-b2_2p5-b3_2p5",1000,6,46,1,1,0.6931472,0.9162907,0.9162907,1.5,1.8,1,1.3,0.074,337,141,330,192,FALSE,NA,TRUE,NA,0.664171757391394,-0.0289754426086064,0.0289754426086064,0.0289754426086064,0.000839576274364644,0.427016343903899,0.906589146423854,1,0.932409610943335,0.0161189109433346,0.0161189109433346,0.0161189109433346,0.000259819289999153,0.727014776293985,1.14245608705029,1,1.05360861066404,0.137317910664036,0.137317910664036,0.137317910664036,0.0188562085891361,0.749646105047378,1.35689105534945,1,1.50400241323613,0.00400241323613004,0.00400241323613004,0.00400241323613004,1.6019311712749e-05,1.46729436123567,1.56489107738272,1,1.81495795008322,0.0149579500832202,0.0149579500832202,0.0149579500832202,0.000223740270692107,1.77246655479093,1.89151328241348,1
5,"n1000-b1_2-b2_2p5-b3_2p5",1000,7,47,1,1,0.6931472,0.9162907,0.9162907,1.5,1.8,1,1.3,0.073,335,181,317,167,FALSE,NA,TRUE,NA,0.59354723497406,-0.0995999650259396,0.0995999650259396,0.0995999650259396,0.00992015303316839,0.360871387049741,0.829963047080463,1,0.917846411151584,0.00155571115158404,0.00155571115158404,0.00155571115158404,2.42023718716293e-06,0.705400334255811,1.13431225472296,1,0.859003554520543,-0.0572871454794566,0.0572871454794566,0.0572871454794566,0.00328181703718442,0.571675649288931,1.14810971045775,1,1.50840936269261,0.00840936269261472,0.00840936269261472,0.00840936269261472,7.07173808959403e-05,1.48113464665024,1.53305580172436,1,1.81399498669877,0.0139949866987665,0.0139949866987665,0.0139949866987665,0.000195859652698652,1.79151662182103,1.84273254086546,1
5,"n1000-b1_2-b2_2p5-b3_2p5",1000,8,48,1,1,0.6931472,0.9162907,0.9162907,1.5,1.8,1,1.3,0.0659999999999999,319,173,331,177,FALSE,NA,TRUE,NA,0.621723372134173,-0.0714238278658268,0.0714238278658268,0.0714238278658268,0.00510136318700726,0.388750486449955,0.855256197820992,1,0.995745600003429,0.0794549000034289,0.0794549000034289,0.0794549000034289,0.00631308113455489,0.786994278131383,1.20827846593239,1,0.911992138727761,-0.00429856127223938,0.00429856127223938,0.00429856127223938,1.84776290111962e-05,0.619656421182303,1.20139067467418,1,1.50984199825182,0.00984199825181964,0.00984199825181964,0.00984199825181964,9.68649295888208e-05,1.44695481501144,1.56049752027379,1,1.80348744177643,0.00348744177642879,0.00348744177642879,0.00348744177642879,1.21622501439808e-05,1.64918332412376,1.8679483565271,1
5,"n1000-b1_2-b2_2p5-b3_2p5",1000,9,49,1,1,0.6931472,0.9162907,0.9162907,1.5,1.8,1,1.3,0.0600000000000001,331,167,360,142,FALSE,NA,TRUE,NA,0.873539785903389,0.180392585903389,0.180392585903389,0.180392585903389,0.0325414850489114,0.614290390745908,1.13569262973233,1,1.10985407544027,0.193563375440273,0.193563375440273,0.193563375440273,0.0374667803118322,0.876229796740953,1.34957174806091,1,0.765642908762668,-0.150647791237332,0.150647791237332,0.150647791237332,0.0226947570046867,0.459197253609684,1.07785492356074,1,1.46587640205043,-0.0341235979495706,0.0341235979495706,0.0341235979495706,0.00116441993702394,1.41722982793476,1.5173188994287,1,1.7889086533434,-0.0110913466565972,0.0110913466565972,0.0110913466565972,0.000123017970656809,1.75356274507942,1.82913387009908,1
5,"n1000-b1_2-b2_2p5-b3_2p5",1000,10,50,1,1,0.6931472,0.9162907,0.9162907,1.5,1.8,1,1.3,0.0610000000000001,312,169,352,167,FALSE,NA,TRUE,NA,0.755677958327842,0.0625307583278425,0.0625307583278425,0.0625307583278425,0.00391009573705504,0.516759573755076,0.989684699856987,1,0.901332973101387,-0.0149577268986125,0.0149577268986125,0.0149577268986125,0.000223733593973477,0.693806566653826,1.11180089309191,1,0.865962997729229,-0.0503277022707708,0.0503277022707708,0.0503277022707708,0.00253287761585535,0.576601778309995,1.15798068856796,1,1.44660340282134,-0.0533965971786576,0.0533965971786576,0.0533965971786576,0.00285119659025983,1.42076788098436,1.5111237934926,1,1.80638794701054,0.00638794701054302,0.00638794701054302,0.00638794701054302,4.08058670095055e-05,1.75888679658841,1.87844824938477,1
6,"n1000-b1_2-b2_2p5-b3_2p5",1000,1,51,1,1,0.6931472,0.9162907,0.9162907,1.5,1.8,1,1.3,0.079,329,154,334,183,FALSE,NA,TRUE,NA,0.44616894104841,-0.24697825895159,0.24697825895159,0.24697825895159,0.0609982603947585,0.212180844504585,0.685316139392457,0,0.799141538215216,-0.117149161784784,0.117149161784784,0.117149161784784,0.0137239261068775,0.597862463032677,1.00436843483942,1,1.12148987506978,0.205199175069776,0.205199175069776,0.205199175069776,0.0421067014493166,0.823692370596714,1.41498311498556,1,1.47453438210821,-0.0254656178917896,0.0254656178917896,0.0254656178917896,0.000648497694610634,1.44095088420923,1.53561204655678,1,1.7759742360575,-0.0240257639425014,0.0240257639425014,0.0240257639425014,0.000577237333020803,1.68589504710241,1.86594486876904,1
6,"n1000-b1_2-b2_2p5-b3_2p5",1000,2,52,1,1,0.6931472,0.9162907,0.9162907,1.5,1.8,1,1.3,0.053,329,148,368,155,FALSE,NA,TRUE,NA,0.544157588011442,-0.148989611988558,0.148989611988558,0.148989611988558,0.0221979044805012,0.303153341162688,0.784847745309375,1,0.805868843639323,-0.110421856360677,0.110421856360677,0.110421856360677,0.0121929863621381,0.597559169631352,1.01962068466222,1,1.04870841740594,0.132417717405941,0.132417717405941,0.132417717405941,0.0175344518829997,0.753964368008258,1.34731160688383,1,1.53290583797879,0.0329058379787859,0.0329058379787859,0.0329058379787859,0.00108279417308611,1.48208395015031,1.6035527309949,1,1.85919233897831,0.0591923389783127,0.0591923389783127,0.0591923389783127,0.00350373299372347,1.76222798550062,1.94116225141755,1
6,"n1000-b1_2-b2_2p5-b3_2p5",1000,3,53,1,1,0.6931472,0.9162907,0.9162907,1.5,1.8,1,1.3,0.069,332,184,333,151,FALSE,NA,TRUE,NA,0.737270697731052,0.0441234977310524,0.0441234977310524,0.0441234977310524,0.00194688305202219,0.503496887945859,0.976102642024653,1,0.813272172975564,-0.103018527024436,0.103018527024436,0.103018527024436,0.0106128169102845,0.599127517574803,1.02980177224011,1,1.00652519064424,0.0902344906442432,0.0902344906442432,0.0902344906442432,0.00814226330182601,0.708485957364075,1.30230434355042,1,1.54134971783313,0.0413497178331286,0.0413497178331286,0.0413497178331286,0.00170979916487935,1.48677612540774,1.61858632898851,1,1.92079170289584,0.120791702895842,0.120791702895842,0.120791702895842,0.0145906354884774,1.83218753385727,2.04141884554181,0
6,"n1000-b1_2-b2_2p5-b3_2p5",1000,4,54,1,1,0.6931472,0.9162907,0.9162907,1.5,1.8,1,1.3,0.084,306,166,353,175,FALSE,NA,TRUE,NA,0.630195257664044,-0.0629519423359562,0.0629519423359562,0.0629519423359562,0.00396294704386956,0.393522435167164,0.867829756592972,1,0.926502558663989,0.0102118586639888,0.0102118586639888,0.0102118586639888,0.000104282057373283,0.717264639991609,1.14202073831449,1,0.968678190148429,0.0523874901484294,0.0523874901484294,0.0523874901484294,0.00274444912405178,0.672181141682014,1.26532537594769,1,1.50239750916558,0.00239750916558346,0.00239750916558346,0.00239750916558346,5.74805019905668e-06,1.4244152317896,1.61020219897767,1,1.78498439370765,-0.0150156062923463,0.0150156062923463,0.0150156062923463,0.000225468432326751,1.73207552806244,1.83053819629111,1
6,"n1000-b1_2-b2_2p5-b3_2p5",1000,5,55,1,1,0.6931472,0.9162907,0.9162907,1.5,1.8,1,1.3,0.078,326,176,320,178,FALSE,NA,TRUE,NA,0.718522526456621,0.0253753264566208,0.0253753264566208,0.0253753264566208,0.000643907192780078,0.484239013177192,0.952096140410967,1,0.986592671344162,0.0703019713441617,0.0703019713441617,0.0703019713441617,0.00494236717487534,0.776895509455841,1.20195767868897,1,0.864496082385171,-0.0517946176148291,0.0517946176148291,0.0517946176148291,0.00268268241386636,0.5729696406009,1.1501307207614,1,1.54008941773791,0.040089417737907,0.040089417737907,0.040089417737907,0.00160716141456441,1.48757457446694,1.6156473586488,1,1.84439736493486,0.0443973649348572,0.0443973649348572,0.0443973649348572,0.00197112601315889,1.75989785247868,1.95796585363823,1
6,"n1000-b1_2-b2_2p5-b3_2p5",1000,6,56,1,1,0.6931472,0.9162907,0.9162907,1.5,1.8,1,1.3,0.09,334,187,321,158,FALSE,NA,TRUE,NA,0.756862615136853,0.0637154151368526,0.0637154151368526,0.0637154151368526,0.00405965412606147,0.514542174387908,1.00326934990971,1,0.933731529811735,0.017440829811735,0.017440829811735,0.017440829811735,0.000304182544521904,0.710951354195573,1.15865921279323,1,1.01338920349474,0.0970985034947414,0.0970985034947414,0.0970985034947414,0.0094281193809183,0.710980203311582,1.3081835101453,1,1.53551379788864,0.0355137978886386,0.0355137978886386,0.0355137978886386,0.00126122984047507,1.46861160987945,1.61163255229542,1,1.79653167276014,-0.00346832723985546,0.00346832723985546,0.00346832723985546,1.20292938427234e-05,1.74278186797219,1.87956159375579,1
6,"n1000-b1_2-b2_2p5-b3_2p5",1000,7,57,1,1,0.6931472,0.9162907,0.9162907,1.5,1.8,1,1.3,0.09,335,174,338,153,FALSE,NA,TRUE,NA,0.769629171271821,0.0764819712718211,0.0764819712718211,0.0764819712718211,0.00584949192962367,0.519696951872878,1.02465675585475,1,1.10248490380588,0.186194203805877,0.186194203805877,0.186194203805877,0.0346682815309046,0.870505601374158,1.33754678736136,1,0.970775979873346,0.0544852798733461,0.0544852798733461,0.0544852798733461,0.00296864572287685,0.662148922609697,1.27646040241195,1,1.50264942314934,0.00264942314933792,0.00264942314933792,0.00264942314933792,7.01944302424764e-06,1.48558146036454,1.52937267676141,1,1.82783746617157,0.0278374661715701,0.0278374661715701,0.0278374661715701,0.000774924522853311,1.7943646741573,1.86380050915636,1
6,"n1000-b1_2-b2_2p5-b3_2p5",1000,8,58,1,1,0.6931472,0.9162907,0.9162907,1.5,1.8,1,1.3,0.082,336,161,334,169,FALSE,NA,TRUE,NA,0.63675475793231,-0.0563924420676896,0.0563924420676896,0.0563924420676896,0.00318010752235772,0.391914474274033,0.881162562527424,1,0.815835024191211,-0.100455675808789,0.100455675808789,0.100455675808789,0.0100913428022005,0.605678115140853,1.03407434900003,1,1.05111519383131,0.134824493831307,0.134824493831307,0.134824493831307,0.0181776441368682,0.755007321044972,1.34647425515692,1,1.52012387789688,0.0201238778968824,0.0201238778968824,0.0201238778968824,0.000404970461608633,1.46792479911312,1.591309428409,1,1.77204935591067,-0.0279506440893289,0.0279506440893289,0.0279506440893289,0.000781238505008337,1.6533990955607,1.92345746368828,1
6,"n1000-b1_2-b2_2p5-b3_2p5",1000,9,59,1,1,0.6931472,0.9162907,0.9162907,1.5,1.8,1,1.3,0.082,316,161,350,173,FALSE,NA,TRUE,NA,0.865980021121471,0.172832821121471,0.172832821121471,0.172832821121471,0.0298711840568065,0.625152351743546,1.10735892282466,1,0.951163238746804,0.034872538746804,0.034872538746804,0.034872538746804,0.00121609395864734,0.737051623359047,1.1660687435459,1,0.835973439600907,-0.0803172603990935,0.0803172603990935,0.0803172603990935,0.00645086231801579,0.540965115775014,1.13685079718634,1,1.51394699442141,0.0139469944214143,0.0139469944214143,0.0139469944214143,0.000194518653390963,1.45823277519232,1.56936121987817,1,1.80810534127932,0.00810534127932305,0.00810534127932305,0.00810534127932305,6.56965572542983e-05,1.68664943493653,1.86925789846532,1
6,"n1000-b1_2-b2_2p5-b3_2p5",1000,10,60,1,1,0.6931472,0.9162907,0.9162907,1.5,1.8,1,1.3,0.079,324,176,335,165,FALSE,NA,TRUE,NA,0.901264843654973,0.208117643654973,0.208117643654973,0.208117643654973,0.0433129536004982,0.654532905210651,1.14637037787927,1,1.02845499338121,0.112164293381207,0.112164293381207,0.112164293381207,0.0125808287097055,0.804178621457699,1.25514678909004,1,0.713859694519569,-0.202431005480431,0.202431005480431,0.202431005480431,0.0409783119798184,0.415403536531938,1.0098157817977,1,1.51830671710777,0.0183067171077695,0.0183067171077695,0.0183067171077695,0.000335135891263902,1.49974478907678,1.56108963882255,1,1.82275759398188,0.0227575939818774,0.0227575939818774,0.0227575939818774,0.000517908083843981,1.79449653718181,1.87735153197036,1
7,"n1000-b1_2-b2_2p5-b3_2p5",1000,1,61,1,1,0.6931472,0.9162907,0.9162907,1.5,1.8,1,1.3,0.081,330,152,341,177,FALSE,NA,TRUE,NA,0.574949126906132,-0.118198073093868,0.118198073093868,0.118198073093868,0.0139707844831033,0.336891796551502,0.817112930432773,1,0.781618490090187,-0.134672209909813,0.134672209909813,0.134672209909813,0.0181366041219926,0.575834220886121,0.995602725090541,1,1.04480192608916,0.128511226089164,0.128511226089164,0.128511226089164,0.0165151352309403,0.75163020367416,1.33869756288522,1,1.48569760242083,-0.0143023975791741,0.0143023975791741,0.0143023975791741,0.000204558576512764,1.40423608145643,1.57030338670341,1,1.81377491686799,0.0137749168679939,0.0137749168679939,0.0137749168679939,0.000189748334720144,1.70562257029975,2.025016195729,1
7,"n1000-b1_2-b2_2p5-b3_2p5",1000,2,62,1,1,0.6931472,0.9162907,0.9162907,1.5,1.8,1,1.3,0.0679999999999999,324,186,337,153,FALSE,NA,TRUE,NA,0.866853383482269,0.173706183482269,0.173706183482269,0.173706183482269,0.0301738381799757,0.623772378749909,1.11052548454505,1,1.02918924500896,0.112898545008963,0.112898545008963,0.112898545008963,0.0127460814651409,0.804246944172542,1.25930891238839,1,0.799109236804955,-0.117181463195045,0.117181463195045,0.117181463195045,0.0137314953165317,0.501832486564528,1.09527621050507,1,1.49644607481049,-0.00355392518951225,0.00355392518951225,0.00355392518951225,1.26303842526497e-05,1.43599914029583,1.56297158591991,1,1.80803329769725,0.00803329769725369,0.00803329769725369,0.00803329769725369,6.45338718927015e-05,1.75775654963837,1.86698131921613,1
7,"n1000-b1_2-b2_2p5-b3_2p5",1000,3,63,1,1,0.6931472,0.9162907,0.9162907,1.5,1.8,1,1.3,0.0659999999999999,337,173,324,166,FALSE,NA,TRUE,NA,0.611125241402902,-0.0820219585970983,0.0820219585970983,0.0820219585970983,0.0067276016921041,0.375393700957881,0.846866103597837,1,0.858819543453857,-0.057471156546143,0.057471156546143,0.057471156546143,0.00330293383475127,0.643394650242085,1.07633553841388,1,1.08567444023045,0.169383740230454,0.169383740230454,0.169383740230454,0.028690851454458,0.791744966037421,1.37564593321962,1,1.51216057824275,0.0121605782427501,0.0121605782427501,0.0121605782427501,0.000147879663198047,1.46587716448478,1.56039131804863,1,1.79192540527939,-0.00807459472060934,0.00807459472060934,0.00807459472060934,6.51990799020922e-05,1.74132663241874,1.89000543096093,1
7,"n1000-b1_2-b2_2p5-b3_2p5",1000,4,64,1,1,0.6931472,0.9162907,0.9162907,1.5,1.8,1,1.3,0.0600000000000001,377,160,309,154,FALSE,NA,TRUE,NA,0.94813232960104,0.25498512960104,0.25498512960104,0.25498512960104,0.0650174163176589,0.695252828075757,1.202946896371,0,0.961130885002799,0.0448401850027991,0.0448401850027991,0.0448401850027991,0.00201064219108525,0.732288680203081,1.19173434323835,1,0.908776866420359,-0.00751383357964108,0.00751383357964108,0.00751383357964108,5.64576950625419e-05,0.602669287603917,1.21483902054068,1,1.44552994976086,-0.0544700502391369,0.0544700502391369,0.0544700502391369,0.00296698637305409,1.35404270930613,1.58710326904296,1,1.7931096163744,-0.00689038362559757,0.00689038362559757,0.00689038362559757,4.74773865079032e-05,1.69323423733029,1.92841653382726,1
7,"n1000-b1_2-b2_2p5-b3_2p5",1000,5,65,1,1,0.6931472,0.9162907,0.9162907,1.5,1.8,1,1.3,0.0570000000000001,334,166,333,167,FALSE,NA,TRUE,NA,0.615814874657926,-0.0773323253420737,0.0773323253420737,0.0773323253420737,0.00598028854281233,0.382574091372984,0.849551717568459,1,0.751380906491147,-0.164909793508853,0.164909793508853,0.164909793508853,0.0271952399951326,0.546595835324795,0.95738502068672,1,1.05420747221732,0.13791677221732,0.13791677221732,0.13791677221732,0.0190210360588443,0.767895200271997,1.34442684225111,1,1.52929239820735,0.0292923982073454,0.0292923982073454,0.0292923982073454,0.000858044592737693,1.48757081590432,1.65016363637153,1,1.86093410412316,0.0609341041231617,0.0609341041231617,0.0609341041231617,0.00371296504529231,1.78441032767169,1.98358068211908,1
7,"n1000-b1_2-b2_2p5-b3_2p5",1000,6,66,1,1,0.6931472,0.9162907,0.9162907,1.5,1.8,1,1.3,0.0590000000000001,347,140,352,161,FALSE,NA,TRUE,NA,0.606341126635215,-0.0868060733647852,0.0868060733647852,0.0868060733647852,0.00753529437301247,0.354503972648227,0.858278889801585,1,0.94271607775108,0.0264253777510799,0.0264253777510799,0.0264253777510799,0.000698300589287268,0.727082700878814,1.16119420619124,1,0.974684508643679,0.0583938086436787,0.0583938086436787,0.0583938086436787,0.00340983688791457,0.670414809562765,1.27362591596031,1,1.49203424057983,-0.00796575942017275,0.00796575942017275,0.00796575942017275,6.34533231400709e-05,1.43049147950703,1.5748659735636,1,1.80360952119668,0.00360952119668223,0.00360952119668223,0.00360952119668223,1.30286432692983e-05,1.72083383539042,1.91463757535681,1
7,"n1000-b1_2-b2_2p5-b3_2p5",1000,7,67,1,1,0.6931472,0.9162907,0.9162907,1.5,1.8,1,1.3,0.069,336,193,315,156,FALSE,NA,TRUE,NA,0.663008697897954,-0.030138502102046,0.030138502102046,0.030138502102046,0.000908329308955034,0.428450331188086,0.902307759914168,1,0.882755479359917,-0.0335352206400834,0.0335352206400834,0.0335352206400834,0.00112461102337908,0.668892602436952,1.1077132254856,1,0.958912100516577,0.0426214005165769,0.0426214005165769,0.0426214005165769,0.00181658378199446,0.659082695120832,1.24821987012059,1,1.52555678096061,0.025556780960607,0.025556780960607,0.025556780960607,0.000653149053068444,1.43782027201106,1.63837697189716,1,1.83393778764645,0.0339377876464457,0.0339377876464457,0.0339377876464457,0.00115177343033524,1.7598114967966,1.97265522156483,1
7,"n1000-b1_2-b2_2p5-b3_2p5",1000,8,68,1,1,0.6931472,0.9162907,0.9162907,1.5,1.8,1,1.3,0.08,345,149,357,149,FALSE,NA,TRUE,NA,0.788514150178951,0.0953669501789508,0.0953669501789508,0.0953669501789508,0.00909485518643448,0.526691824111211,1.05501410892235,1,0.990498257800175,0.074207557800175,0.074207557800175,0.074207557800175,0.00550676163466631,0.761169250002997,1.22697596543925,1,0.964287119390857,0.0479964193908565,0.0479964193908565,0.0479964193908565,0.00230365627434299,0.65065763653801,1.2805230808711,1,1.43442046805869,-0.0655795319413115,0.0655795319413115,0.0655795319413115,0.00430067500964149,1.36889332945108,1.49992651071591,0,1.72299869122363,-0.0770013087763677,0.0770013087763677,0.0770013087763677,0.00592920155327352,1.64182246209934,1.81299949439982,1
7,"n1000-b1_2-b2_2p5-b3_2p5",1000,9,69,1,1,0.6931472,0.9162907,0.9162907,1.5,1.8,1,1.3,0.079,360,162,304,174,FALSE,NA,TRUE,NA,0.771002478144059,0.0778552781440592,0.0778552781440592,0.0778552781440592,0.00606144433488883,0.52625829938509,1.01699792409586,1,1.19282978755015,0.276539087550146,0.276539087550146,0.276539087550146,0.0764738669430674,0.972402450405649,1.41545582488619,0,0.623366978832726,-0.292923721167274,0.292923721167274,0.292923721167274,0.0858043064224827,0.330992042587025,0.919028504574982,1,1.50842229124683,0.00842229124683236,0.00842229124683236,0.00842229124683236,7.0934989846469e-05,1.4941249170333,1.55616774203707,1,1.80317789146976,0.00317789146975533,0.00317789146975533,0.00317789146975533,1.00989941935437e-05,1.77931495261114,1.84691387351086,1
7,"n1000-b1_2-b2_2p5-b3_2p5",1000,10,70,1,1,0.6931472,0.9162907,0.9162907,1.5,1.8,1,1.3,0.073,322,179,329,170,FALSE,NA,TRUE,NA,0.693814015898425,0.000666815898424988,0.000666815898424988,0.000666815898424988,4.44643442392324e-07,0.461868378678332,0.930863625817205,1,0.945460858802807,0.0291701588028072,0.0291701588028072,0.0291701588028072,0.000850898164580988,0.733914117119193,1.16131144037968,1,1.01842473821205,0.102134038212054,0.102134038212054,0.102134038212054,0.0104313617615013,0.72595936034024,1.31297829544908,1,1.53584857026813,0.0358485702681288,0.0358485702681288,0.0358485702681288,0.00128511999026897,1.47220083240889,1.6523210686443,1,1.83794513990298,0.0379451399029753,0.0379451399029753,0.0379451399029753,0.00143983364225637,1.79502309681004,1.91705307465161,1
8,"n1000-b1_2-b2_2p5-b3_2p5",1000,1,71,1,1,0.6931472,0.9162907,0.9162907,1.5,1.8,1,1.3,0.0669999999999999,367,156,327,150,FALSE,NA,TRUE,NA,0.542156092583152,-0.150991107416848,0.150991107416848,0.150991107416848,0.0227983145189661,0.298494382028088,0.788285574057283,1,0.790989255721733,-0.125301444278267,0.125301444278267,0.125301444278267,0.0157004519382197,0.576045560942864,1.00843411996108,1,1.19880212955646,0.282511429556458,0.282511429556458,0.282511429556458,0.0798127078300336,0.895918244741544,1.4971346714099,1,1.53120361113367,0.03120361113367,0.03120361113367,0.03120361113367,0.000973665347781293,1.44699849103359,1.62265858947517,1,1.80639450208198,0.00639450208197978,0.00639450208197978,0.00639450208197978,4.08896568764437e-05,1.7327921992062,1.87498989660273,1
8,"n1000-b1_2-b2_2p5-b3_2p5",1000,2,72,1,1,0.6931472,0.9162907,0.9162907,1.5,1.8,1,1.3,0.0590000000000001,361,174,320,145,FALSE,NA,TRUE,NA,0.798153355088238,0.105006155088238,0.105006155088238,0.105006155088238,0.0110262926064151,0.557501988969462,1.04738024556778,1,1.01207029416496,0.0957795941649566,0.0957795941649566,0.0957795941649566,0.00917373065840379,0.788000012336878,1.23941236924623,1,0.837274951329788,-0.0790157486702122,0.0790157486702122,0.0790157486702122,0.00624348853791414,0.544807113318145,1.13045430525075,1,1.52652894193942,0.0265289419394228,0.0265289419394228,0.0265289419394228,0.000703784760425265,1.48665089554093,1.6683374570553,1,1.82334412762292,0.0233441276229158,0.0233441276229158,0.0233441276229158,0.000544948294474981,1.7477100950945,1.91192108835441,1
8,"n1000-b1_2-b2_2p5-b3_2p5",1000,3,73,1,1,0.6931472,0.9162907,0.9162907,1.5,1.8,1,1.3,0.0620000000000001,339,161,319,181,FALSE,NA,TRUE,NA,0.820609376981643,0.127462176981644,0.127462176981644,0.127462176981644,0.0162466065608998,0.588674161864007,1.05997261626213,1,0.87224085384986,-0.0440498461501398,0.0440498461501398,0.0440498461501398,0.00194038894585099,0.668286731281141,1.0828637175661,1,0.782272014278795,-0.134018685721205,0.134018685721205,0.134018685721205,0.0179610081224392,0.496166537871105,1.07055547252306,1,1.5023482154812,0.00234821548119735,0.00234821548119735,0.00234821548119735,5.51411594613489e-06,1.44367770707412,1.57027655986,1,1.72300116408213,-0.0769988359178693,0.0769988359178693,0.0769988359178693,0.00592882073270695,1.63760801436295,1.79943754076251,0
8,"n1000-b1_2-b2_2p5-b3_2p5",1000,4,74,1,1,0.6931472,0.9162907,0.9162907,1.5,1.8,1,1.3,0.083,369,162,314,155,FALSE,NA,TRUE,NA,0.837659319093506,0.144512119093506,0.144512119093506,0.144512119093506,0.0208837525648957,0.591090854506809,1.09374819838039,1,1.00462880886513,0.0883381088651254,0.0883381088651254,0.0883381088651254,0.00780362147786674,0.776932191403755,1.23655800799398,1,0.858555701869938,-0.0577349981300624,0.0577349981300624,0.0577349981300624,0.00333333000907831,0.554657616602619,1.16141081547134,1,1.50218590186688,0.00218590186687884,0.00218590186687884,0.00218590186687884,4.77816697162438e-06,1.47436550448651,1.54272560884403,1,1.8052203016428,0.00522030164280407,0.00522030164280407,0.00522030164280407,2.72515492418629e-05,1.75953461945171,1.85817298560612,1
8,"n1000-b1_2-b2_2p5-b3_2p5",1000,5,75,1,1,0.6931472,0.9162907,0.9162907,1.5,1.8,1,1.3,0.07,330,169,344,157,FALSE,NA,TRUE,NA,0.432075676027164,-0.261071523972836,0.261071523972836,0.261071523972836,0.0681583406294992,0.188865201299956,0.674734307554087,0,0.831775770264913,-0.0845149297350871,0.0845149297350871,0.0845149297350871,0.00714277334812671,0.621496515856219,1.04819647411043,1,1.00336030760928,0.0870696076092794,0.0870696076092794,0.0870696076092794,0.00758111656923388,0.71037887863603,1.29674069179745,1,1.50355174847419,0.00355174847418982,0.00355174847418982,0.00355174847418982,1.26149172239097e-05,1.41752082705504,1.58228366714116,1,1.74728097375459,-0.0527190262454087,0.0527190262454087,0.0527190262454087,0.00277929572826409,1.50278872050155,1.87545001893089,1
8,"n1000-b1_2-b2_2p5-b3_2p5",1000,6,76,1,1,0.6931472,0.9162907,0.9162907,1.5,1.8,1,1.3,0.085,332,163,325,180,FALSE,NA,TRUE,NA,1.00869750319664,0.31555030319664,0.31555030319664,0.31555030319664,0.0995719938474912,0.764697090481625,1.25226345557913,0,1.04255558671071,0.126264886710713,0.126264886710713,0.126264886710713,0.0159428216160693,0.825635213411826,1.26286956212938,1,0.540321183961012,-0.375969516038988,0.375969516038988,0.375969516038988,0.141353076990591,0.24578218206889,0.833236740659552,0,1.51346210556033,0.0134621055603297,0.0134621055603297,0.0134621055603297,0.000181228286117459,1.46262426216824,1.55190609331715,1,1.80703408481311,0.00703408481310541,0.00703408481310541,0.00703408481310541,4.94783491579602e-05,1.78308740222749,1.88480583633253,1
8,"n1000-b1_2-b2_2p5-b3_2p5",1000,7,77,1,1,0.6931472,0.9162907,0.9162907,1.5,1.8,1,1.3,0.0610000000000001,336,157,334,173,FALSE,NA,TRUE,NA,0.447422750409816,-0.245724449590184,0.245724449590184,0.245724449590184,0.060380505126399,0.207728446467051,0.681647345861726,0,0.782970549590776,-0.133320150409224,0.133320150409224,0.133320150409224,0.017774262505138,0.579321548199531,0.990583608124538,1,1.02127924346314,0.104988543463143,0.104988543463143,0.104988543463143,0.0110225942585123,0.731361351078171,1.31298506064944,1,1.46595376471328,-0.0340462352867192,0.0340462352867192,0.0340462352867192,0.00115914613719865,1.44448790380007,1.49807871844558,0,1.79061977348991,-0.0093802265100924,0.0093802265100924,0.0093802265100924,8.79886493806403e-05,1.73478212943421,1.86626028267165,1
8,"n1000-b1_2-b2_2p5-b3_2p5",1000,8,78,1,1,0.6931472,0.9162907,0.9162907,1.5,1.8,1,1.3,0.072,334,166,309,191,FALSE,NA,TRUE,NA,0.665342970959598,-0.0278042290404019,0.0278042290404019,0.0278042290404019,0.000773075152531129,0.438596632265673,0.890193746638919,1,1.05012861502961,0.133837915029612,0.133837915029612,0.133837915029612,0.0179125874994737,0.839697079982509,1.26049800044526,1,0.93544274239423,0.0191520423942296,0.0191520423942296,0.0191520423942296,0.000366800727870369,0.64866426738788,1.22380662485207,1,1.50068113159902,0.00068113159902361,0.00068113159902361,0.00068113159902361,4.6394025518846e-07,1.4778404265853,1.57002434490695,1,1.82338035725083,0.0233803572508267,0.0233803572508267,0.0233803572508267,0.000546641105176283,1.7742816840741,1.93561234011173,1
8,"n1000-b1_2-b2_2p5-b3_2p5",1000,9,79,1,1,0.6931472,0.9162907,0.9162907,1.5,1.8,1,1.3,0.087,338,148,325,189,FALSE,NA,TRUE,NA,0.629562134248928,-0.0635850657510724,0.0635850657510724,0.0635850657510724,0.0040430605865682,0.391954206709086,0.864188624594897,1,0.73197909491152,-0.18431160508848,0.18431160508848,0.18431160508848,0.0339707677702918,0.527507344073118,0.936313401417881,1,1.16294372795499,0.246653027954993,0.246653027954993,0.246653027954993,0.0608377161993668,0.866690085283828,1.46105783431184,1,1.50442473236266,0.00442473236265584,0.00442473236265584,0.00442473236265584,1.95782564811339e-05,1.47566891932613,1.59733048786818,1,1.80080178433546,0.00080178433545508,0.00080178433545508,0.00080178433545508,6.42858120581145e-07,1.7816425930905,1.85337876242744,1
8,"n1000-b1_2-b2_2p5-b3_2p5",1000,10,80,1,1,0.6931472,0.9162907,0.9162907,1.5,1.8,1,1.3,0.0600000000000001,332,165,344,159,FALSE,NA,TRUE,NA,0.597063690062147,-0.0960835099378525,0.0960835099378525,0.0960835099378525,0.00923204088197741,0.360824737436863,0.836249326681109,1,0.869472257467476,-0.0468184425325241,0.0468184425325241,0.0468184425325241,0.00219196656117126,0.661588899502644,1.08380927536142,1,0.944032533250205,0.0277418332502051,0.0277418332502051,0.0277418332502051,0.000769609312082184,0.655488176979977,1.23891144655538,1,1.48549186706645,-0.0145081329335472,0.0145081329335472,0.0145081329335472,0.000210485921217478,1.40738172674572,1.5934727447904,1,1.78836340457067,-0.0116365954293309,0.0116365954293309,0.0116365954293309,0.000135410353185926,1.69238002913992,1.90392558564083,1
9,"n1000-b1_2-b2_2p5-b3_2p5",1000,1,81,1,1,0.6931472,0.9162907,0.9162907,1.5,1.8,1,1.3,0.072,344,151,339,166,FALSE,NA,TRUE,NA,0.508991215938898,-0.184155984061102,0.184155984061102,0.184155984061102,0.0339134264655129,0.260817251191614,0.757054336067611,1,0.943932131424225,0.0276414314242246,0.0276414314242246,0.0276414314242246,0.000764048731180111,0.729140135450012,1.16339496695799,1,0.979883755020034,0.0635930550200335,0.0635930550200335,0.0635930550200335,0.00404407664678101,0.683328596937093,1.2744153722784,1,1.52931855817547,0.0293185581754665,0.0293185581754665,0.0293185581754665,0.000859577853488212,1.42730223107964,1.59548619893178,1,1.79966358957257,-0.000336410427429046,0.000336410427429046,0.000336410427429046,1.13171975682993e-07,1.69314229934111,1.85580224137301,1
9,"n1000-b1_2-b2_2p5-b3_2p5",1000,2,82,1,1,0.6931472,0.9162907,0.9162907,1.5,1.8,1,1.3,0.08,350,151,337,162,FALSE,NA,TRUE,NA,0.730939100794629,0.0377919007946288,0.0377919007946288,0.0377919007946288,0.00142822776567106,0.483421772759102,0.978760275446384,1,0.946887147654823,0.0305964476548228,0.0305964476548228,0.0305964476548228,0.000936142609094314,0.728282766824997,1.16239264694354,1,0.847503729009732,-0.0687869709902682,0.0687869709902682,0.0687869709902682,0.004731647378016,0.554279543328732,1.15021518653562,1,1.53206966696727,0.0320696669672718,0.0320696669672718,0.0320696669672718,0.00102846353939172,1.48413745536891,1.61660093614117,1,1.85047324611879,0.0504732461187907,0.0504732461187907,0.0504732461187907,0.00254754857376802,1.7792634524936,1.98740154762938,1
9,"n1000-b1_2-b2_2p5-b3_2p5",1000,3,83,1,1,0.6931472,0.9162907,0.9162907,1.5,1.8,1,1.3,0.077,365,168,304,163,FALSE,NA,TRUE,NA,0.856156132609909,0.163008932609909,0.163008932609909,0.163008932609909,0.0265719121106219,0.606476732417594,1.10603655445223,1,0.986207469258584,0.0699167692585845,0.0699167692585845,0.0699167692585845,0.00488835462355814,0.766961044618582,1.2120327771256,1,0.619095705974499,-0.297194994025501,0.297194994025501,0.297194994025501,0.0883248644738176,0.324234266645838,0.919751932321351,1,1.54971014350626,0.0497101435062621,0.0497101435062621,0.0497101435062621,0.00247109836741317,1.40533677684059,1.62724857576769,1,1.80385940135798,0.00385940135797647,0.00385940135797647,0.00385940135797647,1.48949788419506e-05,1.76907472711677,1.87712166338229,1
9,"n1000-b1_2-b2_2p5-b3_2p5",1000,4,84,1,1,0.6931472,0.9162907,0.9162907,1.5,1.8,1,1.3,0.069,339,164,329,168,FALSE,NA,TRUE,NA,0.639008013699111,-0.0541391863008892,0.0541391863008892,0.0541391863008892,0.00293105149332239,0.397525794354087,0.884845706504954,1,0.861285682499687,-0.0550050175003126,0.0550050175003126,0.0550050175003126,0.0030255519502097,0.650763270392372,1.07853086019976,1,1.03364894484217,0.117358244842171,0.117358244842171,0.117358244842171,0.013772957632435,0.735178050488228,1.33133992107042,1,1.474911218435,-0.0250887815649981,0.0250887815649981,0.0250887815649981,0.000629446960416186,1.43075338445985,1.54162182995775,1,1.74095847023746,-0.0590415297625446,0.0590415297625446,0.0590415297625446,0.00348590223670144,1.65030375677803,1.8346005471156,1
9,"n1000-b1_2-b2_2p5-b3_2p5",1000,5,85,1,1,0.6931472,0.9162907,0.9162907,1.5,1.8,1,1.3,0.07,304,174,364,158,FALSE,NA,TRUE,NA,0.948644941355139,0.255497741355139,0.255497741355139,0.255497741355139,0.0652790958375775,0.703100466893395,1.20129441165373,0,1.08455613000553,0.168265430005535,0.168265430005535,0.168265430005535,0.0283132549349475,0.861049147536682,1.31708129427458,1,0.681638292275836,-0.234652407724164,0.234652407724164,0.234652407724164,0.0550617524507474,0.377145070607684,0.980868706697322,1,1.53734444883705,0.0373444488370511,0.0373444488370511,0.0373444488370511,0.00139460785894313,1.47210615296618,1.59896537033445,1,1.88321122818379,0.0832112281837913,0.0832112281837913,0.0832112281837913,0.00692410849585499,1.81216930925036,1.99116886543397,0
9,"n1000-b1_2-b2_2p5-b3_2p5",1000,6,86,1,1,0.6931472,0.9162907,0.9162907,1.5,1.8,1,1.3,0.072,337,166,333,164,FALSE,NA,TRUE,NA,0.616885008264934,-0.0762621917350661,0.0762621917350661,0.0762621917350661,0.00581592188823598,0.375041398289551,0.858910789321964,1,1.0393124778986,0.123021777898596,0.123021777898596,0.123021777898596,0.0151343578373315,0.821731220158013,1.25670514669112,1,0.829499999271465,-0.0867907007285351,0.0867907007285351,0.0867907007285351,0.00753262573295015,0.537995556793683,1.12548863391042,1,1.54346338516845,0.0434633851684485,0.0434633851684485,0.0434633851684485,0.00188906585030091,1.48761079843787,1.5955371766015,1,1.81738028125677,0.0173802812567692,0.0173802812567692,0.0173802812567692,0.000302074176564401,1.77585278405919,1.9240081311995,1
9,"n1000-b1_2-b2_2p5-b3_2p5",1000,7,87,1,1,0.6931472,0.9162907,0.9162907,1.5,1.8,1,1.3,0.071,322,155,345,178,FALSE,NA,TRUE,NA,0.664916552165925,-0.0282306478340749,0.0282306478340749,0.0282306478340749,0.000796969477131559,0.425407395377255,0.902169399579475,1,0.895032784111077,-0.0212579158889229,0.0212579158889229,0.0212579158889229,0.000451898987940521,0.692764930764983,1.10199884179382,1,0.794954283114691,-0.121336416885309,0.121336416885309,0.121336416885309,0.0147225260625656,0.502237585056952,1.08540197880144,1,1.51246151269273,0.0124615126927257,0.0124615126927257,0.0124615126927257,0.000155289298590963,1.45452543823149,1.62380610255632,1,1.80849431103658,0.00849431103657938,0.00849431103657938,0.00849431103657938,7.21533199861543e-05,1.74586899643191,1.87378499328658,1
9,"n1000-b1_2-b2_2p5-b3_2p5",1000,8,88,1,1,0.6931472,0.9162907,0.9162907,1.5,1.8,1,1.3,0.074,320,173,341,166,FALSE,NA,TRUE,NA,0.461098563234352,-0.232048636765647,0.232048636765647,0.232048636765647,0.0538465698247954,0.223800080540388,0.702392666375671,1,0.807562659131372,-0.108728040868628,0.108728040868628,0.108728040868628,0.01182178687113,0.596036004627971,1.02204823711527,1,1.02999030580894,0.113699605808939,0.113699605808939,0.113699605808939,0.012927600361108,0.742720158561692,1.31804280011319,1,1.55463092711218,0.0546309271121783,0.0546309271121783,0.0546309271121783,0.00298453819713614,1.45128717454999,1.77819193455828,1,1.79984820500562,-0.00015179499437723,0.00015179499437723,0.00015179499437723,2.30417203179833e-08,1.57763373606915,1.97194488137924,1
9,"n1000-b1_2-b2_2p5-b3_2p5",1000,9,89,1,1,0.6931472,0.9162907,0.9162907,1.5,1.8,1,1.3,0.07,298,178,346,178,FALSE,NA,TRUE,NA,0.869841060528093,0.176693860528093,0.176693860528093,0.176693860528093,0.0312207203483211,0.636939676547553,1.10501691309039,1,0.927718197093768,0.0114274970937677,0.0114274970937677,0.0114274970937677,0.000130587689828069,0.720216039537752,1.14024227650901,1,0.704892043465463,-0.211398656534537,0.211398656534537,0.211398656534537,0.0446893919846072,0.417850331089354,0.99322081163921,1,1.52011429317134,0.0201142931713407,0.0201142931713407,0.0201142931713407,0.000404584789782644,1.46867656894602,1.66092718654058,1,1.8090687941764,0.00906879417639805,0.00906879417639805,0.00906879417639805,8.22430278138713e-05,1.76638546617458,1.86594726495636,1
9,"n1000-b1_2-b2_2p5-b3_2p5",1000,10,90,1,1,0.6931472,0.9162907,0.9162907,1.5,1.8,1,1.3,0.07,366,171,308,155,FALSE,NA,TRUE,NA,0.686016594117143,-0.00713060588285719,0.00713060588285719,0.00713060588285719,5.08455402566375e-05,0.441812543688654,0.934426900480068,1,0.993994561992314,0.0777038619923138,0.0777038619923138,0.0777038619923138,0.00603789016852055,0.771165325181564,1.2206170160555,1,0.906569448420198,-0.00972125157980219,0.00972125157980219,0.00972125157980219,9.45027322778066e-05,0.607478482621498,1.20040556198283,1,1.50096184886499,0.000961848864991621,0.000961848864991621,0.000961848864991621,9.2515323908567e-07,1.48171451646758,1.54459356536329,1,1.81574562717405,0.0157456271740513,0.0157456271740513,0.0157456271740513,0.000247924775104221,1.78991750715348,1.8955210452153,1
10,"n1000-b1_2-b2_2p5-b3_2p5",1000,1,91,1,1,0.6931472,0.9162907,0.9162907,1.5,1.8,1,1.3,0.078,368,183,283,166,FALSE,NA,TRUE,NA,0.627995684361304,-0.0651515156386956,0.0651515156386956,0.0651515156386956,0.0042447199900192,0.389664562264132,0.867809854932561,1,1.06544209284481,0.149151392844814,0.149151392844814,0.149151392844814,0.0222461379875481,0.842587923057881,1.29017458022042,1,0.93680907590303,0.0205183759030297,0.0205183759030297,0.0205183759030297,0.000421003749698031,0.63992997562017,1.2331402765659,1,1.48149985788174,-0.0185001421182622,0.0185001421182622,0.0185001421182622,0.0003422552583959,1.42680169138397,1.56267137954865,1,1.85070027835657,0.0507002783565724,0.0507002783565724,0.0507002783565724,0.00257051822543393,1.77263251165185,2.02485477863329,1
10,"n1000-b1_2-b2_2p5-b3_2p5",1000,2,92,1,1,0.6931472,0.9162907,0.9162907,1.5,1.8,1,1.3,0.0600000000000001,320,168,327,185,FALSE,NA,TRUE,NA,0.718244292227827,0.0250970922278272,0.0250970922278272,0.0250970922278272,0.000629864038292064,0.488876987061952,0.943659802576721,1,0.925264081593804,0.00897338159380423,0.00897338159380423,0.00897338159380423,8.05215772280246e-05,0.724506524174021,1.13050567468356,1,0.933187263842023,0.0168965638420233,0.0168965638420233,0.0168965638420233,0.00028549386966757,0.649409063221571,1.21780882829337,1,1.58571494668758,0.0857149466875808,0.0857149466875808,0.0857149466875808,0.00734705208565483,1.50764526232336,1.74386085412175,0,1.87210287437455,0.0721028743745451,0.0721028743745451,0.0721028743745451,0.00519882449307143,1.80427074012479,2.01560308070023,0
10,"n1000-b1_2-b2_2p5-b3_2p5",1000,3,93,1,1,0.6931472,0.9162907,0.9162907,1.5,1.8,1,1.3,0.077,319,157,339,185,FALSE,NA,TRUE,NA,0.683975737375259,-0.00917146262474133,0.00917146262474133,0.00917146262474133,8.41157266770272e-05,0.447498016270011,0.92057951612144,1,0.974685026317504,0.0583943263175037,0.0583943263175037,0.0583943263175037,0.00340989734607511,0.767925522440312,1.18382494377612,1,0.771309024169763,-0.144981675830237,0.144981675830237,0.144981675830237,0.021019686326544,0.481335173802392,1.05980518907511,1,1.47900460789332,-0.020995392106675,0.020995392106675,0.020995392106675,0.000440806489713031,1.45660772853499,1.50829658117718,1,1.77054918699577,-0.0294508130042339,0.0294508130042339,0.0294508130042339,0.000867350386610353,1.74159556821694,1.80685974653849,1
10,"n1000-b1_2-b2_2p5-b3_2p5",1000,4,94,1,1,0.6931472,0.9162907,0.9162907,1.5,1.8,1,1.3,0.0659999999999999,345,183,334,138,FALSE,NA,TRUE,NA,0.794753366957365,0.101606166957365,0.101606166957365,0.101606166957365,0.0103238131637678,0.550767787103553,1.04525904550335,1,0.919144388062724,0.00285368806272424,0.00285368806272424,0.00285368806272424,8.1435355593348e-06,0.688331134345918,1.14964360265825,1,0.741793587371838,-0.174497112628162,0.174497112628162,0.174497112628162,0.0304492423155655,0.446352738351557,1.04318570847911,1,1.62134849766251,0.121348497662505,0.121348497662505,0.121348497662505,0.014725457884947,1.53264891301526,1.70633510709135,0,1.71566999132566,-0.0843300086743433,0.0843300086743433,0.0843300086743433,0.00711155036301481,1.65003556196093,1.80462685241583,1
10,"n1000-b1_2-b2_2p5-b3_2p5",1000,5,95,1,1,0.6931472,0.9162907,0.9162907,1.5,1.8,1,1.3,0.0600000000000001,324,172,317,187,FALSE,NA,TRUE,NA,0.691811846284856,-0.00133535371514359,0.00133535371514359,0.00133535371514359,1.7831695445478e-06,0.461431920886821,0.915466038912775,1,0.965556822650712,0.0492661226507118,0.0492661226507118,0.0492661226507118,0.00242715084103498,0.758231331525701,1.17302099261446,1,0.919536363202811,0.00324566320281094,0.00324566320281094,0.00324566320281094,1.0534329626081e-05,0.635499298942314,1.20210357081697,1,1.48542098575164,-0.0145790142483604,0.0145790142483604,0.0145790142483604,0.000212547656453895,1.43980092059544,1.67178278896784,1,1.78006566749955,-0.0199343325004517,0.0199343325004517,0.0199343325004517,0.000397377612238566,1.73536203481071,1.88361434472615,1
10,"n1000-b1_2-b2_2p5-b3_2p5",1000,6,96,1,1,0.6931472,0.9162907,0.9162907,1.5,1.8,1,1.3,0.079,326,172,343,159,FALSE,NA,TRUE,NA,0.954882433294368,0.261735233294368,0.261735233294368,0.261735233294368,0.0685053323476571,0.707096948623026,1.20861218854842,0,1.10237352942455,0.186082829424553,0.186082829424553,0.186082829424553,0.0346268194066472,0.87873221326683,1.33514996211783,1,0.746614366931614,-0.169676333068386,0.169676333068386,0.169676333068386,0.0287900580035339,0.439036463328581,1.04410284798479,1,1.45511912159177,-0.0448808784082293,0.0448808784082293,0.0448808784082293,0.00201429324669426,1.42176102856082,1.48339215729784,0,1.81289987467741,0.0128998746774116,0.0128998746774116,0.0128998746774116,0.000166406766692925,1.80035435580702,1.83946350294648,0
10,"n1000-b1_2-b2_2p5-b3_2p5",1000,7,97,1,1,0.6931472,0.9162907,0.9162907,1.5,1.8,1,1.3,0.082,342,163,312,183,FALSE,NA,TRUE,NA,0.640084682977915,-0.0530625170220848,0.0530625170220848,0.0530625170220848,0.00281563071271903,0.408035206214054,0.876918793810581,1,0.851756872411015,-0.0645338275889845,0.0645338275889845,0.0645338275889845,0.00416461490328478,0.64522214276971,1.06337946334793,1,1.1598873800393,0.243596680039301,0.243596680039301,0.243596680039301,0.0593393425261698,0.861044466054929,1.44988110698721,1,1.50496868287995,0.00496868287994978,0.00496868287994978,0.00496868287994978,2.46878095615061e-05,1.35752444953215,1.57611352828005,1,1.81794955404476,0.0179495540447627,0.0179495540447627,0.0179495540447627,0.000322186490405858,1.76414228287241,1.86478404676207,1
10,"n1000-b1_2-b2_2p5-b3_2p5",1000,8,98,1,1,0.6931472,0.9162907,0.9162907,1.5,1.8,1,1.3,0.086,314,166,336,184,FALSE,NA,TRUE,NA,0.653509167644481,-0.0396380323555185,0.0396380323555185,0.0396380323555185,0.00157117360901714,0.416432815078555,0.891016037667401,1,1.02854759275725,0.112256892757246,0.112256892757246,0.112256892757246,0.0126016099715118,0.817488531347659,1.2433862691389,1,1.12631027670914,0.210019576709137,0.210019576709137,0.210019576709137,0.0441082226010851,0.829395839641039,1.42271137272968,1,1.45146987351311,-0.0485301264868934,0.0485301264868934,0.0485301264868934,0.00235517317683387,1.35129226729813,1.56308683689646,1,1.71069525042506,-0.0893047495749379,0.0893047495749379,0.0893047495749379,0.00797533829664238,1.64906463501239,1.84613088202104,1
10,"n1000-b1_2-b2_2p5-b3_2p5",1000,9,99,1,1,0.6931472,0.9162907,0.9162907,1.5,1.8,1,1.3,0.07,316,153,350,181,FALSE,NA,TRUE,NA,0.622025747842953,-0.0711214521570466,0.0711214521570466,0.0711214521570466,0.00505826095692706,0.38659855241123,0.858078669884147,1,0.98142152397026,0.0651308239702599,0.0651308239702599,0.0651308239702599,0.00424202423104499,0.776646380307936,1.18866457628588,1,0.891049856568488,-0.0252408434315118,0.0252408434315118,0.0252408434315118,0.000637100177134092,0.598378098635934,1.18302113762238,1,1.55046468150416,0.0504646815041578,0.0504646815041578,0.0504646815041578,0.00254668407931609,1.48595408867881,1.60460301351812,1,1.90300513936468,0.103005139364681,0.103005139364681,0.103005139364681,0.0106100587355373,1.76240618797135,1.97441807418174,1
10,"n1000-b1_2-b2_2p5-b3_2p5",1000,10,100,1,1,0.6931472,0.9162907,0.9162907,1.5,1.8,1,1.3,0.08,329,160,339,172,FALSE,NA,TRUE,NA,0.685165056924093,-0.00798214307590706,0.00798214307590706,0.00798214307590706,6.3714608084251e-05,0.440242216501564,0.932857500850276,1,0.947309877969532,0.0310191779695324,0.0310191779695324,0.0310191779695324,0.000962189401905521,0.734512205100637,1.166514690639,1,0.788685032792919,-0.127605667207081,0.127605667207081,0.127605667207081,0.0162832063033642,0.484489710602428,1.08654830318706,1,1.47547238701554,-0.0245276129844598,0.0245276129844598,0.0245276129844598,0.000601603798715442,1.4112078242444,1.53708404723997,1,1.7905644805632,-0.0094355194368041,0.0094355194368041,0.0094355194368041,8.90290270423079e-05,1.7254052035329,1.86855965600494,1
11,"n1000-b1_2-b2_2p5-b3_2p5",1000,1,101,1,1,0.6931472,0.9162907,0.9162907,1.5,1.8,1,1.3,0.078,335,164,320,181,FALSE,NA,TRUE,NA,0.560703107427649,-0.132444092572351,0.132444092572351,0.132444092572351,0.0175414376573134,0.323368885978179,0.79990643088033,1,0.957044081421832,0.0407533814218319,0.0407533814218319,0.0407533814218319,0.00166083809731332,0.747656210318118,1.17046714418623,1,0.974419884983793,0.0581291849837927,0.0581291849837927,0.0581291849837927,0.00337900214687999,0.685650512801606,1.26427202724521,1,1.53000407651929,0.0300040765192888,0.0300040765192888,0.0300040765192888,0.000900244607775339,1.47580536328438,1.62409791433671,1,1.80381992887084,0.00381992887083515,0.00381992887083515,0.00381992887083515,1.45918565782399e-05,1.7188282754192,1.94628379419223,1
11,"n1000-b1_2-b2_2p5-b3_2p5",1000,2,102,1,1,0.6931472,0.9162907,0.9162907,1.5,1.8,1,1.3,0.076,344,176,313,167,FALSE,NA,TRUE,NA,0.894487788047023,0.201340588047023,0.201340588047023,0.201340588047023,0.0405380323951211,0.649400559657883,1.13851154977848,1,1.08550178099023,0.169211080990226,0.169211080990226,0.169211080990226,0.0286323899298807,0.863808551819953,1.31202037940774,1,0.751768424259535,-0.164522275740465,0.164522275740465,0.164522275740465,0.0270675792148217,0.45074712696044,1.05223521021029,1,1.51308834899649,0.013088348996493,0.013088348996493,0.013088348996493,0.000171304879454,1.46048628389571,1.6047917539104,1,1.76258699533106,-0.0374130046689425,0.0374130046689425,0.0374130046689425,0.00139973291835831,1.69617226574358,1.89483945094629,1
11,"n1000-b1_2-b2_2p5-b3_2p5",1000,3,103,1,1,0.6931472,0.9162907,0.9162907,1.5,1.8,1,1.3,0.073,326,178,328,168,FALSE,NA,TRUE,NA,0.767862886312454,0.0747156863124543,0.0747156863124543,0.0747156863124543,0.00558243378114107,0.533057433852905,1.00496397265961,1,0.969680865382344,0.053390165382344,0.053390165382344,0.053390165382344,0.00285050975955404,0.760114857042153,1.18850705991876,1,1.02807669067277,0.111785990672768,0.111785990672768,0.111785990672768,0.0124961077106921,0.733582166465795,1.32120179755663,1,1.47166857238531,-0.0283314276146924,0.0283314276146924,0.0283314276146924,0.000802669790686557,1.41527413505981,1.5335750365599,1,1.81517370885103,0.0151737088510282,0.0151737088510282,0.0151737088510282,0.000230241440295772,1.76148960560557,1.86626946266162,1
11,"n1000-b1_2-b2_2p5-b3_2p5",1000,4,104,1,1,0.6931472,0.9162907,0.9162907,1.5,1.8,1,1.3,0.0580000000000001,356,181,316,147,FALSE,NA,TRUE,NA,0.540085919520066,-0.153061280479934,0.153061280479934,0.153061280479934,0.023427755582157,0.302360875414093,0.781348735436503,1,0.802194761455085,-0.114095938544915,0.114095938544915,0.114095938544915,0.0130178831924451,0.586510093585691,1.02297489080484,1,1.16698371942866,0.250693019428659,0.250693019428659,0.250693019428659,0.0628469899902579,0.87213855049138,1.46158427239521,1,1.4782009647968,-0.0217990352031969,0.0217990352031969,0.0217990352031969,0.000475197935790219,1.31962573892143,1.55050850904891,1,1.79045840414105,-0.00954159585895176,0.00954159585895176,0.00954159585895176,9.10420515355653e-05,1.72284760028945,1.88848290959328,1
11,"n1000-b1_2-b2_2p5-b3_2p5",1000,5,105,1,1,0.6931472,0.9162907,0.9162907,1.5,1.8,1,1.3,0.078,304,171,349,176,FALSE,NA,TRUE,NA,0.66357489161714,-0.02957230838286,0.02957230838286,0.02957230838286,0.000874521423090969,0.42551789870781,0.901491240246148,1,0.957688098535639,0.0413973985356388,0.0413973985356388,0.0413973985356388,0.00171374460551851,0.746903283715021,1.16876509678347,1,1.00292059200432,0.086629892004322,0.086629892004322,0.086629892004322,0.0075047381886805,0.710245382333817,1.30103930727647,1,1.45732910384976,-0.0426708961502413,0.0426708961502413,0.0426708961502413,0.00182080537826468,1.38937164040945,1.52570189329758,1,1.78212811692721,-0.017871883072794,0.017871883072794,0.017871883072794,0.00031940420456762,1.72194969531002,1.85798587842541,1
11,"n1000-b1_2-b2_2p5-b3_2p5",1000,6,106,1,1,0.6931472,0.9162907,0.9162907,1.5,1.8,1,1.3,0.074,310,164,335,191,FALSE,NA,TRUE,NA,0.701185055072056,0.00803785507205612,0.00803785507205612,0.00803785507205612,6.46071141593783e-05,0.470520169553592,0.936044160743681,1,0.971500248898814,0.0552095488988142,0.0552095488988142,0.0552095488988142,0.00304809428961056,0.770094560351853,1.1807992617821,1,0.87945298870679,-0.0368377112932102,0.0368377112932102,0.0368377112932102,0.00135701697332191,0.587702326148985,1.1666753194884,1,1.44514384137476,-0.0548561586252365,0.0548561586252365,0.0548561586252365,0.00300919813911711,1.37807103404922,1.50194773833709,1,1.68047327869137,-0.119526721308628,0.119526721308628,0.119526721308628,0.0142866371067905,1.5844165739557,1.84456556665331,1
11,"n1000-b1_2-b2_2p5-b3_2p5",1000,7,107,1,1,0.6931472,0.9162907,0.9162907,1.5,1.8,1,1.3,0.076,354,165,336,145,FALSE,NA,TRUE,NA,0.666005364049374,-0.0271418359506261,0.0271418359506261,0.0271418359506261,0.000736679258770701,0.415991081727656,0.919024875749735,1,0.962775974882516,0.046485274882516,0.046485274882516,0.046485274882516,0.00216088078090307,0.73675529900821,1.19185623823709,1,1.01250415969566,0.0962134596956632,0.0962134596956632,0.0962134596956632,0.00925702982660901,0.709414634752901,1.31518105794322,1,1.52378461154734,0.0237846115473352,0.0237846115473352,0.0237846115473352,0.000565707746457633,1.49499393018729,1.5721843946683,1,1.80165814933981,0.00165814933981334,0.00165814933981334,0.00165814933981334,2.74945923312342e-06,1.76229418209191,1.86659331539315,1
11,"n1000-b1_2-b2_2p5-b3_2p5",1000,8,108,1,1,0.6931472,0.9162907,0.9162907,1.5,1.8,1,1.3,0.07,358,173,322,147,FALSE,NA,TRUE,NA,0.529968676224679,-0.163178523775321,0.163178523775321,0.163178523775321,0.0266272306214931,0.280430066187812,0.781242933825983,1,1.04155165170608,0.125260951706081,0.125260951706081,0.125260951706081,0.0156903060223133,0.816774517316454,1.27512751357186,1,0.989350848670348,0.0730601486703483,0.0730601486703483,0.0730601486703483,0.00533778532373339,0.684075113911642,1.28894139604003,1,1.49771327114652,-0.00228672885348313,0.00228672885348313,0.00228672885348313,5.22912884935228e-06,1.44533640043548,1.5403162290388,1,1.80119215903841,0.00119215903840519,0.00119215903840519,0.00119215903840519,1.4212431728512e-06,1.70760734236819,1.90529378791568,1
11,"n1000-b1_2-b2_2p5-b3_2p5",1000,9,109,1,1,0.6931472,0.9162907,0.9162907,1.5,1.8,1,1.3,0.0679999999999999,320,177,360,143,FALSE,NA,TRUE,NA,0.480914291209165,-0.212232908790835,0.212232908790835,0.212232908790835,0.0450428075738191,0.23463192327895,0.731818417141766,1,0.779854325853743,-0.136436374146257,0.136436374146257,0.136436374146257,0.0186148841901774,0.564039152002418,1.00724860472118,1,1.23150910792169,0.315218407921689,0.315218407921689,0.315218407921689,0.0993626446926842,0.926773290276129,1.53203994618277,0,1.49719462361159,-0.00280537638840794,0.00280537638840794,0.00280537638840794,7.87013668063679e-06,1.4454692219908,1.64725810540271,1,1.76637359146054,-0.0336264085394573,0.0336264085394573,0.0336264085394573,0.00113073535126249,1.70402238108483,1.80079249615627,1
11,"n1000-b1_2-b2_2p5-b3_2p5",1000,10,110,1,1,0.6931472,0.9162907,0.9162907,1.5,1.8,1,1.3,0.083,331,171,336,162,FALSE,NA,TRUE,NA,0.713848459421417,0.0207012594214172,0.0207012594214172,0.0207012594214172,0.000428542141632815,0.468885455225716,0.965028401246087,1,0.865662461762265,-0.0506282382377352,0.0506282382377352,0.0506282382377352,0.00256321850705687,0.652679048755062,1.08737411697379,1,0.929685993660679,0.0133952936606794,0.0133952936606794,0.0133952936606794,0.000179433892255837,0.632313638339279,1.22428583894756,1,1.55297588000746,0.0529758800074551,0.0529758800074551,0.0529758800074551,0.00280644386256428,1.50240831344586,1.66194265918415,0,1.78960877452896,-0.0103912254710439,0.0103912254710439,0.0103912254710439,0.000107977566790071,1.72312847503674,1.86883790178703,1
12,"n1000-b1_2-b2_2p5-b3_2p5",1000,1,111,1,1,0.6931472,0.9162907,0.9162907,1.5,1.8,1,1.3,0.072,317,175,321,187,FALSE,NA,TRUE,NA,0.806776290199123,0.113629090199123,0.113629090199123,0.113629090199123,0.0129115701394805,0.568997874467826,1.04136059193189,1,1.08424532997312,0.167954629973123,0.167954629973123,0.167954629973123,0.0282087577294088,0.869903482926179,1.30028875448548,1,0.697653818273222,-0.218636881726778,0.218636881726778,0.218636881726778,0.0478020860512091,0.409016609122233,0.989123579772995,1,1.5173712316935,0.0173712316934966,0.0173712316934966,0.0173712316934966,0.000301759690549142,1.48999202030705,1.57484855911972,1,1.80702479987578,0.00702479987577598,0.00702479987577598,0.00702479987577598,4.93478132947022e-05,1.77453047147022,1.85277339654198,1
12,"n1000-b1_2-b2_2p5-b3_2p5",1000,2,112,1,1,0.6931472,0.9162907,0.9162907,1.5,1.8,1,1.3,0.0620000000000001,332,172,345,151,FALSE,NA,TRUE,NA,0.596988711436514,-0.0961584885634863,0.0961584885634863,0.0961584885634863,0.00924645492281412,0.354232126067715,0.839655119930984,1,0.871486156024034,-0.044804543975966,0.044804543975966,0.044804543975966,0.00200744716089427,0.654277705998966,1.08819800042578,1,1.04866361171205,0.13237291171205,0.13237291171205,0.13237291171205,0.0175225877551261,0.74763870056561,1.34712378107954,1,1.5193219180212,0.0193219180211988,0.0193219180211988,0.0193219180211988,0.000373336516017925,1.469801586942,1.60919016281963,1,1.86601962532749,0.0660196253274936,0.0660196253274936,0.0660196253274936,0.00435859092838264,1.8194305821933,1.94908237538052,0
12,"n1000-b1_2-b2_2p5-b3_2p5",1000,3,113,1,1,0.6931472,0.9162907,0.9162907,1.5,1.8,1,1.3,0.073,314,179,326,181,FALSE,NA,TRUE,NA,0.63865094342902,-0.0544962565709797,0.0544962565709797,0.0544962565709797,0.00296984198025005,0.40811971782882,0.870796911171342,1,1.03798935542453,0.121698655424532,0.121698655424532,0.121698655424532,0.0148105627321389,0.829600033171031,1.24916424083766,1,0.933129283078613,0.0168385830786131,0.0168385830786131,0.0168385830786131,0.000283537880095355,0.64883056249206,1.22716817523689,1,1.53746054656723,0.037460546567226,0.037460546567226,0.037460546567226,0.00140329254911531,1.47388559882697,1.59971185943542,1,1.79278596174547,-0.00721403825452538,0.00721403825452538,0.00721403825452538,5.20423479377556e-05,1.71982805066729,1.91015789852862,1
12,"n1000-b1_2-b2_2p5-b3_2p5",1000,4,114,1,1,0.6931472,0.9162907,0.9162907,1.5,1.8,1,1.3,0.09,335,158,330,177,FALSE,NA,TRUE,NA,0.715098112575149,0.0219509125751488,0.0219509125751488,0.0219509125751488,0.000481842562881826,0.470294706580909,0.962136243712145,1,0.913893268485681,-0.00239743151431915,0.00239743151431915,0.00239743151431915,5.7476778658506e-06,0.703715247498481,1.13251780540805,1,0.937342155904131,0.0210514559041308,0.0210514559041308,0.0210514559041308,0.000443163795683564,0.636781597871279,1.23851296300937,1,1.49465693371132,-0.0053430662886782,0.0053430662886782,0.0053430662886782,2.85483573652094e-05,1.47241639443799,1.54665827488961,1,1.81174724457088,0.0117472445708755,0.0117472445708755,0.0117472445708755,0.000137997755007964,1.78041263097375,1.875361584613,1
12,"n1000-b1_2-b2_2p5-b3_2p5",1000,5,115,1,1,0.6931472,0.9162907,0.9162907,1.5,1.8,1,1.3,0.075,333,175,331,161,FALSE,NA,TRUE,NA,0.518016186220937,-0.175131013779063,0.175131013779063,0.175131013779063,0.0306708719872823,0.278880090270084,0.754348842129991,1,0.87495839297791,-0.0413323070220901,0.0413323070220901,0.0413323070220901,0.00170835960376832,0.659803116161138,1.09334413678551,1,1.13583831083657,0.219547610836574,0.219547610836574,0.219547610836574,0.0482011534240477,0.839953073748177,1.43010068222978,1,1.53401012171121,0.0340101217112052,0.0340101217112052,0.0340101217112052,0.00115668837881099,1.48328466414717,1.70806105996674,1,1.8603836410979,0.0603836410979017,0.0603836410979017,0.0603836410979017,0.00364618411224021,1.79240083023926,2.03670466743719,1
12,"n1000-b1_2-b2_2p5-b3_2p5",1000,6,116,1,1,0.6931472,0.9162907,0.9162907,1.5,1.8,1,1.3,0.0580000000000001,345,131,350,174,FALSE,NA,TRUE,NA,0.513689349074555,-0.179457850925445,0.179457850925445,0.179457850925445,0.0322051202587792,0.268005450170379,0.761476529132278,1,0.766774682433413,-0.149516017566587,0.149516017566587,0.149516017566587,0.0223550395089719,0.561819713998145,0.973360728369049,1,1.12087731074451,0.20458661074451,0.20458661074451,0.20458661074451,0.0418556812959258,0.819667728360164,1.41996784447893,1,1.52967672452149,0.0296767245214942,0.0296767245214942,0.0296767245214942,0.000880707978324653,1.33016363328218,1.73194455764353,1,1.78057770284166,-0.019422297158342,0.019422297158342,0.019422297158342,0.000377225626906939,1.57881174102445,1.92301758006788,1
12,"n1000-b1_2-b2_2p5-b3_2p5",1000,7,117,1,1,0.6931472,0.9162907,0.9162907,1.5,1.8,1,1.3,0.0659999999999999,335,169,334,162,FALSE,NA,TRUE,NA,0.655156172143175,-0.0379910278568254,0.0379910278568254,0.0379910278568254,0.00144331819761808,0.419282217215216,0.896160356658727,1,0.826788886558076,-0.0895018134419244,0.0895018134419244,0.0895018134419244,0.00801057460939304,0.615376832585572,1.04335468600355,1,1.10143459029149,0.185143890291489,0.185143890291489,0.185143890291489,0.034278260112267,0.808647855841562,1.39634958075833,1,1.41856823904253,-0.0814317609574724,0.0814317609574724,0.0814317609574724,0.00663113169263493,1.36490132284283,1.51419539379447,1,1.75053676542618,-0.0494632345738197,0.0494632345738197,0.0494632345738197,0.00244661157450472,1.67172801522992,1.88057883933257,1
12,"n1000-b1_2-b2_2p5-b3_2p5",1000,8,118,1,1,0.6931472,0.9162907,0.9162907,1.5,1.8,1,1.3,0.0580000000000001,325,179,327,169,FALSE,NA,TRUE,NA,0.628292573169815,-0.0648546268301853,0.0648546268301853,0.0648546268301853,0.00420612262128259,0.397292516370559,0.862895724309129,1,0.920815038942568,0.00452433894256821,0.00452433894256821,0.00452433894256821,2.04696428672392e-05,0.712454280495273,1.1380820551085,1,0.996750236646894,0.0804595366468939,0.0804595366468939,0.0804595366468939,0.00647373703743286,0.704360872340898,1.28453686007248,1,1.50219956290536,0.00219956290535839,0.00219956290535839,0.00219956290535839,4.83807697462863e-06,1.4850073841158,1.52238095388921,1,1.79429407580956,-0.00570592419043936,0.00570592419043936,0.00570592419043936,3.25575708670411e-05,1.77190816059474,1.81850396067714,1
12,"n1000-b1_2-b2_2p5-b3_2p5",1000,9,119,1,1,0.6931472,0.9162907,0.9162907,1.5,1.8,1,1.3,0.0669999999999999,344,149,338,169,FALSE,NA,TRUE,NA,0.635002952278124,-0.0581442477218763,0.0581442477218763,0.0581442477218763,0.00338075354314292,0.388116161810328,0.883029230350093,1,0.944191545903664,0.0279008459036642,0.0279008459036642,0.0279008459036642,0.000778457202140013,0.733933784906834,1.15761423992617,1,0.936209439401712,0.0199187394017115,0.0199187394017115,0.0199187394017115,0.000396756179353295,0.643481664040398,1.23136390237313,1,1.48553935662976,-0.0144606433702359,0.0144606433702359,0.0144606433702359,0.000209110206681147,1.45285624881115,1.5289094538291,1,1.80865301661517,0.00865301661517393,0.00865301661517393,0.00865301661517393,7.4874696542476e-05,1.76923930644034,1.84511567437119,1
12,"n1000-b1_2-b2_2p5-b3_2p5",1000,10,120,1,1,0.6931472,0.9162907,0.9162907,1.5,1.8,1,1.3,0.073,313,171,357,159,FALSE,NA,TRUE,NA,0.466082356403341,-0.227064843596659,0.227064843596659,0.227064843596659,0.0515584431975753,0.233277399884195,0.704144269958361,1,0.663151237695209,-0.253139462304791,0.253139462304791,0.253139462304791,0.0640795873759588,0.457228099626366,0.877331522347981,0,1.19777326250383,0.28148256250383,0.28148256250383,0.28148256250383,0.0792324329937224,0.904487713684582,1.48125916325745,1,1.52635427824397,0.0263542782439701,0.0263542782439701,0.0263542782439701,0.000694547981760594,1.47068459288197,1.58500000164567,1,1.83199769678939,0.031997696789386,0.031997696789386,0.031997696789386,0.00102385259982548,1.74471482635791,1.89793309633791,1
13,"n1000-b1_2-b2_2p5-b3_2p5",1000,1,121,1,1,0.6931472,0.9162907,0.9162907,1.5,1.8,1,1.3,0.0629999999999999,337,163,348,152,FALSE,NA,TRUE,NA,0.614541407702448,-0.0786057922975518,0.0786057922975518,0.0786057922975518,0.00617887058272586,0.367804330406718,0.868763700678402,1,0.797902354164238,-0.118388345835762,0.118388345835762,0.118388345835762,0.0140158004297281,0.580920989807173,1.02229694177586,1,0.968752245058647,0.0524615450586473,0.0524615450586473,0.0524615450586473,0.00275221370994048,0.669244063698363,1.26471286140504,1,1.50578728267309,0.00578728267308648,0.00578728267308648,0.00578728267308648,3.3492640738207e-05,1.46217269444032,1.54344294661836,1,1.80864282913798,0.00864282913798098,0.00864282913798098,0.00864282913798098,7.4698495508333e-05,1.78902277386251,1.84855144294207,1
13,"n1000-b1_2-b2_2p5-b3_2p5",1000,2,122,1,1,0.6931472,0.9162907,0.9162907,1.5,1.8,1,1.3,0.087,306,186,341,167,FALSE,NA,TRUE,NA,0.900824031152828,0.207676831152828,0.207676831152828,0.207676831152828,0.0431296661976802,0.665838044232687,1.14154694725678,1,0.966544429533228,0.0502537295332282,0.0502537295332282,0.0502537295332282,0.00252543733199885,0.754143652516665,1.18775500042314,1,0.679099983732359,-0.237190716267641,0.237190716267641,0.237190716267641,0.0562594358835566,0.386533061537998,0.969426150879097,1,1.54203571910638,0.0420357191063776,0.0420357191063776,0.0420357191063776,0.00176700168079028,1.45569772073754,1.68381937400987,1,1.78096128206224,-0.0190387179377609,0.0190387179377609,0.0190387179377609,0.000362472780713619,1.71795687030438,1.87621642976389,1
13,"n1000-b1_2-b2_2p5-b3_2p5",1000,3,123,1,1,0.6931472,0.9162907,0.9162907,1.5,1.8,1,1.3,0.071,338,169,320,173,FALSE,NA,TRUE,NA,0.66392518301472,-0.0292220169852798,0.0292220169852798,0.0292220169852798,0.000853926276687982,0.428184554301524,0.897471750790505,1,0.925908996535602,0.00961829653560176,0.00961829653560176,0.00961829653560176,9.25116282467687e-05,0.712094915410615,1.14135272412476,1,1.02801128697862,0.11172058697862,0.11172058697862,0.11172058697862,0.0124814895548473,0.740015816197286,1.31866520708796,1,1.49820154425697,-0.00179845574303261,0.00179845574303261,0.00179845574303261,3.23444305964698e-06,1.42165017069006,1.53962352045293,1,1.81064675150183,0.0106467515018307,0.0106467515018307,0.0106467515018307,0.000113353317541734,1.73185756258229,1.91549000294539,1
13,"n1000-b1_2-b2_2p5-b3_2p5",1000,4,124,1,1,0.6931472,0.9162907,0.9162907,1.5,1.8,1,1.3,0.078,355,185,311,149,FALSE,NA,TRUE,NA,0.693424686385143,0.000277486385142911,0.000277486385142911,0.000277486385142911,7.699869393968e-08,0.448405255380336,0.942617572811537,1,0.844600344836726,-0.071690355163274,0.071690355163274,0.071690355163274,0.00513950702343637,0.618315121263789,1.07351000906552,1,0.944119949109013,0.0278292491090134,0.0278292491090134,0.0278292491090134,0.000774467105971524,0.63908587142262,1.24454089885598,1,1.46693738182588,-0.033062618174116,0.033062618174116,0.033062618174116,0.00109313672052739,1.40514754918005,1.51977680282971,1,1.79386034993013,-0.00613965006986605,0.00613965006986605,0.00613965006986605,3.76953029804062e-05,1.69865384039497,1.87206853778722,1
13,"n1000-b1_2-b2_2p5-b3_2p5",1000,5,125,1,1,0.6931472,0.9162907,0.9162907,1.5,1.8,1,1.3,0.079,343,154,349,154,FALSE,NA,TRUE,NA,0.619587568914752,-0.0735596310852475,0.0735596310852475,0.0735596310852475,0.00541101932539772,0.365354080923283,0.873611015487063,1,1.08702402862583,0.170733328625829,0.170733328625829,0.170733328625829,0.0291498695036555,0.859326343032189,1.31913496386362,1,1.03320704851168,0.116916348511681,0.116916348511681,0.116916348511681,0.0136694325493048,0.722590418300197,1.34245456226471,1,1.45875419956056,-0.0412458004394411,0.0412458004394411,0.0412458004394411,0.0017012160538902,1.42564487634829,1.5083174014525,1,1.76915238727341,-0.0308476127265853,0.0308476127265853,0.0308476127265853,0.000951575210929388,1.73974607094257,1.81062165428891,1
13,"n1000-b1_2-b2_2p5-b3_2p5",1000,6,126,1,1,0.6931472,0.9162907,0.9162907,1.5,1.8,1,1.3,0.0669999999999999,330,182,330,158,FALSE,NA,TRUE,NA,0.583612509351471,-0.109534690648529,0.109534690648529,0.109534690648529,0.0119978484554689,0.343689457249337,0.827917914228747,1,0.764799506449651,-0.151491193550349,0.151491193550349,0.151491193550349,0.0229495817233094,0.549742177088251,0.987865607519841,1,1.04913109953521,0.132840399535212,0.132840399535212,0.132840399535212,0.0176465717486747,0.746314736330172,1.34227057996284,1,1.41849547371379,-0.0815045262862115,0.0815045262862115,0.0815045262862115,0.00664298780513974,1.25930236203359,1.58968410588956,1,1.8278052987787,0.0278052987786954,0.0278052987786954,0.0278052987786954,0.000773134640172521,1.72313239812521,1.97339271181158,1
13,"n1000-b1_2-b2_2p5-b3_2p5",1000,7,127,1,1,0.6931472,0.9162907,0.9162907,1.5,1.8,1,1.3,0.075,329,172,338,161,FALSE,NA,TRUE,NA,0.70651417447335,0.0133669744733497,0.0133669744733497,0.0133669744733497,0.000178676006571182,0.463612659491632,0.953663127322959,1,1.02701573982307,0.110725039823071,0.110725039823071,0.110725039823071,0.0122600344438207,0.806614262097347,1.2506143210145,1,0.928710104656226,0.0124194046562257,0.0124194046562257,0.0124194046562257,0.000154241612015081,0.628861289769779,1.22693972580503,1,1.49390021433817,-0.00609978566183189,0.00609978566183189,0.00609978566183189,3.72073851202899e-05,1.44560391697795,1.54737410203562,1,1.75372845303358,-0.046271546966421,0.046271546966421,0.046271546966421,0.0021410560586657,1.66712923810616,1.81843655685931,1
13,"n1000-b1_2-b2_2p5-b3_2p5",1000,8,128,1,1,0.6931472,0.9162907,0.9162907,1.5,1.8,1,1.3,0.0620000000000001,325,163,334,178,FALSE,NA,TRUE,NA,0.67149625521382,-0.0216509447861798,0.0216509447861798,0.0216509447861798,0.000468763410134206,0.431955893465965,0.911227319457445,1,0.996035971824719,0.0797452718247186,0.0797452718247186,0.0797452718247186,0.00635930837839825,0.785992121034249,1.21379669324866,1,0.852549850433586,-0.0637408495664139,0.0637408495664139,0.0637408495664139,0.00406289590344821,0.565760249277938,1.14107236047237,1,1.46222448330384,-0.0377755166961631,0.0377755166961631,0.0377755166961631,0.0014269896616621,1.4116636232262,1.55506373950035,1,1.76808834822847,-0.0319116517715312,0.0319116517715312,0.0319116517715312,0.00101835351878747,1.68793239081741,1.82082594787218,1
13,"n1000-b1_2-b2_2p5-b3_2p5",1000,9,129,1,1,0.6931472,0.9162907,0.9162907,1.5,1.8,1,1.3,0.078,346,164,316,174,FALSE,NA,TRUE,NA,0.72926860874443,0.0361214087444298,0.0361214087444298,0.0361214087444298,0.00130475616968217,0.489390445925286,0.970539127365903,1,1.018991489988,0.102700789988004,0.102700789988004,0.102700789988004,0.01054745226416,0.803228494947761,1.23858827476585,1,0.935714937615094,0.0194242376150936,0.0194242376150936,0.0194242376150936,0.000377301006927617,0.637406678647079,1.23234945371071,1,1.37209393282446,-0.127906067175539,0.127906067175539,0.127906067175539,0.0163599620203134,1.32987579728326,1.45266228925244,0,1.797745465865,-0.0022545341349951,0.0022545341349951,0.0022545341349951,5.08292416585811e-06,1.76661497020189,1.83910119277089,1
13,"n1000-b1_2-b2_2p5-b3_2p5",1000,10,130,1,1,0.6931472,0.9162907,0.9162907,1.5,1.8,1,1.3,0.075,318,185,325,172,FALSE,NA,TRUE,NA,0.911248093626603,0.218100893626603,0.218100893626603,0.218100893626603,0.0475679998007229,0.674942747998282,1.14840823745994,1,1.09900216548416,0.18271146548416,0.18271146548416,0.18271146548416,0.0333834796193692,0.886540591032681,1.3197475837332,1,0.707729218978875,-0.208561481021125,0.208561481021125,0.208561481021125,0.0434978913657253,0.417435133674339,0.999300532956782,1,1.50504770228629,0.00504770228629314,0.00504770228629314,0.00504770228629314,2.5479298371049e-05,1.47010594218781,1.56110207511716,1,1.84186461095993,0.0418646109599283,0.0418646109599283,0.0418646109599283,0.00175264565082615,1.79223351133689,1.94141996299066,1
14,"n1000-b1_2-b2_2p5-b3_2p5",1000,1,131,1,1,0.6931472,0.9162907,0.9162907,1.5,1.8,1,1.3,0.075,322,145,347,186,FALSE,NA,TRUE,NA,0.798518636137728,0.105371436137728,0.105371436137728,0.105371436137728,0.0111031395537273,0.560812975958571,1.04063624419915,1,0.957858605821564,0.0415679058215643,0.0415679058215643,0.0415679058215643,0.00172789079439044,0.755199049745793,1.16657162749353,1,0.770863081609377,-0.145427618390623,0.145427618390623,0.145427618390623,0.0211491921907687,0.476097648552137,1.06234153971025,1,1.54573666892287,0.0457366689228669,0.0457366689228669,0.0457366689228669,0.00209184288415994,1.49428550555681,1.62277564972378,1,1.89125228140351,0.0912522814035148,0.0912522814035148,0.0912522814035148,0.00832697886134626,1.75585533889616,1.9790728595149,1
14,"n1000-b1_2-b2_2p5-b3_2p5",1000,2,132,1,1,0.6931472,0.9162907,0.9162907,1.5,1.8,1,1.3,0.0649999999999999,340,170,328,162,FALSE,NA,TRUE,NA,0.822499625025377,0.129352425025377,0.129352425025377,0.129352425025377,0.0167320498599457,0.584197351273829,1.06248840855968,1,0.910986259321309,-0.00530444067869051,0.00530444067869051,0.00530444067869051,2.81370909137467e-05,0.700224419359152,1.12685937547967,1,0.780869931468016,-0.135420768531984,0.135420768531984,0.135420768531984,0.0183387845497932,0.490168641433618,1.07261443718108,1,1.54321822230117,0.0432182223011743,0.0432182223011743,0.0432182223011743,0.00186781473887372,1.49159343790718,1.69128045566971,1,1.91369448220733,0.113694482207331,0.113694482207331,0.113694482207331,0.0129264352843931,1.8085624701176,2.07177888416906,0
14,"n1000-b1_2-b2_2p5-b3_2p5",1000,3,133,1,1,0.6931472,0.9162907,0.9162907,1.5,1.8,1,1.3,0.1,349,161,318,172,FALSE,NA,TRUE,NA,0.647319388569732,-0.0458278114302675,0.0458278114302675,0.0458278114302675,0.00210018830048815,0.402346957195224,0.892981119445523,1,0.984319343676562,0.0680286436765624,0.0680286436765624,0.0680286436765624,0.00462789636047269,0.761734706150379,1.20579495597137,1,1.07950899893012,0.163218298930123,0.163218298930123,0.163218298930123,0.0266402131056431,0.776006128768055,1.38293366294042,1,1.52021604339063,0.0202160433906324,0.0202160433906324,0.0202160433906324,0.000408688410371933,1.4859965288487,1.57446001585685,1,1.81878558361085,0.0187855836108541,0.0187855836108541,0.0187855836108541,0.000352898151600392,1.77713014014476,1.86753112475197,1
14,"n1000-b1_2-b2_2p5-b3_2p5",1000,4,134,1,1,0.6931472,0.9162907,0.9162907,1.5,1.8,1,1.3,0.069,326,191,327,156,FALSE,NA,TRUE,NA,0.735906364950036,0.0427591649500365,0.0427591649500365,0.0427591649500365,0.00182834618722443,0.490904669347201,0.983628252391086,1,1.05052240184695,0.134231701846946,0.134231701846946,0.134231701846946,0.0180181497807275,0.83242782715433,1.27484876282305,1,0.621951365401458,-0.294339334598542,0.294339334598542,0.294339334598542,0.0866356438919125,0.326988442306017,0.913275560519469,0,1.35194422583939,-0.148055774160608,0.148055774160608,0.148055774160608,0.021920512262297,1.24062319051269,1.51910526060754,1,1.7382286543284,-0.0617713456715971,0.0617713456715971,0.0617713456715971,0.00381569914607994,1.61841908879753,1.89196110548067,1
14,"n1000-b1_2-b2_2p5-b3_2p5",1000,5,135,1,1,0.6931472,0.9162907,0.9162907,1.5,1.8,1,1.3,0.0679999999999999,336,178,317,169,FALSE,NA,TRUE,NA,0.616760395071011,-0.0763868049289891,0.0763868049289891,0.0763868049289891,0.00583494396725943,0.384871746874309,0.85320083271737,1,0.788830558065885,-0.127460141934115,0.127460141934115,0.127460141934115,0.0162460877818647,0.57988702570586,1.00138713096598,1,0.958971147805439,0.0426804478054391,0.0426804478054391,0.0426804478054391,0.00182162062487281,0.667478588339683,1.24417376899674,1,1.44947070690461,-0.0505292930953944,0.0505292930953944,0.0505292930953944,0.00255320946072028,1.404740908711,1.52317803696721,1,1.7089465368548,-0.0910534631451978,0.0910534631451978,0.0910534631451978,0.00829073315073389,1.64725844619422,1.82122846730277,1
14,"n1000-b1_2-b2_2p5-b3_2p5",1000,6,136,1,1,0.6931472,0.9162907,0.9162907,1.5,1.8,1,1.3,0.07,368,150,335,147,FALSE,NA,TRUE,NA,0.603053149403981,-0.0900940505960192,0.0900940505960192,0.0900940505960192,0.00811693795279806,0.35721195324221,0.855460117851668,1,0.821577316947028,-0.0947133830529716,0.0947133830529716,0.0947133830529716,0.00897062492933893,0.60089182860383,1.04966654666527,1,1.12727037964322,0.210979679643217,0.210979679643217,0.210979679643217,0.0445124252223543,0.821595402112853,1.42785771528367,1,1.52366399154049,0.0236639915404937,0.0236639915404937,0.0236639915404937,0.000559984495628557,1.44758973086286,1.65839533959096,1,1.82013788928866,0.020137889288657,0.020137889288657,0.020137889288657,0.000405534585002207,1.76026692489807,1.92396786606676,1
14,"n1000-b1_2-b2_2p5-b3_2p5",1000,7,137,1,1,0.6931472,0.9162907,0.9162907,1.5,1.8,1,1.3,0.0669999999999999,331,169,342,158,FALSE,NA,TRUE,NA,0.791264386993663,0.0981171869936626,0.0981171869936626,0.0981171869936626,0.00962698238354935,0.544467090055869,1.03343099338499,1,0.888955551548941,-0.0273351484510586,0.0273351484510586,0.0273351484510586,0.000747210340841409,0.678605809840726,1.10578851318669,1,0.890347162941706,-0.0259435370582938,0.0259435370582938,0.0259435370582938,0.000673067115095062,0.597005112396188,1.19061131750236,1,1.54307427305552,0.0430742730555191,0.0430742730555191,0.0430742730555191,0.00185539299926142,1.47235781029879,1.62861528685992,1,1.83330790916938,0.033307909169382,0.033307909169382,0.033307909169382,0.0011094168132358,1.77470307239269,1.90715846138069,1
14,"n1000-b1_2-b2_2p5-b3_2p5",1000,8,138,1,1,0.6931472,0.9162907,0.9162907,1.5,1.8,1,1.3,0.079,354,165,303,178,FALSE,NA,TRUE,NA,0.7279375837599,0.0347903837599,0.0347903837599,0.0347903837599,0.00121037080216111,0.495093248934058,0.966613601489305,1,0.855147019075207,-0.0611436809247932,0.0611436809247932,0.0611436809247932,0.00373854971703292,0.645393439472176,1.06735391316885,1,0.885158514910202,-0.0311321850897984,0.0311321850897984,0.0311321850897984,0.000969212948465467,0.596818511055766,1.17230135716277,1,1.4356080036976,-0.0643919963023976,0.0643919963023976,0.0643919963023976,0.00414632918780798,1.39062742745465,1.51612842687142,1,1.8097655210409,0.00976552104089845,0.00976552104089845,0.00976552104089845,9.53654012002304e-05,1.72858310063216,1.90310446133915,1
14,"n1000-b1_2-b2_2p5-b3_2p5",1000,9,139,1,1,0.6931472,0.9162907,0.9162907,1.5,1.8,1,1.3,0.0659999999999999,346,129,345,180,FALSE,NA,TRUE,NA,0.535757917009211,-0.157389282990789,0.157389282990789,0.157389282990789,0.0247713864003546,0.290278847803558,0.786381922207859,1,0.833701822404416,-0.0825888775955844,0.0825888775955844,0.0825888775955844,0.00682092270249843,0.628031090281789,1.04133595419994,1,1.14689292046472,0.230602220464718,0.230602220464718,0.230602220464718,0.0531773840832585,0.844846388116784,1.44580769914973,1,1.49170545532896,-0.00829454467104052,0.00829454467104052,0.00829454467104052,6.87994712998866e-05,1.43411960805386,1.55822680854809,1,1.82375886869671,0.0237588686967138,0.0237588686967138,0.0237588686967138,0.000564483841747689,1.72715462411729,1.97578548588676,1
14,"n1000-b1_2-b2_2p5-b3_2p5",1000,10,140,1,1,0.6931472,0.9162907,0.9162907,1.5,1.8,1,1.3,0.073,349,153,323,175,FALSE,NA,TRUE,NA,0.677607732084179,-0.0155394679158205,0.0155394679158205,0.0155394679158205,0.000241475063106815,0.433382728326305,0.922751414525526,1,0.904797942011496,-0.0114927579885039,0.0114927579885039,0.0114927579885039,0.00013208348618232,0.695863416275326,1.11937987613417,1,0.921206464690739,0.0049157646907394,0.0049157646907394,0.0049157646907394,2.41647424947202e-05,0.624754769128701,1.21878221208094,1,1.49497378840067,-0.00502621159933181,0.00502621159933181,0.00502621159933181,2.52628030412576e-05,1.45915478319375,1.52279450668477,1,1.76656184919982,-0.0334381508001789,0.0334381508001789,0.0334381508001789,0.0011181099289355,1.69188738411808,1.82524522446501,1
15,"n1000-b1_2-b2_2p5-b3_2p5",1000,1,141,1,1,0.6931472,0.9162907,0.9162907,1.5,1.8,1,1.3,0.088,333,166,347,154,FALSE,NA,TRUE,NA,0.693905277125024,0.000758077125024292,0.000758077125024292,0.000758077125024292,5.74680927485097e-07,0.446879817795666,0.944719988715605,1,0.903064657796754,-0.0132260422032459,0.0132260422032459,0.0132260422032459,0.000174928192362041,0.682742852121615,1.12966394194192,1,1.05754642871356,0.141255728713564,0.141255728713564,0.141255728713564,0.0199531808944,0.75732247289284,1.35893877584693,1,1.49492461449628,-0.005075385503716,0.005075385503716,0.005075385503716,2.57595380113305e-05,1.44787482639322,1.55729611944423,1,1.77039801128118,-0.0296019887188157,0.0296019887188157,0.0296019887188157,0.000876277736108892,1.73497287075187,1.81864610947835,1
15,"n1000-b1_2-b2_2p5-b3_2p5",1000,2,142,1,1,0.6931472,0.9162907,0.9162907,1.5,1.8,1,1.3,0.082,329,160,338,173,FALSE,NA,TRUE,NA,0.643000129594311,-0.0501470704056894,0.0501470704056894,0.0501470704056894,0.00251472867027317,0.404348819750594,0.881092984881578,1,0.880831480512013,-0.035459219487987,0.035459219487987,0.035459219487987,0.00125735624669724,0.669500472293989,1.09473711231004,1,0.908204806037022,-0.00808589396297821,0.00808589396297821,0.00808589396297821,6.53816811805274e-05,0.611894359282586,1.20572980368043,1,1.5235953364851,0.0235953364851016,0.0235953364851016,0.0235953364851016,0.000556739903845166,1.48559885127999,1.61673910025519,1,1.77863111548985,-0.0213688845101465,0.0213688845101465,0.0213688845101465,0.00045662922520798,1.73350107773348,1.85696140395484,1
15,"n1000-b1_2-b2_2p5-b3_2p5",1000,3,143,1,1,0.6931472,0.9162907,0.9162907,1.5,1.8,1,1.3,0.084,331,189,328,152,FALSE,NA,TRUE,NA,0.694439234182935,0.00129203418293511,0.00129203418293511,0.00129203418293511,1.66935232987279e-06,0.453290098754238,0.938376004553697,1,0.89205437527922,-0.0242363247207803,0.0242363247207803,0.0242363247207803,0.000587399435971106,0.66835244188573,1.12210542206141,1,1.07498335240228,0.158692652402281,0.158692652402281,0.158692652402281,0.0251833579264712,0.779013256007676,1.37462392255772,1,1.48817629212642,-0.0118237078735794,0.0118237078735794,0.0118237078735794,0.000139800067879745,1.38565414047985,1.55409223250317,1,1.77323670135024,-0.0267632986497628,0.0267632986497628,0.0267632986497628,0.000716274154616395,1.66075304459859,1.85940623874964,1
15,"n1000-b1_2-b2_2p5-b3_2p5",1000,4,144,1,1,0.6931472,0.9162907,0.9162907,1.5,1.8,1,1.3,0.071,316,162,349,173,FALSE,NA,TRUE,NA,0.663725505767614,-0.0294216942323859,0.0294216942323859,0.0294216942323859,0.000865636091504012,0.425014118203412,0.90496008695415,1,0.620370609386467,-0.295920090613533,0.295920090613533,0.295920090613533,0.0875687000287214,0.420509451158525,0.827717383970824,0,1.11226353827496,0.195972838274963,0.195972838274963,0.195972838274963,0.0384053533415448,0.816736992297157,1.40231490574232,1,1.50682699551687,0.00682699551686938,0.00682699551686938,0.00682699551686938,4.66078677873547e-05,1.29305573261752,1.67045330123956,1,1.81566418931638,0.0156641893163803,0.0156641893163803,0.0156641893163803,0.000245366826939401,1.55970928626425,2.00472548437127,1
15,"n1000-b1_2-b2_2p5-b3_2p5",1000,5,145,1,1,0.6931472,0.9162907,0.9162907,1.5,1.8,1,1.3,0.0600000000000001,331,162,346,161,FALSE,NA,TRUE,NA,0.432311965891431,-0.260835234108569,0.260835234108569,0.260835234108569,0.068035019352472,0.193183071835743,0.673037206971207,0,0.654084306532566,-0.262206393467434,0.262206393467434,0.262206393467434,0.068752192775199,0.450913980500325,0.864740821480176,0,1.14416827321108,0.227877573211075,0.227877573211075,0.227877573211075,0.0519281883725689,0.847917049994666,1.4384479553503,1,1.47533111368273,-0.0246688863172719,0.0246688863172719,0.0246688863172719,0.000608553952134486,1.28806019814423,1.63079937374576,1,1.80810889654033,0.00810889654032731,0.00810889654032731,0.00810889654032731,6.57542031017323e-05,1.67869535261116,1.9336727178986,1
15,"n1000-b1_2-b2_2p5-b3_2p5",1000,6,146,1,1,0.6931472,0.9162907,0.9162907,1.5,1.8,1,1.3,0.052,360,175,330,135,FALSE,NA,TRUE,NA,0.670672161031869,-0.0224750389681305,0.0224750389681305,0.0224750389681305,0.000505127376618986,0.425059641431682,0.922211532769701,1,0.893410375694359,-0.0228803243056415,0.0228803243056415,0.0228803243056415,0.000523509240331328,0.66643948984677,1.1221198038301,1,0.856957256874492,-0.0593334431255084,0.0593334431255084,0.0593334431255084,0.00352045747312794,0.562353379638821,1.15320260692777,1,1.48142151063077,-0.0185784893692251,0.0185784893692251,0.0185784893692251,0.000345160267242411,1.43251894672779,1.56804758718742,1,1.8037463861073,0.00374638610729727,0.00374638610729727,0.00374638610729727,1.403540886495e-05,1.76450742301392,1.86715522351979,1
15,"n1000-b1_2-b2_2p5-b3_2p5",1000,7,147,1,1,0.6931472,0.9162907,0.9162907,1.5,1.8,1,1.3,0.0659999999999999,348,184,302,166,FALSE,NA,TRUE,NA,0.774255653274848,0.0811084532748476,0.0811084532748476,0.0811084532748476,0.00657858119263814,0.544349687119055,1.0088276062367,1,0.807726303466217,-0.108564396533783,0.108564396533783,0.108564396533783,0.0117862281947446,0.593867334822033,1.02331352348531,1,0.939532686851247,0.0232419868512468,0.0232419868512468,0.0232419868512468,0.000540189952793529,0.646059531058283,1.23380589972804,1,1.51275396724304,0.0127539672430415,0.0127539672430415,0.0127539672430415,0.000162663680436574,1.42879035536712,1.61359515290354,1,1.78823687702181,-0.0117631229781894,0.0117631229781894,0.0117631229781894,0.000138371062200007,1.71946571271669,1.85891675058006,1
15,"n1000-b1_2-b2_2p5-b3_2p5",1000,8,148,1,1,0.6931472,0.9162907,0.9162907,1.5,1.8,1,1.3,0.081,317,173,344,166,FALSE,NA,TRUE,NA,0.679017354123128,-0.0141298458768719,0.0141298458768719,0.0141298458768719,0.000199652544504155,0.439750388999929,0.923216568423687,1,0.977407233863046,0.0611165338630462,0.0611165338630462,0.0611165338630462,0.00373523071143287,0.764597127301878,1.19686595632793,1,0.816050269536123,-0.100240430463877,0.100240430463877,0.100240430463877,0.0100481438995834,0.521566740078087,1.11663758763523,1,1.48826133333227,-0.0117386666677275,0.0117386666677275,0.0117386666677275,0.000137796295136016,1.44663429358023,1.58041119011176,1,1.82384065968217,0.0238406596821708,0.0238406596821708,0.0238406596821708,0.000568377054081082,1.75075969921425,1.91012300646666,1
15,"n1000-b1_2-b2_2p5-b3_2p5",1000,9,149,1,1,0.6931472,0.9162907,0.9162907,1.5,1.8,1,1.3,0.0639999999999999,339,148,352,161,FALSE,NA,TRUE,NA,0.520548357379871,-0.172598842620129,0.172598842620129,0.172598842620129,0.0297903604738081,0.273871055309773,0.767585084247484,1,0.755118294020829,-0.161172405979171,0.161172405979171,0.161172405979171,0.0259765444491148,0.5461701807557,0.966522031955845,1,1.16205674720351,0.245766047203511,0.245766047203511,0.245766047203511,0.0604009499580382,0.862220766473693,1.4636405323142,1,1.50218162868313,0.0021816286831271,0.0021816286831271,0.0021816286831271,4.75950371104289e-06,1.44016865575591,1.56582816042042,1,1.799658721341,-0.000341278659004685,0.000341278659004685,0.000341278659004685,1.16471123092036e-07,1.74352346578424,1.86621050655188,1
15,"n1000-b1_2-b2_2p5-b3_2p5",1000,10,150,1,1,0.6931472,0.9162907,0.9162907,1.5,1.8,1,1.3,0.085,308,191,336,165,FALSE,NA,TRUE,NA,0.714587134460504,0.0214399344605041,0.0214399344605041,0.0214399344605041,0.00045967078967071,0.468980402310994,0.962712470134626,1,1.11482563663265,0.198534936632651,0.198534936632651,0.198534936632651,0.0394161210637307,0.895562179747895,1.34249073189868,1,0.753642924713737,-0.162647775286264,0.162647775286264,0.162647775286264,0.0264542988055709,0.452828001257489,1.05618243337469,1,1.48492548697304,-0.0150745130269638,0.0150745130269638,0.0150745130269638,0.000227240943000102,1.44690368142248,1.55736560175626,1,1.78757193143848,-0.0124280685615155,0.0124280685615155,0.0124280685615155,0.000154456888169729,1.72971861187252,1.84496329243136,1
16,"n1000-b1_2-b2_2p5-b3_2p5",1000,1,151,1,1,0.6931472,0.9162907,0.9162907,1.5,1.8,1,1.3,0.0629999999999999,332,193,319,156,FALSE,NA,TRUE,NA,0.58889239875151,-0.10425480124849,0.10425480124849,0.10425480124849,0.0108690635833622,0.357379165487736,0.825943943249476,1,0.832768812047136,-0.0835218879528635,0.0835218879528635,0.0835218879528635,0.00697590576721069,0.618116192049232,1.05123563417652,1,1.02581164430305,0.109520944303046,0.109520944303046,0.109520944303046,0.0119948372410308,0.732858471306092,1.3184919852169,1,1.58024820003924,0.080248200039243,0.080248200039243,0.080248200039243,0.00643977360953837,1.48086196981007,1.72266018339209,1,1.86211775368202,0.0621177536820234,0.0621177536820234,0.0621177536820234,0.00385861532250054,1.75907034593277,2.03382402903375,1
16,"n1000-b1_2-b2_2p5-b3_2p5",1000,2,152,1,1,0.6931472,0.9162907,0.9162907,1.5,1.8,1,1.3,0.0649999999999999,345,153,324,178,FALSE,NA,TRUE,NA,0.699190716922434,0.00604351692243432,0.00604351692243432,0.00604351692243432,3.652409679175e-05,0.459762656986925,0.940050007417645,1,0.891286556722546,-0.0250041432774545,0.0250041432774545,0.0250041432774545,0.000625207181039472,0.678509358951528,1.1045437627603,1,0.964762206682985,0.0484715066829846,0.0484715066829846,0.0484715066829846,0.00234948696011862,0.668639228547814,1.2652904961455,1,1.48523014587549,-0.0147698541245074,0.0147698541245074,0.0147698541245074,0.000218148590859228,1.37306748510893,1.58243918575379,1,1.83846747304976,0.0384674730497576,0.0384674730497576,0.0384674730497576,0.00147974648283383,1.7296207918767,1.97874730171913,1
16,"n1000-b1_2-b2_2p5-b3_2p5",1000,3,153,1,1,0.6931472,0.9162907,0.9162907,1.5,1.8,1,1.3,0.072,351,160,323,166,FALSE,NA,TRUE,NA,0.855519964582162,0.162372764582162,0.162372764582162,0.162372764582162,0.0263649146780543,0.60984279955332,1.10132559420094,1,0.88314682598674,-0.0331438740132604,0.0331438740132604,0.0331438740132604,0.00109851638460688,0.665898635259177,1.1027423185402,1,0.88327544526704,-0.0330152547329603,0.0330152547329603,0.0330152547329603,0.00109000704508226,0.583420206332033,1.18207796497098,1,1.48941580093602,-0.0105841990639834,0.0105841990639834,0.0105841990639834,0.000112025269826028,1.37558182239592,1.55397914322843,1,1.78835024452261,-0.0116497554773893,0.0116497554773893,0.0116497554773893,0.000135716802682963,1.68057202543361,1.87791734348959,1
16,"n1000-b1_2-b2_2p5-b3_2p5",1000,4,154,1,1,0.6931472,0.9162907,0.9162907,1.5,1.8,1,1.3,0.075,339,171,318,172,FALSE,NA,TRUE,NA,0.759183452090649,0.0660362520906488,0.0660362520906488,0.0660362520906488,0.00436078659017972,0.520227177568382,1.00115307128681,1,0.907554127707499,-0.0087365722925008,0.0087365722925008,0.0087365722925008,7.63276954220927e-05,0.695925151499901,1.12940281961808,1,0.927922969871691,0.0116322698716907,0.0116322698716907,0.0116322698716907,0.000135309702367844,0.630606880030116,1.2233368557148,1,1.5257061878441,0.0257061878441023,0.0257061878441023,0.0257061878441023,0.000660808093476272,1.4496412237288,1.66661605666954,1,1.76577760364437,-0.0342223963556285,0.0342223963556285,0.0342223963556285,0.00117117241232174,1.63366693356187,1.88223581564081,1
16,"n1000-b1_2-b2_2p5-b3_2p5",1000,5,155,1,1,0.6931472,0.9162907,0.9162907,1.5,1.8,1,1.3,0.076,345,162,337,156,FALSE,NA,TRUE,NA,0.625603970215658,-0.0675432297843424,0.0675432297843424,0.0675432297843424,0.00456208788970047,0.369282237112379,0.884127594001593,1,1.04294398890051,0.126653288900511,0.126653288900511,0.126653288900511,0.0160410555893164,0.822221266776336,1.27230903910203,1,0.904251884905733,-0.0120388150942671,0.0120388150942671,0.0120388150942671,0.000144933068873953,0.594144715196639,1.20974954908767,1,1.48179747753091,-0.0182025224690916,0.0182025224690916,0.0182025224690916,0.000331331824237784,1.3676541386059,1.58032604865221,1,1.74533316518947,-0.0546668348105321,0.0546668348105321,0.0546668348105321,0.00298846282820201,1.66950903965349,1.83629633036882,1
16,"n1000-b1_2-b2_2p5-b3_2p5",1000,6,156,1,1,0.6931472,0.9162907,0.9162907,1.5,1.8,1,1.3,0.073,321,158,341,180,FALSE,NA,TRUE,NA,0.510621099028109,-0.182526100971891,0.182526100971891,0.182526100971891,0.0333157775360009,0.276806414294161,0.745502864196066,1,0.758064253395137,-0.158226446604863,0.158226446604863,0.158226446604863,0.0250356084052015,0.556853706917749,0.961645331065423,1,1.12786886921413,0.211578169214127,0.211578169214127,0.211578169214127,0.0447653216880017,0.834801935337982,1.41865007925597,1,1.47116177142034,-0.0288382285796602,0.0288382285796602,0.0288382285796602,0.000831643427612732,1.41248121813372,1.52618494618098,1,1.78774451170137,-0.012255488298633,0.012255488298633,0.012255488298633,0.00015019699343793,1.74834761480948,1.8406090038699,1
16,"n1000-b1_2-b2_2p5-b3_2p5",1000,7,157,1,1,0.6931472,0.9162907,0.9162907,1.5,1.8,1,1.3,0.073,335,174,315,176,FALSE,NA,TRUE,NA,0.721636746582039,0.0284895465820392,0.0284895465820392,0.0284895465820392,0.00081165426445018,0.479238038697333,0.962976953969161,1,1.02758682583674,0.111296125836744,0.111296125836744,0.111296125836744,0.0123868276262683,0.815105540388625,1.24635898882309,1,0.871155094998537,-0.0451356050014634,0.0451356050014634,0.0451356050014634,0.00203722283884813,0.574663414785009,1.16825741572805,1,1.43679216951538,-0.0632078304846158,0.0632078304846158,0.0632078304846158,0.00399522983457192,1.39778013936955,1.51043131960607,1,1.81397288243684,0.0139728824368359,0.0139728824368359,0.0139728824368359,0.000195241443593638,1.77915207087264,1.86901998463876,1
16,"n1000-b1_2-b2_2p5-b3_2p5",1000,8,158,1,1,0.6931472,0.9162907,0.9162907,1.5,1.8,1,1.3,0.0669999999999999,355,170,323,152,FALSE,NA,TRUE,NA,0.628215547296476,-0.0649316527035243,0.0649316527035243,0.0649316527035243,0.00421611952281109,0.390378219040122,0.867012077375256,1,0.814460595131191,-0.10183010486881,0.10183010486881,0.10183010486881,0.0103693702575927,0.602683986450182,1.02851218194527,1,1.01206972935525,0.0957790293552523,0.0957790293552523,0.0957790293552523,0.00917362246423428,0.720840744029724,1.30585920975969,1,1.5329856240707,0.0329856240707012,0.0329856240707012,0.0329856240707012,0.00108805139533362,1.46568599995366,1.62379161065663,1,1.84586227705372,0.0458622770537234,0.0458622770537234,0.0458622770537234,0.00210334845655248,1.7794899486062,1.93451198788728,1
16,"n1000-b1_2-b2_2p5-b3_2p5",1000,9,159,1,1,0.6931472,0.9162907,0.9162907,1.5,1.8,1,1.3,0.0590000000000001,337,157,325,181,FALSE,NA,TRUE,NA,0.58096623032064,-0.11218096967936,0.11218096967936,0.11218096967936,0.0125845699582014,0.349026939323254,0.815927301327267,1,0.850106510129227,-0.066184189870773,0.066184189870773,0.066184189870773,0.00438034698885053,0.649121996144206,1.05421930598208,1,1.04923656566783,0.132945865667831,0.132945865667831,0.132945865667831,0.017674603198169,0.759032770387586,1.33958990905396,1,1.51893083796798,0.0189308379679785,0.0189308379679785,0.0189308379679785,0.000358376626169855,1.40933523094146,1.62524141615106,1,1.77068467694091,-0.029315323059093,0.029315323059093,0.029315323059093,0.000859388166058991,1.58709163949504,1.89962661050062,1
16,"n1000-b1_2-b2_2p5-b3_2p5",1000,10,160,1,1,0.6931472,0.9162907,0.9162907,1.5,1.8,1,1.3,0.0610000000000001,342,160,347,151,FALSE,NA,TRUE,NA,0.378227352754627,-0.314919847245373,0.314919847245373,0.314919847245373,0.0991745101890491,0.134411897229395,0.624657282654878,0,0.755974901616973,-0.160315798383027,0.160315798383027,0.160315798383027,0.0257011552111873,0.540461949541139,0.974473680008125,1,1.32761821772875,0.411327517728753,0.411327517728753,0.411327517728753,0.169190326840898,1.02686103553145,1.62926461367404,0,1.51604397846246,0.0160439784624589,0.0160439784624589,0.0160439784624589,0.000257409244903844,1.46399483249493,1.61937494255238,1,1.76619732052009,-0.0338026794799058,0.0338026794799058,0.0338026794799058,0.00114262114002124,1.71411859724439,1.89680498231155,1
17,"n1000-b1_2-b2_2p5-b3_2p5",1000,1,161,1,1,0.6931472,0.9162907,0.9162907,1.5,1.8,1,1.3,0.069,338,166,336,160,FALSE,NA,TRUE,NA,0.676413403559371,-0.0167337964406294,0.0167337964406294,0.0167337964406294,0.000280019943316423,0.425648506682754,0.927267214445642,1,1.04967811072706,0.133387410727064,0.133387410727064,0.133387410727064,0.0177922013404704,0.823200225937001,1.27905002439796,1,0.898854061620553,-0.0174366383794471,0.0174366383794471,0.0174366383794471,0.000304036357975607,0.595988890549005,1.20007451831326,1,1.46954748779214,-0.0304525122078587,0.0304525122078587,0.0304525122078587,0.000927355499769784,1.37459808615939,1.53400920006342,1,1.76915952280882,-0.0308404771911832,0.0308404771911832,0.0308404771911832,0.000951135033379892,1.69707770621129,1.8185723136016,1
17,"n1000-b1_2-b2_2p5-b3_2p5",1000,2,162,1,1,0.6931472,0.9162907,0.9162907,1.5,1.8,1,1.3,0.0679999999999999,303,172,362,163,FALSE,NA,TRUE,NA,0.608759162999819,-0.0843880370001812,0.0843880370001812,0.0843880370001812,0.00712134078874394,0.371256558997037,0.849543293456613,1,0.901618941740341,-0.0146717582596589,0.0146717582596589,0.0146717582596589,0.00021526049042987,0.690610184642515,1.11879369609041,1,1.18768821619709,0.271397516197089,0.271397516197089,0.271397516197089,0.0736566117979494,0.893178416748261,1.48217049229133,1,1.45008791420704,-0.0499120857929625,0.0499120857929625,0.0499120857929625,0.00249121630820405,1.35530962823231,1.62355379020124,1,1.7956277192121,-0.00437228078790275,0.00437228078790275,0.00437228078790275,1.91168392882635e-05,1.72631629349619,1.9136794689448,1
17,"n1000-b1_2-b2_2p5-b3_2p5",1000,3,163,1,1,0.6931472,0.9162907,0.9162907,1.5,1.8,1,1.3,0.0649999999999999,362,164,316,158,FALSE,NA,TRUE,NA,0.76725880559267,0.0741116055926697,0.0741116055926697,0.0741116055926697,0.00549253008352343,0.522293409192995,1.00906490527476,1,0.955653230296757,0.0393625302967567,0.0393625302967567,0.0393625302967567,0.00154940879136309,0.737067329330192,1.17991065637717,1,0.854906646990621,-0.0613840530093794,0.0613840530093794,0.0613840530093794,0.0037680019638583,0.557900578067815,1.15056975714785,1,1.49933003952017,-0.000669960479832366,0.000669960479832366,0.000669960479832366,4.48847044537213e-07,1.47507142967309,1.53387056820694,1,1.78784646886146,-0.0121535311385392,0.0121535311385392,0.0121535311385392,0.000147708319135443,1.66376477368596,1.86573821648461,1
17,"n1000-b1_2-b2_2p5-b3_2p5",1000,4,164,1,1,0.6931472,0.9162907,0.9162907,1.5,1.8,1,1.3,0.0669999999999999,340,175,329,156,FALSE,NA,TRUE,NA,0.685464071991223,-0.00768312800877669,0.00768312800877669,0.00768312800877669,5.90304559992488e-05,0.451856044590502,0.922167903669692,1,0.886353691654073,-0.0299370083459274,0.0299370083459274,0.0299370083459274,0.000896224468704126,0.670115423337203,1.10106641680124,1,0.973744004935996,0.0574533049359955,0.0574533049359955,0.0574533049359955,0.00330088224806849,0.68161735555825,1.26611621733355,1,1.52221467212488,0.0222146721248802,0.0222146721248802,0.0222146721248802,0.000493491657615927,1.47338844587524,1.58392113260593,1,1.85968449358855,0.0596844935885454,0.0596844935885454,0.0596844935885454,0.00356223877492112,1.8007309498341,1.92580534832789,0
17,"n1000-b1_2-b2_2p5-b3_2p5",1000,5,165,1,1,0.6931472,0.9162907,0.9162907,1.5,1.8,1,1.3,0.077,324,195,326,155,FALSE,NA,TRUE,NA,0.647430405753501,-0.0457167942464993,0.0457167942464993,0.0457167942464993,0.00209002527617675,0.404961166420095,0.892769287103557,1,0.997757860171625,0.0814671601716255,0.0814671601716255,0.0814671601716255,0.00663689818642928,0.777353268570173,1.22643047162409,1,0.880525890946709,-0.0357648090532907,0.0357648090532907,0.0357648090532907,0.00127912156661835,0.583343572347279,1.17279394060037,1,1.5109084240025,0.0109084240025041,0.0109084240025041,0.0109084240025041,0.000118993714218408,1.44672461067574,1.58450582544366,1,1.82707425195668,0.0270742519566751,0.0270742519566751,0.0270742519566751,0.000733015119013527,1.7568335166163,1.90401709430688,1
17,"n1000-b1_2-b2_2p5-b3_2p5",1000,6,166,1,1,0.6931472,0.9162907,0.9162907,1.5,1.8,1,1.3,0.0679999999999999,303,166,346,185,FALSE,NA,TRUE,NA,0.719349830116781,0.0262026301167814,0.0262026301167814,0.0262026301167814,0.000686577825036858,0.485026284510679,0.954604769619653,1,1.05820354384882,0.141912843848823,0.141912843848823,0.141912843848823,0.0201392552492603,0.854193167419149,1.26787547994834,1,0.751692935734873,-0.164597764265127,0.164597764265127,0.164597764265127,0.0270924240010783,0.463474923438125,1.04285532966643,1,1.53128962050097,0.0312896205009741,0.0312896205009741,0.0312896205009741,0.000979040351094976,1.48508115502697,1.59260035037029,1,1.80752510564362,0.00752510564361897,0.00752510564361897,0.00752510564361897,5.6627214947626e-05,1.74462478420853,1.92248145407845,1
17,"n1000-b1_2-b2_2p5-b3_2p5",1000,7,167,1,1,0.6931472,0.9162907,0.9162907,1.5,1.8,1,1.3,0.074,349,163,322,166,FALSE,NA,TRUE,NA,0.742844221913623,0.0496970219136227,0.0496970219136227,0.0496970219136227,0.00246979398708309,0.503338144908588,0.984681801346688,1,0.807443521623806,-0.108847178376194,0.108847178376194,0.108847178376194,0.0118477082404591,0.597163487778693,1.02144459214361,1,0.944497772043212,0.0282070720432123,0.0282070720432123,0.0282070720432123,0.000795638913250967,0.651499504335016,1.23762862876905,1,1.48084280592157,-0.0191571940784339,0.0191571940784339,0.0191571940784339,0.000366998084958781,1.33526515719545,1.54544314296859,1,1.80112527605743,0.00112527605742829,0.00112527605742829,0.00112527605742829,1.26624620542136e-06,1.68691976316511,1.8827335435974,1
17,"n1000-b1_2-b2_2p5-b3_2p5",1000,8,168,1,1,0.6931472,0.9162907,0.9162907,1.5,1.8,1,1.3,0.085,335,174,333,158,FALSE,NA,TRUE,NA,0.654655088308708,-0.0384921116912921,0.0384921116912921,0.0384921116912921,0.0014816426624549,0.413289510708536,0.897133340501307,1,0.898172688328138,-0.0181180116718619,0.0181180116718619,0.0181180116718619,0.000328262346941724,0.677635631902954,1.1249872058263,1,0.840157893459921,-0.0761328065400789,0.0761328065400789,0.0761328065400789,0.00579620423166908,0.543829454805407,1.13953963308696,1,1.49764429027837,-0.00235570972162691,0.00235570972162691,0.00235570972162691,5.54936829256753e-06,1.45999887603359,1.55022194209729,1,1.81726464342754,0.0172646434275445,0.0172646434275445,0.0172646434275445,0.000298067912680256,1.73159903531605,1.90707161051259,1
17,"n1000-b1_2-b2_2p5-b3_2p5",1000,9,169,1,1,0.6931472,0.9162907,0.9162907,1.5,1.8,1,1.3,0.072,334,151,343,172,FALSE,NA,TRUE,NA,0.825914964259313,0.132767764259313,0.132767764259313,0.132767764259313,0.0176272792264166,0.586835960455037,1.06770550236131,1,0.90076446196957,-0.0155262380304299,0.0155262380304299,0.0155262380304299,0.000241064067377566,0.694342381187344,1.10994377690824,1,0.801674710714168,-0.114615989285832,0.114615989285832,0.114615989285832,0.0131368249999699,0.507458088990105,1.09475773522012,1,1.53912264618205,0.03912264618205,0.03912264618205,0.03912264618205,0.00153058144428587,1.41814233974203,1.66137866486772,1,1.80045986805527,0.000459868055271651,0.000459868055271651,0.000459868055271651,2.1147862825933e-07,1.67375621335517,1.88674768409771,1
17,"n1000-b1_2-b2_2p5-b3_2p5",1000,10,170,1,1,0.6931472,0.9162907,0.9162907,1.5,1.8,1,1.3,0.083,349,182,308,161,FALSE,NA,TRUE,NA,0.762439745154117,0.0692925451541174,0.0692925451541174,0.0692925451541174,0.0048014568139354,0.517456166618717,1.01162979552562,1,0.943521017682108,0.0272303176821078,0.0272303176821078,0.0272303176821078,0.000741490201068514,0.723120491069398,1.17188233170687,1,0.850840719994666,-0.0654499800053338,0.0654499800053338,0.0654499800053338,0.00428369988269859,0.547565999957836,1.14833241013575,1,1.45001607850965,-0.0499839214903495,0.0499839214903495,0.0499839214903495,0.00249839240755342,1.36215501407001,1.5074146924364,1,1.76817184184608,-0.0318281581539221,0.0318281581539221,0.0318281581539221,0.00101303165147108,1.51260992809847,1.87032057541933,1
18,"n1000-b1_2-b2_2p5-b3_2p5",1000,1,171,1,1,0.6931472,0.9162907,0.9162907,1.5,1.8,1,1.3,0.081,333,174,337,156,FALSE,NA,TRUE,NA,0.625280354212486,-0.0678668457875141,0.0678668457875141,0.0678668457875141,0.00460590875714622,0.381923179470888,0.872606617470289,1,0.836688966572735,-0.0796017334272653,0.0796017334272653,0.0796017334272653,0.0063364359646254,0.613479890924343,1.06229844566123,1,0.969663969868735,0.0533732698687347,0.0533732698687347,0.0533732698687347,0.00284870593648078,0.671321097919537,1.26789139524463,1,1.54683638963422,0.0468363896342219,0.0468363896342219,0.0468363896342219,0.00219364739396865,1.4705622515336,1.64943262511038,1,1.82384178805809,0.0238417880580892,0.0238417880580892,0.0238417880580892,0.000568430857806846,1.7662228059809,1.92723553961462,1
18,"n1000-b1_2-b2_2p5-b3_2p5",1000,2,172,1,1,0.6931472,0.9162907,0.9162907,1.5,1.8,1,1.3,0.073,308,174,350,168,FALSE,NA,TRUE,NA,0.477652432059709,-0.215494767940291,0.215494767940291,0.215494767940291,0.0464379950096398,0.242990744412798,0.712579252082717,1,0.730866931695394,-0.185423768304606,0.185423768304606,0.185423768304606,0.0343819738522803,0.520662633737333,0.945398765651701,1,1.20079179360872,0.284501093608725,0.284501093608725,0.284501093608725,0.0809408722645603,0.897697685485553,1.49751841331323,1,1.45588112218288,-0.0441188778171222,0.0441188778171222,0.0441188778171222,0.00194647537984216,1.39013455218506,1.56459979010615,1,1.75950197469173,-0.0404980253082732,0.0404980253082732,0.0404980253082732,0.00164009005386953,1.68121567260941,1.85552048799245,1
18,"n1000-b1_2-b2_2p5-b3_2p5",1000,3,173,1,1,0.6931472,0.9162907,0.9162907,1.5,1.8,1,1.3,0.07,332,158,344,166,FALSE,NA,TRUE,NA,0.445940281055659,-0.247206918944341,0.247206918944341,0.247206918944341,0.0611112607739542,0.208976307290175,0.684171347321836,0,0.822593400478747,-0.0936972995212534,0.0936972995212534,0.0936972995212534,0.00877918393757547,0.615165955239918,1.0342216102893,1,1.29669083370234,0.380400133702336,0.380400133702336,0.380400133702336,0.144704261720755,1.00194777766723,1.59306385432323,0,1.45151219483118,-0.048487805168818,0.048487805168818,0.048487805168818,0.00235106725008925,1.40732086297891,1.50742952229936,1,1.87300174951548,0.0730017495154756,0.0730017495154756,0.0730017495154756,0.00532925543232024,1.77911968455992,1.98230032537179,1
18,"n1000-b1_2-b2_2p5-b3_2p5",1000,4,174,1,1,0.6931472,0.9162907,0.9162907,1.5,1.8,1,1.3,0.076,353,132,346,169,FALSE,NA,TRUE,NA,0.639766438124246,-0.0533807618757537,0.0533807618757537,0.0533807618757537,0.00284950573843592,0.384023720875224,0.899421068522601,1,0.932332794656822,0.016042094656822,0.016042094656822,0.016042094656822,0.000257348800978438,0.71526049601125,1.15408058002794,1,1.005064052807,0.0887733528070003,0.0887733528070003,0.0887733528070003,0.00788070816859614,0.691920570280882,1.31445566802485,1,1.44389335864493,-0.056106641355071,0.056106641355071,0.056106641355071,0.00314795520414657,1.3299032899332,1.54544700174525,1,1.72777254859397,-0.0722274514060306,0.0722274514060306,0.0722274514060306,0.00521680473661051,1.61720518815534,1.84521605623398,1
18,"n1000-b1_2-b2_2p5-b3_2p5",1000,5,175,1,1,0.6931472,0.9162907,0.9162907,1.5,1.8,1,1.3,0.0669999999999999,323,162,352,163,FALSE,NA,TRUE,NA,0.577522410806992,-0.115624789193008,0.115624789193008,0.115624789193008,0.0133690918759276,0.33883118973383,0.82036544607374,1,0.782854768852305,-0.133435931147695,0.133435931147695,0.133435931147695,0.0178051477212525,0.576171707510493,0.997602706917551,1,1.08561119606463,0.169320496064631,0.169320496064631,0.169320496064631,0.0286694303875727,0.78723074741576,1.3813062305369,1,1.45139158688218,-0.0486084131178179,0.0486084131178179,0.0486084131178179,0.00236277782583246,1.39146460086866,1.63019914863046,1,1.76046133329487,-0.0395386667051278,0.0395386667051278,0.0395386667051278,0.00156330616481919,1.70002608145634,1.90073811829882,1
18,"n1000-b1_2-b2_2p5-b3_2p5",1000,6,176,1,1,0.6931472,0.9162907,0.9162907,1.5,1.8,1,1.3,0.0580000000000001,355,137,346,162,FALSE,NA,TRUE,NA,0.614725828176086,-0.0784213718239142,0.0784213718239142,0.0784213718239142,0.0061499115587446,0.373347314542339,0.860161992135088,1,0.890617165904158,-0.0256735340958417,0.0256735340958417,0.0256735340958417,0.000659130352970347,0.681807478819353,1.10303954204876,1,1.00158159094303,0.0852908909430277,0.0852908909430277,0.0852908909430277,0.00727453607785544,0.704368794979504,1.29680913513442,1,1.41828304028908,-0.0817169597109249,0.0817169597109249,0.0817169597109249,0.00667766150439692,1.34829517719667,1.53273829906406,1,1.73808272940327,-0.0619172705967315,0.0619172705967315,0.0619172705967315,0.00383374839814887,1.64362795334127,1.89211965451328,1
18,"n1000-b1_2-b2_2p5-b3_2p5",1000,7,177,1,1,0.6931472,0.9162907,0.9162907,1.5,1.8,1,1.3,0.072,356,158,301,185,FALSE,NA,TRUE,NA,0.503165262226068,-0.189981937773932,0.189981937773932,0.189981937773932,0.0360931366803381,0.267595168286918,0.736935105851029,1,0.841677431738759,-0.0746132682612415,0.0746132682612415,0.0746132682612415,0.00556713980062399,0.636351266219644,1.04762945972139,1,1.08562654725949,0.169335847259485,0.169335847259485,0.169335847259485,0.0286746291670877,0.792357092792043,1.38056539216831,1,1.52583015510448,0.0258301551044802,0.0258301551044802,0.0258301551044802,0.000667196912721503,1.4740168273169,1.62407955156017,1,1.8156565476271,0.0156565476270984,0.0156565476270984,0.0156565476270984,0.000245127483599602,1.77644374906811,1.87224442518088,1
18,"n1000-b1_2-b2_2p5-b3_2p5",1000,8,178,1,1,0.6931472,0.9162907,0.9162907,1.5,1.8,1,1.3,0.0580000000000001,310,193,330,167,FALSE,NA,TRUE,NA,0.748222133824704,0.0550749338247045,0.0550749338247045,0.0550749338247045,0.00303324833579558,0.517954841383446,0.979014602230537,1,0.957042682114067,0.0407519821140667,0.0407519821140667,0.0407519821140667,0.00166072404622521,0.742949062895987,1.17591273686621,1,0.699717301512565,-0.216573398487435,0.216573398487435,0.216573398487435,0.0469040369323974,0.413213281515758,0.982923356607196,1,1.5055699528336,0.00556995283359685,0.00556995283359685,0.00556995283359685,3.10243745684936e-05,1.44827028395318,1.59947898668305,1,1.82549754522545,0.0254975452254524,0.0254975452254524,0.0254975452254524,0.000650124812523993,1.75673413880525,1.97484245936411,1
18,"n1000-b1_2-b2_2p5-b3_2p5",1000,9,179,1,1,0.6931472,0.9162907,0.9162907,1.5,1.8,1,1.3,0.0639999999999999,326,164,337,173,FALSE,NA,TRUE,NA,0.406053974650079,-0.287093225349921,0.287093225349921,0.287093225349921,0.0824225200418206,0.174988668393691,0.632581939140377,0,0.702373522343502,-0.213917177656498,0.213917177656498,0.213917177656498,0.0457605588965217,0.502056231306837,0.909191044179161,0,1.15203082909506,0.235740129095055,0.235740129095055,0.235740129095055,0.0555734084657533,0.865377891634879,1.43550468248521,1,1.51225893093241,0.0122589309324073,0.0122589309324073,0.0122589309324073,0.000150281387605532,1.47615397116559,1.55300243630219,1,1.82800655233366,0.0280065523336566,0.0280065523336566,0.0280065523336566,0.000784366973617844,1.76861300719312,1.88661481124465,1
18,"n1000-b1_2-b2_2p5-b3_2p5",1000,10,180,1,1,0.6931472,0.9162907,0.9162907,1.5,1.8,1,1.3,0.086,313,165,342,180,FALSE,NA,TRUE,NA,0.664638389013946,-0.0285088109860543,0.0285088109860543,0.0285088109860543,0.00081275230383857,0.429108318867741,0.907366746496247,1,0.906058781642014,-0.0102319183579862,0.0102319183579862,0.0102319183579862,0.000104692153284495,0.70145692304608,1.11357426016362,1,1.12674972859131,0.210459028591314,0.210459028591314,0.210459028591314,0.0442930027155997,0.826830899795616,1.4230680287134,1,1.53882432705622,0.0388243270562196,0.0388243270562196,0.0388243270562196,0.00150732837136831,1.47357981822504,1.59590020777633,1,1.85372448789599,0.0537244878959919,0.0537244878959919,0.0537244878959919,0.00288632059968658,1.79935262048626,1.91784196248615,1
19,"n1000-b1_2-b2_2p5-b3_2p5",1000,1,181,1,1,0.6931472,0.9162907,0.9162907,1.5,1.8,1,1.3,0.07,319,144,359,178,FALSE,NA,TRUE,NA,0.58585403500474,-0.10729316499526,0.10729316499526,0.10729316499526,0.0115118232547001,0.339379382574038,0.828871049634855,1,0.89504108674903,-0.0212496132509701,0.0212496132509701,0.0212496132509701,0.000451546063315803,0.688365940909635,1.10527624357357,1,1.02152157764349,0.105230877643494,0.105230877643494,0.105230877643494,0.0110735376096201,0.730027011015347,1.31623943453863,1,1.4729372144263,-0.0270627855736971,0.0270627855736971,0.0270627855736971,0.000732394363007909,1.41884659977789,1.53719914318744,1,1.73535541619433,-0.0646445838056748,0.0646445838056748,0.0646445838056748,0.00417892221540892,1.66312233488384,1.81628545621234,1
19,"n1000-b1_2-b2_2p5-b3_2p5",1000,2,182,1,1,0.6931472,0.9162907,0.9162907,1.5,1.8,1,1.3,0.08,348,171,321,160,FALSE,NA,TRUE,NA,0.82091270443285,0.12776550443285,0.12776550443285,0.12776550443285,0.0163240241229806,0.579131430364517,1.0669153425865,1,0.980508547390835,0.064217847390835,0.064217847390835,0.064217847390835,0.00412393192351258,0.762248457040333,1.20541952879388,1,0.82817590812694,-0.08811479187306,0.08811479187306,0.08811479187306,0.00776421654683269,0.530636145665409,1.12236318814061,1,1.51781741514308,0.0178174151430763,0.0178174151430763,0.0178174151430763,0.000317460282380726,1.45018223065869,1.5930588482913,1,1.82048036424026,0.0204803642402569,0.0204803642402569,0.0204803642402569,0.000419445319413594,1.7845254422692,1.89576854995958,1
19,"n1000-b1_2-b2_2p5-b3_2p5",1000,3,183,1,1,0.6931472,0.9162907,0.9162907,1.5,1.8,1,1.3,0.071,330,163,335,172,FALSE,NA,TRUE,NA,0.5911617841347,-0.1019854158653,0.1019854158653,0.1019854158653,0.0104010250492182,0.355917389377585,0.829485661717902,1,0.767158595567117,-0.149132104432883,0.149132104432883,0.149132104432883,0.0222403845725803,0.56114941254304,0.978118893405536,1,0.982805624224541,0.0665149242245411,0.0665149242245411,0.0665149242245411,0.00442423514459644,0.693721535818243,1.2761541347679,1,1.55528007758752,0.05528007758752,0.05528007758752,0.05528007758752,0.00305588697808223,1.45786513694565,1.69575767231601,1,1.68098979044346,-0.119010209556545,0.119010209556545,0.119010209556545,0.0141634299786927,1.63375917299851,1.83328684849317,1
19,"n1000-b1_2-b2_2p5-b3_2p5",1000,4,184,1,1,0.6931472,0.9162907,0.9162907,1.5,1.8,1,1.3,0.074,314,159,353,174,FALSE,NA,TRUE,NA,0.649807152014547,-0.0433400479854533,0.0433400479854533,0.0433400479854533,0.0018783597593814,0.406219893916288,0.891867683408385,1,1.01160130793576,0.0953106079357628,0.0953106079357628,0.0953106079357628,0.0090841119850847,0.799583662327879,1.23042012876816,1,0.814456404194354,-0.101834295805646,0.101834295805646,0.101834295805646,0.0103702238022319,0.520373854852556,1.10927961309105,1,1.47607799912132,-0.0239220008786842,0.0239220008786842,0.0239220008786842,0.000572262126039769,1.44753515821893,1.52907052503764,1,1.70055667027733,-0.0994433297226736,0.0994433297226736,0.0994433297226736,0.00988897582633237,1.66122818305438,1.78168914237473,0
19,"n1000-b1_2-b2_2p5-b3_2p5",1000,5,185,1,1,0.6931472,0.9162907,0.9162907,1.5,1.8,1,1.3,0.074,353,162,320,165,FALSE,NA,TRUE,NA,0.668191769961222,-0.0249554300387779,0.0249554300387779,0.0249554300387779,0.000622773488420337,0.428616511651896,0.907088950310893,1,0.84326373220728,-0.07302696779272,0.07302696779272,0.07302696779272,0.00533293802499896,0.629091011384737,1.06003252258466,1,1.08497670663997,0.168686006639968,0.168686006639968,0.168686006639968,0.0284549688361394,0.78890304747342,1.37615065985398,1,1.5174419267596,0.0174419267595975,0.0174419267595975,0.0174419267595975,0.000304220809087165,1.49518913256843,1.53704654233952,1,1.79286281176311,-0.00713718823688536,0.00713718823688536,0.00713718823688536,5.09394559287348e-05,1.77172229730251,1.82719396224919,1
19,"n1000-b1_2-b2_2p5-b3_2p5",1000,6,186,1,1,0.6931472,0.9162907,0.9162907,1.5,1.8,1,1.3,0.091,304,169,330,197,FALSE,NA,TRUE,NA,1.00390976914457,0.31076256914457,0.31076256914457,0.31076256914457,0.0965733743813337,0.768083575996869,1.23945602046059,0,1.12278387413736,0.206493174137356,0.206493174137356,0.206493174137356,0.0426394309653203,0.910527948888497,1.33878741216261,1,0.624699412346596,-0.291591287653404,0.291591287653404,0.291591287653404,0.0850254790353702,0.335586115971499,0.91662002279804,1,1.43522060850715,-0.0647793914928476,0.0647793914928476,0.0647793914928476,0.00419636956218362,1.39727889670527,1.51883187381589,1,1.7706223473343,-0.0293776526657012,0.0293776526657012,0.0293776526657012,0.000863046476146584,1.72412959818116,1.8868932138473,1
19,"n1000-b1_2-b2_2p5-b3_2p5",1000,7,187,1,1,0.6931472,0.9162907,0.9162907,1.5,1.8,1,1.3,0.07,350,169,331,150,FALSE,NA,TRUE,NA,0.803411246210516,0.110264046210516,0.110264046210516,0.110264046210516,0.0121581598867147,0.552288034267948,1.05772750470219,1,1.05181383087179,0.135523130871788,0.135523130871788,0.135523130871788,0.0183665190012917,0.822561113017373,1.28888594776912,1,0.723464736504316,-0.192825963495684,0.192825963495684,0.192825963495684,0.0371818521980388,0.419481898155027,1.023869176564,1,1.47603136368017,-0.0239686363198253,0.0239686363198253,0.0239686363198253,0.000574495527032047,1.40678787752076,1.56501447063311,1,1.71553800262864,-0.0844619973713634,0.0844619973713634,0.0844619973713634,0.0071338289999602,1.62960847227704,1.82191098109015,1
19,"n1000-b1_2-b2_2p5-b3_2p5",1000,8,188,1,1,0.6931472,0.9162907,0.9162907,1.5,1.8,1,1.3,0.0679999999999999,336,175,319,170,FALSE,NA,TRUE,NA,0.945659432267203,0.252512232267203,0.252512232267203,0.252512232267203,0.063762427444566,0.704343620846951,1.1869982648291,0,1.025724108094,0.109433408093998,0.109433408093998,0.109433408093998,0.0119756708070675,0.80687236913964,1.24706679950688,1,0.76001352609144,-0.15627717390856,0.15627717390856,0.15627717390856,0.0244225550848462,0.472715232054537,1.05306938516826,1,1.5595867271512,0.0595867271511976,0.0595867271511976,0.0595867271511976,0.00355057805259127,1.4327982368347,1.60963354996631,1,1.83429597096309,0.0342959709630901,0.0342959709630901,0.0342959709630901,0.00117621362430112,1.79707161827544,1.92114250676174,1
19,"n1000-b1_2-b2_2p5-b3_2p5",1000,9,189,1,1,0.6931472,0.9162907,0.9162907,1.5,1.8,1,1.3,0.081,312,165,350,173,FALSE,NA,TRUE,NA,0.562872243478293,-0.130274956521707,0.130274956521707,0.130274956521707,0.0169715642967327,0.320816825889453,0.802264272648796,1,0.869319419885974,-0.0469712801140258,0.0469712801140258,0.0469712801140258,0.00220630115555028,0.659293493183474,1.08195992836996,1,1.24620158762733,0.329910887627326,0.329910887627326,0.329910887627326,0.10884119377505,0.944622365583476,1.54815576995837,0,1.52777510481872,0.0277751048187198,0.0277751048187198,0.0277751048187198,0.000771456447690872,1.44858732374065,1.65231563486189,1,1.77806242736574,-0.0219375726342601,0.0219375726342601,0.0219375726342601,0.000481257093083438,1.70667826008297,1.87746616887139,1
19,"n1000-b1_2-b2_2p5-b3_2p5",1000,10,190,1,1,0.6931472,0.9162907,0.9162907,1.5,1.8,1,1.3,0.079,332,180,335,153,FALSE,NA,TRUE,NA,0.621758653623285,-0.0713885463767147,0.0713885463767147,0.0713885463767147,0.00509632455378034,0.379198005607669,0.869347527046501,1,0.872680744635679,-0.0436099553643211,0.0436099553643211,0.0436099553643211,0.00190182820687808,0.656646475784639,1.09566516258984,1,1.07505608607589,0.158765386075892,0.158765386075892,0.158765386075892,0.0252064478158272,0.775121136011252,1.37016329567831,1,1.51238859645897,0.0123885964589718,0.0123885964589718,0.0123885964589718,0.000153477322223249,1.47988925426472,1.55755610464851,1,1.78841507770191,-0.0115849222980915,0.0115849222980915,0.0115849222980915,0.000134210424652817,1.74153521415611,1.87796623144143,1
20,"n1000-b1_2-b2_2p5-b3_2p5",1000,1,191,1,1,0.6931472,0.9162907,0.9162907,1.5,1.8,1,1.3,0.083,350,162,325,163,FALSE,NA,TRUE,NA,0.891178005319182,0.198030805319182,0.198030805319182,0.198030805319182,0.0392161998553638,0.63870899455822,1.14889288142722,1,1.13292802828943,0.216637328289432,0.216637328289432,0.216637328289432,0.0469317320083832,0.906190241825496,1.36625355807276,1,0.747585385404273,-0.168705314595727,0.168705314595727,0.168705314595727,0.0284614831728433,0.444598857226232,1.05341925390778,1,1.52617322501564,0.0261732250156357,0.0261732250156357,0.0261732250156357,0.000685037707719097,1.49462987898169,1.56967359439605,1,1.7754534251436,-0.0245465748564018,0.0245465748564018,0.0245465748564018,0.000602534337180936,1.73750735705531,1.84903014000724,1
20,"n1000-b1_2-b2_2p5-b3_2p5",1000,2,192,1,1,0.6931472,0.9162907,0.9162907,1.5,1.8,1,1.3,0.076,335,187,311,167,FALSE,NA,TRUE,NA,0.859174684626674,0.166027484626674,0.166027484626674,0.166027484626674,0.0275651256514606,0.616283231422785,1.10193974921495,1,0.996914039600351,0.0806233396003513,0.0806233396003513,0.0806233396003513,0.00650012288831357,0.777981087302811,1.22221491979026,1,0.913320798769593,-0.00296990123040708,0.00296990123040708,0.00296990123040708,8.82031331837348e-06,0.611845748474639,1.21230648805058,1,1.5415683440495,0.0415683440495014,0.0415683440495014,0.0415683440495014,0.00172792722701772,1.454013573704,1.65628765382162,1,1.73673619770064,-0.0632638022993575,0.0632638022993575,0.0632638022993575,0.00400230868137219,1.66541841580849,1.85469813039911,1
20,"n1000-b1_2-b2_2p5-b3_2p5",1000,3,193,1,1,0.6931472,0.9162907,0.9162907,1.5,1.8,1,1.3,0.078,307,178,327,188,FALSE,NA,TRUE,NA,0.524889579078025,-0.168257620921975,0.168257620921975,0.168257620921975,0.0283106269983231,0.302815394280028,0.751030500217635,1,0.824124751603264,-0.0921659483967364,0.0921659483967364,0.0921659483967364,0.00849456204386988,0.619587809775229,1.03381470302537,1,1.06300561261342,0.146714912613423,0.146714912613423,0.146714912613423,0.0215252655831644,0.774147123804186,1.35214800562338,1,1.4930632334712,-0.0069367665287996,0.0069367665287996,0.0069367665287996,4.81187298750744e-05,1.44928964595271,1.53884718475226,1,1.81849038089512,0.0184903808951209,0.0184903808951209,0.0184903808951209,0.000341894185646652,1.77246765580493,1.91853114845212,1
20,"n1000-b1_2-b2_2p5-b3_2p5",1000,4,194,1,1,0.6931472,0.9162907,0.9162907,1.5,1.8,1,1.3,0.077,318,171,345,166,FALSE,NA,TRUE,NA,0.691330869596475,-0.00181633040352491,0.00181633040352491,0.00181633040352491,3.29905613476897e-06,0.451887215211807,0.932258135002588,1,0.835528226263124,-0.0807624737368762,0.0807624737368762,0.0807624737368762,0.00652257716409961,0.626304336752214,1.04900366640791,1,1.00136177700898,0.0850710770089824,0.0850710770089824,0.0850710770089824,0.00723708814346822,0.705737598605831,1.29243201493841,1,1.55350969179274,0.0535096917927365,0.0535096917927365,0.0535096917927365,0.00286328711575365,1.48598650185533,1.66899205810852,1,1.85405934692874,0.054059346928742,0.054059346928742,0.054059346928742,0.00292241299036209,1.76443403954676,1.97375373958271,1
20,"n1000-b1_2-b2_2p5-b3_2p5",1000,5,195,1,1,0.6931472,0.9162907,0.9162907,1.5,1.8,1,1.3,0.081,313,181,334,172,FALSE,NA,TRUE,NA,0.816136213236994,0.122989013236994,0.122989013236994,0.122989013236994,0.0151262973770094,0.582400426548568,1.05160780486588,1,0.845797075144763,-0.0704936248552371,0.0704936248552371,0.0704936248552371,0.00496935114523091,0.633423921546273,1.05866656349476,1,0.849958068669655,-0.0663326313303452,0.0663326313303452,0.0663326313303452,0.00440001797920749,0.558827090265791,1.13934265162006,1,1.51118601633446,0.0111860163344581,0.0111860163344581,0.0111860163344581,0.000125126961434765,1.45721114315971,1.6040403775892,1,1.79903373880234,-0.00096626119766019,0.00096626119766019,0.00096626119766019,9.33660702103704e-07,1.72705484332641,1.89111760304094,1
20,"n1000-b1_2-b2_2p5-b3_2p5",1000,6,196,1,1,0.6931472,0.9162907,0.9162907,1.5,1.8,1,1.3,0.074,313,180,333,174,FALSE,NA,TRUE,NA,0.722635864777968,0.0294886647779682,0.0294886647779682,0.0294886647779682,0.000869581350387382,0.490945567394286,0.954143998542107,1,0.927285781876453,0.0109950818764529,0.0109950818764529,0.0109950818764529,0.000120891825469904,0.718061293717618,1.14008941434646,1,1.05105065014309,0.134759950143086,0.134759950143086,0.134759950143086,0.018160244162567,0.7609245129615,1.34353103003281,1,1.47519744398577,-0.02480255601423,0.02480255601423,0.02480255601423,0.000615166784839016,1.3943129273393,1.52960131515339,1,1.8154096422796,0.0154096422795964,0.0154096422795964,0.0154096422795964,0.000237457075185125,1.76576536248131,1.89063592531958,1
20,"n1000-b1_2-b2_2p5-b3_2p5",1000,7,197,1,1,0.6931472,0.9162907,0.9162907,1.5,1.8,1,1.3,0.078,314,154,349,183,FALSE,NA,TRUE,NA,0.883590784849576,0.190443584849576,0.190443584849576,0.190443584849576,0.0362687590103576,0.640146523097787,1.12448211611865,1,0.973192417460274,0.0569017174602738,0.0569017174602738,0.0569017174602738,0.00323780544992883,0.765275262551351,1.18717259815616,1,0.686802066071527,-0.229488633928473,0.229488633928473,0.229488633928473,0.0526650331023565,0.385903022417682,0.979623773134492,1,1.49572747440356,-0.00427252559644042,0.00427252559644042,0.00427252559644042,1.82544749722386e-05,1.42258917377804,1.56556207789523,1,1.78181313380291,-0.0181868661970905,0.0181868661970905,0.0181868661970905,0.000330762102070874,1.635021184828,1.859577076384,1
20,"n1000-b1_2-b2_2p5-b3_2p5",1000,8,198,1,1,0.6931472,0.9162907,0.9162907,1.5,1.8,1,1.3,0.074,349,175,331,145,FALSE,NA,TRUE,NA,0.638360583073838,-0.0547866169261616,0.0547866169261616,0.0547866169261616,0.00300157339421398,0.389221495349645,0.886580823396911,1,1.00049003561411,0.084199335614108,0.084199335614108,0.084199335614108,0.00708952811785719,0.769174266101884,1.23161228287742,1,0.880901321473159,-0.0353893785268412,0.0353893785268412,0.0353893785268412,0.00125240811251605,0.577274675067449,1.17384801503501,1,1.47096889436997,-0.0290311056300263,0.0290311056300263,0.0290311056300263,0.000842805094101745,1.43157900300269,1.58463455236604,1,1.81757687003362,0.0175768700336159,0.0175768700336159,0.0175768700336159,0.000308946360178623,1.7417272112041,1.90552718499904,1
20,"n1000-b1_2-b2_2p5-b3_2p5",1000,9,199,1,1,0.6931472,0.9162907,0.9162907,1.5,1.8,1,1.3,0.081,321,180,326,173,FALSE,NA,TRUE,NA,0.775496999272974,0.0823497992729744,0.0823497992729744,0.0823497992729744,0.00678148944029917,0.534762306496649,1.01678821967117,1,0.983442756879752,0.0671520568797521,0.0671520568797521,0.0671520568797521,0.00450939874318146,0.770823232061822,1.20132566266966,1,0.900931657174999,-0.0153590428250007,0.0153590428250007,0.0153590428250007,0.000235900196500204,0.603119765783546,1.19886894596,1,1.45831684479567,-0.0416831552043313,0.0416831552043313,0.0416831552043313,0.00173748542778837,1.37950196775993,1.52364898836555,1,1.73456009989668,-0.0654399001033159,0.0654399001033159,0.0654399001033159,0.00428238052553196,1.62269335087156,1.81686703326719,1
20,"n1000-b1_2-b2_2p5-b3_2p5",1000,10,200,1,1,0.6931472,0.9162907,0.9162907,1.5,1.8,1,1.3,0.075,347,149,344,160,FALSE,NA,TRUE,NA,0.794295942817624,0.101148742817624,0.101148742817624,0.101148742817624,0.0102310681735859,0.543280937522935,1.04959446459293,1,0.913800759061883,-0.0024899409381175,0.0024899409381175,0.0024899409381175,6.19980587531344e-06,0.702590685759364,1.13186116439912,1,0.87422098384558,-0.0420697161544205,0.0420697161544205,0.0420697161544205,0.00176986101731351,0.572167916410274,1.17734344417106,1,1.50805780410657,0.00805780410656998,0.00805780410656998,0.00805780410656998,6.4928207019856e-05,1.46021535082686,1.58126621441051,1,1.80446821951288,0.00446821951288401,0.00446821951288401,0.00446821951288401,1.99649856153174e-05,1.77530875333959,1.86428569231082,1
21,"n1000-b1_2-b2_2p5-b3_2p5",1000,1,201,1,1,0.6931472,0.9162907,0.9162907,1.5,1.8,1,1.3,0.074,321,163,348,168,FALSE,NA,TRUE,NA,0.643843567567987,-0.0493036324320125,0.0493036324320125,0.0493036324320125,0.002430848170991,0.402808607314049,0.888940636080158,1,0.890490082930923,-0.025800617069077,0.025800617069077,0.025800617069077,0.000665671841145147,0.682090937248894,1.10725809090777,1,1.07561006781462,0.159319367814619,0.159319367814619,0.159319367814619,0.0253826609608497,0.773698481144331,1.37791590458542,1,1.51792104035859,0.017921040358589,0.017921040358589,0.017921040358589,0.000321163687534175,1.47890236274108,1.58637896916911,1,1.80826625348992,0.00826625348992294,0.00826625348992294,0.00826625348992294,6.83309467596631e-05,1.75865025759497,1.875620887105,1
21,"n1000-b1_2-b2_2p5-b3_2p5",1000,2,202,1,1,0.6931472,0.9162907,0.9162907,1.5,1.8,1,1.3,0.079,364,144,316,176,FALSE,NA,TRUE,NA,0.769717764623299,0.0765705646232991,0.0765705646232991,0.0765705646232991,0.00586305136673083,0.521637909849877,1.02093612734183,1,1.00909512908639,0.092804429086393,0.092804429086393,0.092804429086393,0.00861266205805134,0.79488146816568,1.22577154870458,1,0.934331492218919,0.0180407922189189,0.0180407922189189,0.0180407922189189,0.000325470183886203,0.632641561168481,1.23815898816738,1,1.42567710497639,-0.0743228950236072,0.0743228950236072,0.0743228950236072,0.00552389272469014,1.37321765446249,1.48605648663066,0,1.75067879528898,-0.0493212047110159,0.0493212047110159,0.0493212047110159,0.00243258123414593,1.66587182561274,1.8560986237468,1
21,"n1000-b1_2-b2_2p5-b3_2p5",1000,3,203,1,1,0.6931472,0.9162907,0.9162907,1.5,1.8,1,1.3,0.069,346,164,322,168,FALSE,NA,TRUE,NA,0.646269078520652,-0.0468781214793479,0.0468781214793479,0.0468781214793479,0.0021975582734325,0.409045716910223,0.882688923010752,1,0.83952614967405,-0.07676455032595,0.07676455032595,0.07676455032595,0.00589279618674531,0.631053430193945,1.05244008185795,1,0.920208711491769,0.00391801149176896,0.00391801149176896,0.00391801149176896,1.53508140496336e-05,0.631266471982148,1.21118451882829,1,1.46933176495218,-0.0306682350478167,0.0306682350478167,0.0306682350478167,0.000940540640948132,1.43170181081502,1.53371721955115,1,1.79090156554691,-0.00909843445308733,0.00909843445308733,0.00909843445308733,8.27815094971266e-05,1.67159317870262,1.90089670706486,1
21,"n1000-b1_2-b2_2p5-b3_2p5",1000,4,204,1,1,0.6931472,0.9162907,0.9162907,1.5,1.8,1,1.3,0.0639999999999999,317,179,340,164,FALSE,NA,TRUE,NA,0.625737469863969,-0.0674097301360311,0.0674097301360311,0.0674097301360311,0.00454407171701254,0.394321545446348,0.858586936757522,1,0.813413671126261,-0.102877028873739,0.102877028873739,0.102877028873739,0.0105836830698881,0.604763051691031,1.02438519675203,1,0.893662298122162,-0.022628401877838,0.022628401877838,0.022628401877838,0.000512044571544942,0.602430878181538,1.1788021340822,1,1.51686505237143,0.0168650523714324,0.0168650523714324,0.0168650523714324,0.000284429991491159,1.42640524853717,1.58293284302663,1,1.81175873279045,0.011758732790452,0.011758732790452,0.011758732790452,0.000138267796837252,1.77649083597326,1.88237778068098,1
21,"n1000-b1_2-b2_2p5-b3_2p5",1000,5,205,1,1,0.6931472,0.9162907,0.9162907,1.5,1.8,1,1.3,0.075,319,193,322,166,FALSE,NA,TRUE,NA,0.746251494933844,0.0531042949338442,0.0531042949338442,0.0531042949338442,0.00282006614042071,0.515497806372433,0.976805509498943,1,0.868007647621918,-0.0482830523780825,0.0482830523780825,0.0482830523780825,0.00233125314694466,0.648372333359601,1.08993087190932,1,0.955212828184588,0.038922128184588,0.038922128184588,0.038922128184588,0.0015149320624175,0.665171786763713,1.25007582239925,1,1.50629923716535,0.00629923716535208,0.00629923716535208,0.00629923716535208,3.96803888653529e-05,1.37394366197767,1.5843940453575,1,1.82372630582617,0.023726305826167,0.023726305826167,0.023726305826167,0.000562937588156805,1.67932764084203,1.93424224975057,1
21,"n1000-b1_2-b2_2p5-b3_2p5",1000,6,206,1,1,0.6931472,0.9162907,0.9162907,1.5,1.8,1,1.3,0.071,348,164,337,151,FALSE,NA,TRUE,NA,0.634146100000622,-0.0590010999993775,0.0590010999993775,0.0590010999993775,0.00348112980113655,0.385306643654534,0.887342775627108,1,1.06900054338137,0.152709843381367,0.152709843381367,0.152709843381367,0.0233202962655617,0.845727220025383,1.29935941416721,1,0.863386533847639,-0.0529041661523608,0.0529041661523608,0.0529041661523608,0.0027988507962766,0.557965856440223,1.16560417525487,1,1.37480852020323,-0.125191479796771,0.125191479796771,0.125191479796771,0.0156729066137052,1.33301158489917,1.46027346607633,0,1.81956183045736,0.0195618304573577,0.0195618304573577,0.0195618304573577,0.000382665210842408,1.76692210279801,1.91375072348104,1
21,"n1000-b1_2-b2_2p5-b3_2p5",1000,7,207,1,1,0.6931472,0.9162907,0.9162907,1.5,1.8,1,1.3,0.083,326,159,333,182,FALSE,NA,TRUE,NA,0.784805832632546,0.0916586326325461,0.0916586326325461,0.0916586326325461,0.00840130493606805,0.541745850141506,1.02813694375516,1,1.00058448882206,0.0842937888220578,0.0842937888220578,0.0842937888220578,0.00710544283397768,0.78858432158232,1.21796215785168,1,0.795955139081715,-0.120335560918285,0.120335560918285,0.120335560918285,0.0144806472215183,0.4994612428435,1.09531667652273,1,1.46516747189805,-0.0348325281019513,0.0348325281019513,0.0348325281019513,0.00121330501397322,1.44177664533402,1.50981337820368,1,1.79367751468385,-0.0063224853161532,0.0063224853161532,0.0063224853161532,3.99738205729729e-05,1.74635123064745,1.85194519508018,1
21,"n1000-b1_2-b2_2p5-b3_2p5",1000,8,208,1,1,0.6931472,0.9162907,0.9162907,1.5,1.8,1,1.3,0.0669999999999999,328,167,328,177,FALSE,NA,TRUE,NA,0.892728497404944,0.199581297404944,0.199581297404944,0.199581297404944,0.0398326942738407,0.653593127852294,1.13496358843512,1,1.02770877712461,0.11141807712461,0.11141807712461,0.11141807712461,0.0124139879101455,0.818210480545348,1.23918574228951,1,0.643218654763315,-0.273072045236685,0.273072045236685,0.273072045236685,0.074568341889746,0.352872750291299,0.934877749225272,1,1.51619581418269,0.0161958141826852,0.0161958141826852,0.0161958141826852,0.000262304397040068,1.4799249537757,1.56070398068432,1,1.81847297345303,0.0184729734530262,0.0184729734530262,0.0184729734530262,0.000341250748196212,1.77950531049824,1.87724398326587,1
21,"n1000-b1_2-b2_2p5-b3_2p5",1000,9,209,1,1,0.6931472,0.9162907,0.9162907,1.5,1.8,1,1.3,0.091,358,165,307,170,FALSE,NA,TRUE,NA,0.844258465191013,0.151111265191013,0.151111265191013,0.151111265191013,0.0228346144676287,0.596143451332548,1.09685999401813,1,1.10856121037478,0.192270510374775,0.192270510374775,0.192270510374775,0.0369679491597766,0.887390949665453,1.33788644994214,1,0.75950896036649,-0.15678173963351,0.15678173963351,0.15678173963351,0.0245805138825098,0.454036759914052,1.06086108010059,1,1.64950413777501,0.149504137775013,0.149504137775013,0.149504137775013,0.0223514872118501,1.52335216952169,1.75198742795575,0,1.83348903255118,0.0334890325511776,0.0334890325511776,0.0334890325511776,0.00112151530121384,1.70508828964872,1.96140833035192,1
21,"n1000-b1_2-b2_2p5-b3_2p5",1000,10,210,1,1,0.6931472,0.9162907,0.9162907,1.5,1.8,1,1.3,0.071,325,176,336,163,FALSE,NA,TRUE,NA,0.761960001263936,0.0688128012639362,0.0688128012639362,0.0688128012639362,0.00473520161778998,0.523124881534867,1.00566186471998,1,1.01027635067287,0.0939856506728676,0.0939856506728676,0.0939856506728676,0.00883330253240229,0.790132773137072,1.23807016292284,1,0.917070885775692,0.000780185775692277,0.000780185775692277,0.000780185775692277,6.0868984459256e-07,0.616050887292625,1.21840713603267,1,1.55472140252297,0.054721402522967,0.054721402522967,0.054721402522967,0.00299443189408058,1.45403248823084,1.65833684193825,1,1.83543126682936,0.0354312668293599,0.0354312668293599,0.0354312668293599,0.0012553746691333,1.7587750798126,1.93220313470181,1
22,"n1000-b1_2-b2_2p5-b3_2p5",1000,1,211,1,1,0.6931472,0.9162907,0.9162907,1.5,1.8,1,1.3,0.0659999999999999,361,164,307,168,FALSE,NA,TRUE,NA,0.568143969655069,-0.125003230344931,0.125003230344931,0.125003230344931,0.0156258075966679,0.335002265264656,0.80863324657147,1,0.762097356971484,-0.154193343028516,0.154193343028516,0.154193343028516,0.0237755870343096,0.552978265846214,0.975242490079421,1,1.08597007347968,0.16967937347968,0.16967937347968,0.16967937347968,0.0287910897844566,0.797132474187856,1.37506947002395,1,1.52038248097481,0.0203824809748083,0.0203824809748083,0.0203824809748083,0.000415445530688423,1.48817338425939,1.57420457279214,1,1.82403302252002,0.0240330225200154,0.0240330225200154,0.0240330225200154,0.000577586171447566,1.76016016865155,1.90861692856419,1
22,"n1000-b1_2-b2_2p5-b3_2p5",1000,2,212,1,1,0.6931472,0.9162907,0.9162907,1.5,1.8,1,1.3,0.081,339,162,317,182,FALSE,NA,TRUE,NA,0.490371468920874,-0.202775731079126,0.202775731079126,0.202775731079126,0.041117997114674,0.249598582269486,0.728227244536128,1,0.718432993390106,-0.197857706609894,0.197857706609894,0.197857706609894,0.0391476720649269,0.512587695271325,0.929567764735997,1,1.26523764777221,0.348946947772211,0.348946947772211,0.348946947772211,0.121763972359542,0.966512173337467,1.56490546927085,0,1.44723032778615,-0.0527696722138491,0.0527696722138491,0.0527696722138491,0.00278463830555708,1.30511525950385,1.51203785390883,1,1.68897296959514,-0.111027030404855,0.111027030404855,0.111027030404855,0.0123270014805206,1.41272170566885,1.8227449452164,1
22,"n1000-b1_2-b2_2p5-b3_2p5",1000,3,213,1,1,0.6931472,0.9162907,0.9162907,1.5,1.8,1,1.3,0.082,326,152,345,177,FALSE,NA,TRUE,NA,0.840507391790916,0.147360191790916,0.147360191790916,0.147360191790916,0.0217150261246555,0.592384560575613,1.09010111519923,1,0.941069193732177,0.0247784937321772,0.0247784937321772,0.0247784937321772,0.000613973751635546,0.72803992017241,1.16081340496449,1,0.713668673618216,-0.202622026381784,0.202622026381784,0.202622026381784,0.0410556855750603,0.411986536478606,1.01027229992468,1,1.45532751357769,-0.0446724864223054,0.0446724864223054,0.0446724864223054,0.00199563104315106,1.33634273512645,1.55370762866174,1,1.75154424389905,-0.0484557561009535,0.0484557561009535,0.0484557561009535,0.0023479602993151,1.67067174168277,1.86850320827129,1
22,"n1000-b1_2-b2_2p5-b3_2p5",1000,4,214,1,1,0.6931472,0.9162907,0.9162907,1.5,1.8,1,1.3,0.083,312,163,361,164,FALSE,NA,TRUE,NA,0.88586562658996,0.19271842658996,0.19271842658996,0.19271842658996,0.03714039194731,0.641169393874725,1.13730632731554,1,1.01744978362942,0.101159083629418,0.101159083629418,0.101159083629418,0.0102331602007436,0.803016874437946,1.23918550351514,1,0.719192717899268,-0.197097982100732,0.197097982100732,0.197097982100732,0.0388476145481806,0.422148030536567,1.01095717476751,1,1.52933619834624,0.0293361983462421,0.0293361983462421,0.0293361983462421,0.000860612533410059,1.49024710047441,1.5891287970099,1,1.82647436876868,0.0264743687686848,0.0264743687686848,0.0264743687686848,0.000700892201700314,1.79127327594135,1.89388175544556,1
22,"n1000-b1_2-b2_2p5-b3_2p5",1000,5,215,1,1,0.6931472,0.9162907,0.9162907,1.5,1.8,1,1.3,0.072,318,183,342,157,FALSE,NA,TRUE,NA,0.728909339863801,0.0357621398638006,0.0357621398638006,0.0357621398638006,0.00127893064763804,0.492798932690361,0.969633949835372,1,1.07850866767233,0.162217967672331,0.162217967672331,0.162217967672331,0.0263146690357413,0.860241136800439,1.30216337638181,1,0.809556038187184,-0.106734661812816,0.106734661812816,0.106734661812816,0.0113922880322962,0.515320222964096,1.10480814344143,1,1.54031851208645,0.0403185120864471,0.0403185120864471,0.0403185120864471,0.00162558241686498,1.49211833762896,1.61010839046943,1,1.88332041500636,0.083320415006356,0.083320415006356,0.083320415006356,0.0069422915568314,1.77428354185747,2.01841816318552,1
22,"n1000-b1_2-b2_2p5-b3_2p5",1000,6,216,1,1,0.6931472,0.9162907,0.9162907,1.5,1.8,1,1.3,0.073,327,184,340,149,FALSE,NA,TRUE,NA,0.655127626817909,-0.0380195731820905,0.0380195731820905,0.0380195731820905,0.00144548794494833,0.411372117778086,0.901751703061513,1,0.795092788486665,-0.121197911513335,0.121197911513335,0.121197911513335,0.0146889337551942,0.575194065870635,1.01917692221052,1,0.984349715547421,0.0680590155474213,0.0680590155474213,0.0680590155474213,0.00463202959728414,0.687844435542395,1.28032785324365,1,1.52007992923527,0.0200799292352651,0.0200799292352651,0.0200799292352651,0.000403203558093256,1.47987775852525,1.58629533545619,1,1.78702413449894,-0.012975865501065,0.012975865501065,0.012975865501065,0.000168373085501729,1.74954219134513,1.83526826431495,1
22,"n1000-b1_2-b2_2p5-b3_2p5",1000,7,217,1,1,0.6931472,0.9162907,0.9162907,1.5,1.8,1,1.3,0.0639999999999999,323,158,349,170,FALSE,NA,TRUE,NA,0.838275992086806,0.145128792086807,0.145128792086807,0.145128792086807,0.0210623662925755,0.59325449622877,1.08325005037718,1,0.889518078610372,-0.026772621389628,0.026772621389628,0.026772621389628,0.000716773256072366,0.679516960895168,1.10252139303287,1,0.775113144475655,-0.141177555524345,0.141177555524345,0.141177555524345,0.0199311021838295,0.47560999684424,1.062976148795,1,1.47885593022327,-0.0211440697767264,0.0211440697767264,0.0211440697767264,0.000447071686723077,1.37991380298553,1.61515421280957,1,1.77549829807305,-0.0245017019269487,0.0245017019269487,0.0245017019269487,0.00060033339731704,1.68837169419218,1.89629037866994,1
22,"n1000-b1_2-b2_2p5-b3_2p5",1000,8,218,1,1,0.6931472,0.9162907,0.9162907,1.5,1.8,1,1.3,0.0610000000000001,328,187,328,157,FALSE,NA,TRUE,NA,0.503627067647277,-0.189520132352722,0.189520132352722,0.189520132352722,0.0359178805669934,0.268694085926384,0.740518302648015,1,0.876675056013762,-0.0396156439862381,0.0396156439862381,0.0396156439862381,0.00156939924844436,0.664136925583682,1.09538500994244,1,1.17816158847198,0.261870888471976,0.261870888471976,0.261870888471976,0.0685763622291021,0.88242607483468,1.47556401040626,1,1.45554444347393,-0.0444555565260691,0.0444555565260691,0.0444555565260691,0.00197629650604253,1.35961280238818,1.52039329109621,1,1.74088850792003,-0.0591114920799662,0.0591114920799662,0.0591114920799662,0.00349416849591991,1.57270448457463,1.81348710671143,1
22,"n1000-b1_2-b2_2p5-b3_2p5",1000,9,219,1,1,0.6931472,0.9162907,0.9162907,1.5,1.8,1,1.3,0.0679999999999999,344,173,327,156,FALSE,NA,TRUE,NA,0.744323009807975,0.0511758098079745,0.0511758098079745,0.0511758098079745,0.00261896350950198,0.49933842949856,0.989590255917762,1,0.975885218426562,0.0595945184265617,0.0595945184265617,0.0595945184265617,0.0035515066264938,0.754382917469776,1.20120372839666,1,0.909961476895319,-0.00632922310468076,0.00632922310468076,0.00632922310468076,4.00590651088247e-05,0.612836696123668,1.20787306109361,1,1.48599517007449,-0.0140048299255129,0.0140048299255129,0.0140048299255129,0.000196135261242541,1.43839436346843,1.54758076295179,1,1.78505625396534,-0.0149437460346578,0.0149437460346578,0.0149437460346578,0.000223315545548349,1.71939702585492,1.85330446166728,1
22,"n1000-b1_2-b2_2p5-b3_2p5",1000,10,220,1,1,0.6931472,0.9162907,0.9162907,1.5,1.8,1,1.3,0.077,323,178,322,177,FALSE,NA,TRUE,NA,0.61248631942946,-0.0806608805705403,0.0806608805705403,0.0806608805705403,0.00650617765441497,0.383615318019571,0.84023019600679,1,0.773493509942795,-0.142797190057205,0.142797190057205,0.142797190057205,0.0203910374882336,0.566824884123128,0.983051194088641,1,0.95706260484368,0.0407719048436803,0.0407719048436803,0.0407719048436803,0.00166234822458212,0.669996390199731,1.24858706355174,1,1.54196690873904,0.0419669087390389,0.0419669087390389,0.0419669087390389,0.00176122142911082,1.48320037252289,1.61927238502778,1,1.79126988541455,-0.00873011458545392,0.00873011458545392,0.00873011458545392,7.62149006751552e-05,1.72583214689351,1.90591871760476,1
23,"n1000-b1_2-b2_2p5-b3_2p5",1000,1,221,1,1,0.6931472,0.9162907,0.9162907,1.5,1.8,1,1.3,0.077,328,158,340,174,FALSE,NA,TRUE,NA,0.714401209351853,0.0212540093518531,0.0212540093518531,0.0212540093518531,0.000451732913528658,0.47437770879057,0.955835020862541,1,0.828317606274906,-0.0879730937250943,0.0879730937250943,0.0879730937250943,0.00773926521956423,0.623871764033029,1.03853237313839,1,0.984225588387426,0.0679348883874258,0.0679348883874258,0.0679348883874258,0.004615149060212,0.690876427785489,1.27871433570092,1,1.5543217003882,0.0543217003882004,0.0543217003882004,0.0543217003882004,0.00295084713306541,1.48679152922508,1.66582935326623,1,1.8354456789676,0.0354456789676032,0.0354456789676032,0.0354456789676032,0.00125639615747439,1.7941098621573,1.92844127142615,1
23,"n1000-b1_2-b2_2p5-b3_2p5",1000,2,222,1,1,0.6931472,0.9162907,0.9162907,1.5,1.8,1,1.3,0.069,341,158,349,152,FALSE,NA,TRUE,NA,0.692711837936296,-0.000435362063703537,0.000435362063703537,0.000435362063703537,1.89540126512203e-07,0.44613688576036,0.943963212188751,1,0.830853501747573,-0.0854371982524272,0.0854371982524272,0.0854371982524272,0.00729951484522456,0.617386895315989,1.05057601930896,1,1.01229216115974,0.0960014611597428,0.0960014611597428,0.0960014611597428,0.00921628054480561,0.712210584604292,1.31523713696089,1,1.46346015290632,-0.036539847093678,0.036539847093678,0.036539847093678,0.00133516042562937,1.40456341123704,1.52436871521,1,1.78394528039639,-0.0160547196036129,0.0160547196036129,0.0160547196036129,0.000257754021550633,1.74349883505162,1.8467326201891,1
23,"n1000-b1_2-b2_2p5-b3_2p5",1000,3,223,1,1,0.6931472,0.9162907,0.9162907,1.5,1.8,1,1.3,0.076,366,157,314,163,FALSE,NA,TRUE,NA,0.741956021876173,0.0488088218761735,0.0488088218761735,0.0488088218761735,0.00238230109294004,0.495322596529197,0.991811284263164,1,0.898590973133752,-0.0176997268662482,0.0176997268662482,0.0176997268662482,0.000313280331139789,0.679501477078323,1.12653099590843,1,0.860752015081171,-0.0555386849188292,0.0555386849188292,0.0555386849188292,0.00308454552251298,0.557639498191061,1.15962892779921,1,1.56265614032095,0.0626561403209536,0.0626561403209536,0.0626561403209536,0.00392579191991902,1.48691965406898,1.63708926398529,1,1.85644874791545,0.056448747915445,0.056448747915445,0.056448747915445,0.00318646114122145,1.7497892858183,1.92006843445955,1
23,"n1000-b1_2-b2_2p5-b3_2p5",1000,4,224,1,1,0.6931472,0.9162907,0.9162907,1.5,1.8,1,1.3,0.075,317,169,355,159,FALSE,NA,TRUE,NA,0.725348159859515,0.0322009598595149,0.0322009598595149,0.0322009598595149,0.00103690181587409,0.484227843653906,0.969870935320481,1,0.767432130072714,-0.148858569927286,0.148858569927286,0.148858569927286,0.0221588738407967,0.558149002418006,0.983883203563477,1,0.960237260343732,0.0439465603437319,0.0439465603437319,0.0439465603437319,0.00193130016604527,0.66361619524815,1.26177354144162,1,1.52086472270993,0.020864722709929,0.020864722709929,0.020864722709929,0.000435336653762227,1.48208885285421,1.62875313000672,1,1.8097377009899,0.00973770098990134,0.00973770098990134,0.00973770098990134,9.48228205687256e-05,1.75242479803262,1.95791758980959,1
23,"n1000-b1_2-b2_2p5-b3_2p5",1000,5,225,1,1,0.6931472,0.9162907,0.9162907,1.5,1.8,1,1.3,0.076,305,161,354,180,FALSE,NA,TRUE,NA,0.744413118779112,0.0512659187791124,0.0512659187791124,0.0512659187791124,0.00262819442826654,0.502947010911154,0.985988956646499,1,0.894831008469799,-0.0214596915302012,0.0214596915302012,0.0214596915302012,0.00046051836057139,0.685738662559394,1.10911730951621,1,0.884866678448383,-0.0314240215516174,0.0314240215516174,0.0314240215516174,0.000987469130476514,0.588543383410973,1.17910895478164,1,1.53115957552203,0.0311595755220313,0.0311595755220313,0.0311595755220313,0.000970919146713172,1.4730010866587,1.64455357702837,1,1.86687210303796,0.066872103037956,0.066872103037956,0.066872103037956,0.004471878164719,1.79572273982403,2.07623069177928,1
23,"n1000-b1_2-b2_2p5-b3_2p5",1000,6,226,1,1,0.6931472,0.9162907,0.9162907,1.5,1.8,1,1.3,0.077,318,176,328,178,FALSE,NA,TRUE,NA,0.691504102522069,-0.00164309747793145,0.00164309747793145,0.00164309747793145,2.69976932198471e-06,0.451318473926955,0.9317353888554,1,1.05418018862795,0.137889488627946,0.137889488627946,0.137889488627946,0.0190135110740763,0.842750394733191,1.27117710249955,1,0.911562927443933,-0.00472777255606693,0.00472777255606693,0.00472777255606693,2.23518333418997e-05,0.617300625231725,1.20443585450746,1,1.50364306506623,0.00364306506622647,0.00364306506622647,0.00364306506622647,1.32719230767597e-05,1.48572965416123,1.58477951434232,1,1.80845209655863,0.00845209655863366,0.00845209655863366,0.00845209655863366,7.14379362364669e-05,1.77837051685138,1.95597106766448,1
23,"n1000-b1_2-b2_2p5-b3_2p5",1000,7,227,1,1,0.6931472,0.9162907,0.9162907,1.5,1.8,1,1.3,0.084,332,169,319,180,FALSE,NA,TRUE,NA,0.713546537017049,0.0203993370170489,0.0203993370170489,0.0203993370170489,0.000416132950735141,0.478321872771988,0.949550335100223,1,0.877841905363986,-0.0384487946360145,0.0384487946360145,0.0384487946360145,0.00147830980896242,0.66720518352923,1.08786715801745,1,0.883179418537081,-0.0331112814629188,0.0331112814629188,0.0331112814629188,0.00109635696011663,0.591580142793825,1.17375689757322,1,1.52178225892032,0.0217822589203218,0.0217822589203218,0.0217822589203218,0.000474466803671939,1.49514027504584,1.58108999853401,1,1.79228300729381,-0.00771699270618598,0.00771699270618598,0.00771699270618598,5.95519764273276e-05,1.75022249599271,1.8333158197163,1
23,"n1000-b1_2-b2_2p5-b3_2p5",1000,8,228,1,1,0.6931472,0.9162907,0.9162907,1.5,1.8,1,1.3,0.075,355,173,304,168,FALSE,NA,TRUE,NA,0.783158229757614,0.0900110297576135,0.0900110297576135,0.0900110297576135,0.00810198547802599,0.547709790473561,1.0210204076192,1,0.973614524530078,0.0573238245300779,0.0573238245300779,0.0573238245300779,0.00328602085875516,0.759137099049989,1.19555892063119,1,0.879081404776665,-0.0372092952233348,0.0372092952233348,0.0372092952233348,0.00138453165101729,0.583714664189981,1.17146224330752,1,1.51691879575396,0.0169187957539574,0.0169187957539574,0.0169187957539574,0.000286245649764126,1.47408474544179,1.55450317003335,1,1.78219764886324,-0.0178023511367593,0.0178023511367593,0.0178023511367593,0.000316923705996476,1.74573772519522,1.81503794406873,1
23,"n1000-b1_2-b2_2p5-b3_2p5",1000,9,229,1,1,0.6931472,0.9162907,0.9162907,1.5,1.8,1,1.3,0.07,346,155,336,163,FALSE,NA,TRUE,NA,0.604471328145162,-0.0886758718548381,0.0886758718548381,0.0886758718548381,0.00786341024921566,0.355179999653187,0.850497113570664,1,0.888361251309608,-0.0279294486903917,0.0279294486903917,0.0279294486903917,0.000780054104149223,0.677008303062493,1.10639469369966,1,0.963221484461516,0.0469307844615156,0.0469307844615156,0.0469307844615156,0.00220249853017323,0.670875935731307,1.26275505377065,1,1.53946770422512,0.0394677042251208,0.0394677042251208,0.0394677042251208,0.00155769967680162,1.49806280859307,1.63723765471695,1,1.81341902250298,0.0134190225029847,0.0134190225029847,0.0134190225029847,0.000180070164935609,1.78936184642562,1.85878222666751,1
23,"n1000-b1_2-b2_2p5-b3_2p5",1000,10,230,1,1,0.6931472,0.9162907,0.9162907,1.5,1.8,1,1.3,0.0659999999999999,370,146,329,155,FALSE,NA,TRUE,NA,0.692156331935011,-0.000990868064989048,0.000990868064989048,0.000990868064989048,9.8181952221514e-07,0.441440121922343,0.947487407867677,1,0.990968044612411,0.0746773446124105,0.0746773446124105,0.0746773446124105,0.00557670579836071,0.76978611909124,1.2113202190397,1,0.718634473054188,-0.197656226945812,0.197656226945812,0.197656226945812,0.0390679840504543,0.41956122700705,1.01786256331677,1,1.46889155792616,-0.0311084420738414,0.0311084420738414,0.0311084420738414,0.000967735168261549,1.40469860746529,1.55198755816266,1,1.79881530935561,-0.00118469064438953,0.00118469064438953,0.00118469064438953,1.40349192290408e-06,1.72561975802166,1.93289365752361,1
24,"n1000-b1_2-b2_2p5-b3_2p5",1000,1,231,1,1,0.6931472,0.9162907,0.9162907,1.5,1.8,1,1.3,0.069,324,161,338,177,FALSE,NA,TRUE,NA,0.645660015518295,-0.0474871844817053,0.0474871844817053,0.0474871844817053,0.00225503268999951,0.409566729441813,0.8821495038958,1,0.891508635214882,-0.0247820647851177,0.0247820647851177,0.0247820647851177,0.00061415073501377,0.685181843837652,1.10170097209221,1,0.990815967728301,0.0745252677283013,0.0745252677283013,0.0745252677283013,0.00555401552997498,0.695676834871363,1.28316990593947,1,1.50833161888909,0.00833161888909228,0.00833161888909228,0.00833161888909228,6.94158733130794e-05,1.45611874907534,1.63431941997747,1,1.82893971813793,0.028939718137927,0.028939718137927,0.028939718137927,0.000837507285902658,1.77134586478496,1.93439076642147,1
24,"n1000-b1_2-b2_2p5-b3_2p5",1000,2,232,1,1,0.6931472,0.9162907,0.9162907,1.5,1.8,1,1.3,0.0679999999999999,352,160,333,155,FALSE,NA,TRUE,NA,0.642254618132594,-0.0508925818674056,0.0508925818674056,0.0508925818674056,0.00259005488913059,0.399194332744182,0.885647120412702,1,0.738032984371076,-0.178257715628924,0.178257715628924,0.178257715628924,0.0317758131812425,0.52675000480054,0.953929514237148,1,1.05990099186366,0.143610291863664,0.143610291863664,0.143610291863664,0.0206239159291669,0.761180599957172,1.35740023857861,1,1.51471058167356,0.0147105816735638,0.0147105816735638,0.0147105816735638,0.00021640121317459,1.4686795644009,1.56578759530132,1,1.80296601999907,0.00296601999907264,0.00296601999907264,0.00296601999907264,8.79727463489889e-06,1.74975944484213,1.90170307889069,1
24,"n1000-b1_2-b2_2p5-b3_2p5",1000,3,233,1,1,0.6931472,0.9162907,0.9162907,1.5,1.8,1,1.3,0.0639999999999999,350,153,316,181,FALSE,NA,TRUE,NA,0.696947275547077,0.00380007554707662,0.00380007554707662,0.00380007554707662,1.44405741634897e-05,0.461010428928464,0.928859243589983,1,0.876923955083963,-0.0393667449160371,0.0393667449160371,0.0393667449160371,0.00154974060528433,0.670995387440216,1.08427174408534,1,0.978954691586591,0.0626639915865913,0.0626639915865913,0.0626639915865913,0.00392677584156439,0.691769240233477,1.27367011133194,1,1.49305790937546,-0.00694209062453854,0.00694209062453854,0.00694209062453854,4.81926222393059e-05,1.42266639859566,1.55924454991678,1,1.79777990543789,-0.00222009456210936,0.00222009456210936,0.00222009456210936,4.92881986470757e-06,1.7292750385586,1.85945480534279,1
24,"n1000-b1_2-b2_2p5-b3_2p5",1000,4,234,1,1,0.6931472,0.9162907,0.9162907,1.5,1.8,1,1.3,0.0570000000000001,330,182,320,168,FALSE,NA,TRUE,NA,0.764337941676518,0.0711907416765184,0.0711907416765184,0.0711907416765184,0.00506812170045277,0.532685594000034,0.99994437578647,1,1.00404132781611,0.0877506278161089,0.0877506278161089,0.0877506278161089,0.00770017268212126,0.790332437249822,1.222796989806,1,0.711344858668335,-0.204945841331665,0.204945841331665,0.204945841331665,0.0420027978791441,0.422214669369333,0.997027414064168,1,1.51311980051506,0.013119800515059,0.013119800515059,0.013119800515059,0.000172129165554943,1.44226076122483,1.65825385330422,1,1.77210174595881,-0.0278982540411863,0.0278982540411863,0.0278982540411863,0.000778312578546567,1.70812196845556,1.88462267328556,1
24,"n1000-b1_2-b2_2p5-b3_2p5",1000,5,235,1,1,0.6931472,0.9162907,0.9162907,1.5,1.8,1,1.3,0.0620000000000001,316,168,341,175,FALSE,NA,TRUE,NA,0.612292478433258,-0.0808547215667416,0.0808547215667416,0.0808547215667416,0.0065374859996353,0.374386159792425,0.847667060707738,1,0.847503038739608,-0.0687876612603919,0.0687876612603919,0.0687876612603919,0.00473174234167442,0.642348783398573,1.05680372503141,1,0.950340142262856,0.0340494422628559,0.0340494422628559,0.0340494422628559,0.00115936451841156,0.661961222307087,1.24727575395997,1,1.4827904618969,-0.0172095381030957,0.0172095381030957,0.0172095381030957,0.000296168201721902,1.42325593034024,1.6100241375512,1,1.88288831548013,0.0828883154801261,0.0828883154801261,0.0828883154801261,0.00687047284313291,1.78104395420114,2.10405426975806,1
24,"n1000-b1_2-b2_2p5-b3_2p5",1000,6,236,1,1,0.6931472,0.9162907,0.9162907,1.5,1.8,1,1.3,0.0669999999999999,362,164,314,160,FALSE,NA,TRUE,NA,0.862498871256248,0.169351671256248,0.169351671256248,0.169351671256248,0.0286799885572844,0.614154633265334,1.10970610187669,1,1.15026740227334,0.233976702273337,0.233976702273337,0.233976702273337,0.0547450972067059,0.930399359552715,1.37502821801642,0,0.703643900227381,-0.212646799772619,0.212646799772619,0.212646799772619,0.0452186614535363,0.403389731751659,1.00599847891625,1,1.52961188889576,0.0296118888957575,0.0296118888957575,0.0296118888957575,0.000876863963974686,1.42732886493798,1.63453958346733,1,1.8190456302174,0.0190456302174,0.0190456302174,0.0190456302174,0.000362736030377941,1.76593787246781,1.87726915829044,1
24,"n1000-b1_2-b2_2p5-b3_2p5",1000,7,237,1,1,0.6931472,0.9162907,0.9162907,1.5,1.8,1,1.3,0.093,345,173,320,162,FALSE,NA,TRUE,NA,0.641949898830807,-0.0511973011691932,0.0511973011691932,0.0511973011691932,0.00262116364700907,0.397874294062,0.888106991048961,1,0.916727562807103,0.000436862807103422,0.000436862807103422,0.000436862807103422,1.90849112230282e-07,0.691738032128799,1.14411272701524,1,1.02186535900665,0.105574659006652,0.105574659006652,0.105574659006652,0.0111460086243709,0.715620873654294,1.32193727963731,1,1.51030632456926,0.0103063245692554,0.0103063245692554,0.0103063245692554,0.000106220326126837,1.46777238172088,1.57338010712017,1,1.80013630786883,0.000136307868825014,0.000136307868825014,0.000136307868825014,1.85798351036173e-08,1.74467610284363,1.87423641049083,1
24,"n1000-b1_2-b2_2p5-b3_2p5",1000,8,238,1,1,0.6931472,0.9162907,0.9162907,1.5,1.8,1,1.3,0.07,352,181,312,155,FALSE,NA,TRUE,NA,0.704986469221339,0.0118392692213387,0.0118392692213387,0.0118392692213387,0.000140168295695338,0.459572841348854,0.946628149346339,1,0.900989609540902,-0.015301090459098,0.015301090459098,0.015301090459098,0.0002341233692375,0.674166820535673,1.13054057183139,1,0.99842881510388,0.0821381151038804,0.0821381151038804,0.0821381151038804,0.0067466699528183,0.699738541314223,1.29905754874094,1,1.53511709296595,0.0351170929659461,0.0351170929659461,0.0351170929659461,0.0012332102183789,1.43414365528579,1.63373549056799,1,1.81314427273091,0.0131442727309079,0.0131442727309079,0.0131442727309079,0.000172771905624489,1.75018020587176,1.87792284231953,1
24,"n1000-b1_2-b2_2p5-b3_2p5",1000,9,239,1,1,0.6931472,0.9162907,0.9162907,1.5,1.8,1,1.3,0.078,343,165,334,158,FALSE,NA,TRUE,NA,0.665345092818023,-0.0278021071819768,0.0278021071819768,0.0278021071819768,0.000772957163758128,0.421417595544865,0.914001933466065,1,0.923568737219321,0.0072780372193213,0.0072780372193213,0.0072780372193213,5.29698257658261e-05,0.707406332536279,1.14450638925379,1,1.05740104702574,0.141110347025743,0.141110347025743,0.141110347025743,0.0199121300377255,0.753552598495946,1.35802203557975,1,1.53216272336649,0.0321627233664854,0.0321627233664854,0.0321627233664854,0.00103444077434907,1.43879982992907,1.74031159808992,1,1.78793200733063,-0.0120679926693659,0.0120679926693659,0.0120679926693659,0.000145636447067868,1.69431038187902,1.95871515527639,1
24,"n1000-b1_2-b2_2p5-b3_2p5",1000,10,240,1,1,0.6931472,0.9162907,0.9162907,1.5,1.8,1,1.3,0.0620000000000001,331,151,344,174,FALSE,NA,TRUE,NA,0.680119473912265,-0.0130277260877345,0.0130277260877345,0.0130277260877345,0.000169721647017038,0.436977543696996,0.91850378085813,1,0.87730317373311,-0.0389875262668905,0.0389875262668905,0.0389875262668905,0.00152002720441148,0.669833043658517,1.08639469084295,1,0.886690919906338,-0.0295997800936618,0.0295997800936618,0.0295997800936618,0.000876146981593139,0.593127873828217,1.17933654921337,1,1.47082178238182,-0.0291782176181827,0.0291782176181827,0.0291782176181827,0.000851368383374029,1.44072518865139,1.53482025695514,1,1.74277743013371,-0.0572225698662892,0.0572225698662892,0.0572225698662892,0.00327442250210234,1.68438811073473,1.81623671830626,1
25,"n1000-b1_2-b2_2p5-b3_2p5",1000,1,241,1,1,0.6931472,0.9162907,0.9162907,1.5,1.8,1,1.3,0.0679999999999999,297,179,350,174,FALSE,NA,TRUE,NA,0.779291566618982,0.0861443666189821,0.0861443666189821,0.0861443666189821,0.00742085190018559,0.547135392447801,1.00690459948408,1,1.08933111874842,0.173040418748418,0.173040418748418,0.173040418748418,0.0299429865206278,0.877875855733715,1.300710265556,1,0.900431073333359,-0.015859626666641,0.015859626666641,0.015859626666641,0.00025152775800523,0.609351418030115,1.19018861264475,1,1.56500165785799,0.0650016578579942,0.0650016578579942,0.0650016578579942,0.00422521552428773,1.50914668464457,1.6207122253008,0,1.87600041512884,0.0760004151288363,0.0760004151288363,0.0760004151288363,0.00577606309975544,1.85198876933504,1.92339770195044,0
25,"n1000-b1_2-b2_2p5-b3_2p5",1000,2,242,1,1,0.6931472,0.9162907,0.9162907,1.5,1.8,1,1.3,0.0679999999999999,372,185,292,151,FALSE,NA,TRUE,NA,0.764585680526346,0.0714384805263459,0.0714384805263459,0.0714384805263459,0.00510345649991311,0.522450988855005,1.01057970252426,1,1.01987290771065,0.103582207710651,0.103582207710651,0.103582207710651,0.0107292737542125,0.794495665988322,1.25532640596938,1,0.919944927831978,0.00365422783197822,0.00365422783197822,0.00365422783197822,1.33533810480042e-05,0.616230773843526,1.21827307031433,1,1.46164643882714,-0.0383535611728645,0.0383535611728645,0.0383535611728645,0.00147099565464066,1.39648880867582,1.5345549262751,1,1.86264994199201,0.0626499419920119,0.0626499419920119,0.0626499419920119,0.00392501523160246,1.78942972935238,1.93321420507779,1
25,"n1000-b1_2-b2_2p5-b3_2p5",1000,3,243,1,1,0.6931472,0.9162907,0.9162907,1.5,1.8,1,1.3,0.081,373,159,314,154,FALSE,NA,TRUE,NA,0.698784357279514,0.00563715727951442,0.00563715727951442,0.00563715727951442,3.17775421939824e-05,0.442397815070781,0.951897103635121,1,0.871392945771013,-0.0448977542289872,0.0448977542289872,0.0448977542289872,0.00201580833480654,0.651494106658298,1.09637254031288,1,0.911957416957348,-0.00433328304265168,0.00433328304265168,0.00433328304265168,1.87773419277326e-05,0.613982829194398,1.21599746713337,1,1.5100609009341,0.0100609009340977,0.0100609009340977,0.0100609009340977,0.000101221727605729,1.46306705002696,1.54883579279056,1,1.79802604164389,-0.00197395835610781,0.00197395835610781,0.00197395835610781,3.89651159164784e-06,1.66662981511196,1.87911666176796,1
25,"n1000-b1_2-b2_2p5-b3_2p5",1000,4,244,1,1,0.6931472,0.9162907,0.9162907,1.5,1.8,1,1.3,0.0659999999999999,328,172,335,165,FALSE,NA,TRUE,NA,0.705664862325195,0.012517662325195,0.012517662325195,0.012517662325195,0.000156691870087607,0.473834895904123,0.939145630344631,1,1.00230947387706,0.0860187738770639,0.0860187738770639,0.0860187738770639,0.00739922945931345,0.792337793205589,1.21807830197845,1,0.748745146992735,-0.167545553007265,0.167545553007265,0.167545553007265,0.0280715123325101,0.462766708318374,1.03229302743296,1,1.57755098122242,0.0775509812224227,0.0775509812224227,0.0775509812224227,0.00601415468856055,1.48681632744382,1.70814991882748,1,1.83180386154014,0.0318038615401381,0.0318038615401381,0.0318038615401381,0.00101148560886428,1.75799136991851,1.96777401667291,1
25,"n1000-b1_2-b2_2p5-b3_2p5",1000,5,245,1,1,0.6931472,0.9162907,0.9162907,1.5,1.8,1,1.3,0.0629999999999999,361,164,345,130,FALSE,NA,TRUE,NA,0.836069622011622,0.142922422011622,0.142922422011622,0.142922422011622,0.0204268187136683,0.57703747070597,1.09878213755899,1,1.03693592842458,0.120645228424582,0.120645228424582,0.120645228424582,0.0145552711416195,0.798214743737267,1.28318731849718,1,0.670619719270146,-0.245670980729854,0.245670980729854,0.245670980729854,0.0603542307727683,0.358982366145295,0.976773364603808,1,1.49017048114724,-0.0098295188527624,0.0098295188527624,0.0098295188527624,9.66194408768114e-05,1.42814597072343,1.54336551055255,1,1.8104671226005,0.010467122600504,0.010467122600504,0.010467122600504,0.000109560655533981,1.77293413401943,1.87360443220362,1
25,"n1000-b1_2-b2_2p5-b3_2p5",1000,6,246,1,1,0.6931472,0.9162907,0.9162907,1.5,1.8,1,1.3,0.083,349,174,312,165,FALSE,NA,TRUE,NA,0.836477831523354,0.143330631523354,0.143330631523354,0.143330631523354,0.0205436699328836,0.59068385398701,1.08486881451191,1,1.02539910091617,0.109108400916173,0.109108400916173,0.109108400916173,0.0119046431504844,0.805399052495474,1.24694183301022,1,0.780549936963977,-0.135740763036023,0.135740763036023,0.135740763036023,0.0184255547496016,0.482896101163335,1.07799537970699,1,1.48553897074032,-0.0144610292596814,0.0144610292596814,0.0144610292596814,0.000209121367249362,1.44127760799733,1.54706006675706,1,1.75672211913895,-0.043277880861047,0.043277880861047,0.043277880861047,0.00187297497182298,1.72024321302937,1.79387804621335,0
25,"n1000-b1_2-b2_2p5-b3_2p5",1000,7,247,1,1,0.6931472,0.9162907,0.9162907,1.5,1.8,1,1.3,0.055,331,165,333,171,FALSE,NA,TRUE,NA,0.575055368756244,-0.118091831243756,0.118091831243756,0.118091831243756,0.0139456806065037,0.343727001036236,0.808064500020552,1,0.835976424325238,-0.0803142756747616,0.0803142756747616,0.0803142756747616,0.0064503828771616,0.631296939880804,1.04532688541022,1,0.914885114729285,-0.00140558527071521,0.00140558527071521,0.00140558527071521,1.97566995325156e-06,0.630846164155923,1.20399121943358,1,1.50699955376689,0.00699955376689054,0.00699955376689054,0.00699955376689054,4.89937529355916e-05,1.45441306214821,1.58331277234724,1,1.89446292197846,0.0944629219784603,0.0944629219784603,0.0944629219784603,0.00892324362870868,1.7995789911014,2.00350141449637,1
25,"n1000-b1_2-b2_2p5-b3_2p5",1000,8,248,1,1,0.6931472,0.9162907,0.9162907,1.5,1.8,1,1.3,0.08,325,195,334,146,FALSE,NA,TRUE,NA,0.753191914938866,0.0600447149388658,0.0600447149388658,0.0600447149388658,0.00360536779208965,0.504154135655652,1.00319932443193,1,0.9814484698276,0.0651577698276001,0.0651577698276001,0.0651577698276001,0.00424553496890652,0.754977309177328,1.21265064714544,1,0.928577811238928,0.0122871112389276,0.0122871112389276,0.0122871112389276,0.00015097310259778,0.622739195903629,1.22686644583964,1,1.51012891984096,0.0101289198409602,0.0101289198409602,0.0101289198409602,0.000102595017144597,1.46919205015514,1.61115215564681,1,1.80080701987728,0.000807019877278714,0.000807019877278714,0.000807019877278714,6.51281082322951e-07,1.76041990168551,1.87765997824689,1
25,"n1000-b1_2-b2_2p5-b3_2p5",1000,9,249,1,1,0.6931472,0.9162907,0.9162907,1.5,1.8,1,1.3,0.079,301,192,326,181,FALSE,NA,TRUE,NA,0.627855190172658,-0.0652920098273424,0.0652920098273424,0.0652920098273424,0.00426304654729378,0.404663285736399,0.857375174701876,1,0.949305726402265,0.0330150264022645,0.0330150264022645,0.0330150264022645,0.00108999196834222,0.742897339327423,1.16504211426093,1,0.962945475128023,0.0466547751280233,0.0466547751280233,0.0466547751280233,0.00217666804224642,0.675398995505717,1.24629228375423,1,1.53989810807644,0.0398981080764409,0.0398981080764409,0.0398981080764409,0.00159185902807936,1.49087730011185,1.61433877522198,1,1.88127351923092,0.0812735192309204,0.0812735192309204,0.0812735192309204,0.00660538492817879,1.75902942181913,1.9877524210073,1
25,"n1000-b1_2-b2_2p5-b3_2p5",1000,10,250,1,1,0.6931472,0.9162907,0.9162907,1.5,1.8,1,1.3,0.0659999999999999,338,187,313,162,FALSE,NA,TRUE,NA,0.531525379959105,-0.161621820040895,0.161621820040895,0.161621820040895,0.0261216127133315,0.30173758777686,0.762981023403568,1,0.858595203760708,-0.0576954962392922,0.0576954962392922,0.0576954962392922,0.00332877028629818,0.646415949684255,1.07808233757458,1,1.01258966524587,0.096298965245869,0.096298965245869,0.096298965245869,0.00927349070742509,0.725648792511896,1.30089670584165,1,1.51884716323443,0.0188471632344265,0.0188471632344265,0.0188471632344265,0.000355215561985117,1.47981458638634,1.57852386951029,1,1.80999759143819,0.00999759143819356,0.00999759143819356,0.00999759143819356,9.99518345650413e-05,1.70614216727049,1.88375171153417,1
26,"n1000-b1_2-b2_2p5-b3_2p5",1000,1,251,1,1,0.6931472,0.9162907,0.9162907,1.5,1.8,1,1.3,0.054,353,163,328,156,FALSE,NA,TRUE,NA,0.641078443788083,-0.0520687562119168,0.0520687562119168,0.0520687562119168,0.00271115537345602,0.401201296884754,0.885863181288415,1,0.932208280533372,0.0159175805333719,0.0159175805333719,0.0159175805333719,0.00025336937003638,0.71671684091561,1.14986789470621,1,1.10065209016012,0.184361390160123,0.184361390160123,0.184361390160123,0.0339891221817732,0.803615921167333,1.40063080667212,1,1.49944801156323,-0.000551988436767292,0.000551988436767292,0.000551988436767292,3.04691234324799e-07,1.45224404302933,1.57217823236574,1,1.80790937624811,0.0079093762481095,0.0079093762481095,0.0079093762481095,6.25582326341587e-05,1.7794164141059,1.8504723045353,1
26,"n1000-b1_2-b2_2p5-b3_2p5",1000,2,252,1,1,0.6931472,0.9162907,0.9162907,1.5,1.8,1,1.3,0.077,328,174,326,172,FALSE,NA,TRUE,NA,0.767514074631426,0.0743668746314263,0.0743668746314263,0.0743668746314263,0.00553043204244628,0.534580973854491,1.00048005132813,1,0.824414226011387,-0.0918764739886133,0.0918764739886133,0.0918764739886133,0.00844128647258034,0.615548905441192,1.03494783145942,1,0.977577289330075,0.061286589330075,0.061286589330075,0.061286589330075,0.00375604603171327,0.684594062835087,1.27387171826761,1,1.50320285208954,0.00320285208954063,0.00320285208954063,0.00320285208954063,1.02582615074748e-05,1.47090961269618,1.61962454501737,1,1.79626368789049,-0.00373631210951308,0.00373631210951308,0.00373631210951308,1.39600281796941e-05,1.72232489849395,1.8886751084221,1
26,"n1000-b1_2-b2_2p5-b3_2p5",1000,3,253,1,1,0.6931472,0.9162907,0.9162907,1.5,1.8,1,1.3,0.08,334,172,327,167,FALSE,NA,TRUE,NA,0.753015324854426,0.0598681248544259,0.0598681248544259,0.0598681248544259,0.00358419237358513,0.51184923643335,0.993041014985962,1,0.85343546139068,-0.0628552386093202,0.0628552386093202,0.0628552386093202,0.00395078102063458,0.639800037126477,1.07233944911396,1,0.699608982705391,-0.216681717294609,0.216681717294609,0.216681717294609,0.0469509666097407,0.41046701801499,0.988321456937486,1,1.46420871933079,-0.0357912806692144,0.0357912806692144,0.0357912806692144,0.00128101577194248,1.41136590334868,1.54519696702065,1,1.78416575136751,-0.0158342486324916,0.0158342486324916,0.0158342486324916,0.000250723429755562,1.74259501020277,1.85910167558727,1
26,"n1000-b1_2-b2_2p5-b3_2p5",1000,4,254,1,1,0.6931472,0.9162907,0.9162907,1.5,1.8,1,1.3,0.0669999999999999,318,151,350,181,FALSE,NA,TRUE,NA,0.810836848573183,0.117689648573183,0.117689648573183,0.117689648573183,0.0138508533812794,0.560178962142526,1.05855321845165,1,0.894448177505524,-0.0218425224944759,0.0218425224944759,0.0218425224944759,0.000477095788921687,0.688865141527501,1.10491904082392,1,0.787762224686323,-0.128528475313677,0.128528475313677,0.128528475313677,0.0165195689664585,0.491954660590562,1.08314966378454,1,1.48083077051553,-0.0191692294844692,0.0191692294844692,0.0191692294844692,0.000367459359028243,1.44369676747205,1.54743916162515,1,1.75628823977968,-0.0437117602203188,0.0437117602203188,0.0437117602203188,0.00191071798155864,1.67733723100861,1.88357590768485,1
26,"n1000-b1_2-b2_2p5-b3_2p5",1000,5,255,1,1,0.6931472,0.9162907,0.9162907,1.5,1.8,1,1.3,0.071,328,180,320,172,FALSE,NA,TRUE,NA,0.753173432258516,0.0600262322585159,0.0600262322585159,0.0600262322585159,0.00360314855915329,0.515360843911293,0.988664468339636,1,1.01482564286615,0.0985349428661479,0.0985349428661479,0.0985349428661479,0.00970913496563504,0.799369664797317,1.23670031771462,1,0.671796756214861,-0.244493943785139,0.244493943785139,0.244493943785139,0.0597772885476105,0.380503726726316,0.965598165003444,1,1.58547435451315,0.0854743545131476,0.0854743545131476,0.0854743545131476,0.00730586527943923,1.48523751980094,1.72613104375997,1,1.81587973464146,0.0158797346414552,0.0158797346414552,0.0158797346414552,0.000252165972283032,1.75534200331218,1.92908792287533,1
26,"n1000-b1_2-b2_2p5-b3_2p5",1000,6,256,1,1,0.6931472,0.9162907,0.9162907,1.5,1.8,1,1.3,0.083,345,186,312,157,FALSE,NA,TRUE,NA,0.764717763471436,0.0715705634714361,0.0715705634714361,0.0715705634714361,0.00512234555561886,0.515094737005578,1.01490069729202,1,0.978057656358186,0.061766956358186,0.061766956358186,0.061766956358186,0.00381515689775405,0.753796826528834,1.20830042969627,1,0.996010115032387,0.0797194150323869,0.0797194150323869,0.0797194150323869,0.00635518513310595,0.691289862962373,1.30030798455792,1,1.60306048429784,0.10306048429784,0.10306048429784,0.10306048429784,0.0106214634237053,1.518659375466,1.71104743991335,0,1.86892563148895,0.0689256314889526,0.0689256314889526,0.0689256314889526,0.00475074267615089,1.78759327516675,1.99705561015152,1
26,"n1000-b1_2-b2_2p5-b3_2p5",1000,7,257,1,1,0.6931472,0.9162907,0.9162907,1.5,1.8,1,1.3,0.077,330,180,335,155,FALSE,NA,TRUE,NA,1.15294658196165,0.45979938196165,0.45979938196165,0.45979938196165,0.211415471652316,0.888135004120384,1.42419386484924,0,1.30055335739051,0.38426265739051,0.38426265739051,0.38426265739051,0.147657789864816,1.06202623458451,1.55278469249626,0,0.452035503444316,-0.464255196555684,0.464255196555684,0.464255196555684,0.215532887528957,0.135513828350147,0.76795582140441,0,1.46091050071055,-0.0390894992894484,0.0390894992894484,0.0390894992894484,0.00152798895469979,1.41668392367287,1.56015631951757,1,1.8474037028041,0.0474037028041003,0.0474037028041003,0.0474037028041003,0.00224711103953947,1.79709863319023,1.92332475932503,1
26,"n1000-b1_2-b2_2p5-b3_2p5",1000,8,258,1,1,0.6931472,0.9162907,0.9162907,1.5,1.8,1,1.3,0.071,330,167,342,161,FALSE,NA,TRUE,NA,0.541312619080865,-0.151834580919135,0.151834580919135,0.151834580919135,0.0230537399628893,0.304545612805272,0.779909134117451,1,0.757159182774384,-0.159131517225616,0.159131517225616,0.159131517225616,0.0253228397745264,0.54668710002198,0.975247149446835,1,1.24781046059403,0.331519760594027,0.331519760594027,0.331519760594027,0.109905351664321,0.949845122251185,1.54544209184904,0,1.54010716082607,0.0401071608260679,0.0401071608260679,0.0401071608260679,0.00160858434952808,1.49200520590071,1.63628135825825,1,1.86435883250351,0.0643588325035083,0.0643588325035083,0.0643588325035083,0.00414205932121463,1.78793093383793,2.00649336650242,1
26,"n1000-b1_2-b2_2p5-b3_2p5",1000,9,259,1,1,0.6931472,0.9162907,0.9162907,1.5,1.8,1,1.3,0.078,327,150,358,165,FALSE,NA,TRUE,NA,0.966557920883712,0.273410720883712,0.273410720883712,0.273410720883712,0.0747534222941509,0.712881385576719,1.22017305526439,0,0.992939338309175,0.0766486383091751,0.0766486383091751,0.0766486383091751,0.00587501375465075,0.773229673985606,1.21896851122916,1,0.671098096906649,-0.245192603093351,0.245192603093351,0.245192603093351,0.0601194126116934,0.364724079623511,0.979641110787958,1,1.55469945735747,0.0546994573574739,0.0546994573574739,0.0546994573574739,0.00299203063520211,1.48556863541208,1.61447417854515,1,1.78636912374896,-0.0136308762510373,0.0136308762510373,0.0136308762510373,0.000185800787371093,1.72742107193031,1.87161154865312,1
26,"n1000-b1_2-b2_2p5-b3_2p5",1000,10,260,1,1,0.6931472,0.9162907,0.9162907,1.5,1.8,1,1.3,0.069,332,178,327,163,FALSE,NA,TRUE,NA,0.485584981303572,-0.207562218696428,0.207562218696428,0.207562218696428,0.0430820746301838,0.254195417097118,0.722585021107381,1,0.909291919635616,-0.00699878036438417,0.00699878036438417,0.00699878036438417,4.89829265888894e-05,0.697010341117561,1.12993592163963,1,1.03322711080628,0.116936410806276,0.116936410806276,0.116936410806276,0.0136741241722543,0.742139148879159,1.31661128261516,1,1.52694001690311,0.0269400169031071,0.0269400169031071,0.0269400169031071,0.000725764510739696,1.48239916068137,1.5933415420766,1,1.833569218758,0.0335692187579992,0.0335692187579992,0.0335692187579992,0.00112689244802241,1.79113573767206,1.89756437035708,1
27,"n1000-b1_2-b2_2p5-b3_2p5",1000,1,261,1,1,0.6931472,0.9162907,0.9162907,1.5,1.8,1,1.3,0.0669999999999999,342,156,338,164,FALSE,NA,TRUE,NA,0.78761951937025,0.09447231937025,0.09447231937025,0.09447231937025,0.00892501912719452,0.542846048113149,1.03133446466669,1,1.033965757729,0.117675057728995,0.117675057728995,0.117675057728995,0.0138474192115224,0.81857037111855,1.25060792268408,1,0.716047845950807,-0.200242854049194,0.200242854049194,0.200242854049194,0.0400972005977666,0.420592025664102,1.01410388841484,1,1.56733574883414,0.0673357488341355,0.0673357488341355,0.0673357488341355,0.00453410307105378,1.46699021834618,1.73739099297533,1,1.85150075156772,0.0515007515677168,0.0515007515677168,0.0515007515677168,0.00265232741203969,1.74171486509915,2.01870101093986,1
27,"n1000-b1_2-b2_2p5-b3_2p5",1000,2,262,1,1,0.6931472,0.9162907,0.9162907,1.5,1.8,1,1.3,0.0610000000000001,344,174,333,149,FALSE,NA,TRUE,NA,0.658611328984775,-0.0345358710152254,0.0345358710152254,0.0345358710152254,0.00119272638678028,0.421808714872406,0.899343134628241,1,0.889673516355701,-0.0266171836442994,0.0266171836442994,0.0266171836442994,0.000708474465154361,0.674690247664552,1.10992374091716,1,0.982318755244474,0.0660280552444742,0.0660280552444742,0.0660280552444742,0.00435970407936734,0.682713149782586,1.27442391060422,1,1.50123513555377,0.00123513555376875,0.00123513555376875,0.00123513555376875,1.52555983618364e-06,1.46239337608712,1.54259080679884,1,1.79439007900847,-0.00560992099153146,0.00560992099153146,0.00560992099153146,3.14712135312253e-05,1.7505533803827,1.85107508296603,1
27,"n1000-b1_2-b2_2p5-b3_2p5",1000,3,263,1,1,0.6931472,0.9162907,0.9162907,1.5,1.8,1,1.3,0.07,331,165,334,170,FALSE,NA,TRUE,NA,0.679347958108964,-0.0137992418910357,0.0137992418910357,0.0137992418910357,0.000190419076767313,0.439229985989487,0.921049287951198,1,0.808243254827358,-0.108047445172642,0.108047445172642,0.108047445172642,0.011674250408335,0.598578506532583,1.01894850231219,1,1.11780062770633,0.201509927706329,0.201509927706329,0.201509927706329,0.04060625096421,0.816264777204502,1.41406501589522,1,1.44018714729944,-0.0598128527005557,0.0598128527005557,0.0598128527005557,0.00357757734817837,1.31207669688273,1.5330081577429,1,1.76587116748251,-0.034128832517494,0.034128832517494,0.034128832517494,0.00116477720900716,1.65024789129619,1.8725666969819,1
27,"n1000-b1_2-b2_2p5-b3_2p5",1000,4,264,1,1,0.6931472,0.9162907,0.9162907,1.5,1.8,1,1.3,0.075,323,157,343,177,FALSE,NA,TRUE,NA,0.86651614419256,0.17336894419256,0.17336894419256,0.17336894419256,0.0300567908104429,0.626351788276691,1.11056034616541,1,0.90657192085707,-0.00971877914293007,0.00971877914293007,0.00971877914293007,9.44546680290525e-05,0.694636937450541,1.1208769399743,1,0.791478629024749,-0.124812070975251,0.124812070975251,0.124812070975251,0.0155780530611311,0.495353634534543,1.08716187707998,1,1.50435902786624,0.00435902786623954,0.00435902786623954,0.00435902786623954,1.90011239386528e-05,1.46681499072515,1.55572745050543,1,1.80386063576283,0.00386063576283302,0.00386063576283302,0.00386063576283302,1.49045084932653e-05,1.7611955218705,1.84687562649968,1
27,"n1000-b1_2-b2_2p5-b3_2p5",1000,5,265,1,1,0.6931472,0.9162907,0.9162907,1.5,1.8,1,1.3,0.095,318,187,316,179,FALSE,NA,TRUE,NA,0.549794382936456,-0.143352817063544,0.143352817063544,0.143352817063544,0.0205500301600539,0.317812318285959,0.781192256510926,1,0.766818720523655,-0.149471979476345,0.149471979476345,0.149471979476345,0.0223418726485768,0.555278159156206,0.981015706640931,1,1.224515849661,0.308225149661002,0.308225149661002,0.308225149661002,0.0950027428835468,0.925932672414985,1.52137669360409,0,1.50345377973332,0.00345377973332184,0.00345377973332184,0.00345377973332184,1.19285944463047e-05,1.40790138812364,1.55112483784049,1,1.81350645019159,0.0135064501915871,0.0135064501915871,0.0135064501915871,0.000182424196777824,1.73680759223344,1.88420574295604,1
27,"n1000-b1_2-b2_2p5-b3_2p5",1000,6,266,1,1,0.6931472,0.9162907,0.9162907,1.5,1.8,1,1.3,0.082,325,156,359,160,FALSE,NA,TRUE,NA,0.794582635040433,0.101435435040433,0.101435435040433,0.101435435040433,0.0102891474818419,0.53828737362784,1.0541703317232,1,1.16210715823454,0.245816458234545,0.245816458234545,0.245816458234545,0.0604257311389756,0.937780527336512,1.39220055285676,0,0.759082781332973,-0.157207918667027,0.157207918667027,0.157207918667027,0.0247143296916186,0.450466944543443,1.06602190590514,1,1.48152344231035,-0.0184765576896524,0.0184765576896524,0.0184765576896524,0.000341383184059053,1.44142537329906,1.53820819503711,1,1.79631756648122,-0.00368243351877862,0.00368243351877862,0.00368243351877862,1.35603166202243e-05,1.72637007925616,1.86515755011471,1
27,"n1000-b1_2-b2_2p5-b3_2p5",1000,7,267,1,1,0.6931472,0.9162907,0.9162907,1.5,1.8,1,1.3,0.076,332,157,335,176,FALSE,NA,TRUE,NA,0.831994340168528,0.138847140168528,0.138847140168528,0.138847140168528,0.0192785283329789,0.584061736288376,1.08079319318625,1,0.976049595795554,0.0597588957955544,0.0597588957955544,0.0597588957955544,0.00357112562670393,0.758120031048612,1.19649914505643,1,0.789105185521119,-0.127185514478881,0.127185514478881,0.127185514478881,0.0161761550932576,0.488997905313657,1.09056327903677,1,1.5381676247498,0.0381676247498035,0.0381676247498035,0.0381676247498035,0.00145676757904181,1.45288741132287,1.67998263152973,1,1.85309005943107,0.0530900594310673,0.0530900594310673,0.0530900594310673,0.00281855441039425,1.77792601175229,1.96546771755889,1
27,"n1000-b1_2-b2_2p5-b3_2p5",1000,8,268,1,1,0.6931472,0.9162907,0.9162907,1.5,1.8,1,1.3,0.073,347,176,320,157,FALSE,NA,TRUE,NA,0.600613898099729,-0.0925333019002708,0.0925333019002708,0.0925333019002708,0.00856241196056665,0.360405454812203,0.841462042363222,1,0.859274793876866,-0.0570159061231339,0.0570159061231339,0.0570159061231339,0.00325081355104202,0.640321251924102,1.08343688684871,1,1.10743138996443,0.19114068996443,0.19114068996443,0.19114068996443,0.0365347633600783,0.808437589038997,1.40130770607463,1,1.47928507802643,-0.0207149219735714,0.0207149219735714,0.0207149219735714,0.000429107992371151,1.44338347866701,1.51815736120817,1,1.79243419893724,-0.00756580106276439,0.00756580106276439,0.00756580106276439,5.72413457213267e-05,1.7514022955624,1.83593204510747,1
27,"n1000-b1_2-b2_2p5-b3_2p5",1000,9,269,1,1,0.6931472,0.9162907,0.9162907,1.5,1.8,1,1.3,0.0649999999999999,341,170,326,163,FALSE,NA,TRUE,NA,0.652690538552302,-0.0404566614476976,0.0404566614476976,0.0404566614476976,0.00163674145549362,0.415779077691435,0.890124440043285,1,0.863562031101023,-0.0527286688989765,0.0527286688989765,0.0527286688989765,0.0027803125238579,0.648757377023963,1.08124609875225,1,1.04802190298838,0.131731202988375,0.131731202988375,0.131731202988375,0.0173531098407645,0.750907102307555,1.34569714114115,1,1.47103932012019,-0.028960679879811,0.028960679879811,0.028960679879811,0.000838720979100889,1.38605452956768,1.57603187322207,1,1.883598911542,0.0835989115419962,0.0835989115419962,0.0835989115419962,0.0069887780110065,1.79305950982564,2.02948321218138,1
27,"n1000-b1_2-b2_2p5-b3_2p5",1000,10,270,1,1,0.6931472,0.9162907,0.9162907,1.5,1.8,1,1.3,0.076,328,166,344,162,FALSE,NA,TRUE,NA,0.791154695207094,0.0980074952070942,0.0980074952070942,0.0980074952070942,0.00960546911676859,0.540999274085526,1.03961440922753,1,0.99944552236392,0.0831548223639204,0.0831548223639204,0.0831548223639204,0.00691472448237515,0.779530338042477,1.22605754469295,1,0.77937913742508,-0.13691156257492,0.13691156257492,0.13691156257492,0.0187447759667063,0.474735294293786,1.08329250238861,1,1.45876384374098,-0.0412361562590198,0.0412361562590198,0.0412361562590198,0.0017004205830183,1.35670967064183,1.52955796550768,1,1.7949936591459,-0.00500634085409835,0.00500634085409835,0.00500634085409835,2.50634487474142e-05,1.71712358022159,1.86146806031834,1
28,"n1000-b1_2-b2_2p5-b3_2p5",1000,1,271,1,1,0.6931472,0.9162907,0.9162907,1.5,1.8,1,1.3,0.069,329,163,355,153,FALSE,NA,TRUE,NA,0.696446122303309,0.00329892230330953,0.00329892230330953,0.00329892230330953,1.0882888363273e-05,0.452525436058659,0.943916530807679,1,1.01818459452341,0.101893894523413,0.101893894523413,0.101893894523413,0.0103823657411484,0.803753346023513,1.23882203960579,1,0.958675116429506,0.0423844164295062,0.0423844164295062,0.0423844164295062,0.00179643875606979,0.657600645609971,1.25669963145756,1,1.51467054209629,0.014670542096286,0.014670542096286,0.014670542096286,0.000215224805398901,1.46076294236599,1.60944752106582,1,1.8220843118702,0.0220843118702019,0.0220843118702019,0.0220843118702019,0.00048771683078034,1.76698503045383,1.90026088455398,1
28,"n1000-b1_2-b2_2p5-b3_2p5",1000,2,272,1,1,0.6931472,0.9162907,0.9162907,1.5,1.8,1,1.3,0.0639999999999999,358,161,319,162,FALSE,NA,TRUE,NA,0.622689868572073,-0.0704573314279273,0.0704573314279273,0.0704573314279273,0.00496423555194479,0.385289696776423,0.866436050056149,1,0.873749708358998,-0.0425409916410018,0.0425409916410018,0.0425409916410018,0.00180973596979978,0.659141668173173,1.0919132092016,1,0.972711306199563,0.0564206061995632,0.0564206061995632,0.0564206061995632,0.00318328480392619,0.681421745295855,1.26754651233155,1,1.52846090569198,0.0284609056919822,0.0284609056919822,0.0284609056919822,0.000810023152807907,1.44551870892279,1.65730530870235,1,1.77161603233259,-0.0283839676674111,0.0283839676674111,0.0283839676674111,0.000805649620544641,1.66631952536134,1.84222470621843,1
28,"n1000-b1_2-b2_2p5-b3_2p5",1000,3,273,1,1,0.6931472,0.9162907,0.9162907,1.5,1.8,1,1.3,0.096,329,157,333,181,FALSE,NA,TRUE,NA,0.835096571750719,0.141949371750719,0.141949371750719,0.141949371750719,0.0201496241404238,0.586701775487073,1.08091831677729,1,1.01717093904333,0.10088023904333,0.10088023904333,0.10088023904333,0.0101768226294393,0.805406307457498,1.23331199766851,1,0.799805554988847,-0.116485145011153,0.116485145011153,0.116485145011153,0.0135687890082693,0.499897263280968,1.09790181957957,1,1.49644230500761,-0.00355769499238856,0.00355769499238856,0.00355769499238856,1.26571936588666e-05,1.46747527047158,1.54507932162642,1,1.79776017072077,-0.00223982927923294,0.00223982927923294,0.00223982927923294,5.01683520010916e-06,1.74965897746663,1.87296204747309,1
28,"n1000-b1_2-b2_2p5-b3_2p5",1000,4,274,1,1,0.6931472,0.9162907,0.9162907,1.5,1.8,1,1.3,0.071,347,157,340,156,FALSE,NA,TRUE,NA,0.510958960971377,-0.182188239028623,0.182188239028623,0.182188239028623,0.0331925544403505,0.27201457045981,0.755575530136769,1,0.856706991498844,-0.0595837085011559,0.0595837085011559,0.0595837085011559,0.00355021831875072,0.647077477249827,1.07129109588229,1,1.17267944920304,0.256388749203041,0.256388749203041,0.256388749203041,0.0657351907179001,0.871756539870018,1.46941768620618,1,1.52495033444317,0.024950334443175,0.024950334443175,0.024950334443175,0.000622519188826283,1.48454943350332,1.56561431389316,1,1.87383991414074,0.0738399141407429,0.0738399141407429,0.0738399141407429,0.00545233292031228,1.8023850961232,1.92640702314183,0
28,"n1000-b1_2-b2_2p5-b3_2p5",1000,5,275,1,1,0.6931472,0.9162907,0.9162907,1.5,1.8,1,1.3,0.0669999999999999,345,189,314,152,FALSE,NA,TRUE,NA,0.629144178145992,-0.0640030218540082,0.0640030218540082,0.0640030218540082,0.00409638680644465,0.392474852287171,0.866711557422779,1,0.776141814063938,-0.140148885936062,0.140148885936062,0.140148885936062,0.0196417102291194,0.561624086738656,0.995965236928566,1,1.13227318239276,0.215982482392765,0.215982482392765,0.215982482392765,0.0466484327005408,0.835868831671418,1.43093855538821,1,1.49778575784926,-0.00221424215073607,0.00221424215073607,0.00221424215073607,4.90286830209629e-06,1.44290912070997,1.57231102665445,1,1.74367855864662,-0.0563214413533819,0.0563214413533819,0.0563214413533819,0.00317210475612244,1.6333220998114,1.84520293681835,1
28,"n1000-b1_2-b2_2p5-b3_2p5",1000,6,276,1,1,0.6931472,0.9162907,0.9162907,1.5,1.8,1,1.3,0.074,325,184,350,141,FALSE,NA,TRUE,NA,0.659282730101698,-0.0338644698983015,0.0338644698983015,0.0338644698983015,0.00114680232149297,0.41213412468556,0.908265989909395,1,0.786926641887305,-0.129364058112695,0.129364058112695,0.129364058112695,0.0167350595313847,0.568327270679748,1.01811395402769,1,0.970835247483499,0.0545445474834989,0.0545445474834989,0.0545445474834989,0.00297510766017967,0.669223526044986,1.2694980492199,1,1.54599754510718,0.0459975451071757,0.0459975451071757,0.0459975451071757,0.00211577415588666,1.48810179661216,1.6418444402685,1,1.86036256993667,0.0603625699366688,0.0603625699366688,0.0603625699366688,0.00364363984935923,1.74772916184217,2.02228445767822,1
28,"n1000-b1_2-b2_2p5-b3_2p5",1000,7,277,1,1,0.6931472,0.9162907,0.9162907,1.5,1.8,1,1.3,0.079,345,156,348,151,FALSE,NA,TRUE,NA,0.676607514418272,-0.0165396855817275,0.0165396855817275,0.0165396855817275,0.000273561199142404,0.42374291663522,0.936731021605438,1,0.833977237493112,-0.0823134625068883,0.0823134625068883,0.0823134625068883,0.00677550610987291,0.612677338054165,1.06233711204478,1,0.925682225509678,0.00939152550967781,0.00939152550967781,0.00939152550967781,8.82007513989291e-05,0.614848177466823,1.22509142200485,1,1.49983336111193,-0.000166638888071224,0.000166638888071224,0.000166638888071224,2.77685190176141e-08,1.47160801586913,1.53358836246241,1,1.79801171296367,-0.00198828703633169,0.00198828703633169,0.00198828703633169,3.95328533884467e-06,1.77771892329355,1.82772010599238,1
28,"n1000-b1_2-b2_2p5-b3_2p5",1000,8,278,1,1,0.6931472,0.9162907,0.9162907,1.5,1.8,1,1.3,0.078,322,166,339,173,FALSE,NA,TRUE,NA,0.670112056229615,-0.0230351437703852,0.0230351437703852,0.0230351437703852,0.000530617848522315,0.426457169553588,0.915432033408649,1,0.940599688807612,0.0243089888076121,0.0243089888076121,0.0243089888076121,0.000590926936848611,0.724963391854009,1.15801101146484,1,0.941095492137448,0.0248047921374485,0.0248047921374485,0.0248047921374485,0.000615277712982025,0.645985138960916,1.23819634385731,1,1.56331520767254,0.063315207672537,0.063315207672537,0.063315207672537,0.00400881552261648,1.46570358456159,1.64478149496917,1,1.77272396739453,-0.0272760326054726,0.0272760326054726,0.0272760326054726,0.000743981954694806,1.72584677827597,1.83820235224395,1
28,"n1000-b1_2-b2_2p5-b3_2p5",1000,9,279,1,1,0.6931472,0.9162907,0.9162907,1.5,1.8,1,1.3,0.072,334,157,363,146,FALSE,NA,TRUE,NA,0.758835108796567,0.0656879087965674,0.0656879087965674,0.0656879087965674,0.00431490136206616,0.500539868646926,1.01485815435357,1,1.09800455295237,0.181713852952375,0.181713852952375,0.181713852952375,0.0330199243547974,0.872527131788339,1.32243618086557,1,0.913802937859881,-0.00248776214011937,0.00248776214011937,0.00248776214011937,6.18896046581128e-06,0.608825375916283,1.21878700430602,1,1.46585601551646,-0.0341439844835354,0.0341439844835354,0.0341439844835354,0.00116581167641191,1.43037280318878,1.51080103688306,1,1.78523201861386,-0.0147679813861417,0.0147679813861417,0.0147679813861417,0.000218093274221427,1.75432060941083,1.83019463308763,1
28,"n1000-b1_2-b2_2p5-b3_2p5",1000,10,280,1,1,0.6931472,0.9162907,0.9162907,1.5,1.8,1,1.3,0.074,327,163,340,170,FALSE,NA,TRUE,NA,0.580389095932999,-0.112758104067001,0.112758104067001,0.112758104067001,0.0127143900327847,0.348248320683037,0.813128182097678,1,0.78649569866357,-0.12979500133643,0.12979500133643,0.12979500133643,0.0168467423719239,0.581980097922108,0.990580848250824,1,0.97320453553741,0.0569138355374101,0.0569138355374101,0.0569138355374101,0.00323918467557937,0.689121970008423,1.2587589177111,1,1.52598796452177,0.0259879645217718,0.0259879645217718,0.0259879645217718,0.000675374299984868,1.47902849912575,1.57840668618044,1,1.82432113731037,0.0243211373103651,0.0243211373103651,0.0243211373103651,0.000591517720069634,1.79071407075726,1.85533736878904,1
29,"n1000-b1_2-b2_2p5-b3_2p5",1000,1,281,1,1,0.6931472,0.9162907,0.9162907,1.5,1.8,1,1.3,0.071,363,162,311,164,FALSE,NA,TRUE,NA,0.982389316161262,0.289242116161262,0.289242116161262,0.289242116161262,0.0836610017614453,0.731703869357707,1.24043283256489,0,1.14261730653051,0.226326606530513,0.226326606530513,0.226326606530513,0.0512237328236178,0.917805036281914,1.37306802630345,0,0.449335391204956,-0.466955308795044,0.466955308795044,0.466955308795044,0.218047260411875,0.146884147192888,0.749200594737423,0,1.5033348816386,0.00333488163859896,0.00333488163859896,0.00333488163859896,1.11214355434645e-05,1.4593969569861,1.61401570111524,1,1.78150399822367,-0.018496001776332,0.018496001776332,0.018496001776332,0.000342102081710078,1.73193292992099,1.91255330543571,1
29,"n1000-b1_2-b2_2p5-b3_2p5",1000,2,282,1,1,0.6931472,0.9162907,0.9162907,1.5,1.8,1,1.3,0.0649999999999999,336,179,318,167,FALSE,NA,TRUE,NA,0.553968804302549,-0.139178395697451,0.139178395697451,0.139178395697451,0.0193706258289163,0.325703607442507,0.781990339240148,1,0.85204316074721,-0.0642475392527903,0.0642475392527903,0.0642475392527903,0.00412774630003882,0.650061462450049,1.06097997371151,1,1.01703977484212,0.100749074842119,0.100749074842119,0.100749074842119,0.010150376081543,0.734116368827929,1.30217213771656,1,1.52374490086292,0.023744900862924,0.023744900862924,0.023744900862924,0.00056382031699009,1.49640705248395,1.56694124680268,1,1.84749494641032,0.0474949464103216,0.0474949464103216,0.0474949464103216,0.00225576993451932,1.80595077362541,1.91439078670804,0
29,"n1000-b1_2-b2_2p5-b3_2p5",1000,3,283,1,1,0.6931472,0.9162907,0.9162907,1.5,1.8,1,1.3,0.053,350,160,338,152,FALSE,NA,TRUE,NA,0.48395066644788,-0.20919653355212,0.20919653355212,0.20919653355212,0.0437631896502231,0.242876199992794,0.722550918150731,1,0.817745573655675,-0.0985451263443247,0.0985451263443247,0.0985451263443247,0.00971114192621891,0.607708752503859,1.03520694697346,1,1.27771147951255,0.361420779512548,0.361420779512548,0.361420779512548,0.130624979863458,0.980567448247868,1.57853695220566,0,1.53244982874854,0.032449828748538,0.032449828748538,0.032449828748538,0.00105299138580944,1.48400343531536,1.58437228210114,1,1.82874644872537,0.0287464487253686,0.0287464487253686,0.0287464487253686,0.000826358314320245,1.78543223834202,1.91151324326561,1
29,"n1000-b1_2-b2_2p5-b3_2p5",1000,4,284,1,1,0.6931472,0.9162907,0.9162907,1.5,1.8,1,1.3,0.075,329,172,337,162,FALSE,NA,TRUE,NA,0.56628406208594,-0.12686313791406,0.12686313791406,0.12686313791406,0.0160942557614017,0.327339638014848,0.809386353715128,1,0.850595904247694,-0.0656947957523055,0.0656947957523055,0.0656947957523055,0.00431580618893714,0.633466942026714,1.07227707195939,1,1.02506837528283,0.10877767528283,0.10877767528283,0.10877767528283,0.0118325826399368,0.725593410680288,1.32115485278966,1,1.50093118109958,0.000931181099578016,0.000931181099578016,0.000931181099578016,8.67098240211322e-07,1.36904177685289,1.76801889560899,1,1.78776677512612,-0.0122332248738817,0.0122332248738817,0.0122332248738817,0.000149651790814957,1.61436901095708,1.99900709194136,1
29,"n1000-b1_2-b2_2p5-b3_2p5",1000,5,285,1,1,0.6931472,0.9162907,0.9162907,1.5,1.8,1,1.3,0.081,286,187,359,168,FALSE,NA,TRUE,NA,0.625715387890263,-0.0674318121097373,0.0674318121097373,0.0674318121097373,0.00454704928440291,0.391309907119457,0.86427626743874,1,0.868616076779298,-0.0476746232207025,0.0476746232207025,0.0476746232207025,0.00227286969923594,0.65764176292991,1.08564478088871,1,1.00318863615729,0.0868979361572904,0.0868979361572904,0.0868979361572904,0.00755125130839651,0.710677368296842,1.29862600739751,1,1.41883717544047,-0.0811628245595257,0.0811628245595257,0.0811628245595257,0.00658740409048035,1.37105024402218,1.48037453708,0,1.83216994409637,0.032169944096373,0.032169944096373,0.032169944096373,0.00103490530316376,1.77052630224528,1.9349928474596,1
29,"n1000-b1_2-b2_2p5-b3_2p5",1000,6,286,1,1,0.6931472,0.9162907,0.9162907,1.5,1.8,1,1.3,0.071,341,165,330,164,FALSE,NA,TRUE,NA,0.680407335280108,-0.0127398647198917,0.0127398647198917,0.0127398647198917,0.000162304153081142,0.43696460281281,0.922200950267439,1,0.934025210230035,0.017734510230035,0.017734510230035,0.017734510230035,0.000314512853099217,0.720875864180216,1.15181599009894,1,0.952954891040969,0.0366641910409687,0.0366641910409687,0.0366641910409687,0.00134426290468865,0.655679708825245,1.24904150347324,1,1.4466839690331,-0.0533160309668983,0.0533160309668983,0.0533160309668983,0.00284259915806326,1.38198642111377,1.55281674299708,1,1.75837739286847,-0.0416226071315295,0.0416226071315295,0.0416226071315295,0.00173244142442565,1.67580351899957,1.88104715938923,1
29,"n1000-b1_2-b2_2p5-b3_2p5",1000,7,287,1,1,0.6931472,0.9162907,0.9162907,1.5,1.8,1,1.3,0.075,336,160,317,187,FALSE,NA,TRUE,NA,0.709486607947614,0.0163394079476139,0.0163394079476139,0.0163394079476139,0.000266976252078548,0.472925628505028,0.951954616129546,1,1.06552162672534,0.14923092672534,0.14923092672534,0.14923092672534,0.0222698694913039,0.859436989729295,1.27579812966516,1,0.937954384651099,0.0216636846510988,0.0216636846510988,0.0216636846510988,0.000469315232662254,0.644244166857217,1.23509324316338,1,1.496567868725,-0.0034321312749952,0.0034321312749952,0.0034321312749952,1.17795250888002e-05,1.4291141503619,1.5291905340163,1,1.80092604132719,0.000926041327187432,0.000926041327187432,0.000926041327187432,8.57552539659061e-07,1.68456417646373,1.85120405972125,1
29,"n1000-b1_2-b2_2p5-b3_2p5",1000,8,288,1,1,0.6931472,0.9162907,0.9162907,1.5,1.8,1,1.3,0.07,334,164,342,160,FALSE,NA,TRUE,NA,0.623085881293769,-0.0700613187062308,0.0700613187062308,0.0700613187062308,0.00490858837885604,0.383029561056107,0.867195508800623,1,0.791813051527437,-0.124477648472563,0.124477648472563,0.124477648472563,0.0154946849692591,0.579728507426746,1.00940080673898,1,1.05110084139421,0.134810141394214,0.134810141394214,0.134810141394214,0.018173774222728,0.754428401204715,1.34866637320606,1,1.50177053922868,0.00177053922868176,0.00177053922868176,0.00177053922868176,3.13480916030099e-06,1.36902816511082,1.59237738334308,1,1.83618684146523,0.0361868414652324,0.0361868414652324,0.0361868414652324,0.00130948749522987,1.7782860662911,1.93568661052418,1
29,"n1000-b1_2-b2_2p5-b3_2p5",1000,9,289,1,1,0.6931472,0.9162907,0.9162907,1.5,1.8,1,1.3,0.0669999999999999,332,171,331,166,FALSE,NA,TRUE,NA,0.612901386759004,-0.0802458132409959,0.0802458132409959,0.0802458132409959,0.00643939054270879,0.378336162818043,0.84899776040937,1,0.80791321534895,-0.10837748465105,0.10837748465105,0.10837748465105,0.0117456791792885,0.597816512532735,1.02263708241845,1,0.992505451826,0.0762147518259998,0.0762147518259998,0.0762147518259998,0.00580868839589874,0.699787138996994,1.28574422553119,1,1.52031940487348,0.0203194048734849,0.0203194048734849,0.0203194048734849,0.000412878214412603,1.43969643874082,1.59640356060299,1,1.78928141446564,-0.0107185855343599,0.0107185855343599,0.0107185855343599,0.000114888075857389,1.71821268345168,1.94465362919373,1
29,"n1000-b1_2-b2_2p5-b3_2p5",1000,10,290,1,1,0.6931472,0.9162907,0.9162907,1.5,1.8,1,1.3,0.071,339,177,332,152,FALSE,NA,TRUE,NA,0.746047888901503,0.0529006889015029,0.0529006889015029,0.0529006889015029,0.00279848288625359,0.502050495125216,0.990038167280287,1,0.935312754768413,0.019022054768413,0.019022054768413,0.019022054768413,0.000361838567612504,0.713931564464612,1.16087003450459,1,0.931769296028803,0.0154785960288034,0.0154785960288034,0.0154785960288034,0.000239586935022889,0.631684175683923,1.22965522899024,1,1.48023449638947,-0.0197655036105289,0.0197655036105289,0.0197655036105289,0.00039067513297783,1.42646563948995,1.52315324942012,1,1.81357361225723,0.0135736122572294,0.0135736122572294,0.0135736122572294,0.000184242949709609,1.76664615562797,1.8849317237532,1
30,"n1000-b1_2-b2_2p5-b3_2p5",1000,1,291,1,1,0.6931472,0.9162907,0.9162907,1.5,1.8,1,1.3,0.081,316,186,347,151,FALSE,NA,TRUE,NA,0.778635372481222,0.0854881724812225,0.0854881724812225,0.0854881724812225,0.00730822763417925,0.537343943711835,1.02517278825948,1,0.915526096855021,-0.000764603144979059,0.000764603144979059,0.000764603144979059,5.84617969311868e-07,0.692497466953089,1.14295024780363,1,0.88592446747314,-0.0303662325268595,0.0303662325268595,0.0303662325268595,0.000922108077875303,0.586260203381211,1.18210589756743,1,1.51023014106261,0.0102301410626084,0.0102301410626084,0.0102301410626084,0.000104655786160867,1.49148330512796,1.53743583481175,1,1.82374690851052,0.0237469085105197,0.0237469085105197,0.0237469085105197,0.000563915663806995,1.78054487935342,1.86252591086218,1
30,"n1000-b1_2-b2_2p5-b3_2p5",1000,2,292,1,1,0.6931472,0.9162907,0.9162907,1.5,1.8,1,1.3,0.081,325,166,335,174,FALSE,NA,TRUE,NA,0.666369522018951,-0.0267776779810491,0.0267776779810491,0.0267776779810491,0.000717044038056763,0.430228773429666,0.903825809347232,1,0.834376168807988,-0.0819145311920124,0.0819145311920124,0.0819145311920124,0.00670999042040718,0.625698534880846,1.04494516128756,1,0.940242108693837,0.0239514086938367,0.0239514086938367,0.0239514086938367,0.000573669978419197,0.646126442464609,1.23148195219915,1,1.49610507244144,-0.00389492755856446,0.00389492755856446,0.00389492755856446,1.51704606864649e-05,1.45464309791884,1.58035420065154,1,1.75761162435944,-0.0423883756405583,0.0423883756405583,0.0423883756405583,0.00179677438944508,1.69351970518352,1.85246545996764,1
30,"n1000-b1_2-b2_2p5-b3_2p5",1000,3,293,1,1,0.6931472,0.9162907,0.9162907,1.5,1.8,1,1.3,0.069,326,194,324,156,FALSE,NA,TRUE,NA,0.62561658056453,-0.0675306194354702,0.0675306194354702,0.0675306194354702,0.00456038456133831,0.391269743652795,0.86312035745178,1,0.935657272006488,0.0193665720064881,0.0193665720064881,0.0193665720064881,0.000375064111282487,0.715905575882574,1.15940417607346,1,0.987214705022749,0.0709240050227489,0.0709240050227489,0.0709240050227489,0.00503021448846691,0.693858332870745,1.27912751136952,1,1.52101722653327,0.0210172265332724,0.0210172265332724,0.0210172265332724,0.00044172381115089,1.42638608985559,1.69231279333421,1,1.82907332928675,0.0290733292867515,0.0290733292867515,0.0290733292867515,0.000845258475815885,1.75960110787666,1.92844424021324,1
30,"n1000-b1_2-b2_2p5-b3_2p5",1000,4,294,1,1,0.6931472,0.9162907,0.9162907,1.5,1.8,1,1.3,0.0679999999999999,320,179,325,176,FALSE,NA,TRUE,NA,0.576895060333455,-0.116252139666545,0.116252139666545,0.116252139666545,0.0135145599770498,0.346938842143763,0.808753820326729,1,0.807677715692491,-0.108612984307509,0.108612984307509,0.108612984307509,0.0117967803601833,0.602051084887492,1.01700513071949,1,0.848156059740033,-0.0681346402599672,0.0681346402599672,0.0681346402599672,0.00464232920335514,0.555966493852718,1.13633890921666,1,1.50471681483875,0.00471681483874686,0.00471681483874686,0.00471681483874686,2.22483422230226e-05,1.4720048815589,1.59611783593274,1,1.80001090599441,1.09059944068957e-05,1.09059944068957e-05,1.09059944068957e-05,1.18940714003239e-10,1.76064138922525,1.87781331917723,1
30,"n1000-b1_2-b2_2p5-b3_2p5",1000,5,295,1,1,0.6931472,0.9162907,0.9162907,1.5,1.8,1,1.3,0.0629999999999999,323,161,352,164,FALSE,NA,TRUE,NA,0.513189999042632,-0.179957200957368,0.179957200957368,0.179957200957368,0.0323845941764107,0.276144588972038,0.757096197546797,1,0.797968147060712,-0.118322552939289,0.118322552939289,0.118322552939289,0.0140002265340707,0.586752460624078,1.01038743531467,1,1.06579102852381,0.149500328523807,0.149500328523807,0.149500328523807,0.0223503482287262,0.770495540737298,1.36217663423698,1,1.48614382088299,-0.0138561791170104,0.0138561791170104,0.0138561791170104,0.000191993699722676,1.42807858919472,1.61985375559464,1,1.82373237703055,0.0237323770305453,0.0237323770305453,0.0237323770305453,0.000563225719519955,1.78353143584537,1.92217248798037,1
30,"n1000-b1_2-b2_2p5-b3_2p5",1000,6,296,1,1,0.6931472,0.9162907,0.9162907,1.5,1.8,1,1.3,0.076,333,155,335,177,FALSE,NA,TRUE,NA,0.780068126996498,0.0869209269964978,0.0869209269964978,0.0869209269964978,0.0075552475499305,0.540608194015028,1.0214556380804,1,0.842614970875159,-0.0736757291248407,0.0736757291248407,0.0736757291248407,0.00542811306207689,0.635271613037424,1.05689308903556,1,0.909514378511808,-0.00677632148819185,0.00677632148819185,0.00677632148819185,4.59185329113306e-05,0.619304080127624,1.20093968267752,1,1.50230289467974,0.00230289467974032,0.00230289467974032,0.00230289467974032,5.30332390597627e-06,1.47013081055025,1.57206363710771,1,1.81665181425544,0.0166518142554448,0.0166518142554448,0.0166518142554448,0.000277282917997835,1.77096777770502,1.86781095059864,1
30,"n1000-b1_2-b2_2p5-b3_2p5",1000,7,297,1,1,0.6931472,0.9162907,0.9162907,1.5,1.8,1,1.3,0.072,341,153,334,172,FALSE,NA,TRUE,NA,0.851213686998379,0.158066486998379,0.158066486998379,0.158066486998379,0.0249850143120086,0.601761792844339,1.10016246037929,1,0.995717626267679,0.0794269262676791,0.0794269262676791,0.0794269262676791,0.00630863661633133,0.779169811834081,1.21443271706409,1,0.634710584234936,-0.281580115765064,0.281580115765064,0.281580115765064,0.0792873615942671,0.336018559465501,0.937714545248642,1,1.49881240048824,-0.00118759951176428,0.00118759951176428,0.00118759951176428,1.41039260034276e-06,1.46921908504403,1.54590610413621,1,1.80542562108705,0.00542562108704714,0.00542562108704714,0.00542562108704714,2.94373641802106e-05,1.70431198144416,1.90811345000156,1
30,"n1000-b1_2-b2_2p5-b3_2p5",1000,8,298,1,1,0.6931472,0.9162907,0.9162907,1.5,1.8,1,1.3,0.074,302,171,352,175,FALSE,NA,TRUE,NA,0.630893636448203,-0.0622535635517975,0.0622535635517975,0.0622535635517975,0.00387550617489768,0.400033697368414,0.863016346894347,1,0.941142862621285,0.0248521626212845,0.0248521626212845,0.0248521626212845,0.000617629986954772,0.733584412868051,1.15269744604529,1,0.841720612555752,-0.0745700874442482,0.0745700874442482,0.0745700874442482,0.00556069794144282,0.553747683949311,1.13188995583129,1,1.49714917254038,-0.0028508274596164,0.0028508274596164,0.0028508274596164,8.1272172045029e-06,1.36876870432199,1.59368006116273,1,1.81569896091004,0.0156989609100382,0.0156989609100382,0.0156989609100382,0.000246457373654907,1.68546957015083,1.92003777772031,1
30,"n1000-b1_2-b2_2p5-b3_2p5",1000,9,299,1,1,0.6931472,0.9162907,0.9162907,1.5,1.8,1,1.3,0.072,330,162,348,160,FALSE,NA,TRUE,NA,0.647570392399444,-0.045576807600556,0.045576807600556,0.045576807600556,0.0020772453910581,0.403644332081833,0.900556704243185,1,0.84143979919099,-0.0748509008090098,0.0748509008090098,0.0748509008090098,0.00560265735192022,0.619807431648317,1.06514967380585,1,1.00658380151357,0.0902931015135726,0.0902931015135726,0.0902931015135726,0.00815284418094033,0.69921826669035,1.31383500603478,1,1.48670061537901,-0.013299384620987,0.013299384620987,0.013299384620987,0.000176873631296946,1.30477843497838,1.52361803172337,1,1.79464281935439,-0.00535718064561075,0.00535718064561075,0.00535718064561075,2.86993844697064e-05,1.6611867750489,1.83722969763435,1
30,"n1000-b1_2-b2_2p5-b3_2p5",1000,10,300,1,1,0.6931472,0.9162907,0.9162907,1.5,1.8,1,1.3,0.081,340,171,338,151,FALSE,NA,TRUE,NA,0.749891792783434,0.0567445927834338,0.0567445927834338,0.0567445927834338,0.00321994881015773,0.505616611915996,0.999310653972941,1,0.922366428672148,0.00607572867214834,0.00607572867214834,0.00607572867214834,3.69144788975654e-05,0.700880155878927,1.15357549950555,1,0.905910019167058,-0.010380680832942,0.010380680832942,0.010380680832942,0.000107758534555409,0.598672746717904,1.20751753731237,1,1.5225036810525,0.0225036810525003,0.0225036810525003,0.0225036810525003,0.000506415660912663,1.46359887409288,1.61273894868848,1,1.85547067446522,0.0554706744652222,0.0554706744652222,0.0554706744652222,0.00307699572562666,1.79418842444559,1.98195562389254,1
31,"n1000-b1_2-b2_2p5-b3_2p5",1000,1,301,1,1,0.6931472,0.9162907,0.9162907,1.5,1.8,1,1.3,0.072,361,162,318,159,FALSE,NA,TRUE,NA,0.811135802853877,0.117988602853877,0.117988602853877,0.117988602853877,0.01392131040341,0.561851679879778,1.06768155364682,1,1.0677873093436,0.151496609343602,0.151496609343602,0.151496609343602,0.022951222642608,0.84409157247422,1.29650759003628,1,0.820160941503056,-0.0961297584969439,0.0961297584969439,0.0961297584969439,0.00924093046868077,0.520160159973294,1.12016116244366,1,1.50155803563528,0.00155803563527623,0.00155803563527623,0.00155803563527623,2.42747504079062e-06,1.47096613532256,1.54191286997475,1,1.81256972532139,0.0125697253213937,0.0125697253213937,0.0125697253213937,0.000157997994655285,1.76242826143521,1.87008069290293,1
31,"n1000-b1_2-b2_2p5-b3_2p5",1000,2,302,1,1,0.6931472,0.9162907,0.9162907,1.5,1.8,1,1.3,0.07,343,169,314,174,FALSE,NA,TRUE,NA,0.818787169847449,0.125639969847449,0.125639969847449,0.125639969847449,0.0157854020232678,0.583706936463255,1.05752032398629,1,1.03934407203406,0.123053372034057,0.123053372034057,0.123053372034057,0.015142132368952,0.825240116683207,1.2597427615357,1,0.773423776408806,-0.142866923591194,0.142866923591194,0.142866923591194,0.0204109578564121,0.482983759533119,1.05882612362331,1,1.45544645615517,-0.0445535438448335,0.0445535438448335,0.0445535438448335,0.0019850182691335,1.44005628957252,1.5156994203399,1,1.71717676481782,-0.0828232351821756,0.0828232351821756,0.0828232351821756,0.00685968828604197,1.67530804160477,1.82771631896267,1
31,"n1000-b1_2-b2_2p5-b3_2p5",1000,3,303,1,1,0.6931472,0.9162907,0.9162907,1.5,1.8,1,1.3,0.0639999999999999,340,166,333,161,FALSE,NA,TRUE,NA,0.898151046575389,0.205003846575389,0.205003846575389,0.205003846575389,0.0420265771107057,0.652439874713737,1.14843712512509,1,0.996229530959337,0.0799388309593368,0.0799388309593368,0.0799388309593368,0.00639021669514543,0.776569363861901,1.2192359079654,1,0.672244957997654,-0.244045742002346,0.244045742002346,0.244045742002346,0.0595583241894754,0.375045968067036,0.964716841823224,1,1.50090097388402,0.000900973884019551,0.000900973884019551,0.000900973884019551,8.11753939685276e-07,1.45591101885763,1.56089908900713,1,1.8296527468888,0.0296527468888008,0.0296527468888008,0.0296527468888008,0.000879285398051287,1.73600847039991,1.9065388081774,1
31,"n1000-b1_2-b2_2p5-b3_2p5",1000,4,304,1,1,0.6931472,0.9162907,0.9162907,1.5,1.8,1,1.3,0.0669999999999999,357,166,318,159,FALSE,NA,TRUE,NA,0.620918237604263,-0.072228962395737,0.072228962395737,0.072228962395737,0.00521702300876478,0.381360820447888,0.860138247545987,1,0.883816405814054,-0.0324742941859457,0.0324742941859457,0.0324742941859457,0.00105457978287535,0.671791477836267,1.10313606098084,1,0.963901980048576,0.0476112800485757,0.0476112800485757,0.0476112800485757,0.00226683398786391,0.674374190790081,1.25152179173104,1,1.48959115632041,-0.0104088436795859,0.0104088436795859,0.0104088436795859,0.000108344026746056,1.44748389050033,1.52258189425362,1,1.80419463773367,0.00419463773366835,0.00419463773366835,0.00419463773366835,1.75949857167143e-05,1.76065343721194,1.83253300095645,1
31,"n1000-b1_2-b2_2p5-b3_2p5",1000,5,305,1,1,0.6931472,0.9162907,0.9162907,1.5,1.8,1,1.3,0.072,319,166,350,165,FALSE,NA,TRUE,NA,0.765241554340016,0.0720943543400161,0.0720943543400161,0.0720943543400161,0.0051975959277038,0.527116521837535,1.00660711102451,1,0.866510512748605,-0.0497801872513948,0.0497801872513948,0.0497801872513948,0.00247806704278393,0.65419593583782,1.08439546526284,1,0.85999974536512,-0.05629095463488,0.05629095463488,0.05629095463488,0.00316867157370612,0.563856702523228,1.15488408452262,1,1.51342848182053,0.0134284818205348,0.0134284818205348,0.0134284818205348,0.000180324124004434,1.45233204098379,1.6432526456706,1,1.84558757414802,0.0455875741480225,0.0455875741480225,0.0455875741480225,0.00207822691670145,1.78510065569132,1.98596513682953,1
31,"n1000-b1_2-b2_2p5-b3_2p5",1000,6,306,1,1,0.6931472,0.9162907,0.9162907,1.5,1.8,1,1.3,0.07,353,174,318,155,FALSE,NA,TRUE,NA,0.711061737719535,0.0179145377195347,0.0179145377195347,0.0179145377195347,0.00032093066170463,0.467310747177356,0.953716334529663,1,0.918745890753294,0.00245519075329426,0.00245519075329426,0.00245519075329426,6.02796163506162e-06,0.701367239056771,1.14299048415863,1,0.905491551015269,-0.0107991489847312,0.0107991489847312,0.0107991489847312,0.000116621618794421,0.60636604204482,1.20452077242406,1,1.54275036972702,0.0427503697270246,0.0427503697270246,0.0427503697270246,0.0018275941117973,1.49589085706608,1.61191081744884,1,1.79568616650409,-0.00431383349591319,0.00431383349591319,0.00431383349591319,1.86091594304626e-05,1.75580799858439,1.84841467338497,1
31,"n1000-b1_2-b2_2p5-b3_2p5",1000,7,307,1,1,0.6931472,0.9162907,0.9162907,1.5,1.8,1,1.3,0.0649999999999999,327,166,339,168,FALSE,NA,TRUE,NA,0.646116674452147,-0.0470305255478533,0.0470305255478533,0.0470305255478533,0.00221187033330728,0.408168907901029,0.884319539060053,1,0.873784810837405,-0.042505889162595,0.042505889162595,0.042505889162595,0.00180675061350281,0.659400338872529,1.09165773826806,1,1.27960570654865,0.363315006548645,0.363315006548645,0.363315006548645,0.131997793983442,0.979426669255873,1.57888181609169,0,1.48602552562718,-0.0139744743728172,0.0139744743728172,0.0139744743728172,0.000195285933996524,1.40221830571999,1.54877236900426,1,1.82920374863846,0.0292037486384613,0.0292037486384613,0.0292037486384613,0.000852858934538431,1.71548934174577,1.94245359410667,1
31,"n1000-b1_2-b2_2p5-b3_2p5",1000,8,308,1,1,0.6931472,0.9162907,0.9162907,1.5,1.8,1,1.3,0.0669999999999999,318,161,336,185,FALSE,NA,TRUE,NA,0.860109886299171,0.166962686299171,0.166962686299171,0.166962686299171,0.0278765386162352,0.623711465678598,1.0965156613631,1,0.931815074791384,0.0155243747913839,0.0155243747913839,0.0155243747913839,0.000241006212663356,0.724470802705913,1.14323990224021,1,0.700062125115285,-0.216228574884715,0.216228574884715,0.216228574884715,0.0467547965966747,0.409374404976154,0.989435736407279,1,1.47092032514772,-0.0290796748522846,0.0290796748522846,0.0290796748522846,0.000845627489514592,1.40948419363961,1.57092859740965,1,1.75426929920633,-0.0457307007936683,0.0457307007936683,0.0457307007936683,0.00209129699508001,1.68496156210036,1.89137271182939,1
31,"n1000-b1_2-b2_2p5-b3_2p5",1000,9,309,1,1,0.6931472,0.9162907,0.9162907,1.5,1.8,1,1.3,0.08,327,190,310,173,FALSE,NA,TRUE,NA,0.694111849094692,0.000964649094691628,0.000964649094691628,0.000964649094691628,9.30547875889377e-07,0.45843909980129,0.929532391044095,1,1.01103032638526,0.0947396263852585,0.0947396263852585,0.0947396263852585,0.00897559680761836,0.797961793415269,1.22779972046362,1,0.880062218526861,-0.0362284814731393,0.0362284814731393,0.0362284814731393,0.0013125028698496,0.582448003694483,1.17183720624037,1,1.43037385314662,-0.069626146853379,0.069626146853379,0.069626146853379,0.0048478003256483,1.38351953166673,1.49329967215436,0,1.76411522056906,-0.0358847794309414,0.0358847794309414,0.0358847794309414,0.00128771739480731,1.71439070565731,1.85729905108496,1
31,"n1000-b1_2-b2_2p5-b3_2p5",1000,10,310,1,1,0.6931472,0.9162907,0.9162907,1.5,1.8,1,1.3,0.072,313,179,349,159,FALSE,NA,TRUE,NA,0.694042586086548,0.000895386086547934,0.000895386086547934,0.000895386086547934,8.01716243983624e-07,0.460833002917386,0.926418108916997,1,0.839387333413642,-0.0769033665863584,0.0769033665863584,0.0769033665863584,0.00591412779231583,0.632484723650382,1.05262114570789,1,1.01458905526312,0.0982983552631189,0.0982983552631189,0.0982983552631189,0.00966256664743434,0.724820710624829,1.30146753094514,1,1.54624895818888,0.0462489581888752,0.0462489581888752,0.0462489581888752,0.00213896613355633,1.48009491800043,1.69894884804294,1,1.83414710485863,0.0341471048586257,0.0341471048586257,0.0341471048586257,0.00116602477022598,1.7722717583804,1.94415121312523,1
32,"n1000-b1_2-b2_2p5-b3_2p5",1000,1,311,1,1,0.6931472,0.9162907,0.9162907,1.5,1.8,1,1.3,0.073,317,168,355,160,FALSE,NA,TRUE,NA,0.631913639159396,-0.0612335608406036,0.0612335608406036,0.0612335608406036,0.0037495489732199,0.389353819714209,0.87397927477449,1,0.997693410691107,0.0814027106911066,0.0814027106911066,0.0814027106911066,0.00662640130786,0.788498882612076,1.21460657143675,1,0.821108357090083,-0.0951823429099173,0.0951823429099173,0.0951823429099173,0.00905967840182109,0.529713974266836,1.11562033918582,1,1.53627824293792,0.0362782429379198,0.0362782429379198,0.0362782429379198,0.00131611091066273,1.48997371045458,1.62137637260509,1,1.8077721182218,0.00777211822180379,0.00777211822180379,0.00777211822180379,6.04058216536945e-05,1.78638468600826,1.85183897784729,1
32,"n1000-b1_2-b2_2p5-b3_2p5",1000,2,312,1,1,0.6931472,0.9162907,0.9162907,1.5,1.8,1,1.3,0.07,329,156,361,154,FALSE,NA,TRUE,NA,0.537430674408518,-0.155716525591482,0.155716525591482,0.155716525591482,0.0242476363422826,0.285831788142189,0.79208155212324,1,0.738360245252544,-0.177930454747456,0.177930454747456,0.177930454747456,0.0316592467266365,0.523886760962377,0.959629977574081,1,1.11000856873832,0.193717868738323,0.193717868738323,0.193717868738323,0.037526612668518,0.807234274604842,1.41368518079429,1,1.34055813822438,-0.159441861775621,0.159441861775621,0.159441861775621,0.0254217072864762,1.2517386465009,1.46494219312758,0,1.78230158538879,-0.0176984146112145,0.0176984146112145,0.0176984146112145,0.00031323387975045,1.68262513962199,1.91675185173944,1
32,"n1000-b1_2-b2_2p5-b3_2p5",1000,3,313,1,1,0.6931472,0.9162907,0.9162907,1.5,1.8,1,1.3,0.073,326,160,348,166,FALSE,NA,TRUE,NA,0.829868017662085,0.136720817662085,0.136720817662085,0.136720817662085,0.018692581982189,0.58044013808403,1.07708243734708,1,0.920623973272039,0.00433327327203903,0.00433327327203903,0.00433327327203903,1.87772572501678e-05,0.707558941893926,1.14082331296883,1,0.816288478475501,-0.100002221524499,0.100002221524499,0.100002221524499,0.010000444309835,0.518778465030401,1.11377999195326,1,1.49668829385083,-0.00331170614917031,0.00331170614917031,0.00331170614917031,1.09673976184525e-05,1.46511637258848,1.56815509768054,1,1.74919533252242,-0.0508046674775833,0.0508046674775833,0.0508046674775833,0.00258111423750781,1.67422798037108,1.8336106390789,1
32,"n1000-b1_2-b2_2p5-b3_2p5",1000,4,314,1,1,0.6931472,0.9162907,0.9162907,1.5,1.8,1,1.3,0.087,321,164,344,171,FALSE,NA,TRUE,NA,0.700720732886057,0.00757353288605711,0.00757353288605711,0.00757353288605711,5.73584003761885e-05,0.456136255679124,0.94753502269572,1,0.795009955946117,-0.121280744053883,0.121280744053883,0.121280744053883,0.0147090188782635,0.581255525691326,1.01508984985415,1,0.994133167655999,0.0778424676559986,0.0778424676559986,0.0778424676559986,0.00605944977077518,0.69078985135281,1.30116049118475,1,1.46637841407791,-0.0336215859220854,0.0336215859220854,0.0336215859220854,0.00113041103991617,1.41896179384715,1.56857655934888,1,1.69042141068488,-0.10957858931512,0.10957858931512,0.10957858931512,0.0120074672362918,1.60761914836944,1.81940794755058,1
32,"n1000-b1_2-b2_2p5-b3_2p5",1000,5,315,1,1,0.6931472,0.9162907,0.9162907,1.5,1.8,1,1.3,0.072,342,165,332,161,FALSE,NA,TRUE,NA,0.680148669483847,-0.0129985305161525,0.0129985305161525,0.0129985305161525,0.000168961795579348,0.436097357365791,0.924679000464756,1,0.872369612845993,-0.043921087154007,0.043921087154007,0.043921087154007,0.00192906189678988,0.655174187102291,1.09332643654126,1,1.00004694176727,0.0837562417672661,0.0837562417672661,0.0837562417672661,0.00701510803497674,0.707510709156976,1.29478529784041,1,1.4626007544276,-0.037399245572399,0.037399245572399,0.037399245572399,0.00139870356938461,1.39673769164203,1.52124109966952,1,1.77277811846635,-0.0272218815336474,0.0272218815336474,0.0272218815336474,0.000741030834231931,1.71123480759633,1.83412325327845,1
32,"n1000-b1_2-b2_2p5-b3_2p5",1000,6,316,1,1,0.6931472,0.9162907,0.9162907,1.5,1.8,1,1.3,0.074,321,173,340,166,FALSE,NA,TRUE,NA,0.698801605980884,0.0056544059808844,0.0056544059808844,0.0056544059808844,3.19723069966613e-05,0.462044640618668,0.933714692104229,1,0.818619225590983,-0.0976714744090169,0.0976714744090169,0.0976714744090169,0.00953971691323125,0.604777428159653,1.03442553697106,1,0.874010721499701,-0.042279978500299,0.042279978500299,0.042279978500299,0.00178759658198574,0.584226681705418,1.16522252840207,1,1.48668431269071,-0.0133156873092941,0.0133156873092941,0.0133156873092941,0.000177307528518896,1.45323421923884,1.51811594203575,1,1.77758961010394,-0.0224103898960581,0.0224103898960581,0.0224103898960581,0.000502225575293345,1.67693342833635,1.82370559899998,1
32,"n1000-b1_2-b2_2p5-b3_2p5",1000,7,317,1,1,0.6931472,0.9162907,0.9162907,1.5,1.8,1,1.3,0.078,353,162,294,191,FALSE,NA,TRUE,NA,0.579040761025685,-0.114106438974315,0.114106438974315,0.114106438974315,0.0130202794153991,0.347697573545981,0.807019089127322,1,0.871078872683159,-0.0452118273168406,0.0452118273168406,0.0452118273168406,0.00204410932932781,0.665441509234118,1.0767909623333,1,1.07581815082137,0.159527450821367,0.159527450821367,0.159527450821367,0.0254490075655636,0.790022296945149,1.36874299595674,1,1.50062368124414,0.000623681244138252,0.000623681244138252,0.000623681244138252,3.88978294289838e-07,1.43189881874847,1.60492809004497,1,1.78290896404025,-0.0170910359597451,0.0170910359597451,0.0170910359597451,0.000292103510177302,1.72531213080469,1.85311123472275,1
32,"n1000-b1_2-b2_2p5-b3_2p5",1000,8,318,1,1,0.6931472,0.9162907,0.9162907,1.5,1.8,1,1.3,0.073,321,176,358,145,FALSE,NA,TRUE,NA,0.725662634703103,0.0325154347031034,0.0325154347031034,0.0325154347031034,0.00105725349393178,0.48044469235827,0.978320419546196,1,0.893390534222824,-0.0229001657771761,0.0229001657771761,0.0229001657771761,0.000524417592622149,0.673528289862009,1.12310594863444,1,0.992460787388212,0.0761700873882122,0.0761700873882122,0.0761700873882122,0.00580188221272788,0.689557897595913,1.29037752086536,1,1.46040294830865,-0.0395970516913537,0.0395970516913537,0.0395970516913537,0.00156792650264774,1.32292954856568,1.56659425442185,1,1.83522209830804,0.0352220983080396,0.0352220983080396,0.0352220983080396,0.0012405962092212,1.7901134582879,1.9371111365578,1
32,"n1000-b1_2-b2_2p5-b3_2p5",1000,9,319,1,1,0.6931472,0.9162907,0.9162907,1.5,1.8,1,1.3,0.082,328,171,319,182,FALSE,NA,TRUE,NA,0.793452575722568,0.100305375722568,0.100305375722568,0.100305375722568,0.0100611683988455,0.556428230518213,1.03237989861045,1,0.88539235043333,-0.0308983495666703,0.0308983495666703,0.0308983495666703,0.000954708005944152,0.678580755742804,1.09822064885733,1,0.867908932468627,-0.0483817675313729,0.0483817675313729,0.0483817675313729,0.00234079542945981,0.572877763327786,1.1596889514328,1,1.5643423874523,0.0643423874523017,0.0643423874523017,0.0643423874523017,0.00413994282306211,1.45613159917721,1.68230719898335,1,1.85189890379825,0.051898903798248,0.051898903798248,0.051898903798248,0.0026934962154598,1.75550193273632,1.94025573517871,1
32,"n1000-b1_2-b2_2p5-b3_2p5",1000,10,320,1,1,0.6931472,0.9162907,0.9162907,1.5,1.8,1,1.3,0.084,350,169,309,172,FALSE,NA,TRUE,NA,1.00913872388719,0.315991523887191,0.315991523887191,0.315991523887191,0.0998506431685495,0.75882224881732,1.25385283980635,0,1.00859643426631,0.0923057342663098,0.0923057342663098,0.0923057342663098,0.00852034857844261,0.787261406633452,1.23769875482817,1,0.677458436443929,-0.238832263556071,0.238832263556071,0.238832263556071,0.0570408501153165,0.380991822507293,0.980102747858408,1,1.43671411033846,-0.0632858896615354,0.0632858896615354,0.0632858896615354,0.00400510383025203,1.33657982364736,1.51352989273337,1,1.76637405262949,-0.0336259473705081,0.0336259473705081,0.0336259473705081,0.00113070433656418,1.68248596796714,1.96358616190919,1
33,"n1000-b1_2-b2_2p5-b3_2p5",1000,1,321,1,1,0.6931472,0.9162907,0.9162907,1.5,1.8,1,1.3,0.074,326,187,303,184,FALSE,NA,TRUE,NA,0.896574374992575,0.203427174992575,0.203427174992575,0.203427174992575,0.0413826155254599,0.669273752230345,1.12375754972614,1,0.959898557939804,0.0436078579398036,0.0436078579398036,0.0436078579398036,0.00190164527409809,0.748861907147031,1.1728680829869,1,0.792957595738911,-0.123333104261089,0.123333104261089,0.123333104261089,0.0152110546066767,0.510302247732183,1.07513211094917,1,1.53576567066836,0.0357656706683596,0.0357656706683596,0.0357656706683596,0.00127918319835756,1.44145148318245,1.62318672102526,1,1.8296981536094,0.0296981536093968,0.0296981536093968,0.0296981536093968,0.000881980327807326,1.76455596051568,1.89651375243521,1
33,"n1000-b1_2-b2_2p5-b3_2p5",1000,2,322,1,1,0.6931472,0.9162907,0.9162907,1.5,1.8,1,1.3,0.075,333,177,322,168,FALSE,NA,TRUE,NA,0.7790762575967,0.0859290575967003,0.0859290575967003,0.0859290575967003,0.00738380293945704,0.540509781780786,1.02397294925591,1,0.828348464130085,-0.087942235869915,0.087942235869915,0.087942235869915,0.00773383684979977,0.612253249883826,1.0536193347996,1,0.825344584668128,-0.0909461153318719,0.0909461153318719,0.0909461153318719,0.00827119589395815,0.531487788098162,1.11766092873919,1,1.47637359738607,-0.0236264026139319,0.0236264026139319,0.0236264026139319,0.000558206900475608,1.42825268917251,1.55115114917388,1,1.78212531237938,-0.0178746876206239,0.0178746876206239,0.0178746876206239,0.000319504457534887,1.75103214877316,1.84427423293481,1
33,"n1000-b1_2-b2_2p5-b3_2p5",1000,3,323,1,1,0.6931472,0.9162907,0.9162907,1.5,1.8,1,1.3,0.07,330,147,357,166,FALSE,NA,TRUE,NA,0.821553279329492,0.128406079329492,0.128406079329492,0.128406079329492,0.0164881212087718,0.573624346901831,1.06554348197942,1,1.0412952367836,0.125004536783599,0.125004536783599,0.125004536783599,0.0156261342164823,0.825728175886413,1.2594455412269,1,0.815787034149637,-0.100503665850363,0.100503665850363,0.100503665850363,0.0101009868493614,0.522016431054849,1.11463039119661,1,1.50673700159287,0.00673700159287005,0.00673700159287005,0.00673700159287005,4.53871904623336e-05,1.47545789199302,1.57124110255872,1,1.79065452408522,-0.00934547591477508,0.00934547591477508,0.00934547591477508,8.73379200736411e-05,1.74497150804911,1.83131286424553,1
33,"n1000-b1_2-b2_2p5-b3_2p5",1000,4,324,1,1,0.6931472,0.9162907,0.9162907,1.5,1.8,1,1.3,0.08,325,169,334,172,FALSE,NA,TRUE,NA,0.831683213821761,0.138536013821761,0.138536013821761,0.138536013821761,0.0191922271256231,0.583054362434112,1.08063491799901,1,1.03186445715659,0.115573757156586,0.115573757156586,0.115573757156586,0.0133572933432896,0.813596311187489,1.25193358873056,1,0.693284531006114,-0.223006168993886,0.223006168993886,0.223006168993886,0.0497317514093299,0.395378702271473,0.990080784033323,1,1.52973575945676,0.0297357594567551,0.0297357594567551,0.0297357594567551,0.000884215390470001,1.47060108348629,1.64235740285167,1,1.78387205134892,-0.016127948651085,0.016127948651085,0.016127948651085,0.000260110727692035,1.69768061810239,1.87203374729702,1
33,"n1000-b1_2-b2_2p5-b3_2p5",1000,5,325,1,1,0.6931472,0.9162907,0.9162907,1.5,1.8,1,1.3,0.069,353,162,328,157,FALSE,NA,TRUE,NA,0.973174879087157,0.280027679087157,0.280027679087157,0.280027679087157,0.07841550105494,0.730863441886669,1.21999793000782,0,0.88203337521482,-0.0342573247851803,0.0342573247851803,0.0342573247851803,0.00117356430143733,0.660939982798276,1.10472517548105,1,0.709830125242296,-0.206460574757704,0.206460574757704,0.206460574757704,0.0426259689292815,0.416512352183461,1.00654085434132,1,1.53859911202826,0.0385991120282612,0.0385991120282612,0.0385991120282612,0.00148989144937026,1.49043370569691,1.66321542236609,1,1.78575915049748,-0.0142408495025177,0.0142408495025177,0.0142408495025177,0.000202801794553358,1.66904971880516,2.04629311073082,1
33,"n1000-b1_2-b2_2p5-b3_2p5",1000,6,326,1,1,0.6931472,0.9162907,0.9162907,1.5,1.8,1,1.3,0.072,332,168,324,176,FALSE,NA,TRUE,NA,0.690997608913921,-0.00214959108607915,0.00214959108607915,0.00214959108607915,4.62074183735094e-06,0.45211928268531,0.933283043451719,1,0.954233111133514,0.037942411133514,0.037942411133514,0.037942411133514,0.00143962656262461,0.74130225138176,1.16693464066042,1,0.912281676840863,-0.00400902315913676,0.00400902315913676,0.00400902315913676,1.60722666904949e-05,0.613846734060823,1.20872828342471,1,1.44400502400827,-0.0559949759917318,0.0559949759917318,0.0559949759917318,0.00313543733631462,1.39756560359518,1.52523510345666,1,1.7494395645022,-0.0505604354977989,0.0505604354977989,0.0505604354977989,0.00255635763772708,1.70253066527659,1.87608719761645,1
33,"n1000-b1_2-b2_2p5-b3_2p5",1000,7,327,1,1,0.6931472,0.9162907,0.9162907,1.5,1.8,1,1.3,0.0669999999999999,352,161,314,173,FALSE,NA,TRUE,NA,0.666723781902842,-0.0264234180971575,0.0264234180971575,0.0264234180971575,0.000698197023937192,0.430180425923398,0.904441299451302,1,0.800023749495064,-0.116266950504936,0.116266950504936,0.116266950504936,0.0135180037797173,0.58923707726387,1.01107539439305,1,1.04585896133606,0.12956826133606,0.12956826133606,0.12956826133606,0.0167879343456494,0.751767486843515,1.33999567585518,1,1.52967830906596,0.0296783090659569,0.0296783090659569,0.0296783090659569,0.000880802029014461,1.49485901830919,1.59159755703583,1,1.82026853528692,0.020268535286915,0.020268535286915,0.020268535286915,0.000410813522676917,1.78708829488337,1.91459821974757,1
33,"n1000-b1_2-b2_2p5-b3_2p5",1000,8,328,1,1,0.6931472,0.9162907,0.9162907,1.5,1.8,1,1.3,0.0659999999999999,304,187,357,152,FALSE,NA,TRUE,NA,0.634015009553897,-0.059132190446103,0.059132190446103,0.059132190446103,0.00349661594695419,0.39728385730607,0.874702462919238,1,0.946721043168843,0.0304303431688434,0.0304303431688434,0.0304303431688434,0.000926005785373575,0.732504450118441,1.16128608786991,1,0.819275537420044,-0.0970151625799561,0.0970151625799561,0.0970151625799561,0.00941194177041532,0.526949606671273,1.11336897574978,1,1.55224702500825,0.0522470250082452,0.0522470250082452,0.0522470250082452,0.0027297516222122,1.49740043164987,1.67328294300611,1,1.88869394874555,0.088693948745548,0.088693948745548,0.088693948745548,0.0078666165440779,1.79755301550054,2.06634600875986,1
33,"n1000-b1_2-b2_2p5-b3_2p5",1000,9,329,1,1,0.6931472,0.9162907,0.9162907,1.5,1.8,1,1.3,0.075,332,174,338,156,FALSE,NA,TRUE,NA,0.693303345158269,0.000156145158268561,0.000156145158268561,0.000156145158268561,2.43813104507141e-08,0.448039593698854,0.943179836404155,1,0.960784326930794,0.0444936269307942,0.0444936269307942,0.0444936269307942,0.00197968283745669,0.738525728373853,1.19071592877919,1,0.839971367505968,-0.0763193324940319,0.0763193324940319,0.0763193324940319,0.00582464051233459,0.540213672985285,1.1347322346804,1,1.46208617717586,-0.0379138228241416,0.0379138228241416,0.0379138228241416,0.0014374579611404,1.36724308355898,1.53347131506512,1,1.83271206539241,0.032712065392412,0.032712065392412,0.032712065392412,0.00107007922223744,1.77312075441641,1.93415778132186,1
33,"n1000-b1_2-b2_2p5-b3_2p5",1000,10,330,1,1,0.6931472,0.9162907,0.9162907,1.5,1.8,1,1.3,0.0620000000000001,340,167,324,169,FALSE,NA,TRUE,NA,0.804883231943416,0.111736031943416,0.111736031943416,0.111736031943416,0.01248494083446,0.566114435242153,1.04249053819114,1,1.06546023600205,0.149169536002052,0.149169536002052,0.149169536002052,0.0222515504710676,0.85385051221788,1.28284637818685,1,0.617334788499617,-0.298955911500383,0.298955911500383,0.298955911500383,0.0893746370210249,0.327393712030851,0.904699341281642,0,1.41724021575586,-0.0827597842441392,0.0827597842441392,0.0827597842441392,0.00684918188813647,1.3135998286144,1.51874226840507,1,1.82661637891094,0.0266163789109446,0.0266163789109446,0.0266163789109446,0.000708431626330976,1.71636108959013,1.88574852825693,1
34,"n1000-b1_2-b2_2p5-b3_2p5",1000,1,331,1,1,0.6931472,0.9162907,0.9162907,1.5,1.8,1,1.3,0.081,317,174,353,156,FALSE,NA,TRUE,NA,0.739375702384749,0.0462285023847491,0.0462285023847491,0.0462285023847491,0.00213707443273675,0.494347353294837,0.985980899611015,1,0.937667946786998,0.021377246786998,0.021377246786998,0.021377246786998,0.000456986680192218,0.716893979288366,1.16044948059676,1,0.904120114922499,-0.0121705850775011,0.0121705850775011,0.0121705850775011,0.000148123141128693,0.606623316616636,1.20225825603282,1,1.47730427507459,-0.0226957249254078,0.0226957249254078,0.0226957249254078,0.000515095929889778,1.41321267363313,1.51893222181215,1,1.78420053138856,-0.0157994686114376,0.0157994686114376,0.0157994686114376,0.0002496232084038,1.74009596870885,1.81610255317402,1
34,"n1000-b1_2-b2_2p5-b3_2p5",1000,2,332,1,1,0.6931472,0.9162907,0.9162907,1.5,1.8,1,1.3,0.069,339,195,309,157,FALSE,NA,TRUE,NA,0.677748251634945,-0.0153989483650554,0.0153989483650554,0.0153989483650554,0.000237127610749642,0.438988475495514,0.912982355790842,1,0.946726232574926,0.0304355325749265,0.0304355325749265,0.0304355325749265,0.000926321643119411,0.727283479375772,1.16798826629667,1,0.926645660941588,0.0103549609415882,0.0103549609415882,0.0103549609415882,0.000107225216101816,0.637265159324167,1.21933724096473,1,1.50030901992078,0.000309019920781584,0.000309019920781584,0.000309019920781584,9.54933114398562e-08,1.4488033067456,1.57879635902937,1,1.82149275314202,0.021492753142017,0.021492753142017,0.021492753142017,0.000461938437623683,1.76122794541419,1.91181318170172,1
34,"n1000-b1_2-b2_2p5-b3_2p5",1000,3,333,1,1,0.6931472,0.9162907,0.9162907,1.5,1.8,1,1.3,0.073,324,161,356,159,FALSE,NA,TRUE,NA,0.842710335320346,0.149563135320346,0.149563135320346,0.149563135320346,0.022369131446852,0.594949245695245,1.09348715422559,1,1.09503656700816,0.178745867008155,0.178745867008155,0.178745867008155,0.0319500849724972,0.877422207416234,1.32287415755935,1,0.687495909318043,-0.228794790681957,0.228794790681957,0.228794790681957,0.0523470562432006,0.385544450502116,0.982810022224274,1,1.49661304389954,-0.00338695610046447,0.00338695610046447,0.00338695610046447,1.14714716264735e-05,1.46131249427774,1.58417319283032,1,1.79213606772123,-0.00786393227877324,0.00786393227877324,0.00786393227877324,6.18414308851318e-05,1.74766818616866,1.89302092001618,1
34,"n1000-b1_2-b2_2p5-b3_2p5",1000,4,334,1,1,0.6931472,0.9162907,0.9162907,1.5,1.8,1,1.3,0.0610000000000001,343,169,307,181,FALSE,NA,TRUE,NA,0.718561412424662,0.0254142124246624,0.0254142124246624,0.0254142124246624,0.000645882193165862,0.490273776499063,0.952420305390201,1,0.971371287561262,0.0550805875612623,0.0550805875612623,0.0550805875612623,0.00303387112609389,0.761975655589809,1.18485759796908,1,0.677791946505028,-0.238498753494972,0.238498753494972,0.238498753494972,0.0568816554186554,0.391374470474458,0.95914627857434,1,1.51470828062118,0.0147082806211829,0.0147082806211829,0.0147082806211829,0.000216333518831464,1.49018185520481,1.55350244622892,1,1.80017035491339,0.000170354913388904,0.000170354913388904,0.000170354913388904,2.90207965157409e-08,1.76907361268753,1.84207539681477,1
34,"n1000-b1_2-b2_2p5-b3_2p5",1000,5,335,1,1,0.6931472,0.9162907,0.9162907,1.5,1.8,1,1.3,0.089,351,167,315,167,FALSE,NA,TRUE,NA,0.599893354576555,-0.0932538454234445,0.0932538454234445,0.0932538454234445,0.00869627968625968,0.35334767149169,0.841928509104511,1,0.813528290156191,-0.102762409843809,0.102762409843809,0.102762409843809,0.010560112876907,0.590783370959397,1.03624189919488,1,1.09349181042534,0.177201110425338,0.177201110425338,0.177201110425338,0.031400233535973,0.794419097740692,1.39637125469375,1,1.47626265108351,-0.023737348916486,0.023737348916486,0.023737348916486,0.000563461733583001,1.41437711862749,1.56775542999334,1,1.78702076450723,-0.0129792354927687,0.0129792354927687,0.0129792354927687,0.000168460553976747,1.7185031707447,1.89657182202218,1
34,"n1000-b1_2-b2_2p5-b3_2p5",1000,6,336,1,1,0.6931472,0.9162907,0.9162907,1.5,1.8,1,1.3,0.078,334,168,326,172,FALSE,NA,TRUE,NA,0.719582684849286,0.0264354848492863,0.0264354848492863,0.0264354848492863,0.000698834859216843,0.482153372415446,0.95785436296127,1,0.891854628153944,-0.0244360718460561,0.0244360718460561,0.0244360718460561,0.000597121607265616,0.679847792141811,1.10849060924605,1,0.748548466852966,-0.167742233147034,0.167742233147034,0.167742233147034,0.0281374567811539,0.459716072057108,1.03769735935938,1,1.52633143638145,0.02633143638145,0.02633143638145,0.02633143638145,0.000693344541910347,1.48938390526276,1.59183154210383,1,1.80119586629561,0.00119586629560575,0.00119586629560575,0.00119586629560575,1.43009619696582e-06,1.75710042808066,1.86976212185411,1
34,"n1000-b1_2-b2_2p5-b3_2p5",1000,7,337,1,1,0.6931472,0.9162907,0.9162907,1.5,1.8,1,1.3,0.07,336,166,324,174,FALSE,NA,TRUE,NA,0.700611132761268,0.00746393276126822,0.00746393276126822,0.00746393276126822,5.57102922647331e-05,0.462473526950799,0.937884908622633,1,0.891551917094676,-0.0247387829053237,0.0247387829053237,0.0247387829053237,0.000612007379636737,0.684465145199513,1.10311729251435,1,0.839557939609324,-0.0767327603906758,0.0767327603906758,0.0767327603906758,0.00588791651717286,0.550182111638009,1.12964262395797,1,1.53025594433236,0.0302559443323569,0.0302559443323569,0.0302559443323569,0.00091542216744268,1.47495483785329,1.70071409446843,1,1.81446151195259,0.014461511952589,0.014461511952589,0.014461511952589,0.000209135327954876,1.77695374738101,1.8795948141467,1
34,"n1000-b1_2-b2_2p5-b3_2p5",1000,8,338,1,1,0.6931472,0.9162907,0.9162907,1.5,1.8,1,1.3,0.071,347,164,338,151,FALSE,NA,TRUE,NA,0.723008202745475,0.029861002745475,0.029861002745475,0.029861002745475,0.000891679484965265,0.474090792366582,0.970980659195459,1,0.901075092682143,-0.0152156073178569,0.0152156073178569,0.0152156073178569,0.00023151470605122,0.684127310405133,1.12677774174308,1,0.922441436179994,0.00615073617999418,0.00615073617999418,0.00615073617999418,3.78315555558893e-05,0.621002421318122,1.22431238439221,1,1.50528667432559,0.00528667432558882,0.00528667432558882,0.00528667432558882,2.79489254248401e-05,1.46355267802714,1.56054352309748,1,1.80690932211223,0.00690932211223405,0.00690932211223405,0.00690932211223405,4.77387320506064e-05,1.76013295827133,1.87780039387767,1
34,"n1000-b1_2-b2_2p5-b3_2p5",1000,9,339,1,1,0.6931472,0.9162907,0.9162907,1.5,1.8,1,1.3,0.09,346,161,335,158,FALSE,NA,TRUE,NA,0.638067991959982,-0.0550792080400175,0.0550792080400175,0.0550792080400175,0.00303371915831553,0.384566519499824,0.887922280992438,1,0.902120342423576,-0.0141703575764237,0.0141703575764237,0.0141703575764237,0.000200799033843709,0.67844706596194,1.13157240259386,1,1.06261970508211,0.146329005082108,0.146329005082108,0.146329005082108,0.0214121777283196,0.75699376572308,1.36857635542433,1,1.51961222508773,0.0196122250877269,0.0196122250877269,0.0196122250877269,0.000384639372891663,1.44718980262439,1.57462492493396,1,1.81238080335765,0.0123808033576522,0.0123808033576522,0.0123808033576522,0.000153284291780853,1.74859620811708,1.88104753515939,1
34,"n1000-b1_2-b2_2p5-b3_2p5",1000,10,340,1,1,0.6931472,0.9162907,0.9162907,1.5,1.8,1,1.3,0.077,315,181,330,174,FALSE,NA,TRUE,NA,0.650806558554519,-0.0423406414454812,0.0423406414454812,0.0423406414454812,0.0017927299180148,0.417939332767576,0.88516098017919,1,0.88599330055041,-0.03029739944959,0.03029739944959,0.03029739944959,0.000917932413408015,0.679048863281134,1.09830897249018,1,0.97154642047494,0.0552557204749398,0.0552557204749398,0.0552557204749398,0.00305319464520468,0.680670712607167,1.26463517769908,1,1.45097677620981,-0.0490232237901929,0.0490232237901929,0.0490232237901929,0.00240327647078333,1.40586560586727,1.52338241530724,1,1.77154938912494,-0.0284506108750597,0.0284506108750597,0.0284506108750597,0.000809437259164067,1.73651340975463,1.82136137227164,1
35,"n1000-b1_2-b2_2p5-b3_2p5",1000,1,341,1,1,0.6931472,0.9162907,0.9162907,1.5,1.8,1,1.3,0.082,336,166,352,146,FALSE,NA,TRUE,NA,0.690030084647969,-0.00311711535203085,0.00311711535203085,0.00311711535203085,9.71640811786643e-06,0.433095796179427,0.951030830840478,1,0.929832638859028,0.013541938859028,0.013541938859028,0.013541938859028,0.000183384108061652,0.707686408339661,1.16602606915326,1,1.05077506907353,0.134484369073533,0.134484369073533,0.134484369073533,0.0180860455251063,0.738766840032347,1.3559414102311,1,1.5926365153511,0.092636515351104,0.092636515351104,0.092636515351104,0.00858152397639532,1.49320955775289,1.70343707755997,1,1.79978471327786,-0.000215286722141883,0.000215286722141883,0.000215286722141883,4.63483727305964e-08,1.67274778279823,1.96712588995298,1
35,"n1000-b1_2-b2_2p5-b3_2p5",1000,2,342,1,1,0.6931472,0.9162907,0.9162907,1.5,1.8,1,1.3,0.083,337,171,328,164,FALSE,NA,TRUE,NA,0.444549680027155,-0.248597519972845,0.248597519972845,0.248597519972845,0.0618007269366491,0.202834993013173,0.689579694436412,0,0.915111232795371,-0.00117946720462936,0.00117946720462936,0.00117946720462936,1.39114288679619e-06,0.698439980238252,1.13952852843536,1,1.20057419815533,0.28428349815533,0.28428349815533,0.28428349815533,0.0808171073234315,0.898510251467205,1.49574057008966,1,1.49131705984009,-0.00868294015991089,0.00868294015991089,0.00868294015991089,7.53934498205934e-05,1.45263198674496,1.54199904860247,1,1.81777119459564,0.0177711945956363,0.0177711945956363,0.0177711945956363,0.000315815357355971,1.75854812142782,1.91688302046847,1
35,"n1000-b1_2-b2_2p5-b3_2p5",1000,3,343,1,1,0.6931472,0.9162907,0.9162907,1.5,1.8,1,1.3,0.0570000000000001,331,177,320,172,FALSE,NA,TRUE,NA,0.609379579591951,-0.0837676204080489,0.0837676204080489,0.0837676204080489,0.00701701422882696,0.380869035339445,0.837821355017278,1,0.810694449519326,-0.105596250480674,0.105596250480674,0.105596250480674,0.0111505681155772,0.60631845190041,1.01994035587708,1,0.965532584625247,0.0492418846252471,0.0492418846252471,0.0492418846252471,0.00242476320144615,0.679779805397034,1.25461930671667,1,1.50210114053747,0.00210114053746557,0.00210114053746557,0.00210114053746557,4.41479155818112e-06,1.41466039584313,1.62675665751384,1,1.76018648574007,-0.0398135142599298,0.0398135142599298,0.0398135142599298,0.00158511591772564,1.65118190784901,1.86535932648044,1
35,"n1000-b1_2-b2_2p5-b3_2p5",1000,4,344,1,1,0.6931472,0.9162907,0.9162907,1.5,1.8,1,1.3,0.0620000000000001,344,164,323,169,FALSE,NA,TRUE,NA,0.686049423703466,-0.00709777629653441,0.00709777629653441,0.00709777629653441,5.03784283556457e-05,0.452865897533038,0.923854192498001,1,0.925624936496822,0.00933423649682197,0.00933423649682197,0.00933423649682197,8.71279709786032e-05,0.715809290165494,1.13686601707928,1,0.793942568265877,-0.122348131734123,0.122348131734123,0.122348131734123,0.0149690653388303,0.507082130312979,1.08260572997946,1,1.5275491254063,0.0275491254062954,0.0275491254062954,0.0275491254062954,0.00075895431065179,1.48356381421139,1.61624483351263,1,1.77664986306991,-0.0233501369300853,0.0233501369300853,0.0233501369300853,0.000545228894653731,1.72313298399732,1.89813443544975,1
35,"n1000-b1_2-b2_2p5-b3_2p5",1000,5,345,1,1,0.6931472,0.9162907,0.9162907,1.5,1.8,1,1.3,0.077,349,149,332,170,FALSE,NA,TRUE,NA,0.877712913064132,0.184565713064132,0.184565713064132,0.184565713064132,0.0340645024388716,0.623704417936597,1.12727568453002,1,1.14128477961851,0.224994079618513,0.224994079618513,0.224994079618513,0.0506223358633817,0.918323503903614,1.36886197403143,0,0.710217770270557,-0.206072929729443,0.206072929729443,0.206072929729443,0.0424660523672761,0.404684741167149,1.01558300568089,1,1.44069133486318,-0.0593086651368229,0.0593086651368229,0.0593086651368229,0.00351751776031179,1.38467140973484,1.53721229652405,1,1.76616769066418,-0.0338323093358177,0.0338323093358177,0.0338323093358177,0.00114462515499446,1.68189723940443,1.83329103041638,1
35,"n1000-b1_2-b2_2p5-b3_2p5",1000,6,346,1,1,0.6931472,0.9162907,0.9162907,1.5,1.8,1,1.3,0.07,333,179,312,176,FALSE,NA,TRUE,NA,0.778263375798711,0.0851161757987114,0.0851161757987114,0.0851161757987114,0.00724476338259715,0.538374883626797,1.01685482559015,1,0.953290064028037,0.0369993640280374,0.0369993640280374,0.0369993640280374,0.00136895293847923,0.741399962101242,1.17204991437251,1,0.954123090492731,0.0378323904927313,0.0378323904927313,0.0378323904927313,0.00143128977039451,0.653183840000738,1.25167238144517,1,1.51207233065107,0.0120723306510748,0.0120723306510748,0.0120723306510748,0.000145741167348881,1.47149583740992,1.57929722365549,1,1.80956411763552,0.00956411763551634,0.00956411763551634,0.00956411763551634,9.14723461459948e-05,1.7743198082358,1.85693652446658,1
35,"n1000-b1_2-b2_2p5-b3_2p5",1000,7,347,1,1,0.6931472,0.9162907,0.9162907,1.5,1.8,1,1.3,0.075,318,166,350,166,FALSE,NA,TRUE,NA,0.725422374356606,0.0322751743566062,0.0322751743566062,0.0322751743566062,0.00104168687974933,0.476205085172502,0.97605148664131,1,1.0469951154112,0.130704415411198,0.130704415411198,0.130704415411198,0.017083644207983,0.830657477924127,1.26691250745205,1,0.836125447807145,-0.080165252192855,0.080165252192855,0.080165252192855,0.00642646765914404,0.53570070737979,1.13284663750969,1,1.5385120307115,0.0385120307114972,0.0385120307114972,0.0385120307114972,0.00148317650952331,1.48867690900074,1.63117456662038,1,1.8964051859068,0.0964051859068029,0.0964051859068029,0.0964051859068029,0.00929395986972523,1.81499344466124,1.98112653521175,0
35,"n1000-b1_2-b2_2p5-b3_2p5",1000,8,348,1,1,0.6931472,0.9162907,0.9162907,1.5,1.8,1,1.3,0.0629999999999999,342,159,341,158,FALSE,NA,TRUE,NA,0.643823415276719,-0.0493237847232808,0.0493237847232808,0.0493237847232808,0.00243283573942855,0.39727815356105,0.88491354208779,1,0.846364836190935,-0.0699258638090647,0.0699258638090647,0.0699258638090647,0.00488962642944387,0.633290546418908,1.06273398913127,1,0.965333326281495,0.049042626281495,0.049042626281495,0.049042626281495,0.00240517919258639,0.667928673415175,1.2639414341726,1,1.50335935318346,0.00335935318346259,0.00335935318346259,0.00335935318346259,1.12852538112402e-05,1.46881969828862,1.57554017843421,1,1.7967826448589,-0.00321735514110255,0.00321735514110255,0.00321735514110255,1.0351374103979e-05,1.73727194849924,1.86758847531939,1
35,"n1000-b1_2-b2_2p5-b3_2p5",1000,9,349,1,1,0.6931472,0.9162907,0.9162907,1.5,1.8,1,1.3,0.09,330,162,340,168,FALSE,NA,TRUE,NA,0.776703607746248,0.0835564077462477,0.0835564077462477,0.0835564077462477,0.00698167327545721,0.527799632773667,1.02571044634657,1,1.16222970820091,0.245939008200914,0.245939008200914,0.245939008200914,0.0604859957548491,0.940245097537108,1.39052434694576,0,0.720817645776062,-0.195473054223938,0.195473054223938,0.195473054223938,0.0382097149276348,0.418091154338413,1.0206878038133,1,1.49636568518211,-0.00363431481789434,0.00363431481789434,0.00363431481789434,1.32082441955663e-05,1.41751501036114,1.60922598919616,1,1.79663985209511,-0.00336014790489392,0.00336014790489392,0.00336014790489392,1.1290593942763e-05,1.63659710735277,1.8739927247235,1
35,"n1000-b1_2-b2_2p5-b3_2p5",1000,10,350,1,1,0.6931472,0.9162907,0.9162907,1.5,1.8,1,1.3,0.07,338,167,360,135,FALSE,NA,TRUE,NA,0.662089523816853,-0.0310576761831466,0.0310576761831466,0.0310576761831466,0.000964579249897191,0.40698923008649,0.917691115742557,1,0.919722320185419,0.00343162018541854,0.00343162018541854,0.00343162018541854,1.1776017096972e-05,0.692527100142455,1.14566276601805,1,0.85268133141985,-0.0636093685801504,0.0636093685801504,0.0636093685801504,0.00404615177116543,0.55008361609009,1.1513400890618,1,1.53374173670091,0.033741736700907,0.033741736700907,0.033741736700907,0.00113850479559333,1.47699735735661,1.65815653925745,1,1.72058941357811,-0.0794105864218901,0.0794105864218901,0.0794105864218901,0.00630604123586848,1.64841011193331,1.79870589371551,0
36,"n1000-b1_2-b2_2p5-b3_2p5",1000,1,351,1,1,0.6931472,0.9162907,0.9162907,1.5,1.8,1,1.3,0.094,333,161,324,182,FALSE,NA,TRUE,NA,0.645115065134499,-0.0480321348655011,0.0480321348655011,0.0480321348655011,0.00230708597973768,0.402344688700648,0.890801546002838,1,1.05758237842875,0.141291678428754,0.141291678428754,0.141291678428754,0.0199633383932145,0.847442642891171,1.27650260022626,1,0.924819648302648,0.00852894830264783,0.00852894830264783,0.00852894830264783,7.27429591492393e-05,0.625401563706971,1.22333560925135,1,1.5133672633341,0.0133672633340991,0.0133672633340991,0.0133672633340991,0.00017868372904315,1.48347679472905,1.56789838611999,1,1.80834555983575,0.00834555983574892,0.00834555983574892,0.00834555983574892,6.96483689720655e-05,1.77556609544433,1.85133181557796,1
36,"n1000-b1_2-b2_2p5-b3_2p5",1000,2,352,1,1,0.6931472,0.9162907,0.9162907,1.5,1.8,1,1.3,0.072,342,170,330,158,FALSE,NA,TRUE,NA,0.748407330671182,0.0552601306711816,0.0552601306711816,0.0552601306711816,0.00305368204179607,0.496735461870293,1.0013027990471,1,0.968248632903829,0.0519579329038289,0.0519579329038289,0.0519579329038289,0.00269962679163878,0.742916967904315,1.19572876216314,1,0.914540094087792,-0.0017506059122081,0.0017506059122081,0.0017506059122081,3.06462105985796e-06,0.613243571165307,1.22472587917876,1,1.42184273560782,-0.0781572643921826,0.0781572643921826,0.0781572643921826,0.00610855797726954,1.39909312117293,1.44883330260645,0,1.74922295687706,-0.0507770431229442,0.0507770431229442,0.0507770431229442,0.00257830810830933,1.72775907263529,1.77833584575621,0
36,"n1000-b1_2-b2_2p5-b3_2p5",1000,3,353,1,1,0.6931472,0.9162907,0.9162907,1.5,1.8,1,1.3,0.076,328,168,343,161,FALSE,NA,TRUE,NA,0.591594042669099,-0.101553157330901,0.101553157330901,0.101553157330901,0.0103130437638748,0.351384096084639,0.833530313475271,1,0.763955767167561,-0.152334932832439,0.152334932832439,0.152334932832439,0.0232059317610636,0.553295081448096,0.976981947692353,1,1.11177274855667,0.195482048556672,0.195482048556672,0.195482048556672,0.038213231307913,0.821021691863402,1.4091424877547,1,1.43142716518788,-0.0685728348121173,0.0685728348121173,0.0685728348121173,0.00470223367416992,1.37880957754621,1.52405626300257,1,1.7810779207695,-0.0189220792304989,0.0189220792304989,0.0189220792304989,0.000358045082405279,1.74618539174556,1.84127176957954,1
36,"n1000-b1_2-b2_2p5-b3_2p5",1000,4,354,1,1,0.6931472,0.9162907,0.9162907,1.5,1.8,1,1.3,0.079,329,179,323,169,FALSE,NA,TRUE,NA,0.667417073076069,-0.0257301269239305,0.0257301269239305,0.0257301269239305,0.000662039431521574,0.436049035037327,0.901550750202376,1,0.901386091461666,-0.0149046085383336,0.0149046085383336,0.0149046085383336,0.000222147355680968,0.693436420551855,1.11517290855182,1,0.877078199593478,-0.0392125004065224,0.0392125004065224,0.0392125004065224,0.00153762018813152,0.588455042914975,1.16873295854428,1,1.51793911855192,0.0179391185519193,0.0179391185519193,0.0179391185519193,0.000321811974419816,1.4417992263751,1.64609863679439,1,1.78588660086239,-0.0141133991376148,0.0141133991376148,0.0141133991376148,0.000199188035217626,1.6999789342874,1.91440833494864,1
36,"n1000-b1_2-b2_2p5-b3_2p5",1000,5,355,1,1,0.6931472,0.9162907,0.9162907,1.5,1.8,1,1.3,0.077,341,167,316,176,FALSE,NA,TRUE,NA,0.709408450880814,0.0162612508808144,0.0162612508808144,0.0162612508808144,0.000264428280208788,0.47165780887913,0.946143260739918,1,0.854190521812788,-0.0621001781872123,0.0621001781872123,0.0621001781872123,0.00385643213088351,0.644304513071803,1.0673745951887,1,0.854558790542238,-0.0617319094577616,0.0617319094577616,0.0617319094577616,0.00381082864530128,0.564008168095109,1.14252920930928,1,1.51920715763058,0.0192071576305834,0.0192071576305834,0.0192071576305834,0.00036891490424608,1.4595643596863,1.57815901117604,1,1.79723428301377,-0.00276571698622607,0.00276571698622607,0.00276571698622607,7.64919044789944e-06,1.66575877112294,1.89513301457309,1
36,"n1000-b1_2-b2_2p5-b3_2p5",1000,6,356,1,1,0.6931472,0.9162907,0.9162907,1.5,1.8,1,1.3,0.0669999999999999,329,188,353,130,FALSE,NA,TRUE,NA,0.535161259323224,-0.157985940676776,0.157985940676776,0.157985940676776,0.0249595574515259,0.28495915519414,0.78576091670766,1,0.858038788781107,-0.0582519112188935,0.0582519112188935,0.0582519112188935,0.00339328516065385,0.630669588284837,1.09170312158833,1,1.14301631507008,0.22672561507008,0.22672561507008,0.22672561507008,0.0514045045289059,0.834775300721796,1.45158744096586,1,1.47390484204281,-0.0260951579571898,0.0260951579571898,0.0260951579571898,0.000680957268810684,1.35697090496897,1.52718294507651,1,1.79850862714142,-0.00149137285857903,0.00149137285857903,0.00149137285857903,2.22419300330619e-06,1.70889286949673,1.87330953415264,1
36,"n1000-b1_2-b2_2p5-b3_2p5",1000,7,357,1,1,0.6931472,0.9162907,0.9162907,1.5,1.8,1,1.3,0.07,330,164,343,163,FALSE,NA,TRUE,NA,0.66614767744065,-0.0269995225593498,0.0269995225593498,0.0269995225593498,0.000728974218432838,0.425410026193271,0.907074485864911,1,0.933014512560822,0.0167238125608217,0.0167238125608217,0.0167238125608217,0.000279685906569497,0.71787545741785,1.1487604602353,1,0.968579623378876,0.052288923378876,0.052288923378876,0.052288923378876,0.00273413150812197,0.673723120061965,1.26120061008232,1,1.53586212003956,0.0358621200395597,0.0358621200395597,0.0358621200395597,0.00128609165373179,1.45549606014374,1.70370573923401,1,1.84656714609166,0.0465671460916643,0.0465671460916643,0.0465671460916643,0.00216849909512241,1.7734053924293,1.97541186386103,1
36,"n1000-b1_2-b2_2p5-b3_2p5",1000,8,358,1,1,0.6931472,0.9162907,0.9162907,1.5,1.8,1,1.3,0.085,334,188,307,171,FALSE,NA,TRUE,NA,0.598710888365229,-0.0944363116347705,0.0944363116347705,0.0944363116347705,0.00891821695517949,0.366309617651162,0.832617921828109,1,0.87588064493198,-0.0404100550680202,0.0404100550680202,0.0404100550680202,0.00163297255060043,0.661186763623984,1.09308454645246,1,1.04125835281545,0.124967652815446,0.124967652815446,0.124967652815446,0.015616914250202,0.746192860208252,1.33546178937028,1,1.5046329407857,0.00463294078570264,0.00463294078570264,0.00463294078570264,2.1464140323827e-05,1.40944627914363,1.60879193755065,1,1.75697791136473,-0.0430220886352706,0.0430220886352706,0.0430220886352706,0.00185090011054108,1.64968757440664,1.90001431191258,1
36,"n1000-b1_2-b2_2p5-b3_2p5",1000,9,359,1,1,0.6931472,0.9162907,0.9162907,1.5,1.8,1,1.3,0.0639999999999999,343,161,342,154,FALSE,NA,TRUE,NA,0.662129583080885,-0.0310176169191154,0.0310176169191154,0.0310176169191154,0.000962092559340995,0.412784112456539,0.91419627266676,1,0.862390223335291,-0.0539004766647092,0.0539004766647092,0.0539004766647092,0.00290526138468286,0.645718026495375,1.08499713012112,1,0.842981670597094,-0.0733090294029057,0.0733090294029057,0.0733090294029057,0.0053742137919961,0.541672821236831,1.13854960339496,1,1.53103181115094,0.0310318111509356,0.0310318111509356,0.0310318111509356,0.000962973303307329,1.48827680571761,1.61779040925907,1,1.82353478536383,0.0235347853638264,0.0235347853638264,0.0235347853638264,0.000553886122121375,1.78570750856509,1.89273010630407,1
36,"n1000-b1_2-b2_2p5-b3_2p5",1000,10,360,1,1,0.6931472,0.9162907,0.9162907,1.5,1.8,1,1.3,0.081,358,151,329,162,FALSE,NA,TRUE,NA,0.699912121490069,0.00676492149006935,0.00676492149006935,0.00676492149006935,4.57641627668022e-05,0.444262124326178,0.953773703891154,1,0.981213608426595,0.0649229084265951,0.0649229084265951,0.0649229084265951,0.00421498403856805,0.76508710034772,1.20329129643801,1,0.795400545580604,-0.120890154419396,0.120890154419396,0.120890154419396,0.0146144294355454,0.49642158780158,1.09945794888906,1,1.55729058562725,0.0572905856272508,0.0572905856272508,0.0572905856272508,0.00328221120151335,1.48548684195606,1.69860058521568,1,1.82844197553068,0.0284419755306833,0.0284419755306833,0.0284419755306833,0.000808945972087987,1.77888763282334,1.91249055397356,1
37,"n1000-b1_2-b2_2p5-b3_2p5",1000,1,361,1,1,0.6931472,0.9162907,0.9162907,1.5,1.8,1,1.3,0.071,361,161,319,159,FALSE,NA,TRUE,NA,0.765347857883881,0.0722006578838811,0.0722006578838811,0.0722006578838811,0.00521293499886524,0.516023351257908,1.01504307896348,1,1.05383743720515,0.137546737205149,0.137546737205149,0.137546737205149,0.0189191049157823,0.831920969386461,1.28372895917259,1,0.743316712942091,-0.172973987057909,0.172973987057909,0.172973987057909,0.0299200001987098,0.442542944043576,1.04429908055841,1,1.49633841204049,-0.00366158795951277,0.00366158795951277,0.00366158795951277,1.34072263852489e-05,1.44018324275584,1.59071413749867,1,1.77447633931024,-0.0255236606897609,0.0255236606897609,0.0255236606897609,0.000651457255006044,1.71880781748756,1.83412383503126,1
37,"n1000-b1_2-b2_2p5-b3_2p5",1000,2,362,1,1,0.6931472,0.9162907,0.9162907,1.5,1.8,1,1.3,0.079,318,172,328,182,FALSE,NA,TRUE,NA,0.713738845072234,0.020591645072234,0.020591645072234,0.020591645072234,0.000424015846780858,0.482125242902289,0.945877135480795,1,0.979873564942472,0.0635828649424718,0.0635828649424718,0.0635828649424718,0.00404278071429261,0.767958979341484,1.19673647311944,1,1.03296191084017,0.116671210840167,0.116671210840167,0.116671210840167,0.0136121714389106,0.73729973765001,1.32106742247673,1,1.51609632704688,0.0160963270468792,0.0160963270468792,0.0160963270468792,0.000259091744400096,1.48642111539768,1.56244672798984,1,1.8173305917865,0.0173305917864977,0.0173305917864977,0.0173305917864977,0.00030034941167022,1.78098867570157,1.89144822960856,1
37,"n1000-b1_2-b2_2p5-b3_2p5",1000,3,363,1,1,0.6931472,0.9162907,0.9162907,1.5,1.8,1,1.3,0.081,335,165,326,174,FALSE,NA,TRUE,NA,0.718204347769086,0.0250571477690865,0.0250571477690865,0.0250571477690865,0.000627860654321838,0.477742250134434,0.958152596027347,1,1.01311807577038,0.0968273757703757,0.0968273757703757,0.0968273757703757,0.00937554069857754,0.800608546020875,1.23040653784515,1,0.926493156040941,0.0102024560409411,0.0102024560409411,0.0102024560409411,0.000104090109267335,0.628265790588553,1.22527927061034,1,1.51412592531996,0.0141259253199588,0.0141259253199588,0.0141259253199588,0.000199541766145054,1.49281721776429,1.54201486258722,1,1.80620576226488,0.00620576226487546,0.00620576226487546,0.00620576226487546,3.85114852881522e-05,1.76677943836123,1.84073361244827,1
37,"n1000-b1_2-b2_2p5-b3_2p5",1000,4,364,1,1,0.6931472,0.9162907,0.9162907,1.5,1.8,1,1.3,0.078,351,172,324,153,FALSE,NA,TRUE,NA,0.783241178078864,0.090093978078864,0.090093978078864,0.090093978078864,0.00811692488607483,0.536768953614378,1.03234549730591,1,0.964859886277046,0.0485691862770462,0.0485691862770462,0.0485691862770462,0.00235896585561441,0.739845445750578,1.19438111638567,1,0.916751616475998,0.000460916475998108,0.000460916475998108,0.000460916475998108,2.12443997846514e-07,0.619672510774632,1.22327861528293,1,1.4752942413559,-0.024705758644102,0.024705758644102,0.024705758644102,0.000610374510180619,1.38731249656576,1.55553678670753,1,1.77247668532192,-0.0275233146780829,0.0275233146780829,0.0275233146780829,0.000757532850868773,1.6493089261822,1.90843246835486,1
37,"n1000-b1_2-b2_2p5-b3_2p5",1000,5,365,1,1,0.6931472,0.9162907,0.9162907,1.5,1.8,1,1.3,0.075,330,164,346,160,FALSE,NA,TRUE,NA,0.963784767804316,0.270637567804316,0.270637567804316,0.270637567804316,0.0732446931070358,0.717966608630326,1.21386045079071,0,1.08234398408956,0.166053284089558,0.166053284089558,0.166053284089558,0.0275736931569273,0.859345015214213,1.30898186705458,1,0.549166207214696,-0.367124492785304,0.367124492785304,0.367124492785304,0.134780393202867,0.247908603039658,0.845231032909553,0,1.46437518536296,-0.0356248146370444,0.0356248146370444,0.0356248146370444,0.00126912741792377,1.40968286138925,1.53285283978889,1,1.79960542461494,-0.00039457538506249,0.00039457538506249,0.00039457538506249,1.55689734497212e-07,1.74213174615764,1.92043435722196,1
37,"n1000-b1_2-b2_2p5-b3_2p5",1000,6,366,1,1,0.6931472,0.9162907,0.9162907,1.5,1.8,1,1.3,0.07,323,163,326,188,FALSE,NA,TRUE,NA,0.758661277880218,0.0655140778802179,0.0655140778802179,0.0655140778802179,0.00429209440049526,0.525263337305982,0.994529448293009,1,0.806792535575058,-0.109498164424942,0.109498164424942,0.109498164424942,0.0119898480124316,0.603258935685971,1.0129676232325,1,0.759018421957112,-0.157272278042888,0.157272278042888,0.157272278042888,0.0247345694407994,0.471202247537615,1.04780664273152,1,1.43306066538934,-0.0669393346106564,0.0669393346106564,0.0669393346106564,0.00448087451811742,1.33978756495382,1.5540165420979,1,1.68435826634937,-0.115641733650629,0.115641733650629,0.115641733650629,0.0133730105617231,1.61252955332391,1.80583672111743,1
37,"n1000-b1_2-b2_2p5-b3_2p5",1000,7,367,1,1,0.6931472,0.9162907,0.9162907,1.5,1.8,1,1.3,0.07,321,176,337,166,FALSE,NA,TRUE,NA,0.692483939663666,-0.000663260336333904,0.000663260336333904,0.000663260336333904,4.39914273753763e-07,0.454371328654587,0.931773984947278,1,0.973861559144202,0.0575708591442018,0.0575708591442018,0.0575708591442018,0.00331440382260152,0.760454576032839,1.19325054032694,1,0.993535851701078,0.0772451517010778,0.0772451517010778,0.0772451517010778,0.00596681346132253,0.698624314134332,1.28921338144897,1,1.49845928516057,-0.00154071483942686,0.00154071483942686,0.00154071483942686,2.37380221643013e-06,1.47277156972071,1.55996103905062,1,1.78781945075636,-0.0121805492436384,0.0121805492436384,0.0121805492436384,0.000148365779876701,1.74468599815545,1.9030130135224,1
37,"n1000-b1_2-b2_2p5-b3_2p5",1000,8,368,1,1,0.6931472,0.9162907,0.9162907,1.5,1.8,1,1.3,0.078,368,161,323,148,FALSE,NA,TRUE,NA,0.817574208766197,0.124427008766197,0.124427008766197,0.124427008766197,0.0154820805105032,0.564354467725891,1.0748704275842,1,0.94508670683609,0.0287960068360901,0.0287960068360901,0.0287960068360901,0.000829210009704146,0.719354494935893,1.17561449897354,1,0.93007365485582,0.0137829548558204,0.0137829548558204,0.0137829548558204,0.000189969844557582,0.619502372950964,1.23672689017361,1,1.53837491819082,0.0383749181908155,0.0383749181908155,0.0383749181908155,0.00147263434615178,1.50388222912493,1.58599265860673,0,1.87497614151041,0.074976141510406,0.074976141510406,0.074976141510406,0.00562142179578842,1.80446964831391,1.95072655765208,0
37,"n1000-b1_2-b2_2p5-b3_2p5",1000,9,369,1,1,0.6931472,0.9162907,0.9162907,1.5,1.8,1,1.3,0.074,324,159,356,161,FALSE,NA,TRUE,NA,0.711343733889598,0.0181965338895984,0.0181965338895984,0.0181965338895984,0.000331113845595303,0.464700600058052,0.959549269273971,1,0.96662611675969,0.0503354167596899,0.0503354167596899,0.0503354167596899,0.00253365418037167,0.754741674396276,1.18630570957826,1,0.755457585502951,-0.160833114497049,0.160833114497049,0.160833114497049,0.0258672907188208,0.457188905402317,1.05202179330638,1,1.50977721269314,0.00977721269314014,0.00977721269314014,0.00977721269314014,9.55938880469006e-05,1.44499381843094,1.55719207697068,1,1.79617162401194,-0.00382837598806196,0.00382837598806196,0.00382837598806196,1.46564627059694e-05,1.72659710868613,1.8322352177214,1
37,"n1000-b1_2-b2_2p5-b3_2p5",1000,10,370,1,1,0.6931472,0.9162907,0.9162907,1.5,1.8,1,1.3,0.079,307,169,350,174,FALSE,NA,TRUE,NA,0.617776332441964,-0.0753708675580356,0.0753708675580356,0.0753708675580356,0.00568076767645094,0.380011659852998,0.858647614702178,1,0.921444086917428,0.00515338691742784,0.00515338691742784,0.00515338691742784,2.65573967207164e-05,0.713447821274874,1.13420698119583,1,0.815990279048083,-0.100300420951917,0.100300420951917,0.100300420951917,0.0100601744431317,0.526824762570792,1.10592721116693,1,1.43931481519713,-0.0606851848028696,0.0606851848028696,0.0606851848028696,0.00368269165455843,1.36839043157411,1.57817371334506,1,1.7040798680071,-0.0959201319929048,0.0959201319929048,0.0959201319929048,0.00920067172153629,1.58643367205619,1.87978628347023,1
38,"n1000-b1_2-b2_2p5-b3_2p5",1000,1,371,1,1,0.6931472,0.9162907,0.9162907,1.5,1.8,1,1.3,0.071,349,153,322,176,FALSE,NA,TRUE,NA,0.407662921577241,-0.285484278422759,0.285484278422759,0.285484278422759,0.0815012732265631,0.171187415576069,0.643642476140453,0,0.83847272178901,-0.0778179782109905,0.0778179782109905,0.0778179782109905,0.00605563773284619,0.627391552505416,1.05340868668734,1,1.33871653619019,0.422425836190186,0.422425836190186,0.422425836190186,0.178443587080978,1.03786166492633,1.63410156228489,0,1.53147331223062,0.0314733122306243,0.0314733122306243,0.0314733122306243,0.000990569382766367,1.48451019450029,1.60228751145863,1,1.84445288433209,0.0444528843320873,0.0444528843320873,0.0444528843320873,0.00197605892544193,1.75837104186975,1.94672885126795,1
38,"n1000-b1_2-b2_2p5-b3_2p5",1000,2,372,1,1,0.6931472,0.9162907,0.9162907,1.5,1.8,1,1.3,0.08,314,175,329,182,FALSE,NA,TRUE,NA,0.795360798354285,0.102213598354285,0.102213598354285,0.102213598354285,0.010447619688531,0.562511852445104,1.03122602150404,1,1.04842857402564,0.13213787402564,0.13213787402564,0.13213787402564,0.0174604177520158,0.831865218978323,1.27068852987401,1,0.79457580815644,-0.12171489184356,0.12171489184356,0.12171489184356,0.0148145148964896,0.499250690013621,1.08473480750689,1,1.50391808871193,0.00391808871192523,0.00391808871192523,0.00391808871192523,1.53514191545159e-05,1.48989384469717,1.52784198432438,1,1.81099887184526,0.0109988718452572,0.0109988718452572,0.0109988718452572,0.000120975181868391,1.79093641368664,1.86072518083908,1
38,"n1000-b1_2-b2_2p5-b3_2p5",1000,3,373,1,1,0.6931472,0.9162907,0.9162907,1.5,1.8,1,1.3,0.074,343,175,319,163,FALSE,NA,TRUE,NA,0.728082162172835,0.034934962172835,0.034934962172835,0.034934962172835,0.00122045158201741,0.487942572140749,0.9728968254558,1,0.833826506526544,-0.0824641934734563,0.0824641934734563,0.0824641934734563,0.00680034320522764,0.618192554737737,1.05577223849656,1,1.01912498121753,0.102834281217532,0.102834281217532,0.102834281217532,0.0105748893935264,0.718841417129495,1.31125314412633,1,1.41476419632478,-0.0852358036752205,0.0852358036752205,0.0852358036752205,0.00726514222816074,1.3294152763818,1.53128058218278,1,1.72708413221342,-0.0729158677865804,0.0729158677865804,0.0729158677865804,0.00531672377507008,1.66880642796587,1.82905449947539,1
38,"n1000-b1_2-b2_2p5-b3_2p5",1000,4,374,1,1,0.6931472,0.9162907,0.9162907,1.5,1.8,1,1.3,0.0659999999999999,366,167,313,154,FALSE,NA,TRUE,NA,0.578919633718675,-0.114227566281324,0.114227566281324,0.114227566281324,0.0130479368985544,0.340385242674982,0.81937774723256,1,0.799690933780503,-0.116599766219497,0.116599766219497,0.116599766219497,0.0135955054824413,0.583855594983394,1.02128963056648,1,0.98509988931385,0.0688091893138502,0.0688091893138502,0.0688091893138502,0.00473470453402927,0.687820190548209,1.27930363345336,1,1.50531151432591,0.00531151432591415,0.00531151432591415,0.00531151432591415,2.82121844343912e-05,1.4467258285977,1.57586211251367,1,1.79794326469629,-0.00205673530371242,0.00205673530371242,0.00205673530371242,4.23016010953702e-06,1.71147943555518,1.89252355731363,1
38,"n1000-b1_2-b2_2p5-b3_2p5",1000,5,375,1,1,0.6931472,0.9162907,0.9162907,1.5,1.8,1,1.3,0.0629999999999999,335,159,345,161,FALSE,NA,TRUE,NA,0.797310789561437,0.104163589561437,0.104163589561437,0.104163589561437,0.0108500533903236,0.55967289391556,1.03943336044966,1,0.954875958925218,0.038585258925218,0.038585258925218,0.038585258925218,0.00148882220632612,0.736954477520001,1.17676430919932,1,0.866006050498237,-0.0502846495017627,0.0502846495017627,0.0502846495017627,0.00252854597551512,0.567203781499807,1.161707425205,1,1.52566899349834,0.0256689934983378,0.0256689934983378,0.0256689934983378,0.000658897227217711,1.49137387362019,1.64527030910427,1,1.82282518721405,0.0228251872140532,0.0228251872140532,0.0228251872140532,0.00052098917135658,1.78185440565853,1.90442782552849,1
38,"n1000-b1_2-b2_2p5-b3_2p5",1000,6,376,1,1,0.6931472,0.9162907,0.9162907,1.5,1.8,1,1.3,0.072,325,163,353,159,FALSE,NA,TRUE,NA,0.658875168638711,-0.0342720313612893,0.0342720313612893,0.0342720313612893,0.0011745721336292,0.42038913100415,0.901802832997864,1,0.797355261252811,-0.118935438747189,0.118935438747189,0.118935438747189,0.0141456385899864,0.591371611264497,1.01279350671438,1,1.02156332562018,0.105272625620177,0.105272625620177,0.105272625620177,0.0110823257049659,0.725810333895739,1.31257210112509,1,1.53048483790013,0.0304848379001272,0.0304848379001272,0.0304848379001272,0.000929325341797034,1.49686110403476,1.56247229859233,1,1.81198939972916,0.0119893997291598,0.0119893997291598,0.0119893997291598,0.000143745705865577,1.7806063992635,1.86653431346858,1
38,"n1000-b1_2-b2_2p5-b3_2p5",1000,7,377,1,1,0.6931472,0.9162907,0.9162907,1.5,1.8,1,1.3,0.073,343,164,345,148,FALSE,NA,TRUE,NA,0.649215982920157,-0.0439312170798425,0.0439312170798425,0.0439312170798425,0.00192995183411624,0.398998616786787,0.901729061510803,1,0.976051914935229,0.0597612149352288,0.0597612149352288,0.0597612149352288,0.00357140281053461,0.752891810345635,1.20494258397388,1,0.96745498498204,0.0511642849820403,0.0511642849820403,0.0511642849820403,0.00261778405772343,0.670555657873645,1.26934656827745,1,1.53612467853443,0.0361246785344278,0.0361246785344278,0.0361246785344278,0.00130499239921575,1.48455238881919,1.62100730607588,1,1.89879427838338,0.0987942783833775,0.0987942783833775,0.0987942783833775,0.00976030944129229,1.73402159748722,2.10021773309487,1
38,"n1000-b1_2-b2_2p5-b3_2p5",1000,8,378,1,1,0.6931472,0.9162907,0.9162907,1.5,1.8,1,1.3,0.076,324,183,328,165,FALSE,NA,TRUE,NA,0.817317601231398,0.124170401231398,0.124170401231398,0.124170401231398,0.0154182885419663,0.582890917569605,1.05375176525222,1,0.964271806871804,0.0479811068718039,0.0479811068718039,0.0479811068718039,0.00230218661664347,0.746383173002053,1.18782715298432,1,0.680014121677374,-0.236276578322626,0.236276578322626,0.236276578322626,0.0558266214638478,0.389322898999174,0.972623206748634,1,1.56676639485224,0.0667663948522428,0.0667663948522428,0.0667663948522428,0.00445775148156559,1.48157411138568,1.7440368985759,1,1.83270335779114,0.0327033577911375,0.0327033577911375,0.0327033577911375,0.00106950961081516,1.76039300097029,1.98035462966461,1
38,"n1000-b1_2-b2_2p5-b3_2p5",1000,9,379,1,1,0.6931472,0.9162907,0.9162907,1.5,1.8,1,1.3,0.0659999999999999,332,145,355,168,FALSE,NA,TRUE,NA,0.5627878298093,-0.1303593701907,0.1303593701907,0.1303593701907,0.0169935653965159,0.320668144576402,0.806049405649374,1,0.785922044980145,-0.130368655019855,0.130368655019855,0.130368655019855,0.016995986211686,0.583417633322157,0.99401477905458,1,1.06242230955835,0.146131609558354,0.146131609558354,0.146131609558354,0.0213544473121153,0.762957777811961,1.35548980442934,1,1.47051081721712,-0.0294891827828754,0.0294891827828754,0.0294891827828754,0.000869611901201834,1.43648061912172,1.54630510553859,1,1.79561610981501,-0.00438389018498775,0.00438389018498775,0.00438389018498775,1.92184931540319e-05,1.70897308105006,1.87147632300484,1
38,"n1000-b1_2-b2_2p5-b3_2p5",1000,10,380,1,1,0.6931472,0.9162907,0.9162907,1.5,1.8,1,1.3,0.0600000000000001,350,154,330,166,FALSE,NA,TRUE,NA,0.727744787033778,0.0345975870337779,0.0345975870337779,0.0345975870337779,0.00119699302855984,0.488975384531208,0.967729283817867,1,0.744419923103384,-0.171870776896616,0.171870776896616,0.171870776896616,0.0295395639510464,0.537736152090102,0.951739738203342,1,0.981209133857058,0.0649184338570575,0.0649184338570575,0.0649184338570575,0.00421440305445315,0.688281504193834,1.27712392490097,1,1.47664191647839,-0.023358083521607,0.023358083521607,0.023358083521607,0.000545600065802366,1.42800895338934,1.54462126277533,1,1.7575266631503,-0.0424733368496988,0.0424733368496988,0.0424733368496988,0.00180398434314798,1.69189378316733,1.84872367920291,1
39,"n1000-b1_2-b2_2p5-b3_2p5",1000,1,381,1,1,0.6931472,0.9162907,0.9162907,1.5,1.8,1,1.3,0.072,312,164,352,172,FALSE,NA,TRUE,NA,0.83454348196392,0.14139628196392,0.14139628196392,0.14139628196392,0.0199929085532203,0.586708682054421,1.08199082750104,1,1.00055755418134,0.0842668541813383,0.0842668541813383,0.0842668541813383,0.00710090271361893,0.789039086208693,1.21238139058782,1,0.746908412465362,-0.169382287534638,0.169382287534638,0.169382287534638,0.0286903593304669,0.45422652751447,1.0434268611768,1,1.49250051342767,-0.00749948657233279,0.00749948657233279,0.00749948657233279,5.62422988485998e-05,1.45712423204665,1.56409038612447,1,1.78754687386835,-0.0124531261316496,0.0124531261316496,0.0124531261316496,0.000155080350450775,1.75878855475341,1.84059750248813,1
39,"n1000-b1_2-b2_2p5-b3_2p5",1000,2,382,1,1,0.6931472,0.9162907,0.9162907,1.5,1.8,1,1.3,0.0679999999999999,338,177,319,166,FALSE,NA,TRUE,NA,0.696607446322658,0.00346024632265807,0.00346024632265807,0.00346024632265807,1.19733046134687e-05,0.459058596184746,0.935711612160181,1,0.920730123413313,0.00443942341331305,0.00443942341331305,0.00443942341331305,1.97084802426721e-05,0.706677017079871,1.1389942406915,1,0.966704639138357,0.0504139391383575,0.0504139391383575,0.0504139391383575,0.00254156525944601,0.667556999144444,1.2605852858685,1,1.4237532950671,-0.076246704932905,0.076246704932905,0.076246704932905,0.00581356001312548,1.39736889021951,1.48161104663982,0,1.75053425466459,-0.0494657453354137,0.0494657453354137,0.0494657453354137,0.002446859961588,1.69919848990846,1.83579180120607,1
39,"n1000-b1_2-b2_2p5-b3_2p5",1000,3,383,1,1,0.6931472,0.9162907,0.9162907,1.5,1.8,1,1.3,0.087,330,176,329,165,FALSE,NA,TRUE,NA,0.799284810304387,0.106137610304387,0.106137610304387,0.106137610304387,0.011265192321126,0.546590208753885,1.05302641462317,1,1.23027706948077,0.313986369480773,0.313986369480773,0.313986369480773,0.0985874402197162,1.00309340345808,1.46594229744538,0,0.744258557791789,-0.172032142208211,0.172032142208211,0.172032142208211,0.0295950579527462,0.438417186200415,1.04288174908413,1,1.50306778520966,0.00306778520966344,0.00306778520966344,0.00306778520966344,9.41130609262977e-06,1.45481901877072,1.59960259826064,1,1.7884511051885,-0.0115488948114981,0.0115488948114981,0.0115488948114981,0.000133376971367048,1.70850681886648,1.86487808974515,1
39,"n1000-b1_2-b2_2p5-b3_2p5",1000,4,384,1,1,0.6931472,0.9162907,0.9162907,1.5,1.8,1,1.3,0.081,326,180,315,179,FALSE,NA,TRUE,NA,0.662238592055077,-0.0309086079449229,0.0309086079449229,0.0309086079449229,0.000955342045092951,0.430891353597282,0.891844354218882,1,0.701261767353514,-0.215028932646486,0.215028932646486,0.215028932646486,0.046237441875087,0.493714285414582,0.912248277933516,0,1.02904286512622,0.11275216512622,0.11275216512622,0.11275216512622,0.0127130507406504,0.72884560215139,1.31952461502237,1,1.5210480245121,0.0210480245120981,0.0210480245120981,0.0210480245120981,0.000443019335861882,1.44033520148818,1.62590345900738,1,1.83256743939831,0.0325674393983097,0.0325674393983097,0.0325674393983097,0.00106063810896258,1.66357091099349,1.94376951927356,1
39,"n1000-b1_2-b2_2p5-b3_2p5",1000,5,385,1,1,0.6931472,0.9162907,0.9162907,1.5,1.8,1,1.3,0.0610000000000001,354,166,322,158,FALSE,NA,TRUE,NA,0.537289959511467,-0.155857240488533,0.155857240488533,0.155857240488533,0.0242914794127004,0.296985478346904,0.773147026436275,1,0.903092044852382,-0.0131986551476178,0.0131986551476178,0.0131986551476178,0.000174204497705737,0.689534782109318,1.12261180852953,1,1.08343322079587,0.16714252079587,0.16714252079587,0.16714252079587,0.0279366222579979,0.786175631744458,1.37857988908876,1,1.46818420091855,-0.0318157990814518,0.0318157990814518,0.0318157990814518,0.00101224507119131,1.34159573350927,1.5685734975877,1,1.83950447468863,0.0395044746886295,0.0395044746886295,0.0395044746886295,0.00156060352042457,1.74346004520567,1.97324762466671,1
39,"n1000-b1_2-b2_2p5-b3_2p5",1000,6,386,1,1,0.6931472,0.9162907,0.9162907,1.5,1.8,1,1.3,0.069,341,150,339,170,FALSE,NA,TRUE,NA,0.779770613976339,0.0866234139763391,0.0866234139763391,0.0866234139763391,0.00750361584891622,0.526569797583471,1.0326368185395,1,1.0399208848469,0.1236301848469,0.1236301848469,0.1236301848469,0.0152844226052786,0.823649029413311,1.2578511827132,1,0.90026850882253,-0.0160221911774703,0.0160221911774703,0.0160221911774703,0.000256710610127406,0.594307693808919,1.2010787420168,1,1.42832659931226,-0.0716734006877382,0.0716734006877382,0.0716734006877382,0.00513707636614507,1.28948199869904,1.52327844942533,1,1.74157119721893,-0.0584288027810669,0.0584288027810669,0.0584288027810669,0.00341392499442881,1.63849233865641,1.85684530185075,1
39,"n1000-b1_2-b2_2p5-b3_2p5",1000,7,387,1,1,0.6931472,0.9162907,0.9162907,1.5,1.8,1,1.3,0.0629999999999999,320,164,339,177,FALSE,NA,TRUE,NA,0.530484652526205,-0.162662547473795,0.162662547473795,0.162662547473795,0.0264591043506645,0.302562488551219,0.76062661966888,1,0.72519375033369,-0.19109694966631,0.19109694966631,0.19109694966631,0.0365180441717684,0.5272860724374,0.927220944138235,1,1.0302051952886,0.113914495288603,0.113914495288603,0.113914495288603,0.0129765122368572,0.748418689794644,1.31828364284327,1,1.55846043531013,0.0584604353101288,0.0584604353101288,0.0584604353101288,0.00341762249664975,1.46109086300238,1.68876178949354,1,1.82230095901952,0.0223009590195171,0.0223009590195171,0.0223009590195171,0.000497332773190182,1.67460615509957,1.99258461071503,1
39,"n1000-b1_2-b2_2p5-b3_2p5",1000,8,388,1,1,0.6931472,0.9162907,0.9162907,1.5,1.8,1,1.3,0.077,338,174,321,167,FALSE,NA,TRUE,NA,0.722467669348924,0.029320469348924,0.029320469348924,0.029320469348924,0.000859689922841189,0.481198084406418,0.962067637439765,1,0.954317607311912,0.0380269073119121,0.0380269073119121,0.0380269073119121,0.00144604567970875,0.736193374562613,1.17776542017888,1,0.770014028017765,-0.146276671982235,0.146276671982235,0.146276671982235,0.0213968647661985,0.473126388817972,1.06707813225815,1,1.47880015518607,-0.0211998448139317,0.0211998448139317,0.0211998448139317,0.000449433420134785,1.44880627280709,1.54028187935767,1,1.74166661407259,-0.0583333859274064,0.0583333859274064,0.0583333859274064,0.00340278391375574,1.65448298341573,1.86816649972575,1
39,"n1000-b1_2-b2_2p5-b3_2p5",1000,9,389,1,1,0.6931472,0.9162907,0.9162907,1.5,1.8,1,1.3,0.071,318,175,337,170,FALSE,NA,TRUE,NA,0.520991760227021,-0.172155439772979,0.172155439772979,0.172155439772979,0.0296374954434277,0.292854495144879,0.756080386280042,1,0.738370789400731,-0.177919910599269,0.177919910599269,0.177919910599269,0.0316554945876519,0.536382829700728,0.946753785879536,1,1.08241521653954,0.166124516539535,0.166124516539535,0.166124516539535,0.0275973549954943,0.786051121715295,1.37333631233299,1,1.46256524965692,-0.037434750343077,0.037434750343077,0.037434750343077,0.0014013605332485,1.4254841813644,1.50943074885506,1,1.78837527322144,-0.0116247267785643,0.0116247267785643,0.0116247267785643,0.00013513427267627,1.74362745361035,1.85471751504824,1
39,"n1000-b1_2-b2_2p5-b3_2p5",1000,10,390,1,1,0.6931472,0.9162907,0.9162907,1.5,1.8,1,1.3,0.072,348,139,361,152,FALSE,NA,TRUE,NA,0.704076831147234,0.0109296311472339,0.0109296311472339,0.0109296311472339,0.000119456837014585,0.445059501074271,0.964551902373408,1,0.956783265539939,0.040492565539939,0.040492565539939,0.040492565539939,0.00163964786400625,0.734259030750665,1.18528125541602,1,0.9175965564374,0.00130585643739956,0.00130585643739956,0.00130585643739956,1.70526103509786e-06,0.608742762611856,1.22336025679135,1,1.48521184693528,-0.0147881530647196,0.0147881530647196,0.0147881530647196,0.000218689471065575,1.42663683150776,1.61518412778156,1,1.75211836496071,-0.0478816350392854,0.0478816350392854,0.0478816350392854,0.00229265097403533,1.70065793706405,1.84999265273862,1
40,"n1000-b1_2-b2_2p5-b3_2p5",1000,1,391,1,1,0.6931472,0.9162907,0.9162907,1.5,1.8,1,1.3,0.052,333,173,338,156,FALSE,NA,TRUE,NA,0.687863524686832,-0.00528367531316798,0.00528367531316798,0.00528367531316798,2.79172248149807e-05,0.453463478620207,0.92403382968307,1,0.793029481028013,-0.123261218971987,0.123261218971987,0.123261218971987,0.0151933281024601,0.583684182597954,1.00866509390067,1,0.942427843915033,0.0261371439150325,0.0261371439150325,0.0261371439150325,0.000683150292035122,0.656307481327144,1.2251265656572,1,1.48874155173403,-0.011258448265965,0.011258448265965,0.011258448265965,0.00012675265735741,1.44135647233694,1.5951360490531,1,1.78102091908712,-0.0189790809128789,0.0189790809128789,0.0189790809128789,0.000360205512297605,1.7328032793419,1.86057839328861,1
40,"n1000-b1_2-b2_2p5-b3_2p5",1000,2,392,1,1,0.6931472,0.9162907,0.9162907,1.5,1.8,1,1.3,0.073,354,156,297,193,FALSE,NA,TRUE,NA,0.503928124994908,-0.189219075005091,0.189219075005091,0.189219075005091,0.0358038583457824,0.269645239972386,0.731812967533636,1,0.90248802723258,-0.0138026727674204,0.0138026727674204,0.0138026727674204,0.000190513775524489,0.698537010790842,1.11413145651278,1,1.06452769080265,0.148236990802651,0.148236990802651,0.148236990802651,0.0219742054422253,0.772021178001675,1.35713446094279,1,1.52075817875318,0.0207581787531772,0.0207581787531772,0.0207581787531772,0.000430901985148857,1.48683026647365,1.57011835949215,1,1.83612997368622,0.0361299736862157,0.0361299736862157,0.0361299736862157,0.00130537499856664,1.78825091094901,1.90605085909729,1
40,"n1000-b1_2-b2_2p5-b3_2p5",1000,3,393,1,1,0.6931472,0.9162907,0.9162907,1.5,1.8,1,1.3,0.0669999999999999,360,169,296,175,FALSE,NA,TRUE,NA,0.658826018011872,-0.0343211819881276,0.0343211819881276,0.0343211819881276,0.00117794353306218,0.424795197237852,0.892379027442969,1,0.8779868302497,-0.0383038697503004,0.0383038697503004,0.0383038697503004,0.00146718643784798,0.666006413321487,1.09161744224965,1,0.903985932159657,-0.0123047678403434,0.0123047678403434,0.0123047678403434,0.000151407311604749,0.613264955631584,1.19392565113374,1,1.60806294669854,0.108062946698544,0.108062946698544,0.108062946698544,0.0116776004491723,1.45519638436849,1.7248560300996,1,1.8390798216195,0.0390798216194981,0.0390798216194981,0.0390798216194981,0.00152723245781179,1.69584037134874,1.95713874518817,1
40,"n1000-b1_2-b2_2p5-b3_2p5",1000,4,394,1,1,0.6931472,0.9162907,0.9162907,1.5,1.8,1,1.3,0.086,345,164,307,184,FALSE,NA,TRUE,NA,0.740557657595956,0.0474104575959565,0.0474104575959565,0.0474104575959565,0.00224775148945799,0.503521165481546,0.977493344543616,1,1.01938139263357,0.103090692633568,0.103090692633568,0.103090692633568,0.0106276909076687,0.810470008313559,1.23468575343944,1,0.820836756204534,-0.0954539437954662,0.0954539437954662,0.0954539437954662,0.00911145538610803,0.527232858466916,1.11224392395223,1,1.52946509180779,0.0294650918077861,0.0294650918077861,0.0294650918077861,0.000868191635241264,1.46272666909208,1.59889380635112,1,1.85367447473911,0.0536744747391122,0.0536744747391122,0.0536744747391122,0.0028809492385196,1.7881508333477,1.97995544509901,1
40,"n1000-b1_2-b2_2p5-b3_2p5",1000,5,395,1,1,0.6931472,0.9162907,0.9162907,1.5,1.8,1,1.3,0.073,322,171,322,185,FALSE,NA,TRUE,NA,0.682398599224443,-0.0107486007755568,0.0107486007755568,0.0107486007755568,0.000115532418632301,0.452145192515748,0.91776737165313,1,0.701577540142767,-0.214713159857233,0.214713159857233,0.214713159857233,0.0461017410158776,0.499322390283727,0.907392949041539,0,1.05381278436334,0.137522084363344,0.137522084363344,0.137522084363344,0.0189123236876386,0.760916894656748,1.34652963164011,1,1.47010522307942,-0.0298947769205824,0.0298947769205824,0.0298947769205824,0.000893697687131386,1.37216038854623,1.57097802570364,1,1.77575252092912,-0.024247479070876,0.024247479070876,0.024247479070876,0.000587940241292569,1.72799978020596,1.83823024166944,1
40,"n1000-b1_2-b2_2p5-b3_2p5",1000,6,396,1,1,0.6931472,0.9162907,0.9162907,1.5,1.8,1,1.3,0.077,316,179,315,190,FALSE,NA,TRUE,NA,0.783175688625139,0.0900284886251392,0.0900284886251392,0.0900284886251392,0.00810512876412682,0.557044367725705,1.01027239712562,1,0.887752166662791,-0.0285385333372087,0.0285385333372087,0.0285385333372087,0.000814447885038971,0.683559016949635,1.09476916997058,1,0.915897481447548,-0.00039321855245178,0.00039321855245178,0.00039321855245178,1.54620829992273e-07,0.626313833172181,1.20730901958747,1,1.5389912768498,0.0389912768497975,0.0389912768497975,0.0389912768497975,0.00152031967037756,1.47758158823087,1.63175435853101,1,1.86481834650444,0.0648183465044425,0.0648183465044425,0.0648183465044425,0.00420141804356998,1.75606672691742,2.05376121566794,1
40,"n1000-b1_2-b2_2p5-b3_2p5",1000,7,397,1,1,0.6931472,0.9162907,0.9162907,1.5,1.8,1,1.3,0.079,335,167,325,173,FALSE,NA,TRUE,NA,0.820316266649788,0.127169066649788,0.127169066649788,0.127169066649788,0.0161719715125783,0.582246824777474,1.05729201050291,1,1.0215658191606,0.105275119160605,0.105275119160605,0.105275119160605,0.0110828507142796,0.811790667790571,1.23773838975462,1,0.751848215477831,-0.164442484522169,0.164442484522169,0.164442484522169,0.0270413307158237,0.460934059682682,1.04063262436557,1,1.53507480476556,0.0350748047655551,0.0350748047655551,0.0350748047655551,0.00123024192934181,1.46879208330469,1.63370891447596,1,1.80066953375727,0.000669533757272189,0.000669533757272189,0.000669533757272189,4.48275452127015e-07,1.73563611599683,1.86715069058849,1
40,"n1000-b1_2-b2_2p5-b3_2p5",1000,8,398,1,1,0.6931472,0.9162907,0.9162907,1.5,1.8,1,1.3,0.081,328,151,361,160,FALSE,NA,TRUE,NA,0.69074803233784,-0.00239916766216008,0.00239916766216008,0.00239916766216008,5.75600547115468e-06,0.441892646931486,0.940701794204625,1,0.813028869694107,-0.103261830305893,0.103261830305893,0.103261830305893,0.0106630055981231,0.59947445079323,1.03392638518553,1,0.967623838002721,0.051333138002721,0.051333138002721,0.051333138002721,0.0026350910572064,0.664810333402716,1.26631573566035,1,1.53921508351989,0.0392150835198948,0.0392150835198948,0.0392150835198948,0.00153782277547232,1.46041854182028,1.59665002186954,1,1.85030119612685,0.0503011961268465,0.0503011961268465,0.0503011961268465,0.00253021033179147,1.767457702237,1.9373191621182,1
40,"n1000-b1_2-b2_2p5-b3_2p5",1000,9,399,1,1,0.6931472,0.9162907,0.9162907,1.5,1.8,1,1.3,0.079,315,175,337,173,FALSE,NA,TRUE,NA,0.64113148243098,-0.0520157175690202,0.0520157175690202,0.0520157175690202,0.00270563487422008,0.407081901697451,0.877398788986951,1,0.856102379056991,-0.060188320943009,0.060188320943009,0.060188320943009,0.00362263397793865,0.646312775887452,1.07203401106963,1,1.00509386802907,0.0888031680290653,0.0888031680290653,0.0888031680290653,0.0078860026519984,0.709620559672985,1.29743867781288,1,1.46496992888656,-0.0350300711134408,0.0350300711134408,0.0350300711134408,0.00122710588221272,1.38629652098426,1.51556353881282,1,1.78716410956252,-0.012835890437477,0.012835890437477,0.012835890437477,0.000164760083322914,1.73275313272995,1.86527198419924,1
40,"n1000-b1_2-b2_2p5-b3_2p5",1000,10,400,1,1,0.6931472,0.9162907,0.9162907,1.5,1.8,1,1.3,0.08,281,185,336,198,FALSE,NA,TRUE,NA,0.873705525407051,0.180558325407052,0.180558325407052,0.180558325407052,0.0326013088737987,0.64406851603038,1.10089515689758,1,1.14460114362327,0.228310443623269,0.228310443623269,0.228310443623269,0.0521256586674539,0.93551495897642,1.35580798453377,0,0.646650736520488,-0.269639963479512,0.269639963479512,0.269639963479512,0.0727057099052326,0.36077007848619,0.936474886702326,1,1.50125160115067,0.00125160115066869,0.00125160115066869,0.00125160115066869,1.56650544035519e-06,1.47747620063921,1.56104170626518,1,1.7894771969271,-0.0105228030729039,0.0105228030729039,0.0105228030729039,0.000110729384511115,1.76165002846002,1.8358294507167,1
41,"n1000-b1_2-b2_2p5-b3_2p5",1000,1,401,1,1,0.6931472,0.9162907,0.9162907,1.5,1.8,1,1.3,0.076,306,198,347,149,FALSE,NA,TRUE,NA,0.611900941574178,-0.0812462584258217,0.0812462584258217,0.0812462584258217,0.0066009545081954,0.374478893014285,0.855871853716193,1,0.784271003136411,-0.132019696863589,0.132019696863589,0.132019696863589,0.017429200359954,0.566908346412035,1.00892170648482,1,1.07747387623199,0.161183176231991,0.161183176231991,0.161183176231991,0.0259800163002332,0.777120097347346,1.37394857207016,1,1.51787494666771,0.0178749466677139,0.0178749466677139,0.0178749466677139,0.000319513718373618,1.47508403580226,1.56686536108817,1,1.77506775757375,-0.0249322424262464,0.0249322424262464,0.0249322424262464,0.000621616712401119,1.72763265631299,1.83524563901734,1
41,"n1000-b1_2-b2_2p5-b3_2p5",1000,2,402,1,1,0.6931472,0.9162907,0.9162907,1.5,1.8,1,1.3,0.056,338,160,342,160,FALSE,NA,TRUE,NA,0.541893027766609,-0.151254172233391,0.151254172233391,0.151254172233391,0.0228778246180083,0.297472651790473,0.784590815567134,1,0.707218688179659,-0.209072011820341,0.209072011820341,0.209072011820341,0.0437111061266047,0.491601933070963,0.928987308959905,1,1.10513307356466,0.188842373564662,0.188842373564662,0.188842373564662,0.0356614420535355,0.801944101586317,1.40903097773423,1,1.49788557474066,-0.00211442525934413,0.00211442525934413,0.00211442525934413,4.4707941773525e-06,1.33824312152874,1.63485609098414,1,1.85769003863403,0.0576900386340258,0.0576900386340258,0.0576900386340258,0.00332814055759539,1.75159460832005,2.03720866043223,1
41,"n1000-b1_2-b2_2p5-b3_2p5",1000,3,403,1,1,0.6931472,0.9162907,0.9162907,1.5,1.8,1,1.3,0.095,309,159,331,201,FALSE,NA,TRUE,NA,0.595006092897223,-0.0981411071027771,0.0981411071027771,0.0981411071027771,0.00963167690335877,0.36169455748208,0.826714241254808,1,0.884545642180351,-0.0317450578196488,0.0317450578196488,0.0317450578196488,0.00100774869597284,0.681700369947738,1.08881133269515,1,0.973087158217985,0.0567964582179854,0.0567964582179854,0.0567964582179854,0.00322583766610736,0.684986559790948,1.26191179684422,1,1.51639711281715,0.0163971128171496,0.0163971128171496,0.0163971128171496,0.000268865308738332,1.45117877252783,1.6058666206089,1,1.84430965205647,0.044309652056471,0.044309652056471,0.044309652056471,0.00196334526536552,1.76628059100794,1.94702287414852,1
41,"n1000-b1_2-b2_2p5-b3_2p5",1000,4,404,1,1,0.6931472,0.9162907,0.9162907,1.5,1.8,1,1.3,0.077,332,166,336,166,FALSE,NA,TRUE,NA,0.875291966432025,0.182144766432025,0.182144766432025,0.182144766432025,0.033176715938577,0.631891463412224,1.11846636431325,1,0.999401917969103,0.0831112179691029,0.0831112179691029,0.0831112179691029,0.00690747455230774,0.784255431015829,1.22174406504134,1,0.668740774103825,-0.247549925896175,0.247549925896175,0.247549925896175,0.0612809658112016,0.376125885806863,0.961118324964298,1,1.54927551435396,0.0492755143539614,0.0492755143539614,0.0492755143539614,0.00242807631484745,1.48887022860507,1.74124171766821,1,1.85525768655206,0.0552576865520582,0.0552576865520582,0.0552576865520582,0.00305341192308551,1.76157245153347,1.94114830122651,1
41,"n1000-b1_2-b2_2p5-b3_2p5",1000,5,405,1,1,0.6931472,0.9162907,0.9162907,1.5,1.8,1,1.3,0.07,335,187,328,150,FALSE,NA,TRUE,NA,0.750928370573959,0.0577811705739592,0.0577811705739592,0.0577811705739592,0.00333866367289696,0.508729849754611,0.999265098017166,1,0.972739490808134,0.056448790808134,0.056448790808134,0.056448790808134,0.00318646598370048,0.745555058941081,1.20756888072735,1,0.750657952850564,-0.165632747149436,0.165632747149436,0.165632747149436,0.0274342069282688,0.446197305215262,1.0480371113854,1,1.48014727426043,-0.0198527257395669,0.0198527257395669,0.0198527257395669,0.000394130719290461,1.25018988446829,1.53657362239998,1,1.76737472030733,-0.0326252796926723,0.0326252796926723,0.0326252796926723,0.00106440887502509,1.53863594648022,1.85166299604984,1
41,"n1000-b1_2-b2_2p5-b3_2p5",1000,6,406,1,1,0.6931472,0.9162907,0.9162907,1.5,1.8,1,1.3,0.0629999999999999,322,164,328,186,FALSE,NA,TRUE,NA,0.749032229291366,0.0558850292913664,0.0558850292913664,0.0558850292913664,0.00312313649889688,0.516114980404025,0.986883047516289,1,0.906037180348842,-0.0102535196511585,0.0102535196511585,0.0102535196511585,0.000105134665236694,0.701066317883163,1.11395711852036,1,0.875754697821088,-0.0405360021789125,0.0405360021789125,0.0405360021789125,0.0016431674726488,0.585580902872984,1.16334343473124,1,1.47872904150499,-0.0212709584950057,0.0212709584950057,0.0212709584950057,0.000452453675296256,1.40996588050447,1.55942168878913,1,1.78605321746085,-0.0139467825391502,0.0139467825391502,0.0139467825391502,0.000194512743194344,1.73034077103104,1.88664979994456,1
41,"n1000-b1_2-b2_2p5-b3_2p5",1000,7,407,1,1,0.6931472,0.9162907,0.9162907,1.5,1.8,1,1.3,0.0620000000000001,312,173,356,159,FALSE,NA,TRUE,NA,0.604402238302393,-0.0887449616976067,0.0887449616976067,0.0887449616976067,0.00787566822670968,0.365194559746052,0.842378222907301,1,0.838129534233838,-0.0781611657661622,0.0781611657661622,0.0781611657661622,0.00610916783392548,0.624911027202607,1.05326566568318,1,0.90935343324937,-0.00693726675062967,0.00693726675062967,0.00693726675062967,4.81256699693919e-05,0.618906187576835,1.19845216310731,1,1.51590999926089,0.0159099992608942,0.0159099992608942,0.0159099992608942,0.000253128076481654,1.4279027761272,1.58920462438126,1,1.81810987933182,0.0181098793318202,0.0181098793318202,0.0181098793318202,0.000327967729413088,1.731869524521,1.92137360641287,1
41,"n1000-b1_2-b2_2p5-b3_2p5",1000,8,408,1,1,0.6931472,0.9162907,0.9162907,1.5,1.8,1,1.3,0.085,326,173,342,159,FALSE,NA,TRUE,NA,0.797903991590966,0.104756791590966,0.104756791590966,0.104756791590966,0.0109739853844331,0.557814265728776,1.04025395627886,1,0.982801866321604,0.0665111663216045,0.0665111663216045,0.0665111663216045,0.00442373524546013,0.761648372283814,1.2099924205094,1,0.749342676335743,-0.166948023664257,0.166948023664257,0.166948023664257,0.0278716426054014,0.450259995455608,1.04943753378154,1,1.5553801803595,0.0553801803594982,0.0553801803594982,0.0553801803594982,0.00306696437665055,1.44300541622303,1.70332800824238,1,1.97666008178617,0.176660081786173,0.176660081786173,0.176660081786173,0.0312087844966972,1.7348908174006,2.18845577915559,1
41,"n1000-b1_2-b2_2p5-b3_2p5",1000,9,409,1,1,0.6931472,0.9162907,0.9162907,1.5,1.8,1,1.3,0.072,340,179,311,170,FALSE,NA,TRUE,NA,0.593616071970679,-0.0995311280293205,0.0995311280293205,0.0995311280293205,0.00990644544678899,0.360145466174191,0.831430273757979,1,0.954689349210101,0.0383986492101006,0.0383986492101006,0.0383986492101006,0.00147445626116036,0.739728709175512,1.17267374058494,1,0.874283894969845,-0.0420068050301545,0.0420068050301545,0.0420068050301545,0.00176457166884142,0.582036955273647,1.16439162348265,1,1.54327023121761,0.0432702312176056,0.0432702312176056,0.0432702312176056,0.00187231290962505,1.48239672729286,1.65137513194993,1,1.86329605724352,0.0632960572435175,0.0632960572435175,0.0632960572435175,0.00400639086257464,1.79423721595966,1.98369931427874,1
41,"n1000-b1_2-b2_2p5-b3_2p5",1000,10,410,1,1,0.6931472,0.9162907,0.9162907,1.5,1.8,1,1.3,0.071,366,150,332,152,FALSE,NA,TRUE,NA,0.791991108178683,0.0988439081786835,0.0988439081786835,0.0988439081786835,0.00977011818403601,0.534078398196995,1.05264884347834,1,1.19741429054585,0.281123590545854,0.281123590545854,0.281123590545854,0.079030473161393,0.96821605007693,1.43269301340282,0,0.681722248723376,-0.234568451276624,0.234568451276624,0.234568451276624,0.0550223583343141,0.376031994488863,0.988967853602908,1,1.5047942774125,0.0047942774124996,0.0047942774124996,0.0047942774124996,2.29850959080039e-05,1.47754980152813,1.57149644007829,1,1.78429587966041,-0.0157041203395902,0.0157041203395902,0.0157041203395902,0.000246619395640332,1.76277230762564,1.8223727292226,1
42,"n1000-b1_2-b2_2p5-b3_2p5",1000,1,411,1,1,0.6931472,0.9162907,0.9162907,1.5,1.8,1,1.3,0.08,324,174,343,159,FALSE,NA,TRUE,NA,0.66746271643569,-0.0256844835643101,0.0256844835643101,0.0256844835643101,0.000659692695965315,0.428142220621288,0.910099547205092,1,0.968288075876945,0.0519973758769451,0.0519973758769451,0.0519973758769451,0.00270372709808831,0.751370949156054,1.18780047903641,1,0.899861384562644,-0.0164293154373564,0.0164293154373564,0.0164293154373564,0.000269922405740156,0.604598349388525,1.19486843300326,1,1.51367325420864,0.0136732542086389,0.0136732542086389,0.0136732542086389,0.00018695788065406,1.43666626236619,1.71454311998254,1,1.81242737757556,0.0124273775755628,0.0124273775755628,0.0124273775755628,0.000154439713405601,1.78035095261018,1.93771229346643,1
42,"n1000-b1_2-b2_2p5-b3_2p5",1000,2,412,1,1,0.6931472,0.9162907,0.9162907,1.5,1.8,1,1.3,0.079,338,166,331,165,FALSE,NA,TRUE,NA,0.630230337221883,-0.0629168627781165,0.0629168627781165,0.0629168627781165,0.00395853162184034,0.39044416647276,0.874346482339439,1,0.776103035847216,-0.140187664152784,0.140187664152784,0.140187664152784,0.0196525811806137,0.562169321703895,0.995107304272814,1,1.03460268228606,0.118311982286055,0.118311982286055,0.118311982286055,0.0139977251524559,0.731521028434608,1.33576250318219,1,1.53290622546548,0.0329062254654819,0.0329062254654819,0.0329062254654819,0.00108281967438513,1.47655006878,1.61729551461756,1,1.85830620553595,0.0583062055359518,0.0583062055359518,0.0583062055359518,0.00339961360400065,1.79370327913087,1.95869758595834,1
42,"n1000-b1_2-b2_2p5-b3_2p5",1000,3,413,1,1,0.6931472,0.9162907,0.9162907,1.5,1.8,1,1.3,0.079,311,168,340,181,FALSE,NA,TRUE,NA,0.689925737558893,-0.00322146244110655,0.00322146244110655,0.00322146244110655,1.03778202594602e-05,0.459607190782112,0.922072109526198,1,0.8335301274181,-0.0827605725818998,0.0827605725818998,0.0827605725818998,0.00684931237408391,0.626159323569162,1.04327508367702,1,0.988820252719823,0.0725295527198225,0.0725295527198225,0.0725295527198225,0.00526053601773752,0.701798052803327,1.27754323811644,1,1.52097675884555,0.0209767588455485,0.0209767588455485,0.0209767588455485,0.000440024411664297,1.48019813049211,1.60833652537847,1,1.82319539672035,0.0231953967203486,0.0231953967203486,0.0231953967203486,0.000538026429014361,1.76993180554769,2.05880769081495,1
42,"n1000-b1_2-b2_2p5-b3_2p5",1000,4,414,1,1,0.6931472,0.9162907,0.9162907,1.5,1.8,1,1.3,0.075,322,167,334,177,FALSE,NA,TRUE,NA,0.59618063332547,-0.0969665666745302,0.0969665666745302,0.0969665666745302,0.00940251505264611,0.365266121745786,0.832586004325425,1,0.929233952039847,0.0129432520398475,0.0129432520398475,0.0129432520398475,0.000167527773367016,0.717195450446907,1.14571217093222,1,1.12683623726583,0.210545537265826,0.210545537265826,0.210545537265826,0.0443294232625554,0.831832696426136,1.42144435068812,1,1.50514754286857,0.00514754286856967,0.00514754286856967,0.00514754286856967,2.64971975837624e-05,1.46109687549065,1.59838555969197,1,1.83898314759962,0.0389831475996238,0.0389831475996238,0.0389831475996238,0.00151968579677406,1.76170483138383,1.90388631454555,1
42,"n1000-b1_2-b2_2p5-b3_2p5",1000,5,415,1,1,0.6931472,0.9162907,0.9162907,1.5,1.8,1,1.3,0.077,342,175,314,169,FALSE,NA,TRUE,NA,1.10586126493745,0.412714064937446,0.412714064937446,0.412714064937446,0.17033289939719,0.85616154061448,1.35804024885546,0,1.2237905961348,0.307499896134799,0.307499896134799,0.307499896134799,0.0945561861229123,0.998646827312065,1.45329742595088,0,0.341798893596397,-0.574491806403603,0.574491806403603,0.574491806403603,0.330040835624875,0.0436560389988234,0.644167852788046,0,1.48397239309438,-0.0160276069056173,0.0160276069056173,0.0160276069056173,0.000256884183120992,1.40989936781451,1.63323314485197,1,1.61379229583867,-0.186207704161328,0.186207704161328,0.186207704161328,0.0346733090890327,1.46827047487199,1.91541807920661,1
42,"n1000-b1_2-b2_2p5-b3_2p5",1000,6,416,1,1,0.6931472,0.9162907,0.9162907,1.5,1.8,1,1.3,0.074,335,155,346,164,FALSE,NA,TRUE,NA,0.724633123485238,0.0314859234852385,0.0314859234852385,0.0314859234852385,0.000991363377718293,0.481480035142905,0.968531328920005,1,0.886435442352014,-0.0298552576479859,0.0298552576479859,0.0298552576479859,0.000891336409227621,0.671363151715593,1.10250891193772,1,0.828360903403619,-0.0879297965963809,0.0879297965963809,0.0879297965963809,0.00773164912948092,0.526147108312642,1.12395187776865,1,1.53349309516871,0.0334930951687127,0.0334930951687127,0.0334930951687127,0.00112178742398044,1.44508941536447,1.73759750347577,1,1.82302311071504,0.0230231107150427,0.0230231107150427,0.0230231107150427,0.000530063626997114,1.72511239498159,1.93345910749205,1
42,"n1000-b1_2-b2_2p5-b3_2p5",1000,7,417,1,1,0.6931472,0.9162907,0.9162907,1.5,1.8,1,1.3,0.082,308,183,354,155,FALSE,NA,TRUE,NA,0.85162834512094,0.15848114512094,0.15848114512094,0.15848114512094,0.0251162733588445,0.602832880824678,1.10265971941254,1,1.10969083270555,0.193400132705554,0.193400132705554,0.193400132705554,0.0374036113305259,0.881207356542361,1.34576435533388,1,0.898894307943688,-0.0173963920563125,0.0173963920563125,0.0173963920563125,0.000302634456576932,0.59110893929558,1.19950398214991,1,1.51536830114703,0.0153683011470327,0.0153683011470327,0.0153683011470327,0.000236184680145886,1.43417937089004,1.54717063307983,1,1.83916933091647,0.0391693309164725,0.0391693309164725,0.0391693309164725,0.00153423648444413,1.81029318271173,1.90359680771582,0
42,"n1000-b1_2-b2_2p5-b3_2p5",1000,8,418,1,1,0.6931472,0.9162907,0.9162907,1.5,1.8,1,1.3,0.073,327,171,314,188,FALSE,NA,TRUE,NA,0.755307196608549,0.0621599966085487,0.0621599966085487,0.0621599966085487,0.00386386517837478,0.524790728152822,0.986308508562001,1,0.82748019871605,-0.0888105012839504,0.0888105012839504,0.0888105012839504,0.00788730513830656,0.622772488797516,1.03253118205312,1,0.914101516072532,-0.00218918392746825,0.00218918392746825,0.00218918392746825,4.79252626828532e-06,0.631925399478216,1.20282994215487,1,1.49578734358246,-0.00421265641753688,0.00421265641753688,0.00421265641753688,1.77464740922146e-05,1.46072934786532,1.5800144177678,1,1.75208781418552,-0.0479121858144753,0.0479121858144753,0.0479121858144753,0.00229557754952081,1.70668945038586,1.90334490504391,1
42,"n1000-b1_2-b2_2p5-b3_2p5",1000,9,419,1,1,0.6931472,0.9162907,0.9162907,1.5,1.8,1,1.3,0.086,332,158,342,168,FALSE,NA,TRUE,NA,0.631867040522594,-0.0612801594774062,0.0612801594774062,0.0612801594774062,0.00375525794557633,0.389900589528577,0.874021241022025,1,0.873569096620971,-0.0427216033790293,0.0427216033790293,0.0427216033790293,0.00182513539527509,0.666204868124216,1.09026879824285,1,0.938756347845992,0.0224656478459923,0.0224656478459923,0.0224656478459923,0.000504705333140136,0.640855194517066,1.23213703433282,1,1.51431632525578,0.014316325255781,0.014316325255781,0.014316325255781,0.000204957168829312,1.49582838879808,1.55532077108255,1,1.81489188465221,0.0148918846522095,0.0148918846522095,0.0148918846522095,0.000221768228494712,1.79178306018303,1.84465813351751,1
42,"n1000-b1_2-b2_2p5-b3_2p5",1000,10,420,1,1,0.6931472,0.9162907,0.9162907,1.5,1.8,1,1.3,0.072,332,173,316,179,FALSE,NA,TRUE,NA,0.734696898538995,0.0415496985389946,0.0415496985389946,0.0415496985389946,0.00172637744868133,0.507514947541977,0.967512867097614,1,0.916532087500653,0.000241387500653278,0.000241387500653278,0.000241387500653278,5.82679254716365e-08,0.71043041384522,1.12854753353285,1,0.9012524996417,-0.0150382003583004,0.0150382003583004,0.0150382003583004,0.000226147470016386,0.611951618069117,1.18525447300573,1,1.51025056243345,0.0102505624334455,0.0102505624334455,0.0102505624334455,0.000105074030201963,1.47161063249414,1.53704695910351,1,1.80803476656588,0.00803476656587798,0.00803476656587798,0.00803476656587798,6.45574737681507e-05,1.78027662173766,1.82513709749129,1
43,"n1000-b1_2-b2_2p5-b3_2p5",1000,1,421,1,1,0.6931472,0.9162907,0.9162907,1.5,1.8,1,1.3,0.072,335,139,345,181,FALSE,NA,TRUE,NA,0.602021050705139,-0.0911261492948614,0.0911261492948614,0.0911261492948614,0.00830397508530937,0.351300749676401,0.854147639677805,1,0.801653188587645,-0.114637511412355,0.114637511412355,0.114637511412355,0.0131417590228178,0.598423965691308,1.01340876443443,1,1.0012924019545,0.0850017019545,0.0850017019545,0.0850017019545,0.00722528933516164,0.697455583139043,1.30202666632118,1,1.52403392565649,0.0240339256564874,0.0240339256564874,0.0240339256564874,0.000577629582461565,1.47286162601995,1.64697727583887,1,1.75593830889482,-0.044061691105183,0.044061691105183,0.044061691105183,0.00194143262304856,1.69618441356798,1.84282970395144,1
43,"n1000-b1_2-b2_2p5-b3_2p5",1000,2,422,1,1,0.6931472,0.9162907,0.9162907,1.5,1.8,1,1.3,0.079,335,177,313,175,FALSE,NA,TRUE,NA,0.680025615861458,-0.013121584138542,0.013121584138542,0.013121584138542,0.000172175970304838,0.444520817252662,0.915634795844466,1,0.798167053973247,-0.118123646026753,0.118123646026753,0.118123646026753,0.0139531957506535,0.593323107548784,1.01472458893823,1,1.06730610816917,0.151015408169171,0.151015408169171,0.151015408169171,0.0228056535045013,0.776157907701494,1.36059418783749,1,1.52584053216347,0.0258405321634663,0.0258405321634663,0.0258405321634663,0.000667733102491135,1.49154516414669,1.62487013242332,1,1.83300168184228,0.0330016818422814,0.0330016818422814,0.0330016818422814,0.00108911100441916,1.78341578493254,1.92231501022301,1
43,"n1000-b1_2-b2_2p5-b3_2p5",1000,3,423,1,1,0.6931472,0.9162907,0.9162907,1.5,1.8,1,1.3,0.0679999999999999,328,158,339,175,FALSE,NA,TRUE,NA,0.679896922855526,-0.0132502771444736,0.0132502771444736,0.0132502771444736,0.000175569844405359,0.440073964218318,0.923322889522863,1,0.861109264005226,-0.0551814359947741,0.0551814359947741,0.0551814359947741,0.00304499087844535,0.655246258217489,1.07282988592015,1,1.11669065876155,0.200399958761548,0.200399958761548,0.200399958761548,0.0401601434716301,0.819197674996669,1.41193139672344,1,1.5130020342594,0.0130020342594002,0.0130020342594002,0.0130020342594002,0.000169052894882616,1.43616567036544,1.589643979201,1,1.79296695649552,-0.00703304350448097,0.00703304350448097,0.00703304350448097,4.9463700935922e-05,1.66148336100368,1.88541201245367,1
43,"n1000-b1_2-b2_2p5-b3_2p5",1000,4,424,1,1,0.6931472,0.9162907,0.9162907,1.5,1.8,1,1.3,0.073,356,148,320,176,FALSE,NA,TRUE,NA,0.683207291393687,-0.00993990860631344,0.00993990860631344,0.00993990860631344,9.8801783101864e-05,0.437803468555891,0.928110831245255,1,0.836061449908399,-0.0802292500916012,0.0802292500916012,0.0802292500916012,0.00643673257026069,0.626497238739459,1.05087029142227,1,1.1015248821607,0.185234182160702,0.185234182160702,0.185234182160702,0.0343117022407441,0.799783819090481,1.40405501257771,1,1.51099554179837,0.0109955417983683,0.0109955417983683,0.0109955417983683,0.000120901939439663,1.48619146312442,1.56454955266116,1,1.82872941222189,0.0287294122218928,0.0287294122218928,0.0287294122218928,0.000825379126615446,1.79452532701431,1.92110265972958,1
43,"n1000-b1_2-b2_2p5-b3_2p5",1000,5,425,1,1,0.6931472,0.9162907,0.9162907,1.5,1.8,1,1.3,0.086,330,169,333,168,FALSE,NA,TRUE,NA,0.673047826684352,-0.0200993733156478,0.0200993733156478,0.0200993733156478,0.000403984807681776,0.43005219867912,0.920608367949088,1,1.00155950031314,0.0852688003131437,0.0852688003131437,0.0852688003131437,0.00727076830684277,0.783654210548803,1.22537398107784,1,0.975827238230856,0.0595365382308561,0.0595365382308561,0.0595365382308561,0.00354459938451419,0.672667771840088,1.27549429464828,1,1.42693327823296,-0.0730667217670387,0.0730667217670387,0.0730667217670387,0.00533874582978184,1.31526952264027,1.51164719021864,1,1.74650960627749,-0.053490393722508,0.053490393722508,0.053490393722508,0.00286122222058892,1.67047236683693,1.80107379093457,1
43,"n1000-b1_2-b2_2p5-b3_2p5",1000,6,426,1,1,0.6931472,0.9162907,0.9162907,1.5,1.8,1,1.3,0.069,341,165,340,154,FALSE,NA,TRUE,NA,0.690516664228303,-0.0026305357716967,0.0026305357716967,0.0026305357716967,6.91971844617593e-06,0.438006610445743,0.940645980632426,1,1.00047974677964,0.0841890467796362,0.0841890467796362,0.0841890467796362,0.00708779559766378,0.779364617202667,1.22801535168969,1,0.870093657866867,-0.0461970421331326,0.0461970421331326,0.0461970421331326,0.00213416670185043,0.571462055892616,1.1701964552001,1,1.48855279585125,-0.0114472041487546,0.0114472041487546,0.0114472041487546,0.000131038482823263,1.45827445869986,1.66794834130612,1,1.78836641308518,-0.0116335869148227,0.0116335869148227,0.0116335869148227,0.000135340344504735,1.74269986737625,1.88845586662743,1
43,"n1000-b1_2-b2_2p5-b3_2p5",1000,7,427,1,1,0.6931472,0.9162907,0.9162907,1.5,1.8,1,1.3,0.0639999999999999,327,180,337,156,FALSE,NA,TRUE,NA,0.825004202094305,0.131857002094305,0.131857002094305,0.131857002094305,0.0173862690012977,0.587065237114651,1.07128518979795,1,0.874018182788272,-0.0422725172117283,0.0422725172117283,0.0422725172117283,0.00178696571141587,0.660988236250139,1.09667974885723,1,0.787808489478387,-0.128482210521613,0.128482210521613,0.128482210521613,0.0165076784205202,0.492884589829456,1.08215637665316,1,1.53955933258086,0.0395593325808634,0.0395593325808634,0.0395593325808634,0.00156494079424336,1.50326013174596,1.62537388981309,0,1.77411188482198,-0.0258881151780244,0.0258881151780244,0.0258881151780244,0.000670194507470655,1.7332019846178,1.81012117222225,1
43,"n1000-b1_2-b2_2p5-b3_2p5",1000,8,428,1,1,0.6931472,0.9162907,0.9162907,1.5,1.8,1,1.3,0.075,324,169,327,180,FALSE,NA,TRUE,NA,0.501627264088227,-0.191519935911773,0.191519935911773,0.191519935911773,0.0366798858516495,0.263185132051784,0.74516736185984,1,0.974088326115886,0.0577976261158861,0.0577976261158861,0.0577976261158861,0.00334056558463176,0.763316692376079,1.19348379487179,1,1.11765216156722,0.201361461567223,0.201361461567223,0.201361461567223,0.0405464382044884,0.814839577427918,1.41711280831543,1,1.47801032388396,-0.0219896761160407,0.0219896761160407,0.0219896761160407,0.000483545855688373,1.42471951169704,1.61855747058158,1,1.6830909359812,-0.116909064018798,0.116909064018798,0.116909064018798,0.0136677292497513,1.61013748229731,1.79008703113834,0
43,"n1000-b1_2-b2_2p5-b3_2p5",1000,9,429,1,1,0.6931472,0.9162907,0.9162907,1.5,1.8,1,1.3,0.0639999999999999,344,165,318,173,FALSE,NA,TRUE,NA,0.747090686923349,0.0539434869233486,0.0539434869233486,0.0539434869233486,0.00290989978144948,0.507777616381937,0.986846782776974,1,0.973265576525771,0.0569748765257714,0.0569748765257714,0.0569748765257714,0.00324613655512689,0.763378872674197,1.18900709131244,1,0.904866421391695,-0.0114242786083049,0.0114242786083049,0.0114242786083049,0.000130514141720172,0.608180342671275,1.19959891354226,1,1.51421950833522,0.0142195083352179,0.0142195083352179,0.0142195083352179,0.000202194417295331,1.48642520214045,1.55896178696364,1,1.85984609850032,0.0598460985003226,0.0598460985003226,0.0598460985003226,0.00358155550571032,1.78499938528121,1.94034211259796,1
43,"n1000-b1_2-b2_2p5-b3_2p5",1000,10,430,1,1,0.6931472,0.9162907,0.9162907,1.5,1.8,1,1.3,0.085,320,160,340,180,FALSE,NA,TRUE,NA,0.620179099134432,-0.0729681008655684,0.0729681008655684,0.0729681008655684,0.00532434374392776,0.376805253763846,0.859931023080446,1,0.953843105728212,0.0375524057282122,0.0375524057282122,0.0375524057282122,0.00141018317597626,0.745852052827417,1.16705946555676,1,0.820474021551404,-0.095816678448596,0.095816678448596,0.095816678448596,0.00918083586892164,0.53073703436843,1.11284516179439,1,1.49235028643956,-0.00764971356044031,0.00764971356044031,0.00764971356044031,5.85181175567843e-05,1.37124679829801,1.64569317664182,1,1.85121954863351,0.0512195486335119,0.0512195486335119,0.0512195486335119,0.00262344216222069,1.77841579497681,1.99088662211577,1
44,"n1000-b1_2-b2_2p5-b3_2p5",1000,1,431,1,1,0.6931472,0.9162907,0.9162907,1.5,1.8,1,1.3,0.069,335,187,319,159,FALSE,NA,TRUE,NA,0.698971388040605,0.00582418804060469,0.00582418804060469,0.00582418804060469,3.39211663323227e-05,0.457448581926321,0.940326093482733,1,0.82967545083649,-0.0866152491635096,0.0866152491635096,0.0866152491635096,0.00750220138765685,0.607662140860282,1.0522120407523,1,1.01157418399676,0.0952834839967589,0.0952834839967589,0.0952834839967589,0.00907894232256061,0.715652717677824,1.30779634615958,1,1.39519272775374,-0.104807272246262,0.104807272246262,0.104807272246262,0.0109845643157021,1.33389852409661,1.49973892231769,0,1.64795470207664,-0.15204529792336,0.15204529792336,0.15204529792336,0.0231177726206032,1.53344330716367,1.79439384817041,0
44,"n1000-b1_2-b2_2p5-b3_2p5",1000,2,432,1,1,0.6931472,0.9162907,0.9162907,1.5,1.8,1,1.3,0.082,303,144,359,194,FALSE,NA,TRUE,NA,0.763782530222603,0.0706353302226034,0.0706353302226034,0.0706353302226034,0.00498934987565623,0.523019743347107,1.00725807940407,1,1.00785617344967,0.091565473449672,0.091565473449672,0.091565473449672,0.00838423592806259,0.808765782605481,1.21553008600603,1,0.860330368784204,-0.0559603312157962,0.0559603312157962,0.0559603312157962,0.00313155866978162,0.564884362161036,1.15591130140006,1,1.48371980084603,-0.0162801991539665,0.0162801991539665,0.0162801991539665,0.000265044884492812,1.43094381451137,1.55044868307508,1,1.79492880069633,-0.00507119930366962,0.00507119930366962,0.00507119930366962,2.57170623775392e-05,1.74338024415306,1.86193527602738,1
44,"n1000-b1_2-b2_2p5-b3_2p5",1000,3,433,1,1,0.6931472,0.9162907,0.9162907,1.5,1.8,1,1.3,0.08,328,181,324,167,FALSE,NA,TRUE,NA,0.499490577960926,-0.193656622039074,0.193656622039074,0.193656622039074,0.0375028872595848,0.268795895877099,0.733655034058333,1,0.847609054659987,-0.0686816453400129,0.0686816453400129,0.0686816453400129,0.00471716840661131,0.639048008539377,1.06378250252799,1,1.083190833746,0.166900133746003,0.166900133746003,0.166900133746003,0.0278556546444338,0.793424703775249,1.37439319162091,1,1.5166329652013,0.0166329652013049,0.0166329652013049,0.0166329652013049,0.000276655531387818,1.47805815522447,1.57299986597798,1,1.81426236398816,0.0142623639881556,0.0142623639881556,0.0142623639881556,0.000203415026530638,1.77069934733361,1.87606592302044,1
44,"n1000-b1_2-b2_2p5-b3_2p5",1000,4,434,1,1,0.6931472,0.9162907,0.9162907,1.5,1.8,1,1.3,0.072,339,169,337,155,FALSE,NA,TRUE,NA,0.572209793398639,-0.120937406601361,0.120937406601361,0.120937406601361,0.0146258563154629,0.333879268817809,0.814937185022098,1,0.777738680462045,-0.138552019537955,0.138552019537955,0.138552019537955,0.0191966621180458,0.566638351199489,0.992599922419434,1,1.01757668003799,0.101285980037989,0.101285980037989,0.101285980037989,0.0102588497522559,0.723512393354964,1.31031664302974,1,1.53267216229702,0.0326721622970167,0.0326721622970167,0.0326721622970167,0.0010674701891626,1.49331857658513,1.60175573531912,1,1.83163125090066,0.03163125090066,0.03163125090066,0.03163125090066,0.0010005360335405,1.79122099446693,1.88351705957199,1
44,"n1000-b1_2-b2_2p5-b3_2p5",1000,5,435,1,1,0.6931472,0.9162907,0.9162907,1.5,1.8,1,1.3,0.071,331,176,334,159,FALSE,NA,TRUE,NA,0.691878163192718,-0.00126903680728241,0.00126903680728241,0.00126903680728241,1.61045441823753e-06,0.448641700852101,0.938218117595368,1,0.930276504627188,0.0139858046271878,0.0139858046271878,0.0139858046271878,0.000195602731069867,0.70748562357733,1.15526414069337,1,0.812176351075293,-0.104114348924707,0.104114348924707,0.104114348924707,0.0108397976520157,0.517158976011504,1.1048928891636,1,1.43041056866081,-0.0695894313391858,0.0695894313391858,0.0695894313391858,0.00484268895411126,1.30773446111924,1.52315057631218,1,1.75198470719677,-0.0480152928032302,0.0480152928032302,0.0480152928032302,0.00230546834297993,1.62809559307935,1.83426789800484,1
44,"n1000-b1_2-b2_2p5-b3_2p5",1000,6,436,1,1,0.6931472,0.9162907,0.9162907,1.5,1.8,1,1.3,0.0600000000000001,320,173,345,162,FALSE,NA,TRUE,NA,0.772156668635715,0.0790094686357148,0.0790094686357148,0.0790094686357148,0.006242496134098,0.532679355650499,1.01694063594333,1,0.921179506775649,0.00488880677564862,0.00488880677564862,0.00488880677564862,2.39004316896279e-05,0.708157728670085,1.13989429382657,1,0.798028245386692,-0.118262454613308,0.118262454613308,0.118262454613308,0.0139860081711647,0.502280393931501,1.09181271053822,1,1.48006993923598,-0.0199300607640165,0.0199300607640165,0.0199300607640165,0.000397207322057389,1.42697419647775,1.56390989926979,1,1.8229757887665,0.0229757887664968,0.0229757887664968,0.0229757887664968,0.000527886869442678,1.79569186280847,1.87681041862338,1
44,"n1000-b1_2-b2_2p5-b3_2p5",1000,7,437,1,1,0.6931472,0.9162907,0.9162907,1.5,1.8,1,1.3,0.077,322,170,344,164,FALSE,NA,TRUE,NA,0.717071116953746,0.0239239169537465,0.0239239169537465,0.0239239169537465,0.00057235380240976,0.479404364612052,0.956684659648949,1,0.826172043528477,-0.0901186564715226,0.0901186564715226,0.0901186564715226,0.00812137224423231,0.614211342950291,1.04533686855914,1,0.88078031451785,-0.0355103854821498,0.0355103854821498,0.0355103854821498,0.00126098747709088,0.585096602329401,1.17970580182766,1,1.54971312641215,0.0497131264121544,0.0497131264121544,0.0497131264121544,0.00247139493767085,1.47225408451146,1.66501621988251,1,1.8032407865292,0.00324078652920345,0.00324078652920345,0.00324078652920345,1.05026973278666e-05,1.67635189031883,1.96074428230819,1
44,"n1000-b1_2-b2_2p5-b3_2p5",1000,8,438,1,1,0.6931472,0.9162907,0.9162907,1.5,1.8,1,1.3,0.069,327,174,345,154,FALSE,NA,TRUE,NA,0.473716058754755,-0.219431141245245,0.219431141245245,0.219431141245245,0.0481500257481905,0.234176900076278,0.714872075892967,1,0.815913317019731,-0.100377382980269,0.100377382980269,0.100377382980269,0.0100756190139676,0.598978473018613,1.03726613853865,1,1.06408865592516,0.147797955925156,0.147797955925156,0.147797955925156,0.0218442357756543,0.767588858565255,1.35477656558265,1,1.46601799614613,-0.033982003853871,0.033982003853871,0.033982003853871,0.0011547765859245,1.42088904263055,1.53983929895985,1,1.75824774376061,-0.0417522562393899,0.0417522562393899,0.0417522562393899,0.00174325090107968,1.70497533035419,1.83155008895482,1
44,"n1000-b1_2-b2_2p5-b3_2p5",1000,9,439,1,1,0.6931472,0.9162907,0.9162907,1.5,1.8,1,1.3,0.055,365,156,321,158,FALSE,NA,TRUE,NA,0.427368395532853,-0.265778804467147,0.265778804467147,0.265778804467147,0.0706383729039858,0.188078512115846,0.665144397059141,0,0.689478773700558,-0.226811926299442,0.226811926299442,0.226811926299442,0.0514436499116633,0.47795784221799,0.903969799043468,0,1.23345310179478,0.317162401794781,0.317162401794781,0.317162401794781,0.100591989112234,0.935240388392937,1.53341740649321,0,1.51161874801921,0.0116187480192147,0.0116187480192147,0.0116187480192147,0.000134995305534005,1.489512769075,1.56944374078445,1,1.81358898777835,0.0135889877783493,0.0135889877783493,0.0135889877783493,0.000184660588840126,1.77656080487022,1.86529522497446,1
44,"n1000-b1_2-b2_2p5-b3_2p5",1000,10,440,1,1,0.6931472,0.9162907,0.9162907,1.5,1.8,1,1.3,0.085,336,156,332,176,FALSE,NA,TRUE,NA,0.752798363941988,0.0596511639419878,0.0596511639419878,0.0596511639419878,0.0035582613596339,0.506353926376366,1.00159742154425,1,1.0594599270528,0.143169227052802,0.143169227052802,0.143169227052802,0.0204974275748967,0.839907833893451,1.27851191028329,1,0.673515433001901,-0.242775266998099,0.242775266998099,0.242775266998099,0.0589398302659981,0.376630970843009,0.969070030618833,1,1.5548027299264,0.0548027299264002,0.0548027299264002,0.0548027299264002,0.00300333920738596,1.48952294848417,1.63850854787433,1,1.81727604769632,0.0172760476963212,0.0172760476963212,0.0172760476963212,0.000298461824005564,1.67329228108127,1.97658469386446,1
45,"n1000-b1_2-b2_2p5-b3_2p5",1000,1,441,1,1,0.6931472,0.9162907,0.9162907,1.5,1.8,1,1.3,0.0600000000000001,326,144,366,164,FALSE,NA,TRUE,NA,0.449181603291073,-0.243965596708927,0.243965596708927,0.243965596708927,0.0595192123775427,0.202569317197603,0.693919912868752,1,0.895257368722947,-0.0210333312770531,0.0210333312770531,0.0210333312770531,0.00044240102461026,0.683046760456873,1.11323057188905,1,1.28721906257512,0.370928362575123,0.370928362575123,0.370928362575123,0.137587850162662,0.983795486017443,1.59572504978709,0,1.47807644130777,-0.0219235586922295,0.0219235586922295,0.0219235586922295,0.000480642425731632,1.43540493967166,1.51878553060459,1,1.80643216402625,0.00643216402625324,0.00643216402625324,0.00643216402625324,4.13727340606263e-05,1.77494501273494,1.85871100666341,1
45,"n1000-b1_2-b2_2p5-b3_2p5",1000,2,442,1,1,0.6931472,0.9162907,0.9162907,1.5,1.8,1,1.3,0.071,315,173,345,167,FALSE,NA,TRUE,NA,0.715571679553815,0.022424479553815,0.022424479553815,0.022424479553815,0.000502857283259467,0.480963554040575,0.951968083312818,1,0.829100084566524,-0.0871906154334757,0.0871906154334757,0.0871906154334757,0.00760220341966826,0.622959519823054,1.03748001600038,1,0.910545253633712,-0.0057454463662876,0.0057454463662876,0.0057454463662876,3.30101539478874e-05,0.620071429504821,1.20478592320037,1,1.48715087387153,-0.0128491261284691,0.0128491261284691,0.0128491261284691,0.000165100042265308,1.415286711729,1.55730897911347,1,1.82238425947555,0.0223842594755486,0.0223842594755486,0.0223842594755486,0.000501055072268686,1.725407663418,1.89937238542547,1
45,"n1000-b1_2-b2_2p5-b3_2p5",1000,3,443,1,1,0.6931472,0.9162907,0.9162907,1.5,1.8,1,1.3,0.082,334,175,321,170,FALSE,NA,TRUE,NA,0.771483036289115,0.0783358362891151,0.0783358362891151,0.0783358362891151,0.00613650324711504,0.526807281866478,1.01809007660402,1,1.11401851141171,0.197727811411707,0.197727811411707,0.197727811411707,0.0390962874056636,0.896907685197888,1.33501373353292,1,0.789705493137707,-0.126585206862293,0.126585206862293,0.126585206862293,0.0160238145963695,0.497510954700751,1.08920568683268,1,1.45155766382462,-0.0484423361753781,0.0484423361753781,0.0484423361753781,0.00234665993412834,1.41901597649572,1.51269859606655,1,1.73682825835939,-0.0631717416406117,0.0631717416406117,0.0631717416406117,0.00399066894190819,1.68776134355067,1.81282410632701,1
45,"n1000-b1_2-b2_2p5-b3_2p5",1000,4,444,1,1,0.6931472,0.9162907,0.9162907,1.5,1.8,1,1.3,0.07,338,174,339,149,FALSE,NA,TRUE,NA,0.883513701349657,0.190366501349657,0.190366501349657,0.190366501349657,0.0362394048361088,0.638104805342605,1.13192983958083,1,0.971994910322252,0.0557042103222521,0.0557042103222521,0.0557042103222521,0.0031029590476257,0.743519126921693,1.19962411782545,1,0.708298535982494,-0.207992164017506,0.207992164017506,0.207992164017506,0.0432607402926849,0.408088484451018,1.00858109729056,1,1.51986801907937,0.0198680190793712,0.0198680190793712,0.0198680190793712,0.000394738182138258,1.45543401251438,1.57240955493145,1,1.803936065319,0.00393606531899549,0.00393606531899549,0.00393606531899549,1.5492610195399e-05,1.74386498674434,1.85670295784149,1
45,"n1000-b1_2-b2_2p5-b3_2p5",1000,5,445,1,1,0.6931472,0.9162907,0.9162907,1.5,1.8,1,1.3,0.0679999999999999,350,161,327,162,FALSE,NA,TRUE,NA,0.535741138300754,-0.157406061699246,0.157406061699246,0.157406061699246,0.0247766682596669,0.292418706103111,0.776444555358357,1,0.784388344786097,-0.131902355213903,0.131902355213903,0.131902355213903,0.0173982313109745,0.577016048594756,0.994283601399264,1,1.13722084792776,0.220930147927758,0.220930147927758,0.220930147927758,0.0488101302633811,0.84759984900551,1.43020152681771,1,1.49189072140947,-0.00810927859052635,0.00810927859052635,0.00810927859052635,6.5760399258769e-05,1.438137998281,1.53019306174149,1,1.79705704526014,-0.00294295473986428,0.00294295473986428,0.00294295473986428,8.66098260088962e-06,1.76929502465461,1.83622288821705,1
45,"n1000-b1_2-b2_2p5-b3_2p5",1000,6,446,1,1,0.6931472,0.9162907,0.9162907,1.5,1.8,1,1.3,0.0669999999999999,344,161,338,157,FALSE,NA,TRUE,NA,0.402089468268327,-0.291057731731673,0.291057731731673,0.291057731731673,0.0847146032007865,0.162272303365506,0.64625030062152,0,0.737804576895834,-0.178486123104166,0.178486123104166,0.178486123104166,0.0318572961407557,0.522029966137609,0.956425835016148,1,1.17621013640463,0.25991943640463,0.25991943640463,0.25991943640463,0.0675581134209003,0.87774020800674,1.47280861789187,1,1.4143045631672,-0.0856954368327996,0.0856954368327996,0.0856954368327996,0.00734370789396434,1.32872957861264,1.5170580870452,1,1.78925694462933,-0.0107430553706696,0.0107430553706696,0.0107430553706696,0.000115413238697272,1.71100378458869,1.90798219223478,1
45,"n1000-b1_2-b2_2p5-b3_2p5",1000,7,447,1,1,0.6931472,0.9162907,0.9162907,1.5,1.8,1,1.3,0.079,324,182,333,161,FALSE,NA,TRUE,NA,0.726402525994718,0.0332553259947184,0.0332553259947184,0.0332553259947184,0.00110591670701499,0.480494732485999,0.973564654944646,1,1.05164021131603,0.135349511316029,0.135349511316029,0.135349511316029,0.0183194902134878,0.834909486318095,1.27851256046001,1,0.887141319253503,-0.0291493807464973,0.0291493807464973,0.0291493807464973,0.000849686397904268,0.586456900178505,1.18775873410059,1,1.49911598849013,-0.000884011509871385,0.000884011509871385,0.000884011509871385,7.81476349585086e-07,1.47877205889292,1.53747446042519,1,1.78098002624403,-0.0190199737559713,0.0190199737559713,0.0190199737559713,0.000361759401677837,1.7621460008644,1.8108027076406,1
45,"n1000-b1_2-b2_2p5-b3_2p5",1000,8,448,1,1,0.6931472,0.9162907,0.9162907,1.5,1.8,1,1.3,0.081,342,156,324,178,FALSE,NA,TRUE,NA,0.820012477482719,0.126865277482719,0.126865277482719,0.126865277482719,0.0160947986307674,0.570984794923837,1.06828427339513,1,0.961139558853914,0.044848858853914,0.044848858853914,0.044848858853914,0.0020114201404983,0.743979589058977,1.17889885618222,1,0.772289574863273,-0.144001125136727,0.144001125136727,0.144001125136727,0.0207363240406433,0.473436211773129,1.06963728085379,1,1.48850282318998,-0.0114971768100225,0.0114971768100225,0.0114971768100225,0.000132185074600919,1.46412544234141,1.51995077817221,1,1.79020428048158,-0.00979571951841862,0.00979571951841862,0.00979571951841862,9.59561208835276e-05,1.76422597200244,1.82015748586601,1
45,"n1000-b1_2-b2_2p5-b3_2p5",1000,9,449,1,1,0.6931472,0.9162907,0.9162907,1.5,1.8,1,1.3,0.0600000000000001,338,177,301,184,FALSE,NA,TRUE,NA,0.884709133988157,0.191561933988157,0.191561933988157,0.191561933988157,0.0366959745532829,0.653965892001221,1.11711621288766,1,0.932723046481201,0.0164323464812013,0.0164323464812013,0.0164323464812013,0.000270022010878248,0.724109032658985,1.14756252054296,1,0.719783094087489,-0.196507605912511,0.196507605912511,0.196507605912511,0.0386152391814669,0.431498375371253,1.01059302785834,1,1.48030343321595,-0.0196965667840534,0.0196965667840534,0.0196965667840534,0.000387954743078676,1.44929191398983,1.53496460947146,1,1.80247445561434,0.00247445561434301,0.00247445561434301,0.00247445561434301,6.12293058735363e-06,1.77095900649928,1.86454428077662,1
45,"n1000-b1_2-b2_2p5-b3_2p5",1000,10,450,1,1,0.6931472,0.9162907,0.9162907,1.5,1.8,1,1.3,0.075,348,169,307,176,FALSE,NA,TRUE,NA,0.85803303009867,0.16488583009867,0.16488583009867,0.16488583009867,0.0271873369673273,0.617252375991774,1.09533512137597,1,1.04037140026796,0.124080700267965,0.124080700267965,0.124080700267965,0.0153960201789885,0.826602970997162,1.25771202470778,1,0.617796942029905,-0.298493757970095,0.298493757970095,0.298493757970095,0.0890985235471094,0.327883820717885,0.911626625132914,0,1.50578814147059,0.00578814147059004,0.00578814147059004,0.00578814147059004,3.35025816835642e-05,1.41360974367897,1.57854764090704,1,1.78988936232582,-0.0101106376741811,0.0101106376741811,0.0101106376741811,0.00010222499417857,1.67863858849674,1.87321140322652,1
46,"n1000-b1_2-b2_2p5-b3_2p5",1000,1,451,1,1,0.6931472,0.9162907,0.9162907,1.5,1.8,1,1.3,0.071,329,169,337,165,FALSE,NA,TRUE,NA,0.724090013692061,0.0309428136920612,0.0309428136920612,0.0309428136920612,0.00095745771918161,0.486366770233778,0.96725311434682,1,0.899186854798714,-0.0171038452012858,0.0171038452012858,0.0171038452012858,0.000292541520669548,0.686035754040035,1.11720372529208,1,0.929533667970214,0.013242967970214,0.013242967970214,0.013242967970214,0.000175376200660113,0.631366077176281,1.22043131729353,1,1.51951168342064,0.0195116834206397,0.0195116834206397,0.0195116834206397,0.000380705789907266,1.47067376097675,1.58770632423455,1,1.80138999489862,0.00138999489861624,0.00138999489861624,0.00138999489861624,1.93208581817918e-06,1.73161507942805,1.8561648347863,1
46,"n1000-b1_2-b2_2p5-b3_2p5",1000,2,452,1,1,0.6931472,0.9162907,0.9162907,1.5,1.8,1,1.3,0.0610000000000001,335,166,331,168,FALSE,NA,TRUE,NA,0.707511191847261,0.0143639918472607,0.0143639918472607,0.0143639918472607,0.000206324261788171,0.473383438965666,0.942844600420209,1,0.804253792668305,-0.112036907331695,0.112036907331695,0.112036907331695,0.0125522686044508,0.59582314940403,1.01529542692857,1,1.00365380512182,0.0873631051218215,0.0873631051218215,0.0873631051218215,0.00763231213652644,0.71168297761556,1.29854845215866,1,1.52025400041765,0.020254000417653,0.020254000417653,0.020254000417653,0.000410224532918289,1.4554415712985,1.59304653979569,1,1.80600946647924,0.00600946647924383,0.00600946647924383,0.00600946647924383,3.61136873651552e-05,1.76710002299641,1.85206631018105,1
46,"n1000-b1_2-b2_2p5-b3_2p5",1000,3,453,1,1,0.6931472,0.9162907,0.9162907,1.5,1.8,1,1.3,0.078,326,154,361,159,FALSE,NA,TRUE,NA,0.650922159106851,-0.0422250408931489,0.0422250408931489,0.0422250408931489,0.0017829540784281,0.404565715681574,0.894967510386827,1,1.05905245237207,0.142761752372071,0.142761752372071,0.142761752372071,0.0203809179403445,0.84288266251625,1.28180572246637,1,0.883435712235353,-0.0328549877646471,0.0328549877646471,0.0328549877646471,0.00107945022101511,0.585309872629419,1.1798275566367,1,1.51690791807348,0.0169079180734795,0.0169079180734795,0.0169079180734795,0.000285877693579494,1.45603216520245,1.59315545521923,1,1.77041489718522,-0.0295851028147802,0.0295851028147802,0.0295851028147802,0.000875278308561116,1.69444773838821,1.9218041683934,1
46,"n1000-b1_2-b2_2p5-b3_2p5",1000,4,454,1,1,0.6931472,0.9162907,0.9162907,1.5,1.8,1,1.3,0.072,335,166,318,181,FALSE,NA,TRUE,NA,0.621174618217293,-0.0719725817827067,0.0719725817827067,0.0719725817827067,0.00518005252846841,0.382898439936729,0.859923834570552,1,0.987185176233171,0.0708944762331714,0.0708944762331714,0.0708944762331714,0.0050260267603757,0.778016180461889,1.20286994877562,1,0.977875892253739,0.0615851922537394,0.0615851922537394,0.0615851922537394,0.00379273590493004,0.685974983585192,1.2694918905704,1,1.51881181863882,0.0188118186388238,0.0188118186388238,0.0188118186388238,0.000353884520499997,1.49464798462146,1.5490878538583,1,1.81871754182338,0.0187175418233838,0.0187175418233838,0.0187175418233838,0.000350346371910122,1.78111318060909,1.85866107363634,1
46,"n1000-b1_2-b2_2p5-b3_2p5",1000,5,455,1,1,0.6931472,0.9162907,0.9162907,1.5,1.8,1,1.3,0.0679999999999999,356,159,317,168,FALSE,NA,TRUE,NA,0.621421355498308,-0.0717258445016923,0.0717258445016923,0.0717258445016923,0.00514459676948094,0.378726672420402,0.863212449689984,1,0.953059414185518,0.0367687141855176,0.0367687141855176,0.0367687141855176,0.00135193834285629,0.740396954519677,1.16959722060435,1,0.986278922261664,0.0699882222616642,0.0699882222616642,0.0699882222616642,0.00489835125534811,0.691336456258784,1.28479224425002,1,1.5148046522113,0.0148046522113012,0.0148046522113012,0.0148046522113012,0.000219177727097586,1.47267681968311,1.55724968570176,1,1.81033937394197,0.0103393739419737,0.0103393739419737,0.0103393739419737,0.000106902653511965,1.76432673095446,1.86081613204314,1
46,"n1000-b1_2-b2_2p5-b3_2p5",1000,6,456,1,1,0.6931472,0.9162907,0.9162907,1.5,1.8,1,1.3,0.0620000000000001,323,171,330,176,FALSE,NA,TRUE,NA,0.501870522937419,-0.191276677062581,0.191276677062581,0.191276677062581,0.0365867671881027,0.269595198757981,0.738876773821399,1,0.779165492528867,-0.137125207471133,0.137125207471133,0.137125207471133,0.0188033225240013,0.573640715729692,0.989432183857686,1,1.10877902922125,0.192488329221252,0.192488329221252,0.192488329221252,0.037051756886389,0.815940652455655,1.39929835968547,1,1.44067827707221,-0.0593217229277871,0.0593217229277871,0.0593217229277871,0.00351906681112115,1.35629037952014,1.51466599658242,1,1.75550945871019,-0.04449054128981,0.04449054128981,0.04449054128981,0.00197940826426029,1.64862637374481,1.86720018045478,1
46,"n1000-b1_2-b2_2p5-b3_2p5",1000,7,457,1,1,0.6931472,0.9162907,0.9162907,1.5,1.8,1,1.3,0.076,339,188,301,172,FALSE,NA,TRUE,NA,0.710280039073462,0.0171328390734619,0.0171328390734619,0.0171328390734619,0.000293534174717141,0.47871132701555,0.938444840937743,1,0.904799956658312,-0.0114907433416884,0.0114907433416884,0.0114907433416884,0.000132037182544557,0.690783052428454,1.12496807342724,1,0.791491692971728,-0.124799007028272,0.124799007028272,0.124799007028272,0.0155747921552427,0.50358950060573,1.07561156025811,1,1.48344272797113,-0.0165572720288734,0.0165572720288734,0.0165572720288734,0.000274143257038112,1.40092125298016,1.58048135146202,1,1.81410064840953,0.0141006484095254,0.0141006484095254,0.0141006484095254,0.000198828285569051,1.76518379838173,1.86378612969958,1
46,"n1000-b1_2-b2_2p5-b3_2p5",1000,8,458,1,1,0.6931472,0.9162907,0.9162907,1.5,1.8,1,1.3,0.076,314,173,352,161,FALSE,NA,TRUE,NA,0.807651786234455,0.114504586234455,0.114504586234455,0.114504586234455,0.0131113002687237,0.562829793033544,1.05516619993116,1,0.968942621489051,0.0526519214890505,0.0526519214890505,0.0526519214890505,0.00277222483648914,0.750346587102665,1.18980029216599,1,0.749381974256538,-0.166908725743462,0.166908725743462,0.166908725743462,0.0278585227293062,0.453491086374377,1.04470271098549,1,1.51994375176,0.0199437517599994,0.0199437517599994,0.0199437517599994,0.000397753234264479,1.4890506881872,1.57612424988001,1,1.82601643452358,0.0260164345235789,0.0260164345235789,0.0260164345235789,0.00067685486531967,1.79147953338289,1.92582499174731,1
46,"n1000-b1_2-b2_2p5-b3_2p5",1000,9,459,1,1,0.6931472,0.9162907,0.9162907,1.5,1.8,1,1.3,0.076,338,163,329,170,FALSE,NA,TRUE,NA,0.825833104002006,0.132685904002006,0.132685904002006,0.132685904002006,0.0176055491208295,0.577700033346704,1.07603296061558,1,1.03400333162637,0.117712631626367,0.117712631626367,0.117712631626367,0.0138562636444047,0.815236228245979,1.25414534962073,1,0.619227379975992,-0.297063320024008,0.297063320024008,0.297063320024008,0.0882466161036864,0.323847222839779,0.914976067604132,0,1.41468464860589,-0.0853153513941092,0.0853153513941092,0.0853153513941092,0.00727870918350033,1.336468638413,1.53468568012768,1,1.58377289408949,-0.216227105910512,0.216227105910512,0.216227105910512,0.0467541613304357,1.49134212280827,1.8320502972531,1
46,"n1000-b1_2-b2_2p5-b3_2p5",1000,10,460,1,1,0.6931472,0.9162907,0.9162907,1.5,1.8,1,1.3,0.073,359,156,319,166,FALSE,NA,TRUE,NA,0.889173524442079,0.196026324442079,0.196026324442079,0.196026324442079,0.0384263198742711,0.641796848546832,1.13536944789748,1,0.993467230780751,0.0771765307807512,0.0771765307807512,0.0771765307807512,0.00595621690335223,0.772506337051917,1.21849475808119,1,0.931327752162912,0.0150370521629118,0.0150370521629118,0.0150370521629118,0.000226112937750132,0.624183418716472,1.23657684691274,1,1.49058553710547,-0.00941446289453007,0.00941446289453007,0.00941446289453007,8.86321115924836e-05,1.4332816174225,1.53426177825929,1,1.80639736937116,0.0063973693711612,0.0063973693711612,0.0063973693711612,4.09263348710714e-05,1.77427943245059,1.85401585185152,1
47,"n1000-b1_2-b2_2p5-b3_2p5",1000,1,461,1,1,0.6931472,0.9162907,0.9162907,1.5,1.8,1,1.3,0.0620000000000001,347,166,329,158,FALSE,NA,TRUE,NA,0.633205275408213,-0.0599419245917873,0.0599419245917873,0.0599419245917873,0.00359303432376751,0.391475346997424,0.876933016013389,1,0.876135490237491,-0.0401552097625092,0.0401552097625092,0.0401552097625092,0.00161244087107111,0.667115109988831,1.0972667985392,1,1.01626322770858,0.0999725277085772,0.0999725277085772,0.0999725277085772,0.00999450629644224,0.724491187204296,1.31164317368065,1,1.46979568481832,-0.0302043151816773,0.0302043151816773,0.0302043151816773,0.000912300655594103,1.43158065938415,1.53122760470503,1,1.67966220432955,-0.120337795670453,0.120337795670453,0.120337795670453,0.0144811850668236,1.60538050233464,1.83368737407156,1
47,"n1000-b1_2-b2_2p5-b3_2p5",1000,2,462,1,1,0.6931472,0.9162907,0.9162907,1.5,1.8,1,1.3,0.071,310,161,359,170,FALSE,NA,TRUE,NA,0.511506711306769,-0.181640488693231,0.181640488693231,0.181640488693231,0.0329932671327157,0.274714121837607,0.754151421435395,1,0.810698492409844,-0.105592207590156,0.105592207590156,0.105592207590156,0.0111497143037626,0.605495015220168,1.02316077822094,1,1.24671390938662,0.330423209386623,0.330423209386623,0.330423209386623,0.109179497301356,0.945547999798994,1.54336239608707,0,1.51472239373446,0.0147223937344643,0.0147223937344643,0.0147223937344643,0.000216748877272593,1.46914921644685,1.57555402856943,1,1.7855436599021,-0.0144563400978974,0.0144563400978974,0.0144563400978974,0.000208985769026077,1.74637511661421,1.84315246250638,1
47,"n1000-b1_2-b2_2p5-b3_2p5",1000,3,463,1,1,0.6931472,0.9162907,0.9162907,1.5,1.8,1,1.3,0.0659999999999999,354,171,339,136,FALSE,NA,TRUE,NA,1.01635193780759,0.323204737807593,0.323204737807593,0.323204737807593,0.104461302541275,0.758381863219696,1.27611907948871,0,1.089890693504,0.173599993503998,0.173599993503998,0.173599993503998,0.030136957744588,0.85952352729518,1.3254265963461,1,0.621738967758518,-0.294551732241482,0.294551732241482,0.294551732241482,0.0867607229664575,0.31335684508515,0.926952527148899,1,1.53993801250026,0.0399380125002573,0.0399380125002573,0.0399380125002573,0.00159504484247071,1.46636407592187,1.61331120766433,1,1.78778395136565,-0.0122160486343486,0.0122160486343486,0.0122160486343486,0.000149231844236769,1.68643726531522,1.86890748135184,1
47,"n1000-b1_2-b2_2p5-b3_2p5",1000,4,464,1,1,0.6931472,0.9162907,0.9162907,1.5,1.8,1,1.3,0.073,350,141,323,186,FALSE,NA,TRUE,NA,0.813901726526586,0.120754526526586,0.120754526526586,0.120754526526586,0.01458165567666,0.565442708937252,1.06160566172361,1,1.04514506707076,0.128854367070764,0.128854367070764,0.128854367070764,0.0166034479132072,0.833042227960483,1.26266348743225,1,0.812245902008271,-0.104044797991729,0.104044797991729,0.104044797991729,0.0108253199891398,0.513970161496491,1.11182441263541,1,1.40326096957017,-0.0967390304298326,0.0967390304298326,0.0967390304298326,0.00935844000850407,1.32208871276216,1.56874510533896,1,1.65308145215424,-0.146918547845756,0.146918547845756,0.146918547845756,0.0215850597011056,1.53389697660938,1.8799091762736,1
47,"n1000-b1_2-b2_2p5-b3_2p5",1000,5,465,1,1,0.6931472,0.9162907,0.9162907,1.5,1.8,1,1.3,0.0679999999999999,329,150,354,167,FALSE,NA,TRUE,NA,0.62577955113117,-0.0673676488688304,0.0673676488688304,0.0673676488688304,0.00453840011411403,0.383103565369738,0.872604460007521,1,0.884336374320056,-0.0319543256799436,0.0319543256799436,0.0319543256799436,0.0010210789296599,0.673794032757388,1.10196281125825,1,0.962799284936352,0.0465085849363521,0.0465085849363521,0.0465085849363521,0.00216304847278188,0.664712772996637,1.26357901793768,1,1.47070749227703,-0.0292925077229738,0.0292925077229738,0.0292925077229738,0.000858051008700477,1.4274649464114,1.51078196040436,1,1.75925089052515,-0.0407491094748464,0.0407491094748464,0.0407491094748464,0.00166048992299302,1.69290920033349,1.81822331864516,1
47,"n1000-b1_2-b2_2p5-b3_2p5",1000,6,466,1,1,0.6931472,0.9162907,0.9162907,1.5,1.8,1,1.3,0.077,330,175,323,172,FALSE,NA,TRUE,NA,0.94320430390901,0.25005710390901,0.25005710390901,0.25005710390901,0.0625285552153613,0.699176319719684,1.18784772439705,0,1.02711928119147,0.110828581191471,0.110828581191471,0.110828581191471,0.0122829744089146,0.808000141826772,1.24945469357864,1,0.683136742438956,-0.233153957561045,0.233153957561045,0.233153957561045,0.0543607679263773,0.384861178826159,0.981914318082441,1,1.47454446736768,-0.0254555326323247,0.0254555326323247,0.0254555326323247,0.000647984141595347,1.41888523825196,1.56202960075459,1,1.81557187802812,0.0155718780281171,0.0155718780281171,0.0155718780281171,0.000242483385322556,1.70744073920511,2.03574478532338,1
47,"n1000-b1_2-b2_2p5-b3_2p5",1000,7,467,1,1,0.6931472,0.9162907,0.9162907,1.5,1.8,1,1.3,0.079,342,154,320,184,FALSE,NA,TRUE,NA,0.723910136695112,0.030762936695112,0.030762936695112,0.030762936695112,0.000946358274107468,0.48234039304095,0.962708613909042,1,0.923459780620836,0.00716908062083588,0.00716908062083588,0.00716908062083588,5.13957169480445e-05,0.717183914266154,1.13337028160704,1,0.833698620282185,-0.0825920797178148,0.0825920797178148,0.0825920797178148,0.00682145163211387,0.539025183480816,1.12805221560685,1,1.48021293594399,-0.0197870640560103,0.0197870640560103,0.0197870640560103,0.000391527903956654,1.40652140805304,1.55548002489606,1,1.83759672566495,0.0375967256649534,0.0375967256649534,0.0375967256649534,0.00141351378072577,1.78835644361124,1.96814232690783,1
47,"n1000-b1_2-b2_2p5-b3_2p5",1000,8,468,1,1,0.6931472,0.9162907,0.9162907,1.5,1.8,1,1.3,0.073,350,161,323,166,FALSE,NA,TRUE,NA,0.610803414746658,-0.0823437852533419,0.0823437852533419,0.0823437852533419,0.00678049896984848,0.36789528326995,0.851217491263659,1,0.852990079120636,-0.0633006208793643,0.0633006208793643,0.0633006208793643,0.00400696860371301,0.639876330008345,1.06636565130915,1,1.0028039950207,0.0865132950207024,0.0865132950207024,0.0865132950207024,0.00748455021533909,0.710668183913225,1.3020572539962,1,1.53936975902747,0.0393697590274693,0.0393697590274693,0.0393697590274693,0.001549977925881,1.46949347512147,1.63288354346237,1,1.86060483208982,0.0606048320898249,0.0606048320898249,0.0606048320898249,0.00367294567263587,1.74333387711104,2.02229995171437,1
47,"n1000-b1_2-b2_2p5-b3_2p5",1000,9,469,1,1,0.6931472,0.9162907,0.9162907,1.5,1.8,1,1.3,0.073,322,187,324,167,FALSE,NA,TRUE,NA,0.667243161257729,-0.0259040387422713,0.0259040387422713,0.0259040387422713,0.000671019223161093,0.439333194139363,0.899910845046902,1,0.928739494544897,0.0124487945448966,0.0124487945448966,0.0124487945448966,0.000154972485621046,0.720384305059123,1.14243019809969,1,1.01860601984003,0.10231531984003,0.10231531984003,0.10231531984003,0.0104684246739677,0.726259800290942,1.30896110858462,1,1.50312718581215,0.00312718581215443,0.00312718581215443,0.00312718581215443,9.77929110373997e-06,1.45672269116152,1.550156816915,1,1.81919433296553,0.019194332965532,0.019194332965532,0.019194332965532,0.000368422417991707,1.78660919587575,1.85789377029978,1
47,"n1000-b1_2-b2_2p5-b3_2p5",1000,10,470,1,1,0.6931472,0.9162907,0.9162907,1.5,1.8,1,1.3,0.076,342,161,328,169,FALSE,NA,TRUE,NA,0.831941960054947,0.138794760054947,0.138794760054947,0.138794760054947,0.0192639854187104,0.590207008393605,1.07699909579557,1,0.869967754879461,-0.0463229451205392,0.0463229451205392,0.0463229451205392,0.00214581524464049,0.663082231420656,1.08723984153099,1,0.77230364393088,-0.14398705606912,0.14398705606912,0.14398705606912,0.020732272315452,0.479514343922999,1.06609269483967,1,1.45351705681536,-0.046482943184643,0.046482943184643,0.046482943184643,0.00216066400710675,1.3974716984944,1.52302678316304,1,1.74766036968591,-0.0523396303140888,0.0523396303140888,0.0523396303140888,0.00273943690141549,1.69436428267158,1.86956694232736,1
48,"n1000-b1_2-b2_2p5-b3_2p5",1000,1,471,1,1,0.6931472,0.9162907,0.9162907,1.5,1.8,1,1.3,0.077,330,162,339,169,FALSE,NA,TRUE,NA,1.03001251881761,0.336865318817607,0.336865318817607,0.336865318817607,0.113478243022088,0.780117344176192,1.28277523869428,0,1.19255805709647,0.276267357096469,0.276267357096469,0.276267357096469,0.0763236525970681,0.968618613657578,1.41890271548969,0,0.5002606397754,-0.4160300602246,0.4160300602246,0.4160300602246,0.173081011010484,0.19835149239399,0.80281559869052,0,1.46811211772585,-0.0318878822741455,0.0318878822741455,0.0318878822741455,0.00101683703592976,1.39859200862583,1.51787307952546,1,1.80460115915974,0.00460115915973902,0.00460115915973902,0.00460115915973902,2.11706656132503e-05,1.76006208881057,1.91051807403404,1
48,"n1000-b1_2-b2_2p5-b3_2p5",1000,2,472,1,1,0.6931472,0.9162907,0.9162907,1.5,1.8,1,1.3,0.071,290,193,329,188,FALSE,NA,TRUE,NA,0.628885629490415,-0.0642615705095854,0.0642615705095854,0.0642615705095854,0.00412954944435841,0.409066430899706,0.850126078609308,1,0.854929588735557,-0.0613611112644428,0.0613611112644428,0.0613611112644428,0.00376518597560733,0.65486742003332,1.06140744903737,1,0.975543451504775,0.0592527515047745,0.0592527515047745,0.0592527515047745,0.00351088856088656,0.692738461778361,1.25678432492163,1,1.5410973016075,0.0410973016074965,0.0410973016074965,0.0410973016074965,0.00168898819941753,1.47089374779644,1.6348713399575,1,1.79297320967391,-0.00702679032608677,0.00702679032608677,0.00702679032608677,4.93757822867867e-05,1.68877432877157,1.90594848915281,1
48,"n1000-b1_2-b2_2p5-b3_2p5",1000,3,473,1,1,0.6931472,0.9162907,0.9162907,1.5,1.8,1,1.3,0.081,352,160,339,149,FALSE,NA,TRUE,NA,0.761255181637739,0.0681079816377391,0.0681079816377391,0.0681079816377391,0.00463869716276661,0.506766883327188,1.01480601418316,1,1.00794815412028,0.0916574541202795,0.0916574541202795,0.0916574541202795,0.00840108889581114,0.779527136529346,1.24005892181503,1,0.894335836435641,-0.0219548635643594,0.0219548635643594,0.0219548635643594,0.000482016034129635,0.588525556191705,1.20091335769206,1,1.48966415483219,-0.0103358451678124,0.0103358451678124,0.0103358451678124,0.000106829695332991,1.38843018946763,1.5422220053754,1,1.8145963950885,0.0145963950884989,0.0145963950884989,0.0145963950884989,0.000213054749579554,1.74848572825786,1.89647071411645,1
48,"n1000-b1_2-b2_2p5-b3_2p5",1000,4,474,1,1,0.6931472,0.9162907,0.9162907,1.5,1.8,1,1.3,0.0620000000000001,364,159,323,154,FALSE,NA,TRUE,NA,0.633564181603244,-0.0595830183967564,0.0595830183967564,0.0595830183967564,0.00355013608126821,0.384106322606416,0.882442057367344,1,0.899534967619187,-0.0167557323808132,0.0167557323808132,0.0167557323808132,0.000280754567617431,0.684847379937965,1.12223422162186,1,0.975781530480333,0.0594908304803325,0.0594908304803325,0.0594908304803325,0.00353915891123966,0.676389707080169,1.27591328262348,1,1.52182969160439,0.0218296916043934,0.0218296916043934,0.0218296916043934,0.000476535435542924,1.46621374930282,1.59298979404362,1,1.83007688709288,0.0300768870928798,0.0300768870928798,0.0300768870928798,0.00090461913719784,1.75025388119152,1.92724833764776,1
48,"n1000-b1_2-b2_2p5-b3_2p5",1000,5,475,1,1,0.6931472,0.9162907,0.9162907,1.5,1.8,1,1.3,0.077,333,187,311,169,FALSE,NA,TRUE,NA,0.79873296318862,0.10558576318862,0.10558576318862,0.10558576318862,0.0111483533881233,0.567009314469913,1.03418581692989,1,1.05824800370454,0.141957303704541,0.141957303704541,0.141957303704541,0.0201518760750633,0.840564736996714,1.28051284126908,1,0.940069738788424,0.0237790387884245,0.0237790387884245,0.0237790387884245,0.000565442685701395,0.64532897522761,1.23118356171989,1,1.580158190912,0.0801581909119964,0.0801581909119964,0.0801581909119964,0.00642533557028406,1.49105068492439,1.6471215252164,1,1.85114273019527,0.0511427301952745,0.0511427301952745,0.0511427301952745,0.00261557885182664,1.74676612179601,1.92387238187858,1
48,"n1000-b1_2-b2_2p5-b3_2p5",1000,6,476,1,1,0.6931472,0.9162907,0.9162907,1.5,1.8,1,1.3,0.074,335,174,327,164,FALSE,NA,TRUE,NA,0.737325578145562,0.0441783781455622,0.0441783781455622,0.0441783781455622,0.00195172909557229,0.499058719529691,0.977108254746484,1,0.920653210709552,0.00436251070955185,0.00436251070955185,0.00436251070955185,1.90314996909546e-05,0.706614382385452,1.13821107209808,1,0.860108254258497,-0.0561824457415034,0.0561824457415034,0.0561824457415034,0.00315646720949698,0.570311957998732,1.15436007317867,1,1.54142618301397,0.0414261830139693,0.0414261830139693,0.0414261830139693,0.00171612863910688,1.49214481162461,1.60217682705526,1,1.80533681049441,0.00533681049441093,0.00533681049441093,0.00533681049441093,2.84815462532546e-05,1.75185274442157,1.90598396761774,1
48,"n1000-b1_2-b2_2p5-b3_2p5",1000,7,477,1,1,0.6931472,0.9162907,0.9162907,1.5,1.8,1,1.3,0.074,312,174,333,181,FALSE,NA,TRUE,NA,0.71541598726491,0.0222687872649097,0.0222687872649097,0.0222687872649097,0.000495898886249803,0.484439264095445,0.94528269577179,1,0.963243130502345,0.0469524305023447,0.0469524305023447,0.0469524305023447,0.0022045307300775,0.757146167762988,1.17104470854874,1,0.793752369321214,-0.122538330678786,0.122538330678786,0.122538330678786,0.0150156424855435,0.508294048072111,1.07408120101897,1,1.52903394986595,0.0290339498659513,0.0290339498659513,0.0290339498659513,0.000842970244818574,1.49906060247658,1.56938142699543,1,1.90491810040666,0.104918100406663,0.104918100406663,0.104918100406663,0.0110078077929426,1.78674752825519,2.00093225766911,1
48,"n1000-b1_2-b2_2p5-b3_2p5",1000,8,478,1,1,0.6931472,0.9162907,0.9162907,1.5,1.8,1,1.3,0.072,325,179,331,165,FALSE,NA,TRUE,NA,0.794829733541749,0.101682533541749,0.101682533541749,0.101682533541749,0.0103393376274689,0.554133467954986,1.03470321983404,1,1.13889450626519,0.222603806265189,0.222603806265189,0.222603806265189,0.04955245456375,0.916947313264057,1.36866548037139,0,0.767634825051818,-0.148655874948182,0.148655874948182,0.148655874948182,0.0220985691566095,0.474791763428774,1.05915815321112,1,1.51084004464095,0.0108400446409471,0.0108400446409471,0.0108400446409471,0.000117506567817726,1.42041925748068,1.5938859279957,1,1.8124850938563,0.012485093856299,0.012485093856299,0.012485093856299,0.000155877568600596,1.78116015713287,1.88068735947637,1
48,"n1000-b1_2-b2_2p5-b3_2p5",1000,9,479,1,1,0.6931472,0.9162907,0.9162907,1.5,1.8,1,1.3,0.071,331,146,347,176,FALSE,NA,TRUE,NA,0.813874199319008,0.120726999319008,0.120726999319008,0.120726999319008,0.0145750083645717,0.563055637989695,1.06440201152527,1,1.10939439843696,0.19310369843696,0.19310369843696,0.19310369843696,0.0372890383500324,0.896961682095597,1.32979703191348,1,0.83742942600326,-0.07886127399674,0.07886127399674,0.07886127399674,0.00621910053638891,0.532910790120469,1.14118303698902,1,1.54337747290158,0.0433774729015792,0.0433774729015792,0.0433774729015792,0.00188160515532724,1.48547469874596,1.58715707091298,1,1.84581281526865,0.0458128152686517,0.0458128152686517,0.0458128152686517,0.0020988140428396,1.80040581366306,1.91409276229891,0
48,"n1000-b1_2-b2_2p5-b3_2p5",1000,10,480,1,1,0.6931472,0.9162907,0.9162907,1.5,1.8,1,1.3,0.073,326,168,338,168,FALSE,NA,TRUE,NA,0.81011961349857,0.11697241349857,0.11697241349857,0.11697241349857,0.0136825455196804,0.569387801183793,1.04907971073852,1,0.968441980913407,0.0521512809134066,0.0521512809134066,0.0521512809134066,0.00271975610090905,0.751268636048863,1.18623009708523,1,0.93418449871189,0.0178937987118903,0.0178937987118903,0.0178937987118903,0.000320188032341648,0.641644568398669,1.22810053041118,1,1.50531950492559,0.00531950492559186,0.00531950492559186,0.00531950492559186,2.8297132653396e-05,1.43231292050606,1.61374025631147,1,1.78724090566289,-0.012759094337107,0.012759094337107,0.012759094337107,0.000162794488303195,1.71281356765607,1.90966618390294,1
49,"n1000-b1_2-b2_2p5-b3_2p5",1000,1,481,1,1,0.6931472,0.9162907,0.9162907,1.5,1.8,1,1.3,0.0620000000000001,339,168,330,163,FALSE,NA,TRUE,NA,0.542016303002252,-0.151130896997748,0.151130896997748,0.151130896997748,0.0228405480273439,0.305754954944238,0.779604633240494,1,0.734471122462696,-0.181819577537304,0.181819577537304,0.181819577537304,0.0330583587758438,0.530991527484446,0.944400880248286,1,1.16020258072991,0.243911880729912,0.243911880729912,0.243911880729912,0.059493005561203,0.863109418365496,1.45291951626924,1,1.50257720742302,0.00257720742302081,0.00257720742302081,0.00257720742302081,6.64199810127357e-06,1.43286780716618,1.57784267900458,1,1.8286684886129,0.0286684886129009,0.0286684886129009,0.0286684886129009,0.000821882239348031,1.6571376460883,1.92571267392496,1
49,"n1000-b1_2-b2_2p5-b3_2p5",1000,2,482,1,1,0.6931472,0.9162907,0.9162907,1.5,1.8,1,1.3,0.072,340,169,321,170,FALSE,NA,TRUE,NA,0.741327658499607,0.0481804584996071,0.0481804584996071,0.0481804584996071,0.00232135658123236,0.499105868362849,0.984138597051922,1,0.868198374252787,-0.0480923257472131,0.0480923257472131,0.0480923257472131,0.00231287179577606,0.655192151489083,1.09038497634157,1,0.797759934613826,-0.118530765386174,0.118530765386174,0.118530765386174,0.0140495423430323,0.498916362046591,1.09932897320031,1,1.49489827946079,-0.00510172053921076,0.00510172053921076,0.00510172053921076,2.6027552460205e-05,1.43911700271986,1.60594092183941,1,1.76353928053111,-0.0364607194688897,0.0364607194688897,0.0364607194688897,0.00132938406418907,1.68635568617662,1.96800714452178,1
49,"n1000-b1_2-b2_2p5-b3_2p5",1000,3,483,1,1,0.6931472,0.9162907,0.9162907,1.5,1.8,1,1.3,0.0610000000000001,354,170,319,157,FALSE,NA,TRUE,NA,0.722012178614791,0.0288649786147909,0.0288649786147909,0.0288649786147909,0.000833186990432334,0.486240164335651,0.961011644711331,1,0.917310398982082,0.00101969898208176,0.00101969898208176,0.00101969898208176,1.03978601405858e-06,0.703539817575915,1.1354293225541,1,0.836695750555376,-0.0795949494446241,0.0795949494446241,0.0795949494446241,0.00633535597709226,0.542776815594026,1.12522909070868,1,1.54016561420701,0.0401656142070099,0.0401656142070099,0.0401656142070099,0.00161327656462636,1.46101110540522,1.67611137053671,1,1.82063793422095,0.0206379342209526,0.0206379342209526,0.0206379342209526,0.000425924328908367,1.75826718415538,1.8908172338863,1
49,"n1000-b1_2-b2_2p5-b3_2p5",1000,4,484,1,1,0.6931472,0.9162907,0.9162907,1.5,1.8,1,1.3,0.0570000000000001,357,169,317,157,FALSE,NA,TRUE,NA,0.665263449075879,-0.0278837509241205,0.0278837509241205,0.0278837509241205,0.000777503565598393,0.423872710400954,0.910219220974246,1,0.77464637094921,-0.14164432905079,0.14164432905079,0.14164432905079,0.0200631159522485,0.555051519487777,0.996120627683733,1,0.952581216646381,0.0362905166463814,0.0362905166463814,0.0362905166463814,0.00131700159846128,0.648482084010529,1.245605664355,1,1.49546121041232,-0.00453878958768406,0.00453878958768406,0.00453878958768406,2.06006109212692e-05,1.42347735468448,1.61962661492301,1,1.80022080637138,0.000220806371377558,0.000220806371377558,0.000220806371377558,4.87554536409239e-08,1.72479464371622,1.89056393506067,1
49,"n1000-b1_2-b2_2p5-b3_2p5",1000,5,485,1,1,0.6931472,0.9162907,0.9162907,1.5,1.8,1,1.3,0.08,332,168,323,177,FALSE,NA,TRUE,NA,0.786814076079521,0.0936668760795212,0.0936668760795212,0.0936668760795212,0.00877348367449638,0.547211893898734,1.02842935372474,1,0.992006626728549,0.0757159267285494,0.0757159267285494,0.0757159267285494,0.00573290156036307,0.781145026380728,1.20776489344198,1,0.788632437853697,-0.127658262146303,0.127658262146303,0.127658262146303,0.0162966318942142,0.494075048351426,1.08139357534516,1,1.46168956555246,-0.0383104344475409,0.0383104344475409,0.0383104344475409,0.00146768938755933,1.38291098615436,1.52559932662578,1,1.77356650023552,-0.0264334997644824,0.0264334997644824,0.0264334997644824,0.000698729909798891,1.60655314273847,1.89528737136542,1
49,"n1000-b1_2-b2_2p5-b3_2p5",1000,6,486,1,1,0.6931472,0.9162907,0.9162907,1.5,1.8,1,1.3,0.072,312,176,333,179,FALSE,NA,TRUE,NA,0.780460618839854,0.0873134188398543,0.0873134188398543,0.0873134188398543,0.00762363310950383,0.546567894349614,1.01494466221411,1,1.02867108787712,0.112380387877119,0.112380387877119,0.112380387877119,0.0126293515794118,0.820467886410883,1.24035598185819,1,0.774432993122814,-0.141857706877186,0.141857706877186,0.141857706877186,0.0201236090004536,0.48611551791276,1.06718663786716,1,1.49281907013558,-0.00718092986441987,0.00718092986441987,0.00718092986441987,5.15657537177172e-05,1.44038231184514,1.56183577127778,1,1.79216628233532,-0.00783371766468255,0.00783371766468255,0.00783371766468255,6.13671324499594e-05,1.75101081762114,1.85270313473853,1
49,"n1000-b1_2-b2_2p5-b3_2p5",1000,7,487,1,1,0.6931472,0.9162907,0.9162907,1.5,1.8,1,1.3,0.097,321,165,347,167,FALSE,NA,TRUE,NA,0.700600514337442,0.0074533143374419,0.0074533143374419,0.0074533143374419,5.55518946127169e-05,0.458029660448424,0.94699203508212,1,0.912439024754727,-0.00385167524527297,0.00385167524527297,0.00385167524527297,1.48354021950486e-05,0.692722160481759,1.13146703215193,1,0.943989235859317,0.0276985358593167,0.0276985358593167,0.0276985358593167,0.000767208888749853,0.639913666382739,1.24283884755781,1,1.5079900524856,0.00799005248559981,0.00799005248559981,0.00799005248559981,6.38409387226397e-05,1.47360340276602,1.56547154076746,1,1.78944706868418,-0.0105529313158159,0.0105529313158159,0.0105529313158159,0.000111364359356328,1.75205009654286,1.84534897842572,1
49,"n1000-b1_2-b2_2p5-b3_2p5",1000,8,488,1,1,0.6931472,0.9162907,0.9162907,1.5,1.8,1,1.3,0.071,345,165,324,166,FALSE,NA,TRUE,NA,0.728748406080897,0.0356012060808968,0.0356012060808968,0.0356012060808968,0.00126744587441448,0.487650694787574,0.975814265507043,1,1.01981696463724,0.103526264637238,0.103526264637238,0.103526264637238,0.0107176874697394,0.801865164270258,1.24191196680317,1,0.884129052287547,-0.0321616477124528,0.0321616477124528,0.0321616477124528,0.00103437158357992,0.587799878284729,1.18270853912302,1,1.45706548053917,-0.042934519460825,0.042934519460825,0.042934519460825,0.00184337296133196,1.38784035183896,1.58005023396373,1,1.78007194429645,-0.0199280557035464,0.0199280557035464,0.0199280557035464,0.000397127404123648,1.71895974199693,1.87120698851356,1
49,"n1000-b1_2-b2_2p5-b3_2p5",1000,9,489,1,1,0.6931472,0.9162907,0.9162907,1.5,1.8,1,1.3,0.0679999999999999,336,152,349,163,FALSE,NA,TRUE,NA,0.629058031202021,-0.0640891687979793,0.0640891687979793,0.0640891687979793,0.00410742155721589,0.381339152521986,0.881578216116858,1,0.9477796325907,0.0314889325907004,0.0314889325907004,0.0314889325907004,0.000991552875701674,0.737857787906034,1.16861221289142,1,0.994769312494553,0.0784786124945532,0.0784786124945532,0.0784786124945532,0.00615889261907025,0.695618506806335,1.29702511893223,1,1.46132907084585,-0.03867092915415,0.03867092915415,0.03867092915415,0.00149544076164529,1.39063538087885,1.5125959285386,1,1.76714759390961,-0.0328524060903856,0.0328524060903856,0.0328524060903856,0.00107928058592761,1.69169468607088,1.89010886291913,1
49,"n1000-b1_2-b2_2p5-b3_2p5",1000,10,490,1,1,0.6931472,0.9162907,0.9162907,1.5,1.8,1,1.3,0.0659999999999999,348,159,333,160,FALSE,NA,TRUE,NA,0.760541935223499,0.0673947352234987,0.0673947352234987,0.0673947352234987,0.0045420503358455,0.516051004256079,1.00983135476164,1,0.957961481110074,0.0416707811100742,0.0416707811100742,0.0416707811100742,0.00173645399832371,0.739704115379155,1.18304088589312,1,1.0199578926854,0.103667192685401,0.103667192685401,0.103667192685401,0.010746886839272,0.716681754440843,1.31771090594089,1,1.51012677097961,0.0101267709796051,0.0101267709796051,0.0101267709796051,0.000102551490473373,1.44239115961525,1.56561138516874,1,1.82333013663321,0.0233301366332059,0.0233301366332059,0.0233301366332059,0.000544295275324057,1.77280382202818,1.89840746354975,1
50,"n1000-b1_2-b2_2p5-b3_2p5",1000,1,491,1,1,0.6931472,0.9162907,0.9162907,1.5,1.8,1,1.3,0.078,337,185,321,157,FALSE,NA,TRUE,NA,0.781590455772255,0.0884432557722552,0.0884432557722552,0.0884432557722552,0.00782220949159655,0.540501608750242,1.02783700037895,1,1.04654572313498,0.130255023134981,0.130255023134981,0.130255023134981,0.0169663710518945,0.823537030489593,1.27902129904461,1,0.827175992430145,-0.0891147075698551,0.0891147075698551,0.0891147075698551,0.00794143110526078,0.528721301800785,1.12460310079104,1,1.52979663419699,0.0297966341969931,0.0297966341969931,0.0297966341969931,0.000887839409469417,1.49745859108614,1.60378936070707,1,1.82859722008186,0.0285972200818609,0.0285972200818609,0.0285972200818609,0.000817800996410391,1.7843403705841,1.89283057834492,1
50,"n1000-b1_2-b2_2p5-b3_2p5",1000,2,492,1,1,0.6931472,0.9162907,0.9162907,1.5,1.8,1,1.3,0.0639999999999999,312,185,331,172,FALSE,NA,TRUE,NA,0.564476005779853,-0.128671194220147,0.128671194220147,0.128671194220147,0.0165562762220388,0.339706715343113,0.794955483161247,1,0.720471684299549,-0.195819015700451,0.195819015700451,0.195819015700451,0.0383450869098934,0.516987154260573,0.924578567024122,1,1.22062745416928,0.304336754169279,0.304336754169279,0.304336754169279,0.0926208599382924,0.931582554104517,1.50722052837737,0,1.50884940089571,0.00884940089570807,0.00884940089570807,0.00884940089570807,7.83118962129588e-05,1.46971219560252,1.57110606977933,1,1.81426031131619,0.0142603113161859,0.0142603113161859,0.0142603113161859,0.000203356478834539,1.74837957779577,1.88845788297752,1
50,"n1000-b1_2-b2_2p5-b3_2p5",1000,3,493,1,1,0.6931472,0.9162907,0.9162907,1.5,1.8,1,1.3,0.077,346,167,317,170,FALSE,NA,TRUE,NA,0.701499622849241,0.00835242284924065,0.00835242284924065,0.00835242284924065,6.97629674525173e-05,0.458122753087858,0.943240997599234,1,0.931917533898658,0.0156268338986582,0.0156268338986582,0.0156268338986582,0.000244197937696252,0.714483893344673,1.14890446690919,1,0.897043698515398,-0.0192470014846021,0.0192470014846021,0.0192470014846021,0.000370447066148276,0.603998606631211,1.19189500306809,1,1.492361797331,-0.00763820266900206,0.00763820266900206,0.00763820266900206,5.83421400127502e-05,1.47412894536385,1.51517497518523,1,1.79838372075802,-0.00161627924198005,0.00161627924198005,0.00161627924198005,2.61235858805559e-06,1.77069890743239,1.85734281430976,1
50,"n1000-b1_2-b2_2p5-b3_2p5",1000,4,494,1,1,0.6931472,0.9162907,0.9162907,1.5,1.8,1,1.3,0.072,316,172,331,181,FALSE,NA,TRUE,NA,0.744053760679429,0.0509065606794293,0.0509065606794293,0.0509065606794293,0.00259147792020842,0.511600349115708,0.97670245676175,1,0.940507042422488,0.0242163424224884,0.0242163424224884,0.0242163424224884,0.00058643124032321,0.734121547406672,1.15218158006812,1,1.01131849761443,0.0950277976144291,0.0950277976144291,0.0950277976144291,0.00903028231944891,0.719065004465868,1.30394251176933,1,1.51852500632444,0.018525006324444,0.018525006324444,0.018525006324444,0.00034317585932069,1.48942795491562,1.59818086992093,1,1.8258460437457,0.0258460437456991,0.0258460437456991,0.0258460437456991,0.000668017977304592,1.73681464529366,1.93425967440258,1
50,"n1000-b1_2-b2_2p5-b3_2p5",1000,5,495,1,1,0.6931472,0.9162907,0.9162907,1.5,1.8,1,1.3,0.083,331,177,329,163,FALSE,NA,TRUE,NA,0.627105625670874,-0.0660415743291262,0.0660415743291262,0.0660415743291262,0.0043614895398695,0.389330327899848,0.867247078830154,1,0.873537638009906,-0.042753061990094,0.042753061990094,0.042753061990094,0.00182782430952882,0.658331944108643,1.09330844618574,1,1.01794259649404,0.101651896494045,0.101651896494045,0.101651896494045,0.010333108060836,0.721439588609507,1.31031187026242,1,1.49371785445537,-0.00628214554463136,0.00628214554463136,0.00628214554463136,3.94653526439316e-05,1.40863987598054,1.56066775357676,1,1.73325086889646,-0.0667491311035386,0.0667491311035386,0.0667491311035386,0.00445544650307739,1.6860671251392,1.81346011983254,1
50,"n1000-b1_2-b2_2p5-b3_2p5",1000,6,496,1,1,0.6931472,0.9162907,0.9162907,1.5,1.8,1,1.3,0.07,338,171,323,168,FALSE,NA,TRUE,NA,0.739449733891488,0.0463025338914878,0.0463025338914878,0.0463025338914878,0.00214392464477237,0.505936728164476,0.975591396099373,1,0.926802731189104,0.010512031189104,0.010512031189104,0.010512031189104,0.000110502799720696,0.713842377065389,1.14216318709179,1,0.92582387550556,0.00953317550556021,0.00953317550556021,0.00953317550556021,9.08814352198132e-05,0.631850401360479,1.21541134105103,1,1.4713084042177,-0.0286915957822953,0.0286915957822953,0.0286915957822953,0.000823207668534625,1.42926270663957,1.57283944216175,1,1.81387122225774,0.0138712222577428,0.0138712222577428,0.0138712222577428,0.0001924108069237,1.71856020924284,2.00351130344446,1
50,"n1000-b1_2-b2_2p5-b3_2p5",1000,7,497,1,1,0.6931472,0.9162907,0.9162907,1.5,1.8,1,1.3,0.087,329,183,328,160,FALSE,NA,TRUE,NA,0.483040486406066,-0.210106713593934,0.210106713593934,0.210106713593934,0.0441448310972433,0.24508325968907,0.719333827456985,1,0.817652115977331,-0.0986385840226693,0.0986385840226693,0.0986385840226693,0.0097295702579972,0.603066836432442,1.03642012062329,1,1.17487355112147,0.258582851121472,0.258582851121472,0.258582851121472,0.0668650908941095,0.882395160723855,1.47585882794982,1,1.53698749468354,0.0369874946835391,0.0369874946835391,0.0369874946835391,0.00136807476296483,1.46974980535063,1.64611969292783,1,1.84973615304648,0.0497361530464802,0.0497361530464802,0.0497361530464802,0.0024736849198629,1.73965909501452,1.97142716931867,1
50,"n1000-b1_2-b2_2p5-b3_2p5",1000,8,498,1,1,0.6931472,0.9162907,0.9162907,1.5,1.8,1,1.3,0.086,337,187,333,143,FALSE,NA,TRUE,NA,0.6124388600294,-0.0807083399706005,0.0807083399706005,0.0807083399706005,0.00651383614081002,0.359120362755193,0.867470569171237,1,1.06698890359945,0.150698203599447,0.150698203599447,0.150698203599447,0.0227099485681004,0.831887392237021,1.31051286447849,1,1.13067243963321,0.214381739633214,0.214381739633214,0.214381739633214,0.0459595302881632,0.820537559516607,1.44173004500261,1,1.49514345360025,-0.00485654639974831,0.00485654639974831,0.00485654639974831,2.35860429329082e-05,1.4721992792912,1.53839428698468,1,1.79966210289562,-0.000337897104383256,0.000337897104383256,0.000337897104383256,1.14174453150589e-07,1.76859378439517,1.87817826092351,1
50,"n1000-b1_2-b2_2p5-b3_2p5",1000,9,499,1,1,0.6931472,0.9162907,0.9162907,1.5,1.8,1,1.3,0.078,340,155,337,168,FALSE,NA,TRUE,NA,0.799167599207314,0.106020399207314,0.106020399207314,0.106020399207314,0.0112403250480782,0.544534706719272,1.05569623776117,1,1.00117537867621,0.0848846786762092,0.0848846786762092,0.0848846786762092,0.00720540867396328,0.785998860803181,1.22287631488369,1,0.673437458706747,-0.242853241293253,0.242853241293253,0.242853241293253,0.0589776968066388,0.361906470045497,0.979003025303921,1,1.31285021762501,-0.187149782374987,0.187149782374987,0.187149782374987,0.0350250410430049,1.11207785833432,1.53365024627089,1,1.72311708831201,-0.0768829116879908,0.0768829116879908,0.0768829116879908,0.00591098210962339,1.53627893407439,1.95042586646717,1
50,"n1000-b1_2-b2_2p5-b3_2p5",1000,10,500,1,1,0.6931472,0.9162907,0.9162907,1.5,1.8,1,1.3,0.0669999999999999,330,170,350,150,FALSE,NA,TRUE,NA,0.780850483353826,0.0877032833538259,0.0877032833538259,0.0877032833538259,0.00769186591104148,0.535331213531735,1.03399974738045,1,1.10160061686076,0.185309916860762,0.185309916860762,0.185309916860762,0.0343397652869427,0.876780941779815,1.3330211399815,1,0.809549713962949,-0.106740986037051,0.106740986037051,0.106740986037051,0.011393638100162,0.507559698909317,1.10703896320424,1,1.40683020925727,-0.0931697907427307,0.0931697907427307,0.0931697907427307,0.00868060990704423,1.36881560614371,1.49691084406122,0,1.75698057671357,-0.0430194232864298,0.0430194232864298,0.0430194232864298,0.00185067077989702,1.70944503367013,1.83369603277763,1
