"replicate_index","scenario_label","data_n","data_set_index","global_data_set_index","data_set_attempt","start_index","true_beta_1","true_beta_2","true_beta_3","true_gamma_1","true_gamma_2","gamma_start_1","gamma_start_2","censoring_proportion","treated_above","treated_below","control_above","control_below","skipped","skip_reason","converged","error","beta_1_value","beta_1_bias","beta_1_absolute_bias","beta_1_rmse","beta_1_squared_bias","beta_1_interval_lower","beta_1_interval_upper","beta_1_covered","beta_2_value","beta_2_bias","beta_2_absolute_bias","beta_2_rmse","beta_2_squared_bias","beta_2_interval_lower","beta_2_interval_upper","beta_2_covered","beta_3_value","beta_3_bias","beta_3_absolute_bias","beta_3_rmse","beta_3_squared_bias","beta_3_interval_lower","beta_3_interval_upper","beta_3_covered","gamma_1_value","gamma_1_bias","gamma_1_absolute_bias","gamma_1_rmse","gamma_1_squared_bias","gamma_1_interval_lower","gamma_1_interval_upper","gamma_1_covered","gamma_2_value","gamma_2_bias","gamma_2_absolute_bias","gamma_2_rmse","gamma_2_squared_bias","gamma_2_interval_lower","gamma_2_interval_upper","gamma_2_covered"
1,"n600-b1_2-b2_2p8-b3_2p8",600,1,1,1,1,0.6931472,1.029619,1.029619,1.5,1.8,1,1.3,0.0883333333333334,176,99,215,110,FALSE,NA,TRUE,NA,0.689721881071234,-0.00342531892876563,0.00342531892876563,0.00342531892876563,1.17328097637601e-05,0.378918899250147,1.00167192025596,1,1.17803465623197,0.148415656231968,0.148415656231968,0.148415656231968,0.0220272070147657,0.905119681881476,1.4607594724128,1,1.25179609925641,0.222177099256413,0.222177099256413,0.222177099256413,0.0493626634339939,0.859638657921568,1.64215335140048,1,1.47930365202565,-0.0206963479743492,0.0206963479743492,0.0206963479743492,0.000428338819475347,1.4136157427406,1.56343985311148,1,1.8085290434956,0.0085290434956018,0.0085290434956018,0.0085290434956018,7.27445829498673e-05,1.78172901050344,1.900163042437,1
1,"n600-b1_2-b2_2p8-b3_2p8",600,2,2,1,1,0.6931472,1.029619,1.029619,1.5,1.8,1,1.3,0.08,193,114,206,87,FALSE,NA,TRUE,NA,0.942000820237893,0.248853620237893,0.248853620237893,0.248853620237893,0.0619281243055053,0.60593085034082,1.28544039920847,1,1.37665627371161,0.347037273711605,0.347037273711605,0.347037273711605,0.120434869345184,1.05975042269259,1.70501211662118,0,0.495298322166936,-0.534320677833064,0.534320677833064,0.534320677833064,0.285498586759985,0.0886845664495534,0.894103614080952,0,1.51109158764904,0.0110915876490443,0.0110915876490443,0.0110915876490443,0.000123023316576432,1.44424894092265,1.58938190762233,1,1.72086148728424,-0.0791385127157596,0.0791385127157596,0.0791385127157596,0.00626290419486244,1.6774437089485,1.82346631842779,1
1,"n600-b1_2-b2_2p8-b3_2p8",600,3,3,1,1,0.6931472,1.029619,1.029619,1.5,1.8,1,1.3,0.08,197,84,207,112,FALSE,NA,TRUE,NA,0.83596660673191,0.14281940673191,0.14281940673191,0.14281940673191,0.0203973829392548,0.511501826439026,1.16340468984331,1,1.22221845389678,0.192599453896784,0.192599453896784,0.192599453896784,0.0370945496413395,0.943837167227922,1.50691979779557,1,0.811887810071554,-0.217731189928447,0.217731189928447,0.217731189928447,0.0474068710676573,0.415209933689668,1.19523143474,1,1.53157271078494,0.0315727107849397,0.0315727107849397,0.0315727107849397,0.000996836066309449,1.47595814107629,1.66282812067614,1,1.8270545619409,0.0270545619409046,0.0270545619409046,0.0270545619409046,0.000731949321814244,1.70675882100921,1.98413666688662,1
1,"n600-b1_2-b2_2p8-b3_2p8",600,4,4,1,1,0.6931472,1.029619,1.029619,1.5,1.8,1,1.3,0.0933333333333334,192,92,211,105,FALSE,NA,TRUE,NA,0.989206939456617,0.296059739456617,0.296059739456617,0.296059739456617,0.0876513693271199,0.660687049342676,1.31902900931686,1,1.19107432012267,0.161455320122674,0.161455320122674,0.161455320122674,0.0260678203959152,0.902878275149437,1.48696398703104,1,0.712885096351255,-0.316733903648746,0.316733903648746,0.316733903648746,0.100320365720573,0.319272210757548,1.10650252986902,1,1.5007239082306,0.000723908230602088,0.000723908230602088,0.000723908230602088,5.24043126333446e-07,1.42686375051137,1.67730927792641,1,1.81316955687672,0.0131695568767227,0.0131695568767227,0.0131695568767227,0.000173437228329235,1.69801481113873,1.99820116333511,1
1,"n600-b1_2-b2_2p8-b3_2p8",600,5,5,1,1,0.6931472,1.029619,1.029619,1.5,1.8,1,1.3,0.055,188,123,207,82,FALSE,NA,TRUE,NA,0.62274409506126,-0.0704031049387396,0.0704031049387396,0.0704031049387396,0.00495659718501518,0.323199789761942,0.934074674634761,1,1.03785266234987,0.00823366234987399,0.00823366234987399,0.00823366234987399,6.77931956917325e-05,0.744201226813738,1.34382040778411,1,1.31855881341303,0.288939813413028,0.288939813413028,0.288939813413028,0.0834862157751552,0.927941829209562,1.70487656927997,1,1.51341653958432,0.013416539584324,0.013416539584324,0.013416539584324,0.000180003534417732,1.49118200171597,1.57485889996689,1,1.79158237084595,-0.00841762915404609,0.00841762915404609,0.00841762915404609,7.08564805750467e-05,1.73880975350598,1.86388117890235,1
1,"n600-b1_2-b2_2p8-b3_2p8",600,6,6,1,1,0.6931472,1.029619,1.029619,1.5,1.8,1,1.3,0.0616666666666666,209,95,197,99,FALSE,NA,TRUE,NA,1.00831112873323,0.31516392873323,0.31516392873323,0.31516392873323,0.0993283019745642,0.688193111025039,1.33517975366295,1,0.984458725714142,-0.0451602742858577,0.0451602742858577,0.0451602742858577,0.0020394503735739,0.702165303116855,1.27609533251573,1,1.07139531341786,0.0417763134178644,0.0417763134178644,0.0417763134178644,0.00174526036278763,0.673936021026268,1.46869264597739,1,1.48460093916928,-0.0153990608307202,0.0153990608307202,0.0153990608307202,0.00023713107446822,1.43314861806245,1.58064402825075,1,1.74292132903793,-0.0570786709620723,0.0570786709620723,0.0570786709620723,0.00325797467879652,1.68272416578531,1.83290417230364,1
1,"n600-b1_2-b2_2p8-b3_2p8",600,7,7,1,1,0.6931472,1.029619,1.029619,1.5,1.8,1,1.3,0.0516666666666666,211,92,185,112,FALSE,NA,TRUE,NA,0.65816106152039,-0.0349861384796095,0.0349861384796095,0.0349861384796095,0.00122402988571441,0.356629258742646,0.962632529179243,1,1.00068752406391,-0.0289314759360919,0.0289314759360919,0.0289314759360919,0.000837030299840665,0.735339674547157,1.26836553928129,1,0.820473607383808,-0.209145392616192,0.209145392616192,0.209145392616192,0.043741795252581,0.452134331827709,1.18924813974153,1,1.47468391170774,-0.0253160882922565,0.0253160882922565,0.0253160882922565,0.000640904326421327,1.33903428961516,1.62950576611157,1,1.86905742024482,0.0690574202448164,0.0690574202448164,0.0690574202448164,0.00476892729086918,1.77578197181119,2.00532831246675,1
1,"n600-b1_2-b2_2p8-b3_2p8",600,8,8,1,1,0.6931472,1.029619,1.029619,1.5,1.8,1,1.3,0.0733333333333334,209,92,203,96,FALSE,NA,TRUE,NA,0.801392861059539,0.108245661059539,0.108245661059539,0.108245661059539,0.0117171231382167,0.467438474745348,1.13246400777509,1,1.05447256000089,0.0248535600008883,0.0248535600008883,0.0248535600008883,0.000617699444717757,0.761871817224094,1.35340090536207,1,1.05008263990167,0.0204636399016704,0.0204636399016704,0.0204636399016704,0.000418760558025238,0.648780957366016,1.45722603833379,1,1.48967657320984,-0.010323426790164,0.010323426790164,0.010323426790164,0.000106573140691875,1.43416460250658,1.6146418896627,1,1.79704276436097,-0.0029572356390315,0.0029572356390315,0.0029572356390315,8.74524262475803e-06,1.74491107365989,1.97497491298343,1
1,"n600-b1_2-b2_2p8-b3_2p8",600,9,9,1,1,0.6931472,1.029619,1.029619,1.5,1.8,1,1.3,0.0649999999999999,188,96,208,108,FALSE,NA,TRUE,NA,0.824902934116132,0.131755734116132,0.131755734116132,0.131755734116132,0.0173595734724808,0.51455083022984,1.13862266664648,1,1.13073788734595,0.101118887345952,0.101118887345952,0.101118887345952,0.0102250293780833,0.858762328386963,1.40767949160451,1,0.75347814423226,-0.276140855767741,0.276140855767741,0.276140855767741,0.0762537722241401,0.37489002452831,1.12290761738536,1,1.57217391708281,0.0721739170828084,0.0721739170828084,0.0721739170828084,0.0052090743070761,1.48129853621648,1.81951062028543,1,1.87318570310377,0.0731857031037708,0.0731857031037708,0.0731857031037708,0.00535614713879329,1.75936153115265,2.12469695202121,1
1,"n600-b1_2-b2_2p8-b3_2p8",600,10,10,1,1,0.6931472,1.029619,1.029619,1.5,1.8,1,1.3,0.0766666666666667,195,97,198,110,FALSE,NA,TRUE,NA,0.792648671629829,0.0995014716298293,0.0995014716298293,0.0995014716298293,0.00990054285650172,0.481278386218515,1.10030836479972,1,1.06434617138034,0.0347271713803416,0.0347271713803416,0.0347271713803416,0.00120597643207962,0.789637116102446,1.34221618398784,1,0.858539919987853,-0.171079080012147,0.171079080012147,0.171079080012147,0.0292680516178026,0.478579175439886,1.23732646415672,1,1.53667494884707,0.0366749488470695,0.0366749488470695,0.0366749488470695,0.00134505187293516,1.45647550231976,1.64446261486608,1,1.85732448048855,0.0573244804885478,0.0573244804885478,0.0573244804885478,0.00328609606328189,1.62728667102403,2.00071492495927,1
2,"n600-b1_2-b2_2p8-b3_2p8",600,1,11,1,1,0.6931472,1.029619,1.029619,1.5,1.8,1,1.3,0.0583333333333333,196,118,191,95,FALSE,NA,TRUE,NA,0.776211327534553,0.0830641275345527,0.0830641275345527,0.0830641275345527,0.00689964928307644,0.477782249221233,1.07624511062709,1,0.958809761493068,-0.0708092385069318,0.0708092385069318,0.0708092385069318,0.00501394825793155,0.682791399709809,1.24393812672168,1,0.990155204164778,-0.0394637958352221,0.0394637958352221,0.0394637958352221,0.00155739118172409,0.618242255762087,1.35836164824591,1,1.68881585740246,0.188815857402455,0.188815857402455,0.188815857402455,0.0356514280066243,1.63247464695945,1.86701711762118,0,1.87301021485876,0.0730102148587619,0.0730102148587619,0.0730102148587619,0.00533049147372258,1.78301845707727,2.14566114971408,1
2,"n600-b1_2-b2_2p8-b3_2p8",600,2,12,1,1,0.6931472,1.029619,1.029619,1.5,1.8,1,1.3,0.0649999999999999,207,94,209,90,FALSE,NA,TRUE,NA,0.609336952587149,-0.0838102474128505,0.0838102474128505,0.0838102474128505,0.00702415757140321,0.289501810189537,0.929770207542749,1,0.928391851761925,-0.101227148238075,0.101227148238075,0.101227148238075,0.0102469355404133,0.652147851989316,1.21194602355925,1,1.37184502146587,0.342226021465865,0.342226021465865,0.342226021465865,0.117118649768355,0.981304440395759,1.77079083490531,1,1.52950892168997,0.0295089216899715,0.0295089216899715,0.0295089216899715,0.000870776459304873,1.47476379114898,1.67980562127824,1,1.88284450061253,0.0828445006125307,0.0828445006125307,0.0828445006125307,0.0068632112817396,1.78946910720301,2.04437035791518,1
2,"n600-b1_2-b2_2p8-b3_2p8",600,3,13,1,1,0.6931472,1.029619,1.029619,1.5,1.8,1,1.3,0.0716666666666667,197,105,199,99,FALSE,NA,TRUE,NA,0.780818185033706,0.0876709850337059,0.0876709850337059,0.0876709850337059,0.00768620161678028,0.465253847834005,1.10413043599403,1,1.33143059523433,0.301811595234325,0.301811595234325,0.301811595234325,0.091090239017888,1.04494130640488,1.63236802957632,0,0.746356576545767,-0.283262423454233,0.283262423454233,0.283262423454233,0.0802376005411651,0.358052048592527,1.13418803894268,1,1.40570704710192,-0.0942929528980843,0.0942929528980843,0.0942929528980843,0.00889116096624034,1.38044954888701,1.44503861612562,0,1.74747332695403,-0.0525266730459719,0.0525266730459719,0.0525266730459719,0.00275905138127843,1.6702382021859,1.84288051370775,1
2,"n600-b1_2-b2_2p8-b3_2p8",600,4,14,1,1,0.6931472,1.029619,1.029619,1.5,1.8,1,1.3,0.0716666666666667,196,82,222,100,FALSE,NA,TRUE,NA,0.550839025426541,-0.142308174573459,0.142308174573459,0.142308174573459,0.02025161655043,0.22422272006245,0.881266465516999,1,0.915807460117776,-0.113811539882224,0.113811539882224,0.113811539882224,0.012953066610363,0.641381908647152,1.19838645515773,1,1.08741522620252,0.0577962262025187,0.0577962262025187,0.0577962262025187,0.00334040376325271,0.690272131732976,1.48227983291227,1,1.50478220869713,0.00478220869713386,0.00478220869713386,0.00478220869713386,2.28695200229427e-05,1.43517355679697,1.65986869898861,1,1.79153143680377,-0.00846856319622868,0.00846856319622868,0.00846856319622868,7.1716562608519e-05,1.70681119091119,2.03149518186432,1
2,"n600-b1_2-b2_2p8-b3_2p8",600,5,15,1,1,0.6931472,1.029619,1.029619,1.5,1.8,1,1.3,0.0683333333333334,183,91,207,119,FALSE,NA,TRUE,NA,0.475577740154362,-0.217569459845638,0.217569459845638,0.217569459845638,0.0473364698575226,0.17775546030102,0.773027014523646,1,1.07713944993863,0.0475204499386257,0.0475204499386257,0.0475204499386257,0.00225819316236943,0.825027596505825,1.3416689506541,1,1.39757292499698,0.36795392499698,0.36795392499698,0.36795392499698,0.135390090920683,1.01109200683264,1.79047536966838,1,1.5001678376165,0.000167837616503519,0.000167837616503519,0.000167837616503519,2.81694655135823e-08,1.46009763880483,1.55423334012548,1,1.8051536595555,0.00515365955550151,0.00515365955550151,0.00515365955550151,2.6560206814012e-05,1.71514720333497,1.87647710957628,1
2,"n600-b1_2-b2_2p8-b3_2p8",600,6,16,1,1,0.6931472,1.029619,1.029619,1.5,1.8,1,1.3,0.085,198,82,211,109,FALSE,NA,TRUE,NA,0.683422253177842,-0.00972494682215763,0.00972494682215763,0.00972494682215763,9.45745906937938e-05,0.360873996975594,1.00099345198978,1,1.04092701579815,0.0113080157981456,0.0113080157981456,0.0113080157981456,0.000127871221291109,0.771718261618573,1.31730186392734,1,1.26059046348598,0.230971463485984,0.230971463485984,0.230971463485984,0.0533478169448571,0.860386709085659,1.65866050408013,1,1.50127499241003,0.00127499241003481,0.00127499241003481,0.00127499241003481,1.62560564564638e-06,1.45827910603725,1.56558740720026,1,1.83816072858249,0.038160728582487,0.038160728582487,0.038160728582487,0.00145624120594624,1.77822906632984,1.92385243116071,1
2,"n600-b1_2-b2_2p8-b3_2p8",600,7,17,1,1,0.6931472,1.029619,1.029619,1.5,1.8,1,1.3,0.0649999999999999,191,101,218,90,FALSE,NA,TRUE,NA,0.621371760293127,-0.0717754397068728,0.0717754397068728,0.0717754397068728,0.00515171374511494,0.301548788719118,0.943513660857597,1,1.14131493829295,0.111695938292948,0.111695938292948,0.111695938292948,0.0124759826311421,0.851250907031248,1.44234311300097,1,0.903404321409252,-0.126214678590749,0.126214678590749,0.126214678590749,0.015930145091766,0.516197887478562,1.2890834043684,1,1.51762814629416,0.0176281462941643,0.0176281462941643,0.0176281462941643,0.000310751541768459,1.44570906715278,1.72073849911564,1,1.7829067615506,-0.0170932384494038,0.0170932384494038,0.0170932384494038,0.000292178800688176,1.69417456907772,1.97845096373923,1
2,"n600-b1_2-b2_2p8-b3_2p8",600,8,18,1,1,0.6931472,1.029619,1.029619,1.5,1.8,1,1.3,0.075,212,102,175,111,FALSE,NA,TRUE,NA,0.955055575634519,0.261908375634519,0.261908375634519,0.261908375634519,0.0685959972275121,0.646241005971908,1.27102144015017,1,1.16086152644274,0.131242526442743,0.131242526442743,0.131242526442743,0.0172246007470742,0.880315970233956,1.44498073870288,1,0.76039875233781,-0.26922024766219,0.26922024766219,0.26922024766219,0.0724795417512909,0.36926081568889,1.14732424221252,1,1.55570212119117,0.0557021211911735,0.0557021211911735,0.0557021211911735,0.00310272630519618,1.40237578287368,1.68934622185198,1,1.84326002672319,0.0432600267231853,0.0432600267231853,0.0432600267231853,0.00187142991209071,1.58676319996022,1.98360806353413,1
2,"n600-b1_2-b2_2p8-b3_2p8",600,9,19,1,1,0.6931472,1.029619,1.029619,1.5,1.8,1,1.3,0.0766666666666667,211,106,187,96,FALSE,NA,TRUE,NA,0.625755904257406,-0.0673912957425938,0.0673912957425938,0.0673912957425938,0.00454158674186575,0.307499893385467,0.952268525206291,1,1.15146703807768,0.121848038077683,0.121848038077683,0.121848038077683,0.0148469443833804,0.861573353396419,1.44902201321843,1,0.973490924384263,-0.0561280756157367,0.0561280756157367,0.0561280756157367,0.00315036087232586,0.574324962166436,1.36475204197095,1,1.452528321781,-0.0474716782189963,0.0474716782189963,0.0474716782189963,0.00225356023292793,1.12853144818178,1.58753238151663,1,1.79715423027672,-0.00284576972327644,0.00284576972327644,0.00284576972327644,8.09840531791685e-06,1.6635773675352,1.90321239231057,1
2,"n600-b1_2-b2_2p8-b3_2p8",600,10,20,1,1,0.6931472,1.029619,1.029619,1.5,1.8,1,1.3,0.0583333333333333,202,99,197,102,FALSE,NA,TRUE,NA,0.697503276856359,0.00435607685635919,0.00435607685635919,0.00435607685635919,1.89754055785082e-05,0.390277085385688,1.00719510329714,1,0.906683169430513,-0.122935830569487,0.122935830569487,0.122935830569487,0.0151132184378096,0.629377131197941,1.18872907146509,1,1.1707563037664,0.141137303766396,0.141137303766396,0.141137303766396,0.0199197385144478,0.775592480920006,1.56007914129234,1,1.49490006167039,-0.00509993832961242,0.00509993832961242,0.00509993832961242,2.60093709658499e-05,1.43498858205437,1.58926676587145,1,1.74273531112432,-0.0572646888756805,0.0572646888756805,0.0572646888756805,0.00327924459202848,1.5275026169244,1.87058066864019,1
3,"n600-b1_2-b2_2p8-b3_2p8",600,1,21,1,1,0.6931472,1.029619,1.029619,1.5,1.8,1,1.3,0.0616666666666666,202,93,202,103,FALSE,NA,TRUE,NA,0.853199301602703,0.160052101602703,0.160052101602703,0.160052101602703,0.0256166752274419,0.531379647578802,1.18820830921367,1,1.28663166684505,0.257012666845048,0.257012666845048,0.257012666845048,0.0660555109188038,1.00464526675622,1.57543407674281,1,0.671590359081694,-0.358028640918306,0.358028640918306,0.358028640918306,0.128184507717809,0.27781626427293,1.06030470150637,1,1.44278606499282,-0.057213935007179,0.057213935007179,0.057213935007179,0.0032734343590057,1.37526918052786,1.55329193611233,1,1.59808431321551,-0.201915686784493,0.201915686784493,0.201915686784493,0.0407699445696534,1.47022981703813,1.79553533645135,0
3,"n600-b1_2-b2_2p8-b3_2p8",600,2,22,1,1,0.6931472,1.029619,1.029619,1.5,1.8,1,1.3,0.0666666666666667,191,107,213,89,FALSE,NA,TRUE,NA,0.595061511304109,-0.0980856886958914,0.0980856886958914,0.0980856886958914,0.00962080232694732,0.284372507458959,0.909187920763221,1,1.1118637467534,0.082244746753398,0.082244746753398,0.082244746753398,0.00676419836853057,0.820943747400129,1.4075624824999,1,1.05010234235518,0.0204833423551825,0.0204833423551825,0.0204833423551825,0.000419567314039612,0.661472507392444,1.43781347146666,1,1.55659573433981,0.0565957343398134,0.0565957343398134,0.0565957343398134,0.00320307714546273,1.37712302423684,1.66216516585126,1,1.73977171043493,-0.0602282895650741,0.0602282895650741,0.0602282895650741,0.00362744686393441,1.63569849416218,1.85302683428194,1
3,"n600-b1_2-b2_2p8-b3_2p8",600,3,23,1,1,0.6931472,1.029619,1.029619,1.5,1.8,1,1.3,0.0666666666666667,186,111,196,107,FALSE,NA,TRUE,NA,0.827683685362084,0.134536485362085,0.134536485362085,0.134536485362085,0.0181000658935824,0.528386357766337,1.13029366655173,1,1.05208603680422,0.0224670368042237,0.0224670368042237,0.0224670368042237,0.000504767742762342,0.781255477577527,1.32998562867382,1,0.928710311585637,-0.100908688414363,0.100908688414363,0.100908688414363,0.0101825633975071,0.546665568137216,1.30367265800695,1,1.60831278838453,0.108312788384535,0.108312788384535,0.108312788384535,0.011731660127633,1.40946059089444,1.787508826285,1,1.77818077296856,-0.0218192270314432,0.0218192270314432,0.0218192270314432,0.000476078668249663,1.61102007287777,2.06523067217467,1
3,"n600-b1_2-b2_2p8-b3_2p8",600,4,24,1,1,0.6931472,1.029619,1.029619,1.5,1.8,1,1.3,0.0666666666666667,206,97,187,110,FALSE,NA,TRUE,NA,0.605564287207982,-0.0875829127920181,0.0875829127920181,0.0875829127920181,0.00767076661313425,0.310892537586496,0.897284070778724,1,1.04155573217156,0.0119367321715644,0.0119367321715644,0.0119367321715644,0.000142485574935661,0.769638790374835,1.3193635594473,1,1.28533825309929,0.255719253099292,0.255719253099292,0.255719253099292,0.0653923364056595,0.907535535488993,1.67079159129979,1,1.47191012940291,-0.0280898705970922,0.0280898705970922,0.0280898705970922,0.000789040830161386,1.43153057736843,1.53624953408346,1,1.79601843709524,-0.00398156290476215,0.00398156290476215,0.00398156290476215,1.5852843164578e-05,1.72057195667159,1.88016789839617,1
3,"n600-b1_2-b2_2p8-b3_2p8",600,5,25,1,1,0.6931472,1.029619,1.029619,1.5,1.8,1,1.3,0.09,213,93,188,106,FALSE,NA,TRUE,NA,0.659014142795262,-0.0341330572047377,0.0341330572047377,0.0341330572047377,0.0011650655941419,0.330067888670231,0.987821046483783,1,1.12188545286283,0.0922664528628281,0.0922664528628281,0.0922664528628281,0.00851309832388848,0.836619987600303,1.4159490500323,1,1.04925472242256,0.019635722422563,0.019635722422563,0.019635722422563,0.000385561595055941,0.65572263580591,1.44827564518656,1,1.51764880615404,0.0176488061540407,0.0176488061540407,0.0176488061540407,0.000311480358662906,1.48465898493292,1.55924997653291,1,1.82625298806365,0.0262529880636511,0.0262529880636511,0.0262529880636511,0.000689219382270205,1.77793836597333,1.88141713611571,1
3,"n600-b1_2-b2_2p8-b3_2p8",600,6,26,1,1,0.6931472,1.029619,1.029619,1.5,1.8,1,1.3,0.0566666666666666,183,109,199,109,FALSE,NA,TRUE,NA,0.458362767226333,-0.234784432773667,0.234784432773667,0.234784432773667,0.0551237298728524,0.167816762244476,0.750616274631322,1,0.766947917925056,-0.262671082074944,0.262671082074944,0.262671082074944,0.0689960973584222,0.511564396504651,1.02732687981728,0,1.44958107048744,0.419962070487436,0.419962070487436,0.419962070487436,0.176368140648094,1.07187038760555,1.82795659324388,0,1.45855630499398,-0.0414436950060182,0.0414436950060182,0.0414436950060182,0.00171757985575186,1.39262669987904,1.56531602332587,1,1.85391857544052,0.053918575440524,0.053918575440524,0.053918575440524,0.00290721277753548,1.73759365945613,1.94339689127964,1
3,"n600-b1_2-b2_2p8-b3_2p8",600,7,27,1,1,0.6931472,1.029619,1.029619,1.5,1.8,1,1.3,0.09,191,109,202,98,FALSE,NA,TRUE,NA,0.707573060770812,0.0144258607708118,0.0144258607708118,0.0144258607708118,0.000208105458978846,0.391185702964805,1.03385912232741,1,1.20737979162316,0.177760791623155,0.177760791623155,0.177760791623155,0.0315988990384909,0.913415917795788,1.51453252879664,1,0.87657747090832,-0.15304152909168,0.15304152909168,0.15304152909168,0.0234217096267197,0.480887390121239,1.2674518444089,1,1.62572901872446,0.125729018724461,0.125729018724461,0.125729018724461,0.0158077861494159,1.46185640265153,1.74922732144186,1,1.83231727908214,0.0323172790821424,0.0323172790821424,0.0323172790821424,0.00104440652727308,1.60589099249132,2.00330148519781,1
3,"n600-b1_2-b2_2p8-b3_2p8",600,8,28,1,1,0.6931472,1.029619,1.029619,1.5,1.8,1,1.3,0.0649999999999999,194,97,207,102,FALSE,NA,TRUE,NA,0.671780499027762,-0.0213667009722377,0.0213667009722377,0.0213667009722377,0.000456535910437023,0.360385495414381,0.986374347776189,1,1.00860821812259,-0.0210107818774101,0.0210107818774101,0.0210107818774101,0.000441452955100106,0.734885143601391,1.2906827110839,1,0.977118981778449,-0.0525000182215508,0.0525000182215508,0.0525000182215508,0.00275625191326317,0.59471323646849,1.35174817836258,1,1.62677416609902,0.126774166099022,0.126774166099022,0.126774166099022,0.0160716891901025,1.46319894654311,1.78067031294617,1,1.83073427540798,0.0307342754079807,0.0307342754079807,0.0307342754079807,0.000944595684853606,1.75106165042363,1.94432091860509,1
3,"n600-b1_2-b2_2p8-b3_2p8",600,9,29,1,1,0.6931472,1.029619,1.029619,1.5,1.8,1,1.3,0.0883333333333334,189,98,190,123,FALSE,NA,TRUE,NA,0.714779997631728,0.021632797631728,0.021632797631728,0.021632797631728,0.000467977933375296,0.418068407380948,1.00882352808801,1,1.20748175887638,0.177862758876384,0.177862758876384,0.177862758876384,0.0316351609951188,0.934607907062683,1.48710616892666,1,0.840616030158114,-0.189002969841886,0.189002969841886,0.189002969841886,0.035722122609053,0.460733339594224,1.22623125259194,1,1.51683924088154,0.0168392408815443,0.0168392408815443,0.0168392408815443,0.000283560033466673,1.49222056389306,1.56362228885461,1,1.82322386053731,0.023223860537307,0.023223860537307,0.023223860537307,0.000539347698256284,1.70939814501665,1.88054385113453,1
3,"n600-b1_2-b2_2p8-b3_2p8",600,10,30,1,1,0.6931472,1.029619,1.029619,1.5,1.8,1,1.3,0.0583333333333333,211,87,202,100,FALSE,NA,TRUE,NA,0.685351614667749,-0.00779558533225111,0.00779558533225111,0.00779558533225111,6.07711506724086e-05,0.366418227951049,1.00748812191856,1,0.895411974982398,-0.134207025017602,0.134207025017602,0.134207025017602,0.0180115255640753,0.6283474002839,1.17320432233224,1,1.06925701203742,0.0396380120374151,0.0396380120374151,0.0396380120374151,0.00157117199827827,0.683180485876836,1.45190320137326,1,1.49606550485824,-0.00393449514175837,0.00393449514175837,0.00393449514175837,1.54802520205202e-05,1.43489788337102,1.55516326382977,1,1.82084587779736,0.0208458777973601,0.0208458777973601,0.0208458777973601,0.000434550621142472,1.66479261084824,1.92935170498622,1
4,"n600-b1_2-b2_2p8-b3_2p8",600,1,31,1,1,0.6931472,1.029619,1.029619,1.5,1.8,1,1.3,0.07,202,84,215,99,FALSE,NA,TRUE,NA,0.705321959574742,0.0121747595747416,0.0121747595747416,0.0121747595747416,0.000148224770702761,0.385044762235198,1.02725904190436,1,1.10764677367693,0.078027773676925,0.078027773676925,0.078027773676925,0.00608833346497744,0.830367724286038,1.39079689009172,1,0.929397341897781,-0.100221658102219,0.100221658102219,0.100221658102219,0.0100443807527581,0.537852413316252,1.32500908646842,1,1.51359628785534,0.0135962878553388,0.0135962878553388,0.0135962878553388,0.000184859043445234,1.49290539924824,1.55681375485469,1,1.81202786594247,0.0120278659424717,0.0120278659424717,0.0120278659424717,0.000144669559130072,1.79117735039562,1.86155046194427,1
4,"n600-b1_2-b2_2p8-b3_2p8",600,2,32,1,1,0.6931472,1.029619,1.029619,1.5,1.8,1,1.3,0.0616666666666666,189,102,207,102,FALSE,NA,TRUE,NA,0.385556626934232,-0.307590573065768,0.307590573065768,0.307590573065768,0.0946119606389274,0.0829271367324377,0.690272377085546,0,0.948645369956922,-0.0809736300430782,0.0809736300430782,0.0809736300430782,0.0065567287623533,0.680872047868679,1.22277353346524,1,1.13848254806868,0.108863548068679,0.108863548068679,0.108863548068679,0.0118512720981017,0.754198383067964,1.5174906730531,1,1.45217848356935,-0.0478215164306521,0.0478215164306521,0.0478215164306521,0.00228689743372713,1.42629761921448,1.52330351644233,1,1.7728295730387,-0.0271704269613047,0.0271704269613047,0.0271704269613047,0.000738232101259592,1.71797463405291,1.850123233787,1
4,"n600-b1_2-b2_2p8-b3_2p8",600,3,33,1,1,0.6931472,1.029619,1.029619,1.5,1.8,1,1.3,0.0716666666666667,216,88,201,95,FALSE,NA,TRUE,NA,0.944853101739086,0.251705901739086,0.251705901739086,0.251705901739086,0.0633558609702863,0.598667860568095,1.28706190384237,1,1.13688768032806,0.107268680328065,0.107268680328065,0.107268680328065,0.0115065697793246,0.837718562761512,1.4423240824884,1,0.69839999781362,-0.33121900218638,0.33121900218638,0.33121900218638,0.109706027409341,0.2892073393857,1.10385816454615,1,1.55590551370481,0.0559055137048106,0.0559055137048106,0.0559055137048106,0.00312542646259876,1.4543615204983,1.67274384735895,1,1.73867342443122,-0.0613265755687786,0.0613265755687786,0.0613265755687786,0.00376094887099312,1.56784373756848,1.92092142109339,1
4,"n600-b1_2-b2_2p8-b3_2p8",600,4,34,1,1,0.6931472,1.029619,1.029619,1.5,1.8,1,1.3,0.07,239,92,182,87,FALSE,NA,TRUE,NA,1.06962587578648,0.376478675786481,0.376478675786481,0.376478675786481,0.141736193321943,0.720868214856021,1.43230244264502,0,1.19489699925451,0.165277999254509,0.165277999254509,0.165277999254509,0.0273168170375735,0.881940898916292,1.52139453851832,1,0.722312359323218,-0.307306640676782,0.307306640676782,0.307306640676782,0.0944373714040486,0.298292360356668,1.13663508173001,1,1.44517364503893,-0.0548263549610712,0.0548263549610712,0.0548263549610712,0.00300592919831738,1.36531045894732,1.59490209643398,1,1.78070468239166,-0.0192953176083375,0.0192953176083375,0.0192953176083375,0.000372309281606618,1.6955462029073,1.90544281705897,1
4,"n600-b1_2-b2_2p8-b3_2p8",600,5,35,1,1,0.6931472,1.029619,1.029619,1.5,1.8,1,1.3,0.075,197,93,207,103,FALSE,NA,TRUE,NA,0.931888292400087,0.238741092400087,0.238741092400087,0.238741092400087,0.056997309200387,0.607106462269404,1.2618976690475,1,1.26479108458778,0.235172084587782,0.235172084587782,0.235172084587782,0.055305909369363,0.974103823554331,1.56619314302499,1,0.754097178248111,-0.275521821751889,0.275521821751889,0.275521821751889,0.0759122742614798,0.361168144281687,1.15108853089107,1,1.50628314719958,0.0062831471995759,0.0062831471995759,0.0062831471995759,3.94779387315385e-05,1.42549353869399,1.64913748461442,1,1.81428878981616,0.0142887898161572,0.0142887898161572,0.0142887898161572,0.000204169514410318,1.74929697148444,1.90320814667535,1
4,"n600-b1_2-b2_2p8-b3_2p8",600,6,36,1,1,0.6931472,1.029619,1.029619,1.5,1.8,1,1.3,0.0649999999999999,206,105,194,95,FALSE,NA,TRUE,NA,1.12235186697431,0.429204666974311,0.429204666974311,0.429204666974311,0.184216646152529,0.792527664059997,1.45771629699257,0,1.32518675285509,0.295567752855088,0.295567752855088,0.295567752855088,0.0873602965278066,1.02191264005917,1.64210892619498,1,0.66659297710105,-0.36302602289895,0.36302602289895,0.36302602289895,0.131787893301829,0.261284352279983,1.06885878237696,1,1.51742235988342,0.0174223598834204,0.0174223598834204,0.0174223598834204,0.000303538623907418,1.41537493653993,1.6327679075788,1,1.83498686024988,0.0349868602498808,0.0349868602498808,0.0349868602498808,0.00122408039014469,1.68502711069193,2.05687119710086,1
4,"n600-b1_2-b2_2p8-b3_2p8",600,7,37,1,1,0.6931472,1.029619,1.029619,1.5,1.8,1,1.3,0.0633333333333334,226,109,171,94,FALSE,NA,TRUE,NA,0.47969522468507,-0.21345197531493,0.21345197531493,0.21345197531493,0.0455617457658454,0.166937175612405,0.796499441412879,1,1.11695163859595,0.0873326385959459,0.0873326385959459,0.0873326385959459,0.00762698976413009,0.824255353089548,1.41976683795733,1,1.29389469503494,0.26427569503494,0.26427569503494,0.26427569503494,0.0698416429862008,0.900604634221865,1.69125629774739,1,1.50752254469524,0.00752254469523916,0.00752254469523916,0.00752254469523916,5.65886786918709e-05,1.35298242584014,1.66519250095272,1,1.84533682862775,0.04533682862775,0.04533682862775,0.04533682862775,0.00205542803002197,1.77538576402021,1.96522128880724,1
4,"n600-b1_2-b2_2p8-b3_2p8",600,8,38,1,1,0.6931472,1.029619,1.029619,1.5,1.8,1,1.3,0.0666666666666667,207,105,186,102,FALSE,NA,TRUE,NA,0.566207340280777,-0.126939859719223,0.126939859719223,0.126939859719223,0.016113727985536,0.265395414938361,0.867750196268846,1,0.965205145330332,-0.0644138546696679,0.0644138546696679,0.0644138546696679,0.00414914467340509,0.692048806413852,1.24529189005695,1,1.18390984550615,0.154290845506148,0.154290845506148,0.154290845506148,0.0238056650070019,0.805160358733704,1.56110242367454,1,1.53228899056955,0.0322889905695456,0.0322889905695456,0.0322889905695456,0.0010425789120002,1.4866489198753,1.64259826144498,1,1.85491882376756,0.05491882376756,0.05491882376756,0.05491882376756,0.00301607720401231,1.79318599101435,1.95740009506733,1
4,"n600-b1_2-b2_2p8-b3_2p8",600,9,39,1,1,0.6931472,1.029619,1.029619,1.5,1.8,1,1.3,0.0633333333333334,196,97,204,103,FALSE,NA,TRUE,NA,0.645530351976675,-0.0476168480233254,0.0476168480233254,0.0476168480233254,0.00226736421567647,0.338597121222261,0.950084741477236,1,1.02280235723157,-0.00681664276842997,0.00681664276842997,0.00681664276842997,4.64666186323886e-05,0.756780979900241,1.29421926427436,1,1.02173989689483,-0.00787910310516593,0.00787910310516593,0.00787910310516593,6.20802657418354e-05,0.640486334443434,1.399504031684,1,1.45770787601016,-0.0422921239898355,0.0422921239898355,0.0422921239898355,0.00178862375157162,1.36485238384082,1.5949233635754,1,1.81278429152327,0.0127842915232681,0.0127842915232681,0.0127842915232681,0.000163438109751905,1.73675401386576,1.93163446331801,1
4,"n600-b1_2-b2_2p8-b3_2p8",600,10,40,1,1,0.6931472,1.029619,1.029619,1.5,1.8,1,1.3,0.075,210,80,200,110,FALSE,NA,TRUE,NA,0.31761941149997,-0.37552778850003,0.37552778850003,0.37552778850003,0.141021119935723,-0.00785401958230706,0.638098316923409,0,0.834010292961176,-0.195608707038824,0.195608707038824,0.195608707038824,0.0382627662694005,0.570371240844658,1.10606592782318,1,1.26513571079172,0.235516710791722,0.235516710791722,0.235516710791722,0.0554681210621518,0.871762769149036,1.65302303250163,1,1.39092747461783,-0.10907252538217,0.10907252538217,0.10907252538217,0.011896815793244,1.27729654495973,1.55061781340878,1,1.74771792922016,-0.0522820707798419,0.0522820707798419,0.0522820707798419,0.0027334149250284,1.67719559194781,1.86027977111685,1
5,"n600-b1_2-b2_2p8-b3_2p8",600,1,41,1,1,0.6931472,1.029619,1.029619,1.5,1.8,1,1.3,0.0766666666666667,208,82,204,106,FALSE,NA,TRUE,NA,0.685055112391433,-0.00809208760856706,0.00809208760856706,0.00809208760856706,6.54818818647245e-05,0.35983241668742,1.01124308526678,1,1.2048529035089,0.1752339035089,0.1752339035089,0.1752339035089,0.0307069209389664,0.923177855870438,1.49058575487327,1,1.15735079013037,0.127731790130372,0.127731790130372,0.127731790130372,0.0163154102099094,0.762645551152239,1.55275008972542,1,1.54981581455271,0.0498158145527055,0.0498158145527055,0.0498158145527055,0.00248161537954954,1.4331126737541,1.71924737258565,1,1.82546577984063,0.0254657798406257,0.0254657798406257,0.0254657798406257,0.000648505942891218,1.65812984967672,2.00377990895275,1
5,"n600-b1_2-b2_2p8-b3_2p8",600,2,42,1,1,0.6931472,1.029619,1.029619,1.5,1.8,1,1.3,0.0683333333333334,185,123,187,105,FALSE,NA,TRUE,NA,0.866970962206349,0.173823762206349,0.173823762206349,0.173823762206349,0.0302147003075694,0.570945201345985,1.16285444392499,1,1.1843563754895,0.154737375489498,0.154737375489498,0.154737375489498,0.023943655373378,0.901287998128964,1.47360646779514,1,0.890080430798276,-0.139538569201724,0.139538569201724,0.139538569201724,0.0194710122948644,0.50998982461555,1.27143720128265,1,1.41770720885075,-0.082292791149253,0.082292791149253,0.082292791149253,0.00677210347513458,1.30105027622676,1.51070900412974,1,1.81181283041459,0.0118128304145912,0.0118128304145912,0.0118128304145912,0.000139542962403892,1.69242942953646,2.01137786506354,1
5,"n600-b1_2-b2_2p8-b3_2p8",600,3,43,1,1,0.6931472,1.029619,1.029619,1.5,1.8,1,1.3,0.09,204,87,204,105,FALSE,NA,TRUE,NA,0.77158961433893,0.0784424143389303,0.0784424143389303,0.0784424143389303,0.00615321236732042,0.441569092006952,1.10018477141166,1,1.1130141145089,0.0833951145088985,0.0833951145088985,0.0833951145088985,0.00695474512395229,0.834934876122194,1.40075845204856,1,0.988075938825956,-0.0415430611740438,0.0415430611740438,0.0415430611740438,0.00172582593171035,0.587485583799827,1.38738926972795,1,1.51288084394958,0.0128808439495758,0.0128808439495758,0.0128808439495758,0.000165916140853323,1.39444528418425,1.62186725380278,1,1.81280575639941,0.0128057563994146,0.0128057563994146,0.0128057563994146,0.000163987396961148,1.73402534494046,1.91256555983809,1
5,"n600-b1_2-b2_2p8-b3_2p8",600,4,44,1,1,0.6931472,1.029619,1.029619,1.5,1.8,1,1.3,0.08,207,98,188,107,FALSE,NA,TRUE,NA,0.750875854203551,0.0577286542035509,0.0577286542035509,0.0577286542035509,0.00333259751615315,0.435204759934737,1.06950066831033,1,0.999947005431941,-0.0296719945680592,0.0296719945680592,0.0296719945680592,0.000880427261646937,0.726714603124431,1.28577331052915,1,1.00464560730487,-0.0249733926951314,0.0249733926951314,0.0249733926951314,0.000623670342705244,0.61042399442442,1.39412021809148,1,1.52258075635393,0.0225807563539291,0.0225807563539291,0.0225807563539291,0.000509890557515509,1.42964529312391,1.64611666837339,1,1.77517889135629,-0.0248211086437098,0.0248211086437098,0.0248211086437098,0.000616087434302845,1.71272984423925,1.85210473172248,1
5,"n600-b1_2-b2_2p8-b3_2p8",600,5,45,1,1,0.6931472,1.029619,1.029619,1.5,1.8,1,1.3,0.0566666666666666,203,117,196,84,FALSE,NA,TRUE,NA,0.368866532771218,-0.324280667228782,0.324280667228782,0.324280667228782,0.105157951138344,0.0575443034392223,0.687803728107291,0,0.723850944215029,-0.305768055784971,0.305768055784971,0.305768055784971,0.0934941039385213,0.439051773062664,1.01871162560564,0,1.37874552477227,0.349126524772269,0.349126524772269,0.349126524772269,0.121889330299562,0.98353635038891,1.77016113345413,1,1.47781019697512,-0.0221898030248779,0.0221898030248779,0.0221898030248779,0.000492387358282882,1.35759269739362,1.56675316728447,1,1.72177889625056,-0.0782211037494389,0.0782211037494389,0.0782211037494389,0.00611854107178049,1.54678497200376,1.81029477448721,1
5,"n600-b1_2-b2_2p8-b3_2p8",600,6,46,1,1,0.6931472,1.029619,1.029619,1.5,1.8,1,1.3,0.0566666666666666,208,93,209,90,FALSE,NA,TRUE,NA,0.352203292391677,-0.340943907608323,0.340943907608323,0.340943907608323,0.116242748135233,0.0347730015560964,0.676930655582595,0,1.04502999882866,0.0154109988286575,0.0154109988286575,0.0154109988286575,0.000237498884896882,0.767787570466658,1.33542629775204,1,1.27983435565639,0.250215355656387,0.250215355656387,0.250215355656387,0.0626077242062524,0.884981705911496,1.67669988307703,1,1.58565095100597,0.0856509510059675,0.0856509510059675,0.0856509510059675,0.00733608540822665,1.49290766935019,1.72790541509628,1,1.86855082912159,0.0685508291215875,0.0685508291215875,0.0685508291215875,0.00469921617325709,1.79035947966551,2.01730137900567,1
5,"n600-b1_2-b2_2p8-b3_2p8",600,7,47,1,1,0.6931472,1.029619,1.029619,1.5,1.8,1,1.3,0.0649999999999999,199,97,205,99,FALSE,NA,TRUE,NA,0.757220092690369,0.0640728926903694,0.0640728926903694,0.0640728926903694,0.0041053355777116,0.441444788663335,1.07586539038926,1,1.21395838790351,0.184339387903506,0.184339387903506,0.184339387903506,0.0339810099326391,0.936062202782082,1.49776713653698,1,0.916856322654844,-0.112762677345157,0.112762677345157,0.112762677345157,0.0127154214020479,0.525104130721967,1.30228147238489,1,1.51450171358737,0.0145017135873662,0.0145017135873662,0.0145017135873662,0.000210299696970001,1.47449769712294,1.6255819535139,1,1.81501549900625,0.0150154990062499,0.0150154990062499,0.0150154990062499,0.000225465210406691,1.75856710087832,1.90011287875247,1
5,"n600-b1_2-b2_2p8-b3_2p8",600,8,48,1,1,0.6931472,1.029619,1.029619,1.5,1.8,1,1.3,0.07,188,91,210,111,FALSE,NA,TRUE,NA,0.908932282872393,0.215785082872393,0.215785082872393,0.215785082872393,0.0465632019902454,0.590781147674893,1.22979366553928,1,1.16471039349229,0.135091393492293,0.135091393492293,0.135091393492293,0.0182496845956897,0.88841947060023,1.44215134910297,1,0.921986193918457,-0.107632806081543,0.107632806081543,0.107632806081543,0.0115848209449871,0.526884343968621,1.31141149520908,1,1.51476616433907,0.0147661643390664,0.0147661643390664,0.0147661643390664,0.000218039609288317,1.46285280220512,1.59147669498854,1,1.83422145519038,0.0342214551903848,0.0342214551903848,0.0342214551903848,0.00117110799534751,1.72252756897449,2.11316396018903,1
5,"n600-b1_2-b2_2p8-b3_2p8",600,9,49,1,1,0.6931472,1.029619,1.029619,1.5,1.8,1,1.3,0.0533333333333333,197,115,192,96,FALSE,NA,TRUE,NA,0.768369089758583,0.0752218897585832,0.0752218897585832,0.0752218897585832,0.00565833269885245,0.476101277965859,1.06865291281378,1,0.992204723517438,-0.0374142764825618,0.0374142764825618,0.0374142764825618,0.00139982808471358,0.720484785519921,1.27705869962079,1,0.95153906600064,-0.0780799339993604,0.0780799339993604,0.0780799339993604,0.00609647609334448,0.578374436814363,1.32036598177527,1,1.43553174544101,-0.0644682545589941,0.0644682545589941,0.0644682545589941,0.00415615584588326,1.27732820529152,1.56190921511878,1,1.7814266639219,-0.0185733360780977,0.0185733360780977,0.0185733360780977,0.000344968813069967,1.67782916557503,1.92656687020003,1
5,"n600-b1_2-b2_2p8-b3_2p8",600,10,50,1,1,0.6931472,1.029619,1.029619,1.5,1.8,1,1.3,0.0666666666666667,198,107,198,97,FALSE,NA,TRUE,NA,0.83432441047544,0.14117721047544,0.14117721047544,0.14117721047544,0.0199310047576266,0.525981405673095,1.14274457464227,1,1.09280892725359,0.0631899272535918,0.0631899272535918,0.0631899272535918,0.00399296690631423,0.812649746327881,1.3794333307432,1,0.903522771175876,-0.126096228824124,0.126096228824124,0.126096228824124,0.0159002589236658,0.522593700495797,1.28197988263619,1,1.50960928823211,0.00960928823210927,0.00960928823210927,0.00960928823210927,9.23384203277537e-05,1.47911869322682,1.67439787748092,1,1.91580800043618,0.115808000436185,0.115808000436185,0.115808000436185,0.0134114929650274,1.76231270356853,2.07780041539171,1
6,"n600-b1_2-b2_2p8-b3_2p8",600,1,51,1,1,0.6931472,1.029619,1.029619,1.5,1.8,1,1.3,0.08,188,104,206,102,FALSE,NA,TRUE,NA,0.726749460307922,0.0336022603079221,0.0336022603079221,0.0336022603079221,0.00112911189780136,0.41056659538835,1.03964876645392,1,1.14645134374919,0.116832343749187,0.116832343749187,0.116832343749187,0.0136497965459282,0.867504262603047,1.43357832519392,1,0.974816210722762,-0.0548027892772376,0.0548027892772376,0.0548027892772376,0.00300334571256531,0.586897520869655,1.3644315601292,1,1.46889327299411,-0.0311067270058907,0.0311067270058907,0.0311067270058907,0.000967628465019008,1.4288497411292,1.51248262593516,1,1.80713196292049,0.00713196292049356,0.00713196292049356,0.00713196292049356,5.08648950992951e-05,1.7375228254975,1.88435038648201,1
6,"n600-b1_2-b2_2p8-b3_2p8",600,2,52,1,1,0.6931472,1.029619,1.029619,1.5,1.8,1,1.3,0.0716666666666667,215,90,208,87,FALSE,NA,TRUE,NA,0.72880081421578,0.0356536142157801,0.0356536142157801,0.0356536142157801,0.00127118020664767,0.402796069232909,1.05596179727404,1,0.999772641008822,-0.0298463589911779,0.0298463589911779,0.0298463589911779,0.000890805145030268,0.712260138308081,1.29350117268572,1,0.935896398921483,-0.0937226010785167,0.0937226010785167,0.0937226010785167,0.00878392595292278,0.540904383229336,1.32486419510618,1,1.48890980597546,-0.01109019402454,0.01109019402454,0.01109019402454,0.000122992403501943,1.44866200216603,1.54085803926709,1,1.79316368986904,-0.00683631013096053,0.00683631013096053,0.00683631013096053,4.67351362066736e-05,1.76183313584937,1.84502737560533,1
6,"n600-b1_2-b2_2p8-b3_2p8",600,3,53,1,1,0.6931472,1.029619,1.029619,1.5,1.8,1,1.3,0.07,204,102,197,97,FALSE,NA,TRUE,NA,0.49007149695257,-0.20307570304743,0.20307570304743,0.20307570304743,0.041239741168208,0.162692106192638,0.822861757607594,1,0.934708937441894,-0.0949100625581062,0.0949100625581062,0.0949100625581062,0.00900791997478363,0.648679394040192,1.2261985962011,1,1.18733527325098,0.157716273250975,0.157716273250975,0.157716273250975,0.0248744228481763,0.786469817865974,1.58352607606313,1,1.30090909929401,-0.199090900705985,0.199090900705985,0.199090900705985,0.0396371867439204,1.18932064764584,1.4653294665567,0,1.53207796397791,-0.267922036022095,0.267922036022095,0.267922036022095,0.0717822173862247,1.29591142692265,1.78532607956495,0
6,"n600-b1_2-b2_2p8-b3_2p8",600,4,54,1,1,0.6931472,1.029619,1.029619,1.5,1.8,1,1.3,0.095,204,93,198,105,FALSE,NA,TRUE,NA,0.584261558887101,-0.108885641112899,0.108885641112899,0.108885641112899,0.011856082840567,0.271997303185305,0.90083614086931,1,0.966152548711422,-0.0634664512885779,0.0634664512885779,0.0634664512885779,0.00402799043916543,0.692027524845214,1.24707748392305,1,1.09212891377818,0.0625099137781762,0.0625099137781762,0.0625099137781762,0.00390748932055502,0.700393500866979,1.48230168621869,1,1.5171265780319,0.0171265780318999,0.0171265780318999,0.0171265780318999,0.000293319675082755,1.46998754861748,1.58300572547544,1,1.8715351816002,0.0715351816001975,0.0715351816001975,0.0715351816001975,0.00511728220657323,1.77832805460938,1.96182428077473,1
6,"n600-b1_2-b2_2p8-b3_2p8",600,5,55,1,1,0.6931472,1.029619,1.029619,1.5,1.8,1,1.3,0.0783333333333334,183,109,213,95,FALSE,NA,TRUE,NA,0.608565435607402,-0.0845817643925976,0.0845817643925976,0.0845817643925976,0.00715407486776489,0.301177388507176,0.918758761284962,1,1.04080352103863,0.0111845210386305,0.0111845210386305,0.0111845210386305,0.000125093510863569,0.759507316249668,1.33073333032547,1,1.25016111371964,0.220542113719638,0.220542113719638,0.220542113719638,0.0486388239239258,0.862877453302156,1.63867394776148,1,1.49994274649331,-5.72535066902802e-05,5.72535066902802e-05,5.72535066902802e-05,3.27796402833396e-09,1.44013427408041,1.59124440095311,1,1.7929634990503,-0.00703650094969532,0.00703650094969532,0.00703650094969532,4.95123456150632e-05,1.76071767918695,1.86337065705155,1
6,"n600-b1_2-b2_2p8-b3_2p8",600,6,56,1,1,0.6931472,1.029619,1.029619,1.5,1.8,1,1.3,0.0883333333333334,180,99,209,112,FALSE,NA,TRUE,NA,0.898311336555735,0.205164136555735,0.205164136555735,0.205164136555735,0.0420923229286604,0.582888350719069,1.21549640231365,1,1.21278485663436,0.183165856634364,0.183165856634364,0.183165856634364,0.0335497310366005,0.937829931235891,1.49568769655229,1,0.76185412270501,-0.26776487729499,0.26776487729499,0.26776487729499,0.0716980295128009,0.377937269538399,1.14163293643822,1,1.51695101038742,0.0169510103874217,0.0169510103874217,0.0169510103874217,0.00028733675315448,1.37587113396186,1.65107686715223,1,1.69679278911247,-0.103207210887527,0.103207210887527,0.103207210887527,0.0106517283791825,1.62256865808612,1.80007808392925,1
6,"n600-b1_2-b2_2p8-b3_2p8",600,7,57,1,1,0.6931472,1.029619,1.029619,1.5,1.8,1,1.3,0.0866666666666667,196,109,202,93,FALSE,NA,TRUE,NA,0.621160091823015,-0.0719871081769853,0.0719871081769853,0.0719871081769853,0.00518214374368498,0.312210848451779,0.926969473033483,1,1.05952768825191,0.0299086882519055,0.0299086882519055,0.0299086882519055,0.000894529632949671,0.779028006788481,1.34654195952567,1,1.06376289772485,0.0341438977248514,0.0341438977248514,0.0341438977248514,0.00116580575184511,0.681167415524796,1.44390006256778,1,1.5444658655049,0.044465865504898,0.044465865504898,0.044465865504898,0.00197721319509967,1.4515922326205,1.63913308980069,1,1.84230214104638,0.0423021410463753,0.0423021410463753,0.0423021410463753,0.00178947113710743,1.79345529068135,1.94150539037927,1
6,"n600-b1_2-b2_2p8-b3_2p8",600,8,58,1,1,0.6931472,1.029619,1.029619,1.5,1.8,1,1.3,0.0666666666666667,195,103,202,100,FALSE,NA,TRUE,NA,0.709381079955098,0.016233879955098,0.016233879955098,0.016233879955098,0.000263538858396531,0.390746914101151,1.02736762563194,1,1.06912410369544,0.039505103695435,0.039505103695435,0.039505103695435,0.00156065321798707,0.785901617015926,1.36313542116277,1,0.859791190660674,-0.169827809339326,0.169827809339326,0.169827809339326,0.0288414848249946,0.471676377716167,1.24836050999777,1,1.5807469513084,0.0807469513083985,0.0807469513083985,0.0807469513083985,0.00652007014560088,1.48050251042483,1.75890990449761,1,1.77413217114135,-0.0258678288586469,0.0258678288586469,0.0258678288586469,0.000669144569860246,1.68785661373452,1.97478599178988,1
6,"n600-b1_2-b2_2p8-b3_2p8",600,9,59,1,1,0.6931472,1.029619,1.029619,1.5,1.8,1,1.3,0.0683333333333334,208,92,199,101,FALSE,NA,TRUE,NA,0.563394101513439,-0.129753098486561,0.129753098486561,0.129753098486561,0.0168358665668633,0.248095018350016,0.875013951447006,1,0.786822720470668,-0.242796279529332,0.242796279529332,0.242796279529332,0.0589500333532855,0.51254471749212,1.06647950212111,1,1.15063934131814,0.121020341318136,0.121020341318136,0.121020341318136,0.0146459230127582,0.766528862331436,1.53609773416458,1,1.6442407571694,0.144240757169399,0.144240757169399,0.144240757169399,0.0208053960288016,1.4917974561037,2.20776132191723,1,2.02127322687191,0.221273226871908,0.221273226871908,0.221273226871908,0.0489618409303068,1.77037302203692,2.81367855057951,1
6,"n600-b1_2-b2_2p8-b3_2p8",600,10,60,1,1,0.6931472,1.029619,1.029619,1.5,1.8,1,1.3,0.0649999999999999,179,117,201,103,FALSE,NA,TRUE,NA,0.573738061107766,-0.119409138892233,0.119409138892233,0.119409138892233,0.0142585424509847,0.282341003025138,0.870965580694538,1,0.868421216502657,-0.161197783497343,0.161197783497343,0.161197783497343,0.0259847254044562,0.598561208585745,1.14765609001956,1,1.08513463891568,0.0555156389156792,0.0555156389156792,0.0555156389156792,0.00308198616421608,0.712029032056369,1.45920821289802,1,1.65711822170766,0.157118221707658,0.157118221707658,0.157118221707658,0.0246861355925767,1.47201091032997,1.79007232882076,1,1.86293961032477,0.0629396103247677,0.0629396103247677,0.0629396103247677,0.0039613945478336,1.74919735642515,1.99060608614321,1
7,"n600-b1_2-b2_2p8-b3_2p8",600,1,61,1,1,0.6931472,1.029619,1.029619,1.5,1.8,1,1.3,0.0633333333333334,193,102,216,89,FALSE,NA,TRUE,NA,0.998742060016224,0.305594860016224,0.305594860016224,0.305594860016224,0.0933882184683354,0.677110300361983,1.32122603926427,1,1.15919398466888,0.129574984668881,0.129574984668881,0.129574984668881,0.0167896766519408,0.865820120231288,1.46095258081808,1,0.716403206605754,-0.313215793394246,0.313215793394246,0.313215793394246,0.098104133231587,0.328266470347032,1.10318226730758,1,1.51582416162662,0.015824161626621,0.015824161626621,0.015824161626621,0.000250404091185426,1.4124591955243,1.75724876845514,1,1.79295464632389,-0.00704535367611214,0.00704535367611214,0.00704535367611214,4.96370084215069e-05,1.53779343005949,2.04587646127792,1
7,"n600-b1_2-b2_2p8-b3_2p8",600,2,62,1,1,0.6931472,1.029619,1.029619,1.5,1.8,1,1.3,0.0733333333333334,197,101,211,91,FALSE,NA,TRUE,NA,0.653386219875839,-0.0397609801241607,0.0397609801241607,0.0397609801241607,0.00158093554043391,0.332394333223041,0.981020201940655,1,1.16746882512519,0.137849825125192,0.137849825125192,0.137849825125192,0.0190025742870461,0.8786766633197,1.46923405441296,1,0.821357681976077,-0.208261318023923,0.208261318023923,0.208261318023923,0.0433727765850616,0.425797352514139,1.21815563759057,1,1.50012526035732,0.000125260357317192,0.000125260357317192,0.000125260357317192,1.56901571152306e-08,1.44760771766084,1.56322556808836,1,1.77154908475008,-0.0284509152499153,0.0284509152499153,0.0284509152499153,0.000809454578557862,1.68323903056672,1.87462002858393,1
7,"n600-b1_2-b2_2p8-b3_2p8",600,3,63,1,1,0.6931472,1.029619,1.029619,1.5,1.8,1,1.3,0.0616666666666666,201,100,195,104,FALSE,NA,TRUE,NA,0.81290348293278,0.11975628293278,0.11975628293278,0.11975628293278,0.0143415673018761,0.498752059652579,1.1286646229511,1,0.995393417880666,-0.0342255821193344,0.0342255821193344,0.0342255821193344,0.0011713904714073,0.719974474169537,1.28030203603737,1,1.23562933023485,0.206010330234846,0.206010330234846,0.206010330234846,0.0424402561634702,0.84064287668633,1.62897577885305,1,1.48478600381455,-0.0152139961854452,0.0152139961854452,0.0152139961854452,0.00023146567993074,1.4203396863526,1.57720647430979,1,1.77757409065354,-0.022425909346462,0.022425909346462,0.022425909346462,0.000502921410015734,1.71179798138306,1.88135406187379,1
7,"n600-b1_2-b2_2p8-b3_2p8",600,4,64,1,1,0.6931472,1.029619,1.029619,1.5,1.8,1,1.3,0.0600000000000001,211,101,203,85,FALSE,NA,TRUE,NA,0.793664886035876,0.100517686035877,0.100517686035877,0.100517686035877,0.010103805206007,0.452951358536288,1.13897602201057,1,1.18670481054735,0.157085810547346,0.157085810547346,0.157085810547346,0.0246759518753166,0.880128590878545,1.50532281822983,1,0.999754837619065,-0.0298641623809346,0.0298641623809346,0.0298641623809346,0.000891868194714829,0.584496751668085,1.40981851005911,1,1.47687147732954,-0.0231285226704576,0.0231285226704576,0.0231285226704576,0.000534928560917872,1.39366626632708,1.60327461436181,1,1.79990605681838,-9.39431816231462e-05,9.39431816231462e-05,9.39431816231462e-05,8.82532137347943e-09,1.6392909296077,1.87902419716376,1
7,"n600-b1_2-b2_2p8-b3_2p8",600,5,65,1,1,0.6931472,1.029619,1.029619,1.5,1.8,1,1.3,0.09,210,109,179,102,FALSE,NA,TRUE,NA,0.846379174033179,0.153231974033179,0.153231974033179,0.153231974033179,0.0234800378661048,0.533750866991174,1.16601419725832,1,1.15430170123705,0.124682701237053,0.124682701237053,0.124682701237053,0.0155457759877683,0.859284086418706,1.45300473907757,1,0.915704930831691,-0.113914069168309,0.113914069168309,0.113914069168309,0.0129764151544822,0.516058163632767,1.31217144216415,1,1.62493198669267,0.124931986692669,0.124931986692669,0.124931986692669,0.0156080012989772,1.48583097802898,1.85237420487253,1,1.77812888098086,-0.0218711190191361,0.0218711190191361,0.0218711190191361,0.000478345847149216,1.68200900868462,1.86959612976095,1
7,"n600-b1_2-b2_2p8-b3_2p8",600,6,66,1,1,0.6931472,1.029619,1.029619,1.5,1.8,1,1.3,0.075,176,111,212,101,FALSE,NA,TRUE,NA,0.79622295500857,0.10307575500857,0.10307575500857,0.10307575500857,0.0106246112705868,0.483697576253506,1.10233441986303,1,1.1077013508314,0.0780823508313986,0.0780823508313986,0.0780823508313986,0.00609685351135761,0.829312940380503,1.3992589846163,1,0.943556421345121,-0.0860625786548788,0.0860625786548788,0.0860625786548788,0.00740676744472719,0.554386229469613,1.33279231812805,1,1.51042197171679,0.0104219717167859,0.0104219717167859,0.0104219717167859,0.000108617494465486,1.4367078135309,1.54963595718843,1,1.82721297943038,0.0272129794303817,0.0272129794303817,0.0272129794303817,0.000740546249478378,1.78066624823943,1.93672925954124,1
7,"n600-b1_2-b2_2p8-b3_2p8",600,7,67,1,1,0.6931472,1.029619,1.029619,1.5,1.8,1,1.3,0.0716666666666667,200,97,198,105,FALSE,NA,TRUE,NA,0.756769343834986,0.063622143834986,0.063622143834986,0.063622143834986,0.00404777718615965,0.444378875385617,1.06469219552472,1,0.865178944667316,-0.164440055332684,0.164440055332684,0.164440055332684,0.0270405317978163,0.600098898867304,1.13781979618143,1,0.932055622946987,-0.0975633770530129,0.0975633770530129,0.0975633770530129,0.00951861254198836,0.555785548905472,1.30697662419033,1,1.47952823588659,-0.0204717641134129,0.0204717641134129,0.0204717641134129,0.00041909312591522,1.32482992935912,1.60956832702359,1,1.82840617329707,0.0284061732970706,0.0284061732970706,0.0284061732970706,0.000806910681383208,1.71304369041973,1.94782965697045,1
7,"n600-b1_2-b2_2p8-b3_2p8",600,8,68,1,1,0.6931472,1.029619,1.029619,1.5,1.8,1,1.3,0.0733333333333334,207,109,198,86,FALSE,NA,TRUE,NA,0.748064859542754,0.054917659542754,0.054917659542754,0.054917659542754,0.00301594932965384,0.417804159076059,1.08533204417158,1,1.35984382151824,0.330224821518238,0.330224821518238,0.330224821518238,0.109048432746752,1.05487589890557,1.67878280462621,0,0.815035644838629,-0.214583355161371,0.214583355161371,0.214583355161371,0.046046016312311,0.412077518673259,1.21532721840642,1,1.55016985258198,0.0501698525819845,0.0501698525819845,0.0501698525819845,0.00251701410809805,1.51180622845052,1.5945571844069,0,1.65100096847124,-0.148999031528756,0.148999031528756,0.148999031528756,0.0222007113965073,1.61112273058148,1.70353435188791,0
7,"n600-b1_2-b2_2p8-b3_2p8",600,9,69,1,1,0.6931472,1.029619,1.029619,1.5,1.8,1,1.3,0.0649999999999999,201,95,196,108,FALSE,NA,TRUE,NA,0.562553617453342,-0.130593582546658,0.130593582546658,0.130593582546658,0.0170546838023709,0.255662717034532,0.867508542299834,1,0.909010542716511,-0.120608457283489,0.120608457283489,0.120608457283489,0.0145463999683032,0.635016778185933,1.18859392705139,1,1.17419962366326,0.144580623663262,0.144580623663262,0.144580623663262,0.0209035567388577,0.792073928548981,1.56025127402333,1,1.49586821360032,-0.00413178639967815,0.00413178639967815,0.00413178639967815,1.70716588525653e-05,1.42242128253315,1.55980386085582,1,1.76001373386728,-0.0399862661327237,0.0399862661327237,0.0399862661327237,0.00159890147923701,1.57864264994968,1.91270395525947,1
7,"n600-b1_2-b2_2p8-b3_2p8",600,10,70,1,1,0.6931472,1.029619,1.029619,1.5,1.8,1,1.3,0.0566666666666666,200,103,222,75,FALSE,NA,TRUE,NA,0.667084773527898,-0.0260624264721022,0.0260624264721022,0.0260624264721022,0.000679250073613734,0.339145047603811,1.00143409458406,1,1.14204886569371,0.112429865693706,0.112429865693706,0.112429865693706,0.0126404746999048,0.830814984521744,1.46230967104332,1,0.912707028458575,-0.116911971541425,0.116911971541425,0.116911971541425,0.013668409089703,0.512411240110208,1.30976208961048,1,1.53722157442864,0.037221574428641,0.037221574428641,0.037221574428641,0.00138544560294687,1.49488096088698,1.65440663717717,1,1.72495913733879,-0.0750408626612147,0.0750408626612147,0.0750408626612147,0.00563113106893928,1.64365244478986,1.87175097573477,1
8,"n600-b1_2-b2_2p8-b3_2p8",600,1,71,1,1,0.6931472,1.029619,1.029619,1.5,1.8,1,1.3,0.0583333333333333,222,92,192,94,FALSE,NA,TRUE,NA,0.962156405078915,0.269009205078915,0.269009205078915,0.269009205078915,0.0723659524171899,0.63561109049885,1.29359062848755,1,1.35917491315777,0.329555913157771,0.329555913157771,0.329555913157771,0.108607099897252,1.05787462163513,1.67092189488252,0,0.686814469818418,-0.342804530181582,0.342804530181582,0.342804530181582,0.117514945913015,0.289674204747897,1.08739763646685,1,1.44273517466175,-0.0572648253382535,0.0572648253382535,0.0572648253382535,0.00327926022102068,1.36281840317934,1.53351705547691,1,1.76504940826992,-0.0349505917300781,0.0349505917300781,0.0349505917300781,0.0012215438622826,1.67685952365788,1.85136244577579,1
8,"n600-b1_2-b2_2p8-b3_2p8",600,2,72,1,1,0.6931472,1.029619,1.029619,1.5,1.8,1,1.3,0.0633333333333334,209,113,176,102,FALSE,NA,TRUE,NA,0.732729387801618,0.0395821878016176,0.0395821878016176,0.0395821878016176,0.00156674959116252,0.441326670456451,1.03031616210707,1,1.01174013224622,-0.0178788677537758,0.0178788677537758,0.0178788677537758,0.000319653912157004,0.734445540202854,1.29543243054535,1,0.874526367222164,-0.155092632777836,0.155092632777836,0.155092632777836,0.0240537247419607,0.505832739986922,1.24408379277478,1,1.47981416123993,-0.0201858387600704,0.0201858387600704,0.0201858387600704,0.000407468086447561,1.29899392617194,1.64799188898049,1,1.84696827517495,0.0469682751749456,0.0469682751749456,0.0469682751749456,0.00220601887290941,1.75378023378378,1.99860584276584,1
8,"n600-b1_2-b2_2p8-b3_2p8",600,3,73,1,1,0.6931472,1.029619,1.029619,1.5,1.8,1,1.3,0.07,185,104,208,103,FALSE,NA,TRUE,NA,0.954848745126623,0.261701545126623,0.261701545126623,0.261701545126623,0.068487698721662,0.645019226636305,1.26824975876102,1,1.24374745053293,0.214128450532931,0.214128450532931,0.214128450532931,0.0458509933276339,0.956423280461909,1.53624083998967,1,0.683930770073371,-0.34568822992663,0.34568822992663,0.34568822992663,0.119500352309806,0.299305534322372,1.0672198492327,1,1.52363472942159,0.0236347294215857,0.0236347294215857,0.0236347294215857,0.00055860043483157,1.48475001605978,1.59790927970678,1,1.81968034033969,0.0196803403396866,0.0196803403396866,0.0196803403396866,0.000387315795885895,1.77222055350681,1.91119806911327,1
8,"n600-b1_2-b2_2p8-b3_2p8",600,4,74,1,1,0.6931472,1.029619,1.029619,1.5,1.8,1,1.3,0.07,191,95,215,99,FALSE,NA,TRUE,NA,0.877636964713316,0.184489764713316,0.184489764713316,0.184489764713316,0.0340364732839747,0.551652032422064,1.20623102296868,1,1.21013868618227,0.180519686182269,0.180519686182269,0.180519686182269,0.0325873570993448,0.924010773694699,1.50275297303523,1,0.719262657937968,-0.310356342062032,0.310356342062032,0.310356342062032,0.0963210590581249,0.331052397762221,1.10570642193517,1,1.57321873535002,0.0732187353500247,0.0732187353500247,0.0732187353500247,0.00536098320625695,1.45005925664735,1.71854227892396,1,1.83975853030905,0.0397585303090522,0.0397585303090522,0.0397585303090522,0.00158074073233582,1.77754121130926,1.95848238745632,1
8,"n600-b1_2-b2_2p8-b3_2p8",600,5,75,1,1,0.6931472,1.029619,1.029619,1.5,1.8,1,1.3,0.08,181,114,210,95,FALSE,NA,TRUE,NA,0.893581853712483,0.200434653712483,0.200434653712483,0.200434653712483,0.040174050408843,0.575593961794582,1.2172121584155,1,1.33775434433536,0.308135344335357,0.308135344335357,0.308135344335357,0.0949473904286689,1.03930157049991,1.64376849489828,0,0.61833163864932,-0.41128736135068,0.41128736135068,0.41128736135068,0.169157293606805,0.223658742563454,1.00898843276424,0,1.53393285974587,0.0339328597458683,0.0339328597458683,0.0339328597458683,0.00115143897053277,1.49872376972438,1.58729098191538,1,1.82332733982369,0.0233273398236884,0.0233273398236884,0.0233273398236884,0.000544164783249839,1.78158098024353,1.91994942768821,1
8,"n600-b1_2-b2_2p8-b3_2p8",600,6,76,1,1,0.6931472,1.029619,1.029619,1.5,1.8,1,1.3,0.0649999999999999,213,85,211,91,FALSE,NA,TRUE,NA,0.489097105256331,-0.204050094743669,0.204050094743669,0.204050094743669,0.0416364411649004,0.159111057806358,0.8151143651992,1,0.977402384286209,-0.052216615713791,0.052216615713791,0.052216615713791,0.00272657495660172,0.697175112043684,1.27028013405445,1,1.27029120774299,0.240672207742992,0.240672207742992,0.240672207742992,0.0579231115798859,0.866416202241348,1.67017007217713,1,1.48547941581064,-0.0145205841893639,0.0145205841893639,0.0145205841893639,0.000210847365200404,1.46275068733009,1.51634371056717,1,1.78062186449005,-0.0193781355099512,0.0193781355099512,0.0193781355099512,0.00037551213584203,1.7235246471084,1.8290707980233,1
8,"n600-b1_2-b2_2p8-b3_2p8",600,7,77,1,1,0.6931472,1.029619,1.029619,1.5,1.8,1,1.3,0.0566666666666666,214,81,201,104,FALSE,NA,TRUE,NA,0.758574225130036,0.0654270251300363,0.0654270251300363,0.0654270251300363,0.0042806956173664,0.432569493947526,1.08320734316082,1,1.31878351226896,0.289164512268962,0.289164512268962,0.289164512268962,0.0836161151557465,1.03768318083737,1.60416021197821,0,0.941197024372353,-0.0884219756276466,0.0884219756276466,0.0884219756276466,0.00781844577389614,0.545695376784261,1.3360759030533,1,1.48840961829056,-0.0115903817094392,0.0115903817094392,0.0115903817094392,0.000134336948170502,1.42309554743262,1.54433425952185,1,1.81315133375846,0.0131513337584619,0.0131513337584619,0.0131513337584619,0.000172957579626459,1.77977809474479,1.89711829603627,1
8,"n600-b1_2-b2_2p8-b3_2p8",600,8,78,1,1,0.6931472,1.029619,1.029619,1.5,1.8,1,1.3,0.0683333333333334,212,102,196,90,FALSE,NA,TRUE,NA,0.753603230259239,0.0604560302592393,0.0604560302592393,0.0604560302592393,0.00365493159470606,0.429959148904001,1.07766174002184,1,1.23706425973848,0.207445259738476,0.207445259738476,0.207445259738476,0.0430335357879637,0.938376656214547,1.54361521671653,1,0.75237774049107,-0.27724125950893,0.27724125950893,0.27724125950893,0.0768627159740977,0.361538655355713,1.14665841155402,1,1.49182510600385,-0.0081748939961459,0.0081748939961459,0.0081748939961459,6.68288918482224e-05,1.43986215037338,1.57762771472573,1,1.78899134507888,-0.0110086549211235,0.0110086549211235,0.0110086549211235,0.000121190483172376,1.72981645594007,1.89844368701088,1
8,"n600-b1_2-b2_2p8-b3_2p8",600,9,79,1,1,0.6931472,1.029619,1.029619,1.5,1.8,1,1.3,0.0683333333333334,179,102,206,113,FALSE,NA,TRUE,NA,0.651598051438339,-0.0415491485616613,0.0415491485616613,0.0415491485616613,0.001726331746199,0.345784431829466,0.951290455963427,1,1.11054950986303,0.0809305098630326,0.0809305098630326,0.0809305098630326,0.00654974742669042,0.837266313000507,1.39203749947043,1,0.860183586976481,-0.169435413023519,0.169435413023519,0.169435413023519,0.0287083591864505,0.484048334019896,1.23875341813533,1,1.41290189508104,-0.0870981049189603,0.0870981049189603,0.0870981049189603,0.00758607988047422,1.3417234867507,1.51659995415308,1,1.83358550403873,0.0335855040387263,0.0335855040387263,0.0335855040387263,0.0011279860815353,1.69738916872934,1.90215317191997,1
8,"n600-b1_2-b2_2p8-b3_2p8",600,10,80,1,1,0.6931472,1.029619,1.029619,1.5,1.8,1,1.3,0.0683333333333334,219,97,191,93,FALSE,NA,TRUE,NA,0.743035517825565,0.0498883178255652,0.0498883178255652,0.0498883178255652,0.00248884425546461,0.427736198450381,1.0568223614075,1,0.892384758535287,-0.137234241464713,0.137234241464713,0.137234241464713,0.0188332370303952,0.606298141391016,1.18520246487552,1,0.954827261754983,-0.0747917382450175,0.0747917382450175,0.0747917382450175,0.00559380410971121,0.568332579943289,1.34546913460164,1,1.57321975744823,0.0732197574482263,0.0732197574482263,0.0732197574482263,0.00536113288077709,1.44731779260034,1.72778598848958,1,1.81899517444822,0.0189951744482197,0.0189951744482197,0.0189951744482197,0.0003608166523183,1.75037134794496,1.9574494583004,1
9,"n600-b1_2-b2_2p8-b3_2p8",600,1,81,1,1,0.6931472,1.029619,1.029619,1.5,1.8,1,1.3,0.0916666666666667,210,84,207,99,FALSE,NA,TRUE,NA,1.21033405944511,0.517186859445111,0.517186859445111,0.517186859445111,0.267482247582697,0.859270727248509,1.56633618813217,0,1.6282076569137,0.598588656913697,0.598588656913697,0.598588656913697,0.358308380185743,1.31267301608453,1.95356341513906,0,0.358777325486201,-0.670841674513799,0.670841674513799,0.670841674513799,0.450028552264477,-0.0545117896971139,0.771757857014021,0,1.54725633071954,0.0472563307195379,0.0472563307195379,0.0472563307195379,0.00223316079307435,1.47544705938258,1.67061097048443,1,1.84232299319549,0.0423229931954863,0.0423229931954863,0.0423229931954863,0.00179123575302518,1.74733050688299,1.97410488623943,1
9,"n600-b1_2-b2_2p8-b3_2p8",600,2,82,1,1,0.6931472,1.029619,1.029619,1.5,1.8,1,1.3,0.0566666666666666,202,104,204,90,FALSE,NA,TRUE,NA,0.632490831746381,-0.0606563682536188,0.0606563682536188,0.0606563682536188,0.00367919500971861,0.325981311575678,0.944808672224251,1,0.918281528087635,-0.111337471912365,0.111337471912365,0.111337471912365,0.0123960326518366,0.642526361155642,1.204751180822,1,1.16124930825167,0.131630308251673,0.131630308251673,0.131630308251673,0.0173265380504303,0.775940626901174,1.53777722451337,1,1.50488087715866,0.00488087715865548,0.00488087715865548,0.00488087715865548,2.38229618378848e-05,1.44491587039996,1.56645340147376,1,1.83575286757489,0.0357528675748913,0.0357528675748913,0.0357528675748913,0.00127826753982771,1.76948811121669,1.912082709953,1
9,"n600-b1_2-b2_2p8-b3_2p8",600,3,83,1,1,0.6931472,1.029619,1.029619,1.5,1.8,1,1.3,0.045,183,105,210,102,FALSE,NA,TRUE,NA,0.464558505896304,-0.228588694103696,0.228588694103696,0.228588694103696,0.0522527910720332,0.165724716121657,0.760892147262118,1,1.04673451695178,0.0171155169517756,0.0171155169517756,0.0171155169517756,0.000292940920526518,0.77853367715406,1.31840552216413,1,1.38968348133751,0.360064481337507,0.360064481337507,0.360064481337507,0.129646430720848,1.0032135340389,1.77741073105911,1,1.52397175555068,0.0239717555506829,0.0239717555506829,0.0239717555506829,0.000574645064181695,1.47501276422943,1.60462036918032,1,1.81258280427438,0.0125828042743772,0.0125828042743772,0.0125828042743772,0.000158326963407285,1.76506051786268,1.89454115089817,1
9,"n600-b1_2-b2_2p8-b3_2p8",600,4,84,1,1,0.6931472,1.029619,1.029619,1.5,1.8,1,1.3,0.055,200,86,219,95,FALSE,NA,TRUE,NA,0.918279980567405,0.225132780567405,0.225132780567405,0.225132780567405,0.0506847688860112,0.583109114774258,1.25752993479532,1,1.13033525130985,0.100716251309854,0.100716251309854,0.100716251309854,0.0101437632779097,0.839222144494514,1.43132192082829,1,0.700062814844373,-0.329556185155627,0.329556185155627,0.329556185155627,0.10860727917433,0.30265258023988,1.09616201731079,1,1.50290295911148,0.00290295911147531,0.00290295911147531,0.00290295911147531,8.42717160289753e-06,1.46333842010936,1.56595084495158,1,1.75598866961718,-0.0440113303828236,0.0440113303828236,0.0440113303828236,0.00193699720206605,1.70987325619716,1.80556593312834,1
9,"n600-b1_2-b2_2p8-b3_2p8",600,5,85,1,1,0.6931472,1.029619,1.029619,1.5,1.8,1,1.3,0.07,191,95,221,93,FALSE,NA,TRUE,NA,0.372670817538845,-0.320476382461155,0.320476382461155,0.320476382461155,0.102705111715389,0.0606475120973651,0.686600051913262,0,0.886085078017523,-0.143533921982477,0.143533921982477,0.143533921982477,0.0206019867596717,0.61324180582331,1.16396206647562,1,1.50759552926963,0.477976529269631,0.477976529269631,0.477976529269631,0.228461562532642,1.11507210510757,1.89822729805612,0,1.54289067164133,0.0428906716413273,0.0428906716413273,0.0428906716413273,0.00183960971384416,1.4991286344146,1.60545281591384,1,1.79575643412278,-0.0042435658772193,0.0042435658772193,0.0042435658772193,1.80078513543e-05,1.75024276798726,1.8379829059338,1
9,"n600-b1_2-b2_2p8-b3_2p8",600,6,86,1,1,0.6931472,1.029619,1.029619,1.5,1.8,1,1.3,0.0649999999999999,207,87,200,106,FALSE,NA,TRUE,NA,0.85090557391845,0.15775837391845,0.15775837391845,0.15775837391845,0.0248877045413934,0.529043058575491,1.17502814595009,1,1.13400442935225,0.104385429352246,0.104385429352246,0.104385429352246,0.0108963178610527,0.852774262702663,1.42287749313072,1,0.824675947685859,-0.204943052314141,0.204943052314141,0.204943052314141,0.0420016546918368,0.433761370350856,1.21233980983496,1,1.52569270222446,0.025692702224464,0.025692702224464,0.025692702224464,0.000660114947594975,1.43471729962976,1.6058798313415,1,1.8146192689322,0.0146192689321982,0.0146192689321982,0.0146192689321982,0.000213723024111936,1.6903504526604,1.92552946453137,1
9,"n600-b1_2-b2_2p8-b3_2p8",600,7,87,1,1,0.6931472,1.029619,1.029619,1.5,1.8,1,1.3,0.0666666666666667,188,84,209,119,FALSE,NA,TRUE,NA,0.554421693398534,-0.138725506601466,0.138725506601466,0.138725506601466,0.0192447661818333,0.248779871144362,0.8606445806885,1,0.932641393510856,-0.0969776064891446,0.0969776064891446,0.0969776064891446,0.00940465616036337,0.675329168280862,1.19541369650265,1,1.34950046600709,0.31988146600709,0.31988146600709,0.31988146600709,0.102324152294845,0.968685435450767,1.72926461143135,1,1.50354471376689,0.00354471376689092,0.00354471376689092,0.00354471376689092,1.2564995689186e-05,1.45540580601896,1.58318780006706,1,1.83351311002791,0.0335131100279096,0.0335131100279096,0.0335131100279096,0.00112312854374277,1.79497914929896,1.90675668076275,1
9,"n600-b1_2-b2_2p8-b3_2p8",600,8,88,1,1,0.6931472,1.029619,1.029619,1.5,1.8,1,1.3,0.0683333333333334,201,98,198,103,FALSE,NA,TRUE,NA,0.722939039074805,0.0297918390748054,0.0297918390748054,0.0297918390748054,0.000887553675459103,0.417280317689372,1.02684746062241,1,1.11536925319587,0.0857502531958669,0.0857502531958669,0.0857502531958669,0.00735310592315529,0.838768069256986,1.40006791588484,1,0.852659087803735,-0.176959912196265,0.176959912196265,0.176959912196265,0.03131481052451,0.473191788892443,1.2273095321303,1,1.48551830309802,-0.0144816969019759,0.0144816969019759,0.0144816969019759,0.000209719545160698,1.45592824117445,1.57084206640335,1,1.81030104301681,0.0103010430168133,0.0103010430168133,0.0103010430168133,0.000106111487234239,1.77100024690269,1.92607557847153,1
9,"n600-b1_2-b2_2p8-b3_2p8",600,9,89,1,1,0.6931472,1.029619,1.029619,1.5,1.8,1,1.3,0.0716666666666667,198,113,189,100,FALSE,NA,TRUE,NA,0.528808984255736,-0.164338215744264,0.164338215744264,0.164338215744264,0.0270070491540084,0.231251411608031,0.83308177706877,1,0.764914587883496,-0.264704412116504,0.264704412116504,0.264704412116504,0.0700684257939442,0.49764762781476,1.04201768106216,1,1.19745841468183,0.167839414681826,0.167839414681826,0.167839414681826,0.028170069120738,0.823316653449787,1.56996253810272,1,1.46697560479402,-0.0330243952059845,0.0330243952059845,0.0330243952059845,0.00109061067872106,1.39585926552777,1.58331295983288,1,1.71017183268569,-0.0898281673143144,0.0898281673143144,0.0898281673143144,0.00806909964304847,1.6229431407846,1.80616006018518,1
9,"n600-b1_2-b2_2p8-b3_2p8",600,10,90,1,1,0.6931472,1.029619,1.029619,1.5,1.8,1,1.3,0.105,202,97,193,108,FALSE,NA,TRUE,NA,0.792489397035355,0.0993421970353549,0.0993421970353549,0.0993421970353549,0.00986887211181127,0.465883150582948,1.12241792819962,1,1.09017365426253,0.0605546542625288,0.0605546542625288,0.0605546542625288,0.0036668661528544,0.799770687462888,1.3959408874335,1,0.937826769402846,-0.0917922305971544,0.0917922305971544,0.0917922305971544,0.00842581359800116,0.538189891482291,1.34335206245435,1,1.47586248696519,-0.0241375130348103,0.0241375130348103,0.0241375130348103,0.000582619535505635,1.38386355485859,1.59231212252328,1,1.72692755578569,-0.073072444214312,0.073072444214312,0.073072444214312,0.00533958210345374,1.53280698880059,1.96665223605642,1
10,"n600-b1_2-b2_2p8-b3_2p8",600,1,91,1,1,0.6931472,1.029619,1.029619,1.5,1.8,1,1.3,0.0649999999999999,232,111,168,89,FALSE,NA,TRUE,NA,0.699995411026351,0.00684821102635114,0.00684821102635114,0.00684821102635114,4.68979942614373e-05,0.382374021029333,1.02448339385703,1,1.15900975454626,0.129390754546261,0.129390754546261,0.129390754546261,0.0167419673620508,0.856559216907552,1.46734149066606,1,0.852419644994938,-0.177199355005062,0.177199355005062,0.177199355005062,0.03139961141421,0.457535249487135,1.23933816774504,1,1.42786795217683,-0.0721320478231695,0.0721320478231695,0.0721320478231695,0.00520303232316401,1.2814730079788,1.54756833607992,1,1.7513581601971,-0.0486418398029023,0.0486418398029023,0.0486418398029023,0.00236602857941121,1.57072528767547,1.89396941940335,1
10,"n600-b1_2-b2_2p8-b3_2p8",600,2,92,1,1,0.6931472,1.029619,1.029619,1.5,1.8,1,1.3,0.085,208,99,189,104,FALSE,NA,TRUE,NA,0.580026887099375,-0.113120312900625,0.113120312900625,0.113120312900625,0.0127962051907352,0.266218409374828,0.891801341927166,1,1.1621823442036,0.132563344203599,0.132563344203599,0.132563344203599,0.0175730402264418,0.879465677373732,1.45216026556689,1,1.24229069162944,0.212671691629435,0.212671691629435,0.212671691629435,0.0452292484205255,0.849901300106326,1.6403115617321,1,1.44129367512642,-0.0587063248735806,0.0587063248735806,0.0587063248735806,0.00344643258016239,1.34061740843988,1.59349588098648,1,1.76951278184509,-0.0304872181549081,0.0304872181549081,0.0304872181549081,0.000929470470824956,1.70681882567694,1.86661900020629,1
10,"n600-b1_2-b2_2p8-b3_2p8",600,3,93,1,1,0.6931472,1.029619,1.029619,1.5,1.8,1,1.3,0.0733333333333334,211,87,202,100,FALSE,NA,TRUE,NA,0.810445484288047,0.117298284288047,0.117298284288047,0.117298284288047,0.0137588874969195,0.486540724852013,1.13964246125797,1,1.12509956236622,0.0954805623662187,0.0954805623662187,0.0954805623662187,0.00911653778976938,0.839705758379406,1.41790102544991,1,0.955956092729208,-0.0736629072707923,0.0736629072707923,0.0736629072707923,0.00542622390758534,0.54945436052781,1.35318387115953,1,1.41165765842413,-0.0883423415758675,0.0883423415758675,0.0883423415758675,0.00780436931510725,1.28484794481754,1.50746343715064,1,1.75833423749255,-0.0416657625074475,0.0416657625074475,0.0416657625074475,0.00173603576532702,1.70757530134895,1.83531030370127,1
10,"n600-b1_2-b2_2p8-b3_2p8",600,4,94,1,1,0.6931472,1.029619,1.029619,1.5,1.8,1,1.3,0.0649999999999999,205,85,209,101,FALSE,NA,TRUE,NA,0.627505950280137,-0.0656412497198634,0.0656412497198634,0.0656412497198634,0.00430877366478547,0.309121903421788,0.943292642473227,1,0.765294614452885,-0.264324385547115,0.264324385547115,0.264324385547115,0.0698673807948597,0.500479841205983,1.03144763834907,1,1.19965516377141,0.170036163771414,0.170036163771414,0.170036163771414,0.0289122969900991,0.811490683442647,1.59050002800877,1,1.54742498107656,0.0474249810765599,0.0474249810765599,0.0474249810765599,0.00224912883011207,1.46917112443008,1.72368963437205,1,1.81892128382176,0.0189212838217581,0.0189212838217581,0.0189212838217581,0.000358014981463523,1.68951157685446,1.9562805097549,1
10,"n600-b1_2-b2_2p8-b3_2p8",600,5,95,1,1,0.6931472,1.029619,1.029619,1.5,1.8,1,1.3,0.0683333333333334,189,94,193,124,FALSE,NA,TRUE,NA,0.629760724809661,-0.063386475190339,0.063386475190339,0.063386475190339,0.00401784523705546,0.334992378446119,0.924857583330162,1,1.00960662084936,-0.0200123791506421,0.0200123791506421,0.0200123791506421,0.000400495319269056,0.750351808727702,1.27734249301608,1,1.08378875682378,0.0541697568237787,0.0541697568237787,0.0541697568237787,0.00293436255434732,0.710764735573138,1.46209602153206,1,1.54324391500546,0.043243915005462,0.043243915005462,0.043243915005462,0.00187003618499962,1.47437600873602,1.69634994185579,1,1.83644084019514,0.0364408401951417,0.0364408401951417,0.0364408401951417,0.00132793483412786,1.78193589488744,1.98233973582168,1
10,"n600-b1_2-b2_2p8-b3_2p8",600,6,96,1,1,0.6931472,1.029619,1.029619,1.5,1.8,1,1.3,0.0733333333333334,196,109,192,103,FALSE,NA,TRUE,NA,0.895265334934927,0.202118134934927,0.202118134934927,0.202118134934927,0.0408517404695734,0.593029297179072,1.21323545485065,1,1.16568525882691,0.136066258826911,0.136066258826911,0.136066258826911,0.0185140267911518,0.878606199637572,1.46278752120568,1,0.868656083343291,-0.160962916656709,0.160962916656709,0.160962916656709,0.0259090605386346,0.473415564186581,1.25048391846382,1,1.47646408746041,-0.02353591253959,0.02353591253959,0.02353591253959,0.000553939179071229,1.39035425147143,1.58642489229457,1,1.81499561772575,0.0149956177257546,0.0149956177257546,0.0149956177257546,0.000224868550976967,1.70528339696622,1.9690756045185,1
10,"n600-b1_2-b2_2p8-b3_2p8",600,7,97,1,1,0.6931472,1.029619,1.029619,1.5,1.8,1,1.3,0.0716666666666667,194,92,218,96,FALSE,NA,TRUE,NA,0.78370119857429,0.0905539985742905,0.0905539985742905,0.0905539985742905,0.0082000266577926,0.45364269500514,1.11979062406853,1,1.11456191156084,0.0849429115608424,0.0849429115608424,0.0849429115608424,0.0072152982244331,0.821796164768002,1.41670277722273,1,0.856159811567858,-0.173459188432142,0.173459188432142,0.173459188432142,0.0300880900515373,0.452442840293509,1.24973394505306,1,1.58625865676563,0.0862586567656269,0.0862586567656269,0.0862586567656269,0.00744055586701024,1.41792306421293,1.73644487895984,1,1.83967832307238,0.0396783230723798,0.0396783230723798,0.0396783230723798,0.00157436932183615,1.74416356312369,1.90302982311043,1
10,"n600-b1_2-b2_2p8-b3_2p8",600,8,98,1,1,0.6931472,1.029619,1.029619,1.5,1.8,1,1.3,0.0649999999999999,233,93,177,97,FALSE,NA,TRUE,NA,0.866940536817286,0.173793336817286,0.173793336817286,0.173793336817286,0.0302041239220867,0.533827477584709,1.19657447482715,1,0.950977148266555,-0.0786418517334452,0.0786418517334452,0.0786418517334452,0.00618454084406517,0.65983484778814,1.25256331939495,1,0.905326747034577,-0.124292252965423,0.124292252965423,0.124292252965423,0.0154485641472206,0.507368967111721,1.30235071117238,1,1.45951664036794,-0.0404833596320553,0.0404833596320553,0.0404833596320553,0.00163890240709832,1.41287381730632,1.51423459163374,1,1.73508432344454,-0.0649156765554635,0.0649156765554635,0.0649156765554635,0.00421404506265355,1.64019765726821,1.79849038574837,0
10,"n600-b1_2-b2_2p8-b3_2p8",600,9,99,1,1,0.6931472,1.029619,1.029619,1.5,1.8,1,1.3,0.0783333333333334,192,96,215,97,FALSE,NA,TRUE,NA,0.736024310575971,0.0428771105759708,0.0428771105759708,0.0428771105759708,0.00183844661134402,0.408250062954119,1.06528970582063,1,1.21552691647625,0.185907916476248,0.185907916476248,0.185907916476248,0.0345617534085395,0.928139611887237,1.51593019644417,1,1.04906834999326,0.0194493499932611,0.0194493499932611,0.0194493499932611,0.000378277215160365,0.649226565504715,1.45513508062719,1,1.46804241446955,-0.0319575855304512,0.0319575855304512,0.0319575855304512,0.00102128727293611,1.36170929283995,1.55994849713547,1,1.76264231995993,-0.0373576800400686,0.0373576800400686,0.0373576800400686,0.00139559625797614,1.67429291063878,1.83269657829075,1
10,"n600-b1_2-b2_2p8-b3_2p8",600,10,100,1,1,0.6931472,1.029619,1.029619,1.5,1.8,1,1.3,0.0816666666666667,194,96,199,111,FALSE,NA,TRUE,NA,0.669983943954058,-0.0231632560459419,0.0231632560459419,0.0231632560459419,0.000536536430649866,0.358539112755297,0.97940544837341,1,0.850068011942832,-0.179550988057169,0.179550988057169,0.179550988057169,0.0322385573123055,0.581470466379363,1.12978607460099,1,1.15869543894043,0.129076438940426,0.129076438940426,0.129076438940426,0.0166607270895416,0.769148402850756,1.54837181857449,1,1.53467684889287,0.0346768488928726,0.0346768488928726,0.0346768488928726,0.00120248384913912,1.42611134345152,1.69407295104184,1,1.81804320099398,0.0180432009939782,0.0180432009939782,0.0180432009939782,0.000325557102109094,1.72978909241443,2.03534734280197,1
11,"n600-b1_2-b2_2p8-b3_2p8",600,1,101,1,1,0.6931472,1.029619,1.029619,1.5,1.8,1,1.3,0.0583333333333333,191,107,191,111,FALSE,NA,TRUE,NA,0.83239509726932,0.13924789726932,0.13924789726932,0.13924789726932,0.0193899768939271,0.52548829116088,1.14418089659253,1,1.06393117178379,0.0343121717837878,0.0343121717837878,0.0343121717837878,0.00117732513252016,0.788800437376894,1.34896927953385,1,1.04437527197174,0.0147562719717416,0.0147562719717416,0.0147562719717416,0.000217747562504006,0.662637070561244,1.43115463796141,1,1.52612114669027,0.0261211466902738,0.0261211466902738,0.0261211466902738,0.0006823143044148,1.46557837692481,1.65169098332036,1,1.84827713398658,0.0482771339865842,0.0482771339865842,0.0482771339865842,0.0023306816659586,1.74554516147291,1.98717368295775,1
11,"n600-b1_2-b2_2p8-b3_2p8",600,2,102,1,1,0.6931472,1.029619,1.029619,1.5,1.8,1,1.3,0.0616666666666666,183,111,200,106,FALSE,NA,TRUE,NA,0.857221026860831,0.164073826860831,0.164073826860831,0.164073826860831,0.0269202206607578,0.558424214399704,1.16038642612404,1,1.05060895397515,0.0209899539751508,0.0209899539751508,0.0209899539751508,0.000440578167878949,0.784644730040815,1.32215286010369,1,1.10982881727952,0.0802098172795156,0.0802098172795156,0.0802098172795156,0.00643361478801328,0.729806790473573,1.48355106407282,1,1.56485274191528,0.0648527419152758,0.0648527419152758,0.0648527419152758,0.00420587813392937,1.46537662162117,1.64991305374634,1,1.82789694563727,0.0278969456372664,0.0278969456372664,0.0278969456372664,0.000778239575888598,1.78291445491442,1.94350099004074,1
11,"n600-b1_2-b2_2p8-b3_2p8",600,3,103,1,1,0.6931472,1.029619,1.029619,1.5,1.8,1,1.3,0.0733333333333334,221,94,189,96,FALSE,NA,TRUE,NA,0.631552065152012,-0.0615951348479882,0.0615951348479882,0.0615951348479882,0.00379396063694185,0.317029048443966,0.953913372509349,1,0.938403339536795,-0.0912156604632046,0.0912156604632046,0.0912156604632046,0.00832029671373863,0.659160053983137,1.2271440259818,1,1.23096036770121,0.201341367701209,0.201341367701209,0.201341367701209,0.0405383463477936,0.829802243249203,1.62593849356727,1,1.50070474103901,0.000704741039009305,0.000704741039009305,0.000704741039009305,4.96659932063914e-07,1.44413277247737,1.75545365410452,1,1.97829030823132,0.178290308231316,0.178290308231316,0.178290308231316,0.0317874340092177,1.81215493959953,2.17606721590954,0
11,"n600-b1_2-b2_2p8-b3_2p8",600,4,104,1,1,0.6931472,1.029619,1.029619,1.5,1.8,1,1.3,0.0616666666666666,195,108,210,87,FALSE,NA,TRUE,NA,0.703602336212088,0.010455136212088,0.010455136212088,0.010455136212088,0.000109309873213315,0.391837419326431,1.01864384886467,1,1.07666212000567,0.0470431200056716,0.0470431200056716,0.0470431200056716,0.00221305513986802,0.789920655795151,1.36603747499815,1,1.19849270749018,0.168873707490184,0.168873707490184,0.168873707490184,0.0285183290814804,0.805663525025513,1.59152516225032,1,1.53884049826462,0.0388404982646249,0.0388404982646249,0.0388404982646249,0.00150858430544433,1.46962696413634,1.64383604355652,1,1.81964396305058,0.0196439630505763,0.0196439630505763,0.0196439630505763,0.000385885284332405,1.7020295104207,1.91246224642757,1
11,"n600-b1_2-b2_2p8-b3_2p8",600,5,105,1,1,0.6931472,1.029619,1.029619,1.5,1.8,1,1.3,0.0533333333333333,208,87,208,97,FALSE,NA,TRUE,NA,0.596768944384068,-0.0963782556159315,0.0963782556159315,0.0963782556159315,0.00928876815556983,0.282376066029897,0.909526356403714,1,0.948373709024555,-0.0812452909754448,0.0812452909754448,0.0812452909754448,0.00660079730568468,0.677568870846147,1.22696276267775,1,1.08990539469219,0.0602863946921939,0.0602863946921939,0.0602863946921939,0.00363444938498298,0.700850389600798,1.47853453475512,1,1.59400298548883,0.0940029854888291,0.0940029854888291,0.0940029854888291,0.00883656128081302,1.49808028777144,1.7567105624015,1,1.83338048705789,0.0333804870578895,0.0333804870578895,0.0333804870578895,0.00111425691622193,1.71500828530988,1.98618708076021,1
11,"n600-b1_2-b2_2p8-b3_2p8",600,6,106,1,1,0.6931472,1.029619,1.029619,1.5,1.8,1,1.3,0.0649999999999999,182,114,215,89,FALSE,NA,TRUE,NA,0.574649169561551,-0.118498030438449,0.118498030438449,0.118498030438449,0.0140417832177917,0.274751433164338,0.873602459879159,1,0.833511431118053,-0.196107568881947,0.196107568881947,0.196107568881947,0.0384581785727874,0.558305764930768,1.11300107709987,1,1.16415738990917,0.134538389909166,0.134538389909166,0.134538389909166,0.0181005783593507,0.783486060690776,1.54251887376133,1,1.54189563075949,0.0418956307594869,0.0418956307594869,0.0418956307594869,0.00175524387673526,1.45631052025205,1.64596895807947,1,1.96552337211004,0.165523372110037,0.165523372110037,0.165523372110037,0.0273979867146779,1.7813829265602,2.24633932785818,1
11,"n600-b1_2-b2_2p8-b3_2p8",600,7,107,1,1,0.6931472,1.029619,1.029619,1.5,1.8,1,1.3,0.0716666666666667,193,95,216,96,FALSE,NA,TRUE,NA,0.673584924127646,-0.0195622758723539,0.0195622758723539,0.0195622758723539,0.000382682637306081,0.352337632006009,0.998132906433859,1,1.24401465008651,0.214395650086511,0.214395650086511,0.214395650086511,0.0459654947760178,0.962143265608317,1.53176865021786,1,0.969426397006679,-0.0601926029933207,0.0601926029933207,0.0601926029933207,0.00362314945511153,0.581486611035732,1.35360192588226,1,1.47018927679816,-0.0298107232018396,0.0298107232018396,0.0298107232018396,0.0008886792178167,1.4176560672834,1.51777284695978,1,1.78225209385452,-0.0177479061454795,0.0177479061454795,0.0177479061454795,0.000314988172548749,1.74793551868587,1.84148978997954,1
11,"n600-b1_2-b2_2p8-b3_2p8",600,8,108,1,1,0.6931472,1.029619,1.029619,1.5,1.8,1,1.3,0.0583333333333333,206,103,205,86,FALSE,NA,TRUE,NA,0.667680256624554,-0.0254669433754459,0.0254669433754459,0.0254669433754459,0.000648565204888166,0.347228899431648,0.991661126822168,1,0.897443944209259,-0.132175055790741,0.132175055790741,0.132175055790741,0.0174702453732856,0.609920320594135,1.19163904236849,1,1.00386357387111,-0.0257554261288853,0.0257554261288853,0.0257554261288853,0.000663341975080466,0.608299058180207,1.39732126108666,1,1.4958482687206,-0.00415173127940327,0.00415173127940327,0.00415173127940327,1.72368726163755e-05,1.4403916658093,1.56278215984739,1,1.78475341012951,-0.0152465898704899,0.0152465898704899,0.0152465898704899,0.000232458502678925,1.73450810839489,1.83105036626804,1
11,"n600-b1_2-b2_2p8-b3_2p8",600,9,109,1,1,0.6931472,1.029619,1.029619,1.5,1.8,1,1.3,0.085,209,108,180,103,FALSE,NA,TRUE,NA,0.584626051895026,-0.108521148104974,0.108521148104974,0.108521148104974,0.0117768395860218,0.282978470248355,0.888330185549345,1,0.975656139268333,-0.0539628607316672,0.0539628607316672,0.0539628607316672,0.00291199033834531,0.696477696254251,1.25833717586776,1,1.09714795896919,0.0675289589691899,0.0675289589691899,0.0675289589691899,0.00456016029946253,0.711908014357115,1.47816341556615,1,1.53352404646333,0.0335240464633277,0.0335240464633277,0.0335240464633277,0.00112386169127536,1.48516423047899,1.64985830666061,1,1.76808524850514,-0.0319147514948586,0.0319147514948586,0.0319147514948586,0.00101855136297858,1.71120447207334,1.98398380467166,1
11,"n600-b1_2-b2_2p8-b3_2p8",600,10,110,1,1,0.6931472,1.029619,1.029619,1.5,1.8,1,1.3,0.0816666666666667,190,100,200,110,FALSE,NA,TRUE,NA,0.734793747005769,0.0416465470057689,0.0416465470057689,0.0416465470057689,0.00173443487750372,0.437098906855753,1.03469713825164,1,1.20422208842681,0.174603088426807,0.174603088426807,0.174603088426807,0.0304862384881796,0.937059606475536,1.4811295689808,1,0.855848989202342,-0.173770010797658,0.173770010797658,0.173770010797658,0.0301960166526181,0.479954591241143,1.22976854099179,1,1.64149866641359,0.141498666413589,0.141498666413589,0.141498666413589,0.020021872596824,1.47618900321418,1.90600776933741,1,1.97909287195163,0.179092871951629,0.179092871951629,0.179092871951629,0.0320742567838827,1.71665319342656,2.10153429864977,1
12,"n600-b1_2-b2_2p8-b3_2p8",600,1,111,1,1,0.6931472,1.029619,1.029619,1.5,1.8,1,1.3,0.0616666666666666,189,106,200,105,FALSE,NA,TRUE,NA,0.463517474720923,-0.229629725279077,0.229629725279077,0.229629725279077,0.0527298107317445,0.168550694688829,0.755369534250116,1,0.883666612533073,-0.145952387466927,0.145952387466927,0.145952387466927,0.0213020994072959,0.616581932038391,1.15354765338453,1,1.0957432560499,0.0661242560498958,0.0661242560498958,0.0661242560498958,0.00437241723815218,0.723683371990743,1.4650587781101,1,1.54686207925583,0.0468620792558316,0.0468620792558316,0.0468620792558316,0.00219605447217985,1.46707595273738,1.62435827798725,1,1.82441737318223,0.0244173731822297,0.0244173731822297,0.0244173731822297,0.00059620811312027,1.77820668447201,1.90729590765223,1
12,"n600-b1_2-b2_2p8-b3_2p8",600,2,112,1,1,0.6931472,1.029619,1.029619,1.5,1.8,1,1.3,0.0666666666666667,197,91,211,101,FALSE,NA,TRUE,NA,0.619221269886682,-0.0739259301133178,0.0739259301133178,0.0739259301133178,0.00546504314311915,0.302718714382044,0.935383394480638,1,0.963102915998125,-0.0665160840018755,0.0665160840018755,0.0665160840018755,0.00442438943094455,0.690186770594182,1.2423814194874,1,1.08213980671747,0.0525208067174661,0.0525208067174661,0.0525208067174661,0.00275843513825343,0.692799452771879,1.47245544781154,1,1.40082301619634,-0.0991769838036618,0.0991769838036618,0.0991769838036618,0.0098360741163918,1.35583773785938,1.49030131300017,0,1.85676635343051,0.0567663534305121,0.0567663534305121,0.0567663534305121,0.00322241888179781,1.76951918903805,1.95308776106426,1
12,"n600-b1_2-b2_2p8-b3_2p8",600,3,113,1,1,0.6931472,1.029619,1.029619,1.5,1.8,1,1.3,0.0649999999999999,198,96,210,96,FALSE,NA,TRUE,NA,0.596690210441116,-0.0964569895588836,0.0964569895588836,0.0964569895588836,0.00930395083476258,0.285351299770201,0.91111935568245,1,1.1871481770604,0.157529177060405,0.157529177060405,0.157529177060405,0.0248154416253283,0.90876752561001,1.46780519753371,1,0.970727572552962,-0.058891427447038,0.058891427447038,0.058891427447038,0.00346820022674974,0.578741517929991,1.35799422818889,1,1.53095046624971,0.0309504662497064,0.0309504662497064,0.0309504662497064,0.000957931361074217,1.45097435075994,1.60805939488863,1,1.85335846017601,0.0533584601760091,0.0533584601760091,0.0533584601760091,0.00284712527235475,1.77816562797917,1.93923700476519,1
12,"n600-b1_2-b2_2p8-b3_2p8",600,4,114,1,1,0.6931472,1.029619,1.029619,1.5,1.8,1,1.3,0.0583333333333333,186,100,208,106,FALSE,NA,TRUE,NA,0.624299877812287,-0.0688473221877134,0.0688473221877134,0.0688473221877134,0.00473995377241881,0.326692191094224,0.921468286505077,1,0.87132460664708,-0.15829439335292,0.15829439335292,0.15829439335292,0.0250571149669689,0.611624854604122,1.13171538511973,1,1.06907068669178,0.0394516866917756,0.0394516866917756,0.0394516866917756,0.00155643558282602,0.698406547981839,1.43882903622115,1,1.54917158272015,0.0491715827201546,0.0491715827201546,0.0491715827201546,0.00241784454720501,1.48021660630193,1.66979483804359,1,1.82837002428367,0.0283700242836744,0.0283700242836744,0.0283700242836744,0.000804858277856276,1.74414637439059,2.05071099095511,1
12,"n600-b1_2-b2_2p8-b3_2p8",600,5,115,1,1,0.6931472,1.029619,1.029619,1.5,1.8,1,1.3,0.0683333333333334,199,102,188,111,FALSE,NA,TRUE,NA,0.998168507479639,0.305021307479639,0.305021307479639,0.305021307479639,0.0930379980165884,0.699942373773777,1.30529562354508,0,1.14172365874258,0.112104658742583,0.112104658742583,0.112104658742583,0.012567454511791,0.867489524964572,1.42126923111091,1,0.812259517169598,-0.217359482830402,0.217359482830402,0.217359482830402,0.0472451447762999,0.428391231570972,1.19332306476863,1,1.54363548707424,0.0436354870742373,0.0436354870742373,0.0436354870742373,0.00190405573220593,1.46798374389282,1.75181320572357,1,1.85896036838209,0.0589603683820941,0.0589603683820941,0.0589603683820941,0.00347632503975224,1.75206182167752,2.14540455445833,1
12,"n600-b1_2-b2_2p8-b3_2p8",600,6,116,1,1,0.6931472,1.029619,1.029619,1.5,1.8,1,1.3,0.0666666666666667,188,110,214,88,FALSE,NA,TRUE,NA,0.617883367495081,-0.0752638325049193,0.0752638325049193,0.0752638325049193,0.00566464448332855,0.305189549322872,0.932461920415794,1,0.937873754629852,-0.0917452453701482,0.0917452453701482,0.0917452453701482,0.00841719004802869,0.654581457027548,1.23739042563169,1,1.16116595024968,0.131546950249678,0.131546950249678,0.131546950249678,0.0173046001199913,0.760682642286651,1.54784603314869,1,1.49101388587974,-0.00898611412025541,0.00898611412025541,0.00898611412025541,8.07502469822536e-05,1.35521366066833,1.63599878332186,1,1.90447317874944,0.104473178749436,0.104473178749436,0.104473178749436,0.0109146450780116,1.66948070997291,2.1041280963743,1
12,"n600-b1_2-b2_2p8-b3_2p8",600,7,117,1,1,0.6931472,1.029619,1.029619,1.5,1.8,1,1.3,0.0649999999999999,203,97,184,116,FALSE,NA,TRUE,NA,0.480050476603222,-0.213096723396778,0.213096723396778,0.213096723396778,0.0454102135224429,0.185024110593505,0.77887983219182,1,1.10758731741258,0.0779683174125838,0.0779683174125838,0.0779683174125838,0.00607905852014942,0.838546952282358,1.38327585826229,1,1.12242394454089,0.0928049445408914,0.0928049445408914,0.0928049445408914,0.00861275773123793,0.743018624345571,1.49752910152699,1,1.49561452824864,-0.00438547175136428,0.00438547175136428,0.00438547175136428,1.92323624820141e-05,1.38685635936269,1.67891721451855,1,1.72081562037905,-0.0791843796209524,0.0791843796209524,0.0791843796209524,0.0062701659759551,1.62831571689397,1.89700497318389,1
12,"n600-b1_2-b2_2p8-b3_2p8",600,8,118,1,1,0.6931472,1.029619,1.029619,1.5,1.8,1,1.3,0.0916666666666667,187,102,191,120,FALSE,NA,TRUE,NA,0.84200200378814,0.14885480378814,0.14885480378814,0.14885480378814,0.0221577526108057,0.546332220216494,1.14435715641189,1,1.05628969862055,0.0266706986205494,0.0266706986205494,0.0266706986205494,0.000711326164908175,0.794152074886162,1.33245456793447,1,0.85610485081639,-0.17351414918361,0.17351414918361,0.17351414918361,0.0301071599669121,0.478047614577792,1.23418026966158,1,1.51491636846099,0.014916368460987,0.014916368460987,0.014916368460987,0.000222498048063927,1.47245100065583,1.58173031193701,1,1.76804300906663,-0.0319569909333666,0.0319569909333666,0.0319569909333666,0.00102124926951527,1.68635683571289,1.92194006926207,1
12,"n600-b1_2-b2_2p8-b3_2p8",600,9,119,1,1,0.6931472,1.029619,1.029619,1.5,1.8,1,1.3,0.0783333333333334,194,109,211,86,FALSE,NA,TRUE,NA,0.804918106061548,0.111770906061548,0.111770906061548,0.111770906061548,0.0124927354418194,0.470760861965584,1.14519487788679,1,1.06424295470405,0.0346239547040466,0.0346239547040466,0.0346239547040466,0.00119881823934787,0.764823745725878,1.37468200361034,1,0.826678124797383,-0.202940875202617,0.202940875202617,0.202940875202617,0.0411849988280042,0.427124947351078,1.2249189719433,1,1.40554530371005,-0.0944546962899493,0.0944546962899493,0.0944546962899493,0.00892168965122656,1.27359697678287,1.49999306373642,0,1.6933864320146,-0.106613567985405,0.106613567985405,0.106613567985405,0.0113664528785786,1.51627636807849,1.84776484056814,1
12,"n600-b1_2-b2_2p8-b3_2p8",600,10,120,1,1,0.6931472,1.029619,1.029619,1.5,1.8,1,1.3,0.09,187,88,212,113,FALSE,NA,TRUE,NA,0.690941882372856,-0.00220531762714427,0.00220531762714427,0.00220531762714427,4.86342583659321e-06,0.370348403631511,1.00905340156406,1,1.08900175235875,0.0593827523587487,0.0593827523587487,0.0593827523587487,0.00352631127770047,0.820719916663949,1.366970171495,1,1.04994171391634,0.020322713916342,0.020322713916342,0.020322713916342,0.000413012700925481,0.660384978246589,1.44443568278208,1,1.49505142840226,-0.00494857159773709,0.00494857159773709,0.00494857159773709,2.44883608579303e-05,1.44430353148296,1.58704785269002,1,1.78344029717799,-0.0165597028220099,0.0165597028220099,0.0165597028220099,0.000274223757553283,1.73976370512945,1.86889368773011,1
13,"n600-b1_2-b2_2p8-b3_2p8",600,1,121,1,1,0.6931472,1.029619,1.029619,1.5,1.8,1,1.3,0.0566666666666666,199,108,203,90,FALSE,NA,TRUE,NA,0.891529765605923,0.198382565605923,0.198382565605923,0.198382565605923,0.0393556423363882,0.577568879345891,1.20737597570886,1,1.06003435642764,0.0304153564276421,0.0304153564276421,0.0304153564276421,0.000925093906620513,0.779624920656546,1.34686357860572,1,0.964260041490359,-0.0653589585096407,0.0653589585096407,0.0653589585096407,0.00427179345746493,0.576086381780229,1.35117496539701,1,1.45089042841454,-0.0491095715854648,0.0491095715854648,0.0491095715854648,0.00241175002130789,1.40438484697239,1.501722221432,1,1.77978111288224,-0.0202188871177553,0.0202188871177553,0.0202188871177553,0.000408803396280532,1.68618888474196,1.86124016085344,1
13,"n600-b1_2-b2_2p8-b3_2p8",600,2,122,1,1,0.6931472,1.029619,1.029619,1.5,1.8,1,1.3,0.055,213,97,199,91,FALSE,NA,TRUE,NA,0.581623351153693,-0.111523848846307,0.111523848846307,0.111523848846307,0.0124375688614939,0.266527620604741,0.904399246373353,1,1.06507031322858,0.035451313228579,0.035451313228579,0.035451313228579,0.00125679560963082,0.785340101847346,1.35499373702491,1,1.01248321477084,-0.0171357852291611,0.0171357852291611,0.0171357852291611,0.000293635135419937,0.625882193808538,1.3951737915937,1,1.52532324028944,0.0253232402894439,0.0253232402894439,0.0253232402894439,0.000641266498756914,1.45934997519979,1.59918559654454,1,1.8368717011748,0.036871701174803,0.036871701174803,0.036871701174803,0.00135952234752397,1.7857141027536,1.92637684563895,1
13,"n600-b1_2-b2_2p8-b3_2p8",600,3,123,1,1,0.6931472,1.029619,1.029619,1.5,1.8,1,1.3,0.0783333333333334,194,109,212,85,FALSE,NA,TRUE,NA,0.744233081808744,0.0510858818087436,0.0510858818087436,0.0510858818087436,0.00260976732017692,0.415557002571301,1.07803720639623,1,1.09253073174079,0.0629117317407888,0.0629117317407888,0.0629117317407888,0.00395788599062497,0.791898467298934,1.40190672846086,1,0.873222329518744,-0.156396670481256,0.156396670481256,0.156396670481256,0.0244599185376227,0.477964705286116,1.26961800240655,1,1.55467251879732,0.0546725187973209,0.0546725187973209,0.0546725187973209,0.00298908431164341,1.47338993043399,1.77366767435538,1,1.86133219021822,0.0613321902182178,0.0613321902182178,0.0613321902182178,0.00376163755696365,1.78122064955746,2.25603985366946,1
13,"n600-b1_2-b2_2p8-b3_2p8",600,4,124,1,1,0.6931472,1.029619,1.029619,1.5,1.8,1,1.3,0.0666666666666667,204,95,192,109,FALSE,NA,TRUE,NA,0.804666721350008,0.111519521350008,0.111519521350008,0.111519521350008,0.0124366036421348,0.489704057138495,1.11858354058301,1,1.12531240865821,0.0956934086582062,0.0956934086582062,0.0956934086582062,0.00915722846062645,0.853574662427372,1.40821228572663,1,0.982806206041677,-0.0468127939583227,0.0468127939583227,0.0468127939583227,0.00219143767818438,0.599297400419252,1.3665217741887,1,1.50661375284618,0.00661375284617871,0.00661375284617871,0.00661375284617871,4.3741726710337e-05,1.45340660535709,1.63427147959322,1,1.82517264787844,0.0251726478784386,0.0251726478784386,0.0251726478784386,0.000633662201211862,1.76225121217443,1.91671355817891,1
13,"n600-b1_2-b2_2p8-b3_2p8",600,5,125,1,1,0.6931472,1.029619,1.029619,1.5,1.8,1,1.3,0.0600000000000001,196,104,202,98,FALSE,NA,TRUE,NA,0.411991458823385,-0.281155741176615,0.281155741176615,0.281155741176615,0.079048550796572,0.110360068434343,0.713912393188274,1,0.790633430763112,-0.238985569236888,0.238985569236888,0.238985569236888,0.0571141023034793,0.524460377463282,1.06493697130452,1,1.37099412134799,0.341375121347993,0.341375121347993,0.341375121347993,0.116536973475357,0.991949149508094,1.75016590859222,1,1.5744460690847,0.0744460690847006,0.0744460690847006,0.0744460690847006,0.00554221720216402,1.48727798603193,1.65519799054039,1,1.83730022496959,0.0373002249695922,0.0373002249695922,0.0373002249695922,0.00139130678278219,1.78403566518254,1.89439155953356,1
13,"n600-b1_2-b2_2p8-b3_2p8",600,6,126,1,1,0.6931472,1.029619,1.029619,1.5,1.8,1,1.3,0.0649999999999999,200,103,196,101,FALSE,NA,TRUE,NA,0.818616781329054,0.125469581329054,0.125469581329054,0.125469581329054,0.0157426158388881,0.513985321076849,1.12226776442088,1,0.898917560034786,-0.130701439965214,0.130701439965214,0.130701439965214,0.0170828664089804,0.624069081610783,1.18053843565262,1,1.01767309874966,-0.0119459012503416,0.0119459012503416,0.0119459012503416,0.000142704556682912,0.629937857123428,1.39907043429437,1,1.50714719029726,0.00714719029726174,0.00714719029726174,0.00714719029726174,5.10823291452724e-05,1.2672818899221,1.72510752994817,1,1.84900769065444,0.0490076906544443,0.0490076906544443,0.0490076906544443,0.00240175374328171,1.7214038908155,2.07666121770852,1
13,"n600-b1_2-b2_2p8-b3_2p8",600,7,127,1,1,0.6931472,1.029619,1.029619,1.5,1.8,1,1.3,0.0733333333333334,200,87,212,101,FALSE,NA,TRUE,NA,0.63628247069037,-0.0568647293096304,0.0568647293096304,0.0568647293096304,0.00323359743945754,0.314462638859029,0.956852940497808,1,0.903181178587986,-0.126437821412014,0.126437821412014,0.126437821412014,0.0159865226834164,0.629049819894126,1.18543807213895,1,1.0826554756911,0.0530364756911037,0.0530364756911037,0.0530364756911037,0.00281286775373303,0.684802332383525,1.48643822609289,1,1.44296918619737,-0.0570308138026285,0.0570308138026285,0.0570308138026285,0.00325251372299009,1.40226806514371,1.51555913543397,1,1.76219680594331,-0.0378031940566905,0.0378031940566905,0.0378031940566905,0.0014290814808878,1.67936319739262,1.84633052323667,1
13,"n600-b1_2-b2_2p8-b3_2p8",600,8,128,1,1,0.6931472,1.029619,1.029619,1.5,1.8,1,1.3,0.0783333333333334,211,89,191,109,FALSE,NA,TRUE,NA,0.913616309126695,0.220469109126695,0.220469109126695,0.220469109126695,0.0486066280791185,0.58656581191288,1.24273049007518,1,1.28912457817518,0.259505578175179,0.259505578175179,0.259505578175179,0.0673431451040339,0.995725457676502,1.58754576172591,1,0.761761724803223,-0.267857275196777,0.267857275196777,0.267857275196777,0.071747519875842,0.365187126201398,1.16161924766404,1,1.48512731139893,-0.0148726886010675,0.0148726886010675,0.0148726886010675,0.000221196866224323,1.46147128658749,1.50526177613124,1,1.78203612684174,-0.0179638731582614,0.0179638731582614,0.0179638731582614,0.000322700738846105,1.71398098866182,1.81230050411185,1
13,"n600-b1_2-b2_2p8-b3_2p8",600,9,129,1,1,0.6931472,1.029619,1.029619,1.5,1.8,1,1.3,0.0766666666666667,195,94,205,106,FALSE,NA,TRUE,NA,0.573875192667362,-0.119272007332638,0.119272007332638,0.119272007332638,0.0142258117331569,0.26559748115168,0.885867237550813,1,0.927425684349196,-0.102193315650804,0.102193315650804,0.102193315650804,0.0104434737637048,0.660391388642767,1.20136559994977,1,1.10613244114202,0.076513441142023,0.076513441142023,0.076513441142023,0.00585430667539381,0.722769218003327,1.49086260848386,1,1.74197519133571,0.241975191335706,0.241975191335706,0.241975191335706,0.0585519932219517,1.43010834361584,1.89618591409024,1,1.77906827897686,-0.0209317210231421,0.0209317210231421,0.0209317210231421,0.00043813694499065,1.67118938355961,1.91903569740327,1
13,"n600-b1_2-b2_2p8-b3_2p8",600,10,130,1,1,0.6931472,1.029619,1.029619,1.5,1.8,1,1.3,0.0883333333333334,202,88,202,108,FALSE,NA,TRUE,NA,0.924858156834637,0.231710956834637,0.231710956834637,0.231710956834637,0.0536899675172228,0.58762590804912,1.2678893624862,1,1.39038444061413,0.360765440614129,0.360765440614129,0.360765440614129,0.130151703141507,1.09595838080679,1.69128279693333,0,0.694263717459756,-0.335355282540244,0.335355282540244,0.335355282540244,0.112463165527647,0.287178755253355,1.09935860585682,1,1.52390978322683,0.0239097832268274,0.0239097832268274,0.0239097832268274,0.000571677733953875,1.47994499406806,1.57707685623171,1,1.78854736536032,-0.0114526346396848,0.0114526346396848,0.0114526346396848,0.000131162840190109,1.75078809656087,1.83265800802588,1
14,"n600-b1_2-b2_2p8-b3_2p8",600,1,131,1,1,0.6931472,1.029619,1.029619,1.5,1.8,1,1.3,0.0766666666666667,162,107,226,105,FALSE,NA,TRUE,NA,0.973147311887752,0.280000111887753,0.280000111887753,0.280000111887753,0.0784000626571539,0.67285394740251,1.2777899934654,1,1.16840669227736,0.138787692277364,0.138787692277364,0.138787692277364,0.0192620235276762,0.900337160860397,1.44863324205294,1,0.820287571784637,-0.209331428215363,0.209331428215363,0.209331428215363,0.0438196468386838,0.436986494404725,1.20721990333704,1,1.56450974273828,0.0645097427382806,0.0645097427382806,0.0645097427382806,0.00416150690815914,1.48836056999494,1.69600636405071,1,1.83378920559555,0.0337892055955535,0.0337892055955535,0.0337892055955535,0.00114171041477859,1.74823440394293,1.95632186738724,1
14,"n600-b1_2-b2_2p8-b3_2p8",600,2,132,1,1,0.6931472,1.029619,1.029619,1.5,1.8,1,1.3,0.09,188,109,190,113,FALSE,NA,TRUE,NA,0.438795099172306,-0.254352100827694,0.254352100827694,0.254352100827694,0.0646949911954612,0.143960267007076,0.736282138856139,1,0.808852586287581,-0.220766413712419,0.220766413712419,0.220766413712419,0.0487378094234428,0.545694728887776,1.08178093069223,1,1.2873489604687,0.257729960468701,0.257729960468701,0.257729960468701,0.0664247325231982,0.90173284887049,1.67427488466273,1,1.45325172172554,-0.0467482782744633,0.0467482782744633,0.0467482782744633,0.00218540152162665,1.34996765937315,1.52432626329422,1,1.77945537087609,-0.0205446291239109,0.0205446291239109,0.0205446291239109,0.000422081785839046,1.49588208014752,1.93221183192539,1
14,"n600-b1_2-b2_2p8-b3_2p8",600,3,133,1,1,0.6931472,1.029619,1.029619,1.5,1.8,1,1.3,0.0666666666666667,213,93,187,107,FALSE,NA,TRUE,NA,0.754165813569901,0.0610186135699006,0.0610186135699006,0.0610186135699006,0.00372327120199285,0.453811142930742,1.05708101255741,1,1.08233745870166,0.052718458701658,0.052718458701658,0.052718458701658,0.00277923588787842,0.804286624672542,1.3677123174682,1,0.984416396775436,-0.0452026032245643,0.0452026032245643,0.0452026032245643,0.00204327533827739,0.602591540122565,1.36248677571569,1,1.51318677205019,0.0131867720501857,0.0131867720501857,0.0131867720501857,0.000173890957103559,1.4805100748417,1.60313793789262,1,1.8843633514263,0.0843633514263002,0.0843633514263002,0.0843633514263002,0.00711717506387744,1.77788438489339,2.08878936369634,1
14,"n600-b1_2-b2_2p8-b3_2p8",600,4,134,1,1,0.6931472,1.029619,1.029619,1.5,1.8,1,1.3,0.0616666666666666,198,94,206,102,FALSE,NA,TRUE,NA,0.679708119740818,-0.0134390802591824,0.0134390802591824,0.0134390802591824,0.000180608878212746,0.364941152596113,0.994564620670187,1,1.00001916997883,-0.0295998300211726,0.0295998300211726,0.0295998300211726,0.000876149937282311,0.721624592577553,1.28898534076012,1,1.04680318070608,0.0171841807060829,0.0171841807060829,0.0171841807060829,0.00029529606653931,0.658525649184102,1.43405126492879,1,1.51200148549657,0.0120014854965735,0.0120014854965735,0.0120014854965735,0.000144035654124465,1.43035435104562,1.66152335614179,1,1.77801247875263,-0.0219875212473657,0.0219875212473657,0.0219875212473657,0.000483451090603358,1.67415378054025,1.88054479069541,1
14,"n600-b1_2-b2_2p8-b3_2p8",600,5,135,1,1,0.6931472,1.029619,1.029619,1.5,1.8,1,1.3,0.0683333333333334,189,82,225,104,FALSE,NA,TRUE,NA,0.765135930350765,0.0719887303507651,0.0719887303507651,0.0719887303507651,0.00518237729751517,0.444587751467598,1.08816358186512,1,0.761741806767236,-0.267877193232764,0.267877193232764,0.267877193232764,0.0717581906542635,0.496428133555101,1.03187032470422,1,1.09405029681313,0.0644312968131302,0.0644312968131302,0.0644312968131302,0.00415139200902168,0.701283682957115,1.48328178611043,1,1.43702694515009,-0.0629730548499079,0.0629730548499079,0.0629730548499079,0.00396560563712951,1.28236931989019,1.53567139040538,1,1.76014117831539,-0.0398588216846083,0.0398588216846083,0.0398588216846083,0.0015887256660854,1.66272815237681,1.83691054944401,1
14,"n600-b1_2-b2_2p8-b3_2p8",600,6,136,1,1,0.6931472,1.029619,1.029619,1.5,1.8,1,1.3,0.0766666666666667,197,120,189,94,FALSE,NA,TRUE,NA,0.937376502026579,0.244229302026579,0.244229302026579,0.244229302026579,0.0596479519683899,0.61738415951264,1.26591258881822,1,1.35852665391158,0.328907653911585,0.328907653911585,0.328907653911585,0.108180244801623,1.05601198037654,1.67233744930624,0,0.780197418793681,-0.249421581206319,0.249421581206319,0.249421581206319,0.0622111251714605,0.385318271032912,1.16879323761465,1,1.50132065469249,0.0013206546924891,0.0013206546924891,0.0013206546924891,1.74412881679347e-06,1.43614253070712,1.58837585843044,1,1.87769928952568,0.0776992895256821,0.0776992895256821,0.0776992895256821,0.00603717959279577,1.78871003514278,1.96606372406197,1
14,"n600-b1_2-b2_2p8-b3_2p8",600,7,137,1,1,0.6931472,1.029619,1.029619,1.5,1.8,1,1.3,0.0633333333333334,210,93,208,89,FALSE,NA,TRUE,NA,0.721460601291719,0.0283134012917191,0.0283134012917191,0.0283134012917191,0.000801648692705921,0.406457664110034,1.04282866756392,1,0.961351086712404,-0.0682679132875957,0.0682679132875957,0.0682679132875957,0.00466050798464269,0.67869915140973,1.25040188284784,1,1.04352540867748,0.0139064086774816,0.0139064086774816,0.0139064086774816,0.000193388202305136,0.65018052349824,1.43510585189257,1,1.46687312106254,-0.0331268789374595,0.0331268789374595,0.0331268789374595,0.0010973901081371,1.35445586586335,1.71212660539512,1,1.82557182561141,0.0255718256114121,0.0255718256114121,0.0255718256114121,0.000653918265100474,1.70287215820687,2.04493262540691,1
14,"n600-b1_2-b2_2p8-b3_2p8",600,8,138,1,1,0.6931472,1.029619,1.029619,1.5,1.8,1,1.3,0.0766666666666667,191,106,192,111,FALSE,NA,TRUE,NA,0.73725811394863,0.0441109139486303,0.0441109139486303,0.0441109139486303,0.00194577272938347,0.434588406089006,1.04573379811569,1,0.87953991832074,-0.15007908167926,0.15007908167926,0.15007908167926,0.0225237307576901,0.604199584502707,1.15945762767545,1,1.20972720840233,0.180108208402328,0.180108208402328,0.180108208402328,0.0324389667338963,0.816247470814173,1.60556532149231,1,1.27125984664696,-0.228740153353035,0.228740153353035,0.228740153353035,0.05232205775597,1.15773758904729,1.40890702391836,0,1.83039817694139,0.0303981769413881,0.0303981769413881,0.0303981769413881,0.000924049161359941,1.56083708017762,2.01108991975267,1
14,"n600-b1_2-b2_2p8-b3_2p8",600,9,139,1,1,0.6931472,1.029619,1.029619,1.5,1.8,1,1.3,0.0716666666666667,218,102,176,104,FALSE,NA,TRUE,NA,0.701323078199258,0.00817587819925791,0.00817587819925791,0.00817587819925791,6.68449843291008e-05,0.394875729289049,1.0091554925524,1,0.951025965503843,-0.0785930344961566,0.0785930344961566,0.0785930344961566,0.00617686507131407,0.673212886235174,1.23796713706396,1,1.07433697891716,0.0447179789171575,0.0447179789171575,0.0447179789171575,0.00199969763843534,0.683590717607255,1.45971083322038,1,1.51391812735655,0.0139181273565483,0.0139181273565483,0.0139181273565483,0.000193714269113098,1.48669688852445,1.56637682722088,1,1.80605530020205,0.00605530020205447,0.00605530020205447,0.00605530020205447,3.66666605370009e-05,1.75744084195477,1.87183897892136,1
14,"n600-b1_2-b2_2p8-b3_2p8",600,10,140,1,1,0.6931472,1.029619,1.029619,1.5,1.8,1,1.3,0.07,184,110,202,104,FALSE,NA,TRUE,NA,0.499741734627009,-0.193405465372991,0.193405465372991,0.193405465372991,0.0374056740361432,0.202538016115025,0.793474450126164,1,0.755324779431173,-0.274294220568827,0.274294220568827,0.274294220568827,0.0752373194374606,0.493628355488372,1.02382473572688,0,1.22005726445355,0.190438264453553,0.190438264453553,0.190438264453553,0.0362667325680814,0.841863425244993,1.59481310693527,1,1.47126540831452,-0.0287345916854791,0.0287345916854791,0.0287345916854791,0.000825676759331204,1.39923140391909,1.56724962844377,1,1.7773471069905,-0.0226528930095016,0.0226528930095016,0.0226528930095016,0.000513153561699925,1.69874144355541,1.88153522434804,1
15,"n600-b1_2-b2_2p8-b3_2p8",600,1,141,1,1,0.6931472,1.029619,1.029619,1.5,1.8,1,1.3,0.0716666666666667,202,98,204,96,FALSE,NA,TRUE,NA,0.855818294692021,0.162671094692021,0.162671094692021,0.162671094692021,0.0264618850483003,0.53017517024371,1.18091984984583,1,1.03658238941929,0.00696338941928998,0.00696338941928998,0.00696338941928998,4.84887922046796e-05,0.753906692902163,1.33034521698001,1,0.991979587213496,-0.0376394127865043,0.0376394127865043,0.0376394127865043,0.00141672539491286,0.602437130769717,1.38425499497911,1,1.52931212116411,0.0293121211641068,0.0293121211641068,0.0293121211641068,0.000859200447139275,1.47591589142827,1.6092597559097,1,1.83618384688535,0.0361838468853524,0.0361838468853524,0.0361838468853524,0.00130927077542262,1.79721821074695,1.91896286015059,1
15,"n600-b1_2-b2_2p8-b3_2p8",600,2,142,1,1,0.6931472,1.029619,1.029619,1.5,1.8,1,1.3,0.0633333333333334,191,100,217,92,FALSE,NA,TRUE,NA,0.914168745769568,0.221021545769568,0.221021545769568,0.221021545769568,0.0488505236943693,0.587705255330726,1.24241483631997,1,1.01998962790707,-0.0096293720929268,0.0096293720929268,0.0096293720929268,9.27248069040375e-05,0.742988007007545,1.31134640897727,1,1.12988805455358,0.100269054553581,0.100269054553581,0.100269054553581,0.010053883301069,0.721518045042482,1.53707239314991,1,1.52421988192027,0.0242198819202739,0.0242198819202739,0.0242198819202739,0.000586602680232011,1.43425378128181,1.58105669766545,1,1.90248875843279,0.102488758432788,0.102488758432788,0.102488758432788,0.0105039456050943,1.78689900407013,1.98014945602434,1
15,"n600-b1_2-b2_2p8-b3_2p8",600,3,143,1,1,0.6931472,1.029619,1.029619,1.5,1.8,1,1.3,0.0533333333333333,193,106,212,89,FALSE,NA,TRUE,NA,0.53704102004308,-0.15610617995692,0.15610617995692,0.15610617995692,0.0243691394207423,0.217121864430226,0.851642421753808,1,0.964059871580412,-0.0655591284195884,0.0655591284195884,0.0655591284195884,0.00429799931913609,0.683701167602129,1.24912435948589,1,1.16784593913923,0.138226939139227,0.138226939139227,0.138226939139227,0.0191066867037994,0.7820290454433,1.56190964420752,1,1.46717167911473,-0.0328283208852669,0.0328283208852669,0.0328283208852669,0.00107769865214605,1.31438095400847,1.57087537095488,1,1.76925240728074,-0.0307475927192589,0.0307475927192589,0.0307475927192589,0.000945414458029421,1.62002108503143,1.95668952288943,1
15,"n600-b1_2-b2_2p8-b3_2p8",600,4,144,1,1,0.6931472,1.029619,1.029619,1.5,1.8,1,1.3,0.085,189,95,207,109,FALSE,NA,TRUE,NA,0.717815745436546,0.0246685454365456,0.0246685454365456,0.0246685454365456,0.000608537133954916,0.402934661657005,1.03888110132068,1,1.06630339951163,0.0366843995116333,0.0366843995116333,0.0366843995116333,0.00134574516752912,0.79474713295459,1.34797762551406,1,1.05305888069806,0.0234398806980556,0.0234398806980556,0.0234398806980556,0.000549428007139079,0.664398307588769,1.44436478042978,1,1.46339573598052,-0.0366042640194821,0.0366042640194821,0.0366042640194821,0.00133987214440795,1.37394836000837,1.59649739990329,1,1.81262355987228,0.0126235598722768,0.0126235598722768,0.0126235598722768,0.000159354263848957,1.73672306060908,1.99646261550664,1
15,"n600-b1_2-b2_2p8-b3_2p8",600,5,145,1,1,0.6931472,1.029619,1.029619,1.5,1.8,1,1.3,0.07,208,109,193,90,FALSE,NA,TRUE,NA,0.873394263892409,0.180247063892409,0.180247063892409,0.180247063892409,0.0324890040418341,0.551002787393922,1.19565857242351,1,0.912111434438546,-0.117507565561454,0.117507565561454,0.117507565561454,0.0138080279641793,0.627211839286064,1.20993270687618,1,1.12811537073228,0.0984963707322848,0.0984963707322848,0.0984963707322848,0.00970153504743169,0.731931188251011,1.52404521951801,1,1.38874998929249,-0.111250010707513,0.111250010707513,0.111250010707513,0.0123765648824217,1.27242706937491,1.5262581435064,1,1.6658354687736,-0.134164531226404,0.134164531226404,0.134164531226404,0.0180001214392007,1.58337074134055,1.81181200593084,1
15,"n600-b1_2-b2_2p8-b3_2p8",600,6,146,1,1,0.6931472,1.029619,1.029619,1.5,1.8,1,1.3,0.0583333333333333,204,96,215,85,FALSE,NA,TRUE,NA,0.609734565283698,-0.0834126347163022,0.0834126347163022,0.0834126347163022,0.00695766763031527,0.289831906736161,0.926837240160106,1,0.851241083489869,-0.178377916510131,0.178377916510131,0.178377916510131,0.0318186810984952,0.570341626173315,1.14680936138891,1,1.05848319728164,0.0288641972816386,0.0288641972816386,0.0288641972816386,0.000833141884713352,0.666060947907701,1.44863033173018,1,1.55614735332662,0.0561473533266157,0.0561473533266157,0.0561473533266157,0.00315252528558382,1.40068760182284,1.76345097141452,1,2.1635133203763,0.363513320376299,0.363513320376299,0.363513320376299,0.132141934091002,1.71894501859683,2.52082145515947,1
15,"n600-b1_2-b2_2p8-b3_2p8",600,7,147,1,1,0.6931472,1.029619,1.029619,1.5,1.8,1,1.3,0.0916666666666667,210,89,188,113,FALSE,NA,TRUE,NA,0.881543337072887,0.188396137072887,0.188396137072887,0.188396137072887,0.035493104463986,0.559705271890895,1.20485524178022,1,1.28118472426536,0.251565724265356,0.251565724265356,0.251565724265356,0.0632853136251532,0.988564010730269,1.57864847279494,1,0.733948697207006,-0.295670302792995,0.295670302792995,0.295670302792995,0.0874209279537011,0.341035924981979,1.13093158695434,1,1.51316416018584,0.013164160185841,0.013164160185841,0.013164160185841,0.000173295113398481,1.48570289763105,1.56080415723488,1,1.78905609763474,-0.0109439023652584,0.0109439023652584,0.0109439023652584,0.000119768998980309,1.76183858019716,1.82383531395668,1
15,"n600-b1_2-b2_2p8-b3_2p8",600,8,148,1,1,0.6931472,1.029619,1.029619,1.5,1.8,1,1.3,0.0816666666666667,204,111,182,103,FALSE,NA,TRUE,NA,0.688990141640419,-0.00415705835958058,0.00415705835958058,0.00415705835958058,1.72811342049588e-05,0.387734848169093,0.996182143028314,1,0.969859501621284,-0.0597594983787163,0.0597594983787163,0.0597594983787163,0.0035711976464758,0.697873225613136,1.24751372444374,1,1.19775163220544,0.168132632205437,0.168132632205437,0.168132632205437,0.0282685820123286,0.812682079118203,1.5871132992329,1,1.52856040469546,0.0285604046954624,0.0285604046954624,0.0285604046954624,0.00081569671636859,1.46045573640043,1.65403220119219,1,1.82528208818172,0.0252820881817164,0.0252820881817164,0.0252820881817164,0.000639183982828084,1.75081513914332,2.0184087529251,1
15,"n600-b1_2-b2_2p8-b3_2p8",600,9,149,1,1,0.6931472,1.029619,1.029619,1.5,1.8,1,1.3,0.0666666666666667,199,112,205,84,FALSE,NA,TRUE,NA,0.906019782296283,0.212872582296283,0.212872582296283,0.212872582296283,0.0453147362934877,0.569067532054065,1.24642860263617,1,1.08593739181497,0.0563183918149668,0.0563183918149668,0.0563183918149668,0.00317176125662412,0.777597415523568,1.41027138885324,1,0.649935198241343,-0.379683801758657,0.379683801758657,0.379683801758657,0.144159789317907,0.240866423214425,1.05004988374813,1,1.48604996047178,-0.0139500395282202,0.0139500395282202,0.0139500395282202,0.000194603602838905,1.43274527095153,1.56382729065386,1,1.81903227478267,0.0190322747826668,0.0190322747826668,0.0190322747826668,0.000362227483402934,1.74284672350771,1.93489866670219,1
15,"n600-b1_2-b2_2p8-b3_2p8",600,10,150,1,1,0.6931472,1.029619,1.029619,1.5,1.8,1,1.3,0.095,200,102,196,102,FALSE,NA,TRUE,NA,0.575973666026823,-0.117173533973177,0.117173533973177,0.117173533973177,0.0137296370637632,0.258304240925741,0.896656354506717,1,0.958819531547433,-0.0707994684525671,0.0707994684525671,0.0707994684525671,0.00501256473316605,0.679135596993714,1.24985079597897,1,1.28142864930459,0.251809649304591,0.251809649304591,0.251809649304591,0.063408099482901,0.874585140573305,1.67955146022556,1,1.47528490949732,-0.0247150905026834,0.0247150905026834,0.0247150905026834,0.000610835698555831,1.41137155458648,1.57460180009283,1,1.85967260503399,0.0596726050339909,0.0596726050339909,0.0596726050339909,0.00356081979154267,1.75652247726123,1.9877002504476,1
16,"n600-b1_2-b2_2p8-b3_2p8",600,1,151,1,1,0.6931472,1.029619,1.029619,1.5,1.8,1,1.3,0.0649999999999999,204,115,181,100,FALSE,NA,TRUE,NA,0.727793946067535,0.0346467460675347,0.0346467460675347,0.0346467460675347,0.00120039701306823,0.426055838398362,1.0321293116932,1,1.06921174262266,0.0395927426226592,0.0395927426226592,0.0395927426226592,0.00156758526838414,0.782675762445156,1.36262961440661,1,1.19194632094558,0.162327320945582,0.162327320945582,0.162327320945582,0.0263501591253699,0.80218857545906,1.58500705531487,1,1.61396124029754,0.113961240297541,0.113961240297541,0.113961240297541,0.0129871642901539,1.51168616964128,1.79642106426284,0,1.83723219655885,0.0372321965588525,0.0372321965588525,0.0372321965588525,0.00138623646059702,1.69320491227485,1.99037084965302,1
16,"n600-b1_2-b2_2p8-b3_2p8",600,2,152,1,1,0.6931472,1.029619,1.029619,1.5,1.8,1,1.3,0.0649999999999999,209,115,177,99,FALSE,NA,TRUE,NA,0.7854173860167,0.0922701860166996,0.0922701860166996,0.0922701860166996,0.00851378722755634,0.482895561569106,1.09928405962309,1,1.07752888703253,0.0479098870325285,0.0479098870325285,0.0479098870325285,0.00229535727546964,0.798247799099989,1.36208146488074,1,0.789108403073312,-0.240510596926689,0.240510596926689,0.240510596926689,0.057845347234032,0.4101600806498,1.16414317621708,1,1.52801169086783,0.0280116908678285,0.0280116908678285,0.0280116908678285,0.000784654825274787,1.43755447258809,1.61160887797252,1,2.00004173532287,0.200041735322875,0.200041735322875,0.200041735322875,0.040016695870987,1.80732392865854,2.16568306981582,0
16,"n600-b1_2-b2_2p8-b3_2p8",600,3,153,1,1,0.6931472,1.029619,1.029619,1.5,1.8,1,1.3,0.0583333333333333,211,93,212,84,FALSE,NA,TRUE,NA,0.423275413315399,-0.269871786684601,0.269871786684601,0.269871786684601,0.072830781248339,0.0992752694358829,0.753456154394967,1,0.953879479149594,-0.0757395208504065,0.0757395208504065,0.0757395208504065,0.00573647501864916,0.669761648607966,1.25367286480815,1,1.22332145609987,0.193702456099867,0.193702456099867,0.193702456099867,0.0375206414991209,0.827579829551255,1.61625982920944,1,1.44167320725203,-0.0583267927479723,0.0583267927479723,0.0583267927479723,0.00340201475226491,1.35801349189315,1.53128487702958,1,1.70139202852759,-0.098607971472414,0.098607971472414,0.098607971472414,0.00972353203790441,1.56956797763775,1.81739052519264,1
16,"n600-b1_2-b2_2p8-b3_2p8",600,4,154,1,1,0.6931472,1.029619,1.029619,1.5,1.8,1,1.3,0.085,196,112,200,92,FALSE,NA,TRUE,NA,0.747443130544425,0.0542959305444252,0.0542959305444252,0.0542959305444252,0.00294804807368504,0.422577121111233,1.0734979924588,1,1.32711981580671,0.297500815806714,0.297500815806714,0.297500815806714,0.0885067354056603,1.02532622248887,1.64312653536005,1,0.932032721804577,-0.0975862781954234,0.0975862781954234,0.0975862781954234,0.00952308169203457,0.523513909000109,1.33813743419696,1,1.51079051491179,0.0107905149117922,0.0107905149117922,0.0107905149117922,0.000116435212061609,1.4362972005917,1.64103242451513,1,1.79240254768113,-0.00759745231886599,0.00759745231886599,0.00759745231886599,5.77212817374423e-05,1.66682244757348,1.91188801352862,1
16,"n600-b1_2-b2_2p8-b3_2p8",600,5,155,1,1,0.6931472,1.029619,1.029619,1.5,1.8,1,1.3,0.0633333333333334,213,91,181,115,FALSE,NA,TRUE,NA,0.339453683423268,-0.353693516576732,0.353693516576732,0.353693516576732,0.125099103668415,0.0426581577183936,0.634098124674084,0,0.66667427332201,-0.36294472667799,0.36294472667799,0.36294472667799,0.131728874623361,0.409373445643147,0.929202874053604,0,1.52440827305332,0.49478927305332,0.49478927305332,0.49478927305332,0.244816424728633,1.1402599564594,1.90363431679442,0,1.4831797550962,-0.0168202449037984,0.0168202449037984,0.0168202449037984,0.000282920638623756,1.44142900129519,1.53586949890828,1,1.79542621943551,-0.0045737805644932,0.0045737805644932,0.0045737805644932,2.09194686521357e-05,1.75888443061158,1.84941895933855,1
16,"n600-b1_2-b2_2p8-b3_2p8",600,6,156,1,1,0.6931472,1.029619,1.029619,1.5,1.8,1,1.3,0.0600000000000001,201,109,197,93,FALSE,NA,TRUE,NA,0.637223381492156,-0.0559238185078437,0.0559238185078437,0.0559238185078437,0.00312747347649824,0.326034338734355,0.947867206785109,1,1.0042705319859,-0.0253484680140994,0.0253484680140994,0.0253484680140994,0.00064254483066182,0.729614429227994,1.29256665855529,1,1.02568607652043,-0.00393292347957352,0.00393292347957352,0.00393292347957352,1.54678870961807e-05,0.647528045264214,1.40198004732746,1,1.47448962757595,-0.0255103724240533,0.0255103724240533,0.0255103724240533,0.000650779101213899,1.39082698883113,1.54743486114324,1,1.78889040815023,-0.011109591849769,0.011109591849769,0.011109591849769,0.000123423031068454,1.7202175618703,1.90180665313615,1
16,"n600-b1_2-b2_2p8-b3_2p8",600,7,157,1,1,0.6931472,1.029619,1.029619,1.5,1.8,1,1.3,0.0533333333333333,217,90,195,98,FALSE,NA,TRUE,NA,0.587630145578981,-0.105517054421019,0.105517054421019,0.105517054421019,0.0111338487736884,0.271540110417078,0.905002491058524,1,0.967926781812828,-0.0616922181871716,0.0616922181871716,0.0616922181871716,0.00380592978485359,0.687744796277682,1.25194805935568,1,1.16708462169731,0.137465621697306,0.137465621697306,0.137465621697306,0.0188967971486267,0.778959233976186,1.5554141804731,1,1.50023216037808,0.000232160378075719,0.000232160378075719,0.000232160378075719,5.38984411482606e-08,1.32652962474766,1.59983341382642,1,1.8160505404782,0.0160505404782019,0.0160505404782019,0.0160505404782019,0.000257619849642397,1.75067377907826,2.04374002777759,1
16,"n600-b1_2-b2_2p8-b3_2p8",600,8,158,1,1,0.6931472,1.029619,1.029619,1.5,1.8,1,1.3,0.0783333333333334,200,116,192,92,FALSE,NA,TRUE,NA,1.08535556410505,0.392208364105055,0.392208364105055,0.392208364105055,0.153827400873963,0.765293733681934,1.41451530060886,0,1.31541725815495,0.285798258154953,0.285798258154953,0.285798258154953,0.0816806443644051,1.01959488911177,1.62066241021158,1,0.809427796471934,-0.220191203528067,0.220191203528067,0.220191203528067,0.0484841661111384,0.41301567670674,1.19842468456204,1,1.52623536456626,0.0262353645662616,0.0262353645662616,0.0262353645662616,0.000688294353924656,1.49208424958197,1.6060156631286,1,1.80977151496082,0.00977151496082196,0.00977151496082196,0.00977151496082196,9.54825046295674e-05,1.78275465734765,1.85793768820294,1
16,"n600-b1_2-b2_2p8-b3_2p8",600,9,159,1,1,0.6931472,1.029619,1.029619,1.5,1.8,1,1.3,0.08,181,103,201,115,FALSE,NA,TRUE,NA,0.638377471951204,-0.0547697280487959,0.0547697280487959,0.0547697280487959,0.00299972311053906,0.331949311012209,0.94687499269849,1,0.925216816317132,-0.104402183682868,0.104402183682868,0.104402183682868,0.0108998159577513,0.647923871053396,1.20653961530606,1,1.21616752616738,0.186548526167381,0.186548526167381,0.186548526167381,0.0348003526152219,0.823415931589371,1.61219502828008,1,1.48569189093358,-0.0143081090664192,0.0143081090664192,0.0143081090664192,0.000204721985056548,1.2656529503154,1.59470469570387,1,1.68268226042075,-0.11731773957925,0.11731773957925,0.11731773957925,0.0137634520199848,1.536566647931,1.8623067389009,1
16,"n600-b1_2-b2_2p8-b3_2p8",600,10,160,1,1,0.6931472,1.029619,1.029619,1.5,1.8,1,1.3,0.075,200,108,181,111,FALSE,NA,TRUE,NA,0.784169552533389,0.0910223525333892,0.0910223525333892,0.0910223525333892,0.00828506866071258,0.477880277191987,1.09555790309459,1,1.18744721902262,0.157828219022621,0.157828219022621,0.157828219022621,0.0249097467198524,0.898621155988347,1.48698060356774,1,0.875373815168341,-0.154245184831659,0.154245184831659,0.154245184831659,0.0237915770437527,0.490946722398425,1.26016692825558,1,1.44749958805012,-0.0525004119498782,0.0525004119498782,0.0525004119498782,0.00275629325490691,1.31903249091607,1.5109981651656,1,1.66725563737132,-0.132744362628676,0.132744362628676,0.132744362628676,0.0176210658096935,1.6051121311562,1.72296369588199,0
17,"n600-b1_2-b2_2p8-b3_2p8",600,1,161,1,1,0.6931472,1.029619,1.029619,1.5,1.8,1,1.3,0.0683333333333334,212,101,186,101,FALSE,NA,TRUE,NA,0.710289590986495,0.0171423909864951,0.0171423909864951,0.0171423909864951,0.000293861568733867,0.400783417900151,1.02639341509423,1,1.06076657047795,0.031147570477952,0.031147570477952,0.031147570477952,0.000970171146678989,0.77916356063004,1.35704801673413,1,0.999455382668206,-0.0301636173317942,0.0301636173317942,0.0301636173317942,0.000909843810538914,0.607069855232861,1.38360383956372,1,1.38846999598938,-0.111530004010622,0.111530004010622,0.111530004010622,0.0124389417946093,1.32377450465508,1.51248564929671,1,1.73423231478887,-0.0657676852111271,0.0657676852111271,0.0657676852111271,0.0043253884180299,1.67847330377747,1.8330837408653,1
17,"n600-b1_2-b2_2p8-b3_2p8",600,2,162,1,1,0.6931472,1.029619,1.029619,1.5,1.8,1,1.3,0.0633333333333334,195,91,219,95,FALSE,NA,TRUE,NA,0.460412659689306,-0.232734540310694,0.232734540310694,0.232734540310694,0.05416536625363,0.149890809190695,0.773103706192556,1,0.880802683217868,-0.148816316782132,0.148816316782132,0.148816316782132,0.0221462961405999,0.60640585753885,1.16082078723997,1,1.21668450114467,0.187065501144672,0.187065501144672,0.187065501144672,0.0349935017185073,0.830183825322584,1.6009781691115,1,1.37049036134466,-0.129509638655336,0.129509638655336,0.129509638655336,0.0167727465046357,1.25166060711386,1.53055430904072,1,1.77592222864612,-0.0240777713538809,0.0240777713538809,0.0240777713538809,0.000579739073369767,1.60024038475809,1.99871362539444,1
17,"n600-b1_2-b2_2p8-b3_2p8",600,3,163,1,1,0.6931472,1.029619,1.029619,1.5,1.8,1,1.3,0.0566666666666666,196,114,188,102,FALSE,NA,TRUE,NA,0.826866715323322,0.133719515323322,0.133719515323322,0.133719515323322,0.0178809087783043,0.534962723177778,1.12648992894709,1,1.06912615450109,0.0395071545010897,0.0395071545010897,0.0395071545010897,0.00156081525677297,0.792797207342018,1.35172872119089,1,0.70006032551698,-0.32955867448302,0.32955867448302,0.32955867448302,0.108608919927005,0.328816225958154,1.06857227387781,1,1.53119538512326,0.0311953851232558,0.0311953851232558,0.0311953851232558,0.00097315205298825,1.45915107822587,1.63912857987053,1,1.80675883392603,0.00675883392602739,0.00675883392602739,0.00675883392602739,4.56818360396188e-05,1.76396441516023,1.91123805134626,1
17,"n600-b1_2-b2_2p8-b3_2p8",600,4,164,1,1,0.6931472,1.029619,1.029619,1.5,1.8,1,1.3,0.0566666666666666,193,83,227,97,FALSE,NA,TRUE,NA,0.626577815882086,-0.0665693841179137,0.0665693841179137,0.0665693841179137,0.00443148290183834,0.29895118132969,0.953038634056854,1,1.01686711829396,-0.0127518817060446,0.0127518817060446,0.0127518817060446,0.000162610487044954,0.742828758347726,1.29890152574152,1,0.958458480416726,-0.0711605195832744,0.0711605195832744,0.0711605195832744,0.00506381954736158,0.563834680658883,1.35320000943931,1,1.39149937313454,-0.108500626865459,0.108500626865459,0.108500626865459,0.0117723860301976,1.30221634783065,1.46639614364825,0,1.74302241854151,-0.0569775814584896,0.0569775814584896,0.0569775814584896,0.00324644478885882,1.67956692625472,1.85188125104794,1
17,"n600-b1_2-b2_2p8-b3_2p8",600,5,165,1,1,0.6931472,1.029619,1.029619,1.5,1.8,1,1.3,0.0466666666666666,226,94,200,80,FALSE,NA,TRUE,NA,0.816561967439636,0.123414767439637,0.123414767439637,0.123414767439637,0.0152312048221796,0.479928292525118,1.15709473342798,1,0.999207849700755,-0.0304111502992453,0.0304111502992453,0.0304111502992453,0.00092483806252329,0.705203336941597,1.3101544697607,1,0.833454201944841,-0.196164798055159,0.196164798055159,0.196164798055159,0.0384806279960214,0.424332824125301,1.23025775943326,1,1.49673540367516,-0.00326459632483966,0.00326459632483966,0.00326459632483966,1.06575891641566e-05,1.43906298083166,1.60008159006467,1,1.7879420715048,-0.0120579284951956,0.0120579284951956,0.0120579284951956,0.00014539363959525,1.66805171118255,2.04467036599445,1
17,"n600-b1_2-b2_2p8-b3_2p8",600,6,166,1,1,0.6931472,1.029619,1.029619,1.5,1.8,1,1.3,0.0766666666666667,195,98,202,105,FALSE,NA,TRUE,NA,0.862541888925052,0.169394688925052,0.169394688925052,0.169394688925052,0.0286945606360152,0.551079541659131,1.17894232692913,1,1.09879860217247,0.0691796021724684,0.0691796021724684,0.0691796021724684,0.004785817356741,0.819711540738293,1.38592565006584,1,0.828379977330467,-0.201239022669533,0.201239022669533,0.201239022669533,0.0404971442449888,0.439943275521735,1.20972699773301,1,1.53448237607919,0.0344823760791921,0.0344823760791921,0.0344823760791921,0.00118903426006684,1.47535930458299,1.6403116870354,1,1.82184961053022,0.0218496105302173,0.0218496105302173,0.0218496105302173,0.000477405480322182,1.75934553954713,1.92353078012181,1
17,"n600-b1_2-b2_2p8-b3_2p8",600,7,167,1,1,0.6931472,1.029619,1.029619,1.5,1.8,1,1.3,0.0716666666666667,191,112,212,85,FALSE,NA,TRUE,NA,0.999550796828133,0.306403596828133,0.306403596828133,0.306403596828133,0.0938831641492171,0.671030781135111,1.33329814173032,1,1.14465976995107,0.115040769951068,0.115040769951068,0.115040769951068,0.0132343787509346,0.845916266090687,1.45220377754588,1,0.831493215884028,-0.198125784115972,0.198125784115972,0.198125784115972,0.0392538263315687,0.423397090889744,1.22915826872199,1,1.57873853937652,0.0787385393765168,0.0787385393765168,0.0787385393765168,0.00619975758314728,1.46066652932996,1.70086316545376,1,1.85939599393059,0.0593959939305859,0.0593959939305859,0.0593959939305859,0.0035278840950022,1.77245247599399,1.98704537615381,1
17,"n600-b1_2-b2_2p8-b3_2p8",600,8,168,1,1,0.6931472,1.029619,1.029619,1.5,1.8,1,1.3,0.0583333333333333,207,95,190,108,FALSE,NA,TRUE,NA,0.827710662885236,0.134563462885236,0.134563462885236,0.134563462885236,0.0181073255436662,0.507163665392324,1.14819245413617,1,1.0234785088152,-0.0061404911847962,0.0061404911847962,0.0061404911847962,3.77056319905599e-05,0.746470642066985,1.30886563464466,1,1.02772551922418,-0.00189348077582041,0.00189348077582041,0.00189348077582041,3.58526944840147e-06,0.627228121805825,1.42883687842954,1,1.49855083395779,-0.0014491660422129,0.0014491660422129,0.0014491660422129,2.10008221790301e-06,1.42696451423514,1.58200037152475,1,1.77437632438171,-0.0256236756182915,0.0256236756182915,0.0256236756182915,0.000656572752191426,1.68888431096404,1.95407273000942,1
17,"n600-b1_2-b2_2p8-b3_2p8",600,9,169,1,1,0.6931472,1.029619,1.029619,1.5,1.8,1,1.3,0.0483333333333333,223,75,219,83,FALSE,NA,TRUE,NA,0.277820970721575,-0.415326229278425,0.415326229278425,0.415326229278425,0.172495876726635,-0.0546867456209208,0.609329806046521,0,0.843284147435944,-0.186334852564056,0.186334852564056,0.186334852564056,0.0347206772800685,0.565595364595419,1.1299343658747,1,1.50739786297882,0.477778862978823,0.477778862978823,0.477778862978823,0.228272641909337,1.09642434742399,1.91360666821525,0,1.5101116242247,0.0101116242247028,0.0101116242247028,0.0101116242247028,0.000102244944461596,1.38035151396627,1.73687016195724,1,1.82252208449786,0.0225220844978571,0.0225220844978571,0.0225220844978571,0.000507244290128615,1.73792445124713,2.03106414086275,1
17,"n600-b1_2-b2_2p8-b3_2p8",600,10,170,1,1,0.6931472,1.029619,1.029619,1.5,1.8,1,1.3,0.0533333333333333,195,97,211,97,FALSE,NA,TRUE,NA,0.686956560544587,-0.00619063945541332,0.00619063945541332,0.00619063945541332,3.83240168669201e-05,0.377232933955444,0.996365294025766,1,1.01996696307608,-0.00965203692392413,0.00965203692392413,0.00965203692392413,9.31618167807949e-05,0.751005230928353,1.29376837865079,1,1.04189544495962,0.0122764449596178,0.0122764449596178,0.0122764449596178,0.000150711100846525,0.658936724469142,1.42726466593729,1,1.52777940792117,0.0277794079211746,0.0277794079211746,0.0277794079211746,0.000771695504451019,1.4564571253624,1.65261255233362,1,1.78803801876775,-0.0119619812322467,0.0119619812322467,0.0119619812322467,0.000143088995000622,1.71417466467496,1.97099696067939,1
18,"n600-b1_2-b2_2p8-b3_2p8",600,1,171,1,1,0.6931472,1.029619,1.029619,1.5,1.8,1,1.3,0.0616666666666666,191,111,203,95,FALSE,NA,TRUE,NA,0.622852078006025,-0.070295121993975,0.070295121993975,0.070295121993975,0.00494140417614783,0.318839912623285,0.932521257776608,1,0.824014509448239,-0.205604490551761,0.205604490551761,0.205604490551761,0.0422732065350492,0.550723424221048,1.10435232514021,1,1.14649067940646,0.116871679406463,0.116871679406463,0.116871679406463,0.0136589894472871,0.763828536177508,1.5285106475434,1,1.45824606673243,-0.0417539332675665,0.0417539332675665,0.0417539332675665,0.0017433909433124,1.37871873908523,1.5726686575143,1,1.7213109446159,-0.0786890553840962,0.0786890553840962,0.0786890553840962,0.00619196743724136,1.63135478925747,1.82720567285477,1
18,"n600-b1_2-b2_2p8-b3_2p8",600,2,172,1,1,0.6931472,1.029619,1.029619,1.5,1.8,1,1.3,0.0783333333333334,177,89,217,117,FALSE,NA,TRUE,NA,0.734906588377878,0.0417593883778782,0.0417593883778782,0.0417593883778782,0.00174384651769447,0.424942509091288,1.04692028048205,1,1.11044621144083,0.0808272114408337,0.0808272114408337,0.0808272114408337,0.00653303810930124,0.851462001195894,1.37986328572506,1,1.15399059447286,0.124371594472862,0.124371594472862,0.124371594472862,0.015468293511722,0.769072163940521,1.54265014282585,1,1.52701891148943,0.0270189114894308,0.0270189114894308,0.0270189114894308,0.000730021578073696,1.47359436422108,1.66953625380353,1,1.78516164746811,-0.0148383525318867,0.0148383525318867,0.0148383525318867,0.000220176705860548,1.73995056603284,1.93175513570034,1
18,"n600-b1_2-b2_2p8-b3_2p8",600,3,173,1,1,0.6931472,1.029619,1.029619,1.5,1.8,1,1.3,0.0716666666666667,200,112,188,100,FALSE,NA,TRUE,NA,0.403627407348725,-0.289519792651275,0.289519792651275,0.289519792651275,0.0838217103368372,0.10345348058025,0.706596767542791,1,0.731123379471605,-0.298495620528395,0.298495620528395,0.298495620528395,0.0890996354746316,0.458145169737451,1.01100043132973,0,1.63214743494157,0.602528434941565,0.602528434941565,0.602528434941565,0.363040514913132,1.24101622572478,2.02446236552069,0,1.52514281117976,0.0251428111797625,0.0251428111797625,0.0251428111797625,0.000632160954021189,1.47780899457699,1.64650843026201,1,1.70248196323892,-0.0975180367610822,0.0975180367610822,0.0975180367610822,0.00950976749373577,1.65534593889041,1.81190061897572,1
18,"n600-b1_2-b2_2p8-b3_2p8",600,4,174,1,1,0.6931472,1.029619,1.029619,1.5,1.8,1,1.3,0.0716666666666667,183,110,207,100,FALSE,NA,TRUE,NA,0.725986205147822,0.0328390051478219,0.0328390051478219,0.0328390051478219,0.00107840025909867,0.419589613493231,1.03607258928528,1,1.03969325649457,0.0100742564945713,0.0100742564945713,0.0100742564945713,0.000101490643918412,0.764590366692284,1.32873748292497,1,1.01972472407732,-0.00989427592268033,0.00989427592268033,0.00989427592268033,9.78966960341317e-05,0.637002500332977,1.40595786996432,1,1.50255430444292,0.00255430444292215,0.00255430444292215,0.00255430444292215,6.52447118713184e-06,1.36125960927287,1.66211292185951,1,1.88451434950046,0.0845143495004606,0.0845143495004606,0.0845143495004606,0.007142675271486,1.78922170874821,2.02673732674973,1
18,"n600-b1_2-b2_2p8-b3_2p8",600,5,175,1,1,0.6931472,1.029619,1.029619,1.5,1.8,1,1.3,0.0716666666666667,189,114,201,96,FALSE,NA,TRUE,NA,1.21552214656807,0.522374946568075,0.522374946568075,0.522374946568075,0.272875584801999,0.890603881162441,1.54400041020411,0,1.43948815904642,0.409869159046416,0.409869159046416,0.409869159046416,0.167992727537417,1.13711435322564,1.75436487707563,0,0.632161782229414,-0.397457217770586,0.397457217770586,0.397457217770586,0.157972239957935,0.236304764450047,1.02768800792032,0,1.56323125716738,0.0632312571673808,0.0632312571673808,0.0632312571673808,0.00399819188296744,1.46775666043833,1.67636962937377,1,1.81080037807894,0.0108003780789394,0.0108003780789394,0.0108003780789394,0.000116648166648035,1.72387780810248,1.90179355278493,1
18,"n600-b1_2-b2_2p8-b3_2p8",600,6,176,1,1,0.6931472,1.029619,1.029619,1.5,1.8,1,1.3,0.0483333333333333,182,119,196,103,FALSE,NA,TRUE,NA,0.402930308020262,-0.290216891979738,0.290216891979738,0.290216891979738,0.0842258443903791,0.115726549123671,0.689102650534944,0,0.863817054974882,-0.165801945025118,0.165801945025118,0.165801945025118,0.0274902849741123,0.604444470187053,1.1311890404749,1,1.30099871987172,0.271379719871719,0.271379719871719,0.271379719871719,0.0736469523576526,0.934269425259966,1.66973805276199,1,1.53728905104297,0.0372890510429678,0.0372890510429678,0.0372890510429678,0.00139047332768505,1.48293676531082,1.59577187326574,1,1.82808110423488,0.0280811042348805,0.0280811042348805,0.0280811042348805,0.000788548415050225,1.75276654952956,1.95919886395492,1
18,"n600-b1_2-b2_2p8-b3_2p8",600,7,177,1,1,0.6931472,1.029619,1.029619,1.5,1.8,1,1.3,0.0583333333333333,206,96,187,111,FALSE,NA,TRUE,NA,0.986075849103013,0.292928649103013,0.292928649103013,0.292928649103013,0.0858071934653161,0.673211086134532,1.30529470157112,1,1.19010531949184,0.160486319491842,0.160486319491842,0.160486319491842,0.0257558587440376,0.904445295894821,1.49354805312529,1,0.565021946808998,-0.464597053191002,0.464597053191002,0.464597053191002,0.215850421833763,0.172464859662049,0.954957009674267,0,1.54985286190493,0.0498528619049297,0.0498528619049297,0.0498528619049297,0.00248530784011199,1.4910392164347,1.66802533144782,1,1.74555104493285,-0.054448955067147,0.054448955067147,0.054448955067147,0.00296468870790419,1.60196246351511,1.87491501861902,1
18,"n600-b1_2-b2_2p8-b3_2p8",600,8,178,1,1,0.6931472,1.029619,1.029619,1.5,1.8,1,1.3,0.0649999999999999,214,86,208,92,FALSE,NA,TRUE,NA,0.743844708734024,0.0506975087340242,0.0506975087340242,0.0506975087340242,0.00257023739183646,0.407389670275597,1.08099896052488,1,1.13751553854879,0.107896538548788,0.107896538548788,0.107896538548788,0.01164166303081,0.849419756878517,1.43807127457005,1,0.877583380271547,-0.152035619728453,0.152035619728453,0.152035619728453,0.0231148296662149,0.471853376404096,1.27625855730221,1,1.45295980153451,-0.0470401984654896,0.0470401984654896,0.0470401984654896,0.00221278027167265,1.33755687165438,1.60059053899423,1,1.72643549991284,-0.0735645000871619,0.0735645000871619,0.0735645000871619,0.00541173567307404,1.63352053495772,1.83973598493391,1
18,"n600-b1_2-b2_2p8-b3_2p8",600,9,179,1,1,0.6931472,1.029619,1.029619,1.5,1.8,1,1.3,0.0633333333333334,205,100,207,88,FALSE,NA,TRUE,NA,0.76870373309992,0.0755565330999197,0.0755565330999197,0.0755565330999197,0.00570878969407926,0.454050051822205,1.09139184697245,1,1.04075825039086,0.0111392503908549,0.0111392503908549,0.0111392503908549,0.000124082899270162,0.756228125340261,1.32809150496381,1,0.890400121192787,-0.139218878807213,0.139218878807213,0.139218878807213,0.0193818962163374,0.506351730642393,1.27611805261462,1,1.5286167887133,0.0286167887133024,0.0286167887133024,0.0286167887133024,0.000818920596261793,1.44693258951213,1.76696365597094,1,1.78908147524364,-0.0109185247563557,0.0109185247563557,0.0109185247563557,0.000119214182855152,1.68379567064077,1.92649582112254,1
18,"n600-b1_2-b2_2p8-b3_2p8",600,10,180,1,1,0.6931472,1.029619,1.029619,1.5,1.8,1,1.3,0.0466666666666666,200,98,226,76,FALSE,NA,TRUE,NA,0.566058368921011,-0.127088831078989,0.127088831078989,0.127088831078989,0.0161515709850238,0.251457890111775,0.886934731441032,1,0.830796060667747,-0.198822939332253,0.198822939332253,0.198822939332253,0.0395305612047168,0.556945443845659,1.11768384838326,1,1.35586557400601,0.326246574006014,0.326246574006014,0.326246574006014,0.106436827050662,0.960755056168731,1.74401392273343,1,1.51970869940936,0.0197086994093623,0.0197086994093623,0.0197086994093623,0.000388432832408596,1.45474375334616,1.64414983948838,1,1.89283591990488,0.0928359199048803,0.0928359199048803,0.0928359199048803,0.00861850802458534,1.79811233751289,2.07836112119979,1
19,"n600-b1_2-b2_2p8-b3_2p8",600,1,181,1,1,0.6931472,1.029619,1.029619,1.5,1.8,1,1.3,0.0733333333333334,186,91,209,114,FALSE,NA,TRUE,NA,0.813690460667163,0.120543260667163,0.120543260667163,0.120543260667163,0.0145306776922715,0.502627698111479,1.12721652668755,1,1.20878777616501,0.17916877616501,0.17916877616501,0.17916877616501,0.0321014503524674,0.926454515083151,1.4993689736398,1,1.06503181976437,0.0354128197643693,0.0354128197643693,0.0354128197643693,0.0012540678036637,0.669261200511834,1.45530997904797,1,1.51129978721488,0.011299787214877,0.011299787214877,0.011299787214877,0.000127685191101498,1.4656579322214,1.56005031663755,1,1.80210411641411,0.00210411641410602,0.00210411641410602,0.00210411641410602,4.42730588411036e-06,1.75938122045949,1.86843962163331,1
19,"n600-b1_2-b2_2p8-b3_2p8",600,2,182,1,1,0.6931472,1.029619,1.029619,1.5,1.8,1,1.3,0.0616666666666666,189,102,195,114,FALSE,NA,TRUE,NA,0.591535322246915,-0.101611877753085,0.101611877753085,0.101611877753085,0.010324973700508,0.296031958649668,0.891072013980885,1,1.0776054957349,0.0479864957349032,0.0479864957349032,0.0479864957349032,0.00230270377291588,0.809176230353809,1.34935547223605,1,1.02942682527216,-0.000192174727843275,0.000192174727843275,0.000192174727843275,3.69311260216368e-08,0.649118452611281,1.40893769146976,1,1.5319037513217,0.0319037513216978,0.0319037513216978,0.0319037513216978,0.00101784934839673,1.48242889940033,1.69018787073214,1,1.77660404165755,-0.0233959583424457,0.0233959583424457,0.0233959583424457,0.000547370866761453,1.62923253125591,1.91425014276682,1
19,"n600-b1_2-b2_2p8-b3_2p8",600,3,183,1,1,0.6931472,1.029619,1.029619,1.5,1.8,1,1.3,0.0783333333333334,221,95,177,107,FALSE,NA,TRUE,NA,0.614563815109848,-0.0785833848901516,0.0785833848901516,0.0785833848901516,0.00617534838079371,0.306385368789669,0.916917166807492,1,0.86149611026751,-0.16812288973249,0.16812288973249,0.16812288973249,0.028265306052003,0.589144197889577,1.13861388232237,1,1.10075457814348,0.0711355781434777,0.0711355781434777,0.0711355781434777,0.00506027047780682,0.71936468574115,1.4896579456677,1,1.48975382235743,-0.0102461776425653,0.0102461776425653,0.0102461776425653,0.000104984156283005,1.38477815310626,1.58851321675345,1,1.82545310259785,0.0254531025978464,0.0254531025978464,0.0254531025978464,0.000647860431856495,1.78308447560185,1.94142995670657,1
19,"n600-b1_2-b2_2p8-b3_2p8",600,4,184,1,1,0.6931472,1.029619,1.029619,1.5,1.8,1,1.3,0.0516666666666666,191,87,204,118,FALSE,NA,TRUE,NA,0.577375407858145,-0.115771792141855,0.115771792141855,0.115771792141855,0.0134031078557369,0.280259048737667,0.876049611768869,1,0.833783873160468,-0.195835126839532,0.195835126839532,0.195835126839532,0.0383513969042555,0.58095575506275,1.09199873511537,1,1.20693260207587,0.177313602075865,0.177313602075865,0.177313602075865,0.0314401134811184,0.823345795825122,1.59519008781654,1,1.51723287141041,0.0172328714104097,0.0172328714104097,0.0172328714104097,0.000296971857047718,1.44783564909899,1.61010377745862,1,1.85599826675194,0.0559982667519392,0.0559982667519392,0.0559982667519392,0.00313580587922134,1.75166078484592,2.13541657194434,1
19,"n600-b1_2-b2_2p8-b3_2p8",600,5,185,1,1,0.6931472,1.029619,1.029619,1.5,1.8,1,1.3,0.0683333333333334,202,101,198,99,FALSE,NA,TRUE,NA,0.893495704950069,0.200348504950069,0.200348504950069,0.200348504950069,0.040139523435728,0.580161192141096,1.21268290167084,1,1.02208016294028,-0.00753883705971736,0.00753883705971736,0.00753883705971736,5.68340642129679e-05,0.73734440746863,1.31503372112685,1,0.824218184912739,-0.205400815087261,0.205400815087261,0.205400815087261,0.0421894948385114,0.429646698201945,1.20934309091948,1,1.54857023564247,0.0485702356424664,0.0485702356424664,0.0485702356424664,0.00235906779036472,1.48258348543532,1.64903156953534,1,1.86571204157841,0.0657120415784054,0.0657120415784054,0.0657120415784054,0.00431807240840208,1.76877409202939,2.04555102851076,1
19,"n600-b1_2-b2_2p8-b3_2p8",600,6,186,1,1,0.6931472,1.029619,1.029619,1.5,1.8,1,1.3,0.0766666666666667,191,98,195,116,FALSE,NA,TRUE,NA,0.892399348581749,0.199252148581749,0.199252148581749,0.199252148581749,0.0397014187144434,0.595441431871011,1.19023391284316,1,0.983611318588505,-0.0460076814114949,0.0460076814114949,0.0460076814114949,0.00211670674886161,0.722145377090276,1.246904713229,1,0.738241969649234,-0.291377030350766,0.291377030350766,0.291377030350766,0.0849005738160315,0.365460976634584,1.11469891721025,1,1.49386926870357,-0.00613073129642983,0.00613073129642983,0.00613073129642983,3.75858662290241e-05,1.44124256744545,1.62925250943547,1,1.8026720737359,0.00267207373589873,0.00267207373589873,0.00267207373589873,7.13997805007978e-06,1.76206401164357,1.89454853719421,1
19,"n600-b1_2-b2_2p8-b3_2p8",600,7,187,1,1,0.6931472,1.029619,1.029619,1.5,1.8,1,1.3,0.0516666666666666,218,97,197,88,FALSE,NA,TRUE,NA,0.334515888908041,-0.358631311091959,0.358631311091959,0.358631311091959,0.128616417295537,0.0198515070860902,0.649862350709564,0,0.735772432544857,-0.293846567455143,0.293846567455143,0.293846567455143,0.0863458052051698,0.463075861383718,1.00850471580144,0,1.5514390862318,0.521820086231802,0.521820086231802,0.521820086231802,0.272296202394965,1.15948510497324,1.9438594753686,0,1.48599015686478,-0.0140098431352154,0.0140098431352154,0.0140098431352154,0.000196275704673341,1.44949016982773,1.53920831577143,1,1.77267228860412,-0.0273277113958836,0.0273277113958836,0.0273277113958836,0.000746803810136708,1.68001943465924,1.87855243377579,1
19,"n600-b1_2-b2_2p8-b3_2p8",600,8,188,1,1,0.6931472,1.029619,1.029619,1.5,1.8,1,1.3,0.0666666666666667,188,102,222,88,FALSE,NA,TRUE,NA,0.720450097335723,0.0273028973357233,0.0273028973357233,0.0273028973357233,0.000745448202925048,0.387442619074826,1.05826817954014,1,1.17068748044206,0.141068480442058,0.141068480442058,0.141068480442058,0.0199003161742312,0.8757278292265,1.47505732458486,1,0.910715839005112,-0.118903160994888,0.118903160994888,0.118903160994888,0.0141379616945762,0.50595022060244,1.31770600366798,1,1.4389242925948,-0.0610757074052009,0.0610757074052009,0.0610757074052009,0.00373024203504571,1.32941778517356,1.55116777731907,1,1.72766771600367,-0.0723322839963321,0.0723322839963321,0.0723322839963321,0.00523195930812604,1.53874032177872,1.93319360155872,1
19,"n600-b1_2-b2_2p8-b3_2p8",600,9,189,1,1,0.6931472,1.029619,1.029619,1.5,1.8,1,1.3,0.0683333333333334,187,99,206,108,FALSE,NA,TRUE,NA,0.908850646618096,0.215703446618096,0.215703446618096,0.215703446618096,0.0465279768829258,0.604548760598904,1.21425593295533,1,1.09489202837978,0.0652730283797767,0.0652730283797767,0.0652730283797767,0.00426056823386713,0.822443714130565,1.3701824049499,1,0.962447700197487,-0.0671712998025135,0.0671712998025135,0.0671712998025135,0.00451198351715915,0.574380299613514,1.34451153468588,1,1.58861269148316,0.0886126914831578,0.0886126914831578,0.0886126914831578,0.0078522090918893,1.50297728413569,1.69639770865587,0,2.10669527785454,0.306695277854541,0.306695277854541,0.306695277854541,0.094061993458274,1.80411921399401,2.32914160488357,0
19,"n600-b1_2-b2_2p8-b3_2p8",600,10,190,1,1,0.6931472,1.029619,1.029619,1.5,1.8,1,1.3,0.0666666666666667,210,94,198,98,FALSE,NA,TRUE,NA,0.828117625669337,0.134970425669337,0.134970425669337,0.134970425669337,0.018217015805362,0.498088418223104,1.15788443713168,1,1.04836385768063,0.0187448576806339,0.0187448576806339,0.0187448576806339,0.000351369689467221,0.761141481009913,1.34758999047827,1,1.0321236940617,0.00250469406170351,0.00250469406170351,0.00250469406170351,6.2734923427328e-06,0.62734984691676,1.43984507675551,1,1.42429651809871,-0.0757034819012938,0.0757034819012938,0.0757034819012938,0.00573101717197952,1.37202385312496,1.51297130491839,1,1.74417808731591,-0.0558219126840915,0.0558219126840915,0.0558219126840915,0.00311608593571034,1.69334246569577,1.81380033551683,1
20,"n600-b1_2-b2_2p8-b3_2p8",600,1,191,1,1,0.6931472,1.029619,1.029619,1.5,1.8,1,1.3,0.0866666666666667,213,91,192,104,FALSE,NA,TRUE,NA,0.7522833508264,0.0591361508263997,0.0591361508263997,0.0591361508263997,0.00349708433456269,0.420983152474897,1.08029422407593,1,1.19569041285411,0.166071412854108,0.166071412854108,0.166071412854108,0.0275797141673595,0.902654053926856,1.49817976014334,1,1.18520759466225,0.155588594662251,0.155588594662251,0.155588594662251,0.0242078107889741,0.782157497027331,1.59504123711618,1,1.4956164270233,-0.00438357297670322,0.00438357297670322,0.00438357297670322,1.92157120420827e-05,1.44026854631201,1.53932350211403,1,1.82422334114809,0.0242233411480921,0.0242233411480921,0.0242233411480921,0.000586770256376852,1.78108080147481,1.90833713873005,1
20,"n600-b1_2-b2_2p8-b3_2p8",600,2,192,1,1,0.6931472,1.029619,1.029619,1.5,1.8,1,1.3,0.0816666666666667,186,106,202,106,FALSE,NA,TRUE,NA,0.797654740978291,0.104507540978291,0.104507540978291,0.104507540978291,0.0109218261213292,0.493132216293107,1.11109992169562,1,1.0877405158498,0.0581215158497965,0.0581215158497965,0.0581215158497965,0.00337811060467815,0.816066743634355,1.37204007321939,1,1.01411227731576,-0.0155067226842422,0.0155067226842422,0.0155067226842422,0.000240458448405993,0.627479023682071,1.39672253421153,1,1.53049996916226,0.0304999691622612,0.0304999691622612,0.0304999691622612,0.000930248118898882,1.48484913183507,1.59979101449855,1,1.85474701603402,0.0547470160340195,0.0547470160340195,0.0547470160340195,0.00299723576462919,1.76608769979471,1.94468519709251,1
20,"n600-b1_2-b2_2p8-b3_2p8",600,3,193,1,1,0.6931472,1.029619,1.029619,1.5,1.8,1,1.3,0.0649999999999999,215,92,194,99,FALSE,NA,TRUE,NA,0.625684514409652,-0.067462685590348,0.067462685590348,0.067462685590348,0.00455121394706214,0.311688392379033,0.936646590763389,1,0.983635210341065,-0.0459837896589355,0.0459837896589355,0.0459837896589355,0.00211450891139722,0.710257649056645,1.26299700441864,1,1.14931453326931,0.119695533269313,0.119695533269313,0.119695533269313,0.0143270206846251,0.767632168514914,1.53074778241675,1,1.47466298796086,-0.0253370120391443,0.0253370120391443,0.0253370120391443,0.000641964179071743,1.40628490397963,1.562897170453,1,1.77413505507634,-0.0258649449236608,0.0258649449236608,0.0258649449236608,0.000668995375904004,1.69460072956255,1.85818936630633,1
20,"n600-b1_2-b2_2p8-b3_2p8",600,4,194,1,1,0.6931472,1.029619,1.029619,1.5,1.8,1,1.3,0.0633333333333334,186,100,204,110,FALSE,NA,TRUE,NA,1.06807615418684,0.374928954186839,0.374928954186839,0.374928954186839,0.140571720687637,0.765709544587305,1.37401480647044,0,1.21653862565661,0.18691962565661,0.18691962565661,0.18691962565661,0.0349389464556072,0.94724380095284,1.49804379689437,1,0.689844144950052,-0.339774855049948,0.339774855049948,0.339774855049948,0.115446952124213,0.310337860848095,1.07299531498473,1,1.52551097681089,0.0255109768108943,0.0255109768108943,0.0255109768108943,0.000650809937845987,1.45497059843956,1.77576998341434,1,1.80904352221607,0.00904352221606963,0.00904352221606963,0.00904352221606963,8.1785294072545e-05,1.75368003522281,1.97630565166471,1
20,"n600-b1_2-b2_2p8-b3_2p8",600,5,195,1,1,0.6931472,1.029619,1.029619,1.5,1.8,1,1.3,0.085,192,90,215,103,FALSE,NA,TRUE,NA,0.776031054603917,0.0828838546039172,0.0828838546039172,0.0828838546039172,0.00686973335400329,0.458429318660306,1.09441142845658,1,0.935846008791959,-0.0937729912080413,0.0937729912080413,0.0937729912080413,0.00879337388010339,0.661134985276804,1.21526840527031,1,1.01408745141939,-0.0155315485806071,0.0155315485806071,0.0155315485806071,0.000241229001311759,0.620580567124623,1.40486154576047,1,1.51394560086178,0.0139456008617775,0.0139456008617775,0.0139456008617775,0.00019447978339601,1.47877269529364,1.61968330288993,1,1.8505905352302,0.0505905352301976,0.0505905352301976,0.0505905352301976,0.00255940225487787,1.77064978872238,2.03358926100015,1
20,"n600-b1_2-b2_2p8-b3_2p8",600,6,196,1,1,0.6931472,1.029619,1.029619,1.5,1.8,1,1.3,0.0666666666666667,198,101,190,111,FALSE,NA,TRUE,NA,0.748512154909058,0.0553649549090582,0.0553649549090582,0.0553649549090582,0.00306527823208205,0.445063104879655,1.0539364864874,1,1.06214881618307,0.0325298161830745,0.0325298161830745,0.0325298161830745,0.00105818894090461,0.791262036522509,1.33439985394888,1,0.973953234571553,-0.0556657654284468,0.0556657654284468,0.0556657654284468,0.00309867744073486,0.591270661467221,1.34988284341297,1,1.39039712565793,-0.109602874342072,0.109602874342072,0.109602874342072,0.0120127900640441,1.35809396765872,1.42980390419764,0,1.76228310172061,-0.0377168982793912,0.0377168982793912,0.0377168982793912,0.00142256441581794,1.70747960316121,1.8903188409882,1
20,"n600-b1_2-b2_2p8-b3_2p8",600,7,197,1,1,0.6931472,1.029619,1.029619,1.5,1.8,1,1.3,0.0533333333333333,196,109,215,80,FALSE,NA,TRUE,NA,0.711961843652902,0.0188146436529025,0.0188146436529025,0.0188146436529025,0.000353990815785705,0.390565159254969,1.03749071567308,1,0.995258666388196,-0.0343603336118045,0.0343603336118045,0.0343603336118045,0.0011806325259145,0.702541654933445,1.29771013222505,1,1.07749182178065,0.0478728217806479,0.0478728217806479,0.0478728217806479,0.00229180706524167,0.682336894436505,1.47121240806809,1,1.50894447625649,0.00894447625648787,0.00894447625648787,0.00894447625648787,8.00036555028752e-05,1.44417399074419,1.60410475671442,1,1.81501115381524,0.0150111538152373,0.0150111538152373,0.0150111538152373,0.000225334738864714,1.72138650092147,2.00688967938731,1
20,"n600-b1_2-b2_2p8-b3_2p8",600,8,198,1,1,0.6931472,1.029619,1.029619,1.5,1.8,1,1.3,0.045,195,107,209,89,FALSE,NA,TRUE,NA,0.610295268608982,-0.0828519313910183,0.0828519313910183,0.0828519313910183,0.00686444253522201,0.305991892800081,0.92127703492221,1,0.978032816408031,-0.051586183591969,0.051586183591969,0.051586183591969,0.00266113433758433,0.696932887953745,1.25932265892006,1,1.06740834720812,0.0377893472081228,0.0377893472081228,0.0377893472081228,0.00142803476241606,0.689366820065466,1.44309659221002,1,1.58528174123396,0.0852817412339617,0.0852817412339617,0.0852817412339617,0.0072729753878964,1.41429561176526,1.78207472074212,1,1.81823318322501,0.0182331832250091,0.0182331832250091,0.0182331832250091,0.000332448970516754,1.71982557391167,1.98831328956588,1
20,"n600-b1_2-b2_2p8-b3_2p8",600,9,199,1,1,0.6931472,1.029619,1.029619,1.5,1.8,1,1.3,0.0583333333333333,219,100,189,92,FALSE,NA,TRUE,NA,0.699314226404662,0.0061670264046616,0.0061670264046616,0.0061670264046616,3.80322146757934e-05,0.380120529417125,1.01303016061322,1,1.01497494492166,-0.0146440550783444,0.0146440550783444,0.0146440550783444,0.000214448349137585,0.725724709958512,1.31017020019885,1,1.03073080765073,0.00111180765072527,0.00111180765072527,0.00111180765072527,1.23611625221125e-06,0.643004875069498,1.42368453016306,1,1.50799361896396,0.00799361896396378,0.00799361896396378,0.00799361896396378,6.38979441410413e-05,1.3709391513663,1.62235870511767,1,1.81128234356983,0.0112823435698328,0.0112823435698328,0.0112823435698328,0.000127291276427748,1.71622631295122,1.90674717801596,1
20,"n600-b1_2-b2_2p8-b3_2p8",600,10,200,1,1,0.6931472,1.029619,1.029619,1.5,1.8,1,1.3,0.0816666666666667,192,90,198,120,FALSE,NA,TRUE,NA,0.656915240138426,-0.0362319598615745,0.0362319598615745,0.0362319598615745,0.00131275491541074,0.348202727024547,0.958846966107754,1,1.01266835798075,-0.0169506420192491,0.0169506420192491,0.0169506420192491,0.000287324264864734,0.753025809449255,1.27499448298261,1,1.10784400249968,0.0782250024996809,0.0782250024996809,0.0782250024996809,0.00611915101607508,0.723430685451807,1.48927912061836,1,1.50829891692949,0.00829891692948759,0.00829891692948759,0.00829891692948759,6.88720222025357e-05,1.4060147355395,1.57601682960898,1,1.78337330892987,-0.0166266910701311,0.0166266910701311,0.0166266910701311,0.000276446855941579,1.6280524832497,1.86823365850796,1
21,"n600-b1_2-b2_2p8-b3_2p8",600,1,201,1,1,0.6931472,1.029619,1.029619,1.5,1.8,1,1.3,0.0516666666666666,190,97,213,100,FALSE,NA,TRUE,NA,0.773986459662913,0.0808392596629128,0.0808392596629128,0.0808392596629128,0.00653498590284785,0.469668021431793,1.08306560423427,1,1.00387062392302,-0.0257483760769768,0.0257483760769768,0.0257483760769768,0.00066297887060143,0.73562979954017,1.28444665927639,1,0.977378293842357,-0.052240706157643,0.052240706157643,0.052240706157643,0.0027290913798492,0.59705389366649,1.35359053246071,1,1.50916347611558,0.00916347611557655,0.00916347611557655,0.00916347611557655,8.39692945207419e-05,1.47696384026867,1.58669528942786,1,1.7799327346479,-0.0200672653521008,0.0200672653521008,0.0200672653521008,0.000402695138711625,1.70716456001959,1.85551878042663,1
21,"n600-b1_2-b2_2p8-b3_2p8",600,2,202,1,1,0.6931472,1.029619,1.029619,1.5,1.8,1,1.3,0.0666666666666667,218,104,196,82,FALSE,NA,TRUE,NA,0.594277356340091,-0.0988698436599093,0.0988698436599093,0.0988698436599093,0.0097752459853349,0.268841699279841,0.930045641385775,1,1.05448872850271,0.0248697285027102,0.0248697285027102,0.0248697285027102,0.000618503395798515,0.74819391489608,1.37407606789971,1,1.09656707716822,0.0669480771682189,0.0669480771682189,0.0669480771682189,0.0044820450365218,0.693305040290121,1.49127132779436,1,1.41963439327467,-0.0803656067253282,0.0803656067253282,0.0803656067253282,0.00645863074433012,1.31640187753098,1.55306657483912,1,1.77771191516227,-0.0222880848377307,0.0222880848377307,0.0222880848377307,0.000496758725733881,1.68481138128529,1.97277549651924,1
21,"n600-b1_2-b2_2p8-b3_2p8",600,3,203,1,1,0.6931472,1.029619,1.029619,1.5,1.8,1,1.3,0.0600000000000001,206,89,218,87,FALSE,NA,TRUE,NA,0.718800265797735,0.0256530657977347,0.0256530657977347,0.0256530657977347,0.000658079784822908,0.392704833656404,1.05100995474294,1,0.992828630562486,-0.0367903694375139,0.0367903694375139,0.0367903694375139,0.00135353128334876,0.710780143679904,1.28655421670546,1,1.03328765688721,0.00366865688720885,0.00366865688720885,0.00366865688720885,1.3459043356065e-05,0.635647564716472,1.43120252668421,1,1.47041146431208,-0.0295885356879242,0.0295885356879242,0.0295885356879242,0.000875481444155563,1.36116959424141,1.59991814329165,1,1.74819651203805,-0.0518034879619473,0.0518034879619473,0.0518034879619473,0.00268360136502362,1.64998766925283,1.91242825063449,1
21,"n600-b1_2-b2_2p8-b3_2p8",600,4,204,1,1,0.6931472,1.029619,1.029619,1.5,1.8,1,1.3,0.0816666666666667,208,94,194,104,FALSE,NA,TRUE,NA,0.817973852110809,0.124826652110809,0.124826652110809,0.124826652110809,0.015581693077193,0.492611658389432,1.15101535517339,1,1.303102230922,0.273483230922,0.273483230922,0.273483230922,0.074793077595536,1.0088704068797,1.60829287906401,1,0.859593247254851,-0.170025752745149,0.170025752745149,0.170025752745149,0.0289087565965545,0.457149996264456,1.25453830834825,1,1.45920406915476,-0.0407959308452364,0.0407959308452364,0.0407959308452364,0.00166430797352931,1.36617696164807,1.55256773025219,1,1.80107399626666,0.00107399626666171,0.00107399626666171,0.00107399626666171,1.1534679808033e-06,1.67562546963072,1.91500855558549,1
21,"n600-b1_2-b2_2p8-b3_2p8",600,5,205,1,1,0.6931472,1.029619,1.029619,1.5,1.8,1,1.3,0.0733333333333334,195,127,190,88,FALSE,NA,TRUE,NA,0.674050186440526,-0.0190970135594739,0.0190970135594739,0.0190970135594739,0.00036469592689073,0.363420083182138,0.99207667598592,1,1.00120374383472,-0.0284152561652775,0.0284152561652775,0.0284152561652775,0.000807426782938342,0.70443141426166,1.30992012143718,1,1.22750309525062,0.197884095250624,0.197884095250624,0.197884095250624,0.039158115153158,0.833343954385975,1.61991697873436,1,1.35566696395871,-0.144333036041293,0.144333036041293,0.144333036041293,0.0208320252928972,1.28522158629755,1.54698505917004,1,1.64583136424397,-0.154168635756033,0.154168635756033,0.154168635756033,0.0237679682508763,1.54094410961671,1.79587476426257,0
21,"n600-b1_2-b2_2p8-b3_2p8",600,6,206,1,1,0.6931472,1.029619,1.029619,1.5,1.8,1,1.3,0.0666666666666667,188,100,200,112,FALSE,NA,TRUE,NA,0.816844854763176,0.123697654763176,0.123697654763176,0.123697654763176,0.01530110979391,0.508673633994149,1.12017248511539,1,1.23376748868528,0.20414848868528,0.20414848868528,0.20414848868528,0.0416766054324838,0.96344536035102,1.51499827699616,1,0.916724609465306,-0.112894390534695,0.112894390534695,0.112894390534695,0.0127451434142001,0.534265940256577,1.29843349201935,1,1.4618758002274,-0.0381241997726032,0.0381241997726032,0.0381241997726032,0.00145345460830136,1.33439236729358,1.62599624686715,1,1.79263731376302,-0.00736268623697933,0.00736268623697933,0.00736268623697933,5.42091486242049e-05,1.67642190016559,1.94896194389869,1
21,"n600-b1_2-b2_2p8-b3_2p8",600,7,207,1,1,0.6931472,1.029619,1.029619,1.5,1.8,1,1.3,0.0683333333333334,214,97,200,89,FALSE,NA,TRUE,NA,0.461436731217981,-0.231710468782019,0.231710468782019,0.231710468782019,0.0536897413431832,0.124645458432707,0.792213018006673,1,1.08296050591289,0.0533415059128894,0.0533415059128894,0.0533415059128894,0.00284531625305482,0.789371889314337,1.38750034251793,1,1.38449053688351,0.354871536883512,0.354871536883512,0.354871536883512,0.125933807690066,0.970774109750392,1.80337788865301,1,1.4586152836375,-0.0413847163625016,0.0413847163625016,0.0413847163625016,0.00171269474840471,1.32970707438073,1.53102703699572,1,1.76663480347207,-0.0333651965279325,0.0333651965279325,0.0333651965279325,0.00111323633934756,1.6371703760834,1.83563268092358,1
21,"n600-b1_2-b2_2p8-b3_2p8",600,8,208,1,1,0.6931472,1.029619,1.029619,1.5,1.8,1,1.3,0.0866666666666667,195,117,176,112,FALSE,NA,TRUE,NA,0.813296700692908,0.120149500692908,0.120149500692908,0.120149500692908,0.0144359025167552,0.509846722696819,1.11974549758945,1,1.19255750037337,0.162938500373375,0.162938500373375,0.162938500373375,0.0265489549039242,0.907072287113678,1.48107613846353,1,0.845090954238751,-0.184528045761249,0.184528045761249,0.184528045761249,0.0340505996724657,0.465531062471093,1.225717132168,1,1.53246180122741,0.0324618012274109,0.0324618012274109,0.0324618012274109,0.00105376853892794,1.46982766488616,1.6789539266192,1,1.83925412102695,0.0392541210269453,0.0392541210269453,0.0392541210269453,0.00154088601759807,1.80327611839592,1.94273460186423,0
21,"n600-b1_2-b2_2p8-b3_2p8",600,9,209,1,1,0.6931472,1.029619,1.029619,1.5,1.8,1,1.3,0.075,215,89,208,88,FALSE,NA,TRUE,NA,0.534989385599926,-0.158157814400074,0.158157814400074,0.158157814400074,0.0250138942558083,0.203957207812581,0.869252954551954,1,1.12849921656104,0.0988802165610383,0.0988802165610383,0.0988802165610383,0.00977729722715783,0.839452669199953,1.42575301723387,1,1.11337905456071,0.0837600545607051,0.0837600545607051,0.0837600545607051,0.0070157467400123,0.710768266554965,1.5139584089473,1,1.53573509772925,0.0357350977292468,0.0357350977292468,0.0357350977292468,0.00127699720971882,1.49880337789304,1.62470693671842,1,1.68735657720779,-0.11264342279221,0.11264342279221,0.11264342279221,0.0126885406983445,1.61548289233456,1.8277144822584,1
21,"n600-b1_2-b2_2p8-b3_2p8",600,10,210,1,1,0.6931472,1.029619,1.029619,1.5,1.8,1,1.3,0.0666666666666667,189,100,200,111,FALSE,NA,TRUE,NA,0.66153534251881,-0.0316118574811897,0.0316118574811897,0.0316118574811897,0.000999309533411047,0.362834945463423,0.958090223209663,1,0.80066049117653,-0.22895850882347,0.22895850882347,0.22895850882347,0.0524219987626671,0.540156018438938,1.06659039813048,1,1.09249238065965,0.0628733806596549,0.0628733806596549,0.0628733806596549,0.00395306199557386,0.712816562282276,1.46660713559505,1,1.53144416829017,0.0314441682901723,0.0314441682901723,0.0314441682901723,0.000988735719460675,1.47106221507621,1.66652959874393,1,1.86028863273793,0.0602886327379257,0.0602886327379257,0.0602886327379257,0.00363471923740849,1.73224150669506,2.13154961603357,1
22,"n600-b1_2-b2_2p8-b3_2p8",600,1,211,1,1,0.6931472,1.029619,1.029619,1.5,1.8,1,1.3,0.0633333333333334,201,115,203,81,FALSE,NA,TRUE,NA,0.83417121691897,0.14102401691897,0.14102401691897,0.14102401691897,0.0198877733479619,0.504286071678742,1.17410107844551,1,1.09400484992399,0.06438584992399,0.06438584992399,0.06438584992399,0.00414553767043456,0.798033960996419,1.40933429610806,1,0.825441167903871,-0.204177832096129,0.204177832096129,0.204177832096129,0.0416885871194752,0.417585679346998,1.2215151343366,1,1.52457168464581,0.0245716846458066,0.0245716846458066,0.0245716846458066,0.000603767686332968,1.42503572394153,1.72118696162902,1,1.8339075926515,0.0339075926514996,0.0339075926514996,0.0339075926514996,0.00114972483942003,1.70192527313375,2.01421073050731,1
22,"n600-b1_2-b2_2p8-b3_2p8",600,2,212,1,1,0.6931472,1.029619,1.029619,1.5,1.8,1,1.3,0.0716666666666667,186,101,210,103,FALSE,NA,TRUE,NA,0.779571825299254,0.0864246252992535,0.0864246252992535,0.0864246252992535,0.00746921585811638,0.47889646243844,1.0906947518521,1,1.03260723135602,0.00298823135601545,0.00298823135601545,0.00298823135601545,8.92952663707392e-06,0.765166167331913,1.30710229151442,1,0.847561545887974,-0.182057454112026,0.182057454112026,0.182057454112026,0.0331449165977524,0.466289426601877,1.22070627999518,1,1.57333883141167,0.0733388314116712,0.0733388314116712,0.0733388314116712,0.00537858419282953,1.46253696471588,1.83821123096385,1,1.86261366855332,0.0626136685533156,0.0626136685533156,0.0626136685533156,0.00392047148970447,1.7658660418616,2.00722345911045,1
22,"n600-b1_2-b2_2p8-b3_2p8",600,3,213,1,1,0.6931472,1.029619,1.029619,1.5,1.8,1,1.3,0.055,201,89,196,114,FALSE,NA,TRUE,NA,0.381543369189023,-0.311603830810977,0.311603830810977,0.311603830810977,0.0970969473760762,0.0832995183441261,0.669651748991869,0,0.690806122904679,-0.338812877095321,0.338812877095321,0.338812877095321,0.114794165685609,0.439557670248327,0.943118252038684,0,1.37399305378537,0.344374053785366,0.344374053785366,0.344374053785366,0.118593488920566,1.00538945289024,1.75129047051118,1,1.50084784946763,0.000847849467629391,0.000847849467629391,0.000847849467629391,7.18848719759442e-07,1.44851316541506,1.56712515458991,1,1.80417179153444,0.00417179153444458,0.00417179153444458,0.00417179153444458,1.74038446068635e-05,1.72231360292053,1.90025593691335,1
22,"n600-b1_2-b2_2p8-b3_2p8",600,4,214,1,1,0.6931472,1.029619,1.029619,1.5,1.8,1,1.3,0.0583333333333333,190,107,203,100,FALSE,NA,TRUE,NA,0.831930756763697,0.138783556763697,0.138783556763697,0.138783556763697,0.0192608756279824,0.521140624998579,1.14150165404125,1,1.21676472205051,0.187145722050509,0.187145722050509,0.187145722050509,0.0350235212818066,0.931080361575242,1.51212244660468,1,0.92121289223247,-0.10840610776753,0.10840610776753,0.10840610776753,0.0117518842013053,0.531098998773157,1.30895981507143,1,1.45510813788135,-0.044891862118652,0.044891862118652,0.044891862118652,0.00201527928448007,1.330540262373,1.66972509143991,1,1.77882718236289,-0.0211728176371149,0.0211728176371149,0.0211728176371149,0.000448288206694523,1.67210572857324,1.95163785245535,1
22,"n600-b1_2-b2_2p8-b3_2p8",600,5,215,1,1,0.6931472,1.029619,1.029619,1.5,1.8,1,1.3,0.0683333333333334,204,90,205,101,FALSE,NA,TRUE,NA,0.9671097659325,0.2739625659325,0.2739625659325,0.2739625659325,0.0750554875323196,0.631484566106865,1.31251186375922,1,1.38000319471539,0.350384194715385,0.350384194715385,0.350384194715385,0.122769083906349,1.08455902909276,1.69010391415594,0,0.547993977196069,-0.481625022803931,0.481625022803931,0.481625022803931,0.231962662590887,0.145827648495911,0.948387265727351,0,1.36182683602456,-0.138173163975438,0.138173163975438,0.138173163975438,0.0190918232429832,1.31285800833226,1.47399671239911,0,1.49689550747426,-0.303104492525738,0.303104492525738,0.303104492525738,0.0918723333892853,1.43061640707317,1.69907714513936,0
22,"n600-b1_2-b2_2p8-b3_2p8",600,6,216,1,1,0.6931472,1.029619,1.029619,1.5,1.8,1,1.3,0.075,198,90,198,114,FALSE,NA,TRUE,NA,0.796058242260186,0.102911042260186,0.102911042260186,0.102911042260186,0.0105906826190777,0.485459033719821,1.11180344837027,1,1.05594375013502,0.0263247501350194,0.0263247501350194,0.0263247501350194,0.000692992469671206,0.791248511936947,1.33102362938605,1,0.982866347308698,-0.0467526526913025,0.0467526526913025,0.0467526526913025,0.00218581053367355,0.590756373291343,1.36803402635886,1,1.5072706301085,0.00727063010850326,0.00727063010850326,0.00727063010850326,5.28620621746742e-05,1.46090093465063,1.60489398638467,1,1.78638861834027,-0.013611381659729,0.013611381659729,0.013611381659729,0.000185269710686806,1.76323255014055,1.84520349207241,1
22,"n600-b1_2-b2_2p8-b3_2p8",600,7,217,1,1,0.6931472,1.029619,1.029619,1.5,1.8,1,1.3,0.0816666666666667,175,110,198,117,FALSE,NA,TRUE,NA,0.627984507700532,-0.0651626922994679,0.0651626922994679,0.0651626922994679,0.00424617646771514,0.329083429075169,0.922980709004248,1,0.94955624993593,-0.0800627500640705,0.0800627500640705,0.0800627500640705,0.00641004394782182,0.682067241648053,1.22107809204766,1,0.994689710176247,-0.0349292898237529,0.0349292898237529,0.0349292898237529,0.00122005528759173,0.619727566006648,1.37058035623586,1,1.57116886250931,0.0711688625093088,0.0711688625093088,0.0711688625093088,0.00506500699086889,1.44675569965256,1.77044685389874,1,1.92206819240415,0.122068192404154,0.122068192404154,0.122068192404154,0.0149006435968175,1.62688655991691,2.36414174488053,1
22,"n600-b1_2-b2_2p8-b3_2p8",600,8,218,1,1,0.6931472,1.029619,1.029619,1.5,1.8,1,1.3,0.0783333333333334,208,88,190,114,FALSE,NA,TRUE,NA,0.620471298313413,-0.0726759016865874,0.0726759016865874,0.0726759016865874,0.00528178668595852,0.305002147862808,0.937749093976505,1,1.16038651063294,0.130767510632937,0.130767510632937,0.130767510632937,0.0171001418371353,0.880664549811219,1.44443346041784,1,1.09898938967019,0.0693703896701874,0.0693703896701874,0.0693703896701874,0.00481225096299364,0.706028754935978,1.49705368687477,1,1.48464698023402,-0.0153530197659775,0.0153530197659775,0.0153530197659775,0.000235715215934495,1.35636539641754,1.56117099225191,1,1.73233545345987,-0.0676645465401271,0.0676645465401271,0.0676645465401271,0.00457849085848103,1.63512350742604,1.85341899813081,1
22,"n600-b1_2-b2_2p8-b3_2p8",600,9,219,1,1,0.6931472,1.029619,1.029619,1.5,1.8,1,1.3,0.085,197,95,193,115,FALSE,NA,TRUE,NA,0.573142216535715,-0.120004983464285,0.120004983464285,0.120004983464285,0.0144011960562632,0.267052476006904,0.876066655003084,1,0.97784400288776,-0.0517749971122397,0.0517749971122397,0.0517749971122397,0.00268065032597242,0.704145990667431,1.25057956067883,1,1.05016698064061,0.0205479806406053,0.0205479806406053,0.0205479806406053,0.000422219508406688,0.674430536266463,1.43540616897014,1,1.50375996684591,0.00375996684590985,0.00375996684590985,0.00375996684590985,1.41373506823412e-05,1.39632821134538,1.69500981202935,1,1.79463411271379,-0.00536588728621168,0.00536588728621168,0.00536588728621168,2.87927463683281e-05,1.63084097325665,1.98672443272887,1
22,"n600-b1_2-b2_2p8-b3_2p8",600,10,220,1,1,0.6931472,1.029619,1.029619,1.5,1.8,1,1.3,0.0883333333333334,196,102,203,99,FALSE,NA,TRUE,NA,1.0113113160623,0.318164116062295,0.318164116062295,0.318164116062295,0.101228404749702,0.682097242609365,1.33951690646974,1,1.35739211527012,0.327773115270125,0.327773115270125,0.327773115270125,0.107435215093883,1.05877704622365,1.66227500753639,0,0.743449671091572,-0.286169328908428,0.286169328908428,0.286169328908428,0.0818928848079002,0.352203809287824,1.14142203233258,1,1.50262999207802,0.00262999207802084,0.00262999207802084,0.00262999207802084,6.91685833045236e-06,1.45138987207925,1.57353356777655,1,1.80509864754872,0.00509864754871514,0.00509864754871514,0.00509864754871514,2.59962068260189e-05,1.73534002952155,1.89487069023847,1
23,"n600-b1_2-b2_2p8-b3_2p8",600,1,221,1,1,0.6931472,1.029619,1.029619,1.5,1.8,1,1.3,0.055,204,78,208,110,FALSE,NA,TRUE,NA,0.446768651676368,-0.246378548323632,0.246378548323632,0.246378548323632,0.0607023890740601,0.125575831785023,0.752965932943414,1,0.879414257106732,-0.150204742893268,0.150204742893268,0.150204742893268,0.0225614647876328,0.621280637124624,1.14106728016725,1,1.57512242304637,0.545503423046374,0.545503423046374,0.545503423046374,0.297573984555312,1.18355268953668,1.96899975457919,0,1.55988252297618,0.0598825229761843,0.0598825229761843,0.0598825229761843,0.00358591655799325,1.44053675150257,1.81847553253374,1,1.79767835958391,-0.00232164041608618,0.00232164041608618,0.00232164041608618,5.39001422160481e-06,1.67539313750595,1.92327748819039,1
23,"n600-b1_2-b2_2p8-b3_2p8",600,2,222,1,1,0.6931472,1.029619,1.029619,1.5,1.8,1,1.3,0.0649999999999999,191,103,204,102,FALSE,NA,TRUE,NA,0.941696426578406,0.248549226578406,0.248549226578406,0.248549226578406,0.0617767180327239,0.630670074790097,1.26177355305064,1,0.90974691712445,-0.11987208287555,0.11987208287555,0.11987208287555,0.0143693162529228,0.634233742433316,1.1987050138834,1,0.905205014414517,-0.124413985585483,0.124413985585483,0.124413985585483,0.0154788398092647,0.507725671472169,1.29972112444349,1,1.36419358055934,-0.135806419440661,0.135806419440661,0.135806419440661,0.0184433835612927,1.23246303886957,1.48668489932944,0,1.80766206791085,0.00766206791085033,0.00766206791085033,0.00766206791085033,5.87072846704824e-05,1.60534526466179,1.99867296610018,1
23,"n600-b1_2-b2_2p8-b3_2p8",600,3,223,1,1,0.6931472,1.029619,1.029619,1.5,1.8,1,1.3,0.0649999999999999,202,93,211,94,FALSE,NA,TRUE,NA,0.916542925609808,0.223395725609808,0.223395725609808,0.223395725609808,0.0499056502207327,0.598527321173578,1.23923796300322,1,1.06130297207548,0.031683972075484,0.031683972075484,0.031683972075484,0.00100387408648005,0.782126966130292,1.35531704227329,1,0.723409625070545,-0.306209374929455,0.306209374929455,0.306209374929455,0.0937641812946873,0.331006999165514,1.11360585908408,1,1.58892776825106,0.0889277682510576,0.0889277682510576,0.0889277682510576,0.00790814796611381,1.51179161416678,1.6675785118174,0,1.82329480204737,0.0232948020473722,0.0232948020473722,0.0232948020473722,0.000542647802426257,1.7943815917274,1.85610536339027,1
23,"n600-b1_2-b2_2p8-b3_2p8",600,4,224,1,1,0.6931472,1.029619,1.029619,1.5,1.8,1,1.3,0.0600000000000001,181,116,204,99,FALSE,NA,TRUE,NA,0.53324307023387,-0.15990412976613,0.15990412976613,0.15990412976613,0.0255693307162632,0.247608597648935,0.825589978999932,1,0.897848953067118,-0.131770046932882,0.131770046932882,0.131770046932882,0.0173633452686938,0.633240195698477,1.17515727161558,1,1.17855816878318,0.148939168783183,0.148939168783183,0.148939168783183,0.0221828759978256,0.805206251181514,1.54434036468448,1,1.61747888157129,0.117478881571294,0.117478881571294,0.117478881571294,0.0138012876152421,1.49942255053953,1.72015571361022,1,1.73298310801007,-0.0670168919899345,0.0670168919899345,0.0670168919899345,0.00449126381199055,1.57393921627295,2.02078933628137,1
23,"n600-b1_2-b2_2p8-b3_2p8",600,5,225,1,1,0.6931472,1.029619,1.029619,1.5,1.8,1,1.3,0.0783333333333334,205,101,188,106,FALSE,NA,TRUE,NA,0.739337131785988,0.0461899317859881,0.0461899317859881,0.0461899317859881,0.00213350979839423,0.421363254422777,1.05946903018103,1,0.948389479719185,-0.0812295202808153,0.0812295202808153,0.0812295202808153,0.00659823496505139,0.666314529607238,1.23600089053692,1,1.10248327085441,0.0728642708544058,0.0728642708544058,0.0728642708544058,0.00530920196714421,0.698410206060388,1.49711088220193,1,1.52077838444121,0.0207783844412075,0.0207783844412075,0.0207783844412075,0.000431741259986614,1.3896804864106,1.8170528893873,1,1.76754141857375,-0.0324585814262464,0.0324585814262464,0.0324585814262464,0.00105355950820427,1.65524075526826,1.92345730319691,1
23,"n600-b1_2-b2_2p8-b3_2p8",600,6,226,1,1,0.6931472,1.029619,1.029619,1.5,1.8,1,1.3,0.0866666666666667,209,96,205,90,FALSE,NA,TRUE,NA,0.749367189858346,0.0562199898583464,0.0562199898583464,0.0562199898583464,0.00316068725967257,0.394708263835437,1.10564494815578,1,1.06892555216424,0.0393065521642395,0.0393065521642395,0.0393065521642395,0.00154500504304008,0.767793661930528,1.38448299036211,1,1.03645972385608,0.00684072385608281,0.00684072385608281,0.00684072385608281,4.67955028751805e-05,0.616857851485013,1.45332210535849,1,1.35423604171857,-0.145763958281429,0.145763958281429,0.145763958281429,0.0212471315338702,1.2532534778269,1.45683889660803,0,1.58693506589644,-0.213064934103558,0.213064934103558,0.213064934103558,0.0453966661445536,1.47626554363136,1.78790852613982,0
23,"n600-b1_2-b2_2p8-b3_2p8",600,7,227,1,1,0.6931472,1.029619,1.029619,1.5,1.8,1,1.3,0.075,214,98,174,114,FALSE,NA,TRUE,NA,0.848485987358166,0.155338787358166,0.155338787358166,0.155338787358166,0.0241301388579056,0.539311961599669,1.15665211695634,1,1.10158399826531,0.0719649982653077,0.0719649982653077,0.0719649982653077,0.00517896097532574,0.825287269409822,1.38457311145978,1,0.956648664611949,-0.0729703353880509,0.0729703353880509,0.0729703353880509,0.00532466984664463,0.564071622863276,1.35134249847676,1,1.39114348192319,-0.108856518076812,0.108856518076812,0.108856518076812,0.0118497415278074,1.30770463200851,1.53275106739909,1,1.78369049977131,-0.0163095002286877,0.0163095002286877,0.0163095002286877,0.000265999797709565,1.59652546939565,1.89553684294607,1
23,"n600-b1_2-b2_2p8-b3_2p8",600,8,228,1,1,0.6931472,1.029619,1.029619,1.5,1.8,1,1.3,0.0533333333333333,210,98,193,99,FALSE,NA,TRUE,NA,0.852249769562784,0.159102569562784,0.159102569562784,0.159102569562784,0.0253136276414804,0.535492426742079,1.17731615225561,1,1.2158729160901,0.186253916090095,0.186253916090095,0.186253916090095,0.0346905212588962,0.932383261506386,1.5119892798906,1,0.839556641044047,-0.190062358955953,0.190062358955953,0.190062358955953,0.0361237002919015,0.443897134933981,1.2345359451428,1,1.50552713535852,0.00552713535851534,0.00552713535851534,0.00552713535851534,3.05492252713506e-05,1.47082869508132,1.56956358630793,1,1.82860121287994,0.0286012128799433,0.0286012128799433,0.0286012128799433,0.000818029378203836,1.78022582130393,1.95450096204713,1
23,"n600-b1_2-b2_2p8-b3_2p8",600,9,229,1,1,0.6931472,1.029619,1.029619,1.5,1.8,1,1.3,0.09,189,95,201,115,FALSE,NA,TRUE,NA,0.992061429130013,0.298914229130013,0.298914229130013,0.298914229130013,0.08934971637639,0.674051058840694,1.31259224431689,1,1.23446072430153,0.204841724301528,0.204841724301528,0.204841724301528,0.0419601320148232,0.957149819385628,1.51828997514579,1,0.798376716788489,-0.231242283211511,0.231242283211511,0.231242283211511,0.0534729935448727,0.40659175312436,1.189673933449,1,1.4167224544901,-0.0832775455098969,0.0832775455098969,0.0832775455098969,0.00693514958615294,1.2932882371557,1.58536861585439,1,1.77022290892202,-0.0297770910779829,0.0297770910779829,0.0297770910779829,0.000886675153066487,1.69830428718285,1.88110380957202,1
23,"n600-b1_2-b2_2p8-b3_2p8",600,10,230,1,1,0.6931472,1.029619,1.029619,1.5,1.8,1,1.3,0.0466666666666666,206,87,207,100,FALSE,NA,TRUE,NA,0.643021819685387,-0.0501253803146127,0.0501253803146127,0.0501253803146127,0.00251255375168456,0.324896587705977,0.962095887576233,1,0.837921436702514,-0.191697563297486,0.191697563297486,0.191697563297486,0.0367479557741937,0.560974976260079,1.11951522249396,1,1.12294964564432,0.0933306456443213,0.0933306456443213,0.0933306456443213,0.00871060941638586,0.730076733192065,1.51731148989619,1,1.59305559838359,0.0930555983835879,0.0930555983835879,0.0930555983835879,0.00865934439052761,1.46085053634053,1.72735888648502,1,1.83706557648445,0.037065576484453,0.037065576484453,0.037065576484453,0.00137385696012483,1.70940762487136,1.93254775475572,1
24,"n600-b1_2-b2_2p8-b3_2p8",600,1,231,1,1,0.6931472,1.029619,1.029619,1.5,1.8,1,1.3,0.0616666666666666,193,96,197,114,FALSE,NA,TRUE,NA,0.636003651377172,-0.0571435486228277,0.0571435486228277,0.0571435486228277,0.00326538514920947,0.342448432119708,0.933367083968989,1,1.02999435370283,0.000375353702826375,0.000375353702826375,0.000375353702826375,1.40890402225471e-07,0.764589886906247,1.29825779602403,1,0.994009546881332,-0.0356094531186677,0.0356094531186677,0.0356094531186677,0.00126803315141059,0.623304408936937,1.36488928602901,1,1.52137873499736,0.0213787349973609,0.0213787349973609,0.0213787349973609,0.000457050310087382,1.47818308650599,1.63416494206697,1,1.83570753643331,0.0357075364333108,0.0357075364333108,0.0357075364333108,0.00127502815813622,1.7594222935861,1.93192923149069,1
24,"n600-b1_2-b2_2p8-b3_2p8",600,2,232,1,1,0.6931472,1.029619,1.029619,1.5,1.8,1,1.3,0.0616666666666666,204,117,189,90,FALSE,NA,TRUE,NA,0.924372052945043,0.231224852945043,0.231224852945043,0.231224852945043,0.0534649326194566,0.607402107962358,1.24399374205658,1,1.15145046676006,0.121831466760057,0.121831466760057,0.121831466760057,0.0148429062929068,0.852159433544606,1.45900398349229,1,0.996790258179632,-0.0328287418203681,0.0328287418203681,0.0328287418203681,0.00107772628950839,0.596991856755847,1.38570353121294,1,1.48352378184832,-0.0164762181516798,0.0164762181516798,0.0164762181516798,0.000271465764581742,1.39240364853653,1.59145546872407,1,1.77983259855111,-0.0201674014488873,0.0201674014488873,0.0201674014488873,0.000406724081200581,1.65247154361411,1.90068943596852,1
24,"n600-b1_2-b2_2p8-b3_2p8",600,3,233,1,1,0.6931472,1.029619,1.029619,1.5,1.8,1,1.3,0.0733333333333334,208,95,207,90,FALSE,NA,TRUE,NA,0.783693202414574,0.090546002414574,0.090546002414574,0.090546002414574,0.00819857855326004,0.445853613623889,1.12469891808212,1,1.09125589057107,0.061636890571072,0.061636890571072,0.061636890571072,0.00379910627927031,0.789434162378792,1.40129181932036,1,0.983945968831887,-0.0456730311681132,0.0456730311681132,0.0456730311681132,0.00208602577608344,0.579508968475258,1.39358253174346,1,1.48873537170651,-0.011264628293487,0.011264628293487,0.011264628293487,0.000126891850590427,1.42305091102724,1.59109223652264,1,1.81859089702605,0.0185908970260451,0.0185908970260451,0.0185908970260451,0.000345621452233013,1.7376034146154,2.00334272907841,1
24,"n600-b1_2-b2_2p8-b3_2p8",600,4,234,1,1,0.6931472,1.029619,1.029619,1.5,1.8,1,1.3,0.0516666666666666,186,102,214,98,FALSE,NA,TRUE,NA,0.625511926116232,-0.0676352738837678,0.0676352738837678,0.0676352738837678,0.00457453027333228,0.316523977961349,0.936815741579412,1,0.944948564335219,-0.0846704356647807,0.0846704356647807,0.0846704356647807,0.00716908267566377,0.674426380720633,1.22463407038445,1,1.03640762227044,0.0067886222704352,0.0067886222704352,0.0067886222704352,4.60853923306487e-05,0.658639930352968,1.41446627414761,1,1.40087321526677,-0.0991267847332278,0.0991267847332278,0.0991267847332278,0.00982611945154768,1.29750922200783,1.58065884825586,1,1.69665851722148,-0.10334148277852,0.10334148277852,0.10334148277852,0.0106794620628632,1.56281316999675,2.04791809744253,1
24,"n600-b1_2-b2_2p8-b3_2p8",600,5,235,1,1,0.6931472,1.029619,1.029619,1.5,1.8,1,1.3,0.0616666666666666,218,97,196,89,FALSE,NA,TRUE,NA,0.510960523059265,-0.182186676940735,0.182186676940735,0.182186676940735,0.0331919852547078,0.188511718296574,0.830408376109362,1,0.969308638101511,-0.0603103618984886,0.0603103618984886,0.0603103618984886,0.00363733975232666,0.690439961762919,1.25696450441793,1,1.22954239112084,0.199923391120841,0.199923391120841,0.199923391120841,0.0399693623172567,0.840173004373399,1.61963248580709,1,1.46922206449961,-0.030777935500391,0.030777935500391,0.030777935500391,0.000947281313666228,1.42439441384149,1.56758718488292,1,1.76451700924856,-0.0354829907514402,0.0354829907514402,0.0354829907514402,0.00125904263266679,1.71993665881546,1.8511430768778,1
24,"n600-b1_2-b2_2p8-b3_2p8",600,6,236,1,1,0.6931472,1.029619,1.029619,1.5,1.8,1,1.3,0.0583333333333333,194,101,205,100,FALSE,NA,TRUE,NA,0.773563907177,0.0804167071769996,0.0804167071769996,0.0804167071769996,0.00646684679319129,0.472221024367286,1.08230184725014,1,0.930343897541609,-0.0992751024583912,0.0992751024583912,0.0992751024583912,0.00985554596812407,0.661277801845566,1.21174302606721,1,0.94882037829197,-0.0807986217080302,0.0807986217080302,0.0807986217080302,0.00652841726991737,0.559850575405834,1.32952933866203,1,1.52452431914931,0.0245243191493119,0.0245243191493119,0.0245243191493119,0.000601442229737304,1.39341635287282,1.64566110558587,1,1.75815336185051,-0.0418466381494931,0.0418466381494931,0.0418466381494931,0.00175114112441461,1.53642376277204,1.9202284855141,1
24,"n600-b1_2-b2_2p8-b3_2p8",600,7,237,1,1,0.6931472,1.029619,1.029619,1.5,1.8,1,1.3,0.045,191,110,205,94,FALSE,NA,TRUE,NA,0.523175048311564,-0.169972151688436,0.169972151688436,0.169972151688436,0.0288905323495967,0.216398078776027,0.831397216241772,1,0.772380289668855,-0.257238710331145,0.257238710331145,0.257238710331145,0.0661717540928307,0.49344922680183,1.06003815920327,1,1.4654603899725,0.435841389972499,0.435841389972499,0.435841389972499,0.18995771721316,1.07558075072397,1.85140954275975,0,1.35940564247704,-0.140594357522962,0.140594357522962,0.140594357522962,0.0197667733672944,1.24635885762146,1.523249875487,1,1.68995992791393,-0.110040072086072,0.110040072086072,0.110040072086072,0.012108817464708,1.57024668341208,1.8721206804079,1
24,"n600-b1_2-b2_2p8-b3_2p8",600,8,238,1,1,0.6931472,1.029619,1.029619,1.5,1.8,1,1.3,0.0783333333333334,200,98,204,98,FALSE,NA,TRUE,NA,0.751545649946742,0.0583984499467419,0.0583984499467419,0.0583984499467419,0.00341037895618212,0.422218158672325,1.08149571201027,1,1.05961680255425,0.029997802554252,0.029997802554252,0.029997802554252,0.000899868158083888,0.770945679184892,1.35669584288882,1,0.845409786832289,-0.184209213167711,0.184209213167711,0.184209213167711,0.0339330342158672,0.443977329073353,1.24757669229435,1,1.51716925515601,0.0171692551560063,0.0171692551560063,0.0171692551560063,0.000294783322612049,1.35838598876971,1.6686388326107,1,1.84148506830062,0.0414850683006243,0.0414850683006243,0.0414850683006243,0.00172101089190746,1.72914540835138,1.99380290897159,1
24,"n600-b1_2-b2_2p8-b3_2p8",600,9,239,1,1,0.6931472,1.029619,1.029619,1.5,1.8,1,1.3,0.0649999999999999,207,108,195,90,FALSE,NA,TRUE,NA,0.698947208099878,0.00580000809987835,0.00580000809987835,0.00580000809987835,3.36400939586545e-05,0.394626310313679,1.01197113216315,1,0.995486684615291,-0.0341323153847093,0.0341323153847093,0.0341323153847093,0.00116501495352126,0.712877577277826,1.29114702108932,1,1.09491399215642,0.0652949921564223,0.0652949921564223,0.0652949921564223,0.00426343600070725,0.713230720255773,1.46889633306309,1,1.61649541193566,0.116495411935665,0.116495411935665,0.116495411935665,0.0135711810020603,1.49216226701962,1.81845574064271,1,1.97513455190294,0.175134551902937,0.175134551902937,0.175134551902937,0.0306721112702426,1.80408207975349,2.23677792694726,0
24,"n600-b1_2-b2_2p8-b3_2p8",600,10,240,1,1,0.6931472,1.029619,1.029619,1.5,1.8,1,1.3,0.0516666666666666,170,100,234,96,FALSE,NA,TRUE,NA,0.76271000673828,0.0695628067382805,0.0695628067382805,0.0695628067382805,0.00483898408130737,0.44485560846324,1.07843074407428,1,1.16787115902395,0.138252159023954,0.138252159023954,0.138252159023954,0.0191136594747846,0.888456278575889,1.46234819872931,1,0.894826511144304,-0.134792488855697,0.134792488855697,0.134792488855697,0.0181690150519131,0.5130120860122,1.27989123935879,1,1.45247493268948,-0.0475250673105174,0.0475250673105174,0.0475250673105174,0.00225863202286921,1.38639073661004,1.56289479087327,1,1.77958425933853,-0.0204157406614671,0.0204157406614671,0.0204157406614671,0.000416802466756282,1.69921122788403,1.86999900130762,1
25,"n600-b1_2-b2_2p8-b3_2p8",600,1,241,1,1,0.6931472,1.029619,1.029619,1.5,1.8,1,1.3,0.0916666666666667,176,103,204,117,FALSE,NA,TRUE,NA,0.684640028904231,-0.00850717109576871,0.00850717109576871,0.00850717109576871,7.23719600526825e-05,0.382877042135587,0.989976411403289,1,1.07342767196564,0.0438086719656441,0.0438086719656441,0.0438086719656441,0.00191919973939341,0.802994191626424,1.35022802521503,1,0.996405439779755,-0.0332135602202455,0.0332135602202455,0.0332135602202455,0.00110314058250387,0.613203554829142,1.38020213907372,1,1.47711442848395,-0.0228855715160494,0.0228855715160494,0.0228855715160494,0.000523749383616212,1.42134542063619,1.67019919313585,1,1.75301706007611,-0.0469829399238906,0.0469829399238906,0.0469829399238906,0.00220739664389191,1.68155325805098,1.86951659361344,1
25,"n600-b1_2-b2_2p8-b3_2p8",600,2,242,1,1,0.6931472,1.029619,1.029619,1.5,1.8,1,1.3,0.0666666666666667,189,100,205,106,FALSE,NA,TRUE,NA,0.824547221025831,0.131400021025831,0.131400021025831,0.131400021025831,0.0172659655255889,0.520748581328614,1.12549590650685,1,1.06710948431097,0.0374904843109725,0.0374904843109725,0.0374904843109725,0.00140553641387127,0.791543103879687,1.34447027548561,1,0.733761270692766,-0.295857729307234,0.295857729307234,0.295857729307234,0.0875317959908327,0.358496313933115,1.10780896778194,1,1.57773771247798,0.0777377124779799,0.0777377124779799,0.0777377124779799,0.00604315194130907,1.42708708246292,1.83312547913593,1,1.82613843633243,0.0261384363324315,0.0261384363324315,0.0261384363324315,0.000683217853904576,1.58097607348647,2.28193235670913,1
25,"n600-b1_2-b2_2p8-b3_2p8",600,3,243,1,1,0.6931472,1.029619,1.029619,1.5,1.8,1,1.3,0.0649999999999999,187,95,200,118,FALSE,NA,TRUE,NA,0.652265606392771,-0.0408815936072294,0.0408815936072294,0.0408815936072294,0.00167130469586666,0.349951854907868,0.953428837902647,1,1.04160707120479,0.0119880712047942,0.0119880712047942,0.0119880712047942,0.000143713851211215,0.784928424704106,1.30710623709962,1,1.19024257809724,0.160623578097245,0.160623578097245,0.160623578097245,0.0257999338407617,0.802888671036765,1.58103234877538,1,1.49178498077937,-0.00821501922063361,0.00821501922063361,0.00821501922063361,6.74865407953797e-05,1.33060910757818,1.69449859813847,1,1.78161812233174,-0.0183818776682623,0.0183818776682623,0.0183818776682623,0.000337893426610959,1.64944088550877,1.92743034911644,1
25,"n600-b1_2-b2_2p8-b3_2p8",600,4,244,1,1,0.6931472,1.029619,1.029619,1.5,1.8,1,1.3,0.0733333333333334,181,97,220,102,FALSE,NA,TRUE,NA,0.542923285345617,-0.150223914654383,0.150223914654383,0.150223914654383,0.0225672245340873,0.228076168984643,0.855573539249254,1,0.892789634235503,-0.136829365764497,0.136829365764497,0.136829365764497,0.0187222753355145,0.623799214305338,1.16899408294879,1,1.29406821921794,0.264449219217936,0.264449219217936,0.264449219217936,0.0699333895449762,0.902106063447754,1.67954980757187,1,1.51009905482743,0.010099054827428,0.010099054827428,0.010099054827428,0.000101990908407397,1.45790480504936,1.6096338771023,1,1.77300594209169,-0.026994057908311,0.026994057908311,0.026994057908311,0.000728679162357248,1.67530683607867,1.85797449435406,1
25,"n600-b1_2-b2_2p8-b3_2p8",600,5,245,1,1,0.6931472,1.029619,1.029619,1.5,1.8,1,1.3,0.0716666666666667,222,88,184,106,FALSE,NA,TRUE,NA,0.740265379012337,0.0471181790123367,0.0471181790123367,0.0471181790123367,0.00222012279343861,0.427107406733521,1.06129037323073,1,0.976232354008763,-0.0533866459912374,0.0533866459912374,0.0533866459912374,0.00285013397019371,0.696045824417762,1.26464108186505,1,1.0951012832232,0.0654822832232047,0.0654822832232047,0.0654822832232047,0.004287929416124,0.699363575447975,1.48914724011523,1,1.54472960193012,0.0447296019301215,0.0447296019301215,0.0447296019301215,0.00200073728882713,1.47730190418485,1.71142212996906,1,1.7464151387139,-0.053584861286099,0.053584861286099,0.053584861286099,0.00287133735905047,1.71599336533304,1.82762499911149,1
25,"n600-b1_2-b2_2p8-b3_2p8",600,6,246,1,1,0.6931472,1.029619,1.029619,1.5,1.8,1,1.3,0.0666666666666667,223,107,181,89,FALSE,NA,TRUE,NA,0.821377466587585,0.128230266587585,0.128230266587585,0.128230266587585,0.0164430012691231,0.502706178377319,1.14578987815023,1,0.961606298110083,-0.0680127018899171,0.0680127018899171,0.0680127018899171,0.00462572761836674,0.665083446832638,1.26800419088197,1,0.916397495614265,-0.113221504385735,0.113221504385735,0.113221504385735,0.0128191090553691,0.519272881244815,1.30649061089047,1,1.49759790421715,-0.00240209578284745,0.00240209578284745,0.00240209578284745,5.77006414997349e-06,1.42213559477584,1.69699334898034,1,1.78890108596118,-0.0110989140388207,0.0110989140388207,0.0110989140388207,0.000123185892841131,1.72474637545864,1.92022908876615,1
25,"n600-b1_2-b2_2p8-b3_2p8",600,7,247,1,1,0.6931472,1.029619,1.029619,1.5,1.8,1,1.3,0.0883333333333334,184,103,217,96,FALSE,NA,TRUE,NA,0.992419718396543,0.299272518396543,0.299272518396543,0.299272518396543,0.0895640402674093,0.668429030911589,1.31969681768962,1,1.27063080884609,0.241011808846087,0.241011808846087,0.241011808846087,0.0580866920032629,0.974770050931402,1.57618719326634,1,0.935712239130285,-0.0939067608697147,0.0939067608697147,0.0939067608697147,0.00881847973704178,0.529760735742072,1.33605817138646,1,1.44712667189204,-0.0528733281079572,0.0528733281079572,0.0528733281079572,0.0027955888252117,1.33684191480875,1.50038922150959,1,1.74224634422601,-0.0577536557739904,0.0577536557739904,0.0577536557739904,0.00333548475526057,1.65776008851811,1.80056688572026,1
25,"n600-b1_2-b2_2p8-b3_2p8",600,8,248,1,1,0.6931472,1.029619,1.029619,1.5,1.8,1,1.3,0.0916666666666667,185,110,208,97,FALSE,NA,TRUE,NA,0.725624035247088,0.0324768352470878,0.0324768352470878,0.0324768352470878,0.00105474482766648,0.408337698825417,1.04592868013742,1,1.23952778059727,0.20990878059727,0.20990878059727,0.20990878059727,0.0440616961718329,0.955026110142224,1.53496862558504,1,0.999389419754187,-0.0302295802458129,0.0302295802458129,0.0302295802458129,0.000913827521838042,0.605212990394774,1.39133459532303,1,1.51336610545359,0.0133661054535887,0.0133661054535887,0.0133661054535887,0.000178652774996455,1.45162314039719,1.62150443203046,1,1.82287671699345,0.0228767169934549,0.0228767169934549,0.0228767169934549,0.00052334418039863,1.76279890363786,1.91095653119369,1
25,"n600-b1_2-b2_2p8-b3_2p8",600,9,249,1,1,0.6931472,1.029619,1.029619,1.5,1.8,1,1.3,0.0666666666666667,170,103,213,114,FALSE,NA,TRUE,NA,0.764151526284854,0.0710043262848542,0.0710043262848542,0.0710043262848542,0.00504161435116604,0.470486700618395,1.06671260119596,1,0.960626701380748,-0.0689922986192519,0.0689922986192519,0.0689922986192519,0.00475993726876803,0.689826444956916,1.24133096963816,1,0.917230525509495,-0.112388474490505,0.112388474490505,0.112388474490505,0.0126311691983029,0.542960184887131,1.27887944537735,1,1.50382570190799,0.00382570190799059,0.00382570190799059,0.00382570190799059,1.46359950888028e-05,1.33822891259298,1.63622584730076,1,1.78507480860397,-0.0149251913960344,0.0149251913960344,0.0149251913960344,0.00022276133820826,1.71843581195805,1.89197130246814,1
25,"n600-b1_2-b2_2p8-b3_2p8",600,10,250,1,1,0.6931472,1.029619,1.029619,1.5,1.8,1,1.3,0.07,186,99,209,106,FALSE,NA,TRUE,NA,0.736043902119369,0.0428967021193688,0.0428967021193688,0.0428967021193688,0.00184012705271786,0.418582752952586,1.05336826032587,1,1.2049252797537,0.175306279753703,0.175306279753703,0.175306279753703,0.0307322917210834,0.928643341946524,1.49023065703742,1,0.919314308774268,-0.110304691225732,0.110304691225732,0.110304691225732,0.0121671249064041,0.524853903487407,1.31367810704642,1,1.47982021492706,-0.0201797850729439,0.0201797850729439,0.0201797850729439,0.000407223725590211,1.43858253276566,1.51749785614514,1,1.79747259473354,-0.00252740526646211,0.00252740526646211,0.00252740526646211,6.38777738094042e-06,1.74309850491462,1.87604655864934,1
26,"n600-b1_2-b2_2p8-b3_2p8",600,1,251,1,1,0.6931472,1.029619,1.029619,1.5,1.8,1,1.3,0.0533333333333333,204,110,205,81,FALSE,NA,TRUE,NA,0.693310343769372,0.000163143769371543,0.000163143769371543,0.000163143769371543,2.66158894847553e-08,0.380923707925094,1.00995264023113,1,1.00835608869633,-0.0212629113036724,0.0212629113036724,0.0212629113036724,0.00045211139710784,0.724236567710016,1.3111996090964,1,1.01321009041286,-0.0164089095871427,0.0164089095871427,0.0164089095871427,0.000269252313839023,0.624247896027888,1.39952338790515,1,1.50986422584568,0.00986422584567603,0.00986422584567603,0.00986422584567603,9.73029515345031e-05,1.47258768981623,1.59227774067657,1,1.80172135836417,0.0017213583641742,0.0017213583641742,0.0017213583641742,2.96307461791247e-06,1.72906661726619,1.90151837039659,1
26,"n600-b1_2-b2_2p8-b3_2p8",600,2,252,1,1,0.6931472,1.029619,1.029619,1.5,1.8,1,1.3,0.0783333333333334,201,103,194,102,FALSE,NA,TRUE,NA,0.523996212626798,-0.169150987373202,0.169150987373202,0.169150987373202,0.0286120565293291,0.213678786829003,0.836082840136743,1,0.908109741675907,-0.121509258324093,0.121509258324093,0.121509258324093,0.0147644998584711,0.634953838505309,1.19296104965023,1,1.26906663906162,0.239447639061622,0.239447639061622,0.239447639061622,0.0573351718521848,0.879321448140187,1.66142528667153,1,1.50299603330825,0.00299603330824838,0.00299603330824838,0.00299603330824838,8.97621558413373e-06,1.39632137660783,1.58059687803609,1,1.77744118082639,-0.0225588191736119,0.0225588191736119,0.0225588191736119,0.00050890032250772,1.72258086515826,1.83425215519509,1
26,"n600-b1_2-b2_2p8-b3_2p8",600,3,253,1,1,0.6931472,1.029619,1.029619,1.5,1.8,1,1.3,0.0649999999999999,189,108,210,93,FALSE,NA,TRUE,NA,0.702555735440524,0.00940853544052411,0.00940853544052411,0.00940853544052411,8.85205391355983e-05,0.392611729053228,1.0142471611763,1,1.01516623967163,-0.0144527603283702,0.0144527603283702,0.0144527603283702,0.000208882281109311,0.731683262304695,1.30315549595491,1,0.946734268674154,-0.082884731325846,0.082884731325846,0.082884731325846,0.00686987868695767,0.560968026503911,1.3257788709865,1,1.48610012776833,-0.0138998722316668,0.0138998722316668,0.0138998722316668,0.000193206448056661,1.35757564205745,1.60294014156754,1,1.9342445330233,0.134244533023296,0.134244533023296,0.134244533023296,0.0180215946466427,1.70886985256066,2.31347924326609,1
26,"n600-b1_2-b2_2p8-b3_2p8",600,4,254,1,1,0.6931472,1.029619,1.029619,1.5,1.8,1,1.3,0.0833333333333334,203,106,194,97,FALSE,NA,TRUE,NA,0.534948290676918,-0.158198909323082,0.158198909323082,0.158198909323082,0.0250268949110127,0.221173466166876,0.854861078736736,1,1.07824704760069,0.0486280476006942,0.0486280476006942,0.0486280476006942,0.00236468701345538,0.792404100867607,1.37057792304231,1,1.28719735904091,0.257578359040912,0.257578359040912,0.257578359040912,0.0663466110462091,0.8920326952541,1.68566855386107,1,1.47626162259499,-0.0237383774050093,0.0237383774050093,0.0237383774050093,0.000563510561822655,1.43557630883544,1.51462170599593,1,1.78607750396763,-0.0139224960323745,0.0139224960323745,0.0139224960323745,0.000193835895771484,1.73575894093887,1.86921601762702,1
26,"n600-b1_2-b2_2p8-b3_2p8",600,5,255,1,1,0.6931472,1.029619,1.029619,1.5,1.8,1,1.3,0.075,217,88,204,91,FALSE,NA,TRUE,NA,0.782927936083056,0.0897807360830557,0.0897807360830557,0.0897807360830557,0.0080605805716153,0.453346583582952,1.11758441148262,1,1.00550090245142,-0.0241180975485791,0.0241180975485791,0.0241180975485791,0.000581682629362776,0.715288453544179,1.29881769845298,1,1.3138534817095,0.2842344817095,0.2842344817095,0.2842344817095,0.0807892405926683,0.904222826297881,1.72419106107305,1,1.54318841563597,0.0431884156359683,0.0431884156359683,0.0431884156359683,0.00186523924514515,1.47076260308586,1.63146756861031,1,1.8507224251461,0.050722425146098,0.050722425146098,0.050722425146098,0.00257276441270152,1.7796511381938,1.94844825133943,1
26,"n600-b1_2-b2_2p8-b3_2p8",600,6,256,1,1,0.6931472,1.029619,1.029619,1.5,1.8,1,1.3,0.0633333333333334,195,113,178,114,FALSE,NA,TRUE,NA,0.620684078640104,-0.0724631213598962,0.0724631213598962,0.0724631213598962,0.00525090395721904,0.321674559315664,0.915765326247294,1,1.15189131123354,0.122272311233536,0.122272311233536,0.122272311233536,0.0149505180943906,0.87159710922331,1.43527895341473,1,1.12434293349513,0.0947239334951291,0.0947239334951291,0.0947239334951291,0.00897262357678964,0.743670596773936,1.50658736194871,1,1.41304867330151,-0.0869513266984896,0.0869513266984896,0.0869513266984896,0.00756053321462747,1.35171922580289,1.53745768494175,1,1.53255897885102,-0.267441021148978,0.267441021148978,0.267441021148978,0.0715246997932081,1.44251975889053,1.88890326307388,1
26,"n600-b1_2-b2_2p8-b3_2p8",600,7,257,1,1,0.6931472,1.029619,1.029619,1.5,1.8,1,1.3,0.07,168,108,207,117,FALSE,NA,TRUE,NA,0.765394394165648,0.0722471941656482,0.0722471941656482,0.0722471941656482,0.00521965706480887,0.469070016450842,1.05767951006287,1,0.891650652035573,-0.137968347964427,0.137968347964427,0.137968347964427,0.0190352650400333,0.635750270608023,1.15051744787229,1,0.749631210269215,-0.279987789730785,0.279987789730785,0.279987789730785,0.0783931623983301,0.383095137667096,1.11981803882527,1,1.46647558615014,-0.0335244138498592,0.0335244138498592,0.0335244138498592,0.00112388632397663,1.39709570620937,1.53423573193484,1,1.77431629612252,-0.0256837038774773,0.0256837038774773,0.0256837038774773,0.000659652644865943,1.71278195468814,1.89226436359336,1
26,"n600-b1_2-b2_2p8-b3_2p8",600,8,258,1,1,0.6931472,1.029619,1.029619,1.5,1.8,1,1.3,0.0600000000000001,204,97,212,87,FALSE,NA,TRUE,NA,0.693616133987342,0.000468933987342046,0.000468933987342046,0.000468933987342046,2.1989908448451e-07,0.366924693193267,1.0201469002875,1,1.04671159814458,0.0170925981445762,0.0170925981445762,0.0170925981445762,0.00029215691133197,0.757650663199235,1.34779358960806,1,1.11428418129821,0.084665181298208,0.084665181298208,0.084665181298208,0.00716819292425843,0.716986334013717,1.51329261175893,1,1.51078633213848,0.010786332138484,0.010786332138484,0.010786332138484,0.000116344961001693,1.46877080757446,1.57494365661441,1,1.73263877055234,-0.0673612294476564,0.0673612294476564,0.0673612294476564,0.00453753523269982,1.68527580075041,1.83279702716234,1
26,"n600-b1_2-b2_2p8-b3_2p8",600,9,259,1,1,0.6931472,1.029619,1.029619,1.5,1.8,1,1.3,0.0600000000000001,223,106,180,91,FALSE,NA,TRUE,NA,0.534154395639472,-0.158992804360528,0.158992804360528,0.158992804360528,0.025278711838425,0.223017766096165,0.847480106408135,1,0.861603257752086,-0.168015742247914,0.168015742247914,0.168015742247914,0.0282292896431176,0.578000534110364,1.14791163326942,1,1.27593674706358,0.246317747063581,0.246317747063581,0.246317747063581,0.0606724325184782,0.888089291317349,1.66669080845366,1,1.47999384378252,-0.020006156217476,0.020006156217476,0.020006156217476,0.000400246286598055,1.38201899659867,1.56152569761522,1,1.81119037253738,0.0111903725373834,0.0111903725373834,0.0111903725373834,0.000125224437525425,1.74934153085328,1.91365638576331,1
26,"n600-b1_2-b2_2p8-b3_2p8",600,10,260,1,1,0.6931472,1.029619,1.029619,1.5,1.8,1,1.3,0.0649999999999999,193,101,217,89,FALSE,NA,TRUE,NA,0.82230269317555,0.12915549317555,0.12915549317555,0.12915549317555,0.0166811414174196,0.491571503890466,1.16079583225826,1,1.28404397330515,0.254424973305147,0.254424973305147,0.254424973305147,0.0647320670413249,0.975895500379381,1.60701295719359,1,0.783014225014208,-0.246604774985792,0.246604774985792,0.246604774985792,0.0608139150457931,0.368948231665309,1.19027929346799,1,1.43488920898066,-0.0651107910193398,0.0651107910193398,0.0651107910193398,0.00423941510716414,1.27937929369275,1.63170067210107,1,1.78561964515247,-0.0143803548475343,0.0143803548475343,0.0143803548475343,0.000206794605541003,1.58537312451387,2.08187759300669,1
27,"n600-b1_2-b2_2p8-b3_2p8",600,1,261,1,1,0.6931472,1.029619,1.029619,1.5,1.8,1,1.3,0.0566666666666666,204,86,203,107,FALSE,NA,TRUE,NA,0.545611275797891,-0.147535924202109,0.147535924202109,0.147535924202109,0.0217668489301705,0.233891451896831,0.853122043648415,1,0.813680989168737,-0.215938010831263,0.215938010831263,0.215938010831263,0.0466292245217626,0.552130924192127,1.07602649056594,1,1.32761825213843,0.297999252138432,0.297999252138432,0.297999252138432,0.0888035542750649,0.943606653724484,1.71974429869544,1,1.52834334054505,0.0283433405450544,0.0283433405450544,0.0283433405450544,0.000803344953252924,1.45621186343791,1.65943031590234,1,1.82596070560643,0.0259607056064315,0.0259607056064315,0.0259607056064315,0.000673958235583803,1.71427701602906,1.93410203174064,1
27,"n600-b1_2-b2_2p8-b3_2p8",600,2,262,1,1,0.6931472,1.029619,1.029619,1.5,1.8,1,1.3,0.0683333333333334,201,86,200,113,FALSE,NA,TRUE,NA,0.597342669042049,-0.0958045309579505,0.0958045309579505,0.0958045309579505,0.00917850815207289,0.289935020672945,0.905116309404967,1,1.04755598299961,0.0179369829996074,0.0179369829996074,0.0179369829996074,0.000321735359128206,0.781401293889128,1.32185075147714,1,1.23139540862024,0.201776408620243,0.201776408620243,0.201776408620243,0.0407137190756832,0.843084565832918,1.61461054013007,1,1.49742326491861,-0.00257673508139322,0.00257673508139322,0.00257673508139322,6.63956367968253e-06,1.44268472415328,1.58299795722388,1,1.81455358536495,0.0145535853649508,0.0145535853649508,0.0145535853649508,0.000211806846974909,1.78634388756449,1.85814433149017,1
27,"n600-b1_2-b2_2p8-b3_2p8",600,3,263,1,1,0.6931472,1.029619,1.029619,1.5,1.8,1,1.3,0.0816666666666667,206,90,207,97,FALSE,NA,TRUE,NA,0.683718903229953,-0.00942829677004742,0.00942829677004742,0.00942829677004742,8.88927799840866e-05,0.353326120432352,1.02036608351646,1,1.2495319486286,0.219912948628605,0.219912948628605,0.219912948628605,0.0483617049745274,0.96700476567675,1.54188751362408,1,1.10843302118876,0.0788140211887636,0.0788140211887636,0.0788140211887636,0.00621164993594287,0.697014993378464,1.51321547903745,1,1.55265328816253,0.0526532881625321,0.0526532881625321,0.0526532881625321,0.00277236875432664,1.40521975512024,1.68689817179884,1,1.82992103313845,0.0299210331384496,0.0299210331384496,0.0299210331384496,0.000895268224072201,1.69888952951932,1.97669960232338,1
27,"n600-b1_2-b2_2p8-b3_2p8",600,4,264,1,1,0.6931472,1.029619,1.029619,1.5,1.8,1,1.3,0.07,207,83,205,105,FALSE,NA,TRUE,NA,0.743329309375472,0.0501821093754716,0.0501821093754716,0.0501821093754716,0.0025182441013718,0.422486271872596,1.06582754060829,1,1.04953997984043,0.0199209798404258,0.0199209798404258,0.0199209798404258,0.000396845437802653,0.76763234022918,1.3387277151137,1,0.881282650534491,-0.14833634946551,0.14833634946551,0.14833634946551,0.0220036725727538,0.479314123412483,1.27372917119907,1,1.44831885754363,-0.0516811424563697,0.0516811424563697,0.0516811424563697,0.00267094048559558,1.34319635274685,1.51576945292123,1,1.74271359045949,-0.0572864095405057,0.0572864095405057,0.0572864095405057,0.00328173271804254,1.65469467340351,1.90482915591335,1
27,"n600-b1_2-b2_2p8-b3_2p8",600,5,265,1,1,0.6931472,1.029619,1.029619,1.5,1.8,1,1.3,0.0633333333333334,204,111,179,106,FALSE,NA,TRUE,NA,0.694712464722758,0.00156526472275809,0.00156526472275809,0.00156526472275809,2.45005365231095e-06,0.404048222635003,0.992984756221371,1,0.92411545646483,-0.10550354353517,0.10550354353517,0.10550354353517,0.0111309976984775,0.645021783613327,1.20121899941078,1,1.03265999351539,0.00304099351539167,0.00304099351539167,0.00304099351539167,9.24764156065416e-06,0.651589834981498,1.41528049383036,1,1.51172081285083,0.0117208128508346,0.0117208128508346,0.0117208128508346,0.000137377453884289,1.45598602194873,1.64590066396474,1,1.75340169425039,-0.0465983057496084,0.0465983057496084,0.0465983057496084,0.00217140209873399,1.69618178531183,1.86652624488058,1
27,"n600-b1_2-b2_2p8-b3_2p8",600,6,266,1,1,0.6931472,1.029619,1.029619,1.5,1.8,1,1.3,0.0649999999999999,191,98,207,104,FALSE,NA,TRUE,NA,0.778443534969629,0.0852963349696292,0.0852963349696292,0.0852963349696292,0.00727546475925119,0.460473290759497,1.09674206001917,1,1.19147883084463,0.161859830844635,0.161859830844635,0.161859830844635,0.0261986048410537,0.905665407817025,1.48378658929727,1,0.8428308581786,-0.1867881418214,0.1867881418214,0.1867881418214,0.0348898099250914,0.449128141478449,1.23378487415402,1,1.53992395281077,0.03992395281077,0.03992395281077,0.03992395281077,0.00159392200803659,1.48083129629486,1.6499740826173,1,1.80352383506946,0.00352383506945975,0.00352383506945975,0.00352383506945975,1.24174135967544e-05,1.69252183955941,1.87875810767535,1
27,"n600-b1_2-b2_2p8-b3_2p8",600,7,267,1,1,0.6931472,1.029619,1.029619,1.5,1.8,1,1.3,0.0833333333333334,180,104,207,109,FALSE,NA,TRUE,NA,0.537792104175311,-0.155355095824689,0.155355095824689,0.155355095824689,0.0241352057986982,0.228600155697543,0.852669195398519,1,1.07331995054556,0.0437009505455639,0.0437009505455639,0.0437009505455639,0.00190977307858582,0.797159217363833,1.35585381308206,1,0.944734455595345,-0.0848845444046551,0.0848845444046551,0.0848845444046551,0.00720538587878586,0.551473846211858,1.32681219479254,1,1.52455484708413,0.0245548470841286,0.0245548470841286,0.0245548470841286,0.000602940515324938,1.45545872715112,1.58602365812724,1,1.8287020346998,0.0287020346997986,0.0287020346997986,0.0287020346997986,0.000823806795908443,1.76252228702527,1.88929766522669,1
27,"n600-b1_2-b2_2p8-b3_2p8",600,8,268,1,1,0.6931472,1.029619,1.029619,1.5,1.8,1,1.3,0.0716666666666667,206,97,202,95,FALSE,NA,TRUE,NA,0.537325772921398,-0.155821427078602,0.155821427078602,0.155821427078602,0.0242803171368121,0.224637443041413,0.846179970406986,1,0.906439173537492,-0.123179826462508,0.123179826462508,0.123179826462508,0.0151732696473337,0.630454793742394,1.18651752882239,1,1.39704670623371,0.367427706233711,0.367427706233711,0.367427706233711,0.135003119308166,1.01377740981174,1.78318664797891,1,1.49205434590572,-0.00794565409428105,0.00794565409428105,0.00794565409428105,6.31334189859652e-05,1.44819376335824,1.54062400615117,1,1.78437138998826,-0.015628610011742,0.015628610011742,0.015628610011742,0.000244253450899122,1.7178656356754,1.8768886448738,1
27,"n600-b1_2-b2_2p8-b3_2p8",600,9,269,1,1,0.6931472,1.029619,1.029619,1.5,1.8,1,1.3,0.0583333333333333,208,109,204,79,FALSE,NA,TRUE,NA,0.989764936844485,0.296617736844485,0.296617736844485,0.296617736844485,0.0879820818107443,0.654723041389554,1.33172521769099,1,1.25221839022039,0.222599390220391,0.222599390220391,0.222599390220391,0.0495504885264898,0.9412001842951,1.57653871519206,1,0.805759163998428,-0.223859836001572,0.223859836001572,0.223859836001572,0.0501132261746507,0.401443836823827,1.20905992410724,1,1.44196164660721,-0.0580383533927906,0.0580383533927906,0.0580383533927906,0.00336845046454645,1.36198597814266,1.5988007961188,1,1.77932118752891,-0.0206788124710888,0.0206788124710888,0.0206788124710888,0.000427613285214459,1.70083118193165,1.89355302297895,1
27,"n600-b1_2-b2_2p8-b3_2p8",600,10,270,1,1,0.6931472,1.029619,1.029619,1.5,1.8,1,1.3,0.0600000000000001,202,90,223,85,FALSE,NA,TRUE,NA,0.453148073829016,-0.239999126170984,0.239999126170984,0.239999126170984,0.0575995805628357,0.126245096356674,0.782163199551342,1,0.932180112663429,-0.097438887336571,0.097438887336571,0.097438887336571,0.00949433676538898,0.648071083955719,1.22113514672492,1,1.212189112141,0.182570112140995,0.182570112140995,0.182570112140995,0.0333318458471755,0.814282756401109,1.60626916246328,1,1.65600428171273,0.156004281712731,0.156004281712731,0.156004281712731,0.0243373359127052,1.50448832396212,1.80773226990865,0,1.85319801295871,0.0531980129587086,0.0531980129587086,0.0531980129587086,0.00283002858275493,1.74463291688126,1.99951044052159,1
28,"n600-b1_2-b2_2p8-b3_2p8",600,1,271,1,1,0.6931472,1.029619,1.029619,1.5,1.8,1,1.3,0.0649999999999999,194,101,219,86,FALSE,NA,TRUE,NA,0.722599211326101,0.0294520113261015,0.0294520113261015,0.0294520113261015,0.000867420971152813,0.405308060400809,1.04381035092101,1,1.00362511248643,-0.0259938875135679,0.0259938875135679,0.0259938875135679,0.000675682188068021,0.715947087879059,1.30332975223751,1,1.10976927577428,0.0801502757742845,0.0801502757742845,0.0801502757742845,0.00642406670669385,0.711729962577329,1.50246149832109,1,1.61473284383456,0.114732843834558,0.114732843834558,0.114732843834558,0.013163625454365,1.43976538089049,1.74648434911699,1,1.80193683806008,0.00193683806008482,0.00193683806008482,0.00193683806008482,3.75134167099314e-06,1.6039033512977,1.98096085191057,1
28,"n600-b1_2-b2_2p8-b3_2p8",600,2,272,1,1,0.6931472,1.029619,1.029619,1.5,1.8,1,1.3,0.0783333333333334,182,99,200,119,FALSE,NA,TRUE,NA,0.72597201017266,0.0328248101726599,0.0328248101726599,0.0328248101726599,0.00107746816287116,0.42430070348825,1.02479797489973,1,0.99936763796304,-0.0302513620369603,0.0302513620369603,0.0302513620369603,0.000915144905091244,0.735875488255849,1.26798249521871,1,1.25783754329812,0.228218543298117,0.228218543298117,0.228218543298117,0.0520837035051146,0.86013139980792,1.65054895327368,1,1.54299915428724,0.0429991542872368,0.0429991542872368,0.0429991542872368,0.00184892726941759,1.42828927523973,1.66543846203759,1,2.07269038662591,0.27269038662591,0.27269038662591,0.27269038662591,0.0743600469581883,1.77888597965741,2.30316175387564,1
28,"n600-b1_2-b2_2p8-b3_2p8",600,3,273,1,1,0.6931472,1.029619,1.029619,1.5,1.8,1,1.3,0.0466666666666666,198,105,197,100,FALSE,NA,TRUE,NA,0.640405675427942,-0.0527415245720583,0.0527415245720583,0.0527415245720583,0.00278166841418503,0.345398829034613,0.932779834598666,1,1.06800933876894,0.0383903387689448,0.0383903387689448,0.0383903387689448,0.00147381811079435,0.79763287447719,1.34553199532384,1,0.928873855226171,-0.100745144773829,0.100745144773829,0.100745144773829,0.0101495841954997,0.556679988650304,1.29685112652932,1,1.49914391950332,-0.000856080496681511,0.000856080496681511,0.000856080496681511,7.32873816798462e-07,1.45591987410756,1.56737476209973,1,1.84386636099998,0.0438663609999794,0.0438663609999794,0.0438663609999794,0.00192425762738052,1.72800303388358,1.93889517717958,1
28,"n600-b1_2-b2_2p8-b3_2p8",600,4,274,1,1,0.6931472,1.029619,1.029619,1.5,1.8,1,1.3,0.0649999999999999,213,94,203,90,FALSE,NA,TRUE,NA,0.552806876402989,-0.140340323597011,0.140340323597011,0.140340323597011,0.0196954064273138,0.230198497776523,0.876835171735256,1,0.900971370292369,-0.128647629707631,0.128647629707631,0.128647629707631,0.0165502126293917,0.616815363092178,1.19048950738346,1,1.16008520167545,0.130466201675447,0.130466201675447,0.130466201675447,0.0170214297796183,0.770805262015168,1.54952521037662,1,1.48263435153372,-0.0173656484662832,0.0173656484662832,0.0173656484662832,0.000301565746654524,1.4279003232472,1.54692467231475,1,1.84791259809452,0.0479125980945188,0.0479125980945188,0.0479125980945188,0.00229561705616688,1.78485130386659,1.9228300263324,1
28,"n600-b1_2-b2_2p8-b3_2p8",600,5,275,1,1,0.6931472,1.029619,1.029619,1.5,1.8,1,1.3,0.045,209,87,215,89,FALSE,NA,TRUE,NA,0.447465393973586,-0.245681806026414,0.245681806026414,0.245681806026414,0.0603595498124007,0.118780553706328,0.775988189289568,1,0.840578794886724,-0.189040205113276,0.189040205113276,0.189040205113276,0.0357361991492693,0.565510950013449,1.12611950244897,1,1.33140909820785,0.30179009820785,0.30179009820785,0.30179009820785,0.0910772633763039,0.930556593340751,1.72961984258938,1,1.38087680621015,-0.119123193789848,0.119123193789848,0.119123193789848,0.0141903352986937,1.26993899804467,1.52315209491197,1,1.4363444965117,-0.363655503488297,0.363655503488297,0.363655503488297,0.132245325217327,1.32132243290644,1.68842403491569,0
28,"n600-b1_2-b2_2p8-b3_2p8",600,6,276,1,1,0.6931472,1.029619,1.029619,1.5,1.8,1,1.3,0.05,209,107,202,82,FALSE,NA,TRUE,NA,0.496305943239167,-0.196841256760833,0.196841256760833,0.196841256760833,0.0387464803631842,0.187830871762027,0.814327153082162,1,1.02287370955736,-0.00674529044264105,0.00674529044264105,0.00674529044264105,4.54989431555847e-05,0.735716749274238,1.31341306285431,1,1.10727812204768,0.0776591220476779,0.0776591220476779,0.0776591220476779,0.00603093923721613,0.727044175771296,1.48710783123076,1,1.52097006436549,0.0209700643654938,0.0209700643654938,0.0209700643654938,0.000439743599492951,1.42405196644667,1.62624340610653,1,2.00029497471485,0.200294974714847,0.200294974714847,0.200294974714847,0.0401180768960211,1.76422316525239,2.16296315603252,1
28,"n600-b1_2-b2_2p8-b3_2p8",600,7,277,1,1,0.6931472,1.029619,1.029619,1.5,1.8,1,1.3,0.0633333333333334,176,98,217,109,FALSE,NA,TRUE,NA,0.562237737700178,-0.130909462299822,0.130909462299822,0.130909462299822,0.0171372873196284,0.266503809139247,0.860801543392407,1,0.953420240503874,-0.0761987594961256,0.0761987594961256,0.0761987594961256,0.0058062509487484,0.692380841940483,1.22081565292807,1,1.16031347285231,0.13069447285231,0.13069447285231,0.13069447285231,0.0170810452341431,0.779157081930771,1.52992277781222,1,1.5047452636757,0.0047452636757026,0.0047452636757026,0.0047452636757026,2.25175273519426e-05,1.44078872672234,1.69978297369762,1,1.82966053833518,0.0296605383351767,0.0296605383351767,0.0296605383351767,0.000879747534332485,1.7049257386702,1.97136602821936,1
28,"n600-b1_2-b2_2p8-b3_2p8",600,8,278,1,1,0.6931472,1.029619,1.029619,1.5,1.8,1,1.3,0.0633333333333334,189,112,199,100,FALSE,NA,TRUE,NA,0.710101271841087,0.0169540718410865,0.0169540718410865,0.0169540718410865,0.000287440551992724,0.411709282247969,1.01558100590596,1,1.06086482149105,0.0312458214910472,0.0312458214910472,0.0312458214910472,0.000976301360650384,0.787577172256196,1.34544740336819,1,0.88417328255014,-0.14544571744986,0.14544571744986,0.14544571744986,0.0211544567245045,0.504753943721915,1.26105730595638,1,1.49637274556263,-0.00362725443736722,0.00362725443736722,0.00362725443736722,1.31569747534002e-05,1.40636507565395,1.60843282208817,1,1.87193907998302,0.0719390799830166,0.0719390799830166,0.0719390799830166,0.00517523122880286,1.75463290450901,2.00760525724436,1
28,"n600-b1_2-b2_2p8-b3_2p8",600,9,279,1,1,0.6931472,1.029619,1.029619,1.5,1.8,1,1.3,0.0733333333333334,197,111,195,97,FALSE,NA,TRUE,NA,0.558864753077288,-0.134282446922712,0.134282446922712,0.134282446922712,0.018031775551551,0.257513792322807,0.864198149881177,1,0.720975490587871,-0.308643509412129,0.308643509412129,0.308643509412129,0.0952608159022348,0.448773761303417,0.996311428514889,0,1.34237789546406,0.312758895464056,0.312758895464056,0.312758895464056,0.0978181266918962,0.95518064547369,1.7244650037501,1,1.55680745060923,0.0568074506092302,0.0568074506092302,0.0568074506092302,0.00322708644472013,1.45705206406495,1.70707857704681,1,1.85782575645382,0.0578257564538247,0.0578257564538247,0.0578257564538247,0.00334381810945705,1.78554634857447,2.01830056251225,1
28,"n600-b1_2-b2_2p8-b3_2p8",600,10,280,1,1,0.6931472,1.029619,1.029619,1.5,1.8,1,1.3,0.0566666666666666,218,91,192,99,FALSE,NA,TRUE,NA,0.589665479479138,-0.103481720520862,0.103481720520862,0.103481720520862,0.0107084664819578,0.278696321861367,0.906505583448864,1,0.850393984327682,-0.179225015672318,0.179225015672318,0.179225015672318,0.0321216062427426,0.582590462121123,1.12938338364714,1,1.27585821717507,0.246239217175074,0.246239217175074,0.246239217175074,0.0606337520749934,0.88062836412694,1.66836449235363,1,1.48301449678679,-0.0169855032132096,0.0169855032132096,0.0169855032132096,0.000288507319405953,1.45352416847803,1.54464825972369,1,1.79543301074938,-0.00456698925061527,0.00456698925061527,0.00456698925061527,2.08573908152354e-05,1.75156954841752,1.86324418150327,1
29,"n600-b1_2-b2_2p8-b3_2p8",600,1,281,1,1,0.6931472,1.029619,1.029619,1.5,1.8,1,1.3,0.0616666666666666,221,100,190,89,FALSE,NA,TRUE,NA,0.390258897948649,-0.302888302051351,0.302888302051351,0.302888302051351,0.0917413235195503,0.0807398021013461,0.694571364168524,1,0.847425918587872,-0.182193081412128,0.182193081412128,0.182193081412128,0.0331943189144464,0.56900711293857,1.13120774924102,1,1.23134898318735,0.201729983187351,0.201729983187351,0.201729983187351,0.040694986116769,0.852015621927877,1.61704690903048,1,1.47282682582587,-0.0271731741741252,0.0271731741741252,0.0271731741741252,0.000738381394697347,1.43134480077466,1.53015382717003,1,1.80016549836959,0.000165498369588013,0.000165498369588013,0.000165498369588013,2.73897103362905e-08,1.76388676713652,1.84680078446176,1
29,"n600-b1_2-b2_2p8-b3_2p8",600,2,282,1,1,0.6931472,1.029619,1.029619,1.5,1.8,1,1.3,0.0566666666666666,196,103,197,104,FALSE,NA,TRUE,NA,0.725160258443984,0.0320130584439842,0.0320130584439842,0.0320130584439842,0.00102483591093795,0.420053448759392,1.03894279121918,1,1.0106970258164,-0.0189219741836011,0.0189219741836011,0.0189219741836011,0.000358041107004866,0.738988221782397,1.29064342127789,1,1.01274450090089,-0.016874499099107,0.016874499099107,0.016874499099107,0.000284748719845763,0.62694544885906,1.39676034951217,1,1.43869953783762,-0.0613004621623829,0.0613004621623829,0.0613004621623829,0.00375774666132174,1.29299233702323,1.57811054580559,1,1.73989408567023,-0.0601059143297653,0.0601059143297653,0.0601059143297653,0.00361272093741709,1.61914655062842,1.86944112233195,1
29,"n600-b1_2-b2_2p8-b3_2p8",600,3,283,1,1,0.6931472,1.029619,1.029619,1.5,1.8,1,1.3,0.0683333333333334,202,94,195,109,FALSE,NA,TRUE,NA,0.733054101738771,0.0399069017387711,0.0399069017387711,0.0399069017387711,0.00159256080638793,0.424172483760501,1.03922889414271,1,1.16435225156993,0.13473325156993,0.13473325156993,0.13473325156993,0.018153049078606,0.894312112969288,1.44686140632314,1,1.03122609523265,0.00160709523264946,0.00160709523264946,0.00160709523264946,2.58275508680462e-06,0.643722226137706,1.41460824243718,1,1.54690968237053,0.0469096823705328,0.0469096823705328,0.0469096823705328,0.00220051830010428,1.41159250556736,1.68179719674459,1,1.7794690669433,-0.0205309330566981,0.0205309330566981,0.0205309330566981,0.000421519212178617,1.71847391551051,1.86159929561913,1
29,"n600-b1_2-b2_2p8-b3_2p8",600,4,284,1,1,0.6931472,1.029619,1.029619,1.5,1.8,1,1.3,0.075,176,116,211,97,FALSE,NA,TRUE,NA,0.507881389167428,-0.185265810832572,0.185265810832572,0.185265810832572,0.0343234206634503,0.210984272721082,0.809960327985998,1,0.740990785511115,-0.288628214488885,0.288628214488885,0.288628214488885,0.0833062461990417,0.476047852670581,1.01666938691142,0,1.09182223646429,0.0622032364642897,0.0622032364642897,0.0622032364642897,0.00386924262663234,0.718354784382013,1.46408728877386,1,1.48560178609081,-0.0143982139091869,0.0143982139091869,0.0143982139091869,0.000207308563774704,1.41767835519361,1.69741347900315,1,1.72511205741895,-0.0748879425810496,0.0748879425810496,0.0748879425810496,0.00560820394402258,1.65183133068196,1.85393586296444,1
29,"n600-b1_2-b2_2p8-b3_2p8",600,5,285,1,1,0.6931472,1.029619,1.029619,1.5,1.8,1,1.3,0.075,227,95,187,91,FALSE,NA,TRUE,NA,0.543758366945069,-0.149388833054931,0.149388833054931,0.149388833054931,0.0223170234415139,0.219416183747908,0.871952804689379,1,1.03354254567401,0.00392354567401032,0.00392354567401032,0.00392354567401032,1.53942106560451e-05,0.742021804482385,1.33500528802487,1,1.16333582081457,0.133716820814569,0.133716820814569,0.133716820814569,0.0178801881687557,0.767229640827832,1.55741525575428,1,1.49498442514155,-0.00501557485844728,0.00501557485844728,0.00501557485844728,2.51559911606885e-05,1.43366874520709,1.62514730199976,1,1.7833239798636,-0.0166760201364042,0.0166760201364042,0.0166760201364042,0.00027808964758976,1.73822181647161,1.87265476033831,1
29,"n600-b1_2-b2_2p8-b3_2p8",600,6,286,1,1,0.6931472,1.029619,1.029619,1.5,1.8,1,1.3,0.0649999999999999,202,105,208,85,FALSE,NA,TRUE,NA,0.551341270866877,-0.141805929133123,0.141805929133123,0.141805929133123,0.0201089215373084,0.235741214113424,0.874280655665569,1,0.900208023560353,-0.129410976439647,0.129410976439647,0.129410976439647,0.0167472008230628,0.621780423680593,1.19037445069147,1,1.22953322892901,0.199914228929009,0.199914228929009,0.199914228929009,0.0399656989282802,0.843537710664236,1.62022780480489,1,1.46775612056327,-0.032243879436729,0.032243879436729,0.032243879436729,0.00103966776113032,1.38140904250724,1.54155974152371,1,1.792986205852,-0.00701379414799974,0.00701379414799974,0.00701379414799974,4.91933083505154e-05,1.72175312544169,1.9173174037486,1
29,"n600-b1_2-b2_2p8-b3_2p8",600,7,287,1,1,0.6931472,1.029619,1.029619,1.5,1.8,1,1.3,0.0633333333333334,202,93,188,117,FALSE,NA,TRUE,NA,0.440475464883235,-0.252671735116765,0.252671735116765,0.252671735116765,0.0638430057269165,0.149453629626623,0.728145209774413,1,0.978220501768775,-0.0513984982312248,0.0513984982312248,0.0513984982312248,0.00264180562042522,0.718658873262817,1.24575466551565,1,1.44553483943586,0.415915839435858,0.415915839435858,0.415915839435858,0.172985985493634,1.06930194985965,1.82505593166931,0,1.57285468032203,0.0728546803220329,0.0728546803220329,0.0728546803220329,0.00530780444482561,1.49243864710903,1.68069309708107,1,1.83170566929318,0.0317056692931759,0.0317056692931759,0.0317056692931759,0.00100524946532823,1.80175860277979,1.88041639280072,0
29,"n600-b1_2-b2_2p8-b3_2p8",600,8,288,1,1,0.6931472,1.029619,1.029619,1.5,1.8,1,1.3,0.0666666666666667,204,104,192,100,FALSE,NA,TRUE,NA,0.561074484223194,-0.132072715776806,0.132072715776806,0.132072715776806,0.017443202252661,0.258623531531424,0.864523235950646,1,0.873851140396047,-0.155767859603953,0.155767859603953,0.155767859603953,0.0242636260855967,0.598789040123446,1.15353222034474,1,1.05941733505575,0.0297983350557476,0.0297983350557476,0.0297983350557476,0.000887940772094595,0.684916767873432,1.43988549159488,1,1.55117977524634,0.0511797752463401,0.0511797752463401,0.0511797752463401,0.00261936939426589,1.48668279849101,1.66975730403764,1,1.86775399220265,0.0677539922026484,0.0677539922026484,0.0677539922026484,0.00459060345939655,1.72687635295692,1.96827167297405,1
29,"n600-b1_2-b2_2p8-b3_2p8",600,9,289,1,1,0.6931472,1.029619,1.029619,1.5,1.8,1,1.3,0.075,207,94,198,101,FALSE,NA,TRUE,NA,0.658271948092588,-0.0348752519074118,0.0348752519074118,0.0348752519074118,0.00121628319560543,0.349836737074191,0.96741480665467,1,0.898512609338833,-0.131106390661167,0.131106390661167,0.131106390661167,0.0171888856721986,0.623720292198578,1.1785439230638,1,0.844390804618758,-0.185228195381242,0.185228195381242,0.185228195381242,0.0343094843641917,0.468965955577993,1.22218377210044,1,1.49453993191663,-0.00546006808337451,0.00546006808337451,0.00546006808337451,2.9812343475085e-05,1.40068555655947,1.63070987811724,1,1.86539176889893,0.0653917688989325,0.0653917688989325,0.0653917688989325,0.0042760834397314,1.76089300418169,2.15251404808558,1
29,"n600-b1_2-b2_2p8-b3_2p8",600,10,290,1,1,0.6931472,1.029619,1.029619,1.5,1.8,1,1.3,0.0516666666666666,185,114,218,83,FALSE,NA,TRUE,NA,0.524827097707873,-0.168320102292127,0.168320102292127,0.168320102292127,0.0283316568356321,0.217018196630619,0.836998355477074,1,0.921122602348064,-0.108496397651937,0.108496397651937,0.108496397651937,0.0117714683034471,0.641966416981684,1.21170857725219,1,1.29906862776607,0.269449627766066,0.269449627766066,0.269449627766066,0.0726031019032717,0.911082706320216,1.68399067181596,1,1.438413431585,-0.0615865684150034,0.0615865684150034,0.0615865684150034,0.0037929054091359,1.36330106337679,1.53124712524556,1,1.7580389488342,-0.0419610511658046,0.0419610511658046,0.0419610511658046,0.00176072981493927,1.61444230265374,1.89711703790918,1
30,"n600-b1_2-b2_2p8-b3_2p8",600,1,291,1,1,0.6931472,1.029619,1.029619,1.5,1.8,1,1.3,0.0766666666666667,199,109,197,95,FALSE,NA,TRUE,NA,0.597324754752088,-0.0958224452479115,0.0958224452479115,0.0958224452479115,0.009181941013289,0.290416692490297,0.905882142752773,1,1.06329104361539,0.0336720436153923,0.0336720436153923,0.0336720436153923,0.00113380652123688,0.773491419648063,1.36385215089409,1,1.07056877757142,0.0409497775714198,0.0409497775714198,0.0409497775714198,0.00167688428314876,0.684014365130813,1.45828724660435,1,1.57648771120553,0.0764877112055324,0.0764877112055324,0.0764877112055324,0.00585036996546093,1.51558104608647,1.64414274639796,0,1.86078601367254,0.0607860136725398,0.0607860136725398,0.0607860136725398,0.00369493945819819,1.79066394345861,2.05251506735673,1
30,"n600-b1_2-b2_2p8-b3_2p8",600,2,292,1,1,0.6931472,1.029619,1.029619,1.5,1.8,1,1.3,0.085,202,107,196,95,FALSE,NA,TRUE,NA,0.584658222538268,-0.108488977461732,0.108488977461732,0.108488977461732,0.0117698582306922,0.274331017213267,0.897925616341027,1,0.988674928909965,-0.0409440710900353,0.0409440710900353,0.0409440710900353,0.00167641695742586,0.709110974161754,1.27719451096055,1,1.19223023685662,0.162611236856617,0.162611236856617,0.162611236856617,0.0264424143520388,0.803392096356478,1.58319811225927,1,1.6496438014779,0.149643801477896,0.149643801477896,0.149643801477896,0.0223932673207558,1.50209697552765,1.87752670832445,0,2.07052336575259,0.27052336575259,0.27052336575259,0.27052336575259,0.0731828914181094,1.80462405244875,2.42036290650412,0
30,"n600-b1_2-b2_2p8-b3_2p8",600,3,293,1,1,0.6931472,1.029619,1.029619,1.5,1.8,1,1.3,0.0683333333333334,196,97,212,95,FALSE,NA,TRUE,NA,0.682331368297754,-0.0108158317022461,0.0108158317022461,0.0108158317022461,0.000116982215411312,0.372636970667683,0.998446417129709,1,1.17126708643268,0.141648086432683,0.141648086432683,0.141648086432683,0.0200641803900409,0.887137192948235,1.45876166915099,1,1.14459346411099,0.114974464110985,0.114974464110985,0.114974464110985,0.0132191273976082,0.750583074765771,1.53958702721441,1,1.54210143474996,0.0421014347499551,0.0421014347499551,0.0421014347499551,0.00177253080800473,1.40830868149646,1.68074393019137,1,1.82679161959925,0.0267916195992453,0.0267916195992453,0.0267916195992453,0.000717790880750662,1.74510238128886,1.91056139500344,1
30,"n600-b1_2-b2_2p8-b3_2p8",600,4,294,1,1,0.6931472,1.029619,1.029619,1.5,1.8,1,1.3,0.0833333333333334,196,99,199,106,FALSE,NA,TRUE,NA,0.930797871937139,0.237650671937139,0.237650671937139,0.237650671937139,0.0564778418721737,0.615055324523955,1.2442399836156,1,1.23789324751274,0.208274247512738,0.208274247512738,0.208274247512738,0.0433781621769972,0.954411613897521,1.52363219849436,1,0.729581490451002,-0.300037509548998,0.300037509548998,0.300037509548998,0.0900225071363653,0.347257742893195,1.11766415706392,1,1.498217984375,-0.00178201562499769,0.00178201562499769,0.00178201562499769,3.17557968773591e-06,1.48040533457736,1.53622906481417,1,1.7911642433619,-0.00883575663809544,0.00883575663809544,0.00883575663809544,7.80705953676476e-05,1.76803888963571,1.82221781080475,1
30,"n600-b1_2-b2_2p8-b3_2p8",600,5,295,1,1,0.6931472,1.029619,1.029619,1.5,1.8,1,1.3,0.0616666666666666,184,111,221,84,FALSE,NA,TRUE,NA,0.717444251835745,0.0242970518357446,0.0242970518357446,0.0242970518357446,0.00059034672790886,0.400211585843687,1.03451144944105,1,0.889921815980654,-0.139697184019346,0.139697184019346,0.139697184019346,0.019515303222935,0.610229628858466,1.1741690741121,1,1.08318493941436,0.0535659394143604,0.0535659394143604,0.0535659394143604,0.00286930986534293,0.687425225429715,1.47243666302628,1,1.59247387699265,0.0924738769926465,0.0924738769926465,0.0924738769926465,0.00855141792605112,1.47070083822749,1.71440783652533,1,1.89675506574465,0.0967550657446525,0.0967550657446525,0.0967550657446525,0.00936154274725204,1.78956496996595,2.02391586190116,1
30,"n600-b1_2-b2_2p8-b3_2p8",600,6,296,1,1,0.6931472,1.029619,1.029619,1.5,1.8,1,1.3,0.0649999999999999,212,94,203,91,FALSE,NA,TRUE,NA,0.942573186189304,0.249425986189304,0.249425986189304,0.249425986189304,0.0622133225865068,0.612895136741003,1.27389422581646,1,1.16622567412805,0.13660667412805,0.13660667412805,0.13660667412805,0.0186613834163273,0.876195486253595,1.46455347653301,1,0.892837659845677,-0.136781340154323,0.136781340154323,0.136781340154323,0.0187091350144127,0.497332095389079,1.29564196783731,1,1.52661693603439,0.0266169360343866,0.0266169360343866,0.0266169360343866,0.00070846128385863,1.43241739002814,1.70591822725413,1,1.83772686878299,0.0377268687829853,0.0377268687829853,0.0377268687829853,0.00142331662816859,1.6964397575777,2.15545526812738,1
30,"n600-b1_2-b2_2p8-b3_2p8",600,7,297,1,1,0.6931472,1.029619,1.029619,1.5,1.8,1,1.3,0.0783333333333334,190,101,200,109,FALSE,NA,TRUE,NA,0.860443671221158,0.167296471221158,0.167296471221158,0.167296471221158,0.0279881092830517,0.556588433427914,1.16821930722945,1,0.966411250222916,-0.0632077497770844,0.0632077497770844,0.0632077497770844,0.00399521963188252,0.693546188449901,1.24760799731715,1,0.775364974312642,-0.254254025687358,0.254254025687358,0.254254025687358,0.0646451095782277,0.392225038663556,1.15189469331516,1,1.48422250920126,-0.0157774907987436,0.0157774907987436,0.0157774907987436,0.000248929215904438,1.45592798918493,1.54335239363012,1,1.80127849823327,0.00127849823326898,0.00127849823326898,0.00127849823326898,1.63455773247189e-06,1.77409322864711,1.85518715184663,1
30,"n600-b1_2-b2_2p8-b3_2p8",600,8,298,1,1,0.6931472,1.029619,1.029619,1.5,1.8,1,1.3,0.09,211,85,196,108,FALSE,NA,TRUE,NA,0.630919435778754,-0.0622277642212457,0.0622277642212457,0.0622277642212457,0.00387229463997494,0.298899431857062,0.960944964315799,1,1.06486224203847,0.0352432420384734,0.0352432420384734,0.0352432420384734,0.00124208610938242,0.785541660938311,1.34924752143995,1,1.22674738740278,0.197128387402775,0.197128387402775,0.197128387402775,0.0388596011200186,0.818791297810226,1.6349083636087,1,1.45321198023397,-0.0467880197660326,0.0467880197660326,0.0467880197660326,0.00218911879362666,1.37534114740369,1.53586310805372,1,1.7385298475971,-0.0614701524029038,0.0614701524029038,0.0614701524029038,0.00377857963643622,1.64374417532012,1.81444053012504,1
30,"n600-b1_2-b2_2p8-b3_2p8",600,9,299,1,1,0.6931472,1.029619,1.029619,1.5,1.8,1,1.3,0.05,205,111,183,101,FALSE,NA,TRUE,NA,0.566545346277366,-0.126601853722634,0.126601853722634,0.126601853722634,0.0160280293660071,0.271266442566889,0.85852293829711,1,0.839621537377545,-0.189997462622455,0.189997462622455,0.189997462622455,0.0360990358029713,0.573699255669273,1.11238986822336,1,1.26482747078872,0.235208470788716,0.235208470788716,0.235208470788716,0.0553230247307664,0.883857289775402,1.63924866699351,1,1.47817554414361,-0.0218244558563914,0.0218244558563914,0.0218244558563914,0.000476306873427575,1.42930226933021,1.56384982631173,1,1.82025977596638,0.0202597759663807,0.0202597759663807,0.0202597759663807,0.000410458522207938,1.77573215700883,1.90226148064128,1
30,"n600-b1_2-b2_2p8-b3_2p8",600,10,300,1,1,0.6931472,1.029619,1.029619,1.5,1.8,1,1.3,0.0783333333333334,202,103,188,107,FALSE,NA,TRUE,NA,0.807162110658862,0.114014910658862,0.114014910658862,0.114014910658862,0.0129993998525484,0.497827884836072,1.11718168557528,1,1.08927048682557,0.0596514868255735,0.0596514868255735,0.0596514868255735,0.00355829988050157,0.808506621236138,1.37891684517196,1,0.807132572790082,-0.222486427209918,0.222486427209918,0.222486427209918,0.049500210292634,0.427286423927844,1.19234901945543,1,1.49998954713155,-1.0452868453914e-05,1.0452868453914e-05,1.0452868453914e-05,1.09262458914831e-10,1.4095507749517,1.62408456657347,1,1.76029660223569,-0.0397033977643058,0.0397033977643058,0.0397033977643058,0.00157635979403068,1.71353299460328,1.85492279413575,1
31,"n600-b1_2-b2_2p8-b3_2p8",600,1,301,1,1,0.6931472,1.029619,1.029619,1.5,1.8,1,1.3,0.0683333333333334,224,100,189,87,FALSE,NA,TRUE,NA,0.531504891232283,-0.161642308767717,0.161642308767717,0.161642308767717,0.026128235983758,0.20941087617479,0.849138933323186,1,0.859878504422723,-0.169740495577277,0.169740495577277,0.169740495577277,0.0288118358388195,0.573043261036594,1.15681969911816,1,1.34538036684675,0.315761366846753,0.315761366846753,0.315761366846753,0.0997052407929295,0.949030202621885,1.7464079291679,1,1.50838385293166,0.00838385293165733,0.00838385293165733,0.00838385293165733,7.02889899796592e-05,1.49825968623149,1.54973159225102,1,1.81774859258911,0.0177485925891068,0.0177485925891068,0.0177485925891068,0.000315012538894096,1.7789567533731,1.87444646126035,1
31,"n600-b1_2-b2_2p8-b3_2p8",600,2,302,1,1,0.6931472,1.029619,1.029619,1.5,1.8,1,1.3,0.0633333333333334,194,100,194,112,FALSE,NA,TRUE,NA,0.741097211766805,0.0479500117668052,0.0479500117668052,0.0479500117668052,0.00229920362843676,0.441963942009721,1.04105140753362,1,0.986493136817884,-0.0431258631821162,0.0431258631821162,0.0431258631821162,0.00185984007520261,0.723122656727886,1.25955644125666,1,0.92484895133597,-0.10477004866403,0.10477004866403,0.10477004866403,0.0109767630970632,0.552468622078123,1.29980675934359,1,1.4708900969966,-0.0291099030034001,0.0291099030034001,0.0291099030034001,0.000847386452867363,1.38064888873772,1.5811605246979,1,1.79961982958345,-0.000380170416550252,0.000380170416550252,0.000380170416550252,1.44529545619992e-07,1.70998670057367,1.97714501450179,1
31,"n600-b1_2-b2_2p8-b3_2p8",600,3,303,1,1,0.6931472,1.029619,1.029619,1.5,1.8,1,1.3,0.07,181,89,204,126,FALSE,NA,TRUE,NA,0.799723771709786,0.106576571709786,0.106576571709786,0.106576571709786,0.0113585656374111,0.496445557310292,1.0987868398856,1,0.97701655711452,-0.0526024428854801,0.0526024428854801,0.0526024428854801,0.0027670169975202,0.722232125863999,1.23654143188386,1,0.930264632461052,-0.0993543675389479,0.0993543675389479,0.0993543675389479,0.00987129034906434,0.55554564877354,1.30970263298496,1,1.5963043552915,0.0963043552914971,0.0963043552914971,0.0963043552914971,0.0092745288481109,1.52012782507618,1.91475380270079,0,1.79344923952742,-0.00655076047257941,0.00655076047257941,0.00655076047257941,4.29124627691088e-05,1.74626929141731,1.9108481832567,1
31,"n600-b1_2-b2_2p8-b3_2p8",600,4,304,1,1,0.6931472,1.029619,1.029619,1.5,1.8,1,1.3,0.0616666666666666,196,107,209,88,FALSE,NA,TRUE,NA,0.782692755372186,0.089545555372186,0.089545555372186,0.089545555372186,0.00801840648691323,0.465305975753839,1.11209217158168,1,0.982839569707392,-0.0467794302926081,0.0467794302926081,0.0467794302926081,0.00218831509850098,0.692651702560954,1.27792280343412,1,0.955640552811286,-0.0739784471887142,0.0739784471887142,0.0739784471887142,0.00547281064845337,0.561079769754228,1.35000559982401,1,1.64650431328586,0.146504313285856,0.146504313285856,0.146504313285856,0.0214635138113601,1.50700286748351,1.86323868927538,0,1.73731874618269,-0.0626812538173072,0.0626812538173072,0.0626812538173072,0.00392893958010968,1.66678935680416,1.83674142662714,1
31,"n600-b1_2-b2_2p8-b3_2p8",600,5,305,1,1,0.6931472,1.029619,1.029619,1.5,1.8,1,1.3,0.0666666666666667,191,109,201,99,FALSE,NA,TRUE,NA,0.812978658648624,0.119831458648624,0.119831458648624,0.119831458648624,0.0143595784818568,0.496604505989535,1.1317417695556,1,1.07857372827357,0.0489547282735672,0.0489547282735672,0.0489547282735672,0.0023965654203388,0.797185082456617,1.36377006227435,1,0.7430160086019,-0.2866029913981,0.2866029913981,0.2866029913981,0.0821412746783396,0.353549528709976,1.12899680834278,1,1.47000398774306,-0.0299960122569423,0.0299960122569423,0.0299960122569423,0.00089976075131863,1.39284986493125,1.56288720391793,1,1.78864232485548,-0.0113576751445168,0.0113576751445168,0.0113576751445168,0.000128996784688375,1.69735343908592,1.87642398019719,1
31,"n600-b1_2-b2_2p8-b3_2p8",600,6,306,1,1,0.6931472,1.029619,1.029619,1.5,1.8,1,1.3,0.0816666666666667,201,99,185,115,FALSE,NA,TRUE,NA,0.606297787494807,-0.0868494125051931,0.0868494125051931,0.0868494125051931,0.00754282045249719,0.309721253994496,0.907090065760264,1,0.898472124432454,-0.131146875567546,0.131146875567546,0.131146875567546,0.0171995029711295,0.633893760267726,1.16879081986539,1,1.34847963733325,0.318860637333249,0.318860637333249,0.318860637333249,0.101672106040566,0.962307621449401,1.7335249527481,1,1.54148807772871,0.0414880777287123,0.0414880777287123,0.0414880777287123,0.00172126059362368,1.49326245695286,1.61040801058772,1,1.88965497413331,0.0896549741333066,0.0896549741333066,0.0896549741333066,0.00803801438684387,1.73924183911693,2.0035098734683,1
31,"n600-b1_2-b2_2p8-b3_2p8",600,7,307,1,1,0.6931472,1.029619,1.029619,1.5,1.8,1,1.3,0.0816666666666667,179,110,193,118,FALSE,NA,TRUE,NA,0.44483059362807,-0.24831660637193,0.24831660637193,0.24831660637193,0.0616611370000718,0.162333526862769,0.728031297300161,1,0.859367793587332,-0.170251206412669,0.170251206412669,0.170251206412669,0.0289854732849691,0.603877589248997,1.12565378087629,1,1.30912678560038,0.279507785600377,0.279507785600377,0.279507785600377,0.0781246022112264,0.939522241406508,1.67746151135476,1,1.54425839055835,0.0442583905583511,0.0442583905583511,0.0442583905583511,0.00195880513481554,1.49451392979752,1.69560560698709,1,1.85633661221493,0.0563366122149316,0.0563366122149316,0.0563366122149316,0.00317381387585558,1.7822524900913,2.00241569173893,1
31,"n600-b1_2-b2_2p8-b3_2p8",600,8,308,1,1,0.6931472,1.029619,1.029619,1.5,1.8,1,1.3,0.0566666666666666,188,111,202,99,FALSE,NA,TRUE,NA,0.635722027967636,-0.0574251720323641,0.0574251720323641,0.0574251720323641,0.00329765038294661,0.335427989189714,0.945344490000904,1,1.02159027189289,-0.00802872810711053,0.00802872810711053,0.00802872810711053,6.44604750179066e-05,0.751412838556137,1.30481999260297,1,1.11925263020493,0.0896336302049279,0.0896336302049279,0.0896336302049279,0.00803418766371376,0.72775747337467,1.49978874729271,1,1.51015546569295,0.0101554656929481,0.0101554656929481,0.0101554656929481,0.000103133483440646,1.47315334179216,1.57778030729768,1,1.82542855983516,0.0254285598351589,0.0254285598351589,0.0254285598351589,0.000646611655290257,1.77219195580376,1.92823800766946,1
31,"n600-b1_2-b2_2p8-b3_2p8",600,9,309,1,1,0.6931472,1.029619,1.029619,1.5,1.8,1,1.3,0.0616666666666666,205,106,205,84,FALSE,NA,TRUE,NA,0.481829473537543,-0.211317726462457,0.211317726462457,0.211317726462457,0.0446551815172617,0.163171760649772,0.804534281330257,1,0.910871157300845,-0.118747842699155,0.118747842699155,0.118747842699155,0.0141010501457033,0.626030482359361,1.20233484258904,1,1.07328522990818,0.0436662299081769,0.0436662299081769,0.0436662299081769,0.00190673963439376,0.684780093870402,1.46800639869505,1,1.4971225274934,-0.0028774725065992,0.0028774725065992,0.0028774725065992,8.27984802623428e-06,1.4526711799674,1.57889641451864,1,1.77885170644501,-0.0211482935549938,0.0211482935549938,0.0211482935549938,0.000447250320288193,1.71386898202303,1.8446426379351,1
31,"n600-b1_2-b2_2p8-b3_2p8",600,10,310,1,1,0.6931472,1.029619,1.029619,1.5,1.8,1,1.3,0.0683333333333334,185,111,209,95,FALSE,NA,TRUE,NA,0.558659735872503,-0.134487464127497,0.134487464127497,0.134487464127497,0.0180868780074448,0.257375079877423,0.861689205258894,1,0.932794423258871,-0.0968245767411295,0.0968245767411295,0.0968245767411295,0.00937499866109888,0.654160042192703,1.21509157497029,1,1.30508535639006,0.275466356390058,0.275466356390058,0.275466356390058,0.0758817135028145,0.908213396514188,1.69944573464496,1,1.73149908474794,0.231499084747945,0.231499084747945,0.231499084747945,0.053591826239136,1.45222533288319,1.96148864448684,1,1.75992209030094,-0.0400779096990627,0.0400779096990627,0.0400779096990627,0.00160623884584622,1.59606040100032,1.89753541996747,1
32,"n600-b1_2-b2_2p8-b3_2p8",600,1,311,1,1,0.6931472,1.029619,1.029619,1.5,1.8,1,1.3,0.0683333333333334,192,90,211,107,FALSE,NA,TRUE,NA,0.740098439277041,0.0469512392770406,0.0469512392770406,0.0469512392770406,0.00220441886964992,0.421801574434796,1.06022370509363,1,1.13957571498872,0.109956714988723,0.109956714988723,0.109956714988723,0.0120904791711112,0.861222521411466,1.42244125082514,1,0.937632379648899,-0.0919866203511012,0.0919866203511012,0.0919866203511012,0.00846153832361762,0.5474161762787,1.33634026219551,1,1.5232499760111,0.0232499760111013,0.0232499760111013,0.0232499760111013,0.000540561384516788,1.46393758055935,1.64787530823543,1,1.78058205970006,-0.0194179402999362,0.0194179402999362,0.0194179402999362,0.000377056405491885,1.69170279488499,1.86586610858555,1
32,"n600-b1_2-b2_2p8-b3_2p8",600,2,312,1,1,0.6931472,1.029619,1.029619,1.5,1.8,1,1.3,0.0833333333333334,200,95,204,101,FALSE,NA,TRUE,NA,0.773287854951564,0.0801406549515644,0.0801406549515644,0.0801406549515644,0.00642252457606571,0.445748494269537,1.10121713682513,1,1.30896686801463,0.279347868014628,0.279347868014628,0.279347868014628,0.0780352313643183,1.01501403877889,1.60763974775729,1,0.88976412156894,-0.13985487843106,0.13985487843106,0.13985487843106,0.0195593870209666,0.488801343437418,1.29295177887598,1,1.4511518048032,-0.0488481951967956,0.0488481951967956,0.0488481951967956,0.00238614617398425,1.38244599789587,1.55108744861055,1,1.73041531510224,-0.0695846848977606,0.0695846848977606,0.0695846848977606,0.00484202837232063,1.66212901189107,1.81505096747766,1
32,"n600-b1_2-b2_2p8-b3_2p8",600,3,313,1,1,0.6931472,1.029619,1.029619,1.5,1.8,1,1.3,0.08,210,91,190,109,FALSE,NA,TRUE,NA,0.643962677297836,-0.0491845227021644,0.0491845227021644,0.0491845227021644,0.00241911727343973,0.339470122367413,0.953969163257989,1,0.908151747347381,-0.121467252652619,0.121467252652619,0.121467252652619,0.0147542934669752,0.639200027488242,1.18222853249732,1,1.19903885449075,0.169419854490748,0.169419854490748,0.169419854490748,0.0287030870956661,0.819375064441059,1.58347278054597,1,1.52419590998621,0.0241959099862115,0.0241959099862115,0.0241959099862115,0.000585442060060848,1.39231892320335,1.65682399405198,1,1.78526149281553,-0.0147385071844723,0.0147385071844723,0.0147385071844723,0.000217223594026743,1.75120706700415,1.88219173191645,1
32,"n600-b1_2-b2_2p8-b3_2p8",600,4,314,1,1,0.6931472,1.029619,1.029619,1.5,1.8,1,1.3,0.0566666666666666,211,98,198,93,FALSE,NA,TRUE,NA,0.387420293402554,-0.305726906597446,0.305726906597446,0.305726906597446,0.0934689414176433,0.0759109198844922,0.701136312881462,1,0.867081921859518,-0.162537078140482,0.162537078140482,0.162537078140482,0.0264183017704453,0.588449026477588,1.15859807847377,1,1.49539459989193,0.465775599891934,0.465775599891934,0.465775599891934,0.216946909454691,1.09883763906814,1.89203479767356,0,1.34543832543138,-0.154561674568618,0.154561674568618,0.154561674568618,0.0238893112454552,1.25604560237909,1.52595221683418,1,1.78807568266602,-0.0119243173339845,0.0119243173339845,0.0119243173339845,0.000142189343881562,1.75415421832348,1.86387114565297,1
32,"n600-b1_2-b2_2p8-b3_2p8",600,5,315,1,1,0.6931472,1.029619,1.029619,1.5,1.8,1,1.3,0.0633333333333334,228,101,189,82,FALSE,NA,TRUE,NA,0.901920280277608,0.208773080277608,0.208773080277608,0.208773080277608,0.0435861990486006,0.571467869644103,1.24783100603418,1,1.20728462489694,0.177665624896945,0.177665624896945,0.177665624896945,0.0315650742700219,0.896476504499662,1.53029634872417,1,0.831921275216763,-0.197697724783237,0.197697724783237,0.197697724783237,0.0390843903844687,0.428257953697309,1.23005491752682,1,1.52524032829274,0.0252403282927356,0.0252403282927356,0.0252403282927356,0.000637074172325069,1.49330741108095,1.57228008686659,1,1.84024662701702,0.0402466270170236,0.0402466270170236,0.0402466270170236,0.00161979098624742,1.80174243219083,1.90214864811405,0
32,"n600-b1_2-b2_2p8-b3_2p8",600,6,316,1,1,0.6931472,1.029619,1.029619,1.5,1.8,1,1.3,0.075,204,113,185,98,FALSE,NA,TRUE,NA,0.534634310808546,-0.158512889191454,0.158512889191454,0.158512889191454,0.0251263360398223,0.227659107441843,0.843790036043033,1,0.945229584062146,-0.0843894159378538,0.0843894159378538,0.0843894159378538,0.00712157352233209,0.66698903291278,1.22914286528751,1,1.15064905655411,0.121030056554106,0.121030056554106,0.121030056554106,0.01464827458949,0.764649401545948,1.53607949220113,1,1.26640417749378,-0.233595822506216,0.233595822506216,0.233595822506216,0.0545670082923557,1.20075775785475,1.36641774794891,0,1.64102972540339,-0.158970274596611,0.158970274596611,0.158970274596611,0.0252715482053219,1.58743524048528,1.70759585758833,0
32,"n600-b1_2-b2_2p8-b3_2p8",600,7,317,1,1,0.6931472,1.029619,1.029619,1.5,1.8,1,1.3,0.075,198,95,196,111,FALSE,NA,TRUE,NA,0.615846376210263,-0.0773008237897367,0.0773008237897367,0.0773008237897367,0.00597541735857192,0.310389524843102,0.920692058491453,1,0.857486392213902,-0.172132607786098,0.172132607786098,0.172132607786098,0.0296296346632426,0.5950474035766,1.12955673551984,1,1.17664669115849,0.147027691158494,0.147027691158494,0.147027691158494,0.0216171419673974,0.790564095148602,1.55881900061958,1,1.3964000881379,-0.103599911862095,0.103599911862095,0.103599911862095,0.0107329417378339,1.21646038452833,1.66897315176421,1,1.78868936502667,-0.0113106349733325,0.0113106349733325,0.0113106349733325,0.000127930463499973,1.63894961657531,2.00146758605338,1
32,"n600-b1_2-b2_2p8-b3_2p8",600,8,318,1,1,0.6931472,1.029619,1.029619,1.5,1.8,1,1.3,0.075,199,95,200,106,FALSE,NA,TRUE,NA,0.746260284144893,0.0531130841448926,0.0531130841448926,0.0531130841448926,0.00282099970738244,0.424846572545462,1.06570417185801,1,1.1850509502211,0.155431950221099,0.155431950221099,0.155431950221099,0.0241590911495341,0.905285037820016,1.472112845348,1,0.970379315849016,-0.0592396841509841,0.0592396841509841,0.0592396841509841,0.00350934017830836,0.581093752556406,1.35690999375669,1,1.52487714058892,0.0248771405889225,0.0248771405889225,0.0248771405889225,0.000618872123881017,1.47297530341504,1.62566583167425,1,1.83497332629233,0.034973326292326,0.034973326292326,0.034973326292326,0.0012231335519495,1.76696512849795,1.928580014998,1
32,"n600-b1_2-b2_2p8-b3_2p8",600,9,319,1,1,0.6931472,1.029619,1.029619,1.5,1.8,1,1.3,0.07,191,102,207,100,FALSE,NA,TRUE,NA,0.533033902559299,-0.160113297440701,0.160113297440701,0.160113297440701,0.0256362680173343,0.23117163635819,0.839550708383035,1,0.850656820757205,-0.178962179242795,0.178962179242795,0.178962179242795,0.0320274615993302,0.586650558557007,1.12438281892372,1,1.21232286048554,0.182703860485537,0.182703860485537,0.182703860485537,0.0333807006363187,0.833366936862778,1.5880947510722,1,1.55464424235177,0.0546442423517732,0.0546442423517732,0.0546442423517732,0.00298599322219933,1.48960316546258,1.6681710098392,1,1.85581174414282,0.0558117441428154,0.0558117441428154,0.0558117441428154,0.00311495078426309,1.78380864589951,2.01542026900596,1
32,"n600-b1_2-b2_2p8-b3_2p8",600,10,320,1,1,0.6931472,1.029619,1.029619,1.5,1.8,1,1.3,0.0533333333333333,226,94,200,80,FALSE,NA,TRUE,NA,0.801451335784816,0.108304135784816,0.108304135784816,0.108304135784816,0.0117297858280958,0.467005634439463,1.1399359492122,1,1.05838915023473,0.0287701502347273,0.0287701502347273,0.0287701502347273,0.000827721544528779,0.764983609656849,1.36076569440429,1,0.966049807892846,-0.0635691921071536,0.0635691921071536,0.0635691921071536,0.0040410421851562,0.571616767171463,1.36849075521009,1,1.50613821100622,0.00613821100621759,0.00613821100621759,0.00613821100621759,3.76776343568507e-05,1.47415077986165,1.62139758571173,1,1.81199132443009,0.0119913244300904,0.0119913244300904,0.0119913244300904,0.000143791861587684,1.77300280745525,1.93529153213797,1
33,"n600-b1_2-b2_2p8-b3_2p8",600,1,321,1,1,0.6931472,1.029619,1.029619,1.5,1.8,1,1.3,0.0649999999999999,201,95,189,115,FALSE,NA,TRUE,NA,0.494335251611191,-0.198811948388809,0.198811948388809,0.198811948388809,0.0395261908221544,0.20122469675274,0.79107933806736,1,0.782155024091138,-0.247463975908862,0.247463975908862,0.247463975908862,0.0612384193726219,0.529747434768025,1.04220203335157,1,1.14245630978716,0.112837309787161,0.112837309787161,0.112837309787161,0.0127322584800037,0.766289380345822,1.51521992809696,1,1.52064123265892,0.0206412326589165,0.0206412326589165,0.0206412326589165,0.000426060485679521,1.41885996338503,1.61676145891263,1,1.84572389484502,0.0457238948450196,0.0457238948450196,0.0457238948450196,0.00209067455979841,1.7780882441969,1.90074319481307,1
33,"n600-b1_2-b2_2p8-b3_2p8",600,2,322,1,1,0.6931472,1.029619,1.029619,1.5,1.8,1,1.3,0.0783333333333334,187,94,208,111,FALSE,NA,TRUE,NA,0.84727714757537,0.15412994757537,0.15412994757537,0.15412994757537,0.0237560407395863,0.531606301839992,1.16875713294125,1,1.08790735720066,0.0582883572006587,0.0582883572006587,0.0582883572006587,0.00339753258515158,0.810445408149755,1.36958568539732,1,0.953670236184677,-0.0759487638153232,0.0759487638153232,0.0759487638153232,0.00576821472507575,0.558259833742408,1.33789451554023,1,1.44370585831567,-0.0562941416843341,0.0562941416843341,0.0562941416843341,0.00316903038797588,1.35637685544632,1.61553075314286,1,1.80399142488708,0.00399142488707693,0.00399142488707693,0.00399142488707693,1.59314726291771e-05,1.72162997696586,2.01354878550993,1
33,"n600-b1_2-b2_2p8-b3_2p8",600,3,323,1,1,0.6931472,1.029619,1.029619,1.5,1.8,1,1.3,0.0733333333333334,199,89,212,100,FALSE,NA,TRUE,NA,0.38348452745524,-0.30966267254476,0.30966267254476,0.30966267254476,0.0958909707675632,0.0618652449655964,0.708316114453868,1,0.824098892852623,-0.205520107147377,0.205520107147377,0.205520107147377,0.0422385144418692,0.558088936100436,1.09985843122393,1,1.27366469751417,0.244045697514166,0.244045697514166,0.244045697514166,0.0595583024751758,0.876038100433422,1.67075609094218,1,1.47531102269997,-0.0246889773000296,0.0246889773000296,0.0246889773000296,0.000609545600121377,1.36046124429224,1.57710605384354,1,1.76764325089782,-0.0323567491021803,0.0323567491021803,0.0323567491021803,0.00104695921246145,1.67646120290447,1.88277836087003,1
33,"n600-b1_2-b2_2p8-b3_2p8",600,4,324,1,1,0.6931472,1.029619,1.029619,1.5,1.8,1,1.3,0.0533333333333333,199,97,210,94,FALSE,NA,TRUE,NA,0.599424123989041,-0.0937230760109594,0.0937230760109594,0.0937230760109594,0.00878401497695608,0.286538099842111,0.91883805949526,1,0.969637512854098,-0.0599814871459021,0.0599814871459021,0.0599814871459021,0.00359777880023402,0.697426835512802,1.25175317530861,1,1.28795047651585,0.25833147651585,0.25833147651585,0.25833147651585,0.066735151758859,0.899247710926379,1.67998376493839,1,1.46039952963321,-0.0396004703667885,0.0396004703667885,0.0396004703667885,0.00156819725327089,1.38657991813799,1.54402666381686,1,1.72221575406043,-0.0777842459395695,0.0777842459395695,0.0777842459395695,0.00605038891638743,1.60256015475109,1.82460746744385,1
33,"n600-b1_2-b2_2p8-b3_2p8",600,5,325,1,1,0.6931472,1.029619,1.029619,1.5,1.8,1,1.3,0.07,184,101,204,111,FALSE,NA,TRUE,NA,0.738402933680686,0.0452557336806858,0.0452557336806858,0.0452557336806858,0.00204808143097716,0.435394688949061,1.04610798089189,1,1.09739689830506,0.067777898305061,0.067777898305061,0.067777898305061,0.00459384349865119,0.823381794270943,1.37734282486008,1,0.990301984374343,-0.0393170156256566,0.0393170156256566,0.0393170156256566,0.00154582771770812,0.60567232571053,1.37063095631797,1,1.55658521251929,0.0565852125192929,0.0565852125192929,0.0565852125192929,0.00320188627585355,1.50107232446176,1.63910191720433,0,1.84793929787833,0.0479392978783251,0.0479392978783251,0.0479392978783251,0.00229817628106678,1.78468286376135,1.92445211127871,1
33,"n600-b1_2-b2_2p8-b3_2p8",600,6,326,1,1,0.6931472,1.029619,1.029619,1.5,1.8,1,1.3,0.09,180,110,201,109,FALSE,NA,TRUE,NA,0.551253268916712,-0.141893931083288,0.141893931083288,0.141893931083288,0.0201338876782687,0.253633004775637,0.847505554230259,1,0.997254913828171,-0.0323640861718288,0.0323640861718288,0.0323640861718288,0.00104743407373756,0.736459616907567,1.26720458681715,1,1.04525386746565,0.0156348674656475,0.0156348674656475,0.0156348674656475,0.000244449080668361,0.674394626016675,1.41967192568513,1,1.51314571619994,0.0131457161999433,0.0131457161999433,0.0131457161999433,0.000172809854409452,1.46123176702066,1.58725497424635,1,1.81814127326135,0.0181412732613495,0.0181412732613495,0.0181412732613495,0.000329105795542955,1.75663966777793,1.89590723089264,1
33,"n600-b1_2-b2_2p8-b3_2p8",600,7,327,1,1,0.6931472,1.029619,1.029619,1.5,1.8,1,1.3,0.07,191,103,204,102,FALSE,NA,TRUE,NA,0.97063292564611,0.27748572564611,0.27748572564611,0.27748572564611,0.076998327937348,0.654701309959774,1.29180029262416,1,1.21157044418326,0.181951444183261,0.181951444183261,0.181951444183261,0.0331063280403744,0.925365773351477,1.50406617288017,1,0.778743400287872,-0.250875599712128,0.250875599712128,0.250875599712128,0.0629385665309198,0.390910455234717,1.15972855854735,1,1.46376280732259,-0.0362371926774137,0.0362371926774137,0.0362371926774137,0.00131313413314,1.4238475934457,1.50885926021312,1,1.74438241104684,-0.0556175889531576,0.0556175889531576,0.0556175889531576,0.0030933162009624,1.685945144523,1.8542546514575,1
33,"n600-b1_2-b2_2p8-b3_2p8",600,8,328,1,1,0.6931472,1.029619,1.029619,1.5,1.8,1,1.3,0.0716666666666667,196,101,186,117,FALSE,NA,TRUE,NA,0.728020311534704,0.0348731115347038,0.0348731115347038,0.0348731115347038,0.00121613390811189,0.422334822438678,1.03435564549733,1,1.03839450544607,0.00877550544607053,0.00877550544607053,0.00877550544607053,7.70094958340135e-05,0.770875981284587,1.31125633677791,1,1.12469001643169,0.0950710164316875,0.0950710164316875,0.0950710164316875,0.00903849816535419,0.734135003086622,1.51298656198854,1,1.43315683759589,-0.0668431624041099,0.0668431624041099,0.0668431624041099,0.00446800836018221,1.32221763896379,1.5783709047921,1,1.7595858159435,-0.0404141840564967,0.0404141840564967,0.0404141840564967,0.00163330627295239,1.67825066803723,1.8626575732375,1
33,"n600-b1_2-b2_2p8-b3_2p8",600,9,329,1,1,0.6931472,1.029619,1.029619,1.5,1.8,1,1.3,0.07,200,118,189,93,FALSE,NA,TRUE,NA,0.839269060882687,0.146121860882687,0.146121860882687,0.146121860882687,0.0213515982278194,0.531210674992037,1.15094915042433,1,1.12553218907837,0.0959131890783746,0.0959131890783746,0.0959131890783746,0.00919933983918405,0.834892947410433,1.42653136901961,1,0.883765777597843,-0.145853222402157,0.145853222402157,0.145853222402157,0.021273162485093,0.499160514619895,1.26393759628642,1,1.60722604773084,0.107226047730838,0.107226047730838,0.107226047730838,0.0114974253119759,1.48157518317764,1.77904135719978,1,1.87655098268001,0.0765509826800128,0.0765509826800128,0.0765509826800128,0.00586005294927562,1.74821661306407,2.02833808016887,1
33,"n600-b1_2-b2_2p8-b3_2p8",600,10,330,1,1,0.6931472,1.029619,1.029619,1.5,1.8,1,1.3,0.07,192,97,198,113,FALSE,NA,TRUE,NA,0.469334090891665,-0.223813109108335,0.223813109108335,0.223813109108335,0.0500923078087393,0.170485153911376,0.766036692360293,1,0.806627649634782,-0.222991350365218,0.222991350365218,0.222991350365218,0.0497251423377033,0.54866254373266,1.06990907534854,1,1.32523715676143,0.295618156761429,0.295618156761429,0.295618156761429,0.087390094607025,0.94570192015521,1.70788446452844,1,1.51781368805095,0.0178136880509452,0.0178136880509452,0.0178136880509452,0.000317327481976387,1.42492873185773,1.63025074592919,1,1.85383400385043,0.0538340038504266,0.0538340038504266,0.0538340038504266,0.00289809997056774,1.76915335951574,2.06018758153648,1
34,"n600-b1_2-b2_2p8-b3_2p8",600,1,331,1,1,0.6931472,1.029619,1.029619,1.5,1.8,1,1.3,0.0783333333333334,201,97,200,102,FALSE,NA,TRUE,NA,0.46642784499852,-0.22671935500148,0.22671935500148,0.22671935500148,0.0514016659322873,0.155651463038449,0.782018995665103,1,0.838284750078832,-0.191334249921168,0.191334249921168,0.191334249921168,0.0366087951928961,0.572098584884245,1.11227679589889,1,1.30413798648141,0.274518986481407,0.274518986481407,0.274518986481407,0.0753606739387788,0.923152140536197,1.68300166248805,1,1.51231553649667,0.0123155364966698,0.0123155364966698,0.0123155364966698,0.000151672439200807,1.38263066303841,1.71728118300096,1,1.82834702574192,0.0283470257419236,0.0283470257419236,0.0283470257419236,0.000803553868413279,1.71622081809224,2.01423335467289,1
34,"n600-b1_2-b2_2p8-b3_2p8",600,2,332,1,1,0.6931472,1.029619,1.029619,1.5,1.8,1,1.3,0.0733333333333334,207,102,186,105,FALSE,NA,TRUE,NA,0.516886722200191,-0.176260477799809,0.176260477799809,0.176260477799809,0.0310677560342169,0.203789440901203,0.830262485658089,1,1.08755505796326,0.0579360579632557,0.0579360579632557,0.0579360579632557,0.00335658681232173,0.808194175351846,1.36918026482277,1,0.793215243271551,-0.236403756728449,0.236403756728449,0.236403756728449,0.0558867361953239,0.416102939844139,1.1659690823244,1,1.46893962857914,-0.0310603714208573,0.0310603714208573,0.0310603714208573,0.000964746672801607,1.41058766891817,1.57591747519614,1,1.69446750992976,-0.105532490070244,0.105532490070244,0.105532490070244,0.0111371064604262,1.55553210345632,1.809152446868,1
34,"n600-b1_2-b2_2p8-b3_2p8",600,3,333,1,1,0.6931472,1.029619,1.029619,1.5,1.8,1,1.3,0.0649999999999999,198,103,199,100,FALSE,NA,TRUE,NA,0.815675793412093,0.122528593412093,0.122528593412093,0.122528593412093,0.015013256203546,0.498507460077094,1.13603099878245,1,1.10295777576273,0.073338775762726,0.073338775762726,0.073338775762726,0.0053785760303754,0.818020582355172,1.39939722505734,1,0.770438413416208,-0.259180586583793,0.259180586583793,0.259180586583793,0.0671745764619188,0.388024287180633,1.15766826020216,1,1.42827387394382,-0.0717261260561828,0.0717261260561828,0.0717261260561828,0.00514463715902742,1.37059746047662,1.5059264971391,1,1.8353279163815,0.0353279163814959,0.0353279163814959,0.0353279163814959,0.00124806167585797,1.75329783935826,1.93495752758792,1
34,"n600-b1_2-b2_2p8-b3_2p8",600,4,334,1,1,0.6931472,1.029619,1.029619,1.5,1.8,1,1.3,0.0533333333333333,209,88,214,89,FALSE,NA,TRUE,NA,0.50480645529319,-0.18834074470681,0.18834074470681,0.18834074470681,0.0354722361167158,0.187180419672764,0.829021644936419,1,0.846483764706612,-0.183135235293388,0.183135235293388,0.183135235293388,0.0335385144059648,0.569767541020257,1.13279000519656,1,1.19365218890218,0.164033188902184,0.164033188902184,0.164033188902184,0.0269068870614197,0.805065400884381,1.58463182363613,1,1.51114797935523,0.0111479793552316,0.0111479793552316,0.0111479793552316,0.00012427744370467,1.42510639239398,1.66222097056767,1,2.03542359070565,0.235423590705648,0.235423590705648,0.235423590705648,0.0554242670607405,1.71935835993639,2.21531769954599,1
34,"n600-b1_2-b2_2p8-b3_2p8",600,5,335,1,1,0.6931472,1.029619,1.029619,1.5,1.8,1,1.3,0.0649999999999999,200,97,186,117,FALSE,NA,TRUE,NA,0.698988147587707,0.00584094758770692,0.00584094758770692,0.00584094758770692,3.41166687223393e-05,0.394456891380509,1.00156146583047,1,1.20142492838208,0.171805928382077,0.171805928382077,0.171805928382077,0.0295172770272272,0.924679660671786,1.48098705357858,1,0.90910501710614,-0.12051398289386,0.12051398289386,0.12051398289386,0.0145236200729416,0.528294572580588,1.28909927491147,1,1.50662643955056,0.00662643955055509,0.00662643955055509,0.00662643955055509,4.39097011171607e-05,1.42132298184258,1.62935793751102,1,1.80432152694334,0.00432152694334165,0.00432152694334165,0.00432152694334165,1.86755951220278e-05,1.76001263058356,1.90449207840284,1
34,"n600-b1_2-b2_2p8-b3_2p8",600,6,336,1,1,0.6931472,1.029619,1.029619,1.5,1.8,1,1.3,0.0766666666666667,207,95,212,86,FALSE,NA,TRUE,NA,0.925426321855303,0.232279121855304,0.232279121855304,0.232279121855304,0.0539535904498709,0.582963127588688,1.2717930674052,1,1.34535596798612,0.315736967986117,0.315736967986117,0.315736967986117,0.0996898329530662,1.0389421596283,1.66227534048829,0,0.880477021755317,-0.149141978244683,0.149141978244683,0.149141978244683,0.0222433296747376,0.468043377745398,1.29702046504404,1,1.49902346194073,-0.000976538059271892,0.000976538059271892,0.000976538059271892,9.53626581206513e-07,1.4838982336023,1.52802750009451,1,1.85749263861221,0.0574926386122074,0.0574926386122074,0.0574926386122074,0.00330540349459389,1.80442031008475,1.92426722088193,0
34,"n600-b1_2-b2_2p8-b3_2p8",600,7,337,1,1,0.6931472,1.029619,1.029619,1.5,1.8,1,1.3,0.0600000000000001,193,102,210,95,FALSE,NA,TRUE,NA,0.715136148745065,0.0219889487450653,0.0219889487450653,0.0219889487450653,0.000483513866913109,0.406337569768689,1.02619973999458,1,1.04016373666718,0.0105447366671831,0.0105447366671831,0.0105447366671831,0.000111191471380237,0.763470353213845,1.32513827893645,1,0.995841842084358,-0.0337771579156417,0.0337771579156417,0.0337771579156417,0.0011408963968582,0.619028777886171,1.37743594863256,1,1.55134733031517,0.0513473303151704,0.0513473303151704,0.0513473303151704,0.00263654833049521,1.48951575206556,1.60793741468786,1,1.83697835345865,0.0369783534586465,0.0369783534586465,0.0369783534586465,0.0013673986245126,1.77289943663183,1.91300801658874,1
34,"n600-b1_2-b2_2p8-b3_2p8",600,8,338,1,1,0.6931472,1.029619,1.029619,1.5,1.8,1,1.3,0.0766666666666667,202,86,194,118,FALSE,NA,TRUE,NA,0.580525956552509,-0.112621243447491,0.112621243447491,0.112621243447491,0.012683544475659,0.271083976413223,0.889820553359122,1,1.11280380154948,0.0831848015494849,0.0831848015494849,0.0831848015494849,0.00691971120882719,0.841136094904318,1.38816062804696,1,1.00425544507799,-0.0253635549220119,0.0253635549220119,0.0253635549220119,0.000643309918281915,0.620063855340797,1.3911892001257,1,1.48211806716907,-0.0178819328309308,0.0178819328309308,0.0178819328309308,0.000319763521769919,1.33259844171178,1.57576570939002,1,1.88382244726104,0.0838224472610387,0.0838224472610387,0.0838224472610387,0.00702620266482962,1.79149168146722,1.99470824239737,1
34,"n600-b1_2-b2_2p8-b3_2p8",600,9,339,1,1,0.6931472,1.029619,1.029619,1.5,1.8,1,1.3,0.0783333333333334,206,109,187,98,FALSE,NA,TRUE,NA,0.810017466380723,0.116870266380723,0.116870266380723,0.116870266380723,0.0136586591639011,0.487760455755592,1.13422783939388,1,1.21055914767058,0.180940147670577,0.180940147670577,0.180940147670577,0.0327393370390504,0.916450434261538,1.51250326381548,1,0.878457748229186,-0.151161251770814,0.151161251770814,0.151161251770814,0.0228497240369193,0.484127379607247,1.27521690275691,1,1.5090525032357,0.00905250323569717,0.00905250323569717,0.00905250323569717,8.19478148323078e-05,1.42647754765046,1.6969503583112,1,1.91451281710087,0.114512817100869,0.114512817100869,0.114512817100869,0.0131131852803772,1.76746537594569,2.15066200165908,1
34,"n600-b1_2-b2_2p8-b3_2p8",600,10,340,1,1,0.6931472,1.029619,1.029619,1.5,1.8,1,1.3,0.0566666666666666,182,116,202,100,FALSE,NA,TRUE,NA,0.809356008806449,0.116208808806449,0.116208808806449,0.116208808806449,0.0135044872442137,0.510692807027655,1.11874752175414,1,1.07256752172923,0.042948521729228,0.042948521729228,0.042948521729228,0.00184457551872597,0.792754378272178,1.36100822660543,1,0.928481536830187,-0.101137463169813,0.101137463169813,0.101137463169813,0.0102287864564254,0.538111030293486,1.30561530343098,1,1.53502569946255,0.0350256994625502,0.0350256994625502,0.0350256994625502,0.00122679962284089,1.48350715270594,1.62296400994286,1,1.74848761780722,-0.0515123821927843,0.0515123821927843,0.0515123821927843,0.00265352551917548,1.64685371518733,1.86015055520457,1
35,"n600-b1_2-b2_2p8-b3_2p8",600,1,341,1,1,0.6931472,1.029619,1.029619,1.5,1.8,1,1.3,0.0466666666666666,213,77,214,96,FALSE,NA,TRUE,NA,0.589913695075921,-0.103233504924079,0.103233504924079,0.103233504924079,0.0106571565389099,0.25826816398482,0.915531226717367,1,1.00909241053266,-0.0205265894673357,0.0205265894673357,0.0205265894673357,0.000421340875160535,0.728315372155313,1.29420134053852,1,1.08457156214822,0.0549525621482165,0.0549525621482165,0.0549525621482165,0.0030197840866536,0.684367411795184,1.48886880990042,1,1.54164776916096,0.0416477691609558,0.0416477691609558,0.0416477691609558,0.00173453667608426,1.43501102747555,1.69429166733519,1,1.74336982349704,-0.0566301765029618,0.0566301765029618,0.0566301765029618,0.0032069768907566,1.6396760091247,1.90419217497035,1
35,"n600-b1_2-b2_2p8-b3_2p8",600,2,342,1,1,0.6931472,1.029619,1.029619,1.5,1.8,1,1.3,0.0733333333333334,183,103,218,96,FALSE,NA,TRUE,NA,0.891595222574742,0.198448022574742,0.198448022574742,0.198448022574742,0.0393816176638252,0.564869661087397,1.22488254989135,1,1.272949105581,0.243330105581002,0.243330105581002,0.243330105581002,0.0592095402820614,0.980833447706188,1.57657526016315,1,0.740688002971121,-0.288930997028879,0.288930997028879,0.288930997028879,0.0834811210441019,0.342720310630503,1.13509521003193,1,1.53490187271454,0.0349018727145378,0.0349018727145378,0.0349018727145378,0.0012181407189818,1.4083538181537,1.63686422437901,1,1.78460511862235,-0.0153948813776501,0.0153948813776501,0.0153948813776501,0.000237002372631918,1.6862827228606,1.90328066103071,1
35,"n600-b1_2-b2_2p8-b3_2p8",600,3,343,1,1,0.6931472,1.029619,1.029619,1.5,1.8,1,1.3,0.075,188,110,212,90,FALSE,NA,TRUE,NA,0.775280292427724,0.0821330924277242,0.0821330924277242,0.0821330924277242,0.00674584487174108,0.464892296204069,1.09112495652535,1,0.9879438528536,-0.0416751471464004,0.0416751471464004,0.0416751471464004,0.00173681788967413,0.710482161530918,1.27495604552966,1,0.922751728249233,-0.106867271750767,0.106867271750767,0.106867271750767,0.0114206137714522,0.53779446074969,1.3032050021165,1,1.42080805233034,-0.0791919476696603,0.0791919476696603,0.0791919476696603,0.00627136457571422,1.24744886582221,1.5127193967321,1,1.83608539342258,0.03608539342258,0.03608539342258,0.03608539342258,0.00130215561846238,1.68002557302212,1.97611280835384,1
35,"n600-b1_2-b2_2p8-b3_2p8",600,4,344,1,1,0.6931472,1.029619,1.029619,1.5,1.8,1,1.3,0.07,194,108,206,92,FALSE,NA,TRUE,NA,0.64341320523871,-0.0497339947612897,0.0497339947612897,0.0497339947612897,0.00247347023491599,0.331787651723664,0.964381392280566,1,0.91556271360735,-0.114056286392651,0.114056286392651,0.114056286392651,0.0130088364656823,0.634413033454953,1.20865294037653,1,1.10327821359065,0.0736592135906484,0.0736592135906484,0.0736592135906484,0.00542567974679276,0.715223400113414,1.48817759384342,1,1.40731550919511,-0.0926844908048947,0.0926844908048947,0.0926844908048947,0.00859041483576261,1.31823517863268,1.54725688857187,1,1.72294999743126,-0.0770500025687408,0.0770500025687408,0.0770500025687408,0.00593670289584297,1.6424434801366,1.84470834810017,1
35,"n600-b1_2-b2_2p8-b3_2p8",600,5,345,1,1,0.6931472,1.029619,1.029619,1.5,1.8,1,1.3,0.055,208,88,212,92,FALSE,NA,TRUE,NA,0.747885852698591,0.0547386526985912,0.0547386526985912,0.0547386526985912,0.00299632009925699,0.423076027013783,1.08055390023595,1,0.964689651517914,-0.0649293484820856,0.0649293484820856,0.0649293484820856,0.00421582029430812,0.684914216883761,1.24929622487297,1,0.984706611277615,-0.0449123887223853,0.0449123887223853,0.0449123887223853,0.00201712266075065,0.586889037477333,1.37737744326981,1,1.4523447903108,-0.0476552096891998,0.0476552096891998,0.0476552096891998,0.0022710190105216,1.40913892477984,1.53533183677365,1,1.81519663177143,0.0151966317714265,0.0151966317714265,0.0151966317714265,0.000230937617196329,1.739913127111,1.90208875791834,1
35,"n600-b1_2-b2_2p8-b3_2p8",600,6,346,1,1,0.6931472,1.029619,1.029619,1.5,1.8,1,1.3,0.0666666666666667,205,107,188,100,FALSE,NA,TRUE,NA,0.638050349165899,-0.0550968508341008,0.0550968508341008,0.0550968508341008,0.00303566297183515,0.332848320577466,0.951253044973521,1,1.01568807845351,-0.0139309215464878,0.0139309215464878,0.0139309215464878,0.000194070575134398,0.742438154654397,1.29364174306369,1,1.06575321761879,0.0361342176187931,0.0361342176187931,0.0361342176187931,0.0013056816829223,0.676813735352498,1.44912019153005,1,1.53838313110048,0.038383131100477,0.038383131100477,0.038383131100477,0.0014732647530764,1.47238920279107,1.62516113209243,1,1.78686109200468,-0.0131389079953228,0.0131389079953228,0.0131389079953228,0.000172630903309557,1.69172136812148,1.87019110670363,1
35,"n600-b1_2-b2_2p8-b3_2p8",600,7,347,1,1,0.6931472,1.029619,1.029619,1.5,1.8,1,1.3,0.0616666666666666,208,110,192,90,FALSE,NA,TRUE,NA,0.666788273453275,-0.026358926546725,0.026358926546725,0.026358926546725,0.000694793008695644,0.352660361603078,0.983300229985356,1,1.18961301936543,0.159994019365429,0.159994019365429,0.159994019365429,0.0255980862327053,0.892716424338497,1.49446677582873,1,1.04217466851325,0.0125556685132451,0.0125556685132451,0.0125556685132451,0.000157644811814494,0.646913342984009,1.43866540080857,1,1.4791069440316,-0.0208930559684006,0.0208930559684006,0.0208930559684006,0.000436519787698721,1.43052654519756,1.55894528009938,1,1.7637802461429,-0.0362197538570956,0.0362197538570956,0.0362197538570956,0.00131187056946859,1.67586135620056,1.89923609989884,1
35,"n600-b1_2-b2_2p8-b3_2p8",600,8,348,1,1,0.6931472,1.029619,1.029619,1.5,1.8,1,1.3,0.0766666666666667,193,110,200,97,FALSE,NA,TRUE,NA,0.741871847864882,0.0487246478648822,0.0487246478648822,0.0487246478648822,0.00237409130955677,0.43861040200431,1.0537321140948,1,1.04103843735644,0.0114194373564356,0.0114194373564356,0.0114194373564356,0.000130403549537556,0.761889148511986,1.32679629009605,1,1.01826907947102,-0.0113499205289753,0.0113499205289753,0.0113499205289753,0.000128820696014055,0.628550292786717,1.40174657586896,1,1.53227512536984,0.0322751253698412,0.0322751253698412,0.0322751253698412,0.00104168371763897,1.46345678232026,1.69793548940514,1,1.84027289581307,0.0402728958130745,0.0402728958130745,0.0402728958130745,0.00162190613717075,1.75877044231036,2.04508473936463,1
35,"n600-b1_2-b2_2p8-b3_2p8",600,9,349,1,1,0.6931472,1.029619,1.029619,1.5,1.8,1,1.3,0.07,197,104,192,107,FALSE,NA,TRUE,NA,0.622500421050253,-0.0706467789497465,0.0706467789497465,0.0706467789497465,0.00499096737597434,0.323463387872536,0.922552258369857,1,1.06753465025047,0.0379156502504703,0.0379156502504703,0.0379156502504703,0.00143759653391599,0.794475191730437,1.34863405347821,1,0.988069706049704,-0.0415492939502961,0.0415492939502961,0.0415492939502961,0.00172634382776811,0.61653671809898,1.35353883124802,1,1.58878138979635,0.0887813897963468,0.0887813897963468,0.0887813897963468,0.00788213517417086,1.49404824822792,1.7907396850335,1,1.75973939730597,-0.0402606026940333,0.0402606026940333,0.0402606026940333,0.0016209161292868,1.69238721562973,1.84942656853055,1
35,"n600-b1_2-b2_2p8-b3_2p8",600,10,350,1,1,0.6931472,1.029619,1.029619,1.5,1.8,1,1.3,0.07,217,90,202,91,FALSE,NA,TRUE,NA,0.717269400852928,0.0241222008529285,0.0241222008529285,0.0241222008529285,0.000581880573989024,0.39112873588634,1.05136276356099,1,1.04381119774378,0.0141921977437813,0.0141921977437813,0.0141921977437813,0.000201418476798592,0.754694111940041,1.34131345055219,1,1.12052493734904,0.090905937349036,0.090905937349036,0.090905937349036,0.00826388944530685,0.716900301773989,1.51923013789152,1,1.46679374255893,-0.0332062574410743,0.0332062574410743,0.0332062574410743,0.0011026555332429,1.3895451579838,1.53238320119912,1,1.81384659597057,0.0138465959705683,0.0138465959705683,0.0138465959705683,0.000191728219972157,1.74192471653358,1.88414756968593,1
36,"n600-b1_2-b2_2p8-b3_2p8",600,1,351,1,1,0.6931472,1.029619,1.029619,1.5,1.8,1,1.3,0.0933333333333334,206,100,191,103,FALSE,NA,TRUE,NA,0.453811577455825,-0.239335622544175,0.239335622544175,0.239335622544175,0.0572815402186076,0.131023641323713,0.776518555033107,1,1.01839408197741,-0.0112249180225918,0.0112249180225918,0.0112249180225918,0.000125998784613907,0.73624611575331,1.31065888081125,1,1.29487901282405,0.265260012824049,0.265260012824049,0.265260012824049,0.0703628744034149,0.891095245061025,1.69453063082085,1,1.51391790121534,0.0139179012153352,0.0139179012153352,0.0139179012153352,0.000193707974239829,1.42199853690545,1.609786987216,1,1.80709602316583,0.00709602316582547,0.00709602316582547,0.00709602316582547,5.03535447699317e-05,1.72527893148127,1.91547913388647,1
36,"n600-b1_2-b2_2p8-b3_2p8",600,2,352,1,1,0.6931472,1.029619,1.029619,1.5,1.8,1,1.3,0.0666666666666667,202,114,199,85,FALSE,NA,TRUE,NA,0.644599077145198,-0.0485481228548015,0.0485481228548015,0.0485481228548015,0.0023569202327249,0.322776378075589,0.971826382071685,1,0.926348650640155,-0.103270349359845,0.103270349359845,0.103270349359845,0.0106647650569044,0.627080706467601,1.23735618847364,1,1.05876175382446,0.0291427538244615,0.0291427538244615,0.0291427538244615,0.000849300100473167,0.656524262847602,1.44962574854654,1,1.42155426463197,-0.0784457353680339,0.0784457353680339,0.0784457353680339,0.0061537333974316,1.34906093531093,1.52480982925837,1,1.69077864482241,-0.109221355177588,0.109221355177588,0.109221355177588,0.0119293044268289,1.60158453037567,1.79505995659306,0
36,"n600-b1_2-b2_2p8-b3_2p8",600,3,353,1,1,0.6931472,1.029619,1.029619,1.5,1.8,1,1.3,0.0533333333333333,207,115,204,74,FALSE,NA,TRUE,NA,0.549655987045811,-0.143491212954189,0.143491212954189,0.143491212954189,0.0205897281950645,0.222077029095079,0.883059816940651,1,0.843771081336257,-0.185847918663743,0.185847918663743,0.185847918663743,0.0345394488716453,0.538550844248025,1.15842356046011,1,1.04906948495484,0.0194504849548387,0.0194504849548387,0.0194504849548387,0.000378321364978407,0.649717139747526,1.44915297794169,1,1.4353274253041,-0.0646725746959,0.0646725746959,0.0646725746959,0.00418254191779677,1.40052208224359,1.54563321463957,1,1.75653463664339,-0.0434653633566062,0.0434653633566062,0.0434653633566062,0.00188923781172181,1.69670375972959,1.935872766824,1
36,"n600-b1_2-b2_2p8-b3_2p8",600,4,354,1,1,0.6931472,1.029619,1.029619,1.5,1.8,1,1.3,0.0649999999999999,210,95,190,105,FALSE,NA,TRUE,NA,0.865774765864958,0.172627565864958,0.172627565864958,0.172627565864958,0.0298002764964605,0.544917027909156,1.1899453625916,1,1.30522495003799,0.275605950037995,0.275605950037995,0.275605950037995,0.0759586396963456,1.01615689710518,1.59839890811518,1,0.733061719835344,-0.296557280164656,0.296557280164656,0.296557280164656,0.0879462204186583,0.34110404357263,1.12246534044998,1,1.49231826018392,-0.00768173981608222,0.00768173981608222,0.00768173981608222,5.90091266019829e-05,1.45677627428931,1.55733310128692,1,1.79651959778596,-0.00348040221404045,0.00348040221404045,0.00348040221404045,1.21131995714976e-05,1.75409389039538,1.85288307341388,1
36,"n600-b1_2-b2_2p8-b3_2p8",600,5,355,1,1,0.6931472,1.029619,1.029619,1.5,1.8,1,1.3,0.0583333333333333,202,95,216,87,FALSE,NA,TRUE,NA,0.764124327117722,0.070977127117722,0.070977127117722,0.070977127117722,0.00503775257388526,0.437603309028034,1.09084906938023,1,1.02286621618647,-0.00675278381353372,0.00675278381353372,0.00675278381353372,4.56000892323231e-05,0.738771973603172,1.31170203648803,1,0.800606234438529,-0.229012765561471,0.229012765561471,0.229012765561471,0.0524468467901131,0.410635366354088,1.19369737020233,1,1.5681410234531,0.0681410234530953,0.0681410234530953,0.0681410234530953,0.00464319907723528,1.48980859750917,1.76529642397334,1,1.85451112009409,0.054511120094092,0.054511120094092,0.054511120094092,0.00297146221391252,1.79166709667289,2.06716879333267,1
36,"n600-b1_2-b2_2p8-b3_2p8",600,6,356,1,1,0.6931472,1.029619,1.029619,1.5,1.8,1,1.3,0.0516666666666666,192,96,206,106,FALSE,NA,TRUE,NA,0.691009607662068,-0.00213759233793165,0.00213759233793165,0.00213759233793165,4.56930100318409e-06,0.38598705405916,0.999834656226305,1,0.99396095099149,-0.0356580490085101,0.0356580490085101,0.0356580490085101,0.00127149645909331,0.728430278497705,1.26761323561151,1,1.06258508691028,0.0329660869102788,0.0329660869102788,0.0329660869102788,0.00108676288617606,0.684093218810363,1.43823947785387,1,1.52778693496786,0.027786934967865,0.027786934967865,0.027786934967865,0.000772113754908358,1.48280161316546,1.60801567091935,1,1.84616035361021,0.0461603536102133,0.0461603536102133,0.0461603536102133,0.00213077824541993,1.79290121615342,1.95648931395033,1
36,"n600-b1_2-b2_2p8-b3_2p8",600,7,357,1,1,0.6931472,1.029619,1.029619,1.5,1.8,1,1.3,0.0683333333333334,208,91,213,88,FALSE,NA,TRUE,NA,0.575201042745408,-0.117946157254592,0.117946157254592,0.117946157254592,0.0139112960111251,0.24422955826775,0.912026955341836,1,0.974689613055229,-0.0549293869447715,0.0549293869447715,0.0549293869447715,0.00301723755012843,0.686832287126247,1.27598420005101,1,1.23345659666606,0.203837596666056,0.203837596666056,0.203837596666056,0.0415497658145938,0.827643114812758,1.63847599408403,1,1.53153644751281,0.0315364475128108,0.0315364475128108,0.0315364475128108,0.000994547521728272,1.45502621773536,1.66918607796773,1,1.83178466844012,0.0317846684401182,0.0317846684401182,0.0317846684401182,0.00101026514784824,1.61723721333699,2.03202375805084,1
36,"n600-b1_2-b2_2p8-b3_2p8",600,8,358,1,1,0.6931472,1.029619,1.029619,1.5,1.8,1,1.3,0.1,204,100,184,112,FALSE,NA,TRUE,NA,0.847264842246709,0.154117642246709,0.154117642246709,0.154117642246709,0.0237522476516847,0.534387569302257,1.16081903377502,1,1.13737924857061,0.107760248570607,0.107760248570607,0.107760248570607,0.011612271171999,0.850678974105702,1.43109345808241,1,1.023510898931,-0.00610810106899984,0.00610810106899984,0.00610810106899984,3.7308898669117e-05,0.62899995837857,1.42418740215136,1,1.50252108188869,0.00252108188869049,0.00252108188869049,0.00252108188869049,6.35585388948321e-06,1.44922432259467,1.58309793092106,1,1.86894457127483,0.0689445712748324,0.0689445712748324,0.0689445712748324,0.00475335390827045,1.76798671349179,2.00331543088796,1
36,"n600-b1_2-b2_2p8-b3_2p8",600,9,359,1,1,0.6931472,1.029619,1.029619,1.5,1.8,1,1.3,0.0716666666666667,213,100,189,98,FALSE,NA,TRUE,NA,0.602209371719379,-0.0909378282806212,0.0909378282806212,0.0909378282806212,0.00826968861239576,0.294160977249124,0.915099010212519,1,1.07341748699266,0.04379848699266,0.04379848699266,0.04379848699266,0.00191830746284621,0.790535531382913,1.36212873922434,1,1.22215782264728,0.192538822647282,0.192538822647282,0.192538822647282,0.0370711982264014,0.83860176218368,1.60930260849215,1,1.56362267114851,0.0636226711485066,0.0636226711485066,0.0636226711485066,0.00404784428407102,1.49904736485957,1.72603960367647,1,1.85402793000228,0.0540279300022832,0.0540279300022832,0.0540279300022832,0.00291901722033162,1.79948186686732,2.02823820045493,1
36,"n600-b1_2-b2_2p8-b3_2p8",600,10,360,1,1,0.6931472,1.029619,1.029619,1.5,1.8,1,1.3,0.0583333333333333,212,99,193,96,FALSE,NA,TRUE,NA,0.721338979956037,0.0281917799560374,0.0281917799560374,0.0281917799560374,0.000794776457089631,0.408099609465316,1.04244672766671,1,1.13980251653413,0.110183516534127,0.110183516534127,0.110183516534127,0.0121404073158261,0.84705620404888,1.43900557779834,1,1.09262226721233,0.0630032672123273,0.0630032672123273,0.0630032672123273,0.00396941167942792,0.698567414281603,1.48406572254092,1,1.49193860151739,-0.00806139848260523,0.00806139848260523,0.00806139848260523,6.49861454953499e-05,1.40790315468097,1.56369537874359,1,1.7966080354253,-0.00339196457470115,0.00339196457470115,0.00339196457470115,1.15054236760275e-05,1.67864981408029,1.93523437452199,1
37,"n600-b1_2-b2_2p8-b3_2p8",600,1,361,1,1,0.6931472,1.029619,1.029619,1.5,1.8,1,1.3,0.08,215,107,183,95,FALSE,NA,TRUE,NA,0.525968833373122,-0.167178366626878,0.167178366626878,0.167178366626878,0.0279486062680308,0.206524937663197,0.849110327082964,1,0.785938433289339,-0.243680566710661,0.243680566710661,0.243680566710661,0.0593802185924287,0.499592172348227,1.08246371399648,1,1.31298472116835,0.283365721168348,0.283365721168348,0.283365721168348,0.0802961319332579,0.923514009505123,1.71179000239622,1,1.31383206875703,-0.186167931242966,0.186167931242966,0.186167931242966,0.0346584986232858,1.19359541524174,1.57076631449058,1,1.75046671433446,-0.0495332856655368,0.0495332856655368,0.0495332856655368,0.00245354638882368,1.57928845585485,2.02883720382948,1
37,"n600-b1_2-b2_2p8-b3_2p8",600,2,362,1,1,0.6931472,1.029619,1.029619,1.5,1.8,1,1.3,0.0666666666666667,207,95,194,104,FALSE,NA,TRUE,NA,0.739088963462748,0.0459417634627483,0.0459417634627483,0.0459417634627483,0.00211064563006711,0.422623530910246,1.05448360130979,1,1.18048095651146,0.150861956511463,0.150861956511463,0.150861956511463,0.0227593299224666,0.899599606461974,1.46956000505213,1,1.06044921172112,0.0308302117211232,0.0308302117211232,0.0308302117211232,0.000950501954769283,0.663453554157313,1.45691974612593,1,1.38093127620981,-0.11906872379019,0.11906872379019,0.11906872379019,0.0141773609850245,1.28380749442283,1.49257522964675,0,1.76230006288162,-0.0376999371183782,0.0376999371183782,0.0376999371183782,0.00142128525872967,1.63765686532516,1.93793771658362,1
37,"n600-b1_2-b2_2p8-b3_2p8",600,3,363,1,1,0.6931472,1.029619,1.029619,1.5,1.8,1,1.3,0.0816666666666667,208,105,180,107,FALSE,NA,TRUE,NA,0.723119164377953,0.0299719643779534,0.0299719643779534,0.0299719643779534,0.000898318648673305,0.412862973289248,1.03332577035628,1,0.996825109064604,-0.0327938909353965,0.0327938909353965,0.0327938909353965,0.00107543928268268,0.720772718519954,1.27903102044066,1,0.994664184362047,-0.0349548156379527,0.0349548156379527,0.0349548156379527,0.00122183913628326,0.608075899669986,1.38073644503951,1,1.50469170972843,0.00469170972843025,0.00469170972843025,0.00469170972843025,2.2012140175847e-05,1.42492909211786,1.69832265697239,1,1.87678516854564,0.0767851685456431,0.0767851685456431,0.0767851685456431,0.00589596210858282,1.80592191686606,2.10302347521059,0
37,"n600-b1_2-b2_2p8-b3_2p8",600,4,364,1,1,0.6931472,1.029619,1.029619,1.5,1.8,1,1.3,0.0683333333333334,182,108,207,103,FALSE,NA,TRUE,NA,0.691782424827616,-0.00136477517238365,0.00136477517238365,0.00136477517238365,1.86261127115482e-06,0.393942130928325,0.988889466019586,1,1.08674166728236,0.057122667282361,0.057122667282361,0.057122667282361,0.00326299911745132,0.811812598556957,1.36454241939983,1,0.828181742100721,-0.201437257899279,0.201437257899279,0.201437257899279,0.0405769688699808,0.455511614625625,1.19908769013747,1,1.59869559789718,0.0986955978971809,0.0986955978971809,0.0986955978971809,0.00974082104428201,1.48040294780021,1.68718798175054,1,1.88532197693278,0.085321976932782,0.085321976932782,0.085321976932782,0.00727983974771818,1.82304066903232,1.96141248586894,0
37,"n600-b1_2-b2_2p8-b3_2p8",600,5,365,1,1,0.6931472,1.029619,1.029619,1.5,1.8,1,1.3,0.0583333333333333,205,104,187,104,FALSE,NA,TRUE,NA,0.394217343075857,-0.298929856924143,0.298929856924143,0.298929856924143,0.0893590593606889,0.0881902350888125,0.70077527134914,1,0.917320071183136,-0.112298928816864,0.112298928816864,0.112298928816864,0.0126110494134152,0.637786685580734,1.20660909525045,1,1.26333645111203,0.233717451112033,0.233717451112033,0.233717451112033,0.0546238469543053,0.867345236698734,1.66046584162577,1,1.45092253299906,-0.0490774670009368,0.0490774670009368,0.0490774670009368,0.00240859776722805,1.25745884466758,1.62194944126562,1,1.80759461295244,0.00759461295244224,0.00759461295244224,0.00759461295244224,5.76781458974034e-05,1.67012332288112,2.02962223642745,1
37,"n600-b1_2-b2_2p8-b3_2p8",600,6,366,1,1,0.6931472,1.029619,1.029619,1.5,1.8,1,1.3,0.0683333333333334,198,92,226,84,FALSE,NA,TRUE,NA,0.883606710913677,0.190459510913677,0.190459510913677,0.190459510913677,0.0362748252974772,0.549981026827055,1.22039380420686,1,1.15156817668665,0.121949176686645,0.121949176686645,0.121949176686645,0.0148716016945507,0.857940994868919,1.45503237003173,1,0.946975560072528,-0.0826434399274716,0.0826434399274716,0.0826434399274716,0.0068299381630456,0.546387106564849,1.34622981052295,1,1.41692567595124,-0.0830743240487621,0.0830743240487621,0.0830743240487621,0.00690134331615874,1.32896281165514,1.57391958902065,1,1.800007078817,7.07881699812951e-06,7.07881699812951e-06,7.07881699812951e-06,5.01096500930073e-11,1.74526960023797,1.90630472770721,1
37,"n600-b1_2-b2_2p8-b3_2p8",600,7,367,1,1,0.6931472,1.029619,1.029619,1.5,1.8,1,1.3,0.0666666666666667,206,98,190,106,FALSE,NA,TRUE,NA,0.642026961509732,-0.0511202384902683,0.0511202384902683,0.0511202384902683,0.0026132787833019,0.341908665438087,0.949170868176015,1,0.99467378416656,-0.0349452158334397,0.0349452158334397,0.0349452158334397,0.00122116810964568,0.719237432103596,1.27834068383654,1,1.15829362464613,0.12867462464613,0.12867462464613,0.12867462464613,0.0165571590278225,0.77520033299711,1.54141172794794,1,1.52372946262408,0.0237294626240752,0.0237294626240752,0.0237294626240752,0.00056308739642738,1.4357360371179,1.64254739897189,1,1.71806166187581,-0.0819383381241936,0.0819383381241936,0.0819383381241936,0.00671389125455468,1.57713907611485,1.99745398905736,1
37,"n600-b1_2-b2_2p8-b3_2p8",600,8,368,1,1,0.6931472,1.029619,1.029619,1.5,1.8,1,1.3,0.0600000000000001,204,105,197,94,FALSE,NA,TRUE,NA,0.748341617393881,0.0551944173938809,0.0551944173938809,0.0551944173938809,0.00304642371144994,0.443342299316988,1.05694067452454,1,0.924150750930848,-0.105468249069152,0.105468249069152,0.105468249069152,0.0111235515617128,0.648054495531225,1.20570125972754,1,0.924365224976066,-0.105253775023935,0.105253775023935,0.105253775023935,0.011078357156789,0.544946844448708,1.29922485107789,1,1.46841618215757,-0.0315838178424284,0.0315838178424284,0.0315838178424284,0.000997537549503696,1.42693856083931,1.52887555472722,1,1.8593852303253,0.0593852303252997,0.0593852303252997,0.0593852303252997,0.0035266055807889,1.68422778838373,1.99358737872653,1
37,"n600-b1_2-b2_2p8-b3_2p8",600,9,369,1,1,0.6931472,1.029619,1.029619,1.5,1.8,1,1.3,0.0649999999999999,220,100,200,80,FALSE,NA,TRUE,NA,0.722882489351695,0.0297352893516951,0.0297352893516951,0.0297352893516951,0.000884187432829033,0.394666461372831,1.05969584311508,1,1.09370270180471,0.0640837018047145,0.0640837018047145,0.0640837018047145,0.00410672083699556,0.786074117227567,1.40663748713096,1,0.96046440644113,-0.0691545935588701,0.0691545935588701,0.0691545935588701,0.00478235781029252,0.56364708253801,1.35956467521985,1,1.46775859301038,-0.0322414069896158,0.0322414069896158,0.0322414069896158,0.00103950832467004,1.37771725541994,1.574621704104,1,1.80124239316364,0.00124239316363917,0.00124239316363917,0.00124239316363917,1.54354077305734e-06,1.73574586295979,1.9934812917315,1
37,"n600-b1_2-b2_2p8-b3_2p8",600,10,370,1,1,0.6931472,1.029619,1.029619,1.5,1.8,1,1.3,0.0583333333333333,186,98,231,85,FALSE,NA,TRUE,NA,0.480780441614848,-0.212366758385152,0.212366758385152,0.212366758385152,0.0450996400670176,0.159177725428463,0.801245493901833,1,0.737641897557755,-0.291977102442246,0.291977102442246,0.291977102442246,0.0852506283505695,0.459032182021145,1.02083982347904,0,1.35175455615393,0.322135556153934,0.322135556153934,0.322135556153934,0.103771316538604,0.955322617704191,1.75110602424253,1,1.51672067412284,0.0167206741228416,0.0167206741228416,0.0167206741228416,0.000279580943122265,1.22086930377597,1.63427685324342,1,1.83372205247336,0.0337220524733592,0.0337220524733592,0.0337220524733592,0.00113717682301599,1.73891410444166,2.00491963919414,1
38,"n600-b1_2-b2_2p8-b3_2p8",600,1,371,1,1,0.6931472,1.029619,1.029619,1.5,1.8,1,1.3,0.0666666666666667,200,108,197,95,FALSE,NA,TRUE,NA,0.792407986402133,0.0992607864021327,0.0992607864021327,0.0992607864021327,0.0098527037171698,0.487488502966252,1.10089308190194,1,1.15948280471591,0.129863804715906,0.129863804715906,0.129863804715906,0.0168646077752908,0.874200196588016,1.45152050268442,1,1.07801905468461,0.0484000546846104,0.0484000546846104,0.0484000546846104,0.00234256529347328,0.690905414182738,1.45665919617366,1,1.492174882537,-0.00782511746299952,0.00782511746299952,0.00782511746299952,6.123246330974e-05,1.45095867568669,1.55305095783402,1,1.81099974486112,0.0109997448611237,0.0109997448611237,0.0109997448611237,0.000120994387009816,1.75923502972984,1.85924720631978,1
38,"n600-b1_2-b2_2p8-b3_2p8",600,2,372,1,1,0.6931472,1.029619,1.029619,1.5,1.8,1,1.3,0.0516666666666666,180,116,224,80,FALSE,NA,TRUE,NA,0.761287407127536,0.0681402071275364,0.0681402071275364,0.0681402071275364,0.00464308782738357,0.444338994226574,1.09486327077388,1,1.17967495670343,0.150055956703429,0.150055956703429,0.150055956703429,0.0225167901421815,0.881833586137657,1.49089461890818,1,0.936276451919682,-0.0933425480803178,0.0933425480803178,0.0933425480803178,0.00871283128212645,0.535821256728507,1.32294253967144,1,1.47818870128055,-0.0218112987194479,0.0218112987194479,0.0218112987194479,0.000475732751828988,1.41508653831961,1.58984154323853,1,1.79530127412752,-0.00469872587248221,0.00469872587248221,0.00469872587248221,2.20780248247337e-05,1.75668141774176,1.86131750625653,1
38,"n600-b1_2-b2_2p8-b3_2p8",600,3,373,1,1,0.6931472,1.029619,1.029619,1.5,1.8,1,1.3,0.0766666666666667,192,93,211,104,FALSE,NA,TRUE,NA,0.670100094381253,-0.0230471056187471,0.0230471056187471,0.0230471056187471,0.000531169077401685,0.356465218910625,0.98670062168446,1,1.25541415513941,0.225795155139411,0.225795155139411,0.225795155139411,0.0509834520844305,0.975822289502245,1.54353328650013,1,0.967518447386772,-0.0621005526132286,0.0621005526132286,0.0621005526132286,0.00385647863486837,0.57580546513652,1.35735204840208,1,1.48795022500147,-0.0120497749985342,0.0120497749985342,0.0120497749985342,0.0001451970775153,1.30212419376027,1.586714003725,1,1.77717341846023,-0.022826581539771,0.022826581539771,0.022826581539771,0.000521052824791815,1.60950163346573,1.87149138210504,1
38,"n600-b1_2-b2_2p8-b3_2p8",600,4,374,1,1,0.6931472,1.029619,1.029619,1.5,1.8,1,1.3,0.0666666666666667,190,97,215,98,FALSE,NA,TRUE,NA,0.728434740589196,0.0352875405891961,0.0352875405891961,0.0352875405891961,0.00124521052083417,0.414862432160787,1.0522745258382,1,0.934736291453695,-0.0948827085463048,0.0948827085463048,0.0948827085463048,0.00900272838108301,0.658950595879345,1.21943717869633,1,0.938382538552043,-0.0912364614479574,0.0912364614479574,0.0912364614479574,0.00832409189754461,0.550986895111466,1.32131856708813,1,1.54033824541375,0.040338245413754,0.040338245413754,0.040338245413754,0.00162717404306024,1.41920057754003,1.7575173260963,1,1.83472152490127,0.0347215249012651,0.0347215249012651,0.0347215249012651,0.00120558429146917,1.78649970024424,2.01250382358338,1
38,"n600-b1_2-b2_2p8-b3_2p8",600,5,375,1,1,0.6931472,1.029619,1.029619,1.5,1.8,1,1.3,0.0766666666666667,213,102,183,102,FALSE,NA,TRUE,NA,0.83822225857676,0.14507505857676,0.14507505857676,0.14507505857676,0.0210467726210504,0.518308193704629,1.16542594060855,1,1.19065890341674,0.161039903416735,0.161039903416735,0.161039903416735,0.0259338504924714,0.904836386148811,1.48501481489741,1,0.777350761776351,-0.252268238223649,0.252268238223649,0.252268238223649,0.0636392640164639,0.385433755075041,1.16578313451882,1,1.4776378529919,-0.0223621470081012,0.0223621470081012,0.0223621470081012,0.000500065618811931,1.43651700867964,1.56340557713012,1,1.74035375796264,-0.0596462420373634,0.0596462420373634,0.0596462420373634,0.00355767418917973,1.68310292271834,1.8382998966809,1
38,"n600-b1_2-b2_2p8-b3_2p8",600,6,376,1,1,0.6931472,1.029619,1.029619,1.5,1.8,1,1.3,0.0683333333333334,194,98,199,109,FALSE,NA,TRUE,NA,0.606109159546973,-0.0870380404530267,0.0870380404530267,0.0870380404530267,0.0075756204859027,0.30168879127068,0.911578022154665,1,1.03401018538433,0.00439118538433192,0.00439118538433192,0.00439118538433192,1.92825090795703e-05,0.771030818400805,1.30569039152193,1,1.10137018309068,0.071751183090677,0.071751183090677,0.071751183090677,0.00514823227491185,0.714977274516844,1.4798267893021,1,1.4860500331142,-0.0139499668857983,0.0139499668857983,0.0139499668857983,0.000194601576114869,1.42655242966504,1.52865179704574,1,1.80686016700975,0.00686016700974523,0.00686016700974523,0.00686016700974523,4.70618914015968e-05,1.77795659334499,1.8745426080943,1
38,"n600-b1_2-b2_2p8-b3_2p8",600,7,377,1,1,0.6931472,1.029619,1.029619,1.5,1.8,1,1.3,0.0733333333333334,197,103,209,91,FALSE,NA,TRUE,NA,0.904642331672492,0.211495131672492,0.211495131672492,0.211495131672492,0.0447301907211647,0.578220778638436,1.23836466444898,1,1.25303025663122,0.223411256631222,0.223411256631222,0.223411256631222,0.0499125895895418,0.960276856283903,1.55877840057456,1,0.694415677193195,-0.335203322806805,0.335203322806805,0.335203322806805,0.112361267620723,0.293979652320122,1.08949330594232,1,1.51653950166938,0.016539501669381,0.016539501669381,0.016539501669381,0.000273555115471457,1.47656429577143,1.63062763556122,1,1.83506693613475,0.0350669361347469,0.0350669361347469,0.0350669361347469,0.00122969000987842,1.76493212005175,1.98031084183037,1
38,"n600-b1_2-b2_2p8-b3_2p8",600,8,378,1,1,0.6931472,1.029619,1.029619,1.5,1.8,1,1.3,0.0616666666666666,192,94,220,94,FALSE,NA,TRUE,NA,0.82453875855044,0.13139155855044,0.13139155855044,0.13139155855044,0.0172637416583137,0.508198390500937,1.14040006706727,1,1.2480030932068,0.2183840932068,0.2183840932068,0.2183840932068,0.0476916121657563,0.963134824912016,1.53716867612175,1,0.940675111783422,-0.0889438882165778,0.0889438882165778,0.0889438882165778,0.00791101525108309,0.551844752334444,1.33240673787758,1,1.50068268933086,0.000682689330855357,0.000682689330855357,0.000682689330855357,4.66064722463735e-07,1.47786665933516,1.54031191816668,1,1.78233891334331,-0.0176610866566864,0.0176610866566864,0.0176610866566864,0.000311913981894987,1.75765117003237,1.81921242006003,1
38,"n600-b1_2-b2_2p8-b3_2p8",600,9,379,1,1,0.6931472,1.029619,1.029619,1.5,1.8,1,1.3,0.0766666666666667,204,95,213,88,FALSE,NA,TRUE,NA,0.867511309292171,0.174364109292171,0.174364109292171,0.174364109292171,0.0304028426092522,0.53313288896274,1.2039150377639,1,1.19695709590682,0.167338095906817,0.167338095906817,0.167338095906817,0.028002038341719,0.898373174933797,1.50338313091506,1,0.98836972382458,-0.0412492761754197,0.0412492761754197,0.0412492761754197,0.00170150278499605,0.583379068775395,1.39606097470137,1,1.54080760373955,0.0408076037395491,0.0408076037395491,0.0408076037395491,0.00166526052296406,1.49458786327545,1.65025521395483,1,1.81480780613832,0.0148078061383186,0.0148078061383186,0.0148078061383186,0.000219271122630025,1.76179425818276,1.86640734932403,1
38,"n600-b1_2-b2_2p8-b3_2p8",600,10,380,1,1,0.6931472,1.029619,1.029619,1.5,1.8,1,1.3,0.0633333333333334,210,101,189,100,FALSE,NA,TRUE,NA,0.643600284529293,-0.0495469154707068,0.0495469154707068,0.0495469154707068,0.00245489683266136,0.339665915128467,0.951711084053834,1,0.873802069389997,-0.155816930610003,0.155816930610003,0.155816930610003,0.0242789158647224,0.59742255089799,1.16066834853673,1,1.02522405740565,-0.00439494259434925,0.00439494259434925,0.00439494259434925,1.93155204076253e-05,0.643540195173929,1.40330528137992,1,1.29920849530013,-0.200791504699867,0.200791504699867,0.200791504699867,0.0403172283596368,1.24504237168646,1.45217444480586,0,1.68105839230878,-0.118941607691224,0.118941607691224,0.118941607691224,0.0141471060401731,1.61585369948379,1.80517861600616,1
39,"n600-b1_2-b2_2p8-b3_2p8",600,1,381,1,1,0.6931472,1.029619,1.029619,1.5,1.8,1,1.3,0.08,185,85,226,104,FALSE,NA,TRUE,NA,0.711224733642497,0.018077533642497,0.018077533642497,0.018077533642497,0.00032679722259561,0.382712608639631,1.04147144246322,1,1.04485226832621,0.0152332683262064,0.0152332683262064,0.0152332683262064,0.000232052463898204,0.769011634444229,1.33117326891055,1,0.905421571125828,-0.124197428874172,0.124197428874172,0.124197428874172,0.0154250013389549,0.502293867245635,1.30100864295784,1,1.56136862257032,0.0613686225703189,0.0613686225703189,0.0613686225703189,0.00376610783617826,1.4505015804072,1.6965474939127,1,1.8161186606915,0.016118660691498,0.016118660691498,0.016118660691498,0.000259811222487644,1.7622790482965,1.9014357335116,1
39,"n600-b1_2-b2_2p8-b3_2p8",600,2,382,1,1,0.6931472,1.029619,1.029619,1.5,1.8,1,1.3,0.0483333333333333,211,105,199,85,FALSE,NA,TRUE,NA,0.922798984384244,0.229651784384244,0.229651784384244,0.229651784384244,0.0527399420708675,0.591675300486334,1.25259230650416,1,1.01488478603511,-0.0147342139648881,0.0147342139648881,0.0147342139648881,0.000217097061163102,0.723565142387902,1.31914476843407,1,1.00226126491325,-0.0273577350867458,0.0273577350867458,0.0273577350867458,0.000748445669076561,0.599162654979146,1.39953507620922,1,1.49735003956316,-0.00264996043683818,0.00264996043683818,0.00264996043683818,7.02229031680762e-06,1.43164937498473,1.63156147645154,1,1.74148931781404,-0.0585106821859569,0.0585106821859569,0.0585106821859569,0.00342349992986605,1.65987790924399,1.82832530440333,1
39,"n600-b1_2-b2_2p8-b3_2p8",600,3,383,1,1,0.6931472,1.029619,1.029619,1.5,1.8,1,1.3,0.0666666666666667,207,101,201,91,FALSE,NA,TRUE,NA,0.635049512600853,-0.0580976873991472,0.0580976873991472,0.0580976873991472,0.00337534128112903,0.322902724751907,0.944300268264603,1,0.946195117747868,-0.0834238822521323,0.0834238822521323,0.0834238822521323,0.00695954413001763,0.660683475651976,1.23393466047801,1,1.10802170920558,0.0784027092055803,0.0784027092055803,0.0784027092055803,0.00614698481077479,0.719323290640603,1.49422756281229,1,1.49486786672439,-0.00513213327561157,0.00513213327561157,0.00513213327561157,2.63387919586396e-05,1.38541893916542,1.68256569290231,1,1.84645415343223,0.0464541534322327,0.0464541534322327,0.0464541534322327,0.00215798837110542,1.78772262972179,1.98608377497444,1
39,"n600-b1_2-b2_2p8-b3_2p8",600,4,384,1,1,0.6931472,1.029619,1.029619,1.5,1.8,1,1.3,0.0583333333333333,198,98,190,114,FALSE,NA,TRUE,NA,0.878939658889174,0.185792458889175,0.185792458889175,0.185792458889175,0.0345188377800856,0.581298470345062,1.17927559540984,1,0.988213683423221,-0.0414053165767791,0.0414053165767791,0.0414053165767791,0.0017144002408233,0.719643595123308,1.26225003903187,1,0.80469472857631,-0.22492427142369,0.22492427142369,0.22492427142369,0.0505909278754776,0.431401910559038,1.17891609481995,1,1.55916462370963,0.0591646237096348,0.0591646237096348,0.0591646237096348,0.00350045269870268,1.4757076654051,1.68191087500537,1,1.81159021728076,0.0115902172807629,0.0115902172807629,0.0115902172807629,0.000134333136615296,1.65952227301301,1.95237561098219,1
39,"n600-b1_2-b2_2p8-b3_2p8",600,5,385,1,1,0.6931472,1.029619,1.029619,1.5,1.8,1,1.3,0.07,206,103,195,96,FALSE,NA,TRUE,NA,0.55000961456545,-0.14313758543455,0.14313758543455,0.14313758543455,0.0204883683640332,0.246588909262107,0.860621938591194,1,0.919112678810656,-0.110506321189344,0.110506321189344,0.110506321189344,0.0122116470228025,0.642969836208695,1.20635203002606,1,1.16399004641667,0.134371046416675,0.134371046416675,0.134371046416675,0.0180555781151121,0.780638943053339,1.5436406549138,1,1.52059155558975,0.0205915555897476,0.0205915555897476,0.0205915555897476,0.000424012161605664,1.4737856240444,1.63020203226375,1,1.83663805587634,0.0366380558763362,0.0366380558763362,0.0366380558763362,0.00134234713839753,1.79824552658085,1.91073253327314,1
39,"n600-b1_2-b2_2p8-b3_2p8",600,6,386,1,1,0.6931472,1.029619,1.029619,1.5,1.8,1,1.3,0.0683333333333334,182,99,206,113,FALSE,NA,TRUE,NA,0.673591127078362,-0.0195560729216383,0.0195560729216383,0.0195560729216383,0.000382439988116435,0.370594188217258,0.977590427446275,1,1.01188333128163,-0.0177356687183712,0.0177356687183712,0.0177356687183712,0.00031455394488781,0.747957160817855,1.28523335781421,1,1.14236218115061,0.11274318115061,0.11274318115061,0.11274318115061,0.0127110248959593,0.764410491061147,1.53107280791624,1,1.51468130833269,0.014681308332688,0.014681308332688,0.014681308332688,0.000215540814359454,1.46903708597457,1.61834825095994,1,1.83992875295942,0.0399287529594208,0.0399287529594208,0.0399287529594208,0.00159430531289445,1.79521189757734,1.98418183573485,1
39,"n600-b1_2-b2_2p8-b3_2p8",600,7,387,1,1,0.6931472,1.029619,1.029619,1.5,1.8,1,1.3,0.0566666666666666,223,84,196,97,FALSE,NA,TRUE,NA,0.882806498697857,0.189659298697857,0.189659298697857,0.189659298697857,0.0359706495825629,0.546319196105011,1.21757154158111,1,1.05861675627464,0.0289977562746389,0.0289977562746389,0.0289977562746389,0.000840869868963357,0.765377107021225,1.35599339337814,1,0.779839928154716,-0.249779071845284,0.249779071845284,0.249779071845284,0.0623895847318918,0.382204066209514,1.18686803327939,1,1.42326891573258,-0.0767310842674223,0.0767310842674223,0.0767310842674223,0.00588765929285426,1.37464901722001,1.5088812215166,1,1.76238014940036,-0.037619850599643,0.037619850599643,0.037619850599643,0.00141525315913946,1.72167637116372,1.83850972621255,1
39,"n600-b1_2-b2_2p8-b3_2p8",600,8,388,1,1,0.6931472,1.029619,1.029619,1.5,1.8,1,1.3,0.0666666666666667,189,104,218,89,FALSE,NA,TRUE,NA,0.449875946633508,-0.243271253366492,0.243271253366492,0.243271253366492,0.0591809027145039,0.126164813630536,0.78095279515892,1,0.793288310257266,-0.236330689742734,0.236330689742734,0.236330689742734,0.0558521949142763,0.508125167134396,1.08816830356443,1,1.11575704154428,0.0861380415442805,0.0861380415442805,0.0861380415442805,0.00741976220108419,0.721191179241587,1.502775098281,1,1.30779003632841,-0.192209963671589,0.192209963671589,0.192209963671589,0.0369446701346335,1.19459170901844,1.53861644212164,1,1.69668328122007,-0.103316718779931,0.103316718779931,0.103316718779931,0.0106743443794513,1.50759690500975,1.88087800942538,1
39,"n600-b1_2-b2_2p8-b3_2p8",600,9,389,1,1,0.6931472,1.029619,1.029619,1.5,1.8,1,1.3,0.05,199,110,199,92,FALSE,NA,TRUE,NA,0.636299241761539,-0.056847958238461,0.056847958238461,0.056847958238461,0.00323169035588181,0.332031111759194,0.951089783204905,1,1.04849863936682,0.0188796393668156,0.0188796393668156,0.0188796393668156,0.000356440782621013,0.77312078588919,1.33840440063179,1,1.07172900945591,0.0421100094559066,0.0421100094559066,0.0421100094559066,0.00177325289637654,0.686237127848683,1.45119553702218,1,1.54188559996168,0.0418855999616836,0.0418855999616836,0.0418855999616836,0.00175440348415019,1.49266199747723,1.63200078627505,1,1.84250147003402,0.0425014700340214,0.0425014700340214,0.0425014700340214,0.00180637495505282,1.77956246563911,1.96727207321014,1
39,"n600-b1_2-b2_2p8-b3_2p8",600,10,390,1,1,0.6931472,1.029619,1.029619,1.5,1.8,1,1.3,0.0600000000000001,210,101,186,103,FALSE,NA,TRUE,NA,0.755553990167773,0.0624067901677733,0.0624067901677733,0.0624067901677733,0.00389460745904448,0.452172319386858,1.06358812727055,1,0.958577873237908,-0.0710411267620924,0.0710411267620924,0.0710411267620924,0.00504684169162768,0.681193701884049,1.24008538249043,1,0.971321085855656,-0.058297914144344,0.058297914144344,0.058297914144344,0.00339864679358131,0.590093274399671,1.35307875948028,1,1.46693660752986,-0.0330633924701427,0.0330633924701427,0.0330633924701427,0.00109318792163469,1.41042567995451,1.56862439978482,1,1.8243349226871,0.024334922687097,0.024334922687097,0.024334922687097,0.00059218846218699,1.72828369230616,1.9802535553153,1
40,"n600-b1_2-b2_2p8-b3_2p8",600,1,391,1,1,0.6931472,1.029619,1.029619,1.5,1.8,1,1.3,0.0583333333333333,206,106,186,102,FALSE,NA,TRUE,NA,0.795488234636405,0.102341034636405,0.102341034636405,0.102341034636405,0.0104736873704498,0.491305313121262,1.10288978806128,1,1.17572300344012,0.146104003440124,0.146104003440124,0.146104003440124,0.0213463798212316,0.891810041301595,1.46661208131979,1,0.724048260905321,-0.305570739094679,0.305570739094679,0.305570739094679,0.0933734765908681,0.350769926622899,1.09997263715586,1,1.47164363406094,-0.0283563659390551,0.0283563659390551,0.0283563659390551,0.000804083489269605,1.4013008221185,1.53239005546576,1,1.78767620647117,-0.0123237935288272,0.0123237935288272,0.0123237935288272,0.000151875886941163,1.75937908722482,1.83118511824423,1
40,"n600-b1_2-b2_2p8-b3_2p8",600,2,392,1,1,0.6931472,1.029619,1.029619,1.5,1.8,1,1.3,0.0816666666666667,199,101,190,110,FALSE,NA,TRUE,NA,0.625886268275327,-0.0672609317246726,0.0672609317246726,0.0672609317246726,0.00452403293647107,0.317654525704903,0.935740585798157,1,1.18002002065837,0.150401020658368,0.150401020658368,0.150401020658368,0.0226204670150789,0.909056278183582,1.46035978218276,1,0.92655332442022,-0.10306567557978,0.10306567557978,0.10306567557978,0.0106225334827164,0.544561809981266,1.31030303334254,1,1.56949650714869,0.0694965071486913,0.0694965071486913,0.0694965071486913,0.0048297645058681,1.40853011061165,1.8452717827769,1,1.82633879884973,0.0263387988497306,0.0263387988497306,0.0263387988497306,0.000693732324846568,1.70113024346049,2.02077534427933,1
40,"n600-b1_2-b2_2p8-b3_2p8",600,3,393,1,1,0.6931472,1.029619,1.029619,1.5,1.8,1,1.3,0.0933333333333334,196,115,179,110,FALSE,NA,TRUE,NA,0.718412418936474,0.0252652189364742,0.0252652189364742,0.0252652189364742,0.000638331287907972,0.417347996063219,1.01991805220319,1,0.964851708507951,-0.0647672914920495,0.0647672914920495,0.0647672914920495,0.00419480204721611,0.689389074308851,1.24234418710959,1,1.00979137908617,-0.0198276209138266,0.0198276209138266,0.0198276209138266,0.000393134551102415,0.626957576357208,1.39012341082139,1,1.45484563359282,-0.0451543664071785,0.0451543664071785,0.0451543664071785,0.00203891680563373,1.36071589457924,1.5584136711219,1,1.72318567577596,-0.0768143242240351,0.0768143242240351,0.0768143242240351,0.00590044040599519,1.68251189992062,1.82379665635663,1
40,"n600-b1_2-b2_2p8-b3_2p8",600,4,394,1,1,0.6931472,1.029619,1.029619,1.5,1.8,1,1.3,0.085,196,104,199,101,FALSE,NA,TRUE,NA,0.318742857103205,-0.374404342896795,0.374404342896795,0.374404342896795,0.140178611979981,0.0140771401201545,0.618199469989079,0,0.71689945264867,-0.31271954735133,0.31271954735133,0.31271954735133,0.0977935152956209,0.449500877057332,0.991065899629401,0,1.44048992430411,0.410870924304112,0.410870924304112,0.410870924304112,0.168814916438516,1.0572011504163,1.82637268283496,0,1.62232168286057,0.122321682860572,0.122321682860572,0.122321682860572,0.0149625940978425,1.45682336284171,1.81297533869625,1,1.86711933094967,0.0671193309496674,0.0671193309496674,0.0671193309496674,0.00450500458713098,1.6725682069597,2.06734798619046,1
40,"n600-b1_2-b2_2p8-b3_2p8",600,5,395,1,1,0.6931472,1.029619,1.029619,1.5,1.8,1,1.3,0.103333333333333,184,111,185,120,FALSE,NA,TRUE,NA,0.65734377160692,-0.0358034283930795,0.0358034283930795,0.0358034283930795,0.00128188548469837,0.362502554703806,0.955159717453245,1,1.11705674621484,0.0874377462148392,0.0874377462148392,0.0874377462148392,0.00764535946313063,0.843638900373085,1.3951793394482,1,1.1305750012875,0.100956001287495,0.100956001287495,0.100956001287495,0.0101921141959607,0.747782746510061,1.51729087096047,1,1.65003769392935,0.150037693929351,0.150037693929351,0.150037693929351,0.0225113095996375,1.47390721260958,1.82622224803654,1,1.94633819078561,0.146338190785612,0.146338190785612,0.146338190785612,0.0214148660824061,1.81047053383175,2.29641838291802,0
40,"n600-b1_2-b2_2p8-b3_2p8",600,6,396,1,1,0.6931472,1.029619,1.029619,1.5,1.8,1,1.3,0.0733333333333334,185,101,216,98,FALSE,NA,TRUE,NA,0.622863062316103,-0.0702841376838973,0.0702841376838973,0.0702841376838973,0.00493986000996903,0.312662296611345,0.940538848654416,1,1.16042594195204,0.130806941952044,0.130806941952044,0.130806941952044,0.0171104560628454,0.873441150935175,1.45332805822738,1,0.796399958885035,-0.233219041114965,0.233219041114965,0.233219041114965,0.054391121138584,0.406596308725522,1.18003532998793,1,1.57640806205854,0.0764080620585419,0.0764080620585419,0.0764080620585419,0.00583819194754199,1.48975994683154,1.71241597869611,1,1.83347371482845,0.0334737148284487,0.0334737148284487,0.0334737148284487,0.00112048958441631,1.71379442442308,1.91259808909353,1
40,"n600-b1_2-b2_2p8-b3_2p8",600,7,397,1,1,0.6931472,1.029619,1.029619,1.5,1.8,1,1.3,0.085,195,94,218,93,FALSE,NA,TRUE,NA,0.807588330070705,0.114441130070705,0.114441130070705,0.114441130070705,0.01309677225186,0.477273371952207,1.14424635477037,1,1.11538234924954,0.0857633492495413,0.0857633492495413,0.0857633492495413,0.0073553520744988,0.827930223314717,1.41509396725159,1,0.90037168693178,-0.12924731306822,0.12924731306822,0.12924731306822,0.0167048679353546,0.502227346133617,1.29753326978868,1,1.54065849275285,0.0406584927528484,0.0406584927528484,0.0406584927528484,0.00165311303293342,1.47529540517204,1.65490464365325,1,1.82687791119829,0.0268779111982909,0.0268779111982909,0.0268779111982909,0.000722422110383209,1.78467703324103,1.90414667923222,1
40,"n600-b1_2-b2_2p8-b3_2p8",600,8,398,1,1,0.6931472,1.029619,1.029619,1.5,1.8,1,1.3,0.0683333333333334,199,101,207,93,FALSE,NA,TRUE,NA,0.799423227417867,0.106276027417867,0.106276027417867,0.106276027417867,0.0112945940037232,0.479155482636773,1.1198973311458,1,0.840021676935007,-0.189597323064993,0.189597323064993,0.189597323064993,0.0359471449134113,0.567893516589589,1.1195285171993,1,1.05066372396574,0.0210447239657436,0.0210447239657436,0.0210447239657436,0.000442880406794345,0.66560132492037,1.43779662972462,1,1.4666367853262,-0.0333632146737974,0.0333632146737974,0.0333632146737974,0.00111310409336989,1.41950660513395,1.51693453431786,1,1.8048948242572,0.00489482425720111,0.00489482425720111,0.00489482425720111,2.39593045088844e-05,1.76541137494746,1.89224707658487,1
40,"n600-b1_2-b2_2p8-b3_2p8",600,9,399,1,1,0.6931472,1.029619,1.029619,1.5,1.8,1,1.3,0.0600000000000001,194,91,194,121,FALSE,NA,TRUE,NA,0.470597272558498,-0.222549927441502,0.222549927441502,0.222549927441502,0.0495284702042176,0.173280865714669,0.766967901884526,1,0.920410980874479,-0.109208019125521,0.109208019125521,0.109208019125521,0.0119263914413202,0.667218044221459,1.17993201917649,1,1.27874247280312,0.249123472803122,0.249123472803122,0.249123472803122,0.0620625047014881,0.905928737919465,1.6554754971502,1,1.51056082185142,0.0105608218514222,0.0105608218514222,0.0105608218514222,0.000111530958177476,1.46425200125666,1.6098604587834,1,1.79012192747229,-0.00987807252770612,0.00987807252770612,0.00987807252770612,9.75763168626223e-05,1.73328392835991,1.87718702361793,1
40,"n600-b1_2-b2_2p8-b3_2p8",600,10,400,1,1,0.6931472,1.029619,1.029619,1.5,1.8,1,1.3,0.0666666666666667,211,89,202,98,FALSE,NA,TRUE,NA,0.835955786185198,0.142808586185198,0.142808586185198,0.142808586185198,0.0203942922882152,0.514521205436697,1.15088940976684,1,1.01421929467015,-0.015399705329852,0.015399705329852,0.015399705329852,0.000237150924246273,0.729211597717145,1.30876480210892,1,0.824075197813312,-0.205543802186688,0.205543802186688,0.205543802186688,0.0422482546173604,0.432108818320379,1.21863210377565,1,1.58467641770505,0.0846764177050465,0.0846764177050465,0.0846764177050465,0.00717009571535952,1.49186329695987,1.73134831242036,1,1.91350401466016,0.11350401466016,0.11350401466016,0.11350401466016,0.0128831613439739,1.8082820276945,2.06494431646009,0
41,"n600-b1_2-b2_2p8-b3_2p8",600,1,401,1,1,0.6931472,1.029619,1.029619,1.5,1.8,1,1.3,0.0616666666666666,206,94,199,101,FALSE,NA,TRUE,NA,0.763284067298551,0.0701368672985512,0.0701368672985512,0.0701368672985512,0.00491918015445458,0.456359162378727,1.07052624637078,1,1.08881743664006,0.0591984366400562,0.0591984366400562,0.0591984366400562,0.00350445490062675,0.816404806762441,1.36813270156815,1,0.795381202080559,-0.234237797919441,0.234237797919441,0.234237797919441,0.0548673459741491,0.426731132483762,1.17606653393409,1,1.51808070461566,0.0180807046156646,0.0180807046156646,0.0180807046156646,0.000326911879398914,1.44111744722513,1.59119076236303,1,1.83826825710645,0.0382682571064474,0.0382682571064474,0.0382682571064474,0.00146445950196516,1.72589743215053,1.95113798343637,1
41,"n600-b1_2-b2_2p8-b3_2p8",600,2,402,1,1,0.6931472,1.029619,1.029619,1.5,1.8,1,1.3,0.0783333333333334,201,101,186,112,FALSE,NA,TRUE,NA,1.05634468991791,0.363197489917914,0.363197489917914,0.363197489917914,0.131912416682673,0.746630189015512,1.36520457940801,0,1.16292986060045,0.133310860600451,0.133310860600451,0.133310860600451,0.0177717855540329,0.890296247873331,1.44424121868623,1,0.83260253742201,-0.19701646257799,0.19701646257799,0.19701646257799,0.0388154865267445,0.446045898373982,1.22018400176151,1,1.51326615392072,0.0132661539207246,0.0132661539207246,0.0132661539207246,0.000175990839848357,1.45861511819947,1.61190829624593,1,1.80283670707996,0.00283670707996175,0.00283670707996175,0.00283670707996175,8.04690705750514e-06,1.75343447647337,1.90575826507438,1
41,"n600-b1_2-b2_2p8-b3_2p8",600,3,403,1,1,0.6931472,1.029619,1.029619,1.5,1.8,1,1.3,0.07,231,103,172,94,FALSE,NA,TRUE,NA,0.975876714002688,0.282729514002688,0.282729514002688,0.282729514002688,0.0799359780881961,0.640860314500148,1.31927935002852,1,1.30626956504659,0.276650565046594,0.276650565046594,0.276650565046594,0.0765355351406,0.999189649456743,1.62604270584936,1,0.665040051703439,-0.364578948296561,0.364578948296561,0.364578948296561,0.132917809541026,0.258422673908127,1.06364618557777,1,1.37038431864658,-0.129615681353425,0.129615681353425,0.129615681353425,0.0168002248527126,1.19582362261061,1.47475305800412,0,1.67782345264959,-0.122176547350407,0.122176547350407,0.122176547350407,0.0149271087224663,1.58813534754121,1.78706430371873,0
41,"n600-b1_2-b2_2p8-b3_2p8",600,4,404,1,1,0.6931472,1.029619,1.029619,1.5,1.8,1,1.3,0.0666666666666667,199,119,184,98,FALSE,NA,TRUE,NA,0.850854959858532,0.157707759858532,0.157707759858532,0.157707759858532,0.0248717375195964,0.546900750754845,1.15858193229177,1,1.16813748342442,0.138518483424418,0.138518483424418,0.138518483424418,0.0191873702502008,0.878591082710732,1.46191009177989,1,0.825377866145503,-0.204241133854497,0.204241133854497,0.204241133854497,0.0417144407581706,0.436682210597341,1.21541032529945,1,1.57863030083723,0.0786303008372298,0.0786303008372298,0.0786303008372298,0.00618272420975326,1.36794612850865,1.75173156895499,1,1.90598201650404,0.105982016504041,0.105982016504041,0.105982016504041,0.0112321878222629,1.73180959763747,2.44832790297414,1
41,"n600-b1_2-b2_2p8-b3_2p8",600,5,405,1,1,0.6931472,1.029619,1.029619,1.5,1.8,1,1.3,0.0716666666666667,204,112,195,89,FALSE,NA,TRUE,NA,0.617754083357872,-0.0753931166421277,0.0753931166421277,0.0753931166421277,0.00568412203701347,0.311103178117742,0.924978616599039,1,1.13135746676416,0.101738466764158,0.101738466764158,0.101738466764158,0.0103507156195216,0.846336696597006,1.42494897705596,1,1.23559937815657,0.205980378156569,0.205980378156569,0.205980378156569,0.0424279161855232,0.843925017763059,1.62412347993434,1,1.53129243697054,0.0312924369705356,0.0312924369705356,0.0312924369705356,0.000979216611554945,1.49867876591541,1.57926998213111,1,1.85144139662649,0.0514413966264884,0.0514413966264884,0.0514413966264884,0.00264621728688369,1.81698847773523,1.92792047419658,0
41,"n600-b1_2-b2_2p8-b3_2p8",600,6,406,1,1,0.6931472,1.029619,1.029619,1.5,1.8,1,1.3,0.075,191,99,204,106,FALSE,NA,TRUE,NA,0.647828589183958,-0.0453186108160424,0.0453186108160424,0.0453186108160424,0.00205377648629591,0.333933947250856,0.963378203932423,1,0.986050369152443,-0.0435686308475575,0.0435686308475575,0.0435686308475575,0.00189822559393074,0.708566753824154,1.26569412338484,1,0.942276858362401,-0.0873421416375986,0.0873421416375986,0.0873421416375986,0.00762864970584233,0.561465515111499,1.32581895107168,1,1.42389682651172,-0.0761031734882771,0.0761031734882771,0.0761031734882771,0.0057916930149868,1.24120271309378,1.51462807371768,1,1.63200199352132,-0.167998006478684,0.167998006478684,0.167998006478684,0.0282233301808118,1.5279765849371,1.78391105393735,0
41,"n600-b1_2-b2_2p8-b3_2p8",600,7,407,1,1,0.6931472,1.029619,1.029619,1.5,1.8,1,1.3,0.0516666666666666,202,92,222,84,FALSE,NA,TRUE,NA,0.508594344925711,-0.184552855074289,0.184552855074289,0.184552855074289,0.0340597563160716,0.175183498923746,0.845150916677055,1,0.807512725722951,-0.222106274277049,0.222106274277049,0.222106274277049,0.0493311970732317,0.526595719396155,1.09557297443027,1,1.11208983878177,0.0824708387817727,0.0824708387817727,0.0824708387817727,0.00680143924936915,0.717651828759097,1.512709642383,1,1.45102044729843,-0.0489795527015744,0.0489795527015744,0.0489795527015744,0.0023989965828463,1.33807179514019,1.70212359770703,1,1.48215674081726,-0.317843259182737,0.317843259182737,0.317843259182737,0.101024337407905,1.40801579085837,1.69964229881623,0
41,"n600-b1_2-b2_2p8-b3_2p8",600,8,408,1,1,0.6931472,1.029619,1.029619,1.5,1.8,1,1.3,0.07,220,109,166,105,FALSE,NA,TRUE,NA,0.657846725847268,-0.035300474152732,0.035300474152732,0.035300474152732,0.0012461234754077,0.352722290934006,0.963886817716747,1,1.26262307982866,0.233004079828662,0.233004079828662,0.233004079828662,0.0542909012168013,0.973324509918305,1.56207685640014,1,0.942250142013598,-0.0873688579864017,0.0873688579864017,0.0873688579864017,0.00763331734584803,0.56004859901651,1.32911181015638,1,1.55785207046916,0.0578520704691639,0.0578520704691639,0.0578520704691639,0.0033468620575691,1.45839580335637,1.69379881335064,1,1.8326542221247,0.0326542221247048,0.0326542221247048,0.0326542221247048,0.00106629822256956,1.76854557867205,1.9179141347633,1
41,"n600-b1_2-b2_2p8-b3_2p8",600,9,409,1,1,0.6931472,1.029619,1.029619,1.5,1.8,1,1.3,0.085,180,105,205,110,FALSE,NA,TRUE,NA,0.709797859883972,0.0166506598839717,0.0166506598839717,0.0166506598839717,0.000277244474571706,0.40588759737499,1.0185676108569,1,1.10986237048665,0.0802433704866456,0.0802433704866456,0.0802433704866456,0.00643899850705707,0.83662276796247,1.38775463005345,1,0.993066613567906,-0.0365523864320937,0.0365523864320937,0.0365523864320937,0.00133607695388111,0.608185088165077,1.37593501033803,1,1.50849617869626,0.00849617869626296,0.00849617869626296,0.00849617869626296,7.21850524388325e-05,1.48297085339869,1.55261078224362,1,1.81020334594016,0.0102033459401634,0.0102033459401634,0.0102033459401634,0.000104108268374648,1.77080448330857,1.85856948644722,1
41,"n600-b1_2-b2_2p8-b3_2p8",600,10,410,1,1,0.6931472,1.029619,1.029619,1.5,1.8,1,1.3,0.0716666666666667,200,98,190,112,FALSE,NA,TRUE,NA,0.745859356511001,0.0527121565110006,0.0527121565110006,0.0527121565110006,0.00277857144404022,0.440949510023439,1.04550932079369,1,1.09570973611411,0.0660907361141057,0.0660907361141057,0.0660907361141057,0.00436798540010435,0.820567162770642,1.37748614119835,1,1.04889417749199,0.0192751774919933,0.0192751774919933,0.0192751774919933,0.000371532467347843,0.669293915696328,1.43638417898315,1,1.60666283981509,0.106662839815092,0.106662839815092,0.106662839815092,0.01137696139742,1.46738953740985,1.80080368800997,1,1.7467513082098,-0.0532486917901973,0.0532486917901973,0.0532486917901973,0.00283542317736743,1.64152960766758,1.88861385172573,1
42,"n600-b1_2-b2_2p8-b3_2p8",600,1,411,1,1,0.6931472,1.029619,1.029619,1.5,1.8,1,1.3,0.0866666666666667,188,111,207,94,FALSE,NA,TRUE,NA,0.787716774309837,0.0945695743098367,0.0945695743098367,0.0945695743098367,0.00894340438514373,0.469446626347828,1.10613163348734,1,0.993337420731528,-0.0362815792684724,0.0362815792684724,0.0362815792684724,0.00131635299421445,0.698645604730695,1.29568980447068,1,0.894409144634861,-0.135209855365139,0.135209855365139,0.135209855365139,0.0182817049878618,0.504378775840645,1.2878851097896,1,1.51613912284022,0.0161391228402228,0.0161391228402228,0.0161391228402228,0.000260471286051801,1.36281341010353,1.84772504930184,1,1.83991023802566,0.0399102380256566,0.0399102380256566,0.0399102380256566,0.00159282709926457,1.7732095725161,2.01942937919117,1
42,"n600-b1_2-b2_2p8-b3_2p8",600,2,412,1,1,0.6931472,1.029619,1.029619,1.5,1.8,1,1.3,0.07,205,97,192,106,FALSE,NA,TRUE,NA,0.5855076964655,-0.1076395035345,0.1076395035345,0.1076395035345,0.0115862627211536,0.277313680004978,0.896716228878393,1,1.05079184642112,0.0211728464211163,0.0211728464211163,0.0211728464211163,0.000448289425572176,0.775696745057808,1.33491344450666,1,1.12214926321619,0.0925302632161886,0.0925302632161886,0.0925302632161886,0.00856184961085715,0.743359740898684,1.50446955792428,1,1.49268266853245,-0.00731733146755054,0.00731733146755054,0.00731733146755054,5.35433398060053e-05,1.43249910201647,1.53748416855921,1,1.79788679142434,-0.00211320857565833,0.00211320857565833,0.00211320857565833,4.46565048423592e-06,1.73831108253464,1.85381060891479,1
42,"n600-b1_2-b2_2p8-b3_2p8",600,3,413,1,1,0.6931472,1.029619,1.029619,1.5,1.8,1,1.3,0.0600000000000001,194,114,201,91,FALSE,NA,TRUE,NA,0.865380348121482,0.172233148121482,0.172233148121482,0.172233148121482,0.0296642573118363,0.553098867364761,1.18041071676666,1,1.22023545126117,0.190616451261166,0.190616451261166,0.190616451261166,0.0363346314914004,0.923366897222049,1.52362737192415,1,0.924805541505497,-0.104813458494504,0.104813458494504,0.104813458494504,0.010985861081579,0.536948965592061,1.31395598116918,1,1.51037503696336,0.0103750369633611,0.0103750369633611,0.0103750369633611,0.000107641391991108,1.42737311591752,1.65245906041459,1,1.78889301523178,-0.0111069847682199,0.0111069847682199,0.0111069847682199,0.000123365110641469,1.69137009925619,1.94776286643379,1
42,"n600-b1_2-b2_2p8-b3_2p8",600,4,414,1,1,0.6931472,1.029619,1.029619,1.5,1.8,1,1.3,0.0533333333333333,223,87,203,87,FALSE,NA,TRUE,NA,0.765800008546138,0.0726528085461382,0.0726528085461382,0.0726528085461382,0.00527843058964181,0.444225843108445,1.0954511935704,1,1.04257829063954,0.0129592906395426,0.0129592906395426,0.0129592906395426,0.000167943213880136,0.750747530962442,1.3444738299459,1,1.17500113132538,0.145382131325377,0.145382131325377,0.145382131325377,0.0211359641087092,0.772802592310345,1.58129916509086,1,1.51910933307228,0.0191093330722827,0.0191093330722827,0.0191093330722827,0.000365166610467437,1.47264488225156,1.6071101838251,1,1.81710735675787,0.0171073567578712,0.0171073567578712,0.0171073567578712,0.000292661655241082,1.75664203919906,1.9689053428069,1
42,"n600-b1_2-b2_2p8-b3_2p8",600,5,415,1,1,0.6931472,1.029619,1.029619,1.5,1.8,1,1.3,0.0716666666666667,185,104,216,95,FALSE,NA,TRUE,NA,0.446465384498971,-0.246681815501029,0.246681815501029,0.246681815501029,0.0608519180988838,0.140686494805286,0.754923981445524,1,0.988238926206939,-0.0413800737930611,0.0413800737930611,0.0413800737930611,0.00171231050711918,0.71649333462545,1.27001899324542,1,1.14925542217624,0.119636422176238,0.119636422176238,0.119636422176238,0.014312873511131,0.764768047994448,1.5297070848841,1,1.48861728076673,-0.0113827192332681,0.0113827192332681,0.0113827192332681,0.000129566297143411,1.41770963623491,1.57803134070418,1,1.78992735531006,-0.0100726446899442,0.0100726446899442,0.0100726446899442,0.000101458171049861,1.72713999033967,1.87688849699778,1
42,"n600-b1_2-b2_2p8-b3_2p8",600,6,416,1,1,0.6931472,1.029619,1.029619,1.5,1.8,1,1.3,0.0633333333333334,205,99,211,85,FALSE,NA,TRUE,NA,0.888839102416854,0.195691902416854,0.195691902416854,0.195691902416854,0.0382953206715276,0.555842181521342,1.22637950339315,1,1.31251560002273,0.282896600022733,0.282896600022733,0.282896600022733,0.080030486304422,1.00203447211541,1.63405304470329,1,0.690133186745287,-0.339485813254713,0.339485813254713,0.339485813254713,0.115250617401214,0.28353299573164,1.09087336100899,1,1.42570565779964,-0.0742943422003628,0.0742943422003628,0.0742943422003628,0.00551964928298461,1.28449599283625,1.61102612858133,1,1.7592253689092,-0.0407746310908013,0.0407746310908013,0.0407746310908013,0.00166257054059094,1.6293965841399,1.94239137960985,1
42,"n600-b1_2-b2_2p8-b3_2p8",600,7,417,1,1,0.6931472,1.029619,1.029619,1.5,1.8,1,1.3,0.0683333333333334,198,131,175,96,FALSE,NA,TRUE,NA,1.00823584768467,0.315088647684668,0.315088647684668,0.315088647684668,0.099280855899753,0.705908765005122,1.31622821649223,0,1.00358166685931,-0.0260373331406878,0.0260373331406878,0.0260373331406878,0.000677942717079159,0.704177767578371,1.30218006141901,1,1.00745072969503,-0.0221682703049724,0.0221682703049724,0.0221682703049724,0.00049143220831432,0.618435923852011,1.39895155907028,1,1.43679901764007,-0.0632009823599338,0.0632009823599338,0.0632009823599338,0.00399436417126066,1.40464660166112,1.47662559470599,0,1.78638712681038,-0.0136128731896241,0.0136128731896241,0.0136128731896241,0.000185310316476787,1.75715002780957,1.84459214814865,1
42,"n600-b1_2-b2_2p8-b3_2p8",600,8,418,1,1,0.6931472,1.029619,1.029619,1.5,1.8,1,1.3,0.0566666666666666,199,100,199,102,FALSE,NA,TRUE,NA,0.629397847916147,-0.0637493520838527,0.0637493520838527,0.0637493520838527,0.00406397989111101,0.324078283476762,0.933908440303721,1,0.966205464463762,-0.0634135355362379,0.0634135355362379,0.0634135355362379,0.0040212764892057,0.698637761067135,1.23735467320414,1,1.11331766916128,0.0836986691612798,0.0836986691612798,0.0836986691612798,0.00700546721936937,0.733252584277469,1.49781646418013,1,1.52417830148677,0.0241783014867682,0.0241783014867682,0.0241783014867682,0.00058459026278506,1.39346161540867,1.76416748338843,1,1.82011021443267,0.0201102144326684,0.0201102144326684,0.0201102144326684,0.000404420724527903,1.72440118906576,1.96269825351247,1
42,"n600-b1_2-b2_2p8-b3_2p8",600,9,419,1,1,0.6931472,1.029619,1.029619,1.5,1.8,1,1.3,0.08,217,104,183,96,FALSE,NA,TRUE,NA,0.520763745442801,-0.172383454557199,0.172383454557199,0.172383454557199,0.029716055405074,0.204838797046823,0.838969424673593,1,0.939929313642803,-0.0896896863571967,0.0896896863571967,0.0896896863571967,0.00804423983885231,0.645335324452927,1.24116602235622,1,1.28011303471227,0.250494034712271,0.250494034712271,0.250494034712271,0.0627472614264326,0.89216256288127,1.67657366583886,1,1.49356110932032,-0.00643889067968018,0.00643889067968018,0.00643889067968018,4.14593131848722e-05,1.45753709370272,1.61838463177136,1,1.76105003822156,-0.0389499617784448,0.0389499617784448,0.0389499617784448,0.00151709952254231,1.70073338111465,1.84878685719642,1
42,"n600-b1_2-b2_2p8-b3_2p8",600,10,420,1,1,0.6931472,1.029619,1.029619,1.5,1.8,1,1.3,0.0766666666666667,200,92,204,104,FALSE,NA,TRUE,NA,0.73008050407076,0.03693330407076,0.03693330407076,0.03693330407076,0.00136406894958322,0.416406672933116,1.04680107276684,1,1.15680405160644,0.127185051606442,0.127185051606442,0.127185051606442,0.0161760373521332,0.877812825137543,1.44236454596864,1,0.987345958295962,-0.0422730417040379,0.0422730417040379,0.0422730417040379,0.00178701005491133,0.60568234213966,1.3638333188399,1,1.53843536722272,0.0384353672227151,0.0384353672227151,0.0384353672227151,0.00147727745354496,1.4234346373677,1.69416819448262,1,1.88924395881088,0.0892439588108773,0.0892439588108773,0.0892439588108773,0.00796448418423757,1.77737381317167,2.06475416762097,1
43,"n600-b1_2-b2_2p8-b3_2p8",600,1,421,1,1,0.6931472,1.029619,1.029619,1.5,1.8,1,1.3,0.0766666666666667,192,99,207,102,FALSE,NA,TRUE,NA,0.836509700756226,0.143362500756226,0.143362500756226,0.143362500756226,0.0205528066230788,0.520335373216661,1.15772862710102,1,1.27101417406254,0.241395174062536,0.241395174062536,0.241395174062536,0.0582716300606818,0.982736198188225,1.5614006605316,1,1.03649871695686,0.00687971695686063,0.00687971695686063,0.00687971695686063,4.73305054065156e-05,0.634478079601942,1.43292096678875,1,1.53104271893629,0.0310427189362885,0.0310427189362885,0.0310427189362885,0.000963650398957406,1.47383426275915,1.60889030517616,1,1.76199065500571,-0.0380093449942909,0.0380093449942909,0.0380093449942909,0.00144471030689502,1.66939465750408,1.86588299164089,1
43,"n600-b1_2-b2_2p8-b3_2p8",600,2,422,1,1,0.6931472,1.029619,1.029619,1.5,1.8,1,1.3,0.0683333333333334,195,106,207,92,FALSE,NA,TRUE,NA,0.851230879026111,0.158083679026111,0.158083679026111,0.158083679026111,0.0249904495744305,0.526235129159972,1.1750377118418,1,1.17521194800831,0.145592948008308,0.145592948008308,0.145592948008308,0.02119730650975,0.87803999088362,1.4847995393331,1,0.812332724901407,-0.217286275098593,0.217286275098593,0.217286275098593,0.0472133253462215,0.415224690935811,1.20339983604323,1,1.52221417851553,0.0222141785155332,0.0222141785155332,0.0222141785155332,0.000493469727119977,1.46142892191014,1.70133299393854,1,1.80127557113729,0.00127557113728871,0.00127557113728871,0.00127557113728871,1.62708172628402e-06,1.75213333200336,1.88378366665863,1
43,"n600-b1_2-b2_2p8-b3_2p8",600,3,423,1,1,0.6931472,1.029619,1.029619,1.5,1.8,1,1.3,0.0633333333333334,196,123,174,107,FALSE,NA,TRUE,NA,0.666145377813549,-0.0270018221864511,0.0270018221864511,0.0270018221864511,0.000729098401388722,0.382033874929815,0.953909571345065,1,0.85859347204464,-0.17102552795536,0.17102552795536,0.17102552795536,0.0292497312124097,0.583030772834098,1.14017443410559,1,1.0219800664782,-0.0076389335217959,0.0076389335217959,0.0076389335217959,5.83533053504171e-05,0.645056320497908,1.38615728327849,1,1.58587419237557,0.0858741923755697,0.0858741923755697,0.0858741923755697,0.00737437691615635,1.45196963168296,1.83999434308409,1,1.81371083534631,0.0137108353463087,0.0137108353463087,0.0137108353463087,0.000187987005893587,1.72021851715697,1.97593556343489,1
43,"n600-b1_2-b2_2p8-b3_2p8",600,4,424,1,1,0.6931472,1.029619,1.029619,1.5,1.8,1,1.3,0.0566666666666666,198,92,199,111,FALSE,NA,TRUE,NA,0.843427647980847,0.150280447980847,0.150280447980847,0.150280447980847,0.0225842130453241,0.536485144846204,1.15558269586284,1,1.1495454646057,0.119926464605701,0.119926464605701,0.119926464605701,0.0143823569128225,0.878397945745145,1.42611886617515,1,0.775423563158606,-0.254195436841394,0.254195436841394,0.254195436841394,0.0646153201109873,0.393429981132811,1.14933871318635,1,1.49113830606921,-0.00886169393079483,0.00886169393079483,0.00886169393079483,7.8529619323086e-05,1.41301959053474,1.61703733268468,1,1.76323723681137,-0.0367627631886291,0.0367627631886291,0.0367627631886291,0.00135150075726323,1.7054210018927,1.90467840296467,1
43,"n600-b1_2-b2_2p8-b3_2p8",600,5,425,1,1,0.6931472,1.029619,1.029619,1.5,1.8,1,1.3,0.0666666666666667,223,102,178,97,FALSE,NA,TRUE,NA,0.822682909390055,0.129535709390055,0.129535709390055,0.129535709390055,0.0167795000071847,0.505354127473267,1.14408952854379,1,1.25969280017056,0.230073800170557,0.230073800170557,0.230073800170557,0.0529339535249213,0.961244019423732,1.56674506424634,1,1.06860061926068,0.0389816192606809,0.0389816192606809,0.0389816192606809,0.00151956664018469,0.668707430036668,1.46714503594294,1,1.51734696787147,0.0173469678714693,0.0173469678714693,0.0173469678714693,0.000300917294333787,1.44287028527339,1.81429090392602,1,1.76467366218463,-0.0353263378153705,0.0353263378153705,0.0353263378153705,0.00124795014344568,1.64582024445238,2.12546920500025,1
43,"n600-b1_2-b2_2p8-b3_2p8",600,6,426,1,1,0.6931472,1.029619,1.029619,1.5,1.8,1,1.3,0.0766666666666667,203,94,200,103,FALSE,NA,TRUE,NA,0.704374024016218,0.0112268240162184,0.0112268240162184,0.0112268240162184,0.000126041577491139,0.386988839626192,1.01751904134375,1,1.06829631675804,0.0386773167580443,0.0386773167580443,0.0386773167580443,0.0014959348316021,0.785026349449171,1.35514226259086,1,0.993314981671568,-0.0363040183284321,0.0363040183284321,0.0363040183284321,0.00131798174679113,0.599002721259692,1.38829220031133,1,1.57450616422262,0.0745061642226235,0.0745061642226235,0.0745061642226235,0.00555116850716854,1.46818366745016,1.77670124549973,1,1.88116530234874,0.0811653023487415,0.0811653023487415,0.0811653023487415,0.00658780630536263,1.76817293161871,2.1489905800682,1
43,"n600-b1_2-b2_2p8-b3_2p8",600,7,427,1,1,0.6931472,1.029619,1.029619,1.5,1.8,1,1.3,0.1,200,90,200,110,FALSE,NA,TRUE,NA,0.899640042963396,0.206492842963396,0.206492842963396,0.206492842963396,0.0426392941951056,0.572483967267264,1.22823008452558,1,1.20511510432843,0.175496104328432,0.175496104328432,0.175496104328432,0.0307988826344559,0.917490166447405,1.49979832217625,1,0.809119004115045,-0.220499995884955,0.220499995884955,0.220499995884955,0.0486202481852651,0.405204714084346,1.20920823582798,1,1.51204181779638,0.0120418177963841,0.0120418177963841,0.0120418177963841,0.000145005375841314,1.44398729526172,1.59598903462921,1,1.81399063850294,0.0139906385029369,0.0139906385029369,0.0139906385029369,0.000195737965719861,1.73735877621545,1.91216097180475,1
43,"n600-b1_2-b2_2p8-b3_2p8",600,8,428,1,1,0.6931472,1.029619,1.029619,1.5,1.8,1,1.3,0.0666666666666667,194,80,237,89,FALSE,NA,TRUE,NA,0.308882713997327,-0.384264486002673,0.384264486002673,0.384264486002673,0.147659195202898,-0.0278593899293989,0.646779675233661,0,0.898481530237069,-0.131137469762931,0.131137469762931,0.131137469762931,0.0171970359758237,0.62046490604435,1.1871438519702,1,1.56182128499157,0.532202284991574,0.532202284991574,0.532202284991574,0.283239272150252,1.15040609756966,1.98028363416027,0,1.47256323253311,-0.0274367674668903,0.0274367674668903,0.0274367674668903,0.000752776209032209,1.4351843370586,1.56208794554757,1,1.71646841223048,-0.0835315877695197,0.0835315877695197,0.0835315877695197,0.00697752615529698,1.6732545314223,1.81526999436887,1
43,"n600-b1_2-b2_2p8-b3_2p8",600,9,429,1,1,0.6931472,1.029619,1.029619,1.5,1.8,1,1.3,0.0516666666666666,204,102,193,101,FALSE,NA,TRUE,NA,0.718070005328465,0.0249228053284651,0.0249228053284651,0.0249228053284651,0.00062114622544057,0.418453043587073,1.0188982934759,1,1.02682862822408,-0.0027903717759179,0.0027903717759179,0.0027903717759179,7.78617464783921e-06,0.752014078859692,1.30993298346953,1,1.03168109019736,0.00206209019735537,0.00206209019735537,0.00206209019735537,4.25221598202911e-06,0.646620142318533,1.41866155055798,1,1.47928198293684,-0.0207180170631567,0.0207180170631567,0.0207180170631567,0.000429236231029251,1.31140605613998,1.62780213170788,1,1.84593170892638,0.0459317089263787,0.0459317089263787,0.0459317089263787,0.00210972188489757,1.741909659351,2.01464188769423,1
43,"n600-b1_2-b2_2p8-b3_2p8",600,10,430,1,1,0.6931472,1.029619,1.029619,1.5,1.8,1,1.3,0.0716666666666667,189,96,227,88,FALSE,NA,TRUE,NA,0.538080851031008,-0.155066348968992,0.155066348968992,0.155066348968992,0.0240455725825733,0.223599834086139,0.856199730615478,1,1.02874223066212,-0.000876769337880612,0.000876769337880612,0.000876769337880612,7.68724471847606e-07,0.746938431120281,1.3172774410306,1,1.34778376791033,0.318164767910326,0.318164767910326,0.318164767910326,0.101228819539432,0.95318239080908,1.74035711341605,1,1.5567078229043,0.0567078229042994,0.0567078229042994,0.0567078229042994,0.00321577717854539,1.49959128895519,1.62431491145065,1,1.86947310940047,0.0694731094004677,0.0694731094004677,0.0694731094004677,0.00482651292976935,1.79454509878399,1.98652714160369,1
44,"n600-b1_2-b2_2p8-b3_2p8",600,1,431,1,1,0.6931472,1.029619,1.029619,1.5,1.8,1,1.3,0.0733333333333334,212,100,191,97,FALSE,NA,TRUE,NA,0.550773382490773,-0.142373817509227,0.142373817509227,0.142373817509227,0.0202703039121507,0.233796821772581,0.876180463642507,1,0.970901570287147,-0.0587174297128535,0.0587174297128535,0.0587174297128535,0.0034477365520839,0.68798258515153,1.26876292691262,1,1.09138538525272,0.061766385252717,0.061766385252717,0.061766385252717,0.00381508634718706,0.692774946582276,1.48123221146676,1,1.53675026548775,0.036750265487753,0.036750265487753,0.036750265487753,0.00135058201342033,1.47799910301463,1.65183343621315,1,1.81149643138136,0.0114964313813637,0.0114964313813637,0.0114964313813637,0.000132167934506404,1.75561311181269,1.94416982587531,1
44,"n600-b1_2-b2_2p8-b3_2p8",600,2,432,1,1,0.6931472,1.029619,1.029619,1.5,1.8,1,1.3,0.0733333333333334,214,94,199,93,FALSE,NA,TRUE,NA,0.972898193180136,0.279750993180136,0.279750993180136,0.279750993180136,0.0782606181852725,0.641285074304655,1.30438032375124,1,1.28813212359006,0.258513123590064,0.258513123590064,0.258513123590064,0.0668290350682917,0.98476918250168,1.60158543974892,1,0.731611683354762,-0.298007316645238,0.298007316645238,0.298007316645238,0.0888083607740952,0.330832202319671,1.13155811390177,1,1.61975008124309,0.119750081243087,0.119750081243087,0.119750081243087,0.0143400819577259,1.58498424273137,1.64869409214695,0,1.85924956551244,0.0592495655124432,0.0592495655124432,0.0592495655124432,0.0035105110134133,1.81481041423546,1.90128075333669,0
44,"n600-b1_2-b2_2p8-b3_2p8",600,3,433,1,1,0.6931472,1.029619,1.029619,1.5,1.8,1,1.3,0.0733333333333334,233,90,171,106,FALSE,NA,TRUE,NA,0.564145463415238,-0.129001736584762,0.129001736584762,0.129001736584762,0.0166414480418842,0.248293302333589,0.88066345633578,1,0.945309048322208,-0.084309951677792,0.084309951677792,0.084309951677792,0.00710816795191162,0.667474712490437,1.22919059139803,1,1.07146180857942,0.0418428085794216,0.0418428085794216,0.0418428085794216,0.00175082062981412,0.681584414400245,1.46127190387773,1,1.49442834337583,-0.00557165662416548,0.00557165662416548,0.00557165662416548,3.1043357537607e-05,1.43980585467549,1.56404744703722,1,1.80450737471909,0.0045073747190858,0.0045073747190858,0.0045073747190858,2.03164268582538e-05,1.67836266298637,2.01094264050031,1
44,"n600-b1_2-b2_2p8-b3_2p8",600,4,434,1,1,0.6931472,1.029619,1.029619,1.5,1.8,1,1.3,0.07,209,98,188,105,FALSE,NA,TRUE,NA,0.659764971213436,-0.0333822287865638,0.0333822287865638,0.0333822287865638,0.00111437319875849,0.35300980277121,0.96324801631395,1,0.918687564818343,-0.110931435181657,0.110931435181657,0.110931435181657,0.0123057833114622,0.651447577798942,1.19264702240061,1,1.11763466116762,0.0880156611676184,0.0880156611676184,0.0880156611676184,0.00774675661077301,0.732678813683173,1.50588359092213,1,1.52467566283016,0.0246756628301612,0.0246756628301612,0.0246756628301612,0.000608888336107799,1.17559577955892,1.75757190022384,1,1.93850026555782,0.138500265557823,0.138500265557823,0.138500265557823,0.0191823235595874,1.69562482362988,2.21531715465305,1
44,"n600-b1_2-b2_2p8-b3_2p8",600,5,435,1,1,0.6931472,1.029619,1.029619,1.5,1.8,1,1.3,0.0716666666666667,194,108,207,91,FALSE,NA,TRUE,NA,0.765262381886743,0.0721151818867433,0.0721151818867433,0.0721151818867433,0.00520059945855806,0.457592968134848,1.07479972148688,1,1.03271400513657,0.00309500513657102,0.00309500513657102,0.00309500513657102,9.57905679540098e-06,0.746291128860097,1.33062966793103,1,1.00922355766836,-0.020395442331641,0.020395442331641,0.020395442331641,0.000415974067903295,0.630867199892336,1.39628262066191,1,1.57042584321589,0.0704258432158855,0.0704258432158855,0.0704258432158855,0.00495979939266849,1.47283469774561,1.66289438421064,1,1.93463682970329,0.134636829703289,0.134636829703289,0.134636829703289,0.0181270759125524,1.71030095459643,2.15532023811531,1
44,"n600-b1_2-b2_2p8-b3_2p8",600,6,436,1,1,0.6931472,1.029619,1.029619,1.5,1.8,1,1.3,0.0833333333333334,209,77,210,104,FALSE,NA,TRUE,NA,0.56253441586956,-0.13061278413044,0.13061278413044,0.13061278413044,0.0170596993783048,0.229791576017307,0.896083277712918,1,0.997432857172077,-0.0321861428279231,0.0321861428279231,0.0321861428279231,0.00103594779013947,0.730817614667108,1.26904252122045,1,1.17893753091689,0.14931853091689,0.14931853091689,0.14931853091689,0.0222960236751781,0.774537884073596,1.58408660850016,1,1.46463981440957,-0.0353601855904349,0.0353601855904349,0.0353601855904349,0.00125034272499,1.36143264510057,1.57352326604165,1,1.81134134693661,0.0113413469366133,0.0113413469366133,0.0113413469366133,0.000128626150336627,1.6248272823711,2.01859158263465,1
44,"n600-b1_2-b2_2p8-b3_2p8",600,7,437,1,1,0.6931472,1.029619,1.029619,1.5,1.8,1,1.3,0.0616666666666666,222,93,196,89,FALSE,NA,TRUE,NA,0.909999326781041,0.216852126781041,0.216852126781041,0.216852126781041,0.0470248448894608,0.584874800534925,1.23255813712421,1,1.03896443356644,0.0093454335664418,0.0093454335664418,0.0093454335664418,8.7337128544777e-05,0.744914592677067,1.34363769518546,1,0.897404754661754,-0.132214245338246,0.132214245338246,0.132214245338246,0.0174806066703619,0.500980276672333,1.28840582376713,1,1.45910228763175,-0.0408977123682484,0.0408977123682484,0.0408977123682484,0.00167262287695597,1.36263645772701,1.61935249550486,1,1.70322779628649,-0.096772203713507,0.096772203713507,0.096772203713507,0.0093648594115685,1.60912795448252,1.83685165331933,1
44,"n600-b1_2-b2_2p8-b3_2p8",600,8,438,1,1,0.6931472,1.029619,1.029619,1.5,1.8,1,1.3,0.0733333333333334,192,93,214,101,FALSE,NA,TRUE,NA,0.678034237164745,-0.0151129628352547,0.0151129628352547,0.0151129628352547,0.000228401645659788,0.355870276272221,1.00751569953979,1,0.981797112853926,-0.0478218871460745,0.0478218871460745,0.0478218871460745,0.00228693289021188,0.707472938405912,1.26389219836146,1,1.18329237330903,0.153673373309032,0.153673373309032,0.153673373309032,0.0236155056641772,0.781330725528237,1.57601841953506,1,1.486882405288,-0.0131175947119959,0.0131175947119959,0.0131175947119959,0.000172071291028183,1.44855945891211,1.5392434218766,1,1.77327424929413,-0.0267257507058696,0.0267257507058696,0.0267257507058696,0.000714265750792288,1.71898047181499,1.84987961911686,1
44,"n600-b1_2-b2_2p8-b3_2p8",600,9,439,1,1,0.6931472,1.029619,1.029619,1.5,1.8,1,1.3,0.0649999999999999,207,102,200,91,FALSE,NA,TRUE,NA,0.677072680685551,-0.0160745193144491,0.0160745193144491,0.0160745193144491,0.000258390171190599,0.356012959446285,1.00235055605445,1,1.12443484866351,0.0948158486635065,0.0948158486635065,0.0948158486635065,0.00899004515778096,0.83267015357698,1.42173417195038,1,1.24656410957778,0.21694510957778,0.21694510957778,0.21694510957778,0.0470651805697148,0.842794432649065,1.64785485456055,1,1.49293098981338,-0.00706901018661954,0.00706901018661954,0.00706901018661954,4.99709050185308e-05,1.47057283864577,1.52628937596471,1,1.8142668476547,0.0142668476546961,0.0142668476546961,0.0142668476546961,0.000203542942002308,1.74174585302297,1.90907240047065,1
44,"n600-b1_2-b2_2p8-b3_2p8",600,10,440,1,1,0.6931472,1.029619,1.029619,1.5,1.8,1,1.3,0.0433333333333333,191,119,198,92,FALSE,NA,TRUE,NA,0.59771864665417,-0.0954285533458301,0.0954285533458301,0.0954285533458301,0.00910660879367794,0.307959361765244,0.896288891633634,1,0.901421928046749,-0.128197071953251,0.128197071953251,0.128197071953251,0.0164344892573871,0.632447787244525,1.18048974268669,1,1.30223345957035,0.27261445957035,0.27261445957035,0.27261445957035,0.0743186435668339,0.921821124942316,1.67357364841052,1,1.52726291742086,0.0272629174208558,0.0272629174208558,0.0272629174208558,0.000743266666296405,1.42054678085942,1.66778189015569,1,1.8463158469246,0.0463158469246041,0.0463158469246041,0.0463158469246041,0.00214515767634336,1.77450473277423,2.01756087837382,1
45,"n600-b1_2-b2_2p8-b3_2p8",600,1,441,1,1,0.6931472,1.029619,1.029619,1.5,1.8,1,1.3,0.0533333333333333,180,98,228,94,FALSE,NA,TRUE,NA,0.789362477048859,0.096215277048859,0.096215277048859,0.096215277048859,0.0092573795375887,0.473216735187974,1.1117447096833,1,1.03182058841808,0.0022015884180826,0.0022015884180826,0.0022015884180826,4.84699156263545e-06,0.755269712929572,1.3136256472199,1,1.10033282359945,0.0707138235994493,0.0707138235994493,0.0707138235994493,0.00500044484805404,0.706704583658539,1.48312548085913,1,1.33532278228757,-0.164677217712431,0.164677217712431,0.164677217712431,0.0271185860335074,1.29761434825603,1.45008268597869,0,1.66404181637088,-0.135958183629121,0.135958183629121,0.135958183629121,0.0184846276957297,1.58915287125056,1.84637846406575,1
45,"n600-b1_2-b2_2p8-b3_2p8",600,2,442,1,1,0.6931472,1.029619,1.029619,1.5,1.8,1,1.3,0.0600000000000001,203,106,198,93,FALSE,NA,TRUE,NA,0.674857983080846,-0.0182892169191541,0.0182892169191541,0.0182892169191541,0.000334495455515872,0.361267629534126,0.992591225467338,1,0.97249906556103,-0.0571199344389697,0.0571199344389697,0.0571199344389697,0.00326268691031219,0.687941195695458,1.26648721529945,1,1.1875562104263,0.157937210426295,0.157937210426295,0.157937210426295,0.0249441624372399,0.792905363176725,1.58029269537581,1,1.48379033601541,-0.0162096639845886,0.0162096639845886,0.0162096639845886,0.000262753206493268,1.38550902483657,1.65140707357357,1,1.79635417311733,-0.00364582688267401,0.00364582688267401,0.00364582688267401,1.32920536584285e-05,1.72940691768798,1.84555758345242,1
45,"n600-b1_2-b2_2p8-b3_2p8",600,3,443,1,1,0.6931472,1.029619,1.029619,1.5,1.8,1,1.3,0.0716666666666667,205,119,183,93,FALSE,NA,TRUE,NA,0.535916581990184,-0.157230618009816,0.157230618009816,0.157230618009816,0.0247214672397487,0.241430366964366,0.837906038432995,1,0.911030346623762,-0.118588653376238,0.118588653376238,0.118588653376238,0.0140632687095895,0.633062799579746,1.19353825648566,1,1.42844409972291,0.398825099722911,0.398825099722911,0.398825099722911,0.15906146016899,1.03547708074267,1.81800306939688,0,1.52667067179888,0.0266706717988832,0.0266706717988832,0.0266706717988832,0.000711324734203742,1.48428654648993,1.71204445611312,1,1.81392705567625,0.013927055676249,0.013927055676249,0.013927055676249,0.000193962879809339,1.78323457908872,1.93895970204188,1
45,"n600-b1_2-b2_2p8-b3_2p8",600,4,444,1,1,0.6931472,1.029619,1.029619,1.5,1.8,1,1.3,0.07,203,99,198,100,FALSE,NA,TRUE,NA,0.650100017817127,-0.043047182182873,0.043047182182873,0.043047182182873,0.00185305989388545,0.3458528238149,0.960236419863778,1,1.05877239100886,0.0291533910088575,0.0291533910088575,0.0291533910088575,0.000849920207315333,0.778718054963722,1.34175062894398,1,0.875015602138703,-0.154603397861297,0.154603397861297,0.154603397861297,0.0239022106302585,0.496152218224145,1.25547337645076,1,1.49036876020772,-0.00963123979227554,0.00963123979227554,0.00963123979227554,9.27607799363117e-05,1.45242706899612,1.53108538138458,1,1.82402369833574,0.0240236983357407,0.0240236983357407,0.0240236983357407,0.00057713808172667,1.76162665001242,1.90629462667287,1
45,"n600-b1_2-b2_2p8-b3_2p8",600,5,445,1,1,0.6931472,1.029619,1.029619,1.5,1.8,1,1.3,0.0683333333333334,192,108,186,114,FALSE,NA,TRUE,NA,0.698545762565109,0.00539856256510907,0.00539856256510907,0.00539856256510907,2.9144477769397e-05,0.407653676337405,0.994990490807103,1,1.0975327038697,0.0679137038697035,0.0679137038697035,0.0679137038697035,0.00461227117330178,0.831469525405198,1.37232560038171,1,0.975099889505595,-0.0545191104944048,0.0545191104944048,0.0545191104944048,0.00297233340910112,0.59998323156205,1.35490000319469,1,1.59732005394063,0.0973200539406256,0.0973200539406256,0.0973200539406256,0.00947119289900628,1.49225291045031,1.73490904655878,1,1.88883808774297,0.0888380877429678,0.0888380877429678,0.0888380877429678,0.00789220583382724,1.74132073796169,1.9859843480348,1
45,"n600-b1_2-b2_2p8-b3_2p8",600,6,446,1,1,0.6931472,1.029619,1.029619,1.5,1.8,1,1.3,0.0566666666666666,188,99,221,92,FALSE,NA,TRUE,NA,0.819495265994205,0.126348065994205,0.126348065994205,0.126348065994205,0.0159638337804761,0.509179407586751,1.1350619405381,1,1.11427596722778,0.0846569672277804,0.0846569672277804,0.0846569672277804,0.00716680210020548,0.831641051647656,1.41252412234005,1,0.795334190102802,-0.234284809897198,0.234284809897198,0.234284809897198,0.054889372148566,0.407388165538006,1.17983737661427,1,1.39990421536753,-0.100095784632475,0.100095784632475,0.100095784632475,0.0100191661011907,1.24718425576867,1.70348859177517,1,1.68003327376445,-0.119966726235549,0.119966726235549,0.119966726235549,0.0143920154036753,1.59378690184399,1.83083214654209,1
45,"n600-b1_2-b2_2p8-b3_2p8",600,7,447,1,1,0.6931472,1.029619,1.029619,1.5,1.8,1,1.3,0.0783333333333334,198,102,199,101,FALSE,NA,TRUE,NA,0.665580819961875,-0.0275663800381248,0.0275663800381248,0.0275663800381248,0.000759905308406328,0.353696481836003,0.979423063736664,1,1.09152211359124,0.0619031135912447,0.0619031135912447,0.0619031135912447,0.00383199547229054,0.817457283978516,1.37787635388673,1,0.965819696837193,-0.0637993031628072,0.0637993031628072,0.0637993031628072,0.00407035108405979,0.583057426031594,1.3515844592404,1,1.54713967965476,0.047139679654763,0.047139679654763,0.047139679654763,0.00222214939795367,1.41818843050093,1.72779139609839,1,1.82035419689607,0.020354196896073,0.020354196896073,0.020354196896073,0.000414293331284107,1.74608702038555,1.97346020113716,1
45,"n600-b1_2-b2_2p8-b3_2p8",600,8,448,1,1,0.6931472,1.029619,1.029619,1.5,1.8,1,1.3,0.0716666666666667,207,104,180,109,FALSE,NA,TRUE,NA,0.70703692561167,0.0138897256116699,0.0138897256116699,0.0138897256116699,0.000192924477567479,0.405351920213929,1.0096303671848,1,1.18435554501514,0.154736545015142,0.154736545015142,0.154736545015142,0.023943398363223,0.905818334264339,1.46929267635352,1,0.864815397573762,-0.164803602426238,0.164803602426238,0.164803602426238,0.0271602273726654,0.485500138638121,1.24455001716292,1,1.45327841104754,-0.0467215889524637,0.0467215889524637,0.0467215889524637,0.00218290687424298,1.3489572659028,1.52742743839203,1,1.77494471428298,-0.0250552857170177,0.0250552857170177,0.0250552857170177,0.000627767342361389,1.68783192800769,1.86845355411962,1
45,"n600-b1_2-b2_2p8-b3_2p8",600,9,449,1,1,0.6931472,1.029619,1.029619,1.5,1.8,1,1.3,0.095,204,83,205,108,FALSE,NA,TRUE,NA,0.712132359660302,0.0189851596603022,0.0189851596603022,0.0189851596603022,0.000360436287327167,0.381391446915277,1.04261753072848,1,1.06725821873968,0.037639218739675,0.037639218739675,0.037639218739675,0.0014167107873331,0.794448677504233,1.34575332273661,1,1.00364191800491,-0.0259770819950871,0.0259770819950871,0.0259770819950871,0.000674808788979477,0.603438742576059,1.40392330231849,1,1.48036657319848,-0.0196334268015239,0.0196334268015239,0.0196334268015239,0.000385471447970797,1.44001343592399,1.5445789619596,1,1.76312576335016,-0.0368742366498438,0.0368742366498438,0.0368742366498438,0.00135970932850868,1.68618643554803,1.81631043377757,1
45,"n600-b1_2-b2_2p8-b3_2p8",600,10,450,1,1,0.6931472,1.029619,1.029619,1.5,1.8,1,1.3,0.0783333333333334,175,116,204,105,FALSE,NA,TRUE,NA,0.493509137466569,-0.199638062533431,0.199638062533431,0.199638062533431,0.0398553560121019,0.198332681863882,0.795345824368908,1,0.91413521713206,-0.11548378286794,0.11548378286794,0.11548378286794,0.0133365041054895,0.648506511874368,1.1849864803703,1,1.35893922784026,0.329320227840257,0.329320227840257,0.329320227840257,0.108451812464759,0.977793027904711,1.74593602223593,1,1.48612351435406,-0.0138764856459352,0.0138764856459352,0.0138764856459352,0.000192556853881847,1.41814862192205,1.60268338725357,1,1.78946423301363,-0.0105357669863708,0.0105357669863708,0.0105357669863708,0.000111002385991101,1.70225744581917,1.9201994682405,1
46,"n600-b1_2-b2_2p8-b3_2p8",600,1,451,1,1,0.6931472,1.029619,1.029619,1.5,1.8,1,1.3,0.0633333333333334,193,103,211,93,FALSE,NA,TRUE,NA,0.608420005239993,-0.0847271947600067,0.0847271947600067,0.0847271947600067,0.0071786975319001,0.288896600403632,0.933273303837829,1,1.11744106016616,0.0878220601661563,0.0878220601661563,0.0878220601661563,0.00771271425182799,0.82836055770617,1.41836067203366,1,0.914062923511296,-0.115556076488704,0.115556076488704,0.115556076488704,0.0133532068134632,0.520596769391837,1.29582322485476,1,1.40009858114009,-0.0999014188599132,0.0999014188599132,0.0999014188599132,0.00998029349022382,1.29488110147803,1.52919089270222,1,1.72806358992309,-0.0719364100769113,0.0719364100769113,0.0719364100769113,0.00517484709475355,1.64229611416125,1.81924825400194,1
46,"n600-b1_2-b2_2p8-b3_2p8",600,2,452,1,1,0.6931472,1.029619,1.029619,1.5,1.8,1,1.3,0.055,195,107,192,106,FALSE,NA,TRUE,NA,0.528919338224465,-0.164227861775535,0.164227861775535,0.164227861775535,0.0269707905833642,0.235315774516723,0.813230625842256,1,0.949700397870137,-0.0799186021298631,0.0799186021298631,0.0799186021298631,0.00638698296639136,0.687479684386286,1.22122480651392,1,1.02807609528028,-0.0015429047197193,0.0015429047197193,0.0015429047197193,2.38055497413208e-06,0.659155262457984,1.39624526523121,1,1.52659738047198,0.026597380471979,0.026597380471979,0.026597380471979,0.000707420647971211,1.46258921876328,1.60605275226475,1,1.79700149029165,-0.00299850970834536,0.00299850970834536,0.00299850970834536,8.99106047104141e-06,1.72187951647664,1.8565967171247,1
46,"n600-b1_2-b2_2p8-b3_2p8",600,3,453,1,1,0.6931472,1.029619,1.029619,1.5,1.8,1,1.3,0.0716666666666667,189,95,220,96,FALSE,NA,TRUE,NA,0.693899290812258,0.000752090812258355,0.000752090812258355,0.000752090812258355,5.65640589883432e-07,0.37618880168577,1.00998380332094,1,1.03577956933685,0.00616056933685205,0.00616056933685205,0.00616056933685205,3.79526145541617e-05,0.760754379854528,1.31531114831819,1,1.21522977819815,0.185610778198154,0.185610778198154,0.185610778198154,0.0344513609833241,0.818555562002879,1.61468584770947,1,1.4987854486538,-0.00121455134620407,0.00121455134620407,0.00121455134620407,1.47513497256613e-06,1.46362453636937,1.55709791757953,1,1.837789103068,0.0377891030679984,0.0377891030679984,0.0377891030679984,0.00142801631068381,1.77775781313844,1.9558868927625,1
46,"n600-b1_2-b2_2p8-b3_2p8",600,4,454,1,1,0.6931472,1.029619,1.029619,1.5,1.8,1,1.3,0.0583333333333333,189,88,204,119,FALSE,NA,TRUE,NA,0.887695432299554,0.194548232299554,0.194548232299554,0.194548232299554,0.0378490146908812,0.583104786413523,1.18004428115822,1,0.949326377926034,-0.0802926220739665,0.0802926220739665,0.0802926220739665,0.00644690515951281,0.691763484064838,1.20921862642952,1,0.983891099837519,-0.0457279001624813,0.0457279001624813,0.0457279001624813,0.00209104085326986,0.608840204551348,1.35981852503934,1,1.64346981237592,0.143469812375916,0.143469812375916,0.143469812375916,0.0205835870631806,1.48840780921919,1.82869337120641,1,1.83013244145531,0.0301324414553135,0.0301324414553135,0.0301324414553135,0.000907964028057893,1.77417031092139,1.93477095273281,1
46,"n600-b1_2-b2_2p8-b3_2p8",600,5,455,1,1,0.6931472,1.029619,1.029619,1.5,1.8,1,1.3,0.0716666666666667,202,103,193,102,FALSE,NA,TRUE,NA,0.773152715634808,0.080005515634808,0.080005515634808,0.080005515634808,0.0064008825319915,0.45836589385076,1.09397624416167,1,1.07544430205546,0.0458253020554582,0.0458253020554582,0.0458253020554582,0.00209995830847398,0.794270304973304,1.3687564384761,1,0.842038167917295,-0.187580832082705,0.187580832082705,0.187580832082705,0.0351865685648399,0.456892071886982,1.22218142193262,1,1.36922517308237,-0.130774826917625,0.130774826917625,0.130774826917625,0.0171020553553349,1.30217254890657,1.4659487174054,0,1.6752748733793,-0.124725126620696,0.124725126620696,0.124725126620696,0.0155563572105486,1.53280029924715,1.79722530755545,0
46,"n600-b1_2-b2_2p8-b3_2p8",600,6,456,1,1,0.6931472,1.029619,1.029619,1.5,1.8,1,1.3,0.0833333333333334,174,98,204,124,FALSE,NA,TRUE,NA,0.62551513976838,-0.0676320602316196,0.0676320602316196,0.0676320602316196,0.00457409557117342,0.328240962835103,0.922981538027021,1,0.826374332177734,-0.203244667822266,0.203244667822266,0.203244667822266,0.0413083949981833,0.576264264313901,1.08039739367466,1,1.0159217618721,-0.0136972381279044,0.0136972381279044,0.0136972381279044,0.000187614332332517,0.645787475691718,1.38345881593444,1,1.34981943991613,-0.150180560083873,0.150180560083873,0.150180560083873,0.0225542006271057,1.268884285814,1.56291025969265,1,1.7410984512312,-0.0589015487687998,0.0589015487687998,0.0589015487687998,0.0034693924473633,1.64357576235107,1.95913332030798,1
46,"n600-b1_2-b2_2p8-b3_2p8",600,7,457,1,1,0.6931472,1.029619,1.029619,1.5,1.8,1,1.3,0.0766666666666667,207,100,193,100,FALSE,NA,TRUE,NA,0.629490787466928,-0.0636564125330719,0.0636564125330719,0.0636564125330719,0.00405213885658063,0.311252326451653,0.948423645705276,1,0.916601178955469,-0.113017821044531,0.113017821044531,0.113017821044531,0.0127730278736536,0.638773260663695,1.20120611176319,1,1.03183268145354,0.00221368145354117,0.00221368145354117,0.00221368145354117,4.90038557775216e-06,0.637841153430924,1.42338207511066,1,1.48001555176053,-0.0199844482394742,0.0199844482394742,0.0199844482394742,0.000399378171436224,1.31197691070226,1.58979172690626,1,1.77514322682755,-0.0248567731724474,0.0248567731724474,0.0248567731724474,0.0006178591725465,1.63060780266378,1.88761129897829,1
46,"n600-b1_2-b2_2p8-b3_2p8",600,8,458,1,1,0.6931472,1.029619,1.029619,1.5,1.8,1,1.3,0.0583333333333333,194,88,221,97,FALSE,NA,TRUE,NA,0.808113207992445,0.114966007992445,0.114966007992445,0.114966007992445,0.013217182993719,0.491388150143139,1.12811098560772,1,1.11374270715209,0.0841237071520948,0.0841237071520948,0.0841237071520948,0.00707679810501141,0.839552917819229,1.39557120237234,1,0.948650280133423,-0.0809687198665773,0.0809687198665773,0.0809687198665773,0.00655593359683227,0.552695897313318,1.33998907196988,1,1.40024058732389,-0.0997594126761068,0.0997594126761068,0.0997594126761068,0.00995194041748177,1.28989363911731,1.52000202723003,1,1.69015535248606,-0.10984464751394,0.10984464751394,0.10984464751394,0.0120658465874617,1.57077316530827,1.82497483391234,1
46,"n600-b1_2-b2_2p8-b3_2p8",600,9,459,1,1,0.6931472,1.029619,1.029619,1.5,1.8,1,1.3,0.0883333333333334,208,105,188,99,FALSE,NA,TRUE,NA,0.827218080088288,0.134070880088288,0.134070880088288,0.134070880088288,0.0179750008876481,0.506602141694913,1.14647330238988,1,1.17290955463655,0.143290554636552,0.143290554636552,0.143290554636552,0.0205321830480507,0.875485547372388,1.47409192479922,1,0.944109798135473,-0.0855092018645272,0.0855092018645272,0.0855092018645272,0.00731182360350845,0.551094685299298,1.34099411698925,1,1.52073435044617,0.0207343504461674,0.0207343504461674,0.0207343504461674,0.000429913288424484,1.50062801807506,1.59853815834048,0,1.80967259662988,0.00967259662988007,0.00967259662988007,0.00967259662988007,9.35591255643673e-05,1.76702528317444,1.91972185010771,1
46,"n600-b1_2-b2_2p8-b3_2p8",600,10,460,1,1,0.6931472,1.029619,1.029619,1.5,1.8,1,1.3,0.0616666666666666,209,100,185,106,FALSE,NA,TRUE,NA,0.758429885418792,0.0652826854187921,0.0652826854187921,0.0652826854187921,0.00426182901548897,0.451321380499223,1.06608139662525,1,1.07639977557483,0.0467807755748346,0.0467807755748346,0.0467807755748346,0.00218844096338304,0.802748582965184,1.35261469941936,1,0.840498456601737,-0.189120543398263,0.189120543398263,0.189120543398263,0.0357665799352544,0.460946130234711,1.22167569735934,1,1.5563507496671,0.0563507496671025,0.0563507496671025,0.0563507496671025,0.00317540698804445,1.48640118912072,1.70083936623687,1,1.85327399534164,0.0532739953416359,0.0532739953416359,0.0532739953416359,0.00283811857966064,1.7362464867266,2.04433966499372,1
47,"n600-b1_2-b2_2p8-b3_2p8",600,1,461,1,1,0.6931472,1.029619,1.029619,1.5,1.8,1,1.3,0.0766666666666667,204,101,211,84,FALSE,NA,TRUE,NA,0.818087908290899,0.124940708290899,0.124940708290899,0.124940708290899,0.0156101805882316,0.486513903985062,1.15101544283175,1,1.01596952181683,-0.0136494781831706,0.0136494781831706,0.0136494781831706,0.000186308254672851,0.723456165950897,1.32374056172394,1,0.917406314091349,-0.112212685908651,0.112212685908651,0.112212685908651,0.0125916868788336,0.523387530907497,1.31227219672142,1,1.50716473988037,0.00716473988037469,0.00716473988037469,0.00716473988037469,5.13334975534316e-05,1.43712292570248,1.63576092505321,1,1.80619329835293,0.00619329835292626,0.00619329835292626,0.00619329835292626,3.83569444883591e-05,1.75275768937561,1.90357616963007,1
47,"n600-b1_2-b2_2p8-b3_2p8",600,2,462,1,1,0.6931472,1.029619,1.029619,1.5,1.8,1,1.3,0.08,185,85,218,112,FALSE,NA,TRUE,NA,0.943372247706458,0.250225047706458,0.250225047706458,0.250225047706458,0.062612574499699,0.614427536454911,1.27229461771398,1,1.17386776078264,0.14424876078264,0.14424876078264,0.14424876078264,0.0208077049873274,0.892475272934666,1.46095146816622,1,0.828154657617153,-0.201464342382847,0.201464342382847,0.201464342382847,0.0405878812517528,0.426527368412557,1.22257932108168,1,1.47412683983617,-0.0258731601638282,0.0258731601638282,0.0258731601638282,0.000669420416863108,1.41816593566085,1.5449734289035,1,1.77196894065799,-0.0280310593420128,0.0280310593420128,0.0280310593420128,0.000785740287835442,1.68022380351337,1.85999441784371,1
47,"n600-b1_2-b2_2p8-b3_2p8",600,3,463,1,1,0.6931472,1.029619,1.029619,1.5,1.8,1,1.3,0.07,189,102,211,98,FALSE,NA,TRUE,NA,0.543214441652278,-0.149932758347722,0.149932758347722,0.149932758347722,0.0224798320257563,0.242184188569215,0.850651025697145,1,0.720133579380238,-0.309485420619762,0.309485420619762,0.309485420619762,0.0957812255761911,0.445896757142955,0.992929279572695,0,1.28696375218934,0.257344752189343,0.257344752189343,0.257344752189343,0.0662263214793944,0.90247790843686,1.67600489034823,1,1.52640802536303,0.0264080253630308,0.0264080253630308,0.0264080253630308,0.000697383803574477,1.4229976489838,1.70031176555425,1,1.83242693414112,0.0324269341411227,0.0324269341411227,0.0324269341411227,0.00105150605779271,1.38760040429899,2.07747697793846,1
47,"n600-b1_2-b2_2p8-b3_2p8",600,4,464,1,1,0.6931472,1.029619,1.029619,1.5,1.8,1,1.3,0.0716666666666667,209,110,195,86,FALSE,NA,TRUE,NA,0.617578926645757,-0.0755682733542434,0.0755682733542434,0.0755682733542434,0.00571056393774166,0.290952452295226,0.948848388879088,1,1.13016432818569,0.100545328185693,0.100545328185693,0.100545328185693,0.0101093630199687,0.831772997867188,1.43858161871792,1,1.21121177748642,0.181592777486423,0.181592777486423,0.181592777486423,0.0329759368352337,0.798340476050122,1.61168847963931,1,1.49600963996012,-0.0039903600398794,0.0039903600398794,0.0039903600398794,1.59229732478664e-05,1.43152252817144,1.62119302256958,1,1.78569474757357,-0.0143052524264287,0.0143052524264287,0.0143052524264287,0.000204640246983843,1.69683822567799,1.84430650185749,1
47,"n600-b1_2-b2_2p8-b3_2p8",600,5,465,1,1,0.6931472,1.029619,1.029619,1.5,1.8,1,1.3,0.0666666666666667,212,111,174,103,FALSE,NA,TRUE,NA,0.732473043467533,0.0393258434675332,0.0393258434675332,0.0393258434675332,0.00154652196443292,0.433528272776481,1.04126005528518,1,1.11884667394149,0.0892276739414906,0.0892276739414906,0.0892276739414906,0.00796157779700895,0.836371552000706,1.41045486571533,1,0.947011416801757,-0.0826075831982435,0.0826075831982435,0.0826075831982435,0.00682401280185472,0.563484814872762,1.32928769540294,1,1.42167605097121,-0.078323949028785,0.078323949028785,0.078323949028785,0.00613464099146372,1.37795360330767,1.50324338488847,1,1.84493155201006,0.0449315520100608,0.0449315520100608,0.0449315520100608,0.0020188443660328,1.78359829361759,1.93452151730051,1
47,"n600-b1_2-b2_2p8-b3_2p8",600,6,466,1,1,0.6931472,1.029619,1.029619,1.5,1.8,1,1.3,0.0600000000000001,190,88,218,104,FALSE,NA,TRUE,NA,0.550725952164149,-0.142421247835851,0.142421247835851,0.142421247835851,0.0202838118351209,0.23171645928567,0.87423669082132,1,1.04264395909231,0.0130249590923111,0.0130249590923111,0.0130249590923111,0.000169649559356376,0.77305316072086,1.32149811575991,1,1.12333894879042,0.0937199487904219,0.0937199487904219,0.0937199487904219,0.0087834288012793,0.726732962883499,1.51221004526805,1,1.49282305333062,-0.00717694666938384,0.00717694666938384,0.00717694666938384,5.15085634951798e-05,1.46905456802317,1.5519909393013,1,1.76665888955484,-0.0333411104451566,0.0333411104451566,0.0333411104451566,0.00111162964571613,1.70853792991113,1.85043175940442,1
47,"n600-b1_2-b2_2p8-b3_2p8",600,7,467,1,1,0.6931472,1.029619,1.029619,1.5,1.8,1,1.3,0.0766666666666667,208,106,195,91,FALSE,NA,TRUE,NA,0.72797570620337,0.0348285062033705,0.0348285062033705,0.0348285062033705,0.00121302484435822,0.407199819939744,1.05709199806521,1,1.20208162402721,0.172462624027211,0.172462624027211,0.172462624027211,0.0297433566863513,0.904951543907966,1.50892355239214,1,1.03018421566106,0.000565215661056939,0.000565215661056939,0.000565215661056939,3.19468743504033e-07,0.636792385586195,1.42251224548576,1,1.46979651663079,-0.0302034833692051,0.0302034833692051,0.0302034833692051,0.000912250407633848,1.37322881239271,1.5449674548775,1,1.79120580144658,-0.00879419855342167,0.00879419855342167,0.00879419855342167,7.73379281970038e-05,1.64742091216575,1.97834268871144,1
47,"n600-b1_2-b2_2p8-b3_2p8",600,8,468,1,1,0.6931472,1.029619,1.029619,1.5,1.8,1,1.3,0.0783333333333334,217,103,172,108,FALSE,NA,TRUE,NA,0.721649731162844,0.0285025311628444,0.0285025311628444,0.0285025311628444,0.000812394282688916,0.412263103068378,1.03092948863389,1,0.951198525801821,-0.0784204741981791,0.0784204741981791,0.0784204741981791,0.00614977077346727,0.678655618366883,1.22904030895089,1,1.18523353425875,0.155614534258745,0.155614534258745,0.155614534258745,0.0242158832725662,0.798625229975627,1.57515722519708,1,1.48782362385124,-0.0121763761487579,0.0121763761487579,0.0121763761487579,0.00014826413611604,1.44701976633622,1.57900780749773,1,1.77276936250596,-0.0272306374940361,0.0272306374940361,0.0272306374940361,0.000741507618331604,1.69546403945073,1.89330921106382,1
47,"n600-b1_2-b2_2p8-b3_2p8",600,9,469,1,1,0.6931472,1.029619,1.029619,1.5,1.8,1,1.3,0.0716666666666667,191,87,196,126,FALSE,NA,TRUE,NA,0.71829993229205,0.0251527322920505,0.0251527322920505,0.0251527322920505,0.00063265994175556,0.414837954456621,1.01906717102676,1,1.08310766032625,0.0534886603262548,0.0534886603262548,0.0534886603262548,0.00286103678349746,0.824412345128569,1.34766831937543,1,0.805705772740279,-0.223913227259721,0.223913227259721,0.223913227259721,0.0501371333418633,0.428114973665799,1.18315271272409,1,1.5109651990578,0.0109651990577999,0.0109651990577999,0.0109651990577999,0.000120235590377176,1.44262598165866,1.62909980408989,1,1.8782960725299,0.0782960725299031,0.0782960725299031,0.0782960725299031,0.00613027497360785,1.73842602054637,2.04329025622697,1
47,"n600-b1_2-b2_2p8-b3_2p8",600,10,470,1,1,0.6931472,1.029619,1.029619,1.5,1.8,1,1.3,0.0683333333333334,209,109,199,83,FALSE,NA,TRUE,NA,0.78338990596121,0.0902427059612096,0.0902427059612096,0.0902427059612096,0.00814374597920134,0.458498178456611,1.11573488815225,1,1.05034229339004,0.0207232933900356,0.0207232933900356,0.0207232933900356,0.000429454888929495,0.746183681098139,1.369266976673,1,1.12640259216743,0.0967835921674349,0.0967835921674349,0.0967835921674349,0.00936706371283237,0.724072656925952,1.52381318116891,1,1.47968799384508,-0.0203120061549236,0.0203120061549236,0.0203120061549236,0.000412577594037653,1.36512959887679,1.57790280561866,1,1.81701734695353,0.0170173469535335,0.0170173469535335,0.0170173469535335,0.000289590097336937,1.77010294299904,1.91355721585962,1
48,"n600-b1_2-b2_2p8-b3_2p8",600,1,471,1,1,0.6931472,1.029619,1.029619,1.5,1.8,1,1.3,0.0716666666666667,200,93,201,106,FALSE,NA,TRUE,NA,0.822180407424373,0.129033207424373,0.129033207424373,0.129033207424373,0.0166495686182213,0.50519053890074,1.13907675547941,1,1.16370020516244,0.13408120516244,0.13408120516244,0.13408120516244,0.0179777695778123,0.888412041131922,1.44698563088434,1,0.897188929322088,-0.132430070677912,0.132430070677912,0.132430070677912,0.0175377236197568,0.506674122561319,1.28517458111514,1,1.46657509968989,-0.0334249003101124,0.0334249003101124,0.0334249003101124,0.00111722396074095,1.39724331491192,1.53600490930213,1,1.81452634432307,0.0145263443230736,0.0145263443230736,0.0145263443230736,0.000211014679392494,1.75725983739875,1.89196662549144,1
48,"n600-b1_2-b2_2p8-b3_2p8",600,2,472,1,1,0.6931472,1.029619,1.029619,1.5,1.8,1,1.3,0.0683333333333334,186,96,202,116,FALSE,NA,TRUE,NA,0.741425826209757,0.0482786262097574,0.0482786262097574,0.0482786262097574,0.00233082574870148,0.433280562053351,1.04697856621729,1,0.920470757007577,-0.109148242992423,0.109148242992423,0.109148242992423,0.0119133389483331,0.656864300558004,1.18716797142061,1,1.03244459489579,0.00282559489579026,0.00282559489579026,0.00282559489579026,7.98398651511598e-06,0.646370530166079,1.41533610141368,1,1.47934333193904,-0.0206566680609641,0.0206566680609641,0.0206566680609641,0.000426697935380855,1.43502190934025,1.6104433534572,1,1.70069715869981,-0.0993028413001862,0.0993028413001862,0.0993028413001862,0.00986105429028996,1.5898216415406,1.88043551040932,1
48,"n600-b1_2-b2_2p8-b3_2p8",600,3,473,1,1,0.6931472,1.029619,1.029619,1.5,1.8,1,1.3,0.0716666666666667,209,102,182,107,FALSE,NA,TRUE,NA,0.456327389143984,-0.236819810856016,0.236819810856016,0.236819810856016,0.0560836228138794,0.154665949635106,0.760693504532842,1,0.84374220935556,-0.185876790644441,0.185876790644441,0.185876790644441,0.0345501813002772,0.576653877437897,1.11796602741443,1,1.35239168624064,0.322772686240639,0.322772686240639,0.322772686240639,0.104182206982998,0.971996955836714,1.73838766201973,1,1.51727810297596,0.0172781029759645,0.0172781029759645,0.0172781029759645,0.000298532842448035,1.42689604959719,1.57309945114434,1,1.82309830027944,0.0230983002794367,0.0230983002794367,0.0230983002794367,0.000533531475799026,1.7982441282821,1.89022987757991,1
48,"n600-b1_2-b2_2p8-b3_2p8",600,4,474,1,1,0.6931472,1.029619,1.029619,1.5,1.8,1,1.3,0.075,198,105,193,104,FALSE,NA,TRUE,NA,0.783917682125532,0.0907704821255322,0.0907704821255322,0.0907704821255322,0.00823928042530156,0.469486565008459,1.10046602004277,1,0.962463948358723,-0.0671550516412772,0.0671550516412772,0.0671550516412772,0.00450980096094261,0.686598292828615,1.25011930773626,1,1.09521860325799,0.0655996032579877,0.0655996032579877,0.0655996032579877,0.0043033079476054,0.69670856531105,1.48770006314806,1,1.46554339955167,-0.0344566004483273,0.0344566004483273,0.0344566004483273,0.00118725731445567,1.42041094435351,1.54916606100571,1,1.75091871345941,-0.0490812865405861,0.0490812865405861,0.0490812865405861,0.00240897268847912,1.65132391388306,1.9225794514715,1
48,"n600-b1_2-b2_2p8-b3_2p8",600,5,475,1,1,0.6931472,1.029619,1.029619,1.5,1.8,1,1.3,0.0583333333333333,199,92,208,101,FALSE,NA,TRUE,NA,0.419576418728684,-0.273570781271316,0.273570781271316,0.273570781271316,0.0748409723653982,0.115140794450874,0.729512047643366,1,0.869762128566598,-0.159856871433403,0.159856871433403,0.159856871433403,0.0255542193444754,0.604551247533424,1.139955483678,1,1.27577406534964,0.246155065349638,0.246155065349638,0.246155065349638,0.0605923161972848,0.891822245147532,1.66148057624345,1,1.55595179945958,0.0559517994595811,0.0559517994595811,0.0559517994595811,0.00313060386276518,1.44049655523466,1.79856997770924,1,1.86618013744394,0.0661801374439379,0.0661801374439379,0.0661801374439379,0.00437981059209851,1.78190875762975,2.16429568783564,1
48,"n600-b1_2-b2_2p8-b3_2p8",600,6,476,1,1,0.6931472,1.029619,1.029619,1.5,1.8,1,1.3,0.0716666666666667,191,105,209,95,FALSE,NA,TRUE,NA,0.688436566064155,-0.00471063393584525,0.00471063393584525,0.00471063393584525,2.2190072077537e-05,0.374313494875439,1.00569036568293,1,1.1509981053509,0.121379105350898,0.121379105350898,0.121379105350898,0.0147328872157845,0.866825766329857,1.44772546605615,1,0.995546679557489,-0.0340723204425109,0.0340723204425109,0.0340723204425109,0.00116092302033714,0.612077646398759,1.37765052470293,1,1.5128304313887,0.0128304313887033,0.0128304313887033,0.0128304313887033,0.000164619969620223,1.47885751027881,1.5718331338542,1,1.75602879791442,-0.0439712020855767,0.0439712020855767,0.0439712020855767,0.00193346661285062,1.62172933482428,1.85759984702449,1
48,"n600-b1_2-b2_2p8-b3_2p8",600,7,477,1,1,0.6931472,1.029619,1.029619,1.5,1.8,1,1.3,0.08,224,100,173,103,FALSE,NA,TRUE,NA,0.968526964073737,0.275379764073737,0.275379764073737,0.275379764073737,0.0758340144613068,0.644612589180355,1.29572521177103,1,1.11840359451125,0.0887845945112482,0.0887845945112482,0.0887845945112482,0.00788270422252677,0.823377782480718,1.41658597693498,1,0.863819880903887,-0.165799119096113,0.165799119096113,0.165799119096113,0.0274893478930471,0.467148835211357,1.26012429236616,1,1.51915973059157,0.0191597305915654,0.0191597305915654,0.0191597305915654,0.000367095276341367,1.48198443943421,1.61187054485476,1,1.826900024087,0.0269000240869979,0.0269000240869979,0.0269000240869979,0.000723611295881066,1.72483583384186,1.93032451028111,1
48,"n600-b1_2-b2_2p8-b3_2p8",600,8,478,1,1,0.6931472,1.029619,1.029619,1.5,1.8,1,1.3,0.09,220,101,179,100,FALSE,NA,TRUE,NA,0.981734414511092,0.288587214511092,0.288587214511092,0.288587214511092,0.0832825803792708,0.65806802232795,1.31628231238372,1,1.1526812368046,0.123062236804602,0.123062236804602,0.123062236804602,0.0151443141273519,0.856023695390741,1.45540710116509,1,1.00207076704784,-0.0275482329521559,0.0275482329521559,0.0275482329521559,0.000758905138786249,0.59676141071365,1.4104310881036,1,1.62383244686966,0.123832446869659,0.123832446869659,0.123832446869659,0.015334474897727,1.4926974103207,1.84914215900883,1,1.98570601684522,0.185706016845223,0.185706016845223,0.185706016845223,0.0344867246925181,1.85854276022768,2.15719338441637,0
48,"n600-b1_2-b2_2p8-b3_2p8",600,9,479,1,1,0.6931472,1.029619,1.029619,1.5,1.8,1,1.3,0.0716666666666667,185,102,203,110,FALSE,NA,TRUE,NA,0.791065609041319,0.0979184090413185,0.0979184090413185,0.0979184090413185,0.00958801482918297,0.481535605866749,1.09996968285664,1,1.04755173894487,0.0179327389448694,0.0179327389448694,0.0179327389448694,0.000321583126064834,0.774568383473604,1.32302002745861,1,0.878250172705939,-0.151368827294061,0.151368827294061,0.151368827294061,0.0229125218763793,0.4975706163127,1.26147619655838,1,1.48050426468847,-0.0194957353115255,0.0194957353115255,0.0194957353115255,0.000380083695337062,1.40003284466854,1.71737512012964,1,1.74646242177058,-0.0535375782294198,0.0535375782294198,0.0535375782294198,0.00286627228267125,1.67902454664698,1.92230744452226,1
48,"n600-b1_2-b2_2p8-b3_2p8",600,10,480,1,1,0.6931472,1.029619,1.029619,1.5,1.8,1,1.3,0.0866666666666667,210,92,201,97,FALSE,NA,TRUE,NA,0.82345579700729,0.13030859700729,0.13030859700729,0.13030859700729,0.0169803304540082,0.489068077414341,1.16390399958021,1,1.36078279742357,0.331163797423571,0.331163797423571,0.331163797423571,0.109669460724,1.06479758093622,1.6672361916631,0,0.818692170791392,-0.210926829208608,0.210926829208608,0.210926829208608,0.0444901272799975,0.413989916343348,1.221235962367,1,1.50113464927924,0.0011346492792399,0.0011346492792399,0.0011346492792399,1.28742898687962e-06,1.40883507237614,1.58269710925934,1,1.74583262997667,-0.0541673700233298,0.0541673700233298,0.0541673700233298,0.00293410397524433,1.58462596562207,1.92337150087515,1
49,"n600-b1_2-b2_2p8-b3_2p8",600,1,481,1,1,0.6931472,1.029619,1.029619,1.5,1.8,1,1.3,0.0916666666666667,219,90,191,100,FALSE,NA,TRUE,NA,0.627216952647822,-0.0659302473521781,0.0659302473521781,0.0659302473521781,0.00434679751591939,0.29569414351359,0.963173119995921,1,1.16205064263762,0.132431642637617,0.132431642637617,0.132431642637617,0.0175381399716975,0.878191549270032,1.45096957036488,1,0.944196116633861,-0.0854228833661389,0.0854228833661389,0.0854228833661389,0.00729706900258497,0.544247090312274,1.3418288403852,1,1.5325665402953,0.0325665402952999,0.0325665402952999,0.0325665402952999,0.00106057954680539,1.43820081099325,1.64611172203543,1,1.81239109073012,0.0123910907301203,0.0123910907301203,0.0123910907301203,0.000153539129482074,1.76283233065395,1.89825862179093,1
49,"n600-b1_2-b2_2p8-b3_2p8",600,2,482,1,1,0.6931472,1.029619,1.029619,1.5,1.8,1,1.3,0.08,214,87,193,106,FALSE,NA,TRUE,NA,0.69964537182732,0.00649817182732049,0.00649817182732049,0.00649817182732049,4.22262370973817e-05,0.371630205213589,1.02460091538936,1,1.0517854080093,0.0221664080093016,0.0221664080093016,0.0221664080093016,0.000491349644034829,0.76464743359427,1.33935325515291,1,0.960955694834167,-0.0686633051658329,0.0686633051658329,0.0686633051658329,0.00471464947629629,0.564622294486074,1.36343278800196,1,1.40084552213737,-0.0991544778626319,0.0991544778626319,0.0991544778626319,0.00983161048021115,1.30668272355515,1.55321510339197,1,1.7143906229295,-0.0856093770705042,0.0856093770705042,0.0856093770705042,0.00732896544239977,1.61575696573037,1.83398161601569,1
49,"n600-b1_2-b2_2p8-b3_2p8",600,3,483,1,1,0.6931472,1.029619,1.029619,1.5,1.8,1,1.3,0.0566666666666666,204,94,196,106,FALSE,NA,TRUE,NA,0.747311743674158,0.0541645436741582,0.0541645436741582,0.0541645436741582,0.0029337977914298,0.431541524379848,1.06015763936711,1,1.10420129763657,0.0745822976365651,0.0745822976365651,0.0745822976365651,0.00556251912074918,0.831576532843886,1.38747346278463,1,0.808040948002509,-0.221578051997491,0.221578051997491,0.221578051997491,0.049096833127003,0.424916281406231,1.18480036116819,1,1.52541149485078,0.0254114948507844,0.0254114948507844,0.0254114948507844,0.000645744070551443,1.45733802752589,1.62234506510266,1,1.76923834507289,-0.0307616549271064,0.0307616549271064,0.0307616549271064,0.000946279413854367,1.70677789996476,1.88054852147464,1
49,"n600-b1_2-b2_2p8-b3_2p8",600,4,484,1,1,0.6931472,1.029619,1.029619,1.5,1.8,1,1.3,0.0666666666666667,207,104,198,91,FALSE,NA,TRUE,NA,0.950559032683224,0.257411832683224,0.257411832683224,0.257411832683224,0.0662608516053363,0.627944627182784,1.28362782488261,1,1.26083490931989,0.231215909319887,0.231215909319887,0.231215909319887,0.0534607967226224,0.954631144281759,1.57318756985061,1,0.793300049702641,-0.236318950297359,0.236318950297359,0.236318950297359,0.0558466462696458,0.386912079999457,1.19855645311138,1,1.46009644264584,-0.0399035573541588,0.0399035573541588,0.0399035573541588,0.00159229388951664,1.36115026186652,1.58494541872097,1,1.83009596357366,0.030095963573656,0.030095963573656,0.030095963573656,0.000905767023426826,1.67911364185587,2.09667210606701,1
49,"n600-b1_2-b2_2p8-b3_2p8",600,5,485,1,1,0.6931472,1.029619,1.029619,1.5,1.8,1,1.3,0.0716666666666667,213,125,183,79,FALSE,NA,TRUE,NA,0.637878394494332,-0.055268805505668,0.055268805505668,0.055268805505668,0.00305464086202336,0.32304874393801,0.960577421798818,1,0.971301708727704,-0.0583172912722958,0.0583172912722958,0.0583172912722958,0.00340090646133779,0.672293853620828,1.28232531740104,1,1.14423921197857,0.114620211978573,0.114620211978573,0.114620211978573,0.013137792994013,0.742033746852684,1.5370817595489,1,1.49815813691119,-0.00184186308880752,0.00184186308880752,0.00184186308880752,3.39245963791156e-06,1.44160769389512,1.64792184523289,1,1.7944551412771,-0.00554485872290322,0.00554485872290322,0.00554485872290322,3.0745458256956e-05,1.73364378388417,1.9776184169,1
49,"n600-b1_2-b2_2p8-b3_2p8",600,6,486,1,1,0.6931472,1.029619,1.029619,1.5,1.8,1,1.3,0.0783333333333334,190,100,196,114,FALSE,NA,TRUE,NA,0.627559389328599,-0.0655878106714006,0.0655878106714006,0.0655878106714006,0.00430176090866749,0.322338254551929,0.933224690746237,1,1.08660919372465,0.0569901937246509,0.0569901937246509,0.0569901937246509,0.00324788218077323,0.817597309836596,1.36447232838665,1,1.08494935486008,0.0553303548600781,0.0553303548600781,0.0553303548600781,0.00306144816894217,0.702404825459222,1.46777154695796,1,1.4952969280611,-0.0047030719388983,0.0047030719388983,0.0047030719388983,2.21188856624526e-05,1.44069971737509,1.61912815202201,1,1.81110709356502,0.0111070935650186,0.0111070935650186,0.0111070935650186,0.000123367527462078,1.71699258993943,1.9307732726956,1
49,"n600-b1_2-b2_2p8-b3_2p8",600,7,487,1,1,0.6931472,1.029619,1.029619,1.5,1.8,1,1.3,0.0649999999999999,195,110,190,105,FALSE,NA,TRUE,NA,0.772507084077931,0.0793598840779307,0.0793598840779307,0.0793598840779307,0.0062979912008626,0.468572301995649,1.08602121686561,1,1.04782548572695,0.018206485726951,0.018206485726951,0.018206485726951,0.000331476122525672,0.765188889139841,1.33383562071626,1,0.719304273613705,-0.310314726386295,0.310314726386295,0.310314726386295,0.0962952294122011,0.339638066596748,1.10046570129385,1,1.34930592345791,-0.150694076542093,0.150694076542093,0.150694076542093,0.0227087047048742,1.26149900557735,1.50006832385001,1,1.74746194394261,-0.0525380560573852,0.0525380560573852,0.0525380560573852,0.00276024733428894,1.63505091948575,1.95320465973597,1
49,"n600-b1_2-b2_2p8-b3_2p8",600,8,488,1,1,0.6931472,1.029619,1.029619,1.5,1.8,1,1.3,0.0783333333333334,182,115,216,87,FALSE,NA,TRUE,NA,0.647537897508576,-0.0456093024914238,0.0456093024914238,0.0456093024914238,0.0020802084737542,0.330102745671831,0.975553040143966,1,1.0414782938805,0.0118592938805007,0.0118592938805007,0.0118592938805007,0.000140642851344081,0.751357459491697,1.34611792367162,1,0.843817066432989,-0.185801933567011,0.185801933567011,0.185801933567011,0.0345223585172399,0.449638078170785,1.23174991886758,1,1.53818001134569,0.0381800113456883,0.0381800113456883,0.0381800113456883,0.00145771326635688,1.46566934984189,1.65519296518486,1,1.7734953553697,-0.0265046446302997,0.0265046446302997,0.0265046446302997,0.000702496186978473,1.69064941393884,1.89842093214974,1
49,"n600-b1_2-b2_2p8-b3_2p8",600,9,489,1,1,0.6931472,1.029619,1.029619,1.5,1.8,1,1.3,0.0600000000000001,170,98,222,110,FALSE,NA,TRUE,NA,0.576879705623037,-0.116267494376963,0.116267494376963,0.116267494376963,0.0135181302486971,0.280053739757406,0.877679636906311,1,0.786503656899036,-0.243115343100964,0.243115343100964,0.243115343100964,0.0591050700510993,0.532657652591347,1.04885525979074,1,1.22665373963654,0.19703473963654,0.19703473963654,0.19703473963654,0.0388226886236389,0.846293380064637,1.60337811106626,1,1.48447571673397,-0.0155242832660323,0.0155242832660323,0.0155242832660323,0.00024100337092401,1.41842877325684,1.60622572160153,1,1.77159267086485,-0.0284073291351494,0.0284073291351494,0.0284073291351494,0.00080697634859271,1.65887381211425,2.00930132324446,1
49,"n600-b1_2-b2_2p8-b3_2p8",600,10,490,1,1,0.6931472,1.029619,1.029619,1.5,1.8,1,1.3,0.075,202,95,196,107,FALSE,NA,TRUE,NA,0.716730679794798,0.0235834797947984,0.0235834797947984,0.0235834797947984,0.000556180519231662,0.410060510061041,1.02358038229506,1,1.15326721359655,0.123648213596554,0.123648213596554,0.123648213596554,0.0152888807256191,0.878289969052434,1.43188299885091,1,0.839257480873719,-0.190361519126281,0.190361519126281,0.190361519126281,0.0362375079640655,0.462186757539701,1.2197583538854,1,1.42007393716551,-0.0799260628344938,0.0799260628344938,0.0799260628344938,0.00638817552022345,1.30968626460731,1.54649816639407,1,1.91056437477357,0.110564374773565,0.110564374773565,0.110564374773565,0.0122244809690694,1.80532834414839,2.01601910872652,0
50,"n600-b1_2-b2_2p8-b3_2p8",600,1,491,1,1,0.6931472,1.029619,1.029619,1.5,1.8,1,1.3,0.0583333333333333,206,101,185,108,FALSE,NA,TRUE,NA,0.721105190359051,0.0279579903590511,0.0279579903590511,0.0279579903590511,0.000781649224916795,0.415317791907276,1.02696065350279,1,0.931669698655728,-0.0979493013442717,0.0979493013442717,0.0979493013442717,0.00959406563383095,0.654621389849666,1.21384570153345,1,0.99102317919582,-0.0385958208041801,0.0385958208041801,0.0385958208041801,0.00148963738354838,0.605666455146742,1.37651794098507,1,1.45093626061132,-0.0490637393886832,0.0490637393886832,0.0490637393886832,0.00240725052280063,1.30035206391915,1.62302048665549,1,1.65691693411933,-0.143083065880673,0.143083065880673,0.143083065880673,0.0204727637418129,1.5251198348278,1.81688737987281,1
50,"n600-b1_2-b2_2p8-b3_2p8",600,2,492,1,1,0.6931472,1.029619,1.029619,1.5,1.8,1,1.3,0.0633333333333334,223,86,186,105,FALSE,NA,TRUE,NA,0.706545367643995,0.0133981676439946,0.0133981676439946,0.0133981676439946,0.000179510896216584,0.387035604614551,1.02808981429187,1,0.981643630645221,-0.047975369354779,0.047975369354779,0.047975369354779,0.00230163606472747,0.708158308340498,1.26091238493446,1,1.0381351885619,0.00851618856189673,0.00851618856189673,0.00851618856189673,7.25254676217807e-05,0.645495940189016,1.42867783918569,1,1.46589169656988,-0.0341083034301186,0.0341083034301186,0.0341083034301186,0.00116337636288104,1.39772917655481,1.54216969306792,1,1.75393076800175,-0.0460692319982483,0.0460692319982483,0.0460692319982483,0.00212237413690843,1.66920157321248,1.84147257151281,1
50,"n600-b1_2-b2_2p8-b3_2p8",600,3,493,1,1,0.6931472,1.029619,1.029619,1.5,1.8,1,1.3,0.075,189,105,201,105,FALSE,NA,TRUE,NA,0.840324629738324,0.147177429738324,0.147177429738324,0.147177429738324,0.0216611958243794,0.529081209998121,1.15137393930563,1,1.30414542998349,0.274526429983492,0.274526429983492,0.274526429983492,0.0753647607594811,1.01769477955996,1.59589630543562,1,0.960579732575207,-0.069039267424793,0.069039267424793,0.069039267424793,0.00476642044655209,0.563248958891271,1.35084160735264,1,1.47399060690503,-0.0260093930949741,0.0260093930949741,0.0260093930949741,0.000676488529168885,1.36045191854692,1.63735975629388,1,1.67885999128279,-0.121140008717209,0.121140008717209,0.121140008717209,0.0146749017120056,1.61251410495238,1.78133253905591,0
50,"n600-b1_2-b2_2p8-b3_2p8",600,4,494,1,1,0.6931472,1.029619,1.029619,1.5,1.8,1,1.3,0.0616666666666666,208,90,208,94,FALSE,NA,TRUE,NA,0.726582056631833,0.0334348566318327,0.0334348566318327,0.0334348566318327,0.0011178896379912,0.399669391830981,1.0518972017987,1,0.970626654975513,-0.0589923450244868,0.0589923450244868,0.0589923450244868,0.00348009677148809,0.692749426986606,1.25546945622599,1,1.09572671320428,0.0661077132042815,0.0661077132042815,0.0661077132042815,0.00437022974509954,0.694790408923302,1.49471277446117,1,1.45953771156094,-0.0404622884390609,0.0404622884390609,0.0404622884390609,0.00163719678572576,1.39900438976648,1.53939714112294,1,1.77401759249688,-0.025982407503119,0.025982407503119,0.025982407503119,0.000675085499658133,1.69938063438607,1.90053975860233,1
50,"n600-b1_2-b2_2p8-b3_2p8",600,5,495,1,1,0.6931472,1.029619,1.029619,1.5,1.8,1,1.3,0.0766666666666667,184,95,218,103,FALSE,NA,TRUE,NA,0.599773120544114,-0.0933740794558855,0.0933740794558855,0.0933740794558855,0.00871871871423402,0.293371654417775,0.906900731418466,1,0.954706647179342,-0.0749123528206582,0.0749123528206582,0.0749123528206582,0.00561186060512678,0.681953243581125,1.23419755470166,1,1.14170268406155,0.112083684061555,0.112083684061555,0.112083684061555,0.0125627522328104,0.75323504621036,1.52476782725173,1,1.52771080664922,0.0277108066492247,0.0277108066492247,0.0277108066492247,0.000767888805150713,1.46311652330208,1.59896602086006,1,1.82476278818086,0.0247627881808565,0.0247627881808565,0.0247627881808565,0.000613195678489968,1.78333247100417,1.92581309020219,1
50,"n600-b1_2-b2_2p8-b3_2p8",600,6,496,1,1,0.6931472,1.029619,1.029619,1.5,1.8,1,1.3,0.075,211,95,193,101,FALSE,NA,TRUE,NA,0.654765252789003,-0.0383819472109966,0.0383819472109966,0.0383819472109966,0.00147317387170773,0.334813575976167,0.972453567040797,1,1.00904427662747,-0.0205747233725291,0.0205747233725291,0.0205747233725291,0.000423319241856094,0.730065303945014,1.29494759766066,1,1.06946241189518,0.0398434118951831,0.0398434118951831,0.0398434118951831,0.00158749747144922,0.674796414795406,1.4636720668947,1,1.44433733563574,-0.055662664364259,0.055662664364259,0.055662664364259,0.00309833220412815,1.3296341661461,1.53883283305409,1,1.69812857294313,-0.101871427056865,0.101871427056865,0.101871427056865,0.0103777876506022,1.60785314450701,1.79908777083833,0
50,"n600-b1_2-b2_2p8-b3_2p8",600,7,497,1,1,0.6931472,1.029619,1.029619,1.5,1.8,1,1.3,0.0666666666666667,207,104,192,97,FALSE,NA,TRUE,NA,0.668448778997515,-0.0246984210024852,0.0246984210024852,0.0246984210024852,0.000610012000016002,0.36319391182045,0.977534827521734,1,1.17446667204954,0.144847672049536,0.144847672049536,0.144847672049536,0.02098084809817,0.884350067712168,1.46825862179873,1,1.12648751535033,0.0968685153503339,0.0968685153503339,0.0968685153503339,0.00938350926617788,0.738703339777678,1.50918549217407,1,1.52136786269832,0.0213678626983205,0.0213678626983205,0.0213678626983205,0.000456585556294275,1.45943371946495,1.6242749145958,1,1.8468340783226,0.0468340783226038,0.0468340783226038,0.0468340783226038,0.00219343089232779,1.77557166821058,1.92126094744136,1
50,"n600-b1_2-b2_2p8-b3_2p8",600,8,498,1,1,0.6931472,1.029619,1.029619,1.5,1.8,1,1.3,0.0716666666666667,213,108,179,100,FALSE,NA,TRUE,NA,0.824069195912705,0.130921995912705,0.130921995912705,0.130921995912705,0.0171405690137662,0.515534156148668,1.13236530255427,1,1.06687297126393,0.0372539712639286,0.0372539712639286,0.0372539712639286,0.00138785837493362,0.782899366802351,1.35684108417434,1,1.03073890658704,0.0011199065870422,0.0011199065870422,0.0011199065870422,1.2541907637005e-06,0.644070588897033,1.42486846004854,1,1.4778634123003,-0.0221365876997006,0.0221365876997006,0.0221365876997006,0.000490028514986537,1.36429839734939,1.54495593970459,1,1.83306010409846,0.0330601040984631,0.0330601040984631,0.0330601040984631,0.00109297048300121,1.7786556315529,1.92525293556992,1
50,"n600-b1_2-b2_2p8-b3_2p8",600,9,499,1,1,0.6931472,1.029619,1.029619,1.5,1.8,1,1.3,0.0833333333333334,192,101,192,115,FALSE,NA,TRUE,NA,0.7657811816518,0.0726339816518,0.0726339816518,0.0726339816518,0.00527569529059402,0.47020270431667,1.06490344875962,1,0.814613460480093,-0.215005539519907,0.215005539519907,0.215005539519907,0.0462273820242462,0.555873047787639,1.07846677806954,1,1.21758340210559,0.187964402105593,0.187964402105593,0.187964402105593,0.0353306164589131,0.841003656455522,1.59747506920899,1,1.55824315746818,0.0582431574681841,0.0582431574681841,0.0582431574681841,0.00339226539186369,1.50774399714287,1.65506024885886,0,1.8910851501052,0.0910851501052048,0.0910851501052048,0.0910851501052048,0.00829650456968769,1.8114579782318,2.0884617873172,0
50,"n600-b1_2-b2_2p8-b3_2p8",600,10,500,1,1,0.6931472,1.029619,1.029619,1.5,1.8,1,1.3,0.0766666666666667,196,110,198,96,FALSE,NA,TRUE,NA,0.676719929400782,-0.0164272705992182,0.0164272705992182,0.0164272705992182,0.000269855219339939,0.361817462889344,0.995366477521622,1,1.1179451490008,0.0883261490008023,0.0883261490008023,0.0883261490008023,0.00780150859731192,0.828663234586537,1.41243164722697,1,1.0109319799815,-0.0186870200184994,0.0186870200184994,0.0186870200184994,0.000349204717171798,0.61990472681463,1.40382787722982,1,1.36614529897805,-0.13385470102195,0.13385470102195,0.13385470102195,0.0179170809856757,1.20395742593071,1.56486037085037,1,1.67844778660381,-0.121552213396191,0.121552213396191,0.121552213396191,0.0147749405815132,1.55497556955276,1.85541635003604,1
