"replicate_index","scenario_label","data_n","data_set_index","global_data_set_index","data_set_attempt","start_index","true_beta_1","true_beta_2","true_beta_3","true_gamma_1","true_gamma_2","gamma_start_1","gamma_start_2","censoring_proportion","treated_above","treated_below","control_above","control_below","skipped","skip_reason","converged","error","beta_1_value","beta_1_bias","beta_1_absolute_bias","beta_1_rmse","beta_1_squared_bias","beta_1_interval_lower","beta_1_interval_upper","beta_1_covered","beta_2_value","beta_2_bias","beta_2_absolute_bias","beta_2_rmse","beta_2_squared_bias","beta_2_interval_lower","beta_2_interval_upper","beta_2_covered","beta_3_value","beta_3_bias","beta_3_absolute_bias","beta_3_rmse","beta_3_squared_bias","beta_3_interval_lower","beta_3_interval_upper","beta_3_covered","gamma_1_value","gamma_1_bias","gamma_1_absolute_bias","gamma_1_rmse","gamma_1_squared_bias","gamma_1_interval_lower","gamma_1_interval_upper","gamma_1_covered","gamma_2_value","gamma_2_bias","gamma_2_absolute_bias","gamma_2_rmse","gamma_2_squared_bias","gamma_2_interval_lower","gamma_2_interval_upper","gamma_2_covered"
1,"n600-b1_1-b2_2p8-b3_2p8",600,1,1,1,1,0,1.029619,1.029619,1.5,1.8,1,1.3,0.12,176,99,215,110,FALSE,NA,TRUE,NA,-0.0415335753075497,-0.0415335753075497,0.0415335753075497,0.0415335753075497,0.0017250378778279,-0.374798177857583,0.278435517302123,1,1.19355149970244,0.16393249970244,0.16393249970244,0.16393249970244,0.0268738644586904,0.92029390722026,1.47385645639127,1,1.27710819561292,0.24748919561292,0.24748919561292,0.24748919561292,0.0612509019451303,0.883140968804798,1.66840231331177,1,1.47983480602935,-0.0201651939706478,0.0201651939706478,0.0201651939706478,0.000406635047873849,1.41222821262609,1.56288104369762,1,1.80728894019954,0.00728894019954485,0.00728894019954485,0.00728894019954485,5.31286492325409e-05,1.78148766895915,1.88776629779774,1
1,"n600-b1_1-b2_2p8-b3_2p8",600,2,2,1,1,0,1.029619,1.029619,1.5,1.8,1,1.3,0.0983333333333334,193,114,206,87,FALSE,NA,TRUE,NA,0.31159994616411,0.31159994616411,0.31159994616411,0.31159994616411,0.0970945264494761,-0.0195299851867284,0.64743669621853,1,1.45126029508473,0.421641295084729,0.421641295084729,0.421641295084729,0.177781381720728,1.14611167542324,1.77463542932492,0,0.449775461287247,-0.579843538712753,0.579843538712753,0.579843538712753,0.336218529386928,0.0535948079474395,0.841791481525698,0,1.51180908149567,0.0118090814956722,0.0118090814956722,0.0118090814956722,0.000139454405771427,1.44365734718919,1.59055622547678,1,1.72037104597489,-0.0796289540251125,0.0796289540251125,0.0796289540251125,0.00634077031913348,1.67691724991377,1.82080115228503,1
1,"n600-b1_1-b2_2p8-b3_2p8",600,3,3,1,1,0,1.029619,1.029619,1.5,1.8,1,1.3,0.103333333333333,197,84,207,112,FALSE,NA,TRUE,NA,0.124329990756836,0.124329990756836,0.124329990756836,0.124329990756836,0.0154579466015949,-0.21026559223584,0.457891965237723,1,1.2055886784851,0.175969678485104,0.175969678485104,0.175969678485104,0.030965327746151,0.9311023461484,1.48427330416437,1,0.850574847494741,-0.17904415250526,0.17904415250526,0.17904415250526,0.0320568085463266,0.457773717306378,1.23860659660266,1,1.52981902843722,0.0298190284372237,0.0298190284372237,0.0298190284372237,0.000889174456939957,1.47812022263151,1.65505438409764,1,1.82469041948249,0.024690419482494,0.024690419482494,0.024690419482494,0.000609616814221517,1.70923517568599,1.97456512696656,1
1,"n600-b1_1-b2_2p8-b3_2p8",600,4,4,1,1,0,1.029619,1.029619,1.5,1.8,1,1.3,0.113333333333333,192,92,211,105,FALSE,NA,TRUE,NA,0.393886179892437,0.393886179892437,0.393886179892437,0.393886179892437,0.155146322710257,0.065638952381695,0.724966516884073,0,1.19614356915202,0.166524569152017,0.166524569152017,0.166524569152017,0.027730432131265,0.909575093500457,1.49022006805161,1,0.596449852456254,-0.433169147543746,0.433169147543746,0.433169147543746,0.187635510383775,0.206551686431155,0.984464218291999,0,1.50266580362049,0.0026658036204914,0.0026658036204914,0.0026658036204914,7.10650894302507e-06,1.42493374425479,1.68240392867979,1,1.81772151375399,0.0177215137539881,0.0177215137539881,0.0177215137539881,0.00031405204973279,1.69528744330763,2.01645920946572,1
1,"n600-b1_1-b2_2p8-b3_2p8",600,5,5,1,1,0,1.029619,1.029619,1.5,1.8,1,1.3,0.095,188,123,207,82,FALSE,NA,TRUE,NA,-0.112579371309338,-0.112579371309338,0.112579371309338,0.112579371309338,0.0126741148444058,-0.427170285596181,0.203433919627521,1,1.03055856439173,0.000939564391734038,0.000939564391734038,0.000939564391734038,8.82781246214553e-07,0.739263332473283,1.33329368298712,1,1.31935011074833,0.289731110748327,0.289731110748327,0.289731110748327,0.0839441165354594,0.929469734918068,1.70238463236669,1,1.51365690672034,0.0136569067203418,0.0136569067203418,0.0136569067203418,0.000186511101168117,1.49080109203965,1.58095975962538,1,1.79209388257905,-0.00790611742095448,0.00790611742095448,0.00790611742095448,6.250669267392e-05,1.73957014715305,1.86657541181994,1
1,"n600-b1_1-b2_2p8-b3_2p8",600,6,6,1,1,0,1.029619,1.029619,1.5,1.8,1,1.3,0.0866666666666667,209,95,197,99,FALSE,NA,TRUE,NA,0.202843112808342,0.202843112808342,0.202843112808342,0.202843112808342,0.0411453284137779,-0.118668472256155,0.521927073649706,1,0.955970412705998,-0.0736485872940023,0.0736485872940023,0.0736485872940023,0.00542411441040227,0.678281692228443,1.24164904096151,1,1.14652864413329,0.116909644133293,0.116909644133293,0.116909644133293,0.0136678648913731,0.76061449994092,1.52889634475266,1,1.48404414758821,-0.0159558524117864,0.0159558524117864,0.0159558524117864,0.000254589226186711,1.43183639402154,1.58064704684739,1,1.7425740107151,-0.0574259892848965,0.0574259892848965,0.0574259892848965,0.00329774424534905,1.68106754503745,1.83331471108643,1
1,"n600-b1_1-b2_2p8-b3_2p8",600,7,7,1,1,0,1.029619,1.029619,1.5,1.8,1,1.3,0.0783333333333334,211,92,185,112,FALSE,NA,TRUE,NA,-0.0334286411048252,-0.0334286411048252,0.0334286411048252,0.0334286411048252,0.00111747404611521,-0.346728789689575,0.277485312501185,1,0.984438757164753,-0.0451802428352468,0.0451802428352468,0.0451802428352468,0.00204125434265187,0.724674208730877,1.24436052645989,1,0.806735616898783,-0.222883383101217,0.222883383101217,0.222883383101217,0.049677002462644,0.436802476199415,1.17675580466583,1,1.47608940064927,-0.0239105993507331,0.0239105993507331,0.0239105993507331,0.00057171676131128,1.34105774244638,1.63232443181414,1,1.86851339987329,0.0685133998732932,0.0685133998732932,0.0685133998732932,0.00469408596219777,1.77443178809685,2.00617865840205,1
1,"n600-b1_1-b2_2p8-b3_2p8",600,8,8,1,1,0,1.029619,1.029619,1.5,1.8,1,1.3,0.106666666666667,209,92,203,96,FALSE,NA,TRUE,NA,0.0497317070907301,0.0497317070907301,0.0497317070907301,0.0497317070907301,0.00247324269015818,-0.302238232541382,0.388057448027097,1,1.02863597331415,-0.000983026685855037,0.000983026685855037,0.000983026685855037,9.66341465103138e-07,0.736711619379594,1.327431760829,1,1.07841669524637,0.0487976952463713,0.0487976952463713,0.0487976952463713,0.00238121506135773,0.673968605404307,1.48306427157326,1,1.4980108498247,-0.00198915017530421,0.00198915017530421,0.00198915017530421,3.95671841991277e-06,1.43472918148284,1.63928766119849,1,1.83381400102307,0.0338140010230663,0.0338140010230663,0.0338140010230663,0.00114338666518793,1.74734424558005,2.06096205395453,1
1,"n600-b1_1-b2_2p8-b3_2p8",600,9,9,1,1,0,1.029619,1.029619,1.5,1.8,1,1.3,0.0883333333333334,188,96,208,108,FALSE,NA,TRUE,NA,0.0978435907328618,0.0978435907328618,0.0978435907328618,0.0978435907328618,0.00957336824749975,-0.212329301929514,0.412354061219259,1,1.09566949638293,0.0660504963829316,0.0660504963829316,0.0660504963829316,0.00436266807243166,0.828890982998177,1.36735536625487,1,0.807678445942632,-0.221940554057368,0.221940554057368,0.221940554057368,0.0492576095352914,0.434053403677289,1.17906564168428,1,1.58646313588585,0.0864631358858456,0.0864631358858456,0.0864631358858456,0.00747587386721421,1.48281969718682,1.8210031891345,1,1.85232194483622,0.0523219448362218,0.0523219448362218,0.0523219448362218,0.00273758591144463,1.66040362957316,2.11336728714436,1
1,"n600-b1_1-b2_2p8-b3_2p8",600,10,10,1,1,0,1.029619,1.029619,1.5,1.8,1,1.3,0.105,195,97,198,110,FALSE,NA,TRUE,NA,0.123874193636763,0.123874193636763,0.123874193636763,0.123874193636763,0.0153448158491582,-0.190657801729618,0.439139268663371,1,1.06039286368124,0.0307738636812398,0.0307738636812398,0.0307738636812398,0.00094703068587153,0.78523125804306,1.34296844304676,1,0.866045609533542,-0.163573390466458,0.163573390466458,0.163573390466458,0.0267562540686925,0.479521013171911,1.24492671274105,1,1.53491347822841,0.0349134782284062,0.0349134782284062,0.0349134782284062,0.00121895096200539,1.45238824618919,1.64608141159212,1,1.84661557778312,0.0466155777831192,0.0466155777831192,0.0466155777831192,0.00217301209205404,1.60431792498408,2.00180914551622,1
2,"n600-b1_1-b2_2p8-b3_2p8",600,1,11,1,1,0,1.029619,1.029619,1.5,1.8,1,1.3,0.0966666666666667,196,118,191,95,FALSE,NA,TRUE,NA,0.0306630548392984,0.0306630548392984,0.0306630548392984,0.0306630548392984,0.000940222932077821,-0.274307429763307,0.333533826890062,1,0.941190818869882,-0.0884281811301177,0.0884281811301177,0.0884281811301177,0.00781954321798091,0.666409634086753,1.21912261975262,1,1.06727718329401,0.0376581832940142,0.0376581832940142,0.0376581832940142,0.00141813876900557,0.695407430914857,1.4421530808691,1,1.68852271677906,0.188522716779062,0.188522716779062,0.188522716779062,0.0355408147417584,1.63229369462236,1.86091401278765,0,1.87426113322864,0.074261133228636,0.074261133228636,0.074261133228636,0.00551471590840123,1.78369819987995,2.15233975010422,1
2,"n600-b1_1-b2_2p8-b3_2p8",600,2,12,1,1,0,1.029619,1.029619,1.5,1.8,1,1.3,0.09,207,94,209,90,FALSE,NA,TRUE,NA,-0.0604284660502252,-0.0604284660502252,0.0604284660502252,0.0604284660502252,0.00365159950918322,-0.389058890922738,0.267056057615746,1,0.926339521840241,-0.103279478159759,0.103279478159759,0.103279478159759,0.010666650608952,0.651066169793634,1.21192940350061,1,1.31386319783661,0.284244197836605,0.284244197836605,0.284244197836605,0.0807947640037753,0.921915225996866,1.71009404230012,1,1.53257897069025,0.0325789706902526,0.0325789706902526,0.0325789706902526,0.00106138933123634,1.47440568873014,1.72006534294228,1,1.88592568733911,0.0859256873391092,0.0859256873391092,0.0859256873391092,0.00738322374469835,1.78938895035952,2.07637538394596,1
2,"n600-b1_1-b2_2p8-b3_2p8",600,3,13,1,1,0,1.029619,1.029619,1.5,1.8,1,1.3,0.095,197,105,199,99,FALSE,NA,TRUE,NA,0.00453657070308971,0.00453657070308971,0.00453657070308971,0.00453657070308971,2.05804737441319e-05,-0.326511113981119,0.332386235986224,1,1.32577005068567,0.296151050685667,0.296151050685667,0.296151050685667,0.0877054448222243,1.03873860211626,1.61727606152471,0,0.836253804194677,-0.193365195805323,0.193365195805323,0.193365195805323,0.0373900989488311,0.446169362795542,1.22575362684441,1,1.404925404811,-0.0950745951890049,0.0950745951890049,0.0950745951890049,0.00903917865035314,1.38140012120272,1.44081143923901,0,1.74458135041254,-0.0554186495874645,0.0554186495874645,0.0554186495874645,0.00307122672209817,1.67228369410992,1.83430622504608,1
2,"n600-b1_1-b2_2p8-b3_2p8",600,4,14,1,1,0,1.029619,1.029619,1.5,1.8,1,1.3,0.0933333333333334,196,82,222,100,FALSE,NA,TRUE,NA,-0.168762557972198,-0.168762557972198,0.168762557972198,0.168762557972198,0.0284808009733195,-0.511764187561192,0.172644689675977,1,0.897696525964736,-0.131922474035264,0.131922474035264,0.131922474035264,0.0174035391555849,0.628317603381929,1.17605879454278,1,1.1150751771914,0.0854561771914022,0.0854561771914022,0.0854561771914022,0.00730275822016833,0.715591613682193,1.51581706619806,1,1.50586427022741,0.00586427022740521,0.00586427022740521,0.00586427022740521,3.43896653000312e-05,1.4371711441179,1.65478712556259,1,1.78984180859676,-0.0101581914032383,0.0101581914032383,0.0101581914032383,0.000103188852584824,1.70071644075896,2.00611850285443,1
2,"n600-b1_1-b2_2p8-b3_2p8",600,5,15,1,1,0,1.029619,1.029619,1.5,1.8,1,1.3,0.1,183,91,207,119,FALSE,NA,TRUE,NA,-0.290490754820856,-0.290490754820856,0.290490754820856,0.290490754820856,0.0843848786363909,-0.617128425081319,0.0332688391971574,1,1.07307008694985,0.043451086949845,0.043451086949845,0.043451086949845,0.00188799695712299,0.820640200380876,1.3360997044266,1,1.43246085585857,0.402841855858565,0.402841855858565,0.402841855858565,0.162281560831573,1.03809229501614,1.82889611087476,0,1.49705187896445,-0.00294812103554576,0.00294812103554576,0.00294812103554576,8.6914176402274e-06,1.45066511770318,1.55319583623517,1,1.80461187901054,0.00461187901054316,0.00461187901054316,0.00461187901054316,2.12694280078886e-05,1.71407570990854,1.87662633607178,1
2,"n600-b1_1-b2_2p8-b3_2p8",600,6,16,1,1,0,1.029619,1.029619,1.5,1.8,1,1.3,0.11,198,82,211,109,FALSE,NA,TRUE,NA,-0.0321003992884308,-0.0321003992884308,0.0321003992884308,0.0321003992884308,0.00103043563447669,-0.37123721282159,0.302273354783469,1,1.03642781677097,0.00680881677096634,0.00680881677096634,0.00680881677096634,4.63599858205925e-05,0.768340961444338,1.31245715322961,1,1.25442371871277,0.22480471871277,0.22480471871277,0.22480471871277,0.0505371615555275,0.84893066358881,1.6508710653503,1,1.50045943050083,0.000459430500826752,0.000459430500826752,0.000459430500826752,2.1107638508992e-07,1.45823676003495,1.56090713883218,1,1.83749668308794,0.037496683087944,0.037496683087944,0.037496683087944,0.0014060012425977,1.77761111688768,1.92031929174195,1
2,"n600-b1_1-b2_2p8-b3_2p8",600,7,17,1,1,0,1.029619,1.029619,1.5,1.8,1,1.3,0.0833333333333334,191,101,218,90,FALSE,NA,TRUE,NA,-0.0700997295397241,-0.0700997295397241,0.0700997295397241,0.0700997295397241,0.00491397208154247,-0.398703273381944,0.26128677218494,1,1.19267817460749,0.163059174607487,0.163059174607487,0.163059174607487,0.0265882944236748,0.901492614386593,1.49471008168276,1,0.911325744149042,-0.118293255850958,0.118293255850958,0.118293255850958,0.0139932943798202,0.522426366922436,1.29606282937861,1,1.51033561736344,0.0103356173634397,0.0103356173634397,0.0103356173634397,0.000106824986283436,1.44598296995847,1.70488710775051,1,1.7749385355149,-0.0250614644851004,0.0250614644851004,0.0250614644851004,0.000628077002137948,1.693249618773,1.96084060339081,1
2,"n600-b1_1-b2_2p8-b3_2p8",600,8,18,1,1,0,1.029619,1.029619,1.5,1.8,1,1.3,0.101666666666667,212,102,175,111,FALSE,NA,TRUE,NA,0.29352980447393,0.29352980447393,0.29352980447393,0.29352980447393,0.0861597461145038,-0.0150045841193107,0.60894212635873,1,1.1718739558666,0.142254955866602,0.142254955866602,0.142254955866602,0.020236472468609,0.891476143021688,1.45296025380307,1,0.698450621912586,-0.331168378087414,0.331168378087414,0.331168378087414,0.109672494645048,0.318813226318361,1.06905028977628,1,1.56182826862546,0.061828268625461,0.061828268625461,0.061828268625461,0.00382273480122216,1.41395790845023,1.69098563517047,1,1.8544841429606,0.0544841429605964,0.0544841429605964,0.0544841429605964,0.00296852183415071,1.59778576706795,1.99226811756548,1
2,"n600-b1_1-b2_2p8-b3_2p8",600,9,19,1,1,0,1.029619,1.029619,1.5,1.8,1,1.3,0.108333333333333,211,106,187,96,FALSE,NA,TRUE,NA,-0.0491070628524311,-0.0491070628524311,0.0491070628524311,0.0491070628524311,0.00241150362199262,-0.379221099919219,0.283237042238401,1,1.16016549367512,0.13054649367512,0.13054649367512,0.13054649367512,0.0170423870108681,0.873163644002175,1.45354406883263,1,0.976943777990375,-0.0526752220096252,0.0526752220096252,0.0526752220096252,0.0027746790137633,0.579196849954382,1.3693557969537,1,1.4579007598484,-0.0420992401515976,0.0420992401515976,0.0420992401515976,0.00177234602134189,1.132151835286,1.58452208001958,1,1.79820578242005,-0.00179421757995146,0.00179421757995146,0.00179421757995146,3.21921672420688e-06,1.67261711375104,1.89428177043895,1
2,"n600-b1_1-b2_2p8-b3_2p8",600,10,20,1,1,0,1.029619,1.029619,1.5,1.8,1,1.3,0.085,202,99,197,102,FALSE,NA,TRUE,NA,-0.0952657923684876,-0.0952657923684876,0.0952657923684876,0.0952657923684876,0.00907557119559578,-0.409336601827156,0.215296958103751,1,0.877773042162001,-0.151845957837999,0.151845957837999,0.151845957837999,0.0230571949117394,0.605883004997092,1.15498872779217,1,1.23257405532283,0.202955055322833,0.202955055322833,0.202955055322833,0.0411907544810942,0.854346118188251,1.61437208754304,1,1.49480144213319,-0.00519855786680656,0.00519855786680656,0.00519855786680656,2.70250038945364e-05,1.43423797211637,1.58696349214994,1,1.7443998725947,-0.0556001274053046,0.0556001274053046,0.0556001274053046,0.00309137416748611,1.52747059252163,1.87197946814633,1
3,"n600-b1_1-b2_2p8-b3_2p8",600,1,21,1,1,0,1.029619,1.029619,1.5,1.8,1,1.3,0.0916666666666667,202,93,202,103,FALSE,NA,TRUE,NA,0.0130263423109446,0.0130263423109446,0.0130263423109446,0.0130263423109446,0.000169685594001905,-0.320485974094189,0.347247554234636,1,1.23793314992531,0.208314149925314,0.208314149925314,0.208314149925314,0.0433947850591063,0.958187783158157,1.52068944257765,1,0.850789733589646,-0.178829266410354,0.178829266410354,0.178829266410354,0.0319799065248653,0.458631801175549,1.24718667335436,1,1.44427101160176,-0.055728988398235,0.055728988398235,0.055728988398235,0.00310572014789062,1.37933384584538,1.55940766485726,1,1.59456278397834,-0.205437216021658,0.205437216021658,0.205437216021658,0.0422044497267295,1.47482282877187,1.7894956520144,0
3,"n600-b1_1-b2_2p8-b3_2p8",600,2,22,1,1,0,1.029619,1.029619,1.5,1.8,1,1.3,0.09,191,107,213,89,FALSE,NA,TRUE,NA,-0.0388133699014319,-0.0388133699014319,0.0388133699014319,0.0388133699014319,0.00150647768310538,-0.356373917556814,0.282512384041722,1,1.14070849940139,0.111089499401394,0.111089499401394,0.111089499401394,0.0123408768772524,0.849287871773156,1.43088715547127,1,1.02572716661777,-0.00389183338222887,0.00389183338222887,0.00389183338222887,1.5146367075031e-05,0.633247346417794,1.4109256355116,1,1.57252916644335,0.0725291664433461,0.0725291664433461,0.0725291664433461,0.0052604799849666,1.40162818221646,1.66824729662185,1,1.74759862997368,-0.0524013700263184,0.0524013700263184,0.0524013700263184,0.00274590358063514,1.66074490998368,1.85542798515689,1
3,"n600-b1_1-b2_2p8-b3_2p8",600,3,23,1,1,0,1.029619,1.029619,1.5,1.8,1,1.3,0.0933333333333334,186,111,196,107,FALSE,NA,TRUE,NA,0.106376761607746,0.106376761607746,0.106376761607746,0.106376761607746,0.0113160154101513,-0.194235327388005,0.40648853905481,1,1.05308489270747,0.0234658927074676,0.0234658927074676,0.0234658927074676,0.00055064812055838,0.789658497090165,1.32834268464329,1,0.947273692551577,-0.0823453074484233,0.0823453074484233,0.0823453074484233,0.00678074965877535,0.575543320313408,1.31643677270905,1,1.60256266495862,0.102562664958617,0.102562664958617,0.102562664958617,0.0105191002434136,1.3957538746849,1.78169877325728,1,1.77169798699262,-0.0283020130073837,0.0283020130073837,0.0283020130073837,0.000801003940270114,1.59956825393235,2.05009812470766,1
3,"n600-b1_1-b2_2p8-b3_2p8",600,4,24,1,1,0,1.029619,1.029619,1.5,1.8,1,1.3,0.0916666666666667,206,97,187,110,FALSE,NA,TRUE,NA,-0.0804290434969305,-0.0804290434969305,0.0804290434969305,0.0804290434969305,0.00646883103783115,-0.389891359309995,0.227780983746335,1,1.03471958947775,0.00510058947774583,0.00510058947774583,0.00510058947774583,2.60160130204915e-05,0.768625146285568,1.31182015372594,1,1.26505411569051,0.235435115690514,0.235435115690514,0.235435115690514,0.0554296937002057,0.881343385898536,1.65102026042421,1,1.4739083503185,-0.0260916496814994,0.0260916496814994,0.0260916496814994,0.000680774183102085,1.43238652523432,1.54492886505357,1,1.7969245554316,-0.00307544456839937,0.00307544456839937,0.00307544456839937,9.45835929329716e-06,1.7198465893679,1.8844767774297,1
3,"n600-b1_1-b2_2p8-b3_2p8",600,5,25,1,1,0,1.029619,1.029619,1.5,1.8,1,1.3,0.118333333333333,213,93,188,106,FALSE,NA,TRUE,NA,-0.0192365878230451,-0.0192365878230451,0.0192365878230451,0.0192365878230451,0.000370046311073727,-0.359352779286976,0.321825427864762,1,1.11381625091305,0.0841972509130451,0.0841972509130451,0.0841972509130451,0.00708917706131427,0.831431055672905,1.40882447911024,1,1.05075076137165,0.0211317613716473,0.0211317613716473,0.0211317613716473,0.000446551338668245,0.654322991864416,1.44881452063357,1,1.51767019009671,0.017670190096712,0.017670190096712,0.017670190096712,0.000312235618053939,1.48473294301279,1.55994471929243,1,1.82673072361278,0.026730723612779,0.026730723612779,0.026730723612779,0.000714531584862778,1.77683785603752,1.88123186644577,1
3,"n600-b1_1-b2_2p8-b3_2p8",600,6,26,1,1,0,1.029619,1.029619,1.5,1.8,1,1.3,0.0833333333333334,183,109,199,109,FALSE,NA,TRUE,NA,-0.241319884668402,-0.241319884668402,0.241319884668402,0.241319884668402,0.0582352867363706,-0.541484718889764,0.0625068392081563,1,0.771715589537103,-0.257903410462897,0.257903410462897,0.257903410462897,0.0665141691283934,0.512149571890991,1.03434005077048,1,1.44463569031286,0.41501669031286,0.41501669031286,0.41501669031286,0.172238853238241,1.06596289973778,1.82552370521563,0,1.45720860001941,-0.042791399980586,0.042791399980586,0.042791399980586,0.0018311039122985,1.39736501737066,1.56003349259786,1,1.8535423568784,0.0535423568783953,0.0535423568783953,0.0535423568783953,0.00286678398009344,1.74706733626989,1.94300772294973,1
3,"n600-b1_1-b2_2p8-b3_2p8",600,7,27,1,1,0,1.029619,1.029619,1.5,1.8,1,1.3,0.111666666666667,191,109,202,98,FALSE,NA,TRUE,NA,0.118205249685174,0.118205249685174,0.118205249685174,0.118205249685174,0.0139724810531344,-0.204823867185199,0.444458618130491,1,1.25236960169745,0.222750601697447,0.222750601697447,0.222750601697447,0.0496178305565749,0.961996102938152,1.56473684912835,1,0.775097060365264,-0.254521939634736,0.254521939634736,0.254521939634736,0.0647814177554282,0.383983322776123,1.16040865622245,1,1.62666649454389,0.12666649454389,0.12666649454389,0.12666649454389,0.0160444008400373,1.46494794059096,1.74735420307959,1,1.83703061699706,0.0370306169970598,0.0370306169970598,0.0370306169970598,0.00137126659518293,1.61262722934498,2.00832906446801,1
3,"n600-b1_1-b2_2p8-b3_2p8",600,8,28,1,1,0,1.029619,1.029619,1.5,1.8,1,1.3,0.095,194,97,207,102,FALSE,NA,TRUE,NA,-0.0332133595138192,-0.0332133595138192,0.0332133595138192,0.0332133595138192,0.0011031272501942,-0.354528673372698,0.286878131473821,1,1.01257902108726,-0.0170399789127396,0.0170399789127396,0.0170399789127396,0.000290360881346609,0.744180625748828,1.29107750778201,1,1.00947436397495,-0.0201446360250532,0.0201446360250532,0.0201446360250532,0.000405806360581872,0.620297454949445,1.39567914578095,1,1.62662167785024,0.126621677850238,0.126621677850238,0.126621677850238,0.0160330493016095,1.46724303230103,1.77822273783498,1,1.83174014442437,0.0317401444243688,0.0317401444243688,0.0317401444243688,0.00100743676807979,1.76322104192593,1.94269011973995,1
3,"n600-b1_1-b2_2p8-b3_2p8",600,9,29,1,1,0,1.029619,1.029619,1.5,1.8,1,1.3,0.123333333333333,189,98,190,123,FALSE,NA,TRUE,NA,-0.0311414951746246,-0.0311414951746246,0.0311414951746246,0.0311414951746246,0.000969792721711165,-0.349562223860612,0.281643620230128,1,1.18688766542787,0.157268665427869,0.157268665427869,0.157268665427869,0.0247334331254631,0.914715034768864,1.46974790062914,1,0.880424694945419,-0.149194305054581,0.149194305054581,0.149194305054581,0.0222589406607194,0.495403272589423,1.26382305891646,1,1.51653962264851,0.0165396226485146,0.0165396226485146,0.0165396226485146,0.000273559117355257,1.47018876926902,1.56726122718991,1,1.81754560506541,0.0175456050654088,0.0175456050654088,0.0175456050654088,0.000307848257111299,1.57565127727145,1.88187429415979,1
3,"n600-b1_1-b2_2p8-b3_2p8",600,10,30,1,1,0,1.029619,1.029619,1.5,1.8,1,1.3,0.0816666666666667,211,87,202,100,FALSE,NA,TRUE,NA,-0.116973670164824,-0.116973670164824,0.116973670164824,0.116973670164824,0.013682839511829,-0.449875731327068,0.211936055080236,1,0.857396323950246,-0.172222676049754,0.172222676049754,0.172222676049754,0.0296606501457385,0.588018002064617,1.13310931034299,1,1.17255819963212,0.142939199632124,0.142939199632124,0.142939199632124,0.0204316147914722,0.782382348946725,1.56435814984423,1,1.49079495719371,-0.00920504280629397,0.00920504280629397,0.00920504280629397,8.47328130657044e-05,1.42595212365243,1.55148212230393,1,1.80393741680716,0.0039374168071602,0.0039374168071602,0.0039374168071602,1.55032511133076e-05,1.59824900336673,1.92413954616394,1
4,"n600-b1_1-b2_2p8-b3_2p8",600,1,31,1,1,0,1.029619,1.029619,1.5,1.8,1,1.3,0.0933333333333334,202,84,215,99,FALSE,NA,TRUE,NA,0.0832863142920032,0.0832863142920032,0.0832863142920032,0.0832863142920032,0.00693661014834633,-0.255580495647777,0.420469531898043,1,1.12569933064001,0.0960803306400091,0.0960803306400091,0.0960803306400091,0.00923142993589347,0.849705832838581,1.40836612326592,1,0.88434855618867,-0.14527044381133,0.14527044381133,0.14527044381133,0.0211035018451408,0.491389664451207,1.28575525759132,1,1.51459598706881,0.0145959870688095,0.0145959870688095,0.0145959870688095,0.000213042838512854,1.49355447295106,1.55911383550548,1,1.81295712801798,0.0129571280179759,0.0129571280179759,0.0129571280179759,0.000167887166474216,1.79074272546165,1.86745219522778,1
4,"n600-b1_1-b2_2p8-b3_2p8",600,2,32,1,1,0,1.029619,1.029619,1.5,1.8,1,1.3,0.085,189,102,207,102,FALSE,NA,TRUE,NA,-0.2676646428385,-0.2676646428385,0.2676646428385,0.2676646428385,0.0716443610258616,-0.581979507264529,0.049343774015549,1,0.958923074654505,-0.0706959253454947,0.0706959253454947,0.0706959253454947,0.00499791386045577,0.697271017467738,1.2297534508161,1,1.1031068252403,0.0734878252403013,0.0734878252403013,0.0734878252403013,0.00540046045854906,0.724963679083645,1.48492014157168,1,1.45313091273856,-0.046869087261435,0.046869087261435,0.046869087261435,0.00219671134072001,1.4265077425282,1.52509683901133,1,1.77209268429141,-0.0279073157085914,0.0279073157085914,0.0279073157085914,0.000778818270058992,1.71263206504346,1.84859546724068,1
4,"n600-b1_1-b2_2p8-b3_2p8",600,3,33,1,1,0,1.029619,1.029619,1.5,1.8,1,1.3,0.0883333333333334,216,88,201,95,FALSE,NA,TRUE,NA,0.269315826329249,0.269315826329249,0.269315826329249,0.269315826329249,0.0725310143114063,-0.0724118574865191,0.605330826281555,1,1.13397558661137,0.104356586611372,0.104356586611372,0.104356586611372,0.0108902971691767,0.842636686595818,1.43286480146985,1,0.665746443285545,-0.363872556714455,0.363872556714455,0.363872556714455,0.132403237529914,0.271294888018552,1.06393022374069,1,1.56048439711591,0.0604843971159124,0.0604843971159124,0.0604843971159124,0.00365836229447539,1.45587573892037,1.69042616382555,1,1.7486651622718,-0.0513348377281966,0.0513348377281966,0.0513348377281966,0.00263526556458028,1.5735369759825,1.9576614628946,1
4,"n600-b1_1-b2_2p8-b3_2p8",600,4,34,1,1,0,1.029619,1.029619,1.5,1.8,1,1.3,0.0816666666666667,239,92,182,87,FALSE,NA,TRUE,NA,0.353425566220803,0.353425566220803,0.353425566220803,0.353425566220803,0.124909630858495,0.0152638469318125,0.69156573347133,0,1.14939800652899,0.119779006528989,0.119779006528989,0.119779006528989,0.0143470104050716,0.847849629091694,1.46127528332223,1,0.77306340028997,-0.25655559971003,0.25655559971003,0.25655559971003,0.0658207757425731,0.370905445959823,1.16945041768981,1,1.4470844500615,-0.0529155499385012,0.0529155499385012,0.0529155499385012,0.00280005542529402,1.3660659074494,1.59765449329489,1,1.78126812044728,-0.0187318795527176,0.0187318795527176,0.0187318795527176,0.00035088331157752,1.69625541096047,1.9073802818483,1
4,"n600-b1_1-b2_2p8-b3_2p8",600,5,35,1,1,0,1.029619,1.029619,1.5,1.8,1,1.3,0.108333333333333,197,93,207,103,FALSE,NA,TRUE,NA,0.199007353280429,0.199007353280429,0.199007353280429,0.199007353280429,0.0396039266596814,-0.142642327392286,0.539140935949494,1,1.25324680019505,0.223627800195054,0.223627800195054,0.223627800195054,0.0500093930200788,0.964794486678554,1.54712641746964,1,0.821500879382282,-0.208118120617718,0.208118120617718,0.208118120617718,0.043313152129451,0.419767942620042,1.21974852571883,1,1.50369190094587,0.00369190094587246,0.00369190094587246,0.00369190094587246,1.3630132594134e-05,1.42373114216993,1.64466219722565,1,1.80119746628744,0.00119746628743678,0.00119746628743678,0.00119746628743678,1.43392550954762e-06,1.63038074979396,1.90012103438778,1
4,"n600-b1_1-b2_2p8-b3_2p8",600,6,36,1,1,0,1.029619,1.029619,1.5,1.8,1,1.3,0.0933333333333334,206,105,194,95,FALSE,NA,TRUE,NA,0.321779482535569,0.321779482535569,0.321779482535569,0.321779482535569,0.103542035380858,0.00314175098616758,0.642906826028603,0,1.30420783835224,0.274588838352241,0.274588838352241,0.274588838352241,0.0753990301476333,1.00501051232882,1.61112567522521,1,0.782173471673147,-0.247445528326853,0.247445528326853,0.247445528326853,0.0612292894889553,0.393030479006061,1.17127555174713,1,1.52675196065207,0.0267519606520703,0.0267519606520703,0.0267519606520703,0.000715667398729918,1.44291989802907,1.63294660574214,1,1.84197971555688,0.0419797155568757,0.0419797155568757,0.0419797155568757,0.0017622965182362,1.71150729152247,2.05224625716587,1
4,"n600-b1_1-b2_2p8-b3_2p8",600,7,37,1,1,0,1.029619,1.029619,1.5,1.8,1,1.3,0.0883333333333334,226,109,171,94,FALSE,NA,TRUE,NA,-0.174828298479012,-0.174828298479012,0.174828298479012,0.174828298479012,0.0305649339490666,-0.495482682046581,0.149493246717638,1,1.16440320088569,0.134784200885687,0.134784200885687,0.134784200885687,0.0181667808083933,0.863493531839757,1.47263691871364,1,1.21621660160229,0.186597601602294,0.186597601602294,0.186597601602294,0.0348186649237285,0.824256141155359,1.60301357394944,1,1.50684750718393,0.00684750718392957,0.00684750718392957,0.00684750718392957,4.68883546339671e-05,1.35416789115529,1.66712582380419,1,1.84383264430391,0.0438326443039121,0.0438326443039121,0.0438326443039121,0.00192130070667328,1.77538842356835,1.96409484289706,1
4,"n600-b1_1-b2_2p8-b3_2p8",600,8,38,1,1,0,1.029619,1.029619,1.5,1.8,1,1.3,0.0883333333333334,207,105,186,102,FALSE,NA,TRUE,NA,-0.0575844727723262,-0.0575844727723262,0.0575844727723262,0.0575844727723262,0.00331597150446678,-0.365428956892855,0.247041209217407,1,0.973533395607448,-0.0560856043925516,0.0560856043925516,0.0560856043925516,0.00314559502007781,0.700357280642816,1.25564202223162,1,1.14328228556163,0.113663285561629,0.113663285561629,0.113663285561629,0.0129193424846644,0.772291039164988,1.51637086342943,1,1.53240953406763,0.0324095340676283,0.0324095340676283,0.0324095340676283,0.00105037789848076,1.48709546238431,1.63770561722522,1,1.85442837061193,0.0544283706119348,0.0544283706119348,0.0544283706119348,0.00296244752747013,1.79419223436683,1.95409115116495,1
4,"n600-b1_1-b2_2p8-b3_2p8",600,9,39,1,1,0,1.029619,1.029619,1.5,1.8,1,1.3,0.0866666666666667,196,97,204,103,FALSE,NA,TRUE,NA,0.0141055937184528,0.0141055937184528,0.0141055937184528,0.0141055937184528,0.000198967774150055,-0.305645183010606,0.32296027186312,1,1.06021833555235,0.0305993355523466,0.0305993355523466,0.0305993355523466,0.000936319336245104,0.79551721181246,1.33029942580905,1,0.997043367060335,-0.0325756329396646,0.0325756329396646,0.0325756329396646,0.00106117186141976,0.617175962667165,1.38300146636972,1,1.45561398099001,-0.0443860190099941,0.0443860190099941,0.0443860190099941,0.00197011868355555,1.36303762907373,1.57786534478972,1,1.81144454239846,0.0114445423984562,0.0114445423984562,0.0114445423984562,0.000130977550710061,1.73518596838653,1.92299511356189,1
4,"n600-b1_1-b2_2p8-b3_2p8",600,10,40,1,1,0,1.029619,1.029619,1.5,1.8,1,1.3,0.1,210,80,200,110,FALSE,NA,TRUE,NA,-0.370111639908427,-0.370111639908427,0.370111639908427,0.370111639908427,0.136982625995705,-0.71203805216485,-0.0252010138977852,0,0.828473571046031,-0.201145428953969,0.201145428953969,0.201145428953969,0.040459483589076,0.566060420257728,1.09975802656571,1,1.26929763512481,0.239678635124814,0.239678635124814,0.239678635124814,0.0574458481352936,0.869298253070833,1.66964491050685,1,1.38963049900655,-0.110369500993448,0.110369500993448,0.110369500993448,0.0121814267495428,1.26933275291699,1.55317767301674,1,1.7477113005128,-0.0522886994872012,0.0522886994872012,0.0522886994872012,0.00273410809406283,1.67343468495891,1.86010463561499,1
5,"n600-b1_1-b2_2p8-b3_2p8",600,1,41,1,1,0,1.029619,1.029619,1.5,1.8,1,1.3,0.105,208,82,204,106,FALSE,NA,TRUE,NA,-0.0174795335935065,-0.0174795335935065,0.0174795335935065,0.0174795335935065,0.000305534094646523,-0.364563021040951,0.322273698857975,1,1.21790574127371,0.188286741273708,0.188286741273708,0.188286741273708,0.0354518969394722,0.938835254552054,1.50916879979834,1,1.1058407555127,0.0762217555126981,0.0762217555126981,0.0762217555126981,0.00580975601343752,0.710279797193614,1.51387426816257,1,1.55478352895807,0.0547835289580691,0.0547835289580691,0.0547835289580691,0.0030012350450996,1.43251199625187,1.7184969329224,1,1.83731208388913,0.0373120838891288,0.0373120838891288,0.0373120838891288,0.00139219160414938,1.66011608977453,2.04070589179446,1
5,"n600-b1_1-b2_2p8-b3_2p8",600,2,42,1,1,0,1.029619,1.029619,1.5,1.8,1,1.3,0.095,185,123,187,105,FALSE,NA,TRUE,NA,0.172518419025079,0.172518419025079,0.172518419025079,0.172518419025079,0.0297626049029129,-0.122028923689524,0.470796633334674,1,1.17246248038902,0.142843480389018,0.142843480389018,0.142843480389018,0.0204042598896476,0.89435095326621,1.45665797280265,1,0.917626792229029,-0.111992207770971,0.111992207770971,0.111992207770971,0.0125422546014163,0.545871977756472,1.28992822989098,1,1.41896471788378,-0.0810352821162206,0.0810352821162206,0.0810352821162206,0.00656671694765546,1.30448352667616,1.51390650838973,1,1.81623263166879,0.0162326316687862,0.0162326316687862,0.0162326316687862,0.00026349833089448,1.69340443292121,2.01240723095132,1
5,"n600-b1_1-b2_2p8-b3_2p8",600,3,43,1,1,0,1.029619,1.029619,1.5,1.8,1,1.3,0.105,204,87,204,105,FALSE,NA,TRUE,NA,0.144843360997697,0.144843360997697,0.144843360997697,0.144843360997697,0.0209795992251091,-0.186976410582272,0.47648461184472,1,1.14799409129827,0.118375091298273,0.118375091298273,0.118375091298273,0.0140126622398745,0.870920707608156,1.43670263367537,1,0.922729680755755,-0.106889319244245,0.106889319244245,0.106889319244245,0.0114253265684981,0.522287592204674,1.32413304169427,1,1.51946329651337,0.019463296513367,0.019463296513367,0.019463296513367,0.000378819911167243,1.41161478410368,1.62520196134942,1,1.81758589656827,0.0175858965682738,0.0175858965682738,0.0175858965682738,0.000309263758110024,1.75219731736773,1.92253168521753,1
5,"n600-b1_1-b2_2p8-b3_2p8",600,4,44,1,1,0,1.029619,1.029619,1.5,1.8,1,1.3,0.103333333333333,207,98,188,107,FALSE,NA,TRUE,NA,0.058517936336965,0.058517936336965,0.058517936336965,0.058517936336965,0.00342434887313708,-0.266110319621688,0.378170023799197,1,1.02580568036604,-0.00381331963395959,0.00381331963395959,0.00381331963395959,1.45414066307417e-05,0.750440296871119,1.3082981098811,1,0.981447504650821,-0.0481714953491795,0.0481714953491795,0.0481714953491795,0.00232049296417602,0.591928288336889,1.37012191815661,1,1.52457906669965,0.0245790666996522,0.0245790666996522,0.0245790666996522,0.000604130519825949,1.46408213954459,1.64267816900013,1,1.77486457221153,-0.025135427788473,0.025135427788473,0.025135427788473,0.000631789730109541,1.72528759263382,1.84741073098356,1
5,"n600-b1_1-b2_2p8-b3_2p8",600,5,45,1,1,0,1.029619,1.029619,1.5,1.8,1,1.3,0.0933333333333334,203,117,196,84,FALSE,NA,TRUE,NA,-0.309118927342209,-0.309118927342209,0.309118927342209,0.309118927342209,0.0955545112411977,-0.634849028486347,0.0201167012466918,1,0.742194057826246,-0.287424942173754,0.287424942173754,0.287424942173754,0.0826130973835857,0.450435263363504,1.04513436814918,1,1.37672927446178,0.347110274461777,0.347110274461777,0.347110274461777,0.12048554263693,0.979405599966608,1.77049900651919,1,1.48610584161135,-0.0138941583886456,0.0138941583886456,0.0138941583886456,0.000193047637328771,1.37000285324175,1.56821042362668,1,1.73422796333681,-0.0657720366631938,0.0657720366631938,0.0657720366631938,0.0043259608068245,1.58687720620528,1.81368748742046,1
5,"n600-b1_1-b2_2p8-b3_2p8",600,6,46,1,1,0,1.029619,1.029619,1.5,1.8,1,1.3,0.09,208,93,209,90,FALSE,NA,TRUE,NA,-0.440087683524277,-0.440087683524277,0.440087683524277,0.440087683524277,0.193677169189765,-0.785046881363069,-0.0998214203890288,0,1.03630253480268,0.0066835348026788,0.0066835348026788,0.0066835348026788,4.46696374586188e-05,0.759875759064547,1.32316409180675,1,1.35537073068069,0.325751730680694,0.325751730680694,0.325751730680694,0.106114190041467,0.951844971647094,1.76449194941297,1,1.58092485191797,0.0809248519179711,0.0809248519179711,0.0809248519179711,0.00654883165794554,1.49417401009074,1.7219742766631,1,1.85635392077035,0.0563539207703543,0.0563539207703543,0.0563539207703543,0.00317576438619137,1.77906180986005,1.99504435221804,1
5,"n600-b1_1-b2_2p8-b3_2p8",600,7,47,1,1,0,1.029619,1.029619,1.5,1.8,1,1.3,0.0883333333333334,199,97,205,99,FALSE,NA,TRUE,NA,0.0801943278233306,0.0801943278233306,0.0801943278233306,0.0801943278233306,0.00643113021503581,-0.241091006503784,0.395973064053352,1,1.21253906267036,0.182920062670356,0.182920062670356,0.182920062670356,0.0334597493273271,0.933015243401327,1.49680928077794,1,0.891623872678348,-0.137995127321652,0.137995127321652,0.137995127321652,0.0190426551645188,0.505334950187572,1.27665660645124,1,1.51479322667421,0.0147932266742088,0.0147932266742088,0.0147932266742088,0.000218839555434523,1.47140447213206,1.62678173806404,1,1.81327193102356,0.0132719310235616,0.0132719310235616,0.0132719310235616,0.000176144153094177,1.75512325834925,1.90134781232191,1
5,"n600-b1_1-b2_2p8-b3_2p8",600,8,48,1,1,0,1.029619,1.029619,1.5,1.8,1,1.3,0.0916666666666667,188,91,210,111,FALSE,NA,TRUE,NA,0.248158601157264,0.248158601157264,0.248158601157264,0.248158601157264,0.0615826913283303,-0.0780575075191407,0.569590674924455,1,1.17963470338181,0.15001570338181,0.15001570338181,0.15001570338181,0.0225047112611392,0.906986405594282,1.45899231844387,1,0.889112103830132,-0.140506896169868,0.140506896169868,0.140506896169868,0.01974218787129,0.49854674858933,1.27474871597729,1,1.51600917854022,0.0160091785402179,0.0160091785402179,0.0160091785402179,0.000256293797532573,1.46606231615635,1.59622162778336,1,1.83361705138779,0.0336170513877863,0.0336170513877863,0.0336170513877863,0.00113010614400906,1.71790639355359,2.12213870396705,1
5,"n600-b1_1-b2_2p8-b3_2p8",600,9,49,1,1,0,1.029619,1.029619,1.5,1.8,1,1.3,0.0816666666666667,197,115,192,96,FALSE,NA,TRUE,NA,0.0166917630861539,0.0166917630861539,0.0166917630861539,0.0166917630861539,0.000278614954924291,-0.284448953027715,0.323638670967417,1,1.00029870761196,-0.0293202923880358,0.0293202923880358,0.0293202923880358,0.00085967954571991,0.726603751421579,1.28387527543025,1,0.996387636788598,-0.0332313632114017,0.0332313632114017,0.0332313632114017,0.00110432350088811,0.619754229272716,1.36866113448407,1,1.42822508801821,-0.0717749119817859,0.0717749119817859,0.0717749119817859,0.00515163798999311,1.26318754568885,1.55452889959863,1,1.77685269059849,-0.0231473094015069,0.0231473094015069,0.0231473094015069,0.000535797932529089,1.66553035559911,1.92127255260013,1
5,"n600-b1_1-b2_2p8-b3_2p8",600,10,50,1,1,0,1.029619,1.029619,1.5,1.8,1,1.3,0.0966666666666667,198,107,198,97,FALSE,NA,TRUE,NA,0.0481094709087476,0.0481094709087476,0.0481094709087476,0.0481094709087476,0.00231452119111964,-0.275857394186853,0.369794907826297,1,1.06444739960154,0.0348283996015435,0.0348283996015435,0.0348283996015435,0.00121301741880479,0.783161793502495,1.35455939131526,1,0.970421722114427,-0.0591972778855731,0.0591972778855731,0.0591972778855731,0.00350431770906176,0.583835435243901,1.36110320669688,1,1.51212000606826,0.0121200060682591,0.0121200060682591,0.0121200060682591,0.000146894547094638,1.47994636697999,1.71392895349251,1,1.91834696918928,0.118346969189281,0.118346969189281,0.118346969189281,0.0140060051162886,1.76072371302149,2.08555097273251,1
6,"n600-b1_1-b2_2p8-b3_2p8",600,1,51,1,1,0,1.029619,1.029619,1.5,1.8,1,1.3,0.103333333333333,188,104,206,102,FALSE,NA,TRUE,NA,0.0647753717238215,0.0647753717238215,0.0647753717238215,0.0647753717238215,0.00419584878195926,-0.257777858589798,0.383226145858303,1,1.19008102081699,0.160462020816995,0.160462020816995,0.160462020816995,0.0257480601246737,0.908171180985139,1.47872578704636,1,0.920499192165054,-0.109119807834946,0.109119807834946,0.109119807834946,0.0119071324619355,0.54273235085716,1.29973897916753,1,1.46836344512602,-0.0316365548739839,0.0316365548739839,0.0316365548739839,0.00100087160429459,1.42872708100182,1.51069428308705,1,1.80646517931076,0.00646517931076329,0.00646517931076329,0.00646517931076329,4.17985435203217e-05,1.73765745076758,1.88427857274026,1
6,"n600-b1_1-b2_2p8-b3_2p8",600,2,52,1,1,0,1.029619,1.029619,1.5,1.8,1,1.3,0.095,215,90,208,87,FALSE,NA,TRUE,NA,0.04242617540484,0.04242617540484,0.04242617540484,0.04242617540484,0.00179998035948225,-0.289700393767702,0.378365234142688,1,0.976868103842652,-0.0527508961573477,0.0527508961573477,0.0527508961573477,0.00278265704540328,0.691434978891381,1.26862456714692,1,0.937797597812742,-0.0918214021872581,0.0918214021872581,0.0918214021872581,0.00843116989963421,0.549412063936601,1.32820734667218,1,1.49086509496875,-0.00913490503125014,0.00913490503125014,0.00913490503125014,8.34464899299591e-05,1.4503349885643,1.54206403050107,1,1.79350958044516,-0.00649041955483542,0.00649041955483542,0.00649041955483542,4.21255459977901e-05,1.76144490318194,1.84559564685356,1
6,"n600-b1_1-b2_2p8-b3_2p8",600,3,53,1,1,0,1.029619,1.029619,1.5,1.8,1,1.3,0.09,204,102,197,97,FALSE,NA,TRUE,NA,-0.227721753153343,-0.227721753153343,0.227721753153343,0.227721753153343,0.051857196859232,-0.565275661136568,0.0996091914177547,1,0.929725445106469,-0.0998935548935307,0.0998935548935307,0.0998935548935307,0.00997872230926683,0.649322437268225,1.21629151830939,1,1.20797267707678,0.178353677076781,0.178353677076781,0.178353677076781,0.0318100341268085,0.815813815830393,1.60061519544022,1,1.29969335898512,-0.200306641014883,0.200306641014883,0.200306641014883,0.0401227504346652,1.18615828626259,1.46306548226961,0,1.52728721465653,-0.272712785343465,0.272712785343465,0.272712785343465,0.0743722632897911,1.33073997032443,1.77762982024862,0
6,"n600-b1_1-b2_2p8-b3_2p8",600,4,54,1,1,0,1.029619,1.029619,1.5,1.8,1,1.3,0.12,204,93,198,105,FALSE,NA,TRUE,NA,-0.0984405693334214,-0.0984405693334214,0.0984405693334214,0.0984405693334214,0.00969054569068815,-0.436223557051337,0.236639244513777,1,0.943113071214353,-0.0865059287856472,0.0865059287856472,0.0865059287856472,0.00748327571506747,0.672465055847258,1.22579815993639,1,1.10091107411344,0.0712920741134382,0.0712920741134382,0.0712920741134382,0.00508255983139596,0.705216600595103,1.50232817763036,1,1.51486883139998,0.0148688313999832,0.0148688313999832,0.0148688313999832,0.000221082147201126,1.45746080482576,1.58258769791778,1,1.87142253527057,0.0714225352705731,0.0714225352705731,0.0714225352705731,0.00510117854447625,1.77495226086128,1.96454593907394,1
6,"n600-b1_1-b2_2p8-b3_2p8",600,5,55,1,1,0,1.029619,1.029619,1.5,1.8,1,1.3,0.103333333333333,183,109,213,95,FALSE,NA,TRUE,NA,-0.0463152336233672,-0.0463152336233672,0.0463152336233672,0.0463152336233672,0.00214510086558709,-0.361240600072585,0.273949536960405,1,1.08018878742255,0.0505697874225501,0.0505697874225501,0.0505697874225501,0.00255730339996191,0.801431905878644,1.37021203544597,1,1.22968312220838,0.200064122208383,0.200064122208383,0.200064122208383,0.040025652995011,0.842951865598226,1.61678322920495,1,1.49862650911062,-0.00137349088937566,0.00137349088937566,0.00137349088937566,1.88647722319795e-06,1.43753291730072,1.58908227525569,1,1.79218770509852,-0.00781229490148294,0.00781229490148294,0.00781229490148294,6.10319516277364e-05,1.76031472619018,1.86183439094561,1
6,"n600-b1_1-b2_2p8-b3_2p8",600,6,56,1,1,0,1.029619,1.029619,1.5,1.8,1,1.3,0.116666666666667,180,99,209,112,FALSE,NA,TRUE,NA,0.198053154370943,0.198053154370943,0.198053154370943,0.198053154370943,0.0392250519562805,-0.120517043121232,0.518438385186417,1,1.18885444987292,0.159235449872916,0.159235449872916,0.159235449872916,0.0253559284962301,0.915179087407191,1.46440535590949,1,0.754944000156826,-0.274674999843174,0.274674999843174,0.274674999843174,0.0754463555388477,0.373589530434141,1.13494134890991,1,1.52128201738761,0.0212820173876056,0.0212820173876056,0.0212820173876056,0.000452924264086347,1.37666869013667,1.65013246468983,1,1.69729941800132,-0.102700581998683,0.102700581998683,0.102700581998683,0.0105474095428683,1.62275002843009,1.80178435539606,1
6,"n600-b1_1-b2_2p8-b3_2p8",600,7,57,1,1,0,1.029619,1.029619,1.5,1.8,1,1.3,0.101666666666667,196,109,202,93,FALSE,NA,TRUE,NA,0.06401998254739,0.06401998254739,0.06401998254739,0.06401998254739,0.00409855816536812,-0.246452422987439,0.373157887589841,1,1.088909210128,0.0592902101279955,0.0592902101279955,0.0592902101279955,0.00351532901702186,0.80913965189806,1.3764922934548,1,0.966169659644407,-0.0634493403555935,0.0634493403555935,0.0634493403555935,0.00402581879155994,0.586123616760347,1.34630458329998,1,1.54320234622152,0.0432023462215159,0.0432023462215159,0.0432023462215159,0.00186644271904373,1.48998199023832,1.64126824313989,1,1.842625294103,0.0426252941029983,0.0426252941029983,0.0426252941029983,0.0018169156973671,1.79447875773472,1.9453791043203,1
6,"n600-b1_1-b2_2p8-b3_2p8",600,8,58,1,1,0,1.029619,1.029619,1.5,1.8,1,1.3,0.09,195,103,202,100,FALSE,NA,TRUE,NA,0.0987161908154508,0.0987161908154508,0.0987161908154508,0.0987161908154508,0.00974488632911249,-0.217940956341316,0.419584934377866,1,1.08868433036705,0.0590653303670547,0.0590653303670547,0.0590653303670547,0.00348871325136932,0.804625344019232,1.38206777703118,1,0.795166540154646,-0.234452459845354,0.234452459845354,0.234452459845354,0.0549679559275375,0.411828205322118,1.18160566251522,1,1.57849070638572,0.0784907063857203,0.0784907063857203,0.0784907063857203,0.00616079098892936,1.4797893110638,1.75992786549135,1,1.76765179106821,-0.032348208931787,0.032348208931787,0.032348208931787,0.00104640662109455,1.67214117458857,1.96713020477871,1
6,"n600-b1_1-b2_2p8-b3_2p8",600,9,59,1,1,0,1.029619,1.029619,1.5,1.8,1,1.3,0.0966666666666667,208,92,199,101,FALSE,NA,TRUE,NA,-0.177575815363313,-0.177575815363313,0.177575815363313,0.177575815363313,0.0315331702019455,-0.502477623056434,0.143747991235951,1,0.763576673571973,-0.266042326428027,0.266042326428027,0.266042326428027,0.0707785194512367,0.492843956683269,1.04154898865308,1,1.21452817690098,0.184909176900977,0.184909176900977,0.184909176900977,0.0341914037021966,0.828173974547343,1.6055403806311,1,1.62744282810879,0.127442828108791,0.127442828108791,0.127442828108791,0.0162416744363669,1.49123636038083,2.19195928852813,1,1.99231809898601,0.192318098986007,0.192318098986007,0.192318098986007,0.0369862511975917,1.76918103278585,2.78855714522532,1
6,"n600-b1_1-b2_2p8-b3_2p8",600,10,60,1,1,0,1.029619,1.029619,1.5,1.8,1,1.3,0.095,179,117,201,103,FALSE,NA,TRUE,NA,-0.188719572890525,-0.188719572890525,0.188719572890525,0.188719572890525,0.0356150771919823,-0.487823342392909,0.11389633860965,1,0.840761557910809,-0.188857442089191,0.188857442089191,0.188857442089191,0.035667133432472,0.580327880382731,1.116680555488,1,1.14930142557587,0.119682425575866,0.119682425575866,0.119682425575866,0.0143238829917228,0.77417913550474,1.52029403274768,1,1.63569920852267,0.135699208522675,0.135699208522675,0.135699208522675,0.0184142751936804,1.46854911095094,1.78970086360192,1,1.84924992397409,0.0492499239740944,0.0492499239740944,0.0492499239740944,0.00242555501145408,1.74568248082965,1.98659011433085,1
7,"n600-b1_1-b2_2p8-b3_2p8",600,1,61,1,1,0,1.029619,1.029619,1.5,1.8,1,1.3,0.09,193,102,216,89,FALSE,NA,TRUE,NA,0.252818202850861,0.252818202850861,0.252818202850861,0.252818202850861,0.0639170436927392,-0.0666780440052425,0.580539402768663,1,1.12898686384053,0.0993678638405306,0.0993678638405306,0.0993678638405306,0.00987397236423024,0.835599147003831,1.42446084209144,1,0.817750173688398,-0.211868826311602,0.211868826311602,0.211868826311602,0.0448883995626558,0.428436858374829,1.20201419716671,1,1.51120457438027,0.011204574380268,0.011204574380268,0.011204574380268,0.000125542487042958,1.41241398785227,1.75815276322297,1,1.78929600082795,-0.010703999172047,0.010703999172047,0.010703999172047,0.000114575598275183,1.54311858341935,2.03293620637543,1
7,"n600-b1_1-b2_2p8-b3_2p8",600,2,62,1,1,0,1.029619,1.029619,1.5,1.8,1,1.3,0.0983333333333334,197,101,211,91,FALSE,NA,TRUE,NA,0.00830937173900958,0.00830937173900958,0.00830937173900958,0.00830937173900958,6.9045658697051e-05,-0.322930966693355,0.340117849213739,1,1.17289554162538,0.143276541625381,0.143276541625381,0.143276541625381,0.0205281673801296,0.88816705861953,1.46732688560394,1,0.797751387699238,-0.231867612300762,0.231867612300762,0.231867612300762,0.0537625896340565,0.40519890304673,1.18911199102257,1,1.50261126387393,0.00261126387392885,0.00261126387392885,0.00261126387392885,6.8186990192859e-06,1.44939096881574,1.56641673820413,1,1.77199898728494,-0.0280010127150618,0.0280010127150618,0.0280010127150618,0.000784056713069055,1.68626573427182,1.87717030851843,1
7,"n600-b1_1-b2_2p8-b3_2p8",600,3,63,1,1,0,1.029619,1.029619,1.5,1.8,1,1.3,0.0783333333333334,201,100,195,104,FALSE,NA,TRUE,NA,0.158390375216021,0.158390375216021,0.158390375216021,0.158390375216021,0.025087510961072,-0.150362269749234,0.46631986168279,1,1.02436642478969,-0.00525257521031119,0.00525257521031119,0.00525257521031119,2.75895463399757e-05,0.750653891183863,1.30537825961554,1,1.13105913033158,0.101440130331577,0.101440130331577,0.101440130331577,0.0102901000416873,0.752245019111716,1.50992463357572,1,1.48947993517064,-0.0105200648293646,0.0105200648293646,0.0105200648293646,0.000110671764014035,1.41983861191821,1.58904741830911,1,1.78255809057525,-0.0174419094247473,0.0174419094247473,0.0174419094247473,0.00030422020438109,1.70979150243617,1.90792125374266,1
7,"n600-b1_1-b2_2p8-b3_2p8",600,4,64,1,1,0,1.029619,1.029619,1.5,1.8,1,1.3,0.0983333333333334,211,101,203,85,FALSE,NA,TRUE,NA,-0.0189454686504971,-0.0189454686504971,0.0189454686504971,0.0189454686504971,0.000358930782386969,-0.367193013684407,0.32848359251601,1,1.15185718751051,0.122238187510505,0.122238187510505,0.122238187510505,0.0149421744858534,0.851480110435189,1.45910549629304,1,1.06338417578079,0.0337651757807877,0.0337651757807877,0.0337651757807877,0.0011400870955075,0.657917842498795,1.46441690284108,1,1.47659661471187,-0.023403385288133,0.023403385288133,0.023403385288133,0.000547718442944801,1.39506867503041,1.59355500270404,1,1.80239326496828,0.00239326496828363,0.00239326496828363,0.00239326496828363,5.72771720841363e-06,1.65556301507165,1.88108099129886,1
7,"n600-b1_1-b2_2p8-b3_2p8",600,5,65,1,1,0,1.029619,1.029619,1.5,1.8,1,1.3,0.113333333333333,210,109,179,102,FALSE,NA,TRUE,NA,0.153802742524999,0.153802742524999,0.153802742524999,0.153802742524999,0.0236552836082111,-0.161387646669031,0.475640966931305,1,1.13168073010595,0.102061730105953,0.102061730105953,0.102061730105953,0.0104165967522205,0.850120062203748,1.42498709680149,1,0.924124696340317,-0.105494303659683,0.105494303659683,0.105494303659683,0.0111290481046414,0.531711960075166,1.30822063233931,1,1.64471684060174,0.144716840601738,0.144716840601738,0.144716840601738,0.0209429639537489,1.48893413914732,1.86277341124397,1,1.7734537833443,-0.0265462166557027,0.0265462166557027,0.0265462166557027,0.000704701618731506,1.68011525879986,1.86898437409828,1
7,"n600-b1_1-b2_2p8-b3_2p8",600,6,66,1,1,0,1.029619,1.029619,1.5,1.8,1,1.3,0.106666666666667,176,111,212,101,FALSE,NA,TRUE,NA,0.070395509602983,0.070395509602983,0.070395509602983,0.070395509602983,0.00495552777226368,-0.243146187266085,0.383246482911407,1,1.09962611283113,0.0700071128311297,0.0700071128311297,0.0700071128311297,0.00490099584695053,0.820459064621331,1.38688373574692,1,1.01013299970536,-0.0194860002946429,0.0194860002946429,0.0194860002946429,0.000379704207482822,0.628600701127196,1.39726355501848,1,1.51066632057088,0.010666320570881,0.010666320570881,0.010666320570881,0.0001137703945208,1.45273503332646,1.54885247738745,1,1.82706805626348,0.0270680562634755,0.0270680562634755,0.0270680562634755,0.000732679669882677,1.78676692647034,1.93575866896067,1
7,"n600-b1_1-b2_2p8-b3_2p8",600,7,67,1,1,0,1.029619,1.029619,1.5,1.8,1,1.3,0.0983333333333334,200,97,198,105,FALSE,NA,TRUE,NA,0.0273465192340754,0.0273465192340754,0.0273465192340754,0.0273465192340754,0.000747832114219654,-0.287779671682736,0.342277265273487,1,0.843660513213221,-0.185958486786779,0.185958486786779,0.185958486786779,0.0345805588080285,0.580205951504897,1.11519781311824,1,0.968861802594225,-0.0607571974057748,0.0607571974057748,0.0607571974057748,0.00369143703660429,0.591505024479752,1.34690430499401,1,1.48007069158655,-0.0199293084134464,0.0199293084134464,0.0199293084134464,0.000397177333838266,1.32459262906237,1.61823493055534,1,1.83086425151205,0.0308642515120474,0.0308642515120474,0.0308642515120474,0.000952602021398921,1.71632968023978,1.95077365360172,1
7,"n600-b1_1-b2_2p8-b3_2p8",600,8,68,1,1,0,1.029619,1.029619,1.5,1.8,1,1.3,0.103333333333333,207,109,198,86,FALSE,NA,TRUE,NA,0.0302518047693552,0.0302518047693552,0.0302518047693552,0.0302518047693552,0.000915171691803181,-0.304515446293886,0.370471667929494,1,1.35692107084335,0.32730207084335,0.32730207084335,0.32730207084335,0.107126645578345,1.04924856610666,1.67126148039991,0,0.87177256248441,-0.15784643751559,0.15784643751559,0.15784643751559,0.0249154978363632,0.474826227272608,1.2705631594769,1,1.54979778471982,0.0497977847198179,0.0497977847198179,0.0497977847198179,0.00247981936300133,1.51191450893612,1.59353468119309,0,1.65066400507436,-0.149335994925642,0.149335994925642,0.149335994925642,0.0223012393804313,1.61029040265774,1.7036514956292,0
7,"n600-b1_1-b2_2p8-b3_2p8",600,9,69,1,1,0,1.029619,1.029619,1.5,1.8,1,1.3,0.0833333333333334,201,95,196,108,FALSE,NA,TRUE,NA,-0.251611968210592,-0.251611968210592,0.251611968210592,0.251611968210592,0.0633085825468079,-0.571994437871712,0.0623915753795386,1,0.89795522711572,-0.13166377288428,0.13166377288428,0.13166377288428,0.0173353490901232,0.626704859180338,1.17286466621156,1,1.27177664673369,0.242157646733694,0.242157646733694,0.242157646733694,0.0586403258716005,0.890344147240405,1.65490768781954,1,1.48826016510454,-0.0117398348954594,0.0117398348954594,0.0117398348954594,0.000137823723372646,1.41978231548932,1.55702564362039,1,1.7386387793988,-0.0613612206011964,0.0613612206011964,0.0613612206011964,0.00376519939366869,1.57106655052313,1.90890868799848,1
7,"n600-b1_1-b2_2p8-b3_2p8",600,10,70,1,1,0,1.029619,1.029619,1.5,1.8,1,1.3,0.0833333333333334,200,103,222,75,FALSE,NA,TRUE,NA,-0.0729014565699628,-0.0729014565699628,0.0729014565699628,0.0729014565699628,0.00531462237002217,-0.413945669726805,0.272323210984817,1,1.11316460079506,0.0835456007950623,0.0835456007950623,0.0835456007950623,0.00697986741220792,0.812894498318709,1.43101787973024,1,0.981926320073262,-0.0476926799267379,0.0476926799267379,0.0476926799267379,0.00227459171859427,0.583300524741449,1.38242274086454,1,1.54166252697688,0.0416625269768796,0.0416625269768796,0.0416625269768796,0.00173576615409922,1.49468308805194,1.66039300265622,1,1.72980998076789,-0.0701900192321145,0.0701900192321145,0.0701900192321145,0.00492663879980461,1.64348725215121,1.87337604813899,1
8,"n600-b1_1-b2_2p8-b3_2p8",600,1,71,1,1,0,1.029619,1.029619,1.5,1.8,1,1.3,0.08,222,92,192,94,FALSE,NA,TRUE,NA,0.185737404134146,0.185737404134146,0.185737404134146,0.185737404134146,0.0344983832944913,-0.149392008496594,0.515086149921219,1,1.29118952887704,0.261570528877045,0.261570528877045,0.261570528877045,0.0684191415770169,0.999338252648551,1.59237890809276,1,0.775994338997487,-0.253624661002513,0.253624661002513,0.253624661002513,0.0643254686686394,0.388128660082514,1.16546052838345,1,1.44306868303468,-0.0569313169653201,0.0569313169653201,0.0569313169653201,0.00324117485140574,1.36244434548577,1.53358202426172,1,1.76552235127999,-0.0344776487200129,0.0344776487200129,0.0344776487200129,0.00118870826126061,1.67873021288051,1.85216717621596,1
8,"n600-b1_1-b2_2p8-b3_2p8",600,2,72,1,1,0,1.029619,1.029619,1.5,1.8,1,1.3,0.085,209,113,176,102,FALSE,NA,TRUE,NA,0.0925245194850867,0.0925245194850867,0.0925245194850867,0.0925245194850867,0.00856078670594618,-0.208952155538731,0.39101398845143,1,0.997286247785023,-0.0323327522149774,0.0323327522149774,0.0323327522149774,0.00104540686579513,0.720481407231311,1.28401844555921,1,0.86014857165238,-0.16947042834762,0.16947042834762,0.16947042834762,0.028720226084326,0.496584526500264,1.23394159802573,1,1.4718462948858,-0.0281537051141958,0.0281537051141958,0.0281537051141958,0.000792631111657094,1.22811965197274,1.64713168540254,1,1.83359391634673,0.0335939163467271,0.0335939163467271,0.0335939163467271,0.0011285512155109,1.59896821389708,1.99441420907137,1
8,"n600-b1_1-b2_2p8-b3_2p8",600,3,73,1,1,0,1.029619,1.029619,1.5,1.8,1,1.3,0.103333333333333,185,104,208,103,FALSE,NA,TRUE,NA,0.203246688940716,0.203246688940716,0.203246688940716,0.203246688940716,0.0413092165653642,-0.116143332326492,0.524056505045345,1,1.25863480840567,0.22901580840567,0.22901580840567,0.22901580840567,0.0524482404997024,0.973732882434187,1.54978692563874,1,0.734103994687834,-0.295515005312166,0.295515005312166,0.295515005312166,0.0873291183646498,0.346775320037752,1.11732909419395,1,1.52400257007719,0.0240025700771895,0.0240025700771895,0.0240025700771895,0.000576123370310394,1.48531075170166,1.59474457120754,1,1.81778867622732,0.0177886762273236,0.0177886762273236,0.0177886762273236,0.000316437001920548,1.77140427102615,1.90987396078288,1
8,"n600-b1_1-b2_2p8-b3_2p8",600,4,74,1,1,0,1.029619,1.029619,1.5,1.8,1,1.3,0.0933333333333334,191,95,215,99,FALSE,NA,TRUE,NA,0.233304117179777,0.233304117179777,0.233304117179777,0.233304117179777,0.054430811093035,-0.100217359366633,0.562864574764561,1,1.23804509508003,0.208426095080033,0.208426095080033,0.208426095080033,0.043441437110311,0.955320874185929,1.53026948230945,1,0.713767964333604,-0.315851035666396,0.315851035666396,0.315851035666396,0.0997618767315347,0.325885371164316,1.10616481658826,1,1.57326176695322,0.0732617669532165,0.0732617669532165,0.0732617669532165,0.00536728649710741,1.44939405890808,1.71911949022672,1,1.83860278527676,0.038602785276757,0.038602785276757,0.038602785276757,0.00149017503112341,1.77844095523818,1.95926389905253,1
8,"n600-b1_1-b2_2p8-b3_2p8",600,5,75,1,1,0,1.029619,1.029619,1.5,1.8,1,1.3,0.106666666666667,181,114,210,95,FALSE,NA,TRUE,NA,0.253398655207274,0.253398655207274,0.253398655207274,0.253398655207274,0.0642108784608547,-0.0736649007075342,0.576861279296984,1,1.36120156072838,0.331582560728378,0.331582560728378,0.331582560728378,0.109946994579189,1.06686610728261,1.66728670493452,0,0.573644499476701,-0.455974500523299,0.455974500523299,0.455974500523299,0.207912745127472,0.187100450022691,0.957313785050548,0,1.53320105337109,0.0332010533710894,0.0332010533710894,0.0332010533710894,0.00110230994494992,1.49855301548071,1.5860877119246,1,1.82263926405849,0.0226392640584925,0.0226392640584925,0.0226392640584925,0.000512536277110149,1.78121533366802,1.91843174219771,1
8,"n600-b1_1-b2_2p8-b3_2p8",600,6,76,1,1,0,1.029619,1.029619,1.5,1.8,1,1.3,0.0866666666666667,213,85,211,91,FALSE,NA,TRUE,NA,-0.220857633759492,-0.220857633759492,0.220857633759492,0.220857633759492,0.0487780943898418,-0.558000324856946,0.11368576666482,1,0.953985763567457,-0.0756332364325432,0.0756332364325432,0.0756332364325432,0.00572038645326097,0.682152760124354,1.23460889397484,1,1.3012204821513,0.2716014821513,0.2716014821513,0.2716014821513,0.073767365106783,0.90673659764968,1.69990801521483,1,1.48402757455586,-0.0159724254441436,0.0159724254441436,0.0159724254441436,0.000255118374568725,1.45424699811166,1.5164518182426,1,1.77903334106726,-0.0209666589327402,0.0209666589327402,0.0209666589327402,0.000439600786801854,1.71884887178288,1.82795921280654,1
8,"n600-b1_1-b2_2p8-b3_2p8",600,7,77,1,1,0,1.029619,1.029619,1.5,1.8,1,1.3,0.0816666666666667,214,81,201,104,FALSE,NA,TRUE,NA,-0.0996534381331559,-0.0996534381331559,0.0996534381331559,0.0996534381331559,0.00993080773175872,-0.442310530289518,0.239051863690272,1,1.30105134013077,0.271432340130769,0.271432340130769,0.271432340130769,0.0736755152688657,1.02521374484115,1.58232649467347,1,1.06986752062058,0.0402485206205807,0.0402485206205807,0.0402485206205807,0.00161994341214531,0.676629308285551,1.47061957655003,1,1.47086698619877,-0.0291330138012296,0.0291330138012296,0.0291330138012296,0.000848732493142632,1.36274257031144,1.53983907648865,1,1.78469199361566,-0.015308006384338,0.015308006384338,0.015308006384338,0.000234335059462934,1.67528746512234,1.88562573463366,1
8,"n600-b1_1-b2_2p8-b3_2p8",600,8,78,1,1,0,1.029619,1.029619,1.5,1.8,1,1.3,0.0966666666666667,212,102,196,90,FALSE,NA,TRUE,NA,0.05342561374595,0.05342561374595,0.05342561374595,0.05342561374595,0.00285429620413145,-0.280741239060029,0.387517735412286,1,1.20093911675343,0.171320116753429,0.171320116753429,0.171320116753429,0.0293505824044086,0.909087681340861,1.49940637811071,1,0.827021470258919,-0.202597529741081,0.202597529741081,0.202597529741081,0.0410457590571883,0.434191894655337,1.21601102533056,1,1.49350627532637,-0.0064937246736283,0.0064937246736283,0.0064937246736283,4.2168460136889e-05,1.43996402858215,1.58346217639925,1,1.78679899610537,-0.0132010038946275,0.0132010038946275,0.0132010038946275,0.000174266503825971,1.72918583675303,1.88023334400507,1
8,"n600-b1_1-b2_2p8-b3_2p8",600,9,79,1,1,0,1.029619,1.029619,1.5,1.8,1,1.3,0.108333333333333,179,102,206,113,FALSE,NA,TRUE,NA,-0.113134781241141,-0.113134781241141,0.113134781241141,0.113134781241141,0.0127994787264809,-0.433986810016256,0.197740105997684,1,1.06086404353372,0.0312450435337233,0.0312450435337233,0.0312450435337233,0.000976252745424262,0.791056809706454,1.33989924489096,1,0.941277873406459,-0.0883411265935408,0.0883411265935408,0.0883411265935408,0.007804154647816,0.562672230877396,1.32206433649406,1,1.4133803739798,-0.0866196260201963,0.0866196260201963,0.0866196260201963,0.00750295961187868,1.332881043102,1.51680955650302,1,1.83162727627978,0.031627276279784,0.031627276279784,0.031627276279784,0.00100028460487779,1.70910024042421,1.89712463155626,1
8,"n600-b1_1-b2_2p8-b3_2p8",600,10,80,1,1,0,1.029619,1.029619,1.5,1.8,1,1.3,0.0816666666666667,219,97,191,93,FALSE,NA,TRUE,NA,0.143790386756815,0.143790386756815,0.143790386756815,0.143790386756815,0.0206756753236744,-0.172371647005072,0.458807429677211,1,0.928894982193779,-0.100724017806221,0.100724017806221,0.100724017806221,0.0101453277630279,0.645546875495915,1.21974441388157,1,0.894779028939734,-0.134839971060266,0.134839971060266,0.134839971060266,0.0181818177955334,0.510704258706391,1.27774566093082,1,1.59121478231112,0.0912147823111171,0.0912147823111171,0.0912147823111171,0.00832013651206449,1.45392104451955,1.73302755250825,1,1.82232947681682,0.0223294768168152,0.0223294768168152,0.0223294768168152,0.000498605534912687,1.74850543442693,1.96960344715267,1
9,"n600-b1_1-b2_2p8-b3_2p8",600,1,81,1,1,0,1.029619,1.029619,1.5,1.8,1,1.3,0.123333333333333,210,84,207,99,FALSE,NA,TRUE,NA,0.432510525846238,0.432510525846238,0.432510525846238,0.432510525846238,0.18706535496779,0.068342713622972,0.798103188902107,0,1.60238128844404,0.572762288444044,0.572762288444044,0.572762288444044,0.328056639063658,1.29052778489001,1.92203479314217,0,0.493711134345102,-0.535907865654898,0.535907865654898,0.535907865654898,0.287197240470788,0.0780081418158129,0.912916092368373,0,1.54142301659782,0.041423016597822,0.041423016597822,0.041423016597822,0.00171586630406344,1.47272826936145,1.65920434949491,1,1.83189852890052,0.0318985289005203,0.0318985289005203,0.0318985289005203,0.00101751614601733,1.74237656498644,1.96371883872292,1
9,"n600-b1_1-b2_2p8-b3_2p8",600,2,82,1,1,0,1.029619,1.029619,1.5,1.8,1,1.3,0.0933333333333334,202,104,204,90,FALSE,NA,TRUE,NA,-0.128662179626628,-0.128662179626628,0.128662179626628,0.128662179626628,0.0165539564662746,-0.454719985914664,0.198366985090526,1,0.908307923985863,-0.121311076014137,0.121311076014137,0.121311076014137,0.0147163771637078,0.63036324324023,1.19465465904583,1,1.20381973211356,0.174200732113559,0.174200732113559,0.174200732113559,0.0303458950689,0.811891816482815,1.5869311674121,1,1.5042612709264,0.00426127092640471,0.00426127092640471,0.00426127092640471,1.81584299082221e-05,1.44319677098315,1.56552118741756,1,1.83629514102184,0.0362951410218404,0.0362951410218404,0.0362951410218404,0.00131733726179528,1.76869470970608,1.91385091080995,1
9,"n600-b1_1-b2_2p8-b3_2p8",600,3,83,1,1,0,1.029619,1.029619,1.5,1.8,1,1.3,0.07,183,105,210,102,FALSE,NA,TRUE,NA,-0.273687773612589,-0.273687773612589,0.273687773612589,0.273687773612589,0.0749049974250157,-0.574114540852634,0.028469193509045,1,1.03762229165634,0.00800329165634328,0.00800329165634328,0.00800329165634328,6.4052677336494e-05,0.776786569236666,1.3048151289609,1,1.33601062278642,0.306391622786417,0.306391622786417,0.306391622786417,0.093875826513694,0.958584772504348,1.70574940179347,1,1.52566203684931,0.0256620368493132,0.0256620368493132,0.0256620368493132,0.00065854013525551,1.4745373584521,1.60860727898174,1,1.81202263887994,0.0120226388799409,0.0120226388799409,0.0120226388799409,0.000144543845637467,1.76486149987077,1.89968540376063,1
9,"n600-b1_1-b2_2p8-b3_2p8",600,4,84,1,1,0,1.029619,1.029619,1.5,1.8,1,1.3,0.0816666666666667,200,86,219,95,FALSE,NA,TRUE,NA,0.221177565197824,0.221177565197824,0.221177565197824,0.221177565197824,0.0489195153468379,-0.128482698168936,0.566994455818327,1,1.13625509503317,0.10663609503317,0.10663609503317,0.10663609503317,0.0113712567639233,0.846677088242035,1.43753703576512,1,0.674420119286359,-0.355198880713641,0.355198880713641,0.355198880713641,0.126166244860224,0.278193030393985,1.07115916275736,1,1.50239869510625,0.00239869510624957,0.00239869510624957,0.00239869510624957,5.75373821274564e-06,1.4634400641635,1.56687341512232,1,1.75641947413986,-0.0435805258601409,0.0435805258601409,0.0435805258601409,0.00189926223424641,1.71262640692543,1.80498646199681,1
9,"n600-b1_1-b2_2p8-b3_2p8",600,5,85,1,1,0,1.029619,1.029619,1.5,1.8,1,1.3,0.0983333333333334,191,95,221,93,FALSE,NA,TRUE,NA,-0.364778833974124,-0.364778833974124,0.364778833974124,0.364778833974124,0.133063597715521,-0.696591666073391,-0.0394407832567317,0,0.883094649694066,-0.146524350305934,0.146524350305934,0.146524350305934,0.0214693852325759,0.611154264059256,1.15641075116249,1,1.51831224084422,0.488693240844224,0.488693240844224,0.488693240844224,0.238821083646831,1.12572363939576,1.91314324267129,0,1.54173824272978,0.0417382427297794,0.0417382427297794,0.0417382427297794,0.00174208090616999,1.49977466249874,1.60483206524174,1,1.79610649407407,-0.00389350592592752,0.00389350592592752,0.00389350592592752,1.51593883952327e-05,1.75112467534813,1.83842984409488,1
9,"n600-b1_1-b2_2p8-b3_2p8",600,6,86,1,1,0,1.029619,1.029619,1.5,1.8,1,1.3,0.0816666666666667,207,87,200,106,FALSE,NA,TRUE,NA,0.114385840075989,0.114385840075989,0.114385840075989,0.114385840075989,0.0130841204098897,-0.2055184270771,0.431672383044623,1,1.12442164409846,0.0948026440984644,0.0948026440984644,0.0948026440984644,0.00898754132806011,0.849447415445046,1.40736172942921,1,0.858299592265694,-0.171319407734306,0.171319407734306,0.171319407734306,0.0293503394664333,0.478079597312499,1.24670972811852,1,1.52332683409095,0.0233268340909458,0.0233268340909458,0.0233268340909458,0.000544141188706512,1.43085052978774,1.60213840565188,1,1.81379996096041,0.0137999609604056,0.0137999609604056,0.0137999609604056,0.000190438922508718,1.68738259458888,1.92449459803753,1
9,"n600-b1_1-b2_2p8-b3_2p8",600,7,87,1,1,0,1.029619,1.029619,1.5,1.8,1,1.3,0.0816666666666667,188,84,209,119,FALSE,NA,TRUE,NA,-0.133214650625062,-0.133214650625062,0.133214650625062,0.133214650625062,0.0177461431411574,-0.452514179275945,0.182561395596675,1,0.946448968982479,-0.0831700310175214,0.0831700310175214,0.0831700310175214,0.00691725405945547,0.692887470460679,1.20678939489083,1,1.253918952766,0.224299952766002,0.224299952766002,0.224299952766002,0.0503104688108306,0.867656444399683,1.63607987018563,1,1.50320313548627,0.00320313548627205,0.00320313548627205,0.00320313548627205,1.02600769434153e-05,1.4552527475892,1.58380002728393,1,1.83352034749272,0.0335203474927248,0.0335203474927248,0.0335203474927248,0.00112361369603302,1.7945937171613,1.90543077173469,1
9,"n600-b1_1-b2_2p8-b3_2p8",600,8,88,1,1,0,1.029619,1.029619,1.5,1.8,1,1.3,0.0966666666666667,201,98,198,103,FALSE,NA,TRUE,NA,-0.0363637255247927,-0.0363637255247927,0.0363637255247927,0.0363637255247927,0.00132232053404246,-0.357927261668237,0.284203279149386,1,1.09710565062505,0.0674866506250484,0.0674866506250484,0.0674866506250484,0.00455444801258735,0.823212954155618,1.37258686924464,1,0.961363728878294,-0.0682552711217065,0.0682552711217065,0.0682552711217065,0.00465878203589766,0.576569308915398,1.3444349912187,1,1.46300633640874,-0.036993663591256,0.036993663591256,0.036993663591256,0.00136853114590302,1.37160172513655,1.55372130530169,1,1.80571912329098,0.00571912329098101,0.00571912329098101,0.00571912329098101,3.27083712174415e-05,1.75709067634576,1.92065431087646,1
9,"n600-b1_1-b2_2p8-b3_2p8",600,9,89,1,1,0,1.029619,1.029619,1.5,1.8,1,1.3,0.101666666666667,198,113,189,100,FALSE,NA,TRUE,NA,-0.161007323235424,-0.161007323235424,0.161007323235424,0.161007323235424,0.0259233581354363,-0.475296114594668,0.148138405816768,1,0.742702917768792,-0.286916082231208,0.286916082231208,0.286916082231208,0.0823208382429056,0.477674280600239,1.01959433747713,0,1.20712092800047,0.177501928000465,0.177501928000465,0.177501928000465,0.0315069344438824,0.835344070462593,1.58734675063711,1,1.46707409252711,-0.0329259074728909,0.0329259074728909,0.0329259074728909,0.00108411538291337,1.39603641515824,1.58514508597291,1,1.71088601520423,-0.0891139847957712,0.0891139847957712,0.0891139847957712,0.00794130228618093,1.62182371715739,1.80579990556929,1
9,"n600-b1_1-b2_2p8-b3_2p8",600,10,90,1,1,0,1.029619,1.029619,1.5,1.8,1,1.3,0.135,202,97,193,108,FALSE,NA,TRUE,NA,0.13790401442686,0.13790401442686,0.13790401442686,0.13790401442686,0.0190175171950437,-0.200948748090641,0.481911165937732,1,1.10238975303777,0.0727707530377735,0.0727707530377735,0.0727707530377735,0.00529558249768462,0.806689283418464,1.39998890844038,1,0.91399429054671,-0.115624709453291,0.115624709453291,0.115624709453291,0.0133690734361578,0.505991490241619,1.32324136965567,1,1.47558398171505,-0.0244160182849542,0.0244160182849542,0.0244160182849542,0.000596141948891218,1.38506878930427,1.59356866678321,1,1.72956781994638,-0.0704321800536172,0.0704321800536172,0.0704321800536172,0.00496069198710515,1.53647473484843,1.97469038360426,1
10,"n600-b1_1-b2_2p8-b3_2p8",600,1,91,1,1,0,1.029619,1.029619,1.5,1.8,1,1.3,0.0866666666666667,232,111,168,89,FALSE,NA,TRUE,NA,0.0725548494817381,0.0725548494817381,0.0725548494817381,0.0725548494817381,0.00526420618331767,-0.248681230440108,0.402083543432566,1,1.21324931942007,0.183630319420073,0.183630319420073,0.183630319420073,0.033720094210318,0.913738850914551,1.52635238419272,1,0.79053890561103,-0.23908009438897,0.23908009438897,0.23908009438897,0.0571592915330388,0.406151255199841,1.17330965447668,1,1.42015628594989,-0.0798437140501149,0.0798437140501149,0.0798437140501149,0.00637501867331652,1.27443871369799,1.54505579842724,1,1.74452058681949,-0.0554794131805127,0.0554794131805127,0.0554794131805127,0.00307796528685405,1.5652876424533,1.89158711985332,1
10,"n600-b1_1-b2_2p8-b3_2p8",600,2,92,1,1,0,1.029619,1.029619,1.5,1.8,1,1.3,0.11,208,99,189,104,FALSE,NA,TRUE,NA,-0.058794042201568,-0.058794042201568,0.058794042201568,0.058794042201568,0.00345673939839976,-0.381951436159068,0.264462634914138,1,1.20276624807439,0.17314724807439,0.17314724807439,0.17314724807439,0.0299799695157345,0.919358604617223,1.49172895864198,1,1.1242037547108,0.0945847547108003,0.0945847547108003,0.0945847547108003,0.00894627582370226,0.740044012048244,1.51492372354855,1,1.43060136620406,-0.0693986337959394,0.0693986337959394,0.0693986337959394,0.0048161703727429,1.33819859404208,1.57377387981724,1,1.76693444332456,-0.0330655566754374,0.0330655566754374,0.0330655566754374,0.00109333103825656,1.70801091930308,1.87043955864784,1
10,"n600-b1_1-b2_2p8-b3_2p8",600,3,93,1,1,0,1.029619,1.029619,1.5,1.8,1,1.3,0.095,211,87,202,100,FALSE,NA,TRUE,NA,0.0762098938719043,0.0762098938719043,0.0762098938719043,0.0762098938719043,0.00580794792396691,-0.260146645586134,0.416648091264182,1,1.12523660072697,0.095617600726972,0.095617600726972,0.095617600726972,0.00914272556878264,0.84353305722712,1.41712693839813,1,1.00680146203313,-0.02281753796687,0.02281753796687,0.02281753796687,0.000520640038869555,0.606101514795435,1.41207054697145,1,1.4105429692551,-0.0894570307448987,0.0894570307448987,0.0894570307448987,0.00800256034969376,1.28490971935315,1.51047280921814,1,1.75760422558836,-0.0423957744116352,0.0423957744116352,0.0423957744116352,0.00179740168796226,1.70973553222495,1.83471665904885,1
10,"n600-b1_1-b2_2p8-b3_2p8",600,4,94,1,1,0,1.029619,1.029619,1.5,1.8,1,1.3,0.0766666666666667,205,85,209,101,FALSE,NA,TRUE,NA,0.035089699744521,0.035089699744521,0.035089699744521,0.035089699744521,0.00123128702816064,-0.288834651172572,0.357923370776809,1,0.786599005558822,-0.243019994441178,0.243019994441178,0.243019994441178,0.0590587176981904,0.522971866378951,1.05331694254973,1,1.14619989917728,0.116580899177285,0.116580899177285,0.116580899177285,0.0135911060529842,0.756587982353913,1.54255143540116,1,1.54228032811992,0.0422803281199196,0.0422803281199196,0.0422803281199196,0.00178762614592806,1.46796659131312,1.72088431709081,1,1.82277694315946,0.0227769431594562,0.0227769431594562,0.0227769431594562,0.000518789139689099,1.76191593094963,1.96242058138818,1
10,"n600-b1_1-b2_2p8-b3_2p8",600,5,95,1,1,0,1.029619,1.029619,1.5,1.8,1,1.3,0.095,189,94,193,124,FALSE,NA,TRUE,NA,-0.119432541860948,-0.119432541860948,0.119432541860948,0.119432541860948,0.014264132055367,-0.432520185350429,0.186176463722879,1,1.02567615254285,-0.00394284745714524,0.00394284745714524,0.00394284745714524,1.55460460703167e-05,0.765347420365168,1.29182422307458,1,1.14913237683446,0.119513376834464,0.119513376834464,0.119513376834464,0.0142834472423765,0.773071670575708,1.52807712288431,1,1.54497492626604,0.0449749262660437,0.0449749262660437,0.0449749262660437,0.00202274399263607,1.47405645132001,1.68731624227654,1,1.83586370088266,0.0358637008826623,0.0358637008826623,0.0358637008826623,0.00128620504100107,1.78027387005176,1.97608083611973,1
10,"n600-b1_1-b2_2p8-b3_2p8",600,6,96,1,1,0,1.029619,1.029619,1.5,1.8,1,1.3,0.105,196,109,192,103,FALSE,NA,TRUE,NA,0.18624965245711,0.18624965245711,0.18624965245711,0.18624965245711,0.0346889330403943,-0.127311623317482,0.507438430630415,1,1.16097158120816,0.13135258120816,0.13135258120816,0.13135258120816,0.0172535005900462,0.872566454969302,1.45442161850669,1,0.891299801249033,-0.138319198750967,0.138319198750967,0.138319198750967,0.0191322007431094,0.508652908120469,1.27719024232287,1,1.477933991957,-0.0220660080430002,0.0220660080430002,0.0220660080430002,0.000486908710953749,1.38990045162125,1.59068946238488,1,1.8159150207106,0.0159150207106007,0.0159150207106007,0.0159150207106007,0.000253287884218849,1.70691325557376,1.97940945303952,1
10,"n600-b1_1-b2_2p8-b3_2p8",600,7,97,1,1,0,1.029619,1.029619,1.5,1.8,1,1.3,0.1,194,92,218,96,FALSE,NA,TRUE,NA,0.105717344131912,0.105717344131912,0.105717344131912,0.105717344131912,0.011176156850305,-0.234527540212323,0.450295961510372,1,1.08446281984996,0.0548438198499648,0.0548438198499648,0.0548438198499648,0.00300784457573539,0.798975785040404,1.37470501594994,1,0.86052858867139,-0.16909041132861,0.16909041132861,0.16909041132861,0.0285915672032786,0.462040079289122,1.25477429385012,1,1.591226944812,0.0912269448120004,0.0912269448120004,0.0912269448120004,0.00832235545973178,1.42076586200848,1.74516106369003,1,1.83591604417866,0.0359160441786588,0.0359160441786588,0.0359160441786588,0.00128996222944337,1.73919974647499,1.9019357421769,1
10,"n600-b1_1-b2_2p8-b3_2p8",600,8,98,1,1,0,1.029619,1.029619,1.5,1.8,1,1.3,0.0816666666666667,233,93,177,97,FALSE,NA,TRUE,NA,0.266782148400848,0.266782148400848,0.266782148400848,0.266782148400848,0.0711727147053723,-0.0725611265531555,0.594037277388334,1,0.970414098920178,-0.0592049010798216,0.0592049010798216,0.0592049010798216,0.00350522031187146,0.679498039488519,1.26636607607709,1,0.835039626967067,-0.194579373032933,0.194579373032933,0.194579373032933,0.0378611324098895,0.44368136218377,1.22761910124721,1,1.46023183378418,-0.0397681662158194,0.0397681662158194,0.0397681662158194,0.00158150704416904,1.42050067204513,1.51133646332535,1,1.73653976554041,-0.063460234459588,0.063460234459588,0.063460234459588,0.00402720135766588,1.66320210830823,1.79835410829874,0
10,"n600-b1_1-b2_2p8-b3_2p8",600,9,99,1,1,0,1.029619,1.029619,1.5,1.8,1,1.3,0.116666666666667,192,96,215,97,FALSE,NA,TRUE,NA,-0.0971184579638436,-0.0971184579638436,0.0971184579638436,0.0971184579638436,0.00943199487727485,-0.440981579413851,0.242595150532695,1,1.16037785439351,0.130758854393513,0.130758854393513,0.130758854393513,0.0170978780023039,0.876703981912231,1.45491831482577,1,1.20925987416714,0.179640874167143,0.179640874167143,0.179640874167143,0.0322708436715352,0.809009871484424,1.61711152769361,1,1.47091975049407,-0.0290802495059339,0.0290802495059339,0.0290802495059339,0.000845660911327369,1.36427622444117,1.55630775387892,1,1.76532853499508,-0.0346714650049247,0.0346714650049247,0.0346714650049247,0.00120211048558772,1.67772525702662,1.83135692729042,1
10,"n600-b1_1-b2_2p8-b3_2p8",600,10,100,1,1,0,1.029619,1.029619,1.5,1.8,1,1.3,0.1,194,96,199,111,FALSE,NA,TRUE,NA,0.018851324667736,0.018851324667736,0.018851324667736,0.018851324667736,0.000355372441728391,-0.292182126278076,0.326624956327042,1,0.865832033341337,-0.163786966658663,0.163786966658663,0.163786966658663,0.026826170447246,0.598970847574692,1.14196010874804,1,1.12200994186607,0.09239094186607,0.09239094186607,0.09239094186607,0.00853608613889953,0.742175100355828,1.49953029057252,1,1.53576021375336,0.0357602137533628,0.0357602137533628,0.0357602137533628,0.0012787928876862,1.42700485126967,1.69777982315373,1,1.82255986096767,0.0225598609676652,0.0225598609676652,0.0225598609676652,0.000508947326880382,1.73247187795143,2.04267976146602,1
11,"n600-b1_1-b2_2p8-b3_2p8",600,1,101,1,1,0,1.029619,1.029619,1.5,1.8,1,1.3,0.0966666666666667,191,107,191,111,FALSE,NA,TRUE,NA,0.0251577725413726,0.0251577725413726,0.0251577725413726,0.0251577725413726,0.000632913519243443,-0.287231073166117,0.335564688709331,1,1.06790562873172,0.0382866287317232,0.0382866287317232,0.0382866287317232,0.00146586593964081,0.800678245434293,1.34859350370782,1,1.13057740255265,0.100958402552653,0.100958402552653,0.100958402552653,0.0101925990459835,0.753848514329132,1.51322382031242,1,1.5274617413179,0.0274617413179028,0.0274617413179028,0.0274617413179028,0.00075414723621141,1.46597295667563,1.65250679496397,1,1.84296160701099,0.0429616070109913,0.0429616070109913,0.0429616070109913,0.00184569967696685,1.74470913154925,1.97194545896224,1
11,"n600-b1_1-b2_2p8-b3_2p8",600,2,102,1,1,0,1.029619,1.029619,1.5,1.8,1,1.3,0.085,183,111,200,106,FALSE,NA,TRUE,NA,0.145198871440075,0.145198871440075,0.145198871440075,0.145198871440075,0.0210827122674714,-0.153158185615632,0.449047349884716,1,1.06287007408872,0.0332510740887229,0.0332510740887229,0.0332510740887229,0.00110563392805374,0.799240402374459,1.33507738932495,1,1.05182287676442,0.0222038767644164,0.0222038767644164,0.0222038767644164,0.000493012143369389,0.681152139014133,1.41762356006765,1,1.56468583232438,0.0646858323243822,0.0646858323243822,0.0646858323243822,0.00418425690349809,1.45806958950348,1.65295463820502,1,1.83255820917548,0.032558209175477,0.032558209175477,0.032558209175477,0.00106003698471412,1.78321056754043,1.95223217831466,1
11,"n600-b1_1-b2_2p8-b3_2p8",600,3,103,1,1,0,1.029619,1.029619,1.5,1.8,1,1.3,0.0866666666666667,221,94,189,96,FALSE,NA,TRUE,NA,0.0817693218117339,0.0817693218117339,0.0817693218117339,0.0817693218117339,0.0066862219895509,-0.234194247178532,0.404838028703179,1,0.96025936342534,-0.0693596365746598,0.0693596365746598,0.0693596365746598,0.00481075918576889,0.682523694139834,1.2440651630147,1,1.07230910978033,0.0426901097803278,0.0426901097803278,0.0426901097803278,0.00182244547305644,0.679689955136831,1.45622047299584,1,1.50289177154361,0.00289177154360809,0.00289177154360809,0.00289177154360809,8.36234266042152e-06,1.44386535305746,1.75857569647356,1,1.98428611669878,0.184286116698777,0.184286116698777,0.184286116698777,0.0339613728079152,1.81434130288659,2.18790716534899,0
11,"n600-b1_1-b2_2p8-b3_2p8",600,4,104,1,1,0,1.029619,1.029619,1.5,1.8,1,1.3,0.103333333333333,195,108,210,87,FALSE,NA,TRUE,NA,-0.0693315857373162,-0.0693315857373162,0.0693315857373162,0.0693315857373162,0.00480686878085082,-0.400554211946666,0.259901360955164,1,1.05791793572689,0.0282989357268857,0.0282989357268857,0.0282989357268857,0.000800829763274407,0.77294608310537,1.34301293789001,1,1.2208522898425,0.1912332898425,0.1912332898425,0.1912332898425,0.0365701711439858,0.824680083916973,1.61657047140217,1,1.53874163831287,0.0387416383128698,0.0387416383128698,0.0387416383128698,0.00150091453916522,1.46713126842632,1.64445524407686,1,1.82078064015291,0.0207806401529067,0.0207806401529067,0.0207806401529067,0.000431835005164598,1.7033695020258,1.9118740890124,1
11,"n600-b1_1-b2_2p8-b3_2p8",600,5,105,1,1,0,1.029619,1.029619,1.5,1.8,1,1.3,0.075,208,87,208,97,FALSE,NA,TRUE,NA,-0.0715825219276699,-0.0715825219276699,0.0715825219276699,0.0715825219276699,0.00512405744552535,-0.39723944799349,0.259176298859911,1,0.938461740584693,-0.0911572594153075,0.0911572594153075,0.0911572594153075,0.00830964594410967,0.670077188212838,1.21950352453701,1,1.04567058167084,0.0160515816708409,0.0160515816708409,0.0160515816708409,0.000257653274135674,0.656880572648964,1.43127565216616,1,1.59453297383908,0.0945329738390834,0.0945329738390834,0.0945329738390834,0.00893648314286083,1.49825387131858,1.762654931359,1,1.83248511540152,0.0324851154015224,0.0324851154015224,0.0324851154015224,0.00105528272265023,1.715940723382,1.98250182323685,1
11,"n600-b1_1-b2_2p8-b3_2p8",600,6,106,1,1,0,1.029619,1.029619,1.5,1.8,1,1.3,0.0933333333333334,182,114,215,89,FALSE,NA,TRUE,NA,-0.0928318317355751,-0.0928318317355751,0.0928318317355751,0.0928318317355751,0.00861774898338213,-0.401399327967039,0.213355904846576,1,0.861923805059902,-0.167695194940098,0.167695194940098,0.167695194940098,0.0281216784059975,0.591611498190091,1.13995529265542,1,1.11938684198153,0.0897678419815342,0.0897678419815342,0.0897678419815342,0.00805826545402169,0.738076738879184,1.49109029565153,1,1.53988408603265,0.0398840860326493,0.0398840860326493,0.0398840860326493,0.00159074031865977,1.45719924460206,1.64093976342806,1,1.95829256318016,0.158292563180164,0.158292563180164,0.158292563180164,0.0250565355581462,1.78370922501049,2.23433451095265,1
11,"n600-b1_1-b2_2p8-b3_2p8",600,7,107,1,1,0,1.029619,1.029619,1.5,1.8,1,1.3,0.1,193,95,216,96,FALSE,NA,TRUE,NA,-0.0460441117452791,-0.0460441117452791,0.0460441117452791,0.0460441117452791,0.00212006022641175,-0.380108631845118,0.289855222415025,1,1.25719180830765,0.227572808307646,0.227572808307646,0.227572808307646,0.0517893830810286,0.975257367003892,1.54721872657468,1,0.961960950283379,-0.0676580497166208,0.0676580497166208,0.0676580497166208,0.00457761169145673,0.565451994984465,1.35577646954004,1,1.47062810135652,-0.0293718986434826,0.0293718986434826,0.0293718986434826,0.000862708429923012,1.41921859337762,1.52487648222935,1,1.78323579215176,-0.016764207848236,0.016764207848236,0.016764207848236,0.000281038664778856,1.74781354155387,1.84209913504232,1
11,"n600-b1_1-b2_2p8-b3_2p8",600,8,108,1,1,0,1.029619,1.029619,1.5,1.8,1,1.3,0.0866666666666667,206,103,205,86,FALSE,NA,TRUE,NA,-0.0160129432497356,-0.0160129432497356,0.0160129432497356,0.0160129432497356,0.000256414351519253,-0.350413446161769,0.31829852931714,1,0.927616511639106,-0.102002488360894,0.102002488360894,0.102002488360894,0.0104045076318144,0.636709125211127,1.22912456142375,1,0.987638807244142,-0.041980192755858,0.041980192755858,0.041980192755858,0.00176233658381899,0.590873207612023,1.38441622908877,1,1.49214683352312,-0.0078531664768775,0.0078531664768775,0.0078531664768775,6.16722237135526e-05,1.43100772509155,1.56052911123168,1,1.78302456627127,-0.0169754337287302,0.0169754337287302,0.0169754337287302,0.000288165350278512,1.71350059627046,1.82889623059119,1
11,"n600-b1_1-b2_2p8-b3_2p8",600,9,109,1,1,0,1.029619,1.029619,1.5,1.8,1,1.3,0.12,209,108,180,103,FALSE,NA,TRUE,NA,-0.132025176957662,-0.132025176957662,0.132025176957662,0.132025176957662,0.017430647350702,-0.449868890958347,0.187501547429565,1,0.98621860328071,-0.0434003967192903,0.0434003967192903,0.0434003967192903,0.00188359443539178,0.704653859656625,1.27108173714098,1,1.16252096660275,0.132901966602753,0.132901966602753,0.132901966602753,0.0176629327268792,0.775588647160822,1.54550456441499,1,1.53044507005211,0.0304450700521079,0.0304450700521079,0.0304450700521079,0.00092690229047776,1.4850256456462,1.6336880613112,1,1.76258868502963,-0.0374113149703663,0.0374113149703663,0.0374113149703663,0.00139960648781195,1.71102141301842,1.96522865382312,1
11,"n600-b1_1-b2_2p8-b3_2p8",600,10,110,1,1,0,1.029619,1.029619,1.5,1.8,1,1.3,0.111666666666667,190,100,200,110,FALSE,NA,TRUE,NA,0.00866618396338714,0.00866618396338714,0.00866618396338714,0.00866618396338714,7.51027444872684e-05,-0.305105353329375,0.324507358958781,1,1.21039663794742,0.180777637947421,0.180777637947421,0.180777637947421,0.0326805543818489,0.939573579716001,1.48870155352446,1,0.895576123667707,-0.134042876332293,0.134042876332293,0.134042876332293,0.0179674926954345,0.511931460862953,1.28015151784454,1,1.63110325042875,0.131103250428748,0.131103250428748,0.131103250428748,0.0171880622729831,1.47818947552951,1.89780282473308,1,1.97960556945999,0.179605569459991,0.179605569459991,0.179605569459991,0.0322581605810476,1.72544239535146,2.09828248729089,1
12,"n600-b1_1-b2_2p8-b3_2p8",600,1,111,1,1,0,1.029619,1.029619,1.5,1.8,1,1.3,0.09,189,106,200,105,FALSE,NA,TRUE,NA,-0.202421310579128,-0.202421310579128,0.202421310579128,0.202421310579128,0.0409743869765717,-0.507961160526038,0.105323521088322,1,0.930550977248775,-0.0990680227512255,0.0990680227512255,0.0990680227512255,0.00981447313183733,0.661738699656801,1.19991879820064,1,1.06352254967626,0.0339035496762619,0.0339035496762619,0.0339035496762619,0.00114945068065076,0.686175290907396,1.43959150357805,1,1.54834238145602,0.0483423814560209,0.0483423814560209,0.0483423814560209,0.00233698584483943,1.47070237241691,1.62439343159178,1,1.82335520364913,0.0233552036491331,0.0233552036491331,0.0233552036491331,0.000545465537492481,1.7868241507198,1.89635644518961,1
12,"n600-b1_1-b2_2p8-b3_2p8",600,2,112,1,1,0,1.029619,1.029619,1.5,1.8,1,1.3,0.0916666666666667,197,91,211,101,FALSE,NA,TRUE,NA,-0.0560265179455084,-0.0560265179455084,0.0560265179455084,0.0560265179455084,0.00313897071309838,-0.383290542234234,0.272794274584379,1,0.946682170751307,-0.0829368292486935,0.0829368292486935,0.0829368292486935,0.00687851764582694,0.678875885452955,1.22173993136563,1,1.08424111165226,0.0546221116522567,0.0546221116522567,0.0546221116522567,0.0029835750813516,0.690344261391185,1.47192527580771,1,1.40125670852028,-0.0987432914797179,0.0987432914797179,0.0987432914797179,0.00975023761224854,1.35459339740701,1.48912720499213,0,1.85770231229052,0.0577023122905158,0.0577023122905158,0.0577023122905158,0.00332955684367221,1.77009711757637,1.9544753476442,1
12,"n600-b1_1-b2_2p8-b3_2p8",600,3,113,1,1,0,1.029619,1.029619,1.5,1.8,1,1.3,0.095,198,96,210,96,FALSE,NA,TRUE,NA,-0.139117407566157,-0.139117407566157,0.139117407566157,0.139117407566157,0.0193536530879283,-0.466927671836705,0.188109829308532,1,1.19159250979315,0.161973509793154,0.161973509793154,0.161973509793154,0.026235417874713,0.91511135061174,1.47395077063245,1,1.02270925267045,-0.00690974732954763,0.00690974732954763,0.00690974732954763,4.77446081581906e-05,0.627314341239173,1.41708985535029,1,1.52925871282123,0.0292587128212349,0.0292587128212349,0.0292587128212349,0.000856072275955497,1.4532998520383,1.60828628996446,1,1.85248673974542,0.0524867397454154,0.0524867397454154,0.0524867397454154,0.00275485784910297,1.77821477790557,1.93670220169503,1
12,"n600-b1_1-b2_2p8-b3_2p8",600,4,114,1,1,0,1.029619,1.029619,1.5,1.8,1,1.3,0.08,186,100,208,106,FALSE,NA,TRUE,NA,-0.0320863576913479,-0.0320863576913479,0.0320863576913479,0.0320863576913479,0.00102953434989712,-0.337713928597701,0.280847795638588,1,0.90719965282127,-0.12241934717873,0.12241934717873,0.12241934717873,0.0149864965636665,0.648839738361593,1.17053367109152,1,1.05126094244265,0.0216419424426524,0.0216419424426524,0.0216419424426524,0.000468373672691079,0.675867084503652,1.42309410492838,1,1.54714442173111,0.0471444217311101,0.0471444217311101,0.0471444217311101,0.00222259650036077,1.47812430151848,1.6610533282858,1,1.82493802537303,0.0249380253730336,0.0249380253730336,0.0249380253730336,0.000621905109506067,1.7426659944112,2.04547420949361,1
12,"n600-b1_1-b2_2p8-b3_2p8",600,5,115,1,1,0,1.029619,1.029619,1.5,1.8,1,1.3,0.09,199,102,188,111,FALSE,NA,TRUE,NA,0.245350785287676,0.245350785287676,0.245350785287676,0.245350785287676,0.0601970078412791,-0.0556578779158083,0.554293220215385,1,1.14282226295499,0.113203262954987,0.113203262954987,0.113203262954987,0.012814978743656,0.870297151726546,1.42408840042126,1,0.884023154329838,-0.145595845670162,0.145595845670162,0.145595845670162,0.0211981502764097,0.50832922876904,1.26151996479937,1,1.53625219231049,0.0362521923104944,0.0362521923104944,0.0362521923104944,0.00131422144731707,1.46582979084534,1.73468980388963,1,1.84630495915482,0.0463049591548239,0.0463049591548239,0.0463049591548239,0.00214414924232991,1.74590761034024,2.11176985163508,1
12,"n600-b1_1-b2_2p8-b3_2p8",600,6,116,1,1,0,1.029619,1.029619,1.5,1.8,1,1.3,0.0916666666666667,188,110,214,88,FALSE,NA,TRUE,NA,-0.0167266702454798,-0.0167266702454798,0.0167266702454798,0.0167266702454798,0.000279781497501021,-0.33265564356732,0.304661844522936,1,0.950004017662795,-0.0796149823372049,0.0796149823372049,0.0796149823372049,0.00633854541255344,0.669611468123106,1.24284589897217,1,1.09894972529626,0.0693307252962572,0.0693307252962572,0.0693307252962572,0.00480674947010507,0.705148153741874,1.48419565660206,1,1.49302322946182,-0.00697677053818468,0.00697677053818468,0.00697677053818468,4.86753271424818e-05,1.35366660535649,1.63320787875613,1,1.90901284736301,0.10901284736301,0.10901284736301,0.10901284736301,0.0118838008901908,1.67848918987854,2.1004306744532,1
12,"n600-b1_1-b2_2p8-b3_2p8",600,7,117,1,1,0,1.029619,1.029619,1.5,1.8,1,1.3,0.108333333333333,203,97,184,116,FALSE,NA,TRUE,NA,-0.410686036923112,-0.410686036923112,0.410686036923112,0.410686036923112,0.168663020923612,-0.738514638811026,-0.0820684223256689,0,1.06276012823228,0.0331411282322835,0.0331411282322835,0.0331411282322835,0.00109833438050866,0.79190864506156,1.33444840197184,1,1.29767743000131,0.268058430001308,0.268058430001308,0.268058430001308,0.0718553218947663,0.909065239106578,1.69414117122251,1,1.48303689359662,-0.0169631064033795,0.0169631064033795,0.0169631064033795,0.000287746978852375,1.38036857295324,1.66989856817037,1,1.71271828252072,-0.0872817174792833,0.0872817174792833,0.0872817174792833,0.00761809820613342,1.62529636124105,1.88708380852768,1
12,"n600-b1_1-b2_2p8-b3_2p8",600,8,118,1,1,0,1.029619,1.029619,1.5,1.8,1,1.3,0.118333333333333,187,102,191,120,FALSE,NA,TRUE,NA,0.178458922838364,0.178458922838364,0.178458922838364,0.178458922838364,0.0318475871406291,-0.126100031894782,0.488161055028492,1,1.07920656315513,0.0495875631551319,0.0495875631551319,0.0495875631551319,0.0024589264196642,0.812568067318524,1.35327303162188,1,0.819530956789352,-0.210088043210648,0.210088043210648,0.210088043210648,0.044136985900079,0.438791882328064,1.19618065594082,1,1.51536608559225,0.0153660855922504,0.0153660855922504,0.0153660855922504,0.000236116586428365,1.47274769207416,1.58115297009414,1,1.76706551059336,-0.0329344894066446,0.0329344894066446,0.0329344894066446,0.00108468059247638,1.68584018966599,1.91593939666039,1
12,"n600-b1_1-b2_2p8-b3_2p8",600,9,119,1,1,0,1.029619,1.029619,1.5,1.8,1,1.3,0.1,194,109,211,86,FALSE,NA,TRUE,NA,0.201807372171624,0.201807372171624,0.201807372171624,0.201807372171624,0.0407262154628163,-0.128989477279848,0.536093223325721,1,1.05208591005846,0.0224669100584616,0.0224669100584616,0.0224669100584616,0.000504762047575002,0.761297266898953,1.35314884254108,1,0.819197007244786,-0.210421992755214,0.210421992755214,0.210421992755214,0.0442774150350752,0.427167418472099,1.20545763165837,1,1.41168236150981,-0.0883176384901854,0.0883176384901854,0.0883176384901854,0.00780000526848307,1.30073624967835,1.49987765118037,0,1.69623653065271,-0.103763469347292,0.103763469347292,0.103763469347292,0.0107668575709864,1.5231447889227,1.84651490436183,1
12,"n600-b1_1-b2_2p8-b3_2p8",600,10,120,1,1,0,1.029619,1.029619,1.5,1.8,1,1.3,0.103333333333333,187,88,212,113,FALSE,NA,TRUE,NA,0.0478374094386107,0.0478374094386107,0.0478374094386107,0.0478374094386107,0.00228841774179728,-0.281162789342767,0.369993879288581,1,1.08996398796847,0.0603449879684703,0.0603449879684703,0.0603449879684703,0.00364151757291483,0.823303108003839,1.36491957393731,1,1.02944039271913,-0.000178607280872933,0.000178607280872933,0.000178607280872933,3.19005607808229e-08,0.643782126473392,1.42344037757967,1,1.49140961600467,-0.00859038399533052,0.00859038399533052,0.00859038399533052,7.37946971872307e-05,1.44544588412072,1.57397019260451,1,1.77963658876822,-0.020363411231777,0.020363411231777,0.020363411231777,0.000414668516994461,1.73993762732968,1.84896721464917,1
13,"n600-b1_1-b2_2p8-b3_2p8",600,1,121,1,1,0,1.029619,1.029619,1.5,1.8,1,1.3,0.0716666666666667,199,108,203,90,FALSE,NA,TRUE,NA,0.223571484251048,0.223571484251048,0.223571484251048,0.223571484251048,0.0499842085702168,-0.0877307126230524,0.540433889283803,1,1.08455995106278,0.0549409510627754,0.0549409510627754,0.0549409510627754,0.00301850810368228,0.804439278710592,1.37037328053206,1,0.8944755932373,-0.1351434067627,0.1351434067627,0.1351434067627,0.0182637403914287,0.513118955855776,1.27491334835389,1,1.45312977146858,-0.046870228531418,0.046870228531418,0.046870228531418,0.00219681832258735,1.40599100347756,1.50173502440801,1,1.78962393117376,-0.0103760688262438,0.0103760688262438,0.0103760688262438,0.000107662804286947,1.71049756085584,1.87111566621951,1
13,"n600-b1_1-b2_2p8-b3_2p8",600,2,122,1,1,0,1.029619,1.029619,1.5,1.8,1,1.3,0.075,213,97,199,91,FALSE,NA,TRUE,NA,-0.102051101209742,-0.102051101209742,0.102051101209742,0.102051101209742,0.010414427258121,-0.425457043771598,0.226488389231277,1,1.10707607080132,0.0774570708013156,0.0774570708013156,0.0774570708013156,0.00599959781712002,0.826577992121626,1.3981152156931,1,1.00297811859351,-0.0266408814064856,0.0266408814064856,0.0266408814064856,0.000709736562114429,0.618992155611211,1.38522255133618,1,1.52404682679554,0.0240468267955392,0.0240468267955392,0.0240468267955392,0.00057824987893466,1.45660895836344,1.59854760003783,1,1.8352367001175,0.0352367001175002,0.0352367001175002,0.0352367001175002,0.00124162503517064,1.77333088865222,1.92102651868574,1
13,"n600-b1_1-b2_2p8-b3_2p8",600,3,123,1,1,0,1.029619,1.029619,1.5,1.8,1,1.3,0.103333333333333,194,109,212,85,FALSE,NA,TRUE,NA,0.0600585979352117,0.0600585979352117,0.0600585979352117,0.0600585979352117,0.00360703518594342,-0.272169403887064,0.394924414129933,1,1.14285118315088,0.113232183150882,0.113232183150882,0.113232183150882,0.0128215273011148,0.838961006625095,1.4517166217212,1,0.880945346526703,-0.148673653473298,0.148673653473298,0.148673653473298,0.0221038552370982,0.486599987346029,1.26947044234016,1,1.55344262893905,0.0534426289390477,0.0534426289390477,0.0534426289390477,0.00285611458791674,1.49244339299193,1.73931576154741,1,1.8581612501605,0.0581612501605,0.0581612501605,0.0581612501605,0.00338273102023226,1.78635284492113,2.22033102363431,1
13,"n600-b1_1-b2_2p8-b3_2p8",600,4,124,1,1,0,1.029619,1.029619,1.5,1.8,1,1.3,0.085,204,95,192,109,FALSE,NA,TRUE,NA,0.0913550879003312,0.0913550879003312,0.0913550879003312,0.0913550879003312,0.00834575208527725,-0.2268687496929,0.405340565183681,1,1.12760476462131,0.0979857646213103,0.0979857646213103,0.0979857646213103,0.00960121006842282,0.861049697582989,1.40701669407704,1,0.99702741222062,-0.0325915877793805,0.0325915877793805,0.0325915877793805,0.00106221159398107,0.616218340991718,1.37798506278011,1,1.50483612130582,0.00483612130582323,0.00483612130582323,0.00483612130582323,2.33880692846374e-05,1.4520920066657,1.63274407989127,1,1.82400321862704,0.0240032186270425,0.0240032186270425,0.0240032186270425,0.000576154504457598,1.76150482877278,1.91612097635171,1
13,"n600-b1_1-b2_2p8-b3_2p8",600,5,125,1,1,0,1.029619,1.029619,1.5,1.8,1,1.3,0.09,196,104,202,98,FALSE,NA,TRUE,NA,-0.234143398949809,-0.234143398949809,0.234143398949809,0.234143398949809,0.0548231312717696,-0.549239785762144,0.0749319890600057,1,0.790878225957542,-0.238740774042458,0.238740774042458,0.238740774042458,0.0569971571903921,0.525186996685095,1.0649121459183,1,1.3091807543157,0.2795617543157,0.2795617543157,0.2795617543157,0.078154774476072,0.931673096812986,1.68647637280855,1,1.57382008748742,0.0738200874874193,0.0738200874874193,0.0738200874874193,0.00544940531665024,1.48767688592118,1.65571579968101,1,1.83672679558117,0.0367267955811694,0.0367267955811694,0.0367267955811694,0.00134885751366101,1.78368918878595,1.89535390136973,1
13,"n600-b1_1-b2_2p8-b3_2p8",600,6,126,1,1,0,1.029619,1.029619,1.5,1.8,1,1.3,0.0933333333333334,200,103,196,101,FALSE,NA,TRUE,NA,0.112062552301379,0.112062552301379,0.112062552301379,0.112062552301379,0.0125580156282993,-0.200530486838435,0.427036513596691,1,0.890584292436225,-0.139034707563775,0.139034707563775,0.139034707563775,0.0193306499073446,0.619671094347572,1.1710524159944,1,1.05736208097871,0.027743080978706,0.027743080978706,0.027743080978706,0.000769678542191041,0.667134511202437,1.43807951096338,1,1.50629003668797,0.00629003668797457,0.00629003668797457,0.00629003668797457,3.9564561536066e-05,1.27060191673093,1.72945601348367,1,1.85068833567245,0.0506883356724452,0.0506883356724452,0.0506883356724452,0.00256930737324248,1.72299671291523,2.0792169600863,1
13,"n600-b1_1-b2_2p8-b3_2p8",600,7,127,1,1,0,1.029619,1.029619,1.5,1.8,1,1.3,0.095,200,87,212,101,FALSE,NA,TRUE,NA,0.0393592512447867,0.0393592512447867,0.0393592512447867,0.0393592512447867,0.00154915065855024,-0.294508827167136,0.373590029472774,1,0.927861273158907,-0.101757726841093,0.101757726841093,0.101757726841093,0.0103546349718665,0.656394166330061,1.2088457050266,1,1.02998618373931,0.000367183739305332,0.000367183739305332,0.000367183739305332,1.34823898410246e-07,0.626811395766281,1.43420568901688,1,1.44360288412619,-0.0563971158738117,0.0563971158738117,0.0563971158738117,0.00318063467888414,1.39917063705976,1.52248278163914,1,1.76033733611129,-0.039662663888707,0.039662663888707,0.039662663888707,0.00157312690674854,1.66920456646475,1.8459571692373,1
13,"n600-b1_1-b2_2p8-b3_2p8",600,8,128,1,1,0,1.029619,1.029619,1.5,1.8,1,1.3,0.1,211,89,191,109,FALSE,NA,TRUE,NA,0.232090008264709,0.232090008264709,0.232090008264709,0.232090008264709,0.0538657719363127,-0.0987876338198539,0.559407581718493,1,1.31044423848455,0.280825238484549,0.280825238484549,0.280825238484549,0.0788628145699036,1.02596227947381,1.60633446564593,1,0.754784767842451,-0.274834232157549,0.274834232157549,0.274834232157549,0.0755338551656295,0.364511896707244,1.14724046103322,1,1.48490026729412,-0.0150997327058833,0.0150997327058833,0.0150997327058833,0.000228001927789121,1.46406565368416,1.50524742581447,1,1.78286892325041,-0.0171310767495876,0.0171310767495876,0.0171310767495876,0.00029347379060026,1.7183261341017,1.81307045994753,1
13,"n600-b1_1-b2_2p8-b3_2p8",600,9,129,1,1,0,1.029619,1.029619,1.5,1.8,1,1.3,0.101666666666667,195,94,205,106,FALSE,NA,TRUE,NA,-0.179795383337711,-0.179795383337711,0.179795383337711,0.179795383337711,0.0323263798695544,-0.496999892066196,0.136052505636168,1,0.926426735786607,-0.103192264213393,0.103192264213393,0.103192264213393,0.0106486433934868,0.663244337117103,1.19456133564943,1,1.14338487621494,0.113765876214944,0.113765876214944,0.113765876214944,0.0129426745909539,0.761226056922612,1.52429989218147,1,1.72785688327865,0.227856883278652,0.227856883278652,0.227856883278652,0.0519187592574614,1.42798891296086,1.89347404427918,1,1.7786365906911,-0.0213634093089039,0.0213634093089039,0.0213634093089039,0.000456395257299762,1.67092417641867,1.91345869345995,1
13,"n600-b1_1-b2_2p8-b3_2p8",600,10,130,1,1,0,1.029619,1.029619,1.5,1.8,1,1.3,0.106666666666667,202,88,202,108,FALSE,NA,TRUE,NA,0.183957670783359,0.183957670783359,0.183957670783359,0.183957670783359,0.0338404246400388,-0.149360545444782,0.517112068882853,1,1.3661680770571,0.336549077057102,0.336549077057102,0.336549077057102,0.113265281267987,1.07944691339063,1.65820581100725,0,0.724261112615676,-0.305357887384324,0.305357887384324,0.305357887384324,0.0932434393878175,0.326418582126563,1.11606711172829,1,1.52423469315662,0.0242346931566226,0.0242346931566226,0.0242346931566226,0.000587320352395652,1.47909421671565,1.57896485822457,1,1.78880715762305,-0.0111928423769483,0.0111928423769483,0.0111928423769483,0.000125279720475209,1.75017710872208,1.83376357152075,1
14,"n600-b1_1-b2_2p8-b3_2p8",600,1,131,1,1,0,1.029619,1.029619,1.5,1.8,1,1.3,0.103333333333333,162,107,226,105,FALSE,NA,TRUE,NA,0.171355401802892,0.171355401802892,0.171355401802892,0.171355401802892,0.0293626737270306,-0.131514635852737,0.478164044301579,1,1.17897932111646,0.149360321116456,0.149360321116456,0.149360321116456,0.022308505524011,0.905765040464371,1.45183885193614,1,0.897305431221256,-0.132313568778744,0.132313568778744,0.132313568778744,0.0175068804829674,0.520929316062261,1.27888027977446,1,1.5643896763296,0.0643896763295952,0.0643896763295952,0.0643896763295952,0.00414603041783004,1.48835139051833,1.69217931427841,1,1.83361541085047,0.0336154108504685,0.0336154108504685,0.0336154108504685,0.00112999584664579,1.74871297021338,1.95566026809414,1
14,"n600-b1_1-b2_2p8-b3_2p8",600,2,132,1,1,0,1.029619,1.029619,1.5,1.8,1,1.3,0.115,188,109,190,113,FALSE,NA,TRUE,NA,-0.195819322459927,-0.195819322459927,0.195819322459927,0.195819322459927,0.038345207048665,-0.50534150745165,0.117986050429392,1,0.791765054153167,-0.237853945846833,0.237853945846833,0.237853945846833,0.0565744995549081,0.527389095981536,1.06506563758488,1,1.276411602104,0.246792602104004,0.246792602104004,0.246792602104004,0.0609065884532652,0.892780762297303,1.66223627169421,1,1.45363724375194,-0.0463627562480622,0.0463627562480622,0.0463627562480622,0.00214950516691723,1.34410158700035,1.52483362979555,1,1.77670984311456,-0.0232901568854424,0.0232901568854424,0.0232901568854424,0.000542431407748522,1.47708354279832,1.93157747278841,1
14,"n600-b1_1-b2_2p8-b3_2p8",600,3,133,1,1,0,1.029619,1.029619,1.5,1.8,1,1.3,0.0983333333333334,213,93,187,107,FALSE,NA,TRUE,NA,0.0323746249855227,0.0323746249855227,0.0323746249855227,0.0323746249855227,0.00104811634295323,-0.282102932949792,0.344282192736505,1,1.05175195264372,0.0221329526437195,0.0221329526437195,0.0221329526437195,0.00048986759272913,0.773690829297805,1.3340686091813,1,0.990410275371386,-0.0392087246286145,0.0392087246286145,0.0392087246286145,0.00153732408700252,0.608535680195004,1.368308014761,1,1.51488800788033,0.0148880078803273,0.0148880078803273,0.0148880078803273,0.000221652778644688,1.48093133626207,1.60979183036991,1,1.88792910875193,0.0879291087519269,0.0879291087519269,0.0879291087519269,0.0077315281659082,1.77871107469987,2.1007834179676,1
14,"n600-b1_1-b2_2p8-b3_2p8",600,4,134,1,1,0,1.029619,1.029619,1.5,1.8,1,1.3,0.0983333333333334,198,94,206,102,FALSE,NA,TRUE,NA,-0.177035614848493,-0.177035614848493,0.177035614848493,0.177035614848493,0.031341608924784,-0.509838061914098,0.152817069271264,1,0.978079685005201,-0.0515393149947988,0.0515393149947988,0.0515393149947988,0.00265630099013309,0.701827451159027,1.26563050664115,1,1.2152088427687,0.185589842768702,0.185589842768702,0.185589842768702,0.0344435897389114,0.822632992721284,1.61154049104489,1,1.51258899209547,0.0125889920954663,0.0125889920954663,0.0125889920954663,0.000158482721979712,1.43403546584032,1.64392124983269,1,1.78389100805066,-0.0161089919493365,0.0161089919493365,0.0161089919493365,0.000259499621623787,1.67465354095337,1.88082800567234,1
14,"n600-b1_1-b2_2p8-b3_2p8",600,5,135,1,1,0,1.029619,1.029619,1.5,1.8,1,1.3,0.0933333333333334,189,82,225,104,FALSE,NA,TRUE,NA,0.128033407820603,0.128033407820603,0.128033407820603,0.128033407820603,0.0163925535181567,-0.205690221686331,0.463319880233155,1,0.753025033922162,-0.276593966077838,0.276593966077838,0.276593966077838,0.0765042220706682,0.492169900640965,1.01613283519208,0,1.08441511373909,0.0547961137390931,0.0547961137390931,0.0547961137390931,0.00300261408090763,0.68953477876364,1.48222864017642,1,1.43425235860547,-0.0657476413945313,0.0657476413945313,0.0657476413945313,0.00432275234894388,1.28234388172367,1.53247050837983,1,1.7608996495701,-0.0391003504299015,0.0391003504299015,0.0391003504299015,0.00152883740374109,1.67006848692711,1.8333892433184,1
14,"n600-b1_1-b2_2p8-b3_2p8",600,6,136,1,1,0,1.029619,1.029619,1.5,1.8,1,1.3,0.116666666666667,197,120,189,94,FALSE,NA,TRUE,NA,0.168246477938409,0.168246477938409,0.168246477938409,0.168246477938409,0.0283068773386794,-0.155883008160386,0.495928025538192,1,1.33860270991243,0.308983709912434,0.308983709912434,0.308983709912434,0.0954709329912514,1.04283125974894,1.64703559616987,0,0.769021755304288,-0.260597244695712,0.260597244695712,0.260597244695712,0.0679109239429968,0.377510375194277,1.16307426936976,1,1.4977354853002,-0.00226451469979572,0.00226451469979572,0.00226451469979572,5.12802682559088e-06,1.41554958519984,1.58803592616965,1,1.86863720686152,0.0686372068615206,0.0686372068615206,0.0686372068615206,0.00471106616575118,1.74076441198923,1.96625145629786,1
14,"n600-b1_1-b2_2p8-b3_2p8",600,7,137,1,1,0,1.029619,1.029619,1.5,1.8,1,1.3,0.085,210,93,208,89,FALSE,NA,TRUE,NA,0.0942164707308278,0.0942164707308278,0.0942164707308278,0.0942164707308278,0.00887674335697293,-0.238000451895815,0.427900058867581,1,0.992212126958168,-0.0374068730418323,0.0374068730418323,0.0374068730418323,0.00139927415076776,0.708487524357667,1.28752254385446,1,0.952665194906738,-0.0769538050932626,0.0769538050932626,0.0769538050932626,0.00592188811833184,0.559197081711411,1.34776360272461,1,1.47164484404896,-0.0283551559510424,0.0283551559510424,0.0283551559510424,0.000804014869007937,1.35692381768268,1.71588774411869,1,1.83165210621156,0.0316521062115618,0.0316521062115618,0.0316521062115618,0.00100185582762799,1.70540206790529,2.04997005269722,1
14,"n600-b1_1-b2_2p8-b3_2p8",600,8,138,1,1,0,1.029619,1.029619,1.5,1.8,1,1.3,0.101666666666667,191,106,192,111,FALSE,NA,TRUE,NA,0.00849283212713164,0.00849283212713164,0.00849283212713164,0.00849283212713164,7.21281975396393e-05,-0.298192834849603,0.314517350458542,1,0.825271848203831,-0.204347151796169,0.204347151796169,0.204347151796169,0.0417577584472066,0.560495519430159,1.09866910454135,1,1.23404696081534,0.204427960815343,0.204427960815343,0.204427960815343,0.0417907911631196,0.854237284441909,1.61670782897911,1,1.26751997406345,-0.232480025936553,0.232480025936553,0.232480025936553,0.0540469624594603,1.14303115919538,1.41181408603102,0,1.836378583294,0.0363785832939962,0.0363785832939962,0.0363785832939962,0.00132340132247822,1.55827374430582,2.06361946673697,1
14,"n600-b1_1-b2_2p8-b3_2p8",600,9,139,1,1,0,1.029619,1.029619,1.5,1.8,1,1.3,0.0966666666666667,218,102,176,104,FALSE,NA,TRUE,NA,-0.00749429223391862,-0.00749429223391862,0.00749429223391862,0.00749429223391862,5.61644160873729e-05,-0.319993595949615,0.302695704814988,1,0.987520231128551,-0.0420987688714493,0.0420987688714493,0.0420987688714493,0.0017723063404917,0.71082259421512,1.2707363305925,1,1.07344593634498,0.0438269363449844,0.0438269363449844,0.0438269363449844,0.00192080034938731,0.694934623153702,1.45458745925557,1,1.51532414377224,0.015324143772244,0.015324143772244,0.015324143772244,0.000234829382352405,1.48589827414594,1.5747846183943,1,1.80496392304159,0.00496392304159343,0.00496392304159343,0.00496392304159343,2.46405319628622e-05,1.75447018128154,1.87006363723116,1
14,"n600-b1_1-b2_2p8-b3_2p8",600,10,140,1,1,0,1.029619,1.029619,1.5,1.8,1,1.3,0.095,184,110,202,104,FALSE,NA,TRUE,NA,-0.110533778446789,-0.110533778446789,0.110533778446789,0.110533778446789,0.0122177161777239,-0.415832693299635,0.197069491891734,1,0.776268648443373,-0.253350351556627,0.253350351556627,0.253350351556627,0.0641864006338667,0.514367131575438,1.04462015009553,1,1.16337802279345,0.133759022793454,0.133759022793454,0.133759022793454,0.0178914761786597,0.784868286116218,1.5417009914207,1,1.47409715104595,-0.0259028489540478,0.0259028489540478,0.0259028489540478,0.000670957583936216,1.39830215907179,1.57312279939474,1,1.78098878514141,-0.019011214858595,0.019011214858595,0.019011214858595,0.000361426290399664,1.69945834208152,1.88876448470146,1
15,"n600-b1_1-b2_2p8-b3_2p8",600,1,141,1,1,0,1.029619,1.029619,1.5,1.8,1,1.3,0.0916666666666667,202,98,204,96,FALSE,NA,TRUE,NA,0.28892162621643,0.28892162621643,0.28892162621643,0.28892162621643,0.0834757060955465,-0.0354658570572396,0.623119940432547,1,1.0681937499336,0.0385747499336029,0.0385747499336029,0.0385747499336029,0.00148801133244,0.789427807587702,1.36202608502634,1,0.869487438890265,-0.160131561109735,0.160131561109735,0.160131561109735,0.0256421168634408,0.478471493735869,1.25731228786586,1,1.53179434120526,0.0317943412052646,0.0317943412052646,0.0317943412052646,0.00101088013267679,1.47665961602031,1.61977904911355,1,1.83896524709918,0.0389652470991817,0.0389652470991817,0.0389652470991817,0.00151829048150029,1.79675159133856,1.92714844882393,1
15,"n600-b1_1-b2_2p8-b3_2p8",600,2,142,1,1,0,1.029619,1.029619,1.5,1.8,1,1.3,0.085,191,100,217,92,FALSE,NA,TRUE,NA,0.221087725006755,0.221087725006755,0.221087725006755,0.221087725006755,0.0488797821486626,-0.106959852043651,0.545377632335532,1,1.04345925622943,0.013840256229426,0.013840256229426,0.013840256229426,0.000191552692496164,0.765049187727834,1.33061162313867,1,1.08670063252709,0.0570816325270864,0.0570816325270864,0.0570816325270864,0.00325831277195733,0.691747184197535,1.48203431588454,1,1.52999926181371,0.0299992618137106,0.0299992618137106,0.0299992618137106,0.000899955709367555,1.4364180902512,1.58528357553948,1,1.90787253832281,0.107872538322807,0.107872538322807,0.107872538322807,0.0116364845242055,1.78917382171555,1.98184970738354,1
15,"n600-b1_1-b2_2p8-b3_2p8",600,3,143,1,1,0,1.029619,1.029619,1.5,1.8,1,1.3,0.0816666666666667,193,106,212,89,FALSE,NA,TRUE,NA,-0.282306756634698,-0.282306756634698,0.282306756634698,0.282306756634698,0.0796971048416024,-0.606279092032534,0.039399470698896,1,0.899479940084964,-0.130139059915036,0.130139059915036,0.130139059915036,0.0169361749155693,0.625571821847663,1.17465099171341,1,1.26960014190671,0.239981141906708,0.239981141906708,0.239981141906708,0.0575909484708476,0.882696599794904,1.65899549461788,1,1.45697133100213,-0.0430286689978685,0.0430286689978685,0.0430286689978685,0.00185146635572813,1.29832696298548,1.56455245053946,1,1.75904733238846,-0.0409526676115421,0.0409526676115421,0.0409526676115421,0.00167712098450145,1.60779288230395,1.94896221592604,1
15,"n600-b1_1-b2_2p8-b3_2p8",600,4,144,1,1,0,1.029619,1.029619,1.5,1.8,1,1.3,0.11,189,95,207,109,FALSE,NA,TRUE,NA,0.0904719200854634,0.0904719200854634,0.0904719200854634,0.0904719200854634,0.00818516832395047,-0.237373301686389,0.416583548214449,1,1.06318361090833,0.0335646109083345,0.0335646109083345,0.0335646109083345,0.00112658310542789,0.795350708423759,1.34166305454683,1,1.00910488324084,-0.0205141167591552,0.0205141167591552,0.0205141167591552,0.00042082898640825,0.620251996805263,1.40367545934119,1,1.46664995788165,-0.0333500421183461,0.0333500421183461,0.0333500421183461,0.00111222530929546,1.37378340837602,1.60306285548328,1,1.81559564831946,0.0155956483194633,0.0155956483194633,0.0155956483194633,0.000243224246504377,1.7366732321874,2.01199528978221,1
15,"n600-b1_1-b2_2p8-b3_2p8",600,5,145,1,1,0,1.029619,1.029619,1.5,1.8,1,1.3,0.085,208,109,193,90,FALSE,NA,TRUE,NA,0.277030461555037,0.277030461555037,0.277030461555037,0.277030461555037,0.0767458766293967,-0.0424538150943408,0.594017040575854,1,0.924149402541998,-0.105469597458002,0.105469597458002,0.105469597458002,0.011123835987953,0.635580310948243,1.21901959681483,1,1.01781566879951,-0.0118033312004862,0.0118033312004862,0.0118033312004862,0.00013931862742837,0.626346420293075,1.40145212163985,1,1.39073533806872,-0.109264661931284,0.109264661931284,0.109264661931284,0.0119387663469578,1.27296090661469,1.52866916392357,1,1.67043770929339,-0.129562290706613,0.129562290706613,0.129562290706613,0.016786387173145,1.58235514988592,1.82780386465148,1
15,"n600-b1_1-b2_2p8-b3_2p8",600,6,146,1,1,0,1.029619,1.029619,1.5,1.8,1,1.3,0.09,204,96,215,85,FALSE,NA,TRUE,NA,-0.0398347680295863,-0.0398347680295863,0.0398347680295863,0.0398347680295863,0.00158680874397095,-0.373077741343736,0.28814337950126,1,0.83920981923827,-0.19040918076173,0.19040918076173,0.19040918076173,0.036255656118353,0.559015785966879,1.12864164935537,1,1.05188854220408,0.0222695422040791,0.0222695422040791,0.0222695422040791,0.000495932509979259,0.664491435774501,1.44477239266626,1,1.5425740753469,0.0425740753468988,0.0425740753468988,0.0425740753468988,0.00181255189164342,1.39850532269288,1.76125369813006,1,2.11014890880273,0.310148908802727,0.310148908802727,0.310148908802727,0.0961923456315222,1.71145731341967,2.52301770587976,1
15,"n600-b1_1-b2_2p8-b3_2p8",600,7,147,1,1,0,1.029619,1.029619,1.5,1.8,1,1.3,0.108333333333333,210,89,188,113,FALSE,NA,TRUE,NA,0.295135427642513,0.295135427642513,0.295135427642513,0.295135427642513,0.0871049206497291,-0.0337112307568849,0.62294956699583,1,1.35434550274837,0.324726502748373,0.324726502748373,0.324726502748373,0.105447301587189,1.06227544280446,1.6528810716068,0,0.606807084630435,-0.422811915369566,0.422811915369566,0.422811915369566,0.178769915778481,0.223714686739511,0.996140529786512,0,1.5116320773833,0.0116320773833047,0.0116320773833047,0.0116320773833047,0.00013530522425119,1.48196272234785,1.55868781216984,1,1.78608779443727,-0.0139122055627285,0.0139122055627285,0.0139122055627285,0.000193549463619615,1.74124779783801,1.82401645709143,1
15,"n600-b1_1-b2_2p8-b3_2p8",600,8,148,1,1,0,1.029619,1.029619,1.5,1.8,1,1.3,0.103333333333333,204,111,182,103,FALSE,NA,TRUE,NA,0.0521139102629999,0.0521139102629999,0.0521139102629999,0.0521139102629999,0.0027158596429,-0.257719870969423,0.359781551267479,1,0.996336778175299,-0.0332822218247014,0.0332822218247014,0.0332822218247014,0.00110770628958863,0.719706856226713,1.27628631713323,1,1.11193661617286,0.0823176161728638,0.0823176161728638,0.0823176161728638,0.00677618993238293,0.725341571622659,1.49928040833234,1,1.5309830714953,0.030983071495303,0.030983071495303,0.030983071495303,0.000959950719283057,1.46027415141632,1.67736447589851,1,1.83208223738082,0.0320822373808203,0.0320822373808203,0.0320822373808203,0.0010292699553593,1.74900776185767,2.04160927244529,1
15,"n600-b1_1-b2_2p8-b3_2p8",600,9,149,1,1,0,1.029619,1.029619,1.5,1.8,1,1.3,0.0983333333333334,199,112,205,84,FALSE,NA,TRUE,NA,0.205960481405776,0.205960481405776,0.205960481405776,0.205960481405776,0.0424197199008991,-0.130746560893631,0.54086122236566,1,1.09939370458731,0.0697747045873147,0.0697747045873147,0.0697747045873147,0.00486850940024704,0.790041980666119,1.41925080876723,1,0.665769421861275,-0.363849578138725,0.363849578138725,0.363849578138725,0.132386515511728,0.259710959405024,1.0704641407697,1,1.4860577899482,-0.0139422100518045,0.0139422100518045,0.0139422100518045,0.000194385221128639,1.43318986763376,1.56196070816567,1,1.81779116919895,0.0177911691989541,0.0177911691989541,0.0177911691989541,0.000316525701465812,1.74236727656378,1.93347343372798,1
15,"n600-b1_1-b2_2p8-b3_2p8",600,10,150,1,1,0,1.029619,1.029619,1.5,1.8,1,1.3,0.116666666666667,200,102,196,102,FALSE,NA,TRUE,NA,-0.0985252766898396,-0.0985252766898396,0.0985252766898396,0.0985252766898396,0.00970723014680946,-0.41746708934774,0.229693709729576,1,0.954446350744022,-0.0751726492559778,0.0751726492559778,0.0751726492559778,0.00565092719616226,0.679058327250586,1.24099162884663,1,1.24456248400535,0.21494348400535,0.21494348400535,0.21494348400535,0.0462007013163582,0.844637961251425,1.63312202999801,1,1.47597071386295,-0.024029286137049,0.024029286137049,0.024029286137049,0.000577406592256176,1.41209903458532,1.57036590071444,1,1.86242527977652,0.0624252797765164,0.0624252797765164,0.0624252797765164,0.00389691555517634,1.75751971721362,1.98941581958132,1
16,"n600-b1_1-b2_2p8-b3_2p8",600,1,151,1,1,0,1.029619,1.029619,1.5,1.8,1,1.3,0.0966666666666667,204,115,181,100,FALSE,NA,TRUE,NA,-0.0959470416918871,-0.0959470416918871,0.0959470416918871,0.0959470416918871,0.00920583480942472,-0.40312207190152,0.212450254432331,1,1.01179103775145,-0.0178279622485549,0.0178279622485549,0.0178279622485549,0.000317836237935898,0.729205656814283,1.29586592059292,1,1.26652926035792,0.236910260357924,0.236910260357924,0.236910260357924,0.0561264714628595,0.892183912354393,1.64686932925654,1,1.61018651717136,0.110186517171357,0.110186517171357,0.110186517171357,0.0121410685663537,1.51718955803456,1.79040007484559,0,1.85000425135861,0.050004251358613,0.050004251358613,0.050004251358613,0.00250042515393535,1.69568143367435,2.00672935205307,1
16,"n600-b1_1-b2_2p8-b3_2p8",600,2,152,1,1,0,1.029619,1.029619,1.5,1.8,1,1.3,0.101666666666667,209,115,177,99,FALSE,NA,TRUE,NA,0.0479279555910238,0.0479279555910238,0.0479279555910238,0.0479279555910238,0.00229708892713515,-0.261369967572265,0.359714716705664,1,1.07273165087712,0.0431126508771227,0.0431126508771227,0.0431126508771227,0.00185870066565267,0.796750272076266,1.35235278162664,1,0.836004895636527,-0.193614104363473,0.193614104363473,0.193614104363473,0.03748642140847,0.460417065475779,1.21859770108395,1,1.52970761491265,0.0297076149126489,0.0297076149126489,0.0297076149126489,0.000882542383798242,1.44628816574606,1.611837972098,1,1.99993278862128,0.199932788621284,0.199932788621284,0.199932788621284,0.039973119965883,1.80813092018418,2.15758092362046,0
16,"n600-b1_1-b2_2p8-b3_2p8",600,3,153,1,1,0,1.029619,1.029619,1.5,1.8,1,1.3,0.09,211,93,212,84,FALSE,NA,TRUE,NA,-0.27251954023513,-0.27251954023513,0.27251954023513,0.27251954023513,0.0742668998099667,-0.61796523871556,0.0710005253871561,1,0.966068363068979,-0.0635506369310207,0.0635506369310207,0.0635506369310207,0.00403868345433841,0.681501607387363,1.26244154361882,1,1.19837323012429,0.168754230124288,0.168754230124288,0.168754230124288,0.0284779901848412,0.794979218080389,1.6020630703958,1,1.44260103146449,-0.0573989685355125,0.0573989685355125,0.0573989685355125,0.00329464158894076,1.35943935083039,1.52859984228518,1,1.70118022671533,-0.0988197732846725,0.0988197732846725,0.0988197732846725,0.00976534759203407,1.5686562087456,1.81509391531135,1
16,"n600-b1_1-b2_2p8-b3_2p8",600,4,154,1,1,0,1.029619,1.029619,1.5,1.8,1,1.3,0.13,196,112,200,92,FALSE,NA,TRUE,NA,-0.022133594146451,-0.022133594146451,0.022133594146451,0.022133594146451,0.000489895989839808,-0.362051426120901,0.32355623939113,1,1.30171592971909,0.272096929719091,0.272096929719091,0.272096929719091,0.074036739162556,1.00215764456866,1.61524792704066,1,1.02039494516109,-0.00922405483891087,0.00922405483891087,0.00922405483891087,8.5083187671235e-05,0.607520100033928,1.42219095602158,1,1.50954735881844,0.00954735881844382,0.00954735881844382,0.00954735881844382,9.11520604081169e-05,1.4343112748357,1.63943009341208,1,1.7951434138878,-0.00485658611219786,0.00485658611219786,0.00485658611219786,2.35864286651931e-05,1.67615566234266,1.90827370673754,1
16,"n600-b1_1-b2_2p8-b3_2p8",600,5,155,1,1,0,1.029619,1.029619,1.5,1.8,1,1.3,0.0916666666666667,213,91,181,115,FALSE,NA,TRUE,NA,-0.395529465391801,-0.395529465391801,0.395529465391801,0.395529465391801,0.156443557993124,-0.712860937856742,-0.0810096155912922,0,0.657906736880256,-0.371712263119744,0.371712263119744,0.371712263119744,0.138170006553602,0.400529682563786,0.921358658691694,0,1.53141083299785,0.501791832997847,0.501791832997847,0.501791832997847,0.251795043663339,1.14997309642656,1.91601512047098,0,1.48209287804694,-0.0179071219530631,0.0179071219530631,0.0179071219530631,0.000320665016641874,1.4400821110845,1.53325699242295,1,1.79449281468767,-0.00550718531233496,0.00550718531233496,0.00550718531233496,3.03290900643979e-05,1.75709431352757,1.84697768409933,1
16,"n600-b1_1-b2_2p8-b3_2p8",600,6,156,1,1,0,1.029619,1.029619,1.5,1.8,1,1.3,0.0916666666666667,201,109,197,93,FALSE,NA,TRUE,NA,-0.0714679057710231,-0.0714679057710231,0.0714679057710231,0.0714679057710231,0.00510766155529584,-0.391982953140897,0.240961937405448,1,0.994857933608838,-0.0347610663911625,0.0347610663911625,0.0347610663911625,0.00120833173665081,0.717427801454707,1.27862913797097,1,1.0470097895125,0.0173907895125007,0.0173907895125007,0.0173907895125007,0.000302439559868105,0.668925757418071,1.42697274363422,1,1.47562925365377,-0.0243707463462288,0.0243707463462288,0.0243707463462288,0.000593933277472225,1.39002311319523,1.54737332542031,1,1.78761903259199,-0.0123809674080115,0.0123809674080115,0.0123809674080115,0.000153288353958244,1.71714767226306,1.89769548303848,1
16,"n600-b1_1-b2_2p8-b3_2p8",600,7,157,1,1,0,1.029619,1.029619,1.5,1.8,1,1.3,0.0816666666666667,217,90,195,98,FALSE,NA,TRUE,NA,-0.165670881585269,-0.165670881585269,0.165670881585269,0.165670881585269,0.0274468410052402,-0.495584388756745,0.157851025678821,1,0.940065016930214,-0.0895539830697856,0.0895539830697856,0.0895539830697856,0.00801991588366344,0.66404407439703,1.22096393698489,1,1.26263587007672,0.233016870076724,0.233016870076724,0.233016870076724,0.0542968617403529,0.870075889529088,1.65645738452931,1,1.49595623884191,-0.00404376115808858,0.00404376115808858,0.00404376115808858,1.63520043036659e-05,1.31951732569512,1.60222484461497,1,1.81693803054536,0.0169380305453568,0.0169380305453568,0.0169380305453568,0.00028689687875544,1.75020333899568,2.04597905953857,1
16,"n600-b1_1-b2_2p8-b3_2p8",600,8,158,1,1,0,1.029619,1.029619,1.5,1.8,1,1.3,0.101666666666667,200,116,192,92,FALSE,NA,TRUE,NA,0.362172095873433,0.362172095873433,0.362172095873433,0.362172095873433,0.131168627029355,0.0392233691432059,0.681890085250438,0,1.31544741816184,0.285828418161843,0.285828418161843,0.285828418161843,0.0816978846289012,1.02572065427066,1.61284994743653,1,0.785562178783454,-0.244056821216546,0.244056821216546,0.244056821216546,0.0595637319823253,0.402258812132323,1.16942549763569,1,1.52527838720647,0.0252783872064744,0.0252783872064744,0.0252783872064744,0.000638996859760446,1.49247343765276,1.59681565200505,1,1.80929728052543,0.00929728052543055,0.00929728052543055,0.00929728052543055,8.64394251685502e-05,1.78306048046161,1.85038544249247,1
16,"n600-b1_1-b2_2p8-b3_2p8",600,9,159,1,1,0,1.029619,1.029619,1.5,1.8,1,1.3,0.108333333333333,181,103,201,115,FALSE,NA,TRUE,NA,0.0283942897903376,0.0283942897903376,0.0283942897903376,0.0283942897903376,0.000806235692697671,-0.290076435445788,0.342219551410329,1,0.942413793688744,-0.0872052063112559,0.0872052063112559,0.0872052063112559,0.00760474800778871,0.668264729504488,1.22251203518618,1,1.12539657551621,0.0957775755162107,0.0957775755162107,0.0957775755162107,0.00917334397176344,0.733543116024561,1.51548606185493,1,1.49039483465079,-0.00960516534920641,0.00960516534920641,0.00960516534920641,9.22592013855955e-05,1.28387182061541,1.60033142489274,1,1.68376503866829,-0.116234961331707,0.116234961331707,0.116234961331707,0.0135105662357834,1.53816184728872,1.86816104413315,1
16,"n600-b1_1-b2_2p8-b3_2p8",600,10,160,1,1,0,1.029619,1.029619,1.5,1.8,1,1.3,0.0933333333333334,200,108,181,111,FALSE,NA,TRUE,NA,0.125778855366781,0.125778855366781,0.125778855366781,0.125778855366781,0.0158203204573776,-0.186701899385412,0.441547324064101,1,1.18850448299225,0.158885482992249,0.158885482992249,0.158885482992249,0.0252445967056803,0.901782297456177,1.48181398882232,1,0.803930804134646,-0.225688195865354,0.225688195865354,0.225688195865354,0.0509351617529582,0.422981794796139,1.17965108412877,1,1.45026853898298,-0.0497314610170247,0.0497314610170247,0.0497314610170247,0.00247321821488785,1.32745894369957,1.51151077221275,1,1.66904392878961,-0.130956071210388,0.130956071210388,0.130956071210388,0.0171494925868601,1.60784524814862,1.73281737306964,0
17,"n600-b1_1-b2_2p8-b3_2p8",600,1,161,1,1,0,1.029619,1.029619,1.5,1.8,1,1.3,0.0883333333333334,212,101,186,101,FALSE,NA,TRUE,NA,-0.0488378079110616,-0.0488378079110616,0.0488378079110616,0.0488378079110616,0.00238513148155775,-0.364675984506605,0.271710228457133,1,1.05915131637971,0.0295323163797125,0.0295323163797125,0.0295323163797125,0.000872157710751438,0.779545134522132,1.3473605260029,1,1.06814716787727,0.0385281678772671,0.0385281678772671,0.0385281678772671,0.00148441971997888,0.684540718845905,1.44727588368467,1,1.38479889765208,-0.115201102347917,0.115201102347917,0.115201102347917,0.0132712939821753,1.32415362241515,1.51113084683492,1,1.73025357623583,-0.0697464237641736,0.0697464237641736,0.0697464237641736,0.00486456362789168,1.67840895868367,1.82455009848357,1
17,"n600-b1_1-b2_2p8-b3_2p8",600,2,162,1,1,0,1.029619,1.029619,1.5,1.8,1,1.3,0.095,195,91,219,95,FALSE,NA,TRUE,NA,-0.310001513774391,-0.310001513774391,0.310001513774391,0.310001513774391,0.0961009385424141,-0.644757959450923,0.0235730620854481,1,0.864087683783116,-0.165531316216884,0.165531316216884,0.165531316216884,0.0274006166484941,0.590315202504436,1.14575682571193,1,1.30889304252547,0.279274042525467,0.279274042525467,0.279274042525467,0.0779939908285161,0.908035549429226,1.70867157634157,1,1.36752338889932,-0.132476611100678,0.132476611100678,0.132476611100678,0.0175500524887202,1.24832313853749,1.51824708736973,1,1.77107133707699,-0.0289286629230141,0.0289286629230141,0.0289286629230141,0.000836867538513371,1.58845841045812,1.99306065604991,1
17,"n600-b1_1-b2_2p8-b3_2p8",600,3,163,1,1,0,1.029619,1.029619,1.5,1.8,1,1.3,0.0816666666666667,196,114,188,102,FALSE,NA,TRUE,NA,0.163713149897189,0.163713149897189,0.163713149897189,0.163713149897189,0.0268019954492596,-0.133937290341258,0.466548897632388,1,1.05700833508991,0.0273893350899124,0.0273893350899124,0.0273893350899124,0.000750175676667505,0.7785352780973,1.33878854968827,1,0.693895448405665,-0.335723551594336,0.335723551594336,0.335723551594336,0.112710303095114,0.325361557502766,1.05687306610604,1,1.52871037055884,0.0287103705588423,0.0287103705588423,0.0287103705588423,0.000824285377626038,1.45480766605531,1.64239552175632,1,1.80641207694883,0.00641207694882606,0.00641207694882606,0.00641207694882606,4.11147307976665e-05,1.76344931369299,1.9111305500588,1
17,"n600-b1_1-b2_2p8-b3_2p8",600,4,164,1,1,0,1.029619,1.029619,1.5,1.8,1,1.3,0.0816666666666667,193,83,227,97,FALSE,NA,TRUE,NA,-0.111764914333549,-0.111764914333549,0.111764914333549,0.111764914333549,0.0124913960759856,-0.454149286835029,0.224349750937916,1,0.992983590418801,-0.0366354095811986,0.0366354095811986,0.0366354095811986,0.00134215323518218,0.721768794387163,1.27758642687238,1,1.04001823230565,0.010399232305647,0.010399232305647,0.010399232305647,0.000108144032546812,0.645846219057575,1.43449130747513,1,1.39123414515078,-0.108765854849219,0.108765854849219,0.108765854849219,0.0118300111810814,1.30400578557719,1.4633415657244,0,1.74239469484595,-0.0576053051540517,0.0576053051540517,0.0576053051540517,0.00331837118189142,1.68005819159882,1.85074742025711,1
17,"n600-b1_1-b2_2p8-b3_2p8",600,5,165,1,1,0,1.029619,1.029619,1.5,1.8,1,1.3,0.0816666666666667,226,94,200,80,FALSE,NA,TRUE,NA,-0.00597015639849191,-0.00597015639849191,0.00597015639849191,0.00597015639849191,3.56427674224539e-05,-0.350959439696224,0.334425681518046,1,0.956316778164807,-0.0733022218351935,0.0733022218351935,0.0733022218351935,0.00537321572597592,0.667799886517966,1.26753131466684,1,0.986893889656262,-0.0427251103437382,0.0427251103437382,0.0427251103437382,0.0018254350538846,0.582107682556828,1.38711531295119,1,1.49530180387818,-0.00469819612182465,0.00469819612182465,0.00469819612182465,2.20730467991282e-05,1.43985522760719,1.5948361339265,1,1.79060209559796,-0.0093979044020438,0.0093979044020438,0.0093979044020438,8.83206071499542e-05,1.66691998089135,2.06121426738418,1
17,"n600-b1_1-b2_2p8-b3_2p8",600,6,166,1,1,0,1.029619,1.029619,1.5,1.8,1,1.3,0.105,195,98,202,105,FALSE,NA,TRUE,NA,0.148354624766331,0.148354624766331,0.148354624766331,0.148354624766331,0.0220090946895588,-0.170903122051348,0.46153194358966,1,1.09654290500216,0.0669239050021615,0.0669239050021615,0.0669239050021615,0.00447880906073834,0.816962510378363,1.38105704221526,1,0.874385060564299,-0.155233939435701,0.155233939435701,0.155233939435701,0.024097575952727,0.492347628678237,1.25989714063777,1,1.53702328335045,0.0370232833504478,0.0370232833504478,0.0370232833504478,0.00137072351004755,1.47696720882509,1.64581064782956,1,1.82366848391491,0.0236684839149137,0.0236684839149137,0.0236684839149137,0.000560197130830529,1.77344307577451,1.92404844894862,1
17,"n600-b1_1-b2_2p8-b3_2p8",600,7,167,1,1,0,1.029619,1.029619,1.5,1.8,1,1.3,0.108333333333333,191,112,212,85,FALSE,NA,TRUE,NA,0.169384481525724,0.169384481525724,0.169384481525724,0.169384481525724,0.0286911025817384,-0.167272804697221,0.508644656783662,1,1.08329186001834,0.0536728600183363,0.0536728600183363,0.0536728600183363,0.00288077590254792,0.793345143125154,1.38554582389822,1,0.920613653738983,-0.109005346261017,0.109005346261017,0.109005346261017,0.0118821655134842,0.519271172112609,1.31583755590046,1,1.58491221597446,0.0849122159744551,0.0849122159744551,0.0849122159744551,0.0072100844216925,1.46261417338874,1.70458854400769,1,1.86588164619643,0.0658816461964284,0.0658816461964284,0.0658816461964284,0.00434039130555137,1.77329257351389,1.99392709887831,1
17,"n600-b1_1-b2_2p8-b3_2p8",600,8,168,1,1,0,1.029619,1.029619,1.5,1.8,1,1.3,0.0816666666666667,207,95,190,108,FALSE,NA,TRUE,NA,0.130066836034762,0.130066836034762,0.130066836034762,0.130066836034762,0.0169173818360936,-0.194460445636208,0.449553464822871,1,1.03896603923059,0.00934703923058944,0.00934703923058944,0.00934703923058944,8.7367142378178e-05,0.763883486496136,1.3229631379961,1,0.999554999974769,-0.0300640000252312,0.0300640000252312,0.0300640000252312,0.000903844097517104,0.603578641536792,1.3910157074233,1,1.49920648822622,-0.000793511773784061,0.000793511773784061,0.000793511773784061,6.29660935133927e-07,1.42683238086445,1.58780337879908,1,1.77591001715172,-0.0240899828482839,0.0240899828482839,0.0240899828482839,0.000580327273630612,1.68874392627612,1.95797269016375,1
17,"n600-b1_1-b2_2p8-b3_2p8",600,9,169,1,1,0,1.029619,1.029619,1.5,1.8,1,1.3,0.0766666666666667,223,75,219,83,FALSE,NA,TRUE,NA,-0.48966420325542,-0.48966420325542,0.48966420325542,0.48966420325542,0.239771031949765,-0.846695017189435,-0.137487215370077,0,0.818173910342613,-0.211445089657387,0.211445089657387,0.211445089657387,0.0447090259402203,0.540668725483683,1.10437221796998,1,1.54531145433361,0.515692454333606,0.515692454333606,0.515692454333606,0.265938707456618,1.12488849870527,1.9633993803381,0,1.50695138747405,0.00695138747404966,0.00695138747404966,0.00695138747404966,4.83217878143746e-05,1.3805079300915,1.73870683642377,1,1.81277828834164,0.0127782883416407,0.0127782883416407,0.0127782883416407,0.000163284652942112,1.63059412142082,2.0277054007685,1
17,"n600-b1_1-b2_2p8-b3_2p8",600,10,170,1,1,0,1.029619,1.029619,1.5,1.8,1,1.3,0.08,195,97,211,97,FALSE,NA,TRUE,NA,0.0282194080410154,0.0282194080410154,0.0282194080410154,0.0282194080410154,0.000796334990185327,-0.289918431221582,0.354114272381814,1,1.03581330024386,0.0061943002438587,0.0061943002438587,0.0061943002438587,3.83693555110679e-05,0.767806633930971,1.31831507058104,1,0.981208290862825,-0.0484107091371753,0.0484107091371753,0.0484107091371753,0.00234359675916418,0.593849449663925,1.36315547900772,1,1.51775799389277,0.017757993892773,0.017757993892773,0.017757993892773,0.000315346347095763,1.41719993498718,1.65031692359531,1,1.77632969963085,-0.0236703003691501,0.0236703003691501,0.0236703003691501,0.000560283119565786,1.60251894848276,1.96563008952436,1
18,"n600-b1_1-b2_2p8-b3_2p8",600,1,171,1,1,0,1.029619,1.029619,1.5,1.8,1,1.3,0.0916666666666667,191,111,203,95,FALSE,NA,TRUE,NA,-0.117123807725911,-0.117123807725911,0.117123807725911,0.117123807725911,0.0137179863362161,-0.433078602021874,0.196830192965009,1,0.814861648745227,-0.214757351254773,0.214757351254773,0.214757351254773,0.0461207199179662,0.544754618238025,1.09097931586211,1,1.17639604710616,0.146777047106163,0.146777047106163,0.146777047106163,0.0215435015572048,0.794733167129073,1.55756010243521,1,1.45757765844977,-0.0424223415502325,0.0424223415502325,0.0424223415502325,0.00179965506260458,1.3769815448478,1.57527022043495,1,1.71694675685843,-0.0830532431415685,0.0830532431415685,0.0830532431415685,0.00689784119633249,1.63021594549884,1.82475019959601,1
18,"n600-b1_1-b2_2p8-b3_2p8",600,2,172,1,1,0,1.029619,1.029619,1.5,1.8,1,1.3,0.103333333333333,177,89,217,117,FALSE,NA,TRUE,NA,-0.02946992402377,-0.02946992402377,0.02946992402377,0.02946992402377,0.000868476421966775,-0.353170874935304,0.294708026084798,1,1.10250022075628,0.0728812207562795,0.0728812207562795,0.0728812207562795,0.00531167233892554,0.843422768415675,1.3693704531311,1,1.17125552100096,0.141636521000964,0.141636521000964,0.141636521000964,0.0200609040812565,0.78069138794306,1.56252814006405,1,1.52538787031346,0.0253878703134567,0.0253878703134567,0.0253878703134567,0.000644543959052895,1.47551514285898,1.65429308206521,1,1.7842190770239,-0.015780922976097,0.015780922976097,0.015780922976097,0.000249037529977507,1.74042701695702,1.91408782258315,1
18,"n600-b1_1-b2_2p8-b3_2p8",600,3,173,1,1,0,1.029619,1.029619,1.5,1.8,1,1.3,0.0966666666666667,200,112,188,100,FALSE,NA,TRUE,NA,-0.281797373618708,-0.281797373618708,0.281797373618708,0.281797373618708,0.0794097597784016,-0.589296093324131,0.0279989343220035,1,0.746911344953887,-0.282707655046113,0.282707655046113,0.282707655046113,0.079923618221672,0.477378177863119,1.02834602899412,0,1.55481329425378,0.525194294253781,0.525194294253781,0.525194294253781,0.275829046716727,1.17137760055398,1.94274946996457,0,1.52697066313811,0.0269706631381148,0.0269706631381148,0.0269706631381148,0.000727416670109665,1.47774717254898,1.65405975564856,1,1.70638540284077,-0.0936145971592268,0.0936145971592268,0.0936145971592268,0.00876369280128432,1.65482058051411,1.8174085591332,1
18,"n600-b1_1-b2_2p8-b3_2p8",600,4,174,1,1,0,1.029619,1.029619,1.5,1.8,1,1.3,0.105,183,110,207,100,FALSE,NA,TRUE,NA,-0.0079733169714941,-0.0079733169714941,0.0079733169714941,0.0079733169714941,6.35737835279158e-05,-0.325201919386172,0.3040818563516,1,1.03392762903636,0.00430862903636009,0.00430862903636009,0.00430862903636009,1.85642841729653e-05,0.757142921805166,1.31201875885106,1,1.04125092604849,0.0116319260484876,0.0116319260484876,0.0116319260484876,0.000135301703597485,0.661184977394713,1.42652039311182,1,1.50084916416013,0.000849164160129812,0.000849164160129812,0.000849164160129812,7.21079770848968e-07,1.35837894056372,1.66401628319639,1,1.88444066884921,0.0844406688492081,0.0844406688492081,0.0844406688492081,0.00713022655570162,1.78908055677273,2.02643518318213,1
18,"n600-b1_1-b2_2p8-b3_2p8",600,5,175,1,1,0,1.029619,1.029619,1.5,1.8,1,1.3,0.0933333333333334,189,114,201,96,FALSE,NA,TRUE,NA,0.468853173752759,0.468853173752759,0.468853173752759,0.468853173752759,0.219823298538035,0.154033166168045,0.786544641986022,0,1.47199732442713,0.44237832442713,0.44237832442713,0.44237832442713,0.195698581922955,1.17409875243952,1.78022229210084,0,0.612721095174161,-0.416897904825839,0.416897904825839,0.416897904825839,0.173803863048174,0.227693073090723,0.992130762311134,0,1.5642339431904,0.0642339431904024,0.0642339431904024,0.0642339431904024,0.00412599945778785,1.46855822433998,1.67885626005182,1,1.81302045219356,0.0130204521935591,0.0130204521935591,0.0130204521935591,0.000169532175324757,1.72362267668661,1.90319871869824,1
18,"n600-b1_1-b2_2p8-b3_2p8",600,6,176,1,1,0,1.029619,1.029619,1.5,1.8,1,1.3,0.085,182,119,196,103,FALSE,NA,TRUE,NA,-0.377411702383481,-0.377411702383481,0.377411702383481,0.377411702383481,0.142439593095997,-0.670469030978487,-0.0773813566405564,0,0.822600994007818,-0.207018005992182,0.207018005992182,0.207018005992182,0.0428564548049792,0.564989324489701,1.0877514833839,1,1.3467525398759,0.317133539875903,0.317133539875903,0.317133539875903,0.100573682114221,0.975616986760981,1.71486319311414,1,1.53764442459317,0.0376444245931675,0.0376444245931675,0.0376444245931675,0.00141710270295068,1.48413232331485,1.59629696985679,1,1.82963518064718,0.0296351806471806,0.0296351806471806,0.0296351806471806,0.000878243931991029,1.75410266963843,1.95880846046876,1
18,"n600-b1_1-b2_2p8-b3_2p8",600,7,177,1,1,0,1.029619,1.029619,1.5,1.8,1,1.3,0.0833333333333334,206,96,187,111,FALSE,NA,TRUE,NA,0.229351163966811,0.229351163966811,0.229351163966811,0.229351163966811,0.0526019564129311,-0.0850607690216315,0.538871306944249,1,1.20224550752586,0.172626507525856,0.172626507525856,0.172626507525856,0.0297999111005744,0.915881977564499,1.48836967666497,1,0.619807097395562,-0.409811902604438,0.409811902604438,0.409811902604438,0.167945795516269,0.240314946704952,0.999009106887536,0,1.55007629134938,0.0500762913493769,0.0500762913493769,0.0500762913493769,0.00250763495530768,1.49102096065972,1.67124812498027,1,1.74103997776712,-0.0589600222328783,0.0589600222328783,0.0589600222328783,0.00347628422170151,1.59918566060004,1.87023172333114,1
18,"n600-b1_1-b2_2p8-b3_2p8",600,8,178,1,1,0,1.029619,1.029619,1.5,1.8,1,1.3,0.0966666666666667,214,86,208,92,FALSE,NA,TRUE,NA,0.0199408551676,0.0199408551676,0.0199408551676,0.0199408551676,0.000397637704815201,-0.323809361717779,0.366154211051896,1,1.12567208599254,0.0960530859925399,0.0960530859925399,0.0960530859925399,0.00922619532869027,0.840382811856985,1.42723957074851,1,0.900983070933065,-0.128635929066935,0.128635929066935,0.128635929066935,0.0165472022469135,0.499809996714615,1.2983708920596,1,1.44600027257151,-0.053999727428486,0.053999727428486,0.053999727428486,0.00291597056235079,1.33764562875955,1.59717017116048,1,1.72144548130673,-0.0785545186932741,0.0785545186932741,0.0785545186932741,0.00617081240713195,1.63243270977155,1.839256600989,1
18,"n600-b1_1-b2_2p8-b3_2p8",600,9,179,1,1,0,1.029619,1.029619,1.5,1.8,1,1.3,0.0916666666666667,205,100,207,88,FALSE,NA,TRUE,NA,0.0467553250735102,0.0467553250735102,0.0467553250735102,0.0467553250735102,0.00218606042272961,-0.277072024377869,0.378512434398322,1,1.02515317060176,-0.00446582939823825,0.00446582939823825,0.00446582939823825,1.9943632214169e-05,0.74092249926931,1.31684976551573,1,0.970436580169082,-0.0591824198309181,0.0591824198309181,0.0591824198309181,0.00350255881704305,0.579065837133974,1.3574469949333,1,1.52169095450469,0.0216909545046911,0.0216909545046911,0.0216909545046911,0.000470497507324577,1.44341887381018,1.75255636706092,1,1.77698074927874,-0.0230192507212594,0.0230192507212594,0.0230192507212594,0.000529885903768203,1.67545716943396,1.91915492671112,1
18,"n600-b1_1-b2_2p8-b3_2p8",600,10,180,1,1,0,1.029619,1.029619,1.5,1.8,1,1.3,0.0633333333333334,200,98,226,76,FALSE,NA,TRUE,NA,-0.0534282996496297,-0.0534282996496297,0.0534282996496297,0.0534282996496297,0.00285458320345062,-0.374808019456038,0.27427109572,1,0.864661265061575,-0.164957734938425,0.164957734938425,0.164957734938425,0.0272110543160156,0.586577856930343,1.15467627303596,1,1.22477323460694,0.195154234606941,0.195154234606941,0.195154234606941,0.0380851752850211,0.835106487720261,1.61151504836654,1,1.53106724756699,0.0310672475669946,0.0310672475669946,0.0310672475669946,0.000965173871388934,1.45733331358706,1.66988905605992,1,1.90762392546624,0.107623925466241,0.107623925466241,0.107623925466241,0.0115829093327629,1.79750140824674,2.12963970602581,1
19,"n600-b1_1-b2_2p8-b3_2p8",600,1,181,1,1,0,1.029619,1.029619,1.5,1.8,1,1.3,0.103333333333333,186,91,209,114,FALSE,NA,TRUE,NA,0.0139671843624094,0.0139671843624094,0.0139671843624094,0.0139671843624094,0.000195082239013534,-0.30866602204685,0.333053460523729,1,1.17545308118149,0.145834081181485,0.145834081181485,0.145834081181485,0.0212675792340481,0.899978216899645,1.45550076970263,1,1.11202213819045,0.0824031381904531,0.0824031381904531,0.0824031381904531,0.00679027718363491,0.723750040336394,1.50231800493741,1,1.50826319545477,0.00826319545477472,0.00826319545477472,0.00826319545477472,6.82803991238096e-05,1.46081790425287,1.55549173110622,1,1.79901214374103,-0.000987856258965136,0.000987856258965136,0.000987856258965136,9.75859988376594e-07,1.75796520120239,1.84975006593738,1
19,"n600-b1_1-b2_2p8-b3_2p8",600,2,182,1,1,0,1.029619,1.029619,1.5,1.8,1,1.3,0.085,189,102,195,114,FALSE,NA,TRUE,NA,-0.0612332326543355,-0.0612332326543355,0.0612332326543355,0.0612332326543355,0.00374950878129998,-0.360853530516339,0.244581992978273,1,1.08427498702941,0.0546559870294097,0.0546559870294097,0.0546559870294097,0.002987276918159,0.818305324475915,1.35232121997635,1,0.960267123502521,-0.069351876497479,0.069351876497479,0.069351876497479,0.00480968277372158,0.587460700345432,1.32987672902518,1,1.53482418282239,0.0348241828223932,0.0348241828223932,0.0348241828223932,0.00121272370924746,1.48238046552651,1.69790217289544,1,1.78289715319309,-0.0171028468069088,0.0171028468069088,0.0171028468069088,0.000292507368900589,1.63353190332623,1.92908304483463,1
19,"n600-b1_1-b2_2p8-b3_2p8",600,3,183,1,1,0,1.029619,1.029619,1.5,1.8,1,1.3,0.0933333333333334,221,95,177,107,FALSE,NA,TRUE,NA,0.00800304702460058,0.00800304702460058,0.00800304702460058,0.00800304702460058,6.40487616779683e-05,-0.304521393218189,0.321114107818657,1,0.877056549875019,-0.152562450124981,0.152562450124981,0.152562450124981,0.0232753011881374,0.604470308982536,1.15438543898477,1,1.05905952268371,0.0294405226837102,0.0294405226837102,0.0294405226837102,0.000866744375890056,0.675996037943466,1.44298194776194,1,1.49211114682064,-0.00788885317936328,0.00788885317936328,0.00788885317936328,6.22340044855501e-05,1.38368402023503,1.59219219640318,1,1.82721807677196,0.0272180767719583,0.0272180767719583,0.0272180767719583,0.000740823703164217,1.78285376035543,1.94675053079383,1
19,"n600-b1_1-b2_2p8-b3_2p8",600,4,184,1,1,0,1.029619,1.029619,1.5,1.8,1,1.3,0.0766666666666667,191,87,204,118,FALSE,NA,TRUE,NA,-0.101455622086118,-0.101455622086118,0.101455622086118,0.101455622086118,0.0102932432528811,-0.415860870026619,0.209916669788409,1,0.843803798463709,-0.185815201536291,0.185815201536291,0.185815201536291,0.0345272891219726,0.593119821276724,1.09950600945459,1,1.17073426704569,0.141115267045694,0.141115267045694,0.141115267045694,0.0199135185933775,0.789796037323839,1.55436942638785,1,1.51914962114521,0.0191496211452107,0.0191496211452107,0.0191496211452107,0.0003667079900051,1.44825775971565,1.62411853143679,1,1.86281898437357,0.0628189843735689,0.0628189843735689,0.0628189843735689,0.0039462247977267,1.7534401931858,2.17469001064991,1
19,"n600-b1_1-b2_2p8-b3_2p8",600,5,185,1,1,0,1.029619,1.029619,1.5,1.8,1,1.3,0.0916666666666667,202,101,198,99,FALSE,NA,TRUE,NA,0.190596264163904,0.190596264163904,0.190596264163904,0.190596264163904,0.0363269359132367,-0.120264440736748,0.509056659723908,1,1.00046393903594,-0.0291550609640618,0.0291550609640618,0.0291550609640618,0.000850017579818163,0.725884331770654,1.28095814963505,1,0.877410694799612,-0.152208305200389,0.152208305200389,0.152208305200389,0.0231673681719746,0.4960571208424,1.25488361973579,1,1.5500489040893,0.0500489040893017,0.0500489040893017,0.0500489040893017,0.00250489280054012,1.49054000491387,1.6464900850091,1,1.8615962381943,0.0615962381943032,0.0615962381943032,0.0615962381943032,0.00379409655968933,1.7686612796873,2.03939293921728,1
19,"n600-b1_1-b2_2p8-b3_2p8",600,6,186,1,1,0,1.029619,1.029619,1.5,1.8,1,1.3,0.0933333333333334,191,98,195,116,FALSE,NA,TRUE,NA,0.211893127955751,0.211893127955751,0.211893127955751,0.211893127955751,0.0448986976748724,-0.0883836328249707,0.517382346047556,1,0.975625258904461,-0.0539937410955388,0.0539937410955388,0.0539937410955388,0.00291532407749207,0.714512973048387,1.24076028648104,1,0.729385466256502,-0.300233533743498,0.300233533743498,0.300233533743498,0.0901401747841079,0.35475130871693,1.10058123743291,1,1.49449574418299,-0.00550425581700953,0.00550425581700953,0.00550425581700953,3.02968320990832e-05,1.44042480295878,1.63881942405553,1,1.80250997958334,0.00250997958333965,0.00250997958333965,0.00250997958333965,6.29999750878188e-06,1.76197176794575,1.89282330098454,1
19,"n600-b1_1-b2_2p8-b3_2p8",600,7,187,1,1,0,1.029619,1.029619,1.5,1.8,1,1.3,0.0766666666666667,218,97,197,88,FALSE,NA,TRUE,NA,-0.404676865949472,-0.404676865949472,0.404676865949472,0.404676865949472,0.163763365834687,-0.73705717161914,-0.0791294660600952,0,0.724133377845983,-0.305485622154017,0.305485622154017,0.305485622154017,0.0933214653428266,0.453112495263775,1.001507383905,0,1.53432154917162,0.504702549171615,0.504702549171615,0.504702549171615,0.254724663140327,1.13675440795654,1.9328171604668,0,1.48641806555948,-0.0135819344405153,0.0135819344405153,0.0135819344405153,0.000184468943146454,1.44962602710678,1.54013117275467,1,1.77238067382952,-0.0276193261704829,0.0276193261704829,0.0276193261704829,0.000762827178111522,1.67862141824557,1.87804961107697,1
19,"n600-b1_1-b2_2p8-b3_2p8",600,8,188,1,1,0,1.029619,1.029619,1.5,1.8,1,1.3,0.0966666666666667,188,102,222,88,FALSE,NA,TRUE,NA,0.0287872373294519,0.0287872373294519,0.0287872373294519,0.0287872373294519,0.000828705033062187,-0.319038390029032,0.370761923754465,1,1.18355822188871,0.153939221888706,0.153939221888706,0.153939221888706,0.0236972840357002,0.883772487478255,1.49080921977197,1,0.943890319693511,-0.0857286803064889,0.0857286803064889,0.0857286803064889,0.00734940662709219,0.543868854380298,1.35012528948267,1,1.45571931626565,-0.0442806837343466,0.0442806837343466,0.0442806837343466,0.00196077895198123,1.33931504018704,1.55403602105651,1,1.7507501112363,-0.0492498887637012,0.0492498887637012,0.0492498887637012,0.00242555154323694,1.55303388601765,1.94034420133779,1
19,"n600-b1_1-b2_2p8-b3_2p8",600,9,189,1,1,0,1.029619,1.029619,1.5,1.8,1,1.3,0.0983333333333334,187,99,206,108,FALSE,NA,TRUE,NA,0.110336909627589,0.110336909627589,0.110336909627589,0.110336909627589,0.0121742336261667,-0.202221309695453,0.411299872614886,1,1.0933897749174,0.0637707749173968,0.0637707749173968,0.0637707749173968,0.00406671173356528,0.821447534825965,1.36198241267029,1,1.04087159801432,0.0112525980143228,0.0112525980143228,0.0112525980143228,0.000126620962071941,0.663668706475968,1.41415035022222,1,1.58717564445422,0.0871756444542244,0.0871756444542244,0.0871756444542244,0.00759959298600935,1.51059228350926,1.69521357965234,0,2.10213280048601,0.302132800486011,0.302132800486011,0.302132800486011,0.0912842291295199,1.80816965404386,2.32551705671096,0
19,"n600-b1_1-b2_2p8-b3_2p8",600,10,190,1,1,0,1.029619,1.029619,1.5,1.8,1,1.3,0.09,210,94,198,98,FALSE,NA,TRUE,NA,0.133397849774634,0.133397849774634,0.133397849774634,0.133397849774634,0.0177949863244959,-0.202442311926257,0.46301482421256,1,1.04115483533338,0.0115358353333752,0.0115358353333752,0.0115358353333752,0.000133075496838748,0.759730131596051,1.33136349460999,1,1.02797917136125,-0.00163982863875467,0.00163982863875467,0.00163982863875467,2.68903796447999e-06,0.632493986683192,1.42538511626958,1,1.42510847977034,-0.0748915202296605,0.0748915202296605,0.0748915202296605,0.00560873980230965,1.37251536952439,1.51283063350319,1,1.74444813727932,-0.0555518627206837,0.0555518627206837,0.0555518627206837,0.00308600945173769,1.69385188893527,1.81452729842451,1
20,"n600-b1_1-b2_2p8-b3_2p8",600,1,191,1,1,0,1.029619,1.029619,1.5,1.8,1,1.3,0.118333333333333,213,91,192,104,FALSE,NA,TRUE,NA,-0.0320771935309232,-0.0320771935309232,0.0320771935309232,0.0320771935309232,0.0010289463448203,-0.379214653740267,0.31643040928633,1,1.15233806682219,0.122719066822187,0.122719066822187,0.122719066822187,0.0150599693617083,0.860213589365726,1.45178905783146,1,1.2443702390902,0.214751239090196,0.214751239090196,0.214751239090196,0.0461180946907745,0.83779763333314,1.64983743098952,1,1.49490770394649,-0.00509229605350625,0.00509229605350625,0.00509229605350625,2.59314790965553e-05,1.42766750298262,1.53844374176215,1,1.82629651206669,0.0262965120666949,0.0262965120666949,0.0262965120666949,0.000691506546873832,1.77261558629132,1.90803779270843,1
20,"n600-b1_1-b2_2p8-b3_2p8",600,2,192,1,1,0,1.029619,1.029619,1.5,1.8,1,1.3,0.105,186,106,202,106,FALSE,NA,TRUE,NA,0.129390924283778,0.129390924283778,0.129390924283778,0.129390924283778,0.0167420112870104,-0.182624554765711,0.43886454822024,1,1.04784932454688,0.0182303245468849,0.0182303245468849,0.0182303245468849,0.000332344733084754,0.781350741431484,1.32724732776708,1,1.02867616152194,-0.000942838478055652,0.000942838478055652,0.000942838478055652,8.88944395702298e-07,0.648877725107007,1.40467256968565,1,1.5313574804343,0.0313574804343042,0.0313574804343042,0.0313574804343042,0.000983291579187771,1.48537017603985,1.60139248498461,1,1.85701426256474,0.0570142625647445,0.0570142625647445,0.0570142625647445,0.00325062613580163,1.76828581451001,1.94672315277093,1
20,"n600-b1_1-b2_2p8-b3_2p8",600,3,193,1,1,0,1.029619,1.029619,1.5,1.8,1,1.3,0.0933333333333334,215,92,194,99,FALSE,NA,TRUE,NA,-0.07760284969791,-0.07760284969791,0.07760284969791,0.07760284969791,0.00602220228123641,-0.401281239116466,0.245511319541794,1,0.985123043619633,-0.0444959563803671,0.0444959563803671,0.0444959563803671,0.00197989013420353,0.715909092402935,1.26541307860197,1,1.16964216422602,0.140023164226024,0.140023164226024,0.140023164226024,0.019606486519868,0.783526680202531,1.56296808666433,1,1.47479865224671,-0.0252013477532858,0.0252013477532858,0.0252013477532858,0.000635107928582041,1.40641290679379,1.56207307219465,1,1.77473554501938,-0.025264454980618,0.025264454980618,0.025264454980618,0.000638292685467675,1.69945936159013,1.8540181236261,1
20,"n600-b1_1-b2_2p8-b3_2p8",600,4,194,1,1,0,1.029619,1.029619,1.5,1.8,1,1.3,0.0833333333333334,186,100,204,110,FALSE,NA,TRUE,NA,0.2738493053901,0.2738493053901,0.2738493053901,0.2738493053901,0.0749934420626401,-0.0282468852276195,0.584060775606233,1,1.1748566132103,0.1452376132103,0.1452376132103,0.1452376132103,0.0210939642910247,0.908063047090854,1.45409551614867,1,0.793651176865651,-0.235967823134349,0.235967823134349,0.235967823134349,0.0556808135547634,0.41983831467462,1.16493487370293,1,1.51883993123574,0.0188399312357364,0.0188399312357364,0.0188399312357364,0.000354943008967274,1.45391374213575,1.7639772573641,1,1.80553958106689,0.00553958106689079,0.00553958106689079,0.00553958106689079,3.06869583966549e-05,1.7539529425869,1.96994323861198,1
20,"n600-b1_1-b2_2p8-b3_2p8",600,5,195,1,1,0,1.029619,1.029619,1.5,1.8,1,1.3,0.11,192,90,215,103,FALSE,NA,TRUE,NA,0.0975698345431809,0.0975698345431809,0.0975698345431809,0.0975698345431809,0.0095198726127837,-0.231250681289024,0.426228471999421,1,0.93665166973719,-0.0929673302628097,0.0929673302628097,0.0929673302628097,0.00864292449619433,0.663758190667844,1.21770373461099,1,1.03736515346997,0.00774615346996899,0.00774615346996899,0.00774615346996899,6.00028935803126e-05,0.642155902616511,1.43249543586988,1,1.51220318083823,0.0122031808382326,0.0122031808382326,0.0122031808382326,0.000148917622570607,1.47906950430967,1.61011089367922,1,1.84766792612182,0.0476679261218231,0.0476679261218231,0.0476679261218231,0.00227223118075559,1.77075827432625,2.02636027061595,1
20,"n600-b1_1-b2_2p8-b3_2p8",600,6,196,1,1,0,1.029619,1.029619,1.5,1.8,1,1.3,0.09,198,101,190,111,FALSE,NA,TRUE,NA,0.0772043725445224,0.0772043725445224,0.0772043725445224,0.0772043725445224,0.0059605151399934,-0.240473678203446,0.388160933873756,1,1.05159562052242,0.021976620522417,0.021976620522417,0.021976620522417,0.00048297184958632,0.787143073479471,1.32129664290061,1,0.954442645669449,-0.0751763543305511,0.0751763543305511,0.0751763543305511,0.00565148425043258,0.575705034908002,1.33142860636123,1,1.39042718776571,-0.109572812234293,0.109572812234293,0.109572812234293,0.0120062011809317,1.35528328482631,1.43023267353176,0,1.76409734334759,-0.0359026566524079,0.0359026566524079,0.0359026566524079,0.00128900075470069,1.70725112069488,1.91528283619747,1
20,"n600-b1_1-b2_2p8-b3_2p8",600,7,197,1,1,0,1.029619,1.029619,1.5,1.8,1,1.3,0.085,196,109,215,80,FALSE,NA,TRUE,NA,-0.0385972755640442,-0.0385972755640442,0.0385972755640442,0.0385972755640442,0.00148974968096677,-0.36397560955917,0.286123710819507,1,0.995372496804529,-0.0342465031954712,0.0342465031954712,0.0342465031954712,0.00117282298111742,0.708020711076364,1.29441317556955,1,1.04200029706324,0.0123812970632402,0.0123812970632402,0.0123812970632402,0.000153296516968201,0.656928563800486,1.42720696416316,1,1.50901304862491,0.00901304862491115,0.00901304862491115,0.00901304862491115,8.12350455150127e-05,1.43603958285789,1.60264984777713,1,1.81555809486511,0.0155580948651113,0.0155580948651113,0.0155580948651113,0.000242054315831802,1.71285539062856,2.00619027021262,1
20,"n600-b1_1-b2_2p8-b3_2p8",600,8,198,1,1,0,1.029619,1.029619,1.5,1.8,1,1.3,0.07,195,107,209,89,FALSE,NA,TRUE,NA,-0.169925725118491,-0.169925725118491,0.169925725118491,0.169925725118491,0.0288747520570448,-0.485563497583859,0.144331166652307,1,0.945366556783949,-0.0842524432160512,0.0842524432160512,0.0842524432160512,0.00709847418787393,0.670403637265513,1.22413984737201,1,1.13327247146587,0.103653471465873,0.103653471465873,0.103653471465873,0.0107440421469265,0.754759370278968,1.515256467704,1,1.58491832379941,0.0849183237994073,0.0849183237994073,0.0849183237994073,0.00721112171690099,1.40801337857814,1.78255388798048,1,1.82193343555287,0.0219334355528713,0.0219334355528713,0.0219334355528713,0.000481075595151959,1.721068387724,2.00128721396638,1
20,"n600-b1_1-b2_2p8-b3_2p8",600,9,199,1,1,0,1.029619,1.029619,1.5,1.8,1,1.3,0.0783333333333334,219,100,189,92,FALSE,NA,TRUE,NA,0.0741014143840144,0.0741014143840144,0.0741014143840144,0.0741014143840144,0.00549101961371142,-0.245664499930222,0.394210717991037,1,1.01943544915756,-0.0101835508424426,0.0101835508424426,0.0101835508424426,0.000103704707760613,0.730333108398501,1.31221022757905,1,0.980760715963893,-0.048858284036107,0.048858284036107,0.048858284036107,0.00238713191895291,0.59825126141786,1.36569033537169,1,1.51208311250501,0.0120831125050116,0.0120831125050116,0.0120831125050116,0.000146001607808768,1.37200087800779,1.62271522954213,1,1.81429422120636,0.0142942212063595,0.0142942212063595,0.0142942212063595,0.000204324759896337,1.71655330808398,1.90887194825537,1
20,"n600-b1_1-b2_2p8-b3_2p8",600,10,200,1,1,0,1.029619,1.029619,1.5,1.8,1,1.3,0.0966666666666667,192,90,198,120,FALSE,NA,TRUE,NA,0.0549940214457362,0.0549940214457362,0.0549940214457362,0.0549940214457362,0.00302434239477409,-0.261847964900619,0.362164643489163,1,1.02062641321156,-0.00899258678843684,0.00899258678843684,0.00899258678843684,8.08666171475688e-05,0.764110448062461,1.28602630667002,1,1.0347211960796,0.00510219607959583,0.00510219607959583,0.00510219607959583,2.60324048346431e-05,0.655100285163366,1.41623118869173,1,1.51340180844603,0.0134018084460334,0.0134018084460334,0.0134018084460334,0.000179608469624173,1.43002317052271,1.58217358297879,1,1.788640592674,-0.0113594073260028,0.0113594073260028,0.0113594073260028,0.000129036134798047,1.64881292454122,1.88600892577162,1
21,"n600-b1_1-b2_2p8-b3_2p8",600,1,201,1,1,0,1.029619,1.029619,1.5,1.8,1,1.3,0.08,190,97,213,100,FALSE,NA,TRUE,NA,0.0739333283714618,0.0739333283714618,0.0739333283714618,0.0739333283714618,0.0054661370440824,-0.238468827202965,0.389675646470022,1,0.983753448261443,-0.0458655517385569,0.0458655517385569,0.0458655517385569,0.00210364883628224,0.714899986831399,1.25402027630172,1,0.938222440184107,-0.0913965598158926,0.0913965598158926,0.0913965598158926,0.00835333114618003,0.556900625455656,1.3127060813087,1,1.5107880523777,0.0107880523777029,0.0107880523777029,0.0107880523777029,0.00011638207410406,1.47731135512065,1.60212434661484,1,1.7817817867481,-0.0182182132519026,0.0182182132519026,0.0182182132519026,0.000331903294091801,1.70902084273483,1.85965840806725,1
21,"n600-b1_1-b2_2p8-b3_2p8",600,2,202,1,1,0,1.029619,1.029619,1.5,1.8,1,1.3,0.0883333333333334,218,104,196,82,FALSE,NA,TRUE,NA,-0.0718404680072247,-0.0718404680072247,0.0718404680072247,0.0718404680072247,0.00516105284349708,-0.410595087167274,0.268260621139316,1,1.04292266977929,0.0133036697792861,0.0133036697792861,0.0133036697792861,0.00017698762959629,0.739619865014172,1.3526901305789,1,1.05582102936663,0.0262020293666321,0.0262020293666321,0.0262020293666321,0.00068654634292985,0.661283254799141,1.45048254834779,1,1.42305306200635,-0.0769469379936518,0.0769469379936518,0.0769469379936518,0.0059208312665989,1.31219041812457,1.56053349907276,1,1.77834760533884,-0.021652394661156,0.021652394661156,0.021652394661156,0.000468826194562456,1.67747587606505,1.96610682007557,1
21,"n600-b1_1-b2_2p8-b3_2p8",600,3,203,1,1,0,1.029619,1.029619,1.5,1.8,1,1.3,0.0816666666666667,206,89,218,87,FALSE,NA,TRUE,NA,0.0388116433817401,0.0388116433817401,0.0388116433817401,0.0388116433817401,0.00150634366199137,-0.30002136594815,0.382346856643005,1,1.00451004651132,-0.025108953488683,0.025108953488683,0.025108953488683,0.000630459545296848,0.724230567922116,1.29253369350385,1,0.994190622513254,-0.0354283774867457,0.0354283774867457,0.0354283774867457,0.00125516993134335,0.594724886629425,1.39146055135594,1,1.46891556022404,-0.0310844397759582,0.0310844397759582,0.0310844397759582,0.000966242396185173,1.35778659298743,1.61322198029175,1,1.74569108820033,-0.0543089117996656,0.0543089117996656,0.0543089117996656,0.00294945790086385,1.64854778684719,1.91070451861351,1
21,"n600-b1_1-b2_2p8-b3_2p8",600,4,204,1,1,0,1.029619,1.029619,1.5,1.8,1,1.3,0.101666666666667,208,94,194,104,FALSE,NA,TRUE,NA,0.0638905526143131,0.0638905526143131,0.0638905526143131,0.0638905526143131,0.00408200271336231,-0.265486907113418,0.394033951320213,1,1.32259690233323,0.292977902333233,0.292977902333233,0.292977902333233,0.0858360512555813,1.03400076347427,1.61918184399727,0,0.890376088003209,-0.139242911996791,0.139242911996791,0.139242911996791,0.0193885885413461,0.50189526359899,1.28013756554817,1,1.45434415945209,-0.0456558405479135,0.0456558405479135,0.0456558405479135,0.0020844557761365,1.3645578165403,1.54907628686444,1,1.79634922828234,-0.00365077171765749,0.00365077171765749,0.00365077171765749,1.33281341344478e-05,1.67329622967395,1.9143394995374,1
21,"n600-b1_1-b2_2p8-b3_2p8",600,5,205,1,1,0,1.029619,1.029619,1.5,1.8,1,1.3,0.11,195,127,190,88,FALSE,NA,TRUE,NA,-0.0482610683353197,-0.0482610683353197,0.0482610683353197,0.0482610683353197,0.00232913071686639,-0.371227619178026,0.276708023095669,1,0.974184270001417,-0.0554347299985835,0.0554347299985835,0.0554347299985835,0.00307300929001585,0.683423405217541,1.278084741813,1,1.22242673769802,0.192807737698024,0.192807737698024,0.192807737698024,0.0371748237162299,0.82648212456482,1.60799145439897,1,1.36884051672209,-0.131159483277908,0.131159483277908,0.131159483277908,0.0172028100537278,1.28652690950611,1.56617035544304,1,1.65210989955125,-0.147890100448752,0.147890100448752,0.147890100448752,0.0218714818107419,1.54183346701975,1.81592848202426,1
21,"n600-b1_1-b2_2p8-b3_2p8",600,6,206,1,1,0,1.029619,1.029619,1.5,1.8,1,1.3,0.0916666666666667,188,100,200,112,FALSE,NA,TRUE,NA,0.0496820808005437,0.0496820808005437,0.0496820808005437,0.0496820808005437,0.00246830915267175,-0.26483768096954,0.365508392520827,1,1.20357451934901,0.173955519349008,0.173955519349008,0.173955519349008,0.0302605227119832,0.933775496496623,1.48067090758942,1,0.96714698576454,-0.06247201423546,0.06247201423546,0.06247201423546,0.00390275256263552,0.588204109001598,1.34223017852024,1,1.44960455268812,-0.0503954473118775,0.0503954473118775,0.0503954473118775,0.00253970110976422,1.33342247380406,1.61575353531054,1,1.78470440534809,-0.0152955946519082,0.0152955946519082,0.0152955946519082,0.000233955215755483,1.67692947187964,1.9577194511148,1
21,"n600-b1_1-b2_2p8-b3_2p8",600,7,207,1,1,0,1.029619,1.029619,1.5,1.8,1,1.3,0.0933333333333334,214,97,200,89,FALSE,NA,TRUE,NA,-0.226785165386911,-0.226785165386911,0.226785165386911,0.226785165386911,0.0514315112395685,-0.566744263643547,0.11180925058843,1,1.07898075525332,0.0493617552533248,0.0493617552533248,0.0493617552533248,0.00243658288168913,0.789564807313568,1.37973737404462,1,1.31434832566012,0.284729325660124,0.284729325660124,0.284729325660124,0.0810707888908691,0.91011126503724,1.72236793448054,1,1.46392821207948,-0.0360717879205215,0.0360717879205215,0.0360717879205215,0.00130117388378308,1.33169319459988,1.53442613316683,1,1.77436978215526,-0.0256302178447447,0.0256302178447447,0.0256302178447447,0.000656908066769071,1.64213466834271,1.84006938115374,1
21,"n600-b1_1-b2_2p8-b3_2p8",600,8,208,1,1,0,1.029619,1.029619,1.5,1.8,1,1.3,0.121666666666667,195,117,176,112,FALSE,NA,TRUE,NA,0.129979570668453,0.129979570668453,0.129979570668453,0.129979570668453,0.0168946887911553,-0.17519444810686,0.443718494082762,1,1.18769686518289,0.158077865182892,0.158077865182892,0.158077865182892,0.0249886114607805,0.903049764347339,1.47731373763928,1,0.844308966299118,-0.185310033700882,0.185310033700882,0.185310033700882,0.034339808590222,0.461024042578767,1.21773760529267,1,1.53346831639429,0.0334683163942935,0.0334683163942935,0.0334683163942935,0.00112012820226853,1.4557540947695,1.67797937399959,1,1.84570130115699,0.0457013011569933,0.0457013011569933,0.0457013011569933,0.0020886089274422,1.80047969828991,1.96058081818893,0
21,"n600-b1_1-b2_2p8-b3_2p8",600,9,209,1,1,0,1.029619,1.029619,1.5,1.8,1,1.3,0.101666666666667,215,89,208,88,FALSE,NA,TRUE,NA,-0.124052599931167,-0.124052599931167,0.124052599931167,0.124052599931167,0.0153890475496822,-0.4737389506775,0.228650877829606,1,1.12178443848053,0.0921654384805335,0.0921654384805335,0.0921654384805335,0.008494468050309,0.835087951846182,1.41806077452693,1,1.07311283586415,0.0434938358641463,0.0434938358641463,0.0434938358641463,0.0018917137581773,0.67136009912104,1.47527884480245,1,1.53727431163137,0.0372743116313659,0.0372743116313659,0.0372743116313659,0.00138937430759218,1.49897248256231,1.62597964840541,1,1.69016206896446,-0.109837931035542,0.109837931035542,0.109837931035542,0.0120643710941684,1.61607399730158,1.83531560704503,1
21,"n600-b1_1-b2_2p8-b3_2p8",600,10,210,1,1,0,1.029619,1.029619,1.5,1.8,1,1.3,0.0916666666666667,189,100,200,111,FALSE,NA,TRUE,NA,0.0147570272627723,0.0147570272627723,0.0147570272627723,0.0147570272627723,0.000217769853634206,-0.293553999028096,0.319456162572367,1,0.824396436742077,-0.205222563257923,0.205222563257923,0.205222563257923,0.0421163004701523,0.561426602518553,1.09226418367783,1,1.01027133768661,-0.0193476623133872,0.0193476623133872,0.0193476623133872,0.000374332036992865,0.635592495091544,1.38161578012286,1,1.53369783141138,0.0336978314113809,0.0336978314113809,0.0336978314113809,0.00113554384182985,1.47178216110744,1.67147211778612,1,1.83476778701931,0.0347677870193064,0.0347677870193064,0.0347677870193064,0.00120879901421985,1.72296475853299,2.12212025178129,1
22,"n600-b1_1-b2_2p8-b3_2p8",600,1,211,1,1,0,1.029619,1.029619,1.5,1.8,1,1.3,0.0883333333333334,201,115,203,81,FALSE,NA,TRUE,NA,0.19439791825408,0.19439791825408,0.19439791825408,0.19439791825408,0.0377905506215198,-0.135009983525411,0.528907442224967,1,1.09559514883182,0.0659761488318218,0.0659761488318218,0.0659761488318218,0.0043528522146787,0.797820149053524,1.40570858847623,1,0.781377922068714,-0.248241077931286,0.248241077931286,0.248241077931286,0.0616236327724869,0.38383313024288,1.17358226483085,1,1.53009126370776,0.0300912637077611,0.0300912637077611,0.0300912637077611,0.000905484151530017,1.42641128223332,1.72392181967501,1,1.8403827516347,0.0403827516347,0.0403827516347,0.0403827516347,0.00163076662958986,1.70272874172141,2.01856263312599,1
22,"n600-b1_1-b2_2p8-b3_2p8",600,2,212,1,1,0,1.029619,1.029619,1.5,1.8,1,1.3,0.103333333333333,186,101,210,103,FALSE,NA,TRUE,NA,0.0240966370647119,0.0240966370647119,0.0240966370647119,0.0240966370647119,0.000580647917828447,-0.293997146283445,0.344955616699212,1,1.03343514240059,0.00381614240059025,0.00381614240059025,0.00381614240059025,1.45629428215827e-05,0.766030266034059,1.30967022776596,1,0.914122871216682,-0.115496128783318,0.115496128783318,0.115496128783318,0.0133393557639328,0.532475970167441,1.29495181733518,1,1.57046802216496,0.0704680221649581,0.0704680221649581,0.0704680221649581,0.00496574214784102,1.46260772999608,1.83374804714182,1,1.86170750919841,0.0617075091984101,0.0617075091984101,0.0617075091984101,0.00380781669147186,1.76520669547698,2.00370135645005,1
22,"n600-b1_1-b2_2p8-b3_2p8",600,3,213,1,1,0,1.029619,1.029619,1.5,1.8,1,1.3,0.0816666666666667,201,89,196,114,FALSE,NA,TRUE,NA,-0.318053817940912,-0.318053817940912,0.318053817940912,0.318053817940912,0.101158231106791,-0.631338527686816,-0.0124944445804806,0,0.693643620520085,-0.335975379479915,0.335975379479915,0.335975379479915,0.112879455616673,0.441993165953347,0.947718088249292,0,1.4027391717354,0.3731201717354,0.3731201717354,0.3731201717354,0.139218662555855,1.02836608856924,1.78018704345211,1,1.50090377721258,0.000903777212578838,0.000903777212578838,0.000903777212578838,8.16813249976774e-07,1.44856380274794,1.56733562012889,1,1.80486798824969,0.00486798824968604,0.00486798824968604,0.00486798824968604,2.36973095990814e-05,1.72184478296149,1.89981448605408,1
22,"n600-b1_1-b2_2p8-b3_2p8",600,4,214,1,1,0,1.029619,1.029619,1.5,1.8,1,1.3,0.09,190,107,203,100,FALSE,NA,TRUE,NA,0.0619594842132463,0.0619594842132463,0.0619594842132463,0.0619594842132463,0.00383897768397151,-0.256099166181001,0.381615376812977,1,1.20858604246341,0.178967042463415,0.178967042463415,0.178967042463415,0.0320292022881017,0.92338583983329,1.50066305297116,1,0.970964831436466,-0.0586541685635342,0.0586541685635342,0.0586541685635342,0.00344031148987949,0.583878340507047,1.35112261250035,1,1.45443171235399,-0.0455682876460133,0.0455682876460133,0.0455682876460133,0.00207646883898981,1.3323682158361,1.6071219531084,1,1.77793721230301,-0.0220627876969868,0.0220627876969868,0.0220627876969868,0.000486766600962311,1.67261596595168,1.90496108983331,1
22,"n600-b1_1-b2_2p8-b3_2p8",600,5,215,1,1,0,1.029619,1.029619,1.5,1.8,1,1.3,0.085,204,90,205,101,FALSE,NA,TRUE,NA,0.368661253035349,0.368661253035349,0.368661253035349,0.368661253035349,0.135911119489594,0.0303248805355379,0.714262858330946,0,1.42691993565209,0.397300935652095,0.397300935652095,0.397300935652095,0.15784803347003,1.12789145500309,1.7349046750196,0,0.482819863647922,-0.546799136352078,0.546799136352078,0.546799136352078,0.298989295515378,0.0787748089311164,0.880574743918771,0,1.3612904949649,-0.138709505035101,0.138709505035101,0.138709505035101,0.0192403267870827,1.31225300908279,1.46818163277951,0,1.49617559642405,-0.303824403575951,0.303824403575951,0.303824403575951,0.0923092682082822,1.43692827761621,1.64171415316116,0
22,"n600-b1_1-b2_2p8-b3_2p8",600,6,216,1,1,0,1.029619,1.029619,1.5,1.8,1,1.3,0.0983333333333334,198,90,198,114,FALSE,NA,TRUE,NA,0.0545042625152012,0.0545042625152012,0.0545042625152012,0.0545042625152012,0.00297071463232597,-0.267767106142182,0.375775396545037,1,1.0683807742987,0.0387617742987025,0.0387617742987025,0.0387617742987025,0.00150247514678356,0.805047267136726,1.34234382780939,1,1.06009793429589,0.0304789342958871,0.0304789342958871,0.0304789342958871,0.000928965435813003,0.672752580967808,1.45067318143364,1,1.50606047655691,0.006060476556909,0.006060476556909,0.006060476556909,3.67293760968436e-05,1.46125123799238,1.6000835319643,1,1.78583305921542,-0.0141669407845813,0.0141669407845813,0.0141669407845813,0.000200702211193832,1.76321662820743,1.84121014166099,1
22,"n600-b1_1-b2_2p8-b3_2p8",600,7,217,1,1,0,1.029619,1.029619,1.5,1.8,1,1.3,0.11,175,110,198,117,FALSE,NA,TRUE,NA,0.0294672869198763,0.0294672869198763,0.0294672869198763,0.0294672869198763,0.000868320998418312,-0.273880367032537,0.334774797752887,1,0.979509149690264,-0.0501098503097357,0.0501098503097357,0.0501098503097357,0.00251099709806412,0.712511604433069,1.25469576633784,1,0.943337231651014,-0.0862817683489856,0.0862817683489856,0.0862817683489856,0.00744454354942801,0.568338376921481,1.31555796595512,1,1.56651510112573,0.0665151011257301,0.0665151011257301,0.0665151011257301,0.0044242586777661,1.43619218319648,1.77240477172311,1,1.90697146374695,0.106971463746951,0.106971463746951,0.106971463746951,0.0114428940561653,1.62254914941983,2.36018979343225,1
22,"n600-b1_1-b2_2p8-b3_2p8",600,8,218,1,1,0,1.029619,1.029619,1.5,1.8,1,1.3,0.0933333333333334,208,88,190,114,FALSE,NA,TRUE,NA,-0.00745527568877346,-0.00745527568877346,0.00745527568877346,0.00745527568877346,5.55811355956167e-05,-0.33233506920879,0.313805642493411,1,1.1917617502343,0.162142750234304,0.162142750234304,0.162142750234304,0.0262902714535439,0.912634092254285,1.47221604017306,1,1.02972055569472,0.000101555694717037,0.000101555694717037,0.000101555694717037,1.031355912946e-08,0.643351768002042,1.42220836867445,1,1.48483593896171,-0.0151640610382948,0.0151640610382948,0.0151640610382948,0.000229948747173131,1.35692116639996,1.56147100829042,1,1.73332450548316,-0.0666754945168435,0.0666754945168435,0.0666754945168435,0.00444562156906563,1.63780926687116,1.85060514251039,1
22,"n600-b1_1-b2_2p8-b3_2p8",600,9,219,1,1,0,1.029619,1.029619,1.5,1.8,1,1.3,0.12,197,95,193,115,FALSE,NA,TRUE,NA,-0.109186547503933,-0.109186547503933,0.109186547503933,0.109186547503933,0.0119217021558287,-0.440555602112176,0.212930362866301,1,0.973930260505511,-0.0556887394944893,0.0556887394944893,0.0556887394944893,0.00310123570648509,0.70309650248555,1.24846157362383,1,1.03373809191076,0.00411909191076409,0.00411909191076409,0.00411909191076409,1.69669181693222e-05,0.647951042584471,1.42581728962955,1,1.50266898594813,0.0026689859481277,0.0026689859481277,0.0026689859481277,7.12348599130312e-06,1.37189642530856,1.70956123244951,1,1.79042879535586,-0.00957120464414229,0.00957120464414229,0.00957120464414229,9.1607958340051e-05,1.55724126523051,1.98179848997214,1
22,"n600-b1_1-b2_2p8-b3_2p8",600,10,220,1,1,0,1.029619,1.029619,1.5,1.8,1,1.3,0.105,196,102,203,99,FALSE,NA,TRUE,NA,0.367750191067579,0.367750191067579,0.367750191067579,0.367750191067579,0.135240203030241,0.0396379630230896,0.696599794995924,0,1.37959808214563,0.349979082145631,0.349979082145631,0.349979082145631,0.122485357939498,1.08753450700389,1.68376801249804,0,0.672201763285004,-0.357417236714996,0.357417236714996,0.357417236714996,0.127747081100983,0.285110535244885,1.05767261631687,1,1.50228737097756,0.00228737097755949,0.00228737097755949,0.00228737097755949,5.23206598898145e-06,1.4509952151198,1.5721067612206,1,1.80449356016047,0.00449356016046698,0.00449356016046698,0.00449356016046698,2.0192082915736e-05,1.73441936118144,1.89241519027131,1
23,"n600-b1_1-b2_2p8-b3_2p8",600,1,221,1,1,0,1.029619,1.029619,1.5,1.8,1,1.3,0.0833333333333334,204,78,208,110,FALSE,NA,TRUE,NA,-0.275276364463094,-0.275276364463094,0.275276364463094,0.275276364463094,0.0757770768320181,-0.618701713012801,0.0553665928211977,1,0.854630119305828,-0.174988880694173,0.174988880694173,0.174988880694173,0.0306211083665993,0.600280521701948,1.11577966788141,1,1.57546768881172,0.545848688811718,0.545848688811718,0.545848688811718,0.297950791077471,1.18000440792881,1.97845363412829,0,1.56915958681053,0.0691595868105277,0.0691595868105277,0.0691595868105277,0.00478304844780292,1.43830904805062,1.82742113588906,1,1.80261783145536,0.00261783145536043,0.00261783145536043,0.00261783145536043,6.85304152867451e-06,1.67328388108357,1.93234748936791,1
23,"n600-b1_1-b2_2p8-b3_2p8",600,2,222,1,1,0,1.029619,1.029619,1.5,1.8,1,1.3,0.0883333333333334,191,103,204,102,FALSE,NA,TRUE,NA,0.232265457399131,0.232265457399131,0.232265457399131,0.232265457399131,0.0539472427008277,-0.0783326559206408,0.545527811997879,1,0.887359821593157,-0.142259178406843,0.142259178406843,0.142259178406843,0.02023767384099,0.61450198975798,1.17502861523568,1,0.902748142885838,-0.126870857114162,0.126870857114162,0.126870857114162,0.0160962143848821,0.517289717413672,1.28486881707135,1,1.36790310025288,-0.132096899747124,0.132096899747124,0.132096899747124,0.0174495909228018,1.23233486620706,1.49493604445757,0,1.80721625930453,0.00721625930453351,0.00721625930453351,0.00721625930453351,5.20743983502665e-05,1.60659069982623,1.99885364613543,1
23,"n600-b1_1-b2_2p8-b3_2p8",600,3,223,1,1,0,1.029619,1.029619,1.5,1.8,1,1.3,0.085,202,93,211,94,FALSE,NA,TRUE,NA,0.203323241873004,0.203323241873004,0.203323241873004,0.203323241873004,0.0413403406857482,-0.123393461443712,0.533272127452322,1,1.05421073764858,0.024591737648576,0.024591737648576,0.024591737648576,0.000604753560576392,0.778854730103364,1.33896183698067,1,0.79520719338151,-0.23441180661849,0.23441180661849,0.23441180661849,0.0549488950821446,0.403290721814498,1.18214408339325,1,1.60292088328212,0.102920883282116,0.102920883282116,0.102920883282116,0.010592708215571,1.51997977825423,1.66793770221099,0,1.82587145931349,0.0258714593134863,0.0258714593134863,0.0258714593134863,0.000669332407009379,1.79517583115541,1.85593578731459,1
23,"n600-b1_1-b2_2p8-b3_2p8",600,4,224,1,1,0,1.029619,1.029619,1.5,1.8,1,1.3,0.101666666666667,181,116,204,99,FALSE,NA,TRUE,NA,-0.147473986855492,-0.147473986855492,0.147473986855492,0.147473986855492,0.0217485767990537,-0.454237928390204,0.165482507063392,1,0.896355589564328,-0.133263410435672,0.133263410435672,0.133263410435672,0.0177591365609464,0.628586053173447,1.170764707173,1,1.20665029420108,0.177031294201081,0.177031294201081,0.177031294201081,0.0313400791265097,0.834014024339818,1.58015583640996,1,1.61717846274649,0.117178462746489,0.117178462746489,0.117178462746489,0.0137307921316304,1.49820950475786,1.72113152548373,1,1.73137434378233,-0.0686256562176708,0.0686256562176708,0.0686256562176708,0.00470948069130594,1.57322028247924,2.01019158947801,1
23,"n600-b1_1-b2_2p8-b3_2p8",600,5,225,1,1,0,1.029619,1.029619,1.5,1.8,1,1.3,0.095,205,101,188,106,FALSE,NA,TRUE,NA,0.131784614630936,0.131784614630936,0.131784614630936,0.131784614630936,0.0173671846534243,-0.1863702049909,0.44835835293055,1,0.997031323198232,-0.0325876768017681,0.0325876768017681,0.0325876768017681,0.0010619566793365,0.719492329769115,1.27848527744045,1,1.01655615698648,-0.0130628430135229,0.0130628430135229,0.0130628430135229,0.000170637867595944,0.620452075446414,1.40240758250125,1,1.53298347505474,0.0329834750547366,0.0329834750547366,0.0329834750547366,0.00108790962668643,1.41466693455166,1.82706713944861,1,1.7648560323551,-0.0351439676449037,0.0351439676449037,0.0351439676449037,0.00123509846182604,1.65543332537498,1.92373928599883,1
23,"n600-b1_1-b2_2p8-b3_2p8",600,6,226,1,1,0,1.029619,1.029619,1.5,1.8,1,1.3,0.105,209,96,205,90,FALSE,NA,TRUE,NA,0.133276530969455,0.133276530969455,0.133276530969455,0.133276530969455,0.017762633707252,-0.222812538824984,0.496123484856795,1,1.09734056135343,0.0677215613534323,0.0677215613534323,0.0677215613534323,0.0045862098721467,0.793604822521186,1.41748979281653,1,0.924104761836079,-0.105514238163921,0.105514238163921,0.105514238163921,0.0111332544553127,0.511644239515334,1.33823609818269,1,1.35597575071603,-0.144024249283974,0.144024249283974,0.144024249283974,0.0207429843818123,1.25223930943862,1.46009771887358,0,1.58682039713474,-0.213179602865257,0.213179602865257,0.213179602865257,0.0454455430777887,1.47951104717209,1.79272956841123,0
23,"n600-b1_1-b2_2p8-b3_2p8",600,7,227,1,1,0,1.029619,1.029619,1.5,1.8,1,1.3,0.103333333333333,214,98,174,114,FALSE,NA,TRUE,NA,0.122855638127753,0.122855638127753,0.122855638127753,0.122855638127753,0.0150935078197775,-0.196081759723603,0.439128530541703,1,1.11158191668954,0.0819629166895355,0.0819629166895355,0.0819629166895355,0.00671791971225573,0.830217594629973,1.39494276685921,1,0.95007686565927,-0.0795421343407304,0.0795421343407304,0.0795421343407304,0.00632695113547881,0.569730608266136,1.34604328666547,1,1.388191188863,-0.111808811136995,0.111808811136995,0.111808811136995,0.0125012102478682,1.30785957690839,1.53371695152254,1,1.78314323495711,-0.0168567650428944,0.0168567650428944,0.0168567650428944,0.000284150527711345,1.60426032386928,1.89356808632641,1
23,"n600-b1_1-b2_2p8-b3_2p8",600,8,228,1,1,0,1.029619,1.029619,1.5,1.8,1,1.3,0.0816666666666667,210,98,193,99,FALSE,NA,TRUE,NA,0.0214732523632709,0.0214732523632709,0.0214732523632709,0.0214732523632709,0.000461100567056719,-0.300589270801556,0.338384747078766,1,1.17975025806587,0.150131258065872,0.150131258065872,0.150131258065872,0.0225393946484416,0.902191462992752,1.46672670198899,1,0.968529720587786,-0.0610892794122144,0.0610892794122144,0.0610892794122144,0.00373190005910361,0.585788981001649,1.35540842309139,1,1.50404313755537,0.00404313755536512,0.00404313755536512,0.00404313755536512,1.63469612916038e-05,1.46958960298415,1.56717648803577,1,1.82707055273866,0.0270705527386554,0.0270705527386554,0.0270705527386554,0.000732814825576326,1.7793446867857,1.95239295119136,1
23,"n600-b1_1-b2_2p8-b3_2p8",600,9,229,1,1,0,1.029619,1.029619,1.5,1.8,1,1.3,0.113333333333333,189,95,201,115,FALSE,NA,TRUE,NA,0.268402562669665,0.268402562669665,0.268402562669665,0.268402562669665,0.0720399356476435,-0.0563616408987136,0.589991771458272,1,1.22778871110935,0.198169711109353,0.198169711109353,0.198169711109353,0.0392712344011646,0.956464057236949,1.51153225841542,1,0.817532962480209,-0.212086037519791,0.212086037519791,0.212086037519791,0.0449804873108462,0.431739128325477,1.20457155212643,1,1.4107873946974,-0.0892126053025972,0.0892126053025972,0.0892126053025972,0.007958888944877,1.29120818205325,1.58454333569479,1,1.76743988984393,-0.0325601101560726,0.0325601101560726,0.0325601101560726,0.00106016077337558,1.69666849951852,1.87924033949322,1
23,"n600-b1_1-b2_2p8-b3_2p8",600,10,230,1,1,0,1.029619,1.029619,1.5,1.8,1,1.3,0.0649999999999999,206,87,207,100,FALSE,NA,TRUE,NA,-0.0980308809117308,-0.0980308809117308,0.0980308809117308,0.0980308809117308,0.00961005361232995,-0.413600122821833,0.221125338127017,1,0.823060792749801,-0.206558207250199,0.206558207250199,0.206558207250199,0.042666292982416,0.552979181852256,1.09423687924062,1,1.21193006321427,0.18231106321427,0.18231106321427,0.18231106321427,0.0332373237703177,0.827135582665725,1.5972001078688,1,1.59220339638593,0.0922033963859301,0.0922033963859301,0.0922033963859301,0.00850146630510095,1.4587336732721,1.72196604064422,1,1.83368466408587,0.0336846640858692,0.0336846640858692,0.0336846640858692,0.00113465659457785,1.70775079421736,1.92946608631008,1
24,"n600-b1_1-b2_2p8-b3_2p8",600,1,231,1,1,0,1.029619,1.029619,1.5,1.8,1,1.3,0.0816666666666667,193,96,197,114,FALSE,NA,TRUE,NA,-0.034730755185829,-0.034730755185829,0.034730755185829,0.034730755185829,0.00120622535577799,-0.332557344318352,0.269368296946203,1,1.03357903754498,0.00396003754497598,0.00396003754497598,0.00396003754497598,1.56818973576194e-05,0.768158074341584,1.30128410096479,1,0.997473439631607,-0.0321455603683931,0.0321455603683931,0.0321455603683931,0.00103333705139801,0.623241591886295,1.36850092227478,1,1.5178181565347,0.0178181565346971,0.0178181565346971,0.0178181565346971,0.000317486702294969,1.47147157494695,1.63169906589026,1,1.83373252965004,0.0337325296500386,0.0337325296500386,0.0337325296500386,0.00113788355659073,1.75367182827349,1.93484638841738,1
24,"n600-b1_1-b2_2p8-b3_2p8",600,2,232,1,1,0,1.029619,1.029619,1.5,1.8,1,1.3,0.0933333333333334,204,117,189,90,FALSE,NA,TRUE,NA,0.182854094405555,0.182854094405555,0.182854094405555,0.182854094405555,0.0334356198408757,-0.134500840500267,0.502973198030118,1,1.1449923491212,0.115373349121197,0.115373349121197,0.115373349121197,0.0133110096874416,0.854683937822354,1.44887631508399,1,0.992217395779976,-0.0374016042200238,0.0374016042200238,0.0374016042200238,0.0013988799982313,0.601905622854935,1.37180885500825,1,1.48301478487923,-0.0169852151207706,0.0169852151207706,0.0169852151207706,0.000288497532698853,1.39082554739509,1.59090871980784,1,1.77954508040248,-0.0204549195975234,0.0204549195975234,0.0204549195975234,0.000418403735741148,1.64743511114297,1.90108002524045,1
24,"n600-b1_1-b2_2p8-b3_2p8",600,3,233,1,1,0,1.029619,1.029619,1.5,1.8,1,1.3,0.101666666666667,208,95,207,90,FALSE,NA,TRUE,NA,0.112064731909838,0.112064731909838,0.112064731909838,0.112064731909838,0.0125585041380239,-0.233265770437193,0.464981373249205,1,1.10338210896193,0.0737631089619259,0.0737631089619259,0.0737631089619259,0.00544099624372896,0.799507856053076,1.41734881261599,1,0.977507280958982,-0.0521117190410181,0.0521117190410181,0.0521117190410181,0.00271563126141001,0.568508035474983,1.38685488758299,1,1.4885955757543,-0.0114044242457043,0.0114044242457043,0.0114044242457043,0.000130060892376008,1.42416482237931,1.59119801637765,1,1.8183598281984,0.0183598281984003,0.0183598281984003,0.0183598281984003,0.000337083291474775,1.7370773083996,2.00525086981937,1
24,"n600-b1_1-b2_2p8-b3_2p8",600,4,234,1,1,0,1.029619,1.029619,1.5,1.8,1,1.3,0.0783333333333334,186,102,214,98,FALSE,NA,TRUE,NA,-0.0841444623142771,-0.0841444623142771,0.0841444623142771,0.0841444623142771,0.0070802905381588,-0.405574005085566,0.236664634660845,1,0.960851156369902,-0.0687678436300979,0.0687678436300979,0.0687678436300979,0.0047290163175336,0.686437979126015,1.23774984675533,1,1.02475173560288,-0.00486726439712415,0.00486726439712415,0.00486726439712415,2.36902627115123e-05,0.644715575375682,1.40579059933081,1,1.38937827727712,-0.11062172272288,0.11062172272288,0.11062172272288,0.0122371655381777,1.29219353435399,1.57523115711446,1,1.68134728536881,-0.118652714631186,0.118652714631186,0.118652714631186,0.0140784666893497,1.55747021029647,2.03604403563414,1
24,"n600-b1_1-b2_2p8-b3_2p8",600,5,235,1,1,0,1.029619,1.029619,1.5,1.8,1,1.3,0.08,218,97,196,89,FALSE,NA,TRUE,NA,-0.108741032414077,-0.108741032414077,0.108741032414077,0.108741032414077,0.0118246121304793,-0.440356018220508,0.219874991312489,1,0.993085390011284,-0.0365336099887159,0.0365336099887159,0.0365336099887159,0.0013347046588076,0.71156485265365,1.27910225992918,1,1.13883812622029,0.109219126220288,0.109219126220288,0.109219126220288,0.0119288175323232,0.750609405282094,1.53109342907197,1,1.47087709234311,-0.0291229076568855,0.0291229076568855,0.0291229076568855,0.000848143750391481,1.4236693726242,1.56719444106616,1,1.76707363859223,-0.0329263614077719,0.0329263614077719,0.0329263614077719,0.00108414527555521,1.71848283346747,1.8504554235594,1
24,"n600-b1_1-b2_2p8-b3_2p8",600,6,236,1,1,0,1.029619,1.029619,1.5,1.8,1,1.3,0.0866666666666667,194,101,205,100,FALSE,NA,TRUE,NA,0.0407073843538648,0.0407073843538648,0.0407073843538648,0.0407073843538648,0.00165709114093328,-0.272389864366465,0.359934018518779,1,0.914817711634777,-0.114801288365223,0.114801288365223,0.114801288365223,0.013179335810315,0.644284416860241,1.19162268090893,1,0.993507003498686,-0.0361119965013141,0.0361119965013141,0.0361119965013141,0.00130407629131092,0.60646512562867,1.37897667506076,1,1.52505902106401,0.0250590210640123,0.0250590210640123,0.0250590210640123,0.00062795453668661,1.39542074034262,1.64496308385851,1,1.76129500077389,-0.038704999226115,0.038704999226115,0.038704999226115,0.00149807696509357,1.53954517225923,1.9164308264857,1
24,"n600-b1_1-b2_2p8-b3_2p8",600,7,237,1,1,0,1.029619,1.029619,1.5,1.8,1,1.3,0.075,191,110,205,94,FALSE,NA,TRUE,NA,-0.160758145415128,-0.160758145415128,0.160758145415128,0.160758145415128,0.0258431813173116,-0.474022603190235,0.160651711578662,1,0.792837641888688,-0.236781358111312,0.236781358111312,0.236781358111312,0.0560654115490372,0.516574590267607,1.08166351065208,1,1.39122963535682,0.361610635356823,0.361610635356823,0.361610635356823,0.130762251603165,1.00508029396176,1.77044730014519,1,1.37495142052177,-0.125048579478232,0.125048579478232,0.125048579478232,0.0156371472295237,1.24719145836204,1.53075201936057,1,1.70346369606953,-0.0965363039304683,0.0965363039304683,0.0965363039304683,0.00931925797655575,1.57183510757014,1.8815924075387,1
24,"n600-b1_1-b2_2p8-b3_2p8",600,8,238,1,1,0,1.029619,1.029619,1.5,1.8,1,1.3,0.105,200,98,204,98,FALSE,NA,TRUE,NA,0.104899652852628,0.104899652852628,0.104899652852628,0.104899652852628,0.0110039371686018,-0.22829725340644,0.44367873095294,1,1.07584657907919,0.0462275790791939,0.0462275790791939,0.0462275790791939,0.00213698906752313,0.792262097424557,1.37384353457575,1,0.872326729621421,-0.157292270378579,0.157292270378579,0.157292270378579,0.0247408583208479,0.471506105913159,1.27666368351461,1,1.51608984884551,0.0160898488455103,0.0160898488455103,0.0160898488455103,0.000258883235871371,1.3578835546393,1.66749592087804,1,1.84054006514271,0.0405400651427068,0.0405400651427068,0.0405400651427068,0.00164349688177491,1.73068522446097,1.98451857486802,1
24,"n600-b1_1-b2_2p8-b3_2p8",600,9,239,1,1,0,1.029619,1.029619,1.5,1.8,1,1.3,0.1,207,108,195,90,FALSE,NA,TRUE,NA,-0.122874912873274,-0.122874912873274,0.122874912873274,0.122874912873274,0.0150982442136147,-0.441199784516089,0.197996209464882,1,0.953791209827668,-0.0758277901723325,0.0758277901723325,0.0758277901723325,0.00574985376241929,0.675520273380173,1.24378786751131,1,1.18822428919276,0.158605289192761,0.158605289192761,0.158605289192761,0.0251556377599193,0.807113397635928,1.56945415090785,1,1.61781878464761,0.117818784647613,0.117818784647613,0.117818784647613,0.0138812660158406,1.49117415017742,1.83281306503816,1,1.973590786148,0.173590786148005,0.173590786148005,0.173590786148005,0.0301337610354823,1.8049018733083,2.24875443584077,0
24,"n600-b1_1-b2_2p8-b3_2p8",600,10,240,1,1,0,1.029619,1.029619,1.5,1.8,1,1.3,0.075,170,100,234,96,FALSE,NA,TRUE,NA,0.0525340640377356,0.0525340640377356,0.0525340640377356,0.0525340640377356,0.00275982788432091,-0.268837159477621,0.369581875240328,1,1.14635157244719,0.116732572447189,0.116732572447189,0.116732572447189,0.0136264934701382,0.871715664715619,1.43026219654091,1,0.932748324648575,-0.0968706753514251,0.0968706753514251,0.0968706753514251,0.0093839277430412,0.54650409168324,1.31674308064749,1,1.45411837126801,-0.0458816287319854,0.0458816287319854,0.0458816287319854,0.00210512385509975,1.38592543889782,1.5640953150107,1,1.77876326552314,-0.0212367344768567,0.0212367344768567,0.0212367344768567,0.000450998891240514,1.69039333936288,1.8678440871235,1
25,"n600-b1_1-b2_2p8-b3_2p8",600,1,241,1,1,0,1.029619,1.029619,1.5,1.8,1,1.3,0.115,176,103,204,117,FALSE,NA,TRUE,NA,0.0363571965800667,0.0363571965800667,0.0363571965800667,0.0363571965800667,0.00132184574316162,-0.279582058382996,0.356702260010748,1,1.07106265595404,0.041443655954043,0.041443655954043,0.041443655954043,0.00171757661883708,0.8064197191284,1.35017898506398,1,0.941527741924689,-0.0880912580753112,0.0880912580753112,0.0880912580753112,0.00776006974929107,0.555941638886551,1.32719816020427,1,1.4855327129315,-0.0144672870685005,0.0144672870685005,0.0144672870685005,0.000209302395122403,1.42105134141112,1.68544646182509,1,1.75598667704247,-0.0440133229575312,0.0440133229575312,0.0440133229575312,0.00193717259776395,1.68048374264016,1.88258773119038,1
25,"n600-b1_1-b2_2p8-b3_2p8",600,2,242,1,1,0,1.029619,1.029619,1.5,1.8,1,1.3,0.08,189,100,205,106,FALSE,NA,TRUE,NA,0.232314684498194,0.232314684498194,0.232314684498194,0.232314684498194,0.0539701126334956,-0.0710338196649467,0.536728751253375,1,1.09374379499325,0.0641247949932477,0.0641247949932477,0.0641247949932477,0.00411198933292605,0.827682971128731,1.37349561161407,1,0.644196042589419,-0.385422957410582,0.385422957410582,0.385422957410582,0.148550856099119,0.271889057283879,1.00708277723115,0,1.59794007072738,0.0979400707273796,0.0979400707273796,0.0979400707273796,0.00959225745408413,1.43483239326768,1.87440859716792,1,1.84378898703963,0.0437889870396315,0.0437889870396315,0.0437889870396315,0.00191747538595702,1.59243604005719,2.33925921685289,1
25,"n600-b1_1-b2_2p8-b3_2p8",600,3,243,1,1,0,1.029619,1.029619,1.5,1.8,1,1.3,0.09,187,95,200,118,FALSE,NA,TRUE,NA,-0.0519647194577799,-0.0519647194577799,0.0519647194577799,0.0519647194577799,0.00270033206832577,-0.370009897274831,0.260235082072642,1,1.06082333393787,0.0312043339378689,0.0312043339378689,0.0312043339378689,0.000973710456506038,0.802539306006827,1.32875541973507,1,1.18447063823267,0.154851638232672,0.154851638232672,0.154851638232672,0.0239790298633424,0.801155865350825,1.57368765217789,1,1.48631301105249,-0.0136869889475122,0.0136869889475122,0.0136869889475122,0.000187333666449321,1.32320324580675,1.68351736449751,1,1.77752645492939,-0.0224735450706086,0.0224735450706086,0.0224735450706086,0.000505060228040677,1.64174541699977,1.91951413754531,1
25,"n600-b1_1-b2_2p8-b3_2p8",600,4,244,1,1,0,1.029619,1.029619,1.5,1.8,1,1.3,0.0916666666666667,181,97,220,102,FALSE,NA,TRUE,NA,-0.0401597839278059,-0.0401597839278059,0.0401597839278059,0.0401597839278059,0.00161280824512805,-0.361562984015898,0.277243446759052,1,0.92134635321907,-0.10827264678093,0.10827264678093,0.10827264678093,0.011722966040948,0.651398280456444,1.19530201731091,1,1.20567899365009,0.17605999365009,0.17605999365009,0.17605999365009,0.0309971213640696,0.819818852212248,1.59166762277931,1,1.50824900167798,0.0082490016779766,0.0082490016779766,0.0082490016779766,6.80460286832607e-05,1.458237273008,1.6005848446891,1,1.77260082757002,-0.0273991724299771,0.0273991724299771,0.0273991724299771,0.000750714649847619,1.67552271243112,1.8503763144275,1
25,"n600-b1_1-b2_2p8-b3_2p8",600,5,245,1,1,0,1.029619,1.029619,1.5,1.8,1,1.3,0.0983333333333334,222,88,184,106,FALSE,NA,TRUE,NA,0.102043616139711,0.102043616139711,0.102043616139711,0.102043616139711,0.0104128995948686,-0.227323968655505,0.432415407826859,1,1.00392947872428,-0.0256895212757244,0.0256895212757244,0.0256895212757244,0.000659951503375898,0.718349026163554,1.29027863767073,1,1.06249958461108,0.0328805846110827,0.0328805846110827,0.0328805846110827,0.00108113284436657,0.665873758495895,1.45993202634968,1,1.54426941126091,0.0442694112609079,0.0442694112609079,0.0442694112609079,0.0019597807733874,1.47759148753349,1.70635851739395,1,1.74608571142313,-0.0539142885768671,0.0539142885768671,0.0539142885768671,0.0029067505127497,1.71544315082063,1.82486777532647,1
25,"n600-b1_1-b2_2p8-b3_2p8",600,6,246,1,1,0,1.029619,1.029619,1.5,1.8,1,1.3,0.0933333333333334,223,107,181,89,FALSE,NA,TRUE,NA,0.160342076866208,0.160342076866208,0.160342076866208,0.160342076866208,0.025709581613769,-0.16410311584212,0.487501951350041,1,0.972726934862853,-0.0568920651371474,0.0568920651371474,0.0568920651371474,0.00323670707556942,0.675750978048869,1.27696804190634,1,0.867118810184009,-0.162500189815991,0.162500189815991,0.162500189815991,0.026406311690233,0.481872088904018,1.25884001314265,1,1.50378507059125,0.00378507059125321,0.00378507059125321,0.00378507059125321,1.432675938077e-05,1.43037263193408,1.77415524790726,1,1.79273737141543,-0.00726262858457116,0.00726262858457116,0.00726262858457116,5.27457739574301e-05,1.72857685736248,1.95519936214704,1
25,"n600-b1_1-b2_2p8-b3_2p8",600,7,247,1,1,0,1.029619,1.029619,1.5,1.8,1,1.3,0.115,184,103,217,96,FALSE,NA,TRUE,NA,0.291821249286003,0.291821249286003,0.291821249286003,0.291821249286003,0.0851596415348437,-0.0433596159431777,0.6303005678459,1,1.29551174580502,0.265892745805024,0.265892745805024,0.265892745805024,0.0706989522717349,1.00060947794365,1.60396298087294,1,0.948704571241161,-0.0809144287588386,0.0809144287588386,0.0809144287588386,0.00654714478136917,0.540449470427662,1.34863516356023,1,1.44528164733239,-0.0547183526676076,0.0547183526676076,0.0547183526676076,0.00299409811865668,1.3401119660769,1.49905425346364,0,1.74049189642575,-0.0595081035742513,0.0595081035742513,0.0595081035742513,0.00354121439100382,1.65563175144371,1.79845561037257,0
25,"n600-b1_1-b2_2p8-b3_2p8",600,8,248,1,1,0,1.029619,1.029619,1.5,1.8,1,1.3,0.12,185,110,208,97,FALSE,NA,TRUE,NA,0.0731824251006954,0.0731824251006954,0.0731824251006954,0.0731824251006954,0.00535566734361889,-0.251382974717313,0.399442477835334,1,1.25880712416623,0.229188124166229,0.229188124166229,0.229188124166229,0.0525271962588347,0.975288651313595,1.55533363800149,1,0.945535791455449,-0.0840832085445514,0.0840832085445514,0.0840832085445514,0.00706998595914653,0.553804730250478,1.33954883947172,1,1.51558155820466,0.0155815582046595,0.0155815582046595,0.0155815582046595,0.00024278495608519,1.44949980199098,1.63393128824037,1,1.82226219150089,0.022262191500892,0.022262191500892,0.022262191500892,0.00049560517042239,1.76081032314381,1.90944902702873,1
25,"n600-b1_1-b2_2p8-b3_2p8",600,9,249,1,1,0,1.029619,1.029619,1.5,1.8,1,1.3,0.08,170,103,213,114,FALSE,NA,TRUE,NA,0.189722668705517,0.189722668705517,0.189722668705517,0.189722668705517,0.0359946910207432,-0.0977458985372559,0.487590236944586,1,0.984123762494798,-0.0454952375052023,0.0454952375052023,0.0454952375052023,0.00206981663565477,0.717726084125902,1.25805939184548,1,0.816830764763948,-0.212788235236052,0.212788235236052,0.212788235236052,0.0452788330548734,0.449411194165274,1.17298481688606,1,1.50747536456031,0.00747536456031006,0.00747536456031006,0.00747536456031006,5.58810753095396e-05,1.38894602340035,1.63745511881689,1,1.78537045428445,-0.0146295457155501,0.0146295457155501,0.0146295457155501,0.00021402360784337,1.71781484600585,1.89700182710434,1
25,"n600-b1_1-b2_2p8-b3_2p8",600,10,250,1,1,0,1.029619,1.029619,1.5,1.8,1,1.3,0.0983333333333334,186,99,209,106,FALSE,NA,TRUE,NA,0.0398510372778022,0.0398510372778022,0.0398510372778022,0.0398510372778022,0.00158810517211678,-0.285401461441444,0.360348117505116,1,1.22750416889655,0.197885168896552,0.197885168896552,0.197885168896552,0.0391585400692169,0.951976081601191,1.50907882570091,1,0.91480309987862,-0.11481590012138,0.11481590012138,0.11481590012138,0.0131826909206827,0.532062506407279,1.30348808255092,1,1.47951080160723,-0.0204891983927673,0.0204891983927673,0.0204891983927673,0.000419807250778178,1.44095939437897,1.51598226195884,1,1.79860308422729,-0.00139691577271184,0.00139691577271184,0.00139691577271184,1.95137367605111e-06,1.74967573590769,1.87438298594888,1
26,"n600-b1_1-b2_2p8-b3_2p8",600,1,251,1,1,0,1.029619,1.029619,1.5,1.8,1,1.3,0.085,204,110,205,81,FALSE,NA,TRUE,NA,0.031444864067398,0.031444864067398,0.031444864067398,0.031444864067398,0.000988779476217135,-0.294697481319665,0.360151846336681,1,1.04332375563789,0.0137047556378946,0.0137047556378946,0.0137047556378946,0.000187820327094405,0.75395350338215,1.34976768987163,1,0.959453374714004,-0.0701656252859962,0.0701656252859962,0.0701656252859962,0.00492321497177483,0.564215617109835,1.34812949676388,1,1.50869241906217,0.00869241906217111,0.00869241906217111,0.00869241906217111,7.55581491523956e-05,1.47259614803632,1.59163578906708,1,1.79784194015014,-0.0021580598498554,0.0021580598498554,0.0021580598498554,4.6572223155579e-06,1.7266909848091,1.898974267702,1
26,"n600-b1_1-b2_2p8-b3_2p8",600,2,252,1,1,0,1.029619,1.029619,1.5,1.8,1,1.3,0.116666666666667,201,103,194,102,FALSE,NA,TRUE,NA,-0.209328665749664,-0.209328665749664,0.209328665749664,0.209328665749664,0.0438184903045347,-0.537695915063978,0.118602832351084,1,0.916709756682617,-0.112909243317383,0.112909243317383,0.112909243317383,0.012748497226504,0.643429734308525,1.19796669701934,1,1.30922770445846,0.279608704458461,0.279608704458461,0.279608704458461,0.0781810276089387,0.913837190835956,1.70103879093751,1,1.50258769760408,0.00258769760407818,0.00258769760407818,0.00258769760407818,6.69617889015193e-06,1.40029355835602,1.57907581921996,1,1.77713339448859,-0.0228666055114097,0.0228666055114097,0.0228666055114097,0.000522881647614434,1.72434728159268,1.83354798986217,1
26,"n600-b1_1-b2_2p8-b3_2p8",600,3,253,1,1,0,1.029619,1.029619,1.5,1.8,1,1.3,0.0833333333333334,189,108,210,93,FALSE,NA,TRUE,NA,0.0899881785270358,0.0899881785270358,0.0899881785270358,0.0899881785270358,0.00809787227461367,-0.2242560394253,0.409364657647374,1,1.03352640435546,0.00390740435546055,0.00390740435546055,0.00390740435546055,1.52678087970721e-05,0.756396096881778,1.32239851865474,1,0.875620288504345,-0.153998711495655,0.153998711495655,0.153998711495655,0.023715603142322,0.492731090927548,1.24829685017987,1,1.4882420329142,-0.011757967085801,0.011757967085801,0.011757967085801,0.00013824978999078,1.3152030215933,1.60657846446358,1,1.92885972370105,0.128859723701045,0.128859723701045,0.128859723701045,0.0166048283923098,1.70360065770179,2.31841026197445,1
26,"n600-b1_1-b2_2p8-b3_2p8",600,4,254,1,1,0,1.029619,1.029619,1.5,1.8,1,1.3,0.116666666666667,203,106,194,97,FALSE,NA,TRUE,NA,-0.103789547602335,-0.103789547602335,0.103789547602335,0.103789547602335,0.0107722701914974,-0.436639811992005,0.227846839238195,1,1.07079393978056,0.0411749397805605,0.0411749397805605,0.0411749397805605,0.00169537566593279,0.784103902984116,1.36421987203457,1,1.26223550230256,0.232616502302557,0.232616502302557,0.232616502302557,0.0541104371434753,0.862126848494592,1.66709646667606,1,1.47647741657081,-0.0235225834291928,0.0235225834291928,0.0235225834291928,0.000553311931183335,1.43678730937847,1.51527479388322,1,1.78591747567902,-0.0140825243209757,0.0140825243209757,0.0140825243209757,0.000198317491250871,1.73559270761149,1.86716936383917,1
26,"n600-b1_1-b2_2p8-b3_2p8",600,5,255,1,1,0,1.029619,1.029619,1.5,1.8,1,1.3,0.0916666666666667,217,88,204,91,FALSE,NA,TRUE,NA,0.094193481780355,0.094193481780355,0.094193481780355,0.094193481780355,0.00887241200990607,-0.237421385935616,0.431656372510302,1,1.01228237073371,-0.0173366292662864,0.0173366292662864,0.0173366292662864,0.000300558714316659,0.732348960965435,1.30521456880893,1,1.26017789687378,0.230558896873777,0.230558896873777,0.230558896873777,0.0531574049276528,0.861200170852234,1.65722647309529,1,1.54481092106352,0.044810921063523,0.044810921063523,0.044810921063523,0.00200801864656129,1.46759749336989,1.63697073127792,1,1.85305201552753,0.0530520155275271,0.0530520155275271,0.0530520155275271,0.00281451635153298,1.77984339477476,1.95393590992374,1
26,"n600-b1_1-b2_2p8-b3_2p8",600,6,256,1,1,0,1.029619,1.029619,1.5,1.8,1,1.3,0.106666666666667,195,113,178,114,FALSE,NA,TRUE,NA,-0.155914923194226,-0.155914923194226,0.155914923194226,0.155914923194226,0.0243094632746615,-0.47800748821265,0.156740640638132,1,1.14531818030034,0.115699180300341,0.115699180300341,0.115699180300341,0.0133863003221709,0.867304070806401,1.4254308307373,1,1.19543996427555,0.165820964275552,0.165820964275552,0.165820964275552,0.0274965921932739,0.812251886781121,1.58069174716007,1,1.41006907732627,-0.0899309226737321,0.0899309226737321,0.0899309226737321,0.00808757085294879,1.35150604856671,1.53325369908139,1,1.52539357669027,-0.27460642330973,0.27460642330973,0.27460642330973,0.0754086877229627,1.44309131650447,1.8853779513066,1
26,"n600-b1_1-b2_2p8-b3_2p8",600,7,257,1,1,0,1.029619,1.029619,1.5,1.8,1,1.3,0.0983333333333334,168,108,207,117,FALSE,NA,TRUE,NA,0.101399348334908,0.101399348334908,0.101399348334908,0.101399348334908,0.0102818278427439,-0.20129577748497,0.40067732282274,1,0.863748998650508,-0.165870001349492,0.165870001349492,0.165870001349492,0.0275128573476806,0.612574594605795,1.11889856001634,1,0.817756546441178,-0.211862453558822,0.211862453558822,0.211862453558822,0.0448856992279642,0.45167667715076,1.18487979309989,1,1.469818008116,-0.0301819918840007,0.0301819918840007,0.0301819918840007,0.000910952634085886,1.42795100691681,1.53635399806353,1,1.77927258773567,-0.0207274122643251,0.0207274122643251,0.0207274122643251,0.000429625619175293,1.71844614044131,1.90334148005635,1
26,"n600-b1_1-b2_2p8-b3_2p8",600,8,258,1,1,0,1.029619,1.029619,1.5,1.8,1,1.3,0.0883333333333334,204,97,212,87,FALSE,NA,TRUE,NA,-0.00515661936244379,-0.00515661936244379,0.00515661936244379,0.00515661936244379,2.65907232491302e-05,-0.342439129536044,0.33191205761637,1,1.03372239660117,0.0041033966011732,0.0041033966011732,0.0041033966011732,1.68378636665198e-05,0.748134481067097,1.33246936375784,1,1.16210340060647,0.132484400606467,0.132484400606467,0.132484400606467,0.0175521164040549,0.765868064050205,1.56042794614549,1,1.5111035418017,0.0111035418016967,0.0111035418016967,0.0111035418016967,0.000123288640542026,1.47065398459473,1.57686888509202,1,1.73215077818366,-0.0678492218163356,0.0678492218163356,0.0678492218163356,0.00460351690108231,1.68493135020532,1.83217868162386,1
26,"n600-b1_1-b2_2p8-b3_2p8",600,9,259,1,1,0,1.029619,1.029619,1.5,1.8,1,1.3,0.08,223,106,180,91,FALSE,NA,TRUE,NA,-0.113808471342564,-0.113808471342564,0.113808471342564,0.113808471342564,0.0129523681493311,-0.438029193911664,0.209390341285548,1,0.880590741806546,-0.149028258193454,0.149028258193454,0.149028258193454,0.0222094217401749,0.600774592220865,1.16580545877446,1,1.26124347559063,0.231624475590629,0.231624475590629,0.231624475590629,0.0536498976926339,0.870220927186297,1.6500945239542,1,1.48271841997714,-0.0172815800228558,0.0172815800228558,0.0172815800228558,0.00029865300808637,1.38840331474684,1.56734193957948,1,1.80818029721325,0.0081802972132532,0.0081802972132532,0.0081802972132532,6.6917262497158e-05,1.74283093207887,1.91102997529689,1
26,"n600-b1_1-b2_2p8-b3_2p8",600,10,260,1,1,0,1.029619,1.029619,1.5,1.8,1,1.3,0.0916666666666667,193,101,217,89,FALSE,NA,TRUE,NA,0.153195040842851,0.153195040842851,0.153195040842851,0.153195040842851,0.0234687205388427,-0.180120089326193,0.493987517394512,1,1.26957041441972,0.23995141441972,0.23995141441972,0.23995141441972,0.0575766812820244,0.966536380353126,1.57998802684604,1,0.805378093805018,-0.224240906194982,0.224240906194982,0.224240906194982,0.0502839840111469,0.400069439360219,1.20949388725419,1,1.43449525630358,-0.0655047436964165,0.0655047436964165,0.0655047436964165,0.00429087144673321,1.27630992774712,1.62570596805233,1,1.78707973657545,-0.0129202634245469,0.0129202634245469,0.0129202634245469,0.000166933206959684,1.58637188499203,2.08048305883938,1
27,"n600-b1_1-b2_2p8-b3_2p8",600,1,261,1,1,0,1.029619,1.029619,1.5,1.8,1,1.3,0.08,204,86,203,107,FALSE,NA,TRUE,NA,-0.142234816234567,-0.142234816234567,0.142234816234567,0.142234816234567,0.020230742949281,-0.46508335749368,0.176953334662291,1,0.836852216516864,-0.192766783483136,0.192766783483136,0.192766783483136,0.0371590328144341,0.578753908436769,1.10190073556883,1,1.26817306943934,0.238554069439341,0.238554069439341,0.238554069439341,0.0569080440460701,0.879012768098789,1.66062629873189,1,1.52634244656305,0.0263424465630528,0.0263424465630528,0.0263424465630528,0.000693924490927295,1.45383326779493,1.65794264964901,1,1.82571930011252,0.0257193001125229,0.0257193001125229,0.0257193001125229,0.000661482398278019,1.71336371295607,1.93464865501041,1
27,"n600-b1_1-b2_2p8-b3_2p8",600,2,262,1,1,0,1.029619,1.029619,1.5,1.8,1,1.3,0.0933333333333334,201,86,200,113,FALSE,NA,TRUE,NA,-0.166975424000519,-0.166975424000519,0.166975424000519,0.166975424000519,0.027880792220153,-0.492569433897824,0.158798720757734,1,1.03349452525428,0.00387552525428103,0.00387552525428103,0.00387552525428103,1.50196959965701e-05,0.770100215324374,1.30156660429453,1,1.25661403056155,0.226995030561555,0.226995030561555,0.226995030561555,0.0515267438996412,0.874217045851726,1.64155825035147,1,1.4971804679702,-0.00281953202980367,0.00281953202980367,0.00281953202980367,7.94976086708882e-06,1.43605704231965,1.58416584998962,1,1.81411083177821,0.014110831778211,0.014110831778211,0.014110831778211,0.000199115573472971,1.78407330994741,1.86084097466596,1
27,"n600-b1_1-b2_2p8-b3_2p8",600,3,263,1,1,0,1.029619,1.029619,1.5,1.8,1,1.3,0.105,206,90,207,97,FALSE,NA,TRUE,NA,0.0637683940748301,0.0637683940748301,0.0637683940748301,0.0637683940748301,0.00406640808288283,-0.278575077053707,0.412065574403879,1,1.28145395155613,0.251834951556128,0.251834951556128,0.251834951556128,0.0634208428252776,1.00050231408268,1.5745619268415,1,0.941708670389349,-0.0879103296106508,0.0879103296106508,0.0879103296106508,0.00772822605225327,0.538079244585917,1.33837771888739,1,1.56808000435451,0.0680800043545058,0.0680800043545058,0.0680800043545058,0.00463488699290953,1.40925184986787,1.69484889928061,1,1.83747808439797,0.0374780843979665,0.0374780843979665,0.0374780843979665,0.0014046068101411,1.70521678923917,1.9883614285146,1
27,"n600-b1_1-b2_2p8-b3_2p8",600,4,264,1,1,0,1.029619,1.029619,1.5,1.8,1,1.3,0.0933333333333334,207,83,205,105,FALSE,NA,TRUE,NA,0.114051167364593,0.114051167364593,0.114051167364593,0.114051167364593,0.0130076687772263,-0.222432959524786,0.449840824503461,1,1.02293037333348,-0.00668862666651715,0.00668862666651715,0.00668862666651715,4.47377266840443e-05,0.746304943783434,1.30552649057682,1,0.85394443504824,-0.17567456495176,0.17567456495176,0.17567456495176,0.03086155277099,0.458069860395379,1.2505982786752,1,1.45231176234584,-0.0476882376541643,0.0476882376541643,0.0476882376541643,0.00227416801056005,1.38764908695315,1.51819569521389,1,1.74179286572825,-0.0582071342717518,0.0582071342717518,0.0582071342717518,0.00338807048012975,1.65370077546676,1.90269210477612,1
27,"n600-b1_1-b2_2p8-b3_2p8",600,5,265,1,1,0,1.029619,1.029619,1.5,1.8,1,1.3,0.0883333333333334,204,111,179,106,FALSE,NA,TRUE,NA,0.056786440757774,0.056786440757774,0.056786440757774,0.056786440757774,0.00322469985393617,-0.238718332988173,0.354671784539789,1,0.952232686222272,-0.0773863137777278,0.0773863137777278,0.0773863137777278,0.00598864156010494,0.677099015982562,1.22833475819579,1,0.968649773400709,-0.0609692265992914,0.0609692265992914,0.0609692265992914,0.00371724659211574,0.598171478029196,1.33892938604295,1,1.51318168556135,0.0131816855613529,0.0131816855613529,0.0131816855613529,0.00017375683423838,1.4586241412159,1.66305629544918,1,1.75411656755351,-0.0458834324464901,0.0458834324464901,0.0458834324464901,0.00210528937307162,1.69722427742748,1.86615720108757,1
27,"n600-b1_1-b2_2p8-b3_2p8",600,6,266,1,1,0,1.029619,1.029619,1.5,1.8,1,1.3,0.0883333333333334,191,98,207,104,FALSE,NA,TRUE,NA,0.152030845123642,0.152030845123642,0.152030845123642,0.152030845123642,0.0231133778690088,-0.168982767623524,0.472683218588385,1,1.25785409471487,0.228235094714872,0.228235094714872,0.228235094714872,0.0520912584595066,0.9762709325407,1.54978682452654,1,0.814575365221265,-0.215043634778735,0.215043634778735,0.215043634778735,0.0462437648588498,0.428536970219883,1.19859270854976,1,1.53976148193664,0.0397614819366403,0.0397614819366403,0.0397614819366403,0.00158097544579777,1.47931965503802,1.6480442565299,1,1.8015043836078,0.00150438360780369,0.00150438360780369,0.00150438360780369,2.26317003942846e-06,1.72256917778424,1.87201641164926,1
27,"n600-b1_1-b2_2p8-b3_2p8",600,7,267,1,1,0,1.029619,1.029619,1.5,1.8,1,1.3,0.12,180,104,207,109,FALSE,NA,TRUE,NA,-0.156908343593294,-0.156908343593294,0.156908343593294,0.156908343593294,0.0246202282891913,-0.481533439125911,0.166307992937234,1,1.05762791951724,0.0280089195172435,0.0280089195172435,0.0280089195172435,0.000784499572523423,0.788695474357343,1.33407615733831,1,1.00051893683012,-0.0291000631698772,0.0291000631698772,0.0291000631698772,0.000846813676490845,0.614149165464378,1.39166508167056,1,1.52574386127737,0.0257438612773733,0.0257438612773733,0.0257438612773733,0.000662746393468639,1.46111018565159,1.58439191724644,1,1.82906141701751,0.0290614170175147,0.0290614170175147,0.0290614170175147,0.000844565959065896,1.76634656760233,1.8870906771169,1
27,"n600-b1_1-b2_2p8-b3_2p8",600,8,268,1,1,0,1.029619,1.029619,1.5,1.8,1,1.3,0.101666666666667,206,97,202,95,FALSE,NA,TRUE,NA,-0.130490005901969,-0.130490005901969,0.130490005901969,0.130490005901969,0.0170276416402959,-0.456254933140303,0.200174371354665,1,0.903235047322795,-0.126383952677205,0.126383952677205,0.126383952677205,0.0159729034943141,0.629037794881518,1.18562371167452,1,1.32431313578449,0.294694135784487,0.294694135784487,0.294694135784487,0.0868446336657659,0.941952650347233,1.71042108376477,1,1.4939768059671,-0.00602319403290008,0.00602319403290008,0.00602319403290008,3.62788663579631e-05,1.44926237476223,1.54142213381538,1,1.7875795146003,-0.0124204853996983,0.0124204853996983,0.0124204853996983,0.000154268457564119,1.72140558824965,1.88215847508671,1
27,"n600-b1_1-b2_2p8-b3_2p8",600,9,269,1,1,0,1.029619,1.029619,1.5,1.8,1,1.3,0.09,208,109,204,79,FALSE,NA,TRUE,NA,0.267926355605315,0.267926355605315,0.267926355605315,0.267926355605315,0.0717845320279457,-0.076802674500437,0.611698777503511,1,1.24122838582598,0.211609385825977,0.211609385825977,0.211609385825977,0.0447785321696472,0.935858734917612,1.5628629310068,1,0.839812467703814,-0.189806532296186,0.189806532296186,0.189806532296186,0.0360265197023031,0.441563467670408,1.23365742128379,1,1.44043132914711,-0.059568670852886,0.059568670852886,0.059568670852886,0.00354842654717947,1.35844813513967,1.59875133677465,1,1.77798797010512,-0.0220120298948767,0.0220120298948767,0.0220120298948767,0.000484529460092946,1.69724049698198,1.89224364524726,1
27,"n600-b1_1-b2_2p8-b3_2p8",600,10,270,1,1,0,1.029619,1.029619,1.5,1.8,1,1.3,0.0933333333333334,202,90,223,85,FALSE,NA,TRUE,NA,-0.252925882163048,-0.252925882163048,0.252925882163048,0.252925882163048,0.0639715018679559,-0.600217231699346,0.0930665444454617,1,0.925448676976836,-0.104170323023164,0.104170323023164,0.104170323023164,0.0108514561987504,0.643922841891688,1.2125383631644,1,1.21024655258555,0.18062755258555,0.18062755258555,0.18062755258555,0.0326263127530455,0.80419156707051,1.61578136055769,1,1.65610810349568,0.156108103495679,0.156108103495679,0.156108103495679,0.0243697399770177,1.49921229603084,1.80941278350536,1,1.85594267972151,0.0559426797215121,0.0559426797215121,0.0559426797215121,0.00312958341442368,1.7388669405058,2.00282783640314,1
28,"n600-b1_1-b2_2p8-b3_2p8",600,1,271,1,1,0,1.029619,1.029619,1.5,1.8,1,1.3,0.0983333333333334,194,101,219,86,FALSE,NA,TRUE,NA,-0.0030059195564785,-0.0030059195564785,0.0030059195564785,0.0030059195564785,9.03555238001991e-06,-0.327847628567342,0.330813534218004,1,1.01295705860595,-0.016661941394055,0.016661941394055,0.016661941394055,0.000277620291018922,0.725928477728077,1.30870720560364,1,1.11536936061567,0.0857503606156655,0.0857503606156655,0.0857503606156655,0.00735312434571668,0.719107460008952,1.51128506367218,1,1.60997094093202,0.109970940932021,0.109970940932021,0.109970940932021,0.012093607849474,1.43458083809119,1.7440878538392,1,1.79124537540966,-0.00875462459033516,0.00875462459033516,0.00875462459033516,7.6643451717701e-05,1.56578561107173,1.97753686970902,1
28,"n600-b1_1-b2_2p8-b3_2p8",600,2,272,1,1,0,1.029619,1.029619,1.5,1.8,1,1.3,0.11,182,99,200,119,FALSE,NA,TRUE,NA,-0.0156448773870751,-0.0156448773870751,0.0156448773870751,0.0156448773870751,0.000244762188456614,-0.330355222189435,0.292764327725975,1,0.980679688467591,-0.0489393115324086,0.0489393115324086,0.0489393115324086,0.00239505621326614,0.724027469483808,1.24765174933436,1,1.25515838919813,0.225539389198134,0.225539389198134,0.225539389198134,0.0508680160798674,0.86712341161966,1.63905557417153,1,1.54177252770821,0.0417725277082117,0.0417725277082117,0.0417725277082117,0.00174494407113332,1.42363384135068,1.66434166652423,1,2.05978845240375,0.259788452403754,0.259788452403754,0.259788452403754,0.0674900400023374,1.7698930262364,2.301727239986,1
28,"n600-b1_1-b2_2p8-b3_2p8",600,3,273,1,1,0,1.029619,1.029619,1.5,1.8,1,1.3,0.085,198,105,197,100,FALSE,NA,TRUE,NA,-0.127557884058425,-0.127557884058425,0.127557884058425,0.127557884058425,0.0162710137854625,-0.43443557933834,0.18124263929361,1,1.01255607439492,-0.0170629256050807,0.0170629256050807,0.0170629256050807,0.000291143430204519,0.747618934077793,1.28042351015284,1,1.05214173645719,0.0225227364571912,0.0225227364571912,0.0225227364571912,0.000507273657520088,0.683214573569528,1.4307515379576,1,1.49739012684809,-0.00260987315191175,0.00260987315191175,0.00260987315191175,6.81143786906975e-06,1.45543156267381,1.56222154935981,1,1.83859121862769,0.0385912186276911,0.0385912186276911,0.0385912186276911,0.00148928215517025,1.72562467244473,1.93570466784465,1
28,"n600-b1_1-b2_2p8-b3_2p8",600,4,274,1,1,0,1.029619,1.029619,1.5,1.8,1,1.3,0.0916666666666667,213,94,203,90,FALSE,NA,TRUE,NA,-0.0828644343158613,-0.0828644343158613,0.0828644343158613,0.0828644343158613,0.0068665144744877,-0.419879877773307,0.249912977755861,1,0.915231866403122,-0.114387133596878,0.114387133596878,0.114387133596878,0.0130844163325099,0.624048700891901,1.20610557351039,1,1.11746357421994,0.0878445742199434,0.0878445742199434,0.0878445742199434,0.00771666921988315,0.726341199826701,1.50944985057202,1,1.48456650244335,-0.0154334975566455,0.0154334975566455,0.0154334975566455,0.000238192846830982,1.4344236083565,1.55004112953394,1,1.84889515808678,0.0488951580867845,0.0488951580867845,0.0488951580867845,0.00239073648433164,1.78519339842168,1.9229402714428,1
28,"n600-b1_1-b2_2p8-b3_2p8",600,5,275,1,1,0,1.029619,1.029619,1.5,1.8,1,1.3,0.0666666666666667,209,87,215,89,FALSE,NA,TRUE,NA,-0.244518074113622,-0.244518074113622,0.244518074113622,0.244518074113622,0.0597890885682346,-0.58406973616461,0.101114634450733,1,0.859786182175645,-0.169832817824355,0.169832817824355,0.169832817824355,0.0288431860101606,0.58457444518172,1.14420737215429,1,1.37230422567403,0.342685225674034,0.342685225674034,0.342685225674034,0.117433163895264,0.970207991868486,1.77416591083359,1,1.37775131278104,-0.12224868721896,0.12224868721896,0.12224868721896,0.0149447415267591,1.28125511291167,1.51554998812506,1,1.4267284439961,-0.373271556003903,0.373271556003903,0.373271556003903,0.139331654521575,1.3307564150127,1.66665660890272,0
28,"n600-b1_1-b2_2p8-b3_2p8",600,6,276,1,1,0,1.029619,1.029619,1.5,1.8,1,1.3,0.0733333333333334,209,107,202,82,FALSE,NA,TRUE,NA,-0.173512156003528,-0.173512156003528,0.173512156003528,0.173512156003528,0.0301064682809927,-0.493161714719512,0.149275848509382,1,1.04946735004678,0.0198483500467832,0.0198483500467832,0.0198483500467832,0.000393956999579639,0.764884720063144,1.34706545019376,1,1.08418718064494,0.0545681806449398,0.0545681806449398,0.0545681806449398,0.00297768633889879,0.702893474552268,1.46187368556128,1,1.51960132097577,0.0196013209757695,0.0196013209757695,0.0196013209757695,0.000384211783995141,1.42359593574637,1.62528771190096,1,2.00272385491706,0.202723854917059,0.202723854917059,0.202723854917059,0.0410969613524328,1.75999411713796,2.16468271529902,1
28,"n600-b1_1-b2_2p8-b3_2p8",600,7,277,1,1,0,1.029619,1.029619,1.5,1.8,1,1.3,0.0966666666666667,176,98,217,109,FALSE,NA,TRUE,NA,-0.179618302366156,-0.179618302366156,0.179618302366156,0.179618302366156,0.0322627345448997,-0.490412798706993,0.12929317659718,1,0.925113779066565,-0.104505220933435,0.104505220933435,0.104505220933435,0.0109213412023461,0.666407228802838,1.19050928704144,1,1.19132252837416,0.161703528374163,0.161703528374163,0.161703528374163,0.0261480310886537,0.806272527770198,1.56821509291289,1,1.50606154466542,0.00606154466542042,0.00606154466542042,0.00606154466542042,3.67423237308867e-05,1.44055372674548,1.71787164027308,1,1.83050759345311,0.0305075934531067,0.0305075934531067,0.0305075934531067,0.00093071325830004,1.70380626757311,1.97408372106377,1
28,"n600-b1_1-b2_2p8-b3_2p8",600,8,278,1,1,0,1.029619,1.029619,1.5,1.8,1,1.3,0.0916666666666667,189,112,199,100,FALSE,NA,TRUE,NA,0.0384193580820608,0.0384193580820608,0.0384193580820608,0.0384193580820608,0.00147604707543761,-0.266268663666108,0.34830812613658,1,1.06353251206053,0.0339135120605276,0.0339135120605276,0.0339135120605276,0.00115012630027955,0.789808656379579,1.34158553470367,1,0.893878554732159,-0.135740445267841,0.135740445267841,0.135740445267841,0.0184254684815117,0.519553205869764,1.26790831785178,1,1.49688738038559,-0.00311261961440512,0.00311261961440512,0.00311261961440512,9.68840086397948e-06,1.40574723054851,1.60649324272442,1,1.87231100015035,0.0723110001503529,0.0723110001503529,0.0723110001503529,0.00522888074274433,1.75323304610411,2.0037416662882,1
28,"n600-b1_1-b2_2p8-b3_2p8",600,9,279,1,1,0,1.029619,1.029619,1.5,1.8,1,1.3,0.103333333333333,197,111,195,97,FALSE,NA,TRUE,NA,-0.166871518575223,-0.166871518575223,0.166871518575223,0.166871518575223,0.0278461037116011,-0.479614760261996,0.148653934469467,1,0.73647977244815,-0.29313922755185,0.29313922755185,0.29313922755185,0.0859306067296951,0.463475632688893,1.01473953965116,0,1.3337176051627,0.3040986051627,0.3040986051627,0.3040986051627,0.0924759616618995,0.945624332542616,1.71978273788075,1,1.55811536964817,0.0581153696481724,0.0581153696481724,0.0581153696481724,0.00337739618934372,1.45870265069775,1.71264948283983,1,1.85892499588074,0.0589249958807401,0.0589249958807401,0.0589249958807401,0.00347215513954523,1.78557283546088,2.02423846912592,1
28,"n600-b1_1-b2_2p8-b3_2p8",600,10,280,1,1,0,1.029619,1.029619,1.5,1.8,1,1.3,0.0683333333333334,218,91,192,99,FALSE,NA,TRUE,NA,-0.12827521619252,-0.12827521619252,0.12827521619252,0.12827521619252,0.0164545310892378,-0.448377378759862,0.191859434484163,1,0.822749561347612,-0.206869438652388,0.206869438652388,0.206869438652388,0.0427949646483543,0.559910225715247,1.0961205950598,1,1.29586815824859,0.266249158248587,0.266249158248587,0.266249158248587,0.0708886142680812,0.908238820623487,1.68818971546051,1,1.48380291311258,-0.0161970868874159,0.0161970868874159,0.0161970868874159,0.000262345623638502,1.45302658404315,1.54371735536167,1,1.79625131602022,-0.00374868397978445,0.00374868397978445,0.00374868397978445,1.40526315802926e-05,1.75255086423636,1.86310107452587,1
29,"n600-b1_1-b2_2p8-b3_2p8",600,1,281,1,1,0,1.029619,1.029619,1.5,1.8,1,1.3,0.0866666666666667,221,100,190,89,FALSE,NA,TRUE,NA,-0.208003322842762,-0.208003322842762,0.208003322842762,0.208003322842762,0.0432653823136305,-0.529764253367664,0.113861065876778,1,0.852646758551127,-0.176972241448873,0.176972241448873,0.176972241448873,0.0313191742434383,0.576711124699367,1.13129051310974,1,1.13867779979204,0.109058799792038,0.109058799792038,0.109058799792038,0.0118938218120799,0.754456209021544,1.52099746095787,1,1.47231344689132,-0.0276865531086781,0.0276865531086781,0.0276865531086781,0.000766545223039651,1.43022823568155,1.54237241921384,1,1.79212582113027,-0.00787417886972896,0.00787417886972896,0.00787417886972896,6.20026928724861e-05,1.73329113644424,1.8493628966651,1
29,"n600-b1_1-b2_2p8-b3_2p8",600,2,282,1,1,0,1.029619,1.029619,1.5,1.8,1,1.3,0.085,196,103,197,104,FALSE,NA,TRUE,NA,-0.0773375700105096,-0.0773375700105096,0.0773375700105096,0.0773375700105096,0.00598109973513047,-0.384106745719365,0.23578740515399,1,0.95752407395657,-0.0720949260434298,0.0720949260434298,0.0720949260434298,0.00519767836120761,0.689738690884489,1.23281629869433,1,1.16925005762959,0.139631057629587,0.139631057629587,0.139631057629587,0.019496832254757,0.785033363674683,1.54835726199467,1,1.51363529352989,0.0136352935298893,0.0136352935298893,0.0136352935298893,0.000185921229646242,1.29384994685552,2.01530874963758,1,1.79810541488555,-0.00189458511444762,0.00189458511444762,0.00189458511444762,3.58945275588651e-06,1.63016150541526,2.2127566626184,1
29,"n600-b1_1-b2_2p8-b3_2p8",600,3,283,1,1,0,1.029619,1.029619,1.5,1.8,1,1.3,0.0916666666666667,202,94,195,109,FALSE,NA,TRUE,NA,0.0814545187577589,0.0814545187577589,0.0814545187577589,0.0814545187577589,0.0066348386260581,-0.236307583469591,0.394551718140816,1,1.20663394089577,0.177014940895774,0.177014940895774,0.177014940895774,0.0313342893003343,0.933153298383442,1.49008912479208,1,0.955860780891587,-0.0737582191084132,0.0737582191084132,0.0737582191084132,0.00544027488604469,0.576193904267271,1.34208648075985,1,1.55244866992705,0.0524486699270474,0.0524486699270474,0.0524486699270474,0.00275086297711637,1.41349133479612,1.67847107755423,1,1.77932776635317,-0.0206722336468339,0.0206722336468339,0.0206722336468339,0.000427341243949292,1.71919417884192,1.85975250759134,1
29,"n600-b1_1-b2_2p8-b3_2p8",600,4,284,1,1,0,1.029619,1.029619,1.5,1.8,1,1.3,0.0933333333333334,176,116,211,97,FALSE,NA,TRUE,NA,-0.0914300576258308,-0.0914300576258308,0.0914300576258308,0.0914300576258308,0.00835945543746275,-0.397363546208455,0.216930219182805,1,0.747491053859529,-0.282127946140471,0.282127946140471,0.282127946140471,0.0795961779934406,0.479520022237076,1.02229000168448,0,1.02096612817124,-0.00865287182875751,0.00865287182875751,0.00865287182875751,7.48721908849054e-05,0.644858032785401,1.39287874517852,1,1.4946290473901,-0.00537095260989573,0.00537095260989573,0.00537095260989573,2.88471319377457e-05,1.41789458601775,1.73728489248893,1,1.72977579765888,-0.0702242023411161,0.0702242023411161,0.0702242023411161,0.00493143859444602,1.65325519948435,1.86887745342144,1
29,"n600-b1_1-b2_2p8-b3_2p8",600,5,285,1,1,0,1.029619,1.029619,1.5,1.8,1,1.3,0.0933333333333334,227,95,187,91,FALSE,NA,TRUE,NA,-0.0647852695888146,-0.0647852695888146,0.0647852695888146,0.0647852695888146,0.00419713115569539,-0.402740778099979,0.27473347332681,1,1.04341729304911,0.0137982930491063,0.0137982930491063,0.0137982930491063,0.000190392891069015,0.753780350515834,1.34114372546572,1,1.10094236896439,0.0713233689643906,0.0713233689643906,0.0713233689643906,0.0050870229604306,0.706369532555947,1.50171973831025,1,1.49438294059532,-0.00561705940468382,0.00561705940468382,0.00561705940468382,3.1551356355747e-05,1.42777840231856,1.62635489205985,1,1.78343167571088,-0.0165683242891164,0.0165683242891164,0.0165683242891164,0.000274509369749323,1.73602365802422,1.87741728911702,1
29,"n600-b1_1-b2_2p8-b3_2p8",600,6,286,1,1,0,1.029619,1.029619,1.5,1.8,1,1.3,0.09,202,105,208,85,FALSE,NA,TRUE,NA,-0.122159668927013,-0.122159668927013,0.122159668927013,0.122159668927013,0.0149229847123575,-0.447380215539461,0.203510550812421,1,0.898493127595849,-0.131125872404152,0.131125872404152,0.131125872404152,0.0171939944137498,0.621903931278652,1.18110682563809,1,1.21385316219689,0.18423416219689,0.18423416219689,0.18423416219689,0.0339422265203899,0.826407765401361,1.60067044614134,1,1.46781207116627,-0.0321879288337346,0.0321879288337346,0.0321879288337346,0.00103606276260556,1.37625627544148,1.5425340974716,1,1.79397706918749,-0.00602293081250971,0.00602293081250971,0.00602293081250971,3.62756955722789e-05,1.718404379444,1.92626016654716,1
29,"n600-b1_1-b2_2p8-b3_2p8",600,7,287,1,1,0,1.029619,1.029619,1.5,1.8,1,1.3,0.0883333333333334,202,93,188,117,FALSE,NA,TRUE,NA,-0.308658945851668,-0.308658945851668,0.308658945851668,0.308658945851668,0.0952703448542628,-0.622891187520367,0.000267588320545187,1,0.989728349509062,-0.0398906504909379,0.0398906504909379,0.0398906504909379,0.00159126399659016,0.730190314266302,1.25629342758191,1,1.46461292144737,0.434993921447366,0.434993921447366,0.434993921447366,0.189219711696158,1.0800619062601,1.84893272637707,0,1.56915741333007,0.0691574133300699,0.0691574133300699,0.0691574133300699,0.00478274781850612,1.49373293885375,1.6720842096239,1,1.82986703368903,0.0298670336890294,0.0298670336890294,0.0298670336890294,0.000892039701381619,1.80044018055018,1.87376258543617,0
29,"n600-b1_1-b2_2p8-b3_2p8",600,8,288,1,1,0,1.029619,1.029619,1.5,1.8,1,1.3,0.08,204,104,192,100,FALSE,NA,TRUE,NA,-0.0275040685208782,-0.0275040685208782,0.0275040685208782,0.0275040685208782,0.000756473785201163,-0.337410859193314,0.279898226654508,1,0.904243490857756,-0.125375509142244,0.125375509142244,0.125375509142244,0.015719018292677,0.629260585072978,1.18067273487367,1,0.957662820713563,-0.0719561792864372,0.0719561792864372,0.0719561792864372,0.00517769173750189,0.58322394857587,1.3322499696962,1,1.55154878239448,0.0515487823944805,0.0515487823944805,0.0515487823944805,0.0026572769663535,1.48672092692335,1.67343620345439,1,1.87106529298261,0.0710652929826072,0.0710652929826072,0.0710652929826072,0.0050502758667038,1.7809309687458,1.97161711909136,1
29,"n600-b1_1-b2_2p8-b3_2p8",600,9,289,1,1,0,1.029619,1.029619,1.5,1.8,1,1.3,0.101666666666667,207,94,198,101,FALSE,NA,TRUE,NA,0.08257870920007,0.08257870920007,0.08257870920007,0.08257870920007,0.00681924321314973,-0.238750282429828,0.397847655486123,1,0.913650181241432,-0.115968818758568,0.115968818758568,0.115968818758568,0.0134487669242576,0.64009015464077,1.19292137598204,1,0.800217172986306,-0.229401827013694,0.229401827013694,0.229401827013694,0.0526251982372208,0.421319440139432,1.17960895400765,1,1.50660775015349,0.00660775015348847,0.00660775015348847,0.00660775015348847,4.36623620909269e-05,1.42945366735976,1.64484579429394,1,1.87356448330602,0.0735644833060218,0.0735644833060218,0.0735644833060218,0.00541173320408197,1.76777893389405,2.18378660050508,1
29,"n600-b1_1-b2_2p8-b3_2p8",600,10,290,1,1,0,1.029619,1.029619,1.5,1.8,1,1.3,0.0866666666666667,185,114,218,83,FALSE,NA,TRUE,NA,-0.176258647568906,-0.176258647568906,0.176258647568906,0.176258647568906,0.0310671108428196,-0.495732298130831,0.141133986395736,1,0.900186464432642,-0.129432535567358,0.129432535567358,0.129432535567358,0.0167527812633955,0.623791195800888,1.18679092020658,1,1.31095705812619,0.281338058126195,0.281338058126195,0.281338058126195,0.0791511029502182,0.925782070032863,1.69463156177812,1,1.43772852685155,-0.0622714731484542,0.0622714731484542,0.0622714731484542,0.00387773636807865,1.36385863970109,1.53183840993305,1,1.76251231295019,-0.0374876870498078,0.0374876870498078,0.0374876870498078,0.00140532668034432,1.61382190171662,1.89820898375534,1
30,"n600-b1_1-b2_2p8-b3_2p8",600,1,291,1,1,0,1.029619,1.029619,1.5,1.8,1,1.3,0.105,199,109,197,95,FALSE,NA,TRUE,NA,-0.106001495964757,-0.106001495964757,0.106001495964757,0.106001495964757,0.0112363171467665,-0.418012703232717,0.210977185401341,1,1.05887921541966,0.0292602154196642,0.0292602154196642,0.0292602154196642,0.000856160206405153,0.774259516948644,1.34989550611775,1,1.09575832077442,0.0661393207744183,0.0661393207744183,0.0661393207744183,0.0043744097525014,0.705609829671658,1.48074583146089,1,1.58263412243857,0.0826341224385707,0.0826341224385707,0.0826341224385707,0.0068283981911927,1.52086595715356,1.65117672819332,0,1.87548001149461,0.0754800114946135,0.0754800114946135,0.0754800114946135,0.00569723213522698,1.79274516034883,2.05904647142421,1
30,"n600-b1_1-b2_2p8-b3_2p8",600,2,292,1,1,0,1.029619,1.029619,1.5,1.8,1,1.3,0.115,202,107,196,95,FALSE,NA,TRUE,NA,-0.0995003057505085,-0.0995003057505085,0.0995003057505085,0.0995003057505085,0.00990031084444467,-0.417545392146204,0.224970158195926,1,0.984166682908976,-0.0454523170910239,0.0454523170910239,0.0454523170910239,0.00206591312894299,0.699416598520157,1.27459084330378,1,1.13165019538195,0.102031195381949,0.102031195381949,0.102031195381949,0.0104103648310696,0.746985264496885,1.52103423823723,1,1.64418831215717,0.144188312157171,0.144188312157171,0.144188312157171,0.0207902693627338,1.50220862302755,1.87593632172573,0,2.04008323774236,0.240083237742358,0.240083237742358,0.240083237742358,0.0576399610448537,1.56915691031892,2.41282255385656,1
30,"n600-b1_1-b2_2p8-b3_2p8",600,3,293,1,1,0,1.029619,1.029619,1.5,1.8,1,1.3,0.1,196,97,212,95,FALSE,NA,TRUE,NA,-0.0710233726752319,-0.0710233726752319,0.0710233726752319,0.0710233726752319,0.00504431946616488,-0.399226038236527,0.261187283687153,1,1.19892780684436,0.169308806844362,0.169308806844362,0.169308806844362,0.0286654720750615,0.91576892477206,1.49257632803625,1,1.17631930099902,0.14670030099902,0.14670030099902,0.14670030099902,0.021520978313203,0.780168313984117,1.57424619988037,1,1.53906368974283,0.0390636897428294,0.0390636897428294,0.0390636897428294,0.00152597185632403,1.4060845443504,1.68173910611069,1,1.82627927408175,0.0262792740817541,0.0262792740817541,0.0262792740817541,0.000690600246263954,1.7477461465619,1.91273684212388,1
30,"n600-b1_1-b2_2p8-b3_2p8",600,4,294,1,1,0,1.029619,1.029619,1.5,1.8,1,1.3,0.106666666666667,196,99,199,106,FALSE,NA,TRUE,NA,0.198279677547376,0.198279677547376,0.198279677547376,0.198279677547376,0.0393148305282916,-0.118412904652722,0.515922174543398,1,1.22997980323249,0.200360803232487,0.200360803232487,0.200360803232487,0.0401444514719673,0.950158605315322,1.51355978009351,1,0.750018090279364,-0.279600909720636,0.279600909720636,0.279600909720636,0.0781766687166072,0.374520846977799,1.13328873344811,1,1.49821787160199,-0.00178212839801062,0.00178212839801062,0.00178212839801062,3.17598162699589e-06,1.47879834735135,1.53693438354431,1,1.79073585417576,-0.00926414582424395,0.00926414582424395,0.00926414582424395,8.58243978528567e-05,1.76337947046222,1.82079682768587,1
30,"n600-b1_1-b2_2p8-b3_2p8",600,5,295,1,1,0,1.029619,1.029619,1.5,1.8,1,1.3,0.0866666666666667,184,111,221,84,FALSE,NA,TRUE,NA,-0.0125187460687339,-0.0125187460687339,0.0125187460687339,0.0125187460687339,0.000156719003133441,-0.333255041028147,0.307384184691078,1,0.876327899521551,-0.153291100478449,0.153291100478449,0.153291100478449,0.0234981614858941,0.599932571561266,1.16102647339328,1,1.11560781932513,0.0859888193251337,0.0859888193251337,0.0859888193251337,0.00739407704893049,0.726580370257391,1.49967068885845,1,1.59272585618649,0.092725856186491,0.092725856186491,0.092725856186491,0.00859808440551781,1.4714642462111,1.71319626135745,1,1.89668128948288,0.0966812894828832,0.0966812894828832,0.0966812894828832,0.00934727173607307,1.78758974580993,2.02522721375551,1
30,"n600-b1_1-b2_2p8-b3_2p8",600,6,296,1,1,0,1.029619,1.029619,1.5,1.8,1,1.3,0.09,212,94,203,91,FALSE,NA,TRUE,NA,0.154315899294893,0.154315899294893,0.154315899294893,0.154315899294893,0.0238133967751914,-0.177691124245979,0.483113496776168,1,1.13272170602923,0.103102706029234,0.103102706029234,0.103102706029234,0.0106301679905507,0.85157831454268,1.42506184380914,1,0.96171939620799,-0.0678996037920101,0.0678996037920101,0.0678996037920101,0.00461035619511195,0.574681786651559,1.35061044754848,1,1.5197267590377,0.0197267590376957,0.0197267590376957,0.0197267590376957,0.00038914502213131,1.4317806556896,1.69217126528097,1,1.82968879510236,0.0296887951023646,0.0296887951023646,0.0296887951023646,0.000881424554630185,1.69473693390157,2.13597356458073,1
30,"n600-b1_1-b2_2p8-b3_2p8",600,7,297,1,1,0,1.029619,1.029619,1.5,1.8,1,1.3,0.1,190,101,200,109,FALSE,NA,TRUE,NA,0.0389695940863716,0.0389695940863716,0.0389695940863716,0.0389695940863716,0.00151862926325657,-0.274443802319172,0.349111837138802,1,0.91942354523853,-0.11019545476147,0.11019545476147,0.11019545476147,0.0121430382500872,0.650875985345615,1.19295249222814,1,0.990052623445934,-0.0395663765540659,0.0395663765540659,0.0395663765540659,0.00156549815361814,0.610938106400094,1.37431138788868,1,1.4822917536236,-0.0177082463763969,0.0177082463763969,0.0177082463763969,0.000313581989727174,1.45585732119222,1.53598407201576,1,1.80045612806825,0.000456128068248907,0.000456128068248907,0.000456128068248907,2.08052814644479e-07,1.77341446599107,1.85072760527942,1
30,"n600-b1_1-b2_2p8-b3_2p8",600,8,298,1,1,0,1.029619,1.029619,1.5,1.8,1,1.3,0.115,211,85,196,108,FALSE,NA,TRUE,NA,-0.0877884518960159,-0.0877884518960159,0.0877884518960159,0.0877884518960159,0.0077068122862991,-0.431546702872026,0.256935624037218,1,1.08034657963234,0.050727579632337,0.050727579632337,0.050727579632337,0.00257328733535509,0.800269785133912,1.3649368755105,1,1.2403353718267,0.210716371826697,0.210716371826697,0.210716371826697,0.044401389355807,0.833037796860427,1.64824814618476,1,1.45983625220968,-0.0401637477903172,0.0401637477903172,0.0401637477903172,0.00161312663656421,1.37690544802103,1.53613718294366,1,1.74824857226394,-0.0517514277360553,0.0517514277360553,0.0517514277360553,0.00267821027272016,1.64874163085535,1.81491480892677,1
30,"n600-b1_1-b2_2p8-b3_2p8",600,9,299,1,1,0,1.029619,1.029619,1.5,1.8,1,1.3,0.0883333333333334,205,111,183,101,FALSE,NA,TRUE,NA,-0.203880369167682,-0.203880369167682,0.203880369167682,0.203880369167682,0.0415672049319502,-0.516078471713345,0.100946459063035,1,0.808066131633481,-0.221552868366519,0.221552868366519,0.221552868366519,0.0490856734814321,0.542883034275911,1.07552193544769,1,1.32493029838262,0.295311298382624,0.295311298382624,0.295311298382624,0.0872087629524313,0.947706802451182,1.70028248339212,1,1.4730211309566,-0.0269788690434007,0.0269788690434007,0.0269788690434007,0.000727859374860967,1.38247173986854,1.56080968401039,1,1.81570018243629,0.0157001824362892,0.0157001824362892,0.0157001824362892,0.000246495728532765,1.74617033765008,1.89959404084077,1
30,"n600-b1_1-b2_2p8-b3_2p8",600,10,300,1,1,0,1.029619,1.029619,1.5,1.8,1,1.3,0.0983333333333334,202,103,188,107,FALSE,NA,TRUE,NA,0.130826957331543,0.130826957331543,0.130826957331543,0.130826957331543,0.0171156927646293,-0.180177423492425,0.44449380696474,1,1.09523117280653,0.0656121728065333,0.0656121728065333,0.0656121728065333,0.00430495722039439,0.817286586745971,1.37994202490206,1,0.809416439435182,-0.220202560564818,0.220202560564818,0.220202560564818,0.0484891676793022,0.429534212498904,1.18860395284388,1,1.49769371878675,-0.00230628121325238,0.00230628121325238,0.00230628121325238,5.31893303460088e-06,1.41141547104207,1.62534954170211,1,1.75994125674723,-0.0400587432527697,0.0400587432527697,0.0400587432527697,0.00160470291099132,1.71462259807531,1.85442654471901,1
31,"n600-b1_1-b2_2p8-b3_2p8",600,1,301,1,1,0,1.029619,1.029619,1.5,1.8,1,1.3,0.095,224,100,189,87,FALSE,NA,TRUE,NA,-0.124236656421545,-0.124236656421545,0.124236656421545,0.124236656421545,0.0154347467988049,-0.460543954056323,0.209398033881632,1,0.853483493808037,-0.176135506191963,0.176135506191963,0.176135506191963,0.031023716541499,0.565905620199078,1.14675691203432,1,1.27598141130963,0.246362411309627,0.246362411309627,0.246362411309627,0.0606944377062939,0.878418692584328,1.67775616539836,1,1.50888108880787,0.00888108880787031,0.00888108880787031,0.00888108880787031,7.88737384132792e-05,1.49834322530412,1.55458194525158,1,1.81887482606826,0.018874826068259,0.018874826068259,0.018874826068259,0.000356259059107028,1.7796929217029,1.87615309512427,1
31,"n600-b1_1-b2_2p8-b3_2p8",600,2,302,1,1,0,1.029619,1.029619,1.5,1.8,1,1.3,0.0933333333333334,194,100,194,112,FALSE,NA,TRUE,NA,-0.0453491181735565,-0.0453491181735565,0.0453491181735565,0.0453491181735565,0.00205654251911919,-0.351737249395882,0.261858796816749,1,0.976857417102124,-0.0527615828978758,0.0527615828978758,0.0527615828978758,0.00278378462988942,0.715748466327867,1.24152625065962,1,1.05775413822213,0.0281351382221338,0.0281351382221338,0.0281351382221338,0.000791586002778572,0.688183411019652,1.43796401832963,1,1.46446128187112,-0.03553871812888,0.03553871812888,0.03553871812888,0.00126300048624398,1.37015838559496,1.57812528557425,1,1.79098142125178,-0.0090185787482171,0.0090185787482171,0.0090185787482171,8.13347626377931e-05,1.70870945896523,1.90704787655465,1
31,"n600-b1_1-b2_2p8-b3_2p8",600,3,303,1,1,0,1.029619,1.029619,1.5,1.8,1,1.3,0.0933333333333334,181,89,204,126,FALSE,NA,TRUE,NA,0.132159665822635,0.132159665822635,0.132159665822635,0.132159665822635,0.0174661772703506,-0.181755649090561,0.438223244403324,1,0.985838336903877,-0.0437806630961234,0.0437806630961234,0.0437806630961234,0.00191674646113626,0.733001126082386,1.24057068298838,1,0.902160348579502,-0.127458651420498,0.127458651420498,0.127458651420498,0.016245707821932,0.526693276183202,1.28605318370092,1,1.60277245185114,0.102772451851136,0.102772451851136,0.102772451851136,0.0105621768594941,1.51818861651371,1.94168887007553,0,1.79742723803599,-0.00257276196401413,0.00257276196401413,0.00257276196401413,6.61910412347782e-06,1.74667298862675,1.9353548444083,1
31,"n600-b1_1-b2_2p8-b3_2p8",600,4,304,1,1,0,1.029619,1.029619,1.5,1.8,1,1.3,0.0866666666666667,196,107,209,88,FALSE,NA,TRUE,NA,0.127043188181081,0.127043188181081,0.127043188181081,0.127043188181081,0.0161399716632134,-0.195399034869334,0.454667042668298,1,0.963670696279083,-0.065948303720917,0.065948303720917,0.065948303720917,0.00434917876366631,0.678701725505054,1.25307376475625,1,0.941608577919716,-0.0880104220802843,0.0880104220802843,0.0880104220802843,0.0077458343947498,0.551352662473191,1.3290847650682,1,1.64882012006522,0.148820120065216,0.148820120065216,0.148820120065216,0.0221474281362254,1.50758398057495,1.86744975249652,0,1.74092587117763,-0.059074128822368,0.059074128822368,0.059074128822368,0.00348975269612172,1.66530284785446,1.84361566026088,1
31,"n600-b1_1-b2_2p8-b3_2p8",600,5,305,1,1,0,1.029619,1.029619,1.5,1.8,1,1.3,0.085,191,109,201,99,FALSE,NA,TRUE,NA,-0.0280588475964387,-0.0280588475964387,0.0280588475964387,0.0280588475964387,0.000787298928440173,-0.334739190751183,0.279084550246041,1,1.07000953901034,0.0403905390103423,0.0403905390103423,0.0403905390103423,0.00163139564154598,0.790504319637174,1.35356908120985,1,0.857583925138646,-0.172035074861354,0.172035074861354,0.172035074861354,0.0295960669825517,0.48558575629427,1.22914138374594,1,1.46291112514894,-0.0370888748510587,0.0370888748510587,0.0370888748510587,0.0013755846377175,1.39055351179275,1.55331244186629,1,1.78576032123694,-0.014239678763057,0.014239678763057,0.014239678763057,0.000202768451275056,1.69981403212298,1.8717424028507,1
31,"n600-b1_1-b2_2p8-b3_2p8",600,6,306,1,1,0,1.029619,1.029619,1.5,1.8,1,1.3,0.11,201,99,185,115,FALSE,NA,TRUE,NA,-0.0629423054328,-0.0629423054328,0.0629423054328,0.0629423054328,0.00396173381319588,-0.375349455078131,0.248187863572422,1,0.911547810826897,-0.118071189173104,0.118071189173104,0.118071189173104,0.0139408057127508,0.647186700576892,1.18162350578244,1,1.29850215384383,0.268883153843834,0.268883153843834,0.268883153843834,0.0722981504210068,0.916807071192878,1.68678608815938,1,1.54014098462839,0.0401409846283911,0.0401409846283911,0.0401409846283911,0.00161129864693673,1.49251418898396,1.60749205724902,1,1.88831537368337,0.0883153736833682,0.0883153736833682,0.0883153736833682,0.00779960522883296,1.73496100013622,2.00706070793365,1
31,"n600-b1_1-b2_2p8-b3_2p8",600,7,307,1,1,0,1.029619,1.029619,1.5,1.8,1,1.3,0.125,179,110,193,118,FALSE,NA,TRUE,NA,-0.210417084455801,-0.210417084455801,0.210417084455801,0.210417084455801,0.0442753494308796,-0.51974041375429,0.102107508044548,1,0.839275546948598,-0.190343453051402,0.190343453051402,0.190343453051402,0.0362306301195312,0.583706633939482,1.09659362844498,1,1.25799183005959,0.228372830059589,0.228372830059589,0.228372830059589,0.0521541495094261,0.876181188269212,1.63880121451757,1,1.54759617206539,0.0475961720653921,0.0475961720653921,0.0475961720653921,0.00226539559527841,1.49377340430052,1.70537832866407,1,1.85434668262287,0.0543466826228667,0.0543466826228667,0.0543466826228667,0.0029535619121106,1.76965878022944,2.00281221472878,1
31,"n600-b1_1-b2_2p8-b3_2p8",600,8,308,1,1,0,1.029619,1.029619,1.5,1.8,1,1.3,0.0883333333333334,188,111,202,99,FALSE,NA,TRUE,NA,-0.103031327410326,-0.103031327410326,0.103031327410326,0.103031327410326,0.0106154544279337,-0.411672786075463,0.211846819763589,1,1.00915101215757,-0.020467987842429,0.020467987842429,0.020467987842429,0.000418938526317821,0.743429040245018,1.28629894867878,1,1.18062429527943,0.151005295279427,0.151005295279427,0.151005295279427,0.0228025992024269,0.800086006212384,1.55851406009238,1,1.50918660566357,0.00918660566356833,0.00918660566356833,0.00918660566356833,8.43937236179056e-05,1.4745735605191,1.57548860358715,1,1.82596091246101,0.0259609124610096,0.0259609124610096,0.0259609124610096,0.000673968975808205,1.77467863306761,1.9337392602681,1
31,"n600-b1_1-b2_2p8-b3_2p8",600,9,309,1,1,0,1.029619,1.029619,1.5,1.8,1,1.3,0.0916666666666667,205,106,205,84,FALSE,NA,TRUE,NA,-0.173814703503844,-0.173814703503844,0.173814703503844,0.173814703503844,0.0302115511541292,-0.511068038040306,0.159915849741989,1,0.898869524727207,-0.130749475272793,0.130749475272793,0.130749475272793,0.0170954252841107,0.613282279995132,1.19176837810399,1,1.07249892689399,0.042879926893989,0.042879926893989,0.042879926893989,0.00183868813043384,0.675440171679682,1.46846333306663,1,1.47406621585862,-0.0259337841413785,0.0259337841413785,0.0259337841413785,0.000672561159891614,1.26314479491471,1.58155940798155,1,1.78053988491906,-0.0194601150809361,0.0194601150809361,0.0194601150809361,0.000378696078963278,1.7154476647211,1.85078154404684,1
31,"n600-b1_1-b2_2p8-b3_2p8",600,10,310,1,1,0,1.029619,1.029619,1.5,1.8,1,1.3,0.115,185,111,209,95,FALSE,NA,TRUE,NA,-0.22837219090575,-0.22837219090575,0.22837219090575,0.22837219090575,0.0521538575790922,-0.548988761226901,0.0903650807354541,1,0.937642917462165,-0.0919760825378351,0.0919760825378351,0.0919760825378351,0.00845959975900665,0.660127554585943,1.22333876299133,1,1.37606322130781,0.346444221307807,0.346444221307807,0.346444221307807,0.120023598477573,0.98104488360945,1.77182374288196,1,1.74127179122884,0.24127179122884,0.24127179122884,0.24127179122884,0.0582120772427729,1.45244186663925,1.95923870976413,1,1.74647318655629,-0.053526813443707,0.053526813443707,0.053526813443707,0.00286511975743741,1.58309469870167,1.89269359385334,1
32,"n600-b1_1-b2_2p8-b3_2p8",600,1,311,1,1,0,1.029619,1.029619,1.5,1.8,1,1.3,0.09,192,90,211,107,FALSE,NA,TRUE,NA,-0.00282175211400605,-0.00282175211400605,0.00282175211400605,0.00282175211400605,7.96228499289761e-06,-0.334140671994105,0.326327003514914,1,1.12292936941412,0.0933103694141197,0.0933103694141197,0.0933103694141197,0.00870682504019949,0.847090396301816,1.40370131235885,1,0.952454248359131,-0.0771647516408687,0.0771647516408687,0.0771647516408687,0.00595439889579694,0.565890932659742,1.33916499262362,1,1.52506359949992,0.0250635994999204,0.0250635994999204,0.0250635994999204,0.000628184019892412,1.46334054701832,1.6680603717448,1,1.78264363251529,-0.0173563674847086,0.0173563674847086,0.0173563674847086,0.00030124349226425,1.6907803454035,1.86737229943061,1
32,"n600-b1_1-b2_2p8-b3_2p8",600,2,312,1,1,0,1.029619,1.029619,1.5,1.8,1,1.3,0.106666666666667,200,95,204,101,FALSE,NA,TRUE,NA,0.189255047620346,0.189255047620346,0.189255047620346,0.189255047620346,0.0358174730497794,-0.151486801237882,0.52475936597268,1,1.34456085296684,0.314941852966841,0.314941852966841,0.314941852966841,0.0991883707501872,1.05058538653401,1.64472637539031,0,0.856903108450938,-0.172715891549063,0.172715891549063,0.172715891549063,0.0298307791935875,0.460226110428493,1.26270989361604,1,1.45170615243723,-0.0482938475627701,0.0482938475627701,0.0482938475627701,0.00233229571241608,1.38176225208411,1.55127863169948,1,1.72522935987572,-0.0747706401242809,0.0747706401242809,0.0747706401242809,0.00559064862459473,1.65996339984296,1.81442826724191,1
32,"n600-b1_1-b2_2p8-b3_2p8",600,3,313,1,1,0,1.029619,1.029619,1.5,1.8,1,1.3,0.0983333333333334,210,91,190,109,FALSE,NA,TRUE,NA,0.0287893960268686,0.0287893960268686,0.0287893960268686,0.0287893960268686,0.000828829323591878,-0.285681398187529,0.343863944205961,1,0.930863740740015,-0.0987552592599851,0.0987552592599851,0.0987552592599851,0.00975260123150687,0.662318510918498,1.20812145085521,1,1.15829689996581,0.128677899965808,0.128677899965808,0.128677899965808,0.0165580019396104,0.781153215892816,1.54640316795498,1,1.52331269679344,0.0233126967934414,0.0233126967934414,0.0233126967934414,0.000543481831782932,1.39229542531973,1.65144243923113,1,1.7852608396186,-0.0147391603813991,0.0147391603813991,0.0147391603813991,0.000217242848748605,1.75106143040066,1.88013552425519,1
32,"n600-b1_1-b2_2p8-b3_2p8",600,4,314,1,1,0,1.029619,1.029619,1.5,1.8,1,1.3,0.0833333333333334,211,98,198,93,FALSE,NA,TRUE,NA,-0.366392972003139,-0.366392972003139,0.366392972003139,0.366392972003139,0.134243809933293,-0.696492182386637,-0.0300297322088657,0,0.874499036770347,-0.155119963229653,0.155119963229653,0.155119963229653,0.024062202992369,0.594289890223578,1.16507868586915,1,1.47041383770171,0.440794837701713,0.440794837701713,0.440794837701713,0.194300088944479,1.0723113869575,1.86963476489142,0,1.34558802129402,-0.154411978705984,0.154411978705984,0.154411978705984,0.0238430591678973,1.25877529465992,1.52685252037318,1,1.78819361467192,-0.0118063853280816,0.0118063853280816,0.0118063853280816,0.000139390734515142,1.75450263439995,1.86739370300718,1
32,"n600-b1_1-b2_2p8-b3_2p8",600,5,315,1,1,0,1.029619,1.029619,1.5,1.8,1,1.3,0.095,228,101,189,82,FALSE,NA,TRUE,NA,0.142819576711275,0.142819576711275,0.142819576711275,0.142819576711275,0.0203974314919878,-0.196480373125998,0.48850565416379,1,1.1737788369282,0.144159836928195,0.144159836928195,0.144159836928195,0.0207820585831638,0.869525906658069,1.48576276688911,1,0.894534654535177,-0.135084345464824,0.135084345464824,0.135084345464824,0.0182477803896598,0.491299620504543,1.29772141690119,1,1.52420878114113,0.0242087811411305,0.0242087811411305,0.0242087811411305,0.000586065084339153,1.49194202086012,1.57241340519442,1,1.83972972794258,0.0397297279425792,0.0397297279425792,0.0397297279425792,0.00157845128239136,1.80146277508857,1.89992942873781,0
32,"n600-b1_1-b2_2p8-b3_2p8",600,6,316,1,1,0,1.029619,1.029619,1.5,1.8,1,1.3,0.116666666666667,204,113,185,98,FALSE,NA,TRUE,NA,-0.213717016555617,-0.213717016555617,0.213717016555617,0.213717016555617,0.0456749631654337,-0.542047994226197,0.107206830591625,1,0.923304870202928,-0.106314129797072,0.106314129797072,0.106314129797072,0.0113026941945088,0.649343008914476,1.21193781997961,1,1.22102982103058,0.191410821030581,0.191410821030581,0.191410821030581,0.0366381024076012,0.824852122259876,1.61808398160049,1,1.2650733080233,-0.234926691976704,0.234926691976704,0.234926691976704,0.0551905506031171,1.20404661250061,1.35356226039303,0,1.64012199297551,-0.159878007024492,0.159878007024492,0.159878007024492,0.0255609771301235,1.58918364385269,1.69962495688104,0
32,"n600-b1_1-b2_2p8-b3_2p8",600,7,317,1,1,0,1.029619,1.029619,1.5,1.8,1,1.3,0.101666666666667,198,95,196,111,FALSE,NA,TRUE,NA,-0.0267622270099177,-0.0267622270099177,0.0267622270099177,0.0267622270099177,0.00071621679453037,-0.350569885765214,0.296379392861335,1,0.854370597591282,-0.175248402408718,0.175248402408718,0.175248402408718,0.0307120025468081,0.594270885960074,1.12600031598309,1,1.14971309450101,0.120094094501014,0.120094094501014,0.120094094501014,0.0144225915340184,0.758407681866502,1.5416350294446,1,1.39033692241919,-0.109663077580811,0.109663077580811,0.109663077580811,0.0120259905844951,1.21298641832388,1.66403794569051,1,1.78451355529857,-0.0154864447014291,0.0154864447014291,0.0154864447014291,0.000239829969490422,1.63947019715707,1.99830723168231,1
32,"n600-b1_1-b2_2p8-b3_2p8",600,8,318,1,1,0,1.029619,1.029619,1.5,1.8,1,1.3,0.0933333333333334,199,95,200,106,FALSE,NA,TRUE,NA,0.067899601308644,0.067899601308644,0.067899601308644,0.067899601308644,0.00461035585787282,-0.257340985381344,0.384409001863347,1,1.20274230988786,0.17312330988786,0.17312330988786,0.17312330988786,0.0299716804265279,0.925540422996595,1.48433928761607,1,0.936227112717095,-0.0933918872829047,0.0933918872829047,0.0933918872829047,0.00872204461026278,0.555780408980638,1.32774329433982,1,1.52254769824538,0.0225476982453754,0.0225476982453754,0.0225476982453754,0.000508398696164504,1.46673721097583,1.61756610797418,1,1.83145328389102,0.0314532838910151,0.0314532838910151,0.0314532838910151,0.000989309067528789,1.7588021486218,1.93042989322196,1
32,"n600-b1_1-b2_2p8-b3_2p8",600,9,319,1,1,0,1.029619,1.029619,1.5,1.8,1,1.3,0.103333333333333,191,102,207,100,FALSE,NA,TRUE,NA,-0.141239108882826,-0.141239108882826,0.141239108882826,0.141239108882826,0.0199484858780147,-0.458284412433604,0.175881066837938,1,0.83859996420785,-0.19101903579215,0.19101903579215,0.19101903579215,0.0364882720349627,0.572342554458591,1.11092384344285,1,1.19359005325304,0.163971053253036,0.163971053253036,0.163971053253036,0.0268865063049099,0.804614664108646,1.57699237616121,1,1.55588323541456,0.0558832354145569,0.0558832354145569,0.0558832354145569,0.00312293600039878,1.49113607274658,1.68210473958528,1,1.85756381358929,0.0575638135892886,0.0575638135892886,0.0575638135892886,0.00331359263494237,1.78477539570716,2.02134019843406,1
32,"n600-b1_1-b2_2p8-b3_2p8",600,10,320,1,1,0,1.029619,1.029619,1.5,1.8,1,1.3,0.08,226,94,200,80,FALSE,NA,TRUE,NA,0.108025255212084,0.108025255212084,0.108025255212084,0.108025255212084,0.0116694557636359,-0.229405858098435,0.449528437278802,1,1.07425164093962,0.0446326409396218,0.0446326409396218,0.0446326409396218,0.00199207263724521,0.7774124984616,1.38098709422454,1,0.933600161849966,-0.0960188381500341,0.0960188381500341,0.0960188381500341,0.00921961727968244,0.534470608843196,1.33076365987923,1,1.51225514058608,0.0122551405860829,0.0122551405860829,0.0122551405860829,0.000150188470784656,1.47334527035786,1.63375682265223,1,1.81834143721601,0.0183414372160144,0.0183414372160144,0.0183414372160144,0.000336408319149,1.77321817806536,1.95625719399954,1
33,"n600-b1_1-b2_2p8-b3_2p8",600,1,321,1,1,0,1.029619,1.029619,1.5,1.8,1,1.3,0.09,201,95,189,115,FALSE,NA,TRUE,NA,-0.156901421690989,-0.156901421690989,0.156901421690989,0.156901421690989,0.0246180561286536,-0.469732309269478,0.154711431032634,1,0.795698901941245,-0.233920098058755,0.233920098058755,0.233920098058755,0.0547186122758177,0.542691163480933,1.05626434246194,1,1.1422201509034,0.112601150903401,0.112601150903401,0.112601150903401,0.0126790191847704,0.760532010029038,1.52381039983319,1,1.52042517108957,0.0204251710895675,0.0204251710895675,0.0204251710895675,0.000417187614038106,1.41984374895874,1.6159247176504,1,1.84432531767968,0.0443253176796841,0.0443253176796841,0.0443253176796841,0.00196473378740491,1.77344442637482,1.90160936651067,1
33,"n600-b1_1-b2_2p8-b3_2p8",600,2,322,1,1,0,1.029619,1.029619,1.5,1.8,1,1.3,0.105,187,94,208,111,FALSE,NA,TRUE,NA,0.173737261303143,0.173737261303143,0.173737261303143,0.173737261303143,0.0301846359651166,-0.152572623536451,0.49994447228757,1,1.07831906355787,0.04870006355787,0.04870006355787,0.04870006355787,0.00237169619054058,0.806218042067164,1.35416070658027,1,0.89858190919857,-0.13103709080143,0.13103709080143,0.13103709080143,0.0171707191657021,0.5080919817507,1.28399484217695,1,1.44830190894578,-0.0516980910542197,0.0516980910542197,0.0516980910542197,0.0026726926186504,1.35942531293858,1.6317054524314,1,1.80961711856689,0.00961711856688874,0.00961711856688874,0.00961711856688874,9.24889695295961e-05,1.72171490342561,2.02749171153569,1
33,"n600-b1_1-b2_2p8-b3_2p8",600,3,323,1,1,0,1.029619,1.029619,1.5,1.8,1,1.3,0.0966666666666667,199,89,212,100,FALSE,NA,TRUE,NA,-0.16682914157738,-0.16682914157738,0.16682914157738,0.16682914157738,0.0278319624794454,-0.501026705978267,0.166748815876469,1,0.844840989716156,-0.184778010283844,0.184778010283844,0.184778010283844,0.0341429130844565,0.578999214161896,1.12033716550837,1,1.14987685889037,0.120257858890368,0.120257858890368,0.120257858890368,0.0144619526248956,0.752419379268882,1.54575854065753,1,1.47034631571547,-0.0296536842845281,0.0296536842845281,0.0296536842845281,0.000879340991646468,1.35737385964685,1.58293638691874,1,1.76471398822648,-0.0352860117735174,0.0352860117735174,0.0352860117735174,0.00124510262688081,1.67004727783495,1.88380281260008,1
33,"n600-b1_1-b2_2p8-b3_2p8",600,4,324,1,1,0,1.029619,1.029619,1.5,1.8,1,1.3,0.0783333333333334,199,97,210,94,FALSE,NA,TRUE,NA,-0.135252502975391,-0.135252502975391,0.135252502975391,0.135252502975391,0.0182932395611081,-0.457634251057296,0.195070354647588,1,0.971791790122692,-0.0578272098773079,0.0578272098773079,0.0578272098773079,0.00334398620219422,0.696223557006858,1.25413007631129,1,1.29319269212607,0.263573692126071,0.263573692126071,0.263573692126071,0.0694710911809688,0.899640663777289,1.68248489024574,1,1.46015133951594,-0.0398486604840609,0.0398486604840609,0.0398486604840609,0.00158791574237396,1.38664940344057,1.54365204431681,1,1.72342454776744,-0.0765754522325603,0.0765754522325603,0.0765754522325603,0.00586379988462113,1.60420655844294,1.82540987157261,1
33,"n600-b1_1-b2_2p8-b3_2p8",600,5,325,1,1,0,1.029619,1.029619,1.5,1.8,1,1.3,0.0933333333333334,184,101,204,111,FALSE,NA,TRUE,NA,-0.0409080611723199,-0.0409080611723199,0.0409080611723199,0.0409080611723199,0.00167346946887827,-0.347446985884614,0.267147335121926,1,1.05490526745869,0.0252862674586858,0.0252862674586858,0.0252862674586858,0.000639395321992192,0.784978289101555,1.32849385842761,1,1.05685924849242,0.0272402484924223,0.0272402484924223,0.0272402484924223,0.000742031137928918,0.685108503455504,1.42694002093412,1,1.55607333994799,0.056073339947994,0.056073339947994,0.056073339947994,0.0031442194529233,1.4976278612302,1.63788485787587,1,1.84864851412934,0.0486485141293429,0.0486485141293429,0.0486485141293429,0.00236667792699288,1.78193701633189,1.92756985450452,1
33,"n600-b1_1-b2_2p8-b3_2p8",600,6,326,1,1,0,1.029619,1.029619,1.5,1.8,1,1.3,0.12,180,110,201,109,FALSE,NA,TRUE,NA,-0.0238474680211767,-0.0238474680211767,0.0238474680211767,0.0238474680211767,0.000568701731021044,-0.337522866831186,0.28308180708032,1,1.00964498919731,-0.019974010802692,0.019974010802692,0.019974010802692,0.000398961107546057,0.747865355633111,1.28016849531831,1,1.01384750997459,-0.0157714900254109,0.0157714900254109,0.0157714900254109,0.000248739897621635,0.634033447901761,1.39401966130299,1,1.51247682575623,0.0124768257562335,0.0124768257562335,0.0124768257562335,0.000155671180951413,1.46163473372232,1.58586183578895,1,1.81830314101439,0.0183031410143855,0.0183031410143855,0.0183031410143855,0.000335004970992479,1.75612867583056,1.89207029464702,1
33,"n600-b1_1-b2_2p8-b3_2p8",600,7,327,1,1,0,1.029619,1.029619,1.5,1.8,1,1.3,0.0983333333333334,191,103,204,102,FALSE,NA,TRUE,NA,0.242068708424946,0.242068708424946,0.242068708424946,0.242068708424946,0.0585972595985214,-0.0797092691347925,0.566685927965717,1,1.20165280575091,0.172033805750914,0.172033805750914,0.172033805750914,0.0295956303211431,0.918325656753415,1.4941707245767,1,0.793434654225819,-0.236184345774181,0.236184345774181,0.236184345774181,0.0557830451887781,0.408951506105204,1.17626054341149,1,1.4631290360525,-0.0368709639475029,0.0368709639475029,0.0368709639475029,0.00135946798241806,1.42203705250884,1.50757986766562,1,1.74437775582881,-0.0556222441711904,0.0556222441711904,0.0556222441711904,0.00309383404663953,1.68610600540718,1.85306830564875,1
33,"n600-b1_1-b2_2p8-b3_2p8",600,8,328,1,1,0,1.029619,1.029619,1.5,1.8,1,1.3,0.101666666666667,196,101,186,117,FALSE,NA,TRUE,NA,0.0422967522516034,0.0422967522516034,0.0422967522516034,0.0422967522516034,0.00178901525103352,-0.273782221488052,0.358093586112169,1,1.03768756245583,0.00806856245582876,0.00806856245582876,0.00806856245582876,6.51017001036095e-05,0.774381885857038,1.30722934923523,1,1.06935070346995,0.0397317034699476,0.0397317034699476,0.0397317034699476,0.00157860826062385,0.684600885786558,1.45106138110416,1,1.43531672116587,-0.0646832788341296,0.0646832788341296,0.0646832788341296,0.00418392656073376,1.324939224872,1.58291367000114,1,1.76133907180255,-0.0386609281974519,0.0386609281974519,0.0386609281974519,0.00149466736908853,1.67943561270811,1.86550816655135,1
33,"n600-b1_1-b2_2p8-b3_2p8",600,9,329,1,1,0,1.029619,1.029619,1.5,1.8,1,1.3,0.106666666666667,200,118,189,93,FALSE,NA,TRUE,NA,0.0293198701311034,0.0293198701311034,0.0293198701311034,0.0293198701311034,0.000859654784504768,-0.28618391721568,0.346660855610452,1,1.08733213016666,0.0577131301666602,0.0577131301666602,0.0577131301666602,0.00333080539363387,0.793686301149159,1.38953170376348,1,1.01202028718037,-0.0175987128196349,0.0175987128196349,0.0175987128196349,0.000309714692907981,0.627412663934639,1.39236045943122,1,1.60165562941334,0.101655629413344,0.101655629413344,0.101655629413344,0.0103338669914231,1.48123432971001,1.763896622792,1,1.86894395023866,0.0689439502386564,0.0689439502386564,0.0689439502386564,0.00475326827451033,1.7451726965975,2.02104365967909,1
33,"n600-b1_1-b2_2p8-b3_2p8",600,10,330,1,1,0,1.029619,1.029619,1.5,1.8,1,1.3,0.1,192,97,198,113,FALSE,NA,TRUE,NA,-0.217458486904317,-0.217458486904317,0.217458486904317,0.217458486904317,0.0472881935267148,-0.529996017314508,0.0945063932696736,1,0.810564032993739,-0.219054967006261,0.219054967006261,0.219054967006261,0.0479850785701141,0.551500260044875,1.07124411429319,1,1.29592564313948,0.266306643139484,0.266306643139484,0.266306643139484,0.0709192281802204,0.919745959116348,1.68146708295426,1,1.51645124955369,0.0164512495536853,0.0164512495536853,0.0164512495536853,0.00027064361187763,1.4108464969499,1.63279744476601,1,1.8546288413266,0.0546288413266016,0.0546288413266016,0.0546288413266016,0.00298431030468702,1.76423532032117,2.05862652633749,1
34,"n600-b1_1-b2_2p8-b3_2p8",600,1,331,1,1,0,1.029619,1.029619,1.5,1.8,1,1.3,0.103333333333333,201,97,200,102,FALSE,NA,TRUE,NA,-0.197244600006967,-0.197244600006967,0.197244600006967,0.197244600006967,0.0389054322319083,-0.519264086971109,0.125779289452571,1,0.844591479385755,-0.185027520614245,0.185027520614245,0.185027520614245,0.0342351833846549,0.577878845350262,1.11612537880191,1,1.2544246773146,0.2248056773146,0.2248056773146,0.2248056773146,0.050537592552876,0.867281293087385,1.63955183586783,1,1.51142507148271,0.0114250714827084,0.0114250714827084,0.0114250714827084,0.000130532258384998,1.38155000565452,1.69615470753701,1,1.82648713017209,0.0264871301720908,0.0264871301720908,0.0264871301720908,0.000701568064753283,1.71456366627929,1.99694380774941,1
34,"n600-b1_1-b2_2p8-b3_2p8",600,2,332,1,1,0,1.029619,1.029619,1.5,1.8,1,1.3,0.0933333333333334,207,102,186,105,FALSE,NA,TRUE,NA,0.0067407679342791,0.0067407679342791,0.0067407679342791,0.0067407679342791,4.54379523438053e-05,-0.316743161937395,0.325483229282347,1,1.12286680559086,0.093247805590861,0.093247805590861,0.093247805590861,0.00869515324751101,0.844025550680483,1.4095078534309,1,0.690798111703723,-0.338820888296277,0.338820888296277,0.338820888296277,0.114799594345878,0.312662726534747,1.07026671692541,1,1.46726708868214,-0.0327329113178552,0.0327329113178552,0.0327329113178552,0.00107144348334257,1.41013374252781,1.57600001842275,1,1.69899302217121,-0.10100697782879,0.10100697782879,0.10100697782879,0.0102024095701057,1.55606427619846,1.8098630204937,1
34,"n600-b1_1-b2_2p8-b3_2p8",600,3,333,1,1,0,1.029619,1.029619,1.5,1.8,1,1.3,0.0866666666666667,198,103,199,100,FALSE,NA,TRUE,NA,0.177152291310561,0.177152291310561,0.177152291310561,0.177152291310561,0.0313829343165819,-0.140061929630633,0.50096879271095,1,1.11907905228094,0.0894600522809357,0.0894600522809357,0.0894600522809357,0.00800310095410775,0.838267263404161,1.41698026462906,1,0.734273896875942,-0.295345103124058,0.295345103124058,0.295345103124058,0.0872287299393603,0.35023426042259,1.1156118520429,1,1.42867397980955,-0.0713260201904502,0.0713260201904502,0.0713260201904502,0.00508740115620851,1.37033852893897,1.50592020832843,1,1.83495656518169,0.0349565651816897,0.0349565651816897,0.0349565651816897,0.00122196144930172,1.75297518654915,1.93260486098779,1
34,"n600-b1_1-b2_2p8-b3_2p8",600,4,334,1,1,0,1.029619,1.029619,1.5,1.8,1,1.3,0.0833333333333334,209,88,214,89,FALSE,NA,TRUE,NA,-0.242637064683655,-0.242637064683655,0.242637064683655,0.242637064683655,0.0588727451583001,-0.573498019554035,0.0933410041523186,1,0.8349461608297,-0.1946728391703,0.1946728391703,0.1946728391703,0.0378975143106254,0.561047526381647,1.12053277474113,1,1.22596966649603,0.196350666496031,0.196350666496031,0.196350666496031,0.0385535842334357,0.832069493901244,1.6196177618815,1,1.51022480130141,0.0102248013014101,0.0102248013014101,0.0102248013014101,0.000104546561653318,1.42328063579677,1.65735361799835,1,2.0361323022943,0.236132302294295,0.236132302294295,0.236132302294295,0.0557584641868044,1.71149895485882,2.21917423111455,1
34,"n600-b1_1-b2_2p8-b3_2p8",600,5,335,1,1,0,1.029619,1.029619,1.5,1.8,1,1.3,0.103333333333333,200,97,186,117,FALSE,NA,TRUE,NA,-0.0882178968416084,-0.0882178968416084,0.0882178968416084,0.0882178968416084,0.00778239732315667,-0.409383771828153,0.229654971329875,1,1.15085368349304,0.121234683493035,0.121234683493035,0.121234683493035,0.0146978484816564,0.883043579190675,1.42688517084945,1,1.02833430269645,-0.00128469730355385,0.00128469730355385,0.00128469730355385,1.65044716175853e-06,0.64953987747154,1.40873814638689,1,1.50798983454533,0.00798983454532554,0.00798983454532554,0.00798983454532554,6.38374560616773e-05,1.42158240191617,1.63528760106122,1,1.8045058592736,0.00450585927359648,0.00450585927359648,0.00450585927359648,2.03027677934554e-05,1.75899239354525,1.90554051315985,1
34,"n600-b1_1-b2_2p8-b3_2p8",600,6,336,1,1,0,1.029619,1.029619,1.5,1.8,1,1.3,0.095,207,95,212,86,FALSE,NA,TRUE,NA,0.278637940362575,0.278637940362575,0.278637940362575,0.278637940362575,0.0776391018094981,-0.0686163138552311,0.627993632432058,1,1.37839716510777,0.348778165107769,0.348778165107769,0.348778165107769,0.121646208455942,1.06883120453632,1.69340692868526,0,0.770033774552407,-0.259585225447593,0.259585225447593,0.259585225447593,0.0673844892706776,0.367983307904298,1.17576125783619,1,1.49914547661021,-0.000854523389794748,0.000854523389794748,0.000854523389794748,7.30210223706307e-07,1.48374517245026,1.52910587771918,1,1.8570974308515,0.0570974308514998,0.0570974308514998,0.0570974308514998,0.0032601166098418,1.80350749066828,1.92549090456474,0
34,"n600-b1_1-b2_2p8-b3_2p8",600,7,337,1,1,0,1.029619,1.029619,1.5,1.8,1,1.3,0.085,193,102,210,95,FALSE,NA,TRUE,NA,-0.0141037667553074,-0.0141037667553074,0.0141037667553074,0.0141037667553074,0.000198916236688114,-0.327153878181293,0.299661276689006,1,1.05745665874023,0.0278376587402336,0.0278376587402336,0.0278376587402336,0.000774935244137703,0.779918495711886,1.34189267804218,1,0.994427035332704,-0.0351919646672958,0.0351919646672958,0.0351919646672958,0.0012384743771442,0.613088339725261,1.37577632087253,1,1.54624283966309,0.0462428396630914,0.0462428396630914,0.0462428396630914,0.00213840022010638,1.47710439286786,1.60746475804652,1,1.83529270557124,0.0352927055712366,0.0352927055712366,0.0352927055712366,0.001245575066538,1.76506896838413,1.91624788925413,1
34,"n600-b1_1-b2_2p8-b3_2p8",600,8,338,1,1,0,1.029619,1.029619,1.5,1.8,1,1.3,0.1,202,86,194,118,FALSE,NA,TRUE,NA,-0.0882058119152154,-0.0882058119152154,0.0882058119152154,0.0882058119152154,0.00778026525562236,-0.408131022790978,0.230606862906109,1,1.11278794193731,0.0831689419373141,0.0831689419373141,0.0831689419373141,0.00691707290297232,0.847865329841305,1.38523024003747,1,0.969636674494718,-0.0599823255052823,0.0599823255052823,0.0599823255052823,0.00359787937302164,0.592472011853251,1.35727441939993,1,1.4735649761037,-0.0264350238962996,0.0264350238962996,0.0264350238962996,0.000698810488397931,1.32722886092234,1.57571129917595,1,1.88801840967535,0.0880184096753525,0.0880184096753525,0.0880184096753525,0.00774724044177818,1.79204887879094,2.00145804186168,1
34,"n600-b1_1-b2_2p8-b3_2p8",600,9,339,1,1,0,1.029619,1.029619,1.5,1.8,1,1.3,0.106666666666667,206,109,187,98,FALSE,NA,TRUE,NA,0.10685752490735,0.10685752490735,0.10685752490735,0.10685752490735,0.011418530629325,-0.217161299143829,0.43032072113593,1,1.22791630210242,0.198297302102415,0.198297302102415,0.198297302102415,0.0393218200210965,0.93927728602268,1.52834812968224,1,0.919295162490159,-0.110323837509841,0.110323837509841,0.110323837509841,0.0121713491228978,0.52865935142836,1.30803930500556,1,1.50815198232939,0.00815198232939052,0.00815198232939052,0.00815198232939052,6.64548158986952e-05,1.42549558627211,1.69329124974725,1,1.91222333604417,0.112223336044165,0.112223336044165,0.112223336044165,0.0125940771528816,1.76345492901903,2.14683892737865,1
34,"n600-b1_1-b2_2p8-b3_2p8",600,10,340,1,1,0,1.029619,1.029619,1.5,1.8,1,1.3,0.0833333333333334,182,116,202,100,FALSE,NA,TRUE,NA,0.140789065164299,0.140789065164299,0.140789065164299,0.140789065164299,0.0198215608698372,-0.166300656980562,0.447451109435329,1,1.10535462197842,0.0757356219784171,0.0757356219784171,0.0757356219784171,0.0057358844364577,0.825993328613089,1.39216302337379,1,0.867785872805925,-0.161833127194075,0.161833127194075,0.161833127194075,0.0261899610574135,0.493985415157093,1.23608053485814,1,1.53651431663163,0.0365143166316335,0.0365143166316335,0.0365143166316335,0.00133329531907519,1.4834428920629,1.62214466545069,1,1.74725913410451,-0.0527408658954915,0.0527408658954915,0.0527408658954915,0.00278159893540622,1.64625926345516,1.86161746866353,1
35,"n600-b1_1-b2_2p8-b3_2p8",600,1,341,1,1,0,1.029619,1.029619,1.5,1.8,1,1.3,0.075,213,77,214,96,FALSE,NA,TRUE,NA,-0.177981729204434,-0.177981729204434,0.177981729204434,0.177981729204434,0.0316774959306003,-0.534887416422314,0.169136404164158,1,1.00576346226348,-0.0238555377365191,0.0238555377365191,0.0238555377365191,0.000569086680698484,0.728304191897429,1.2892954189565,1,1.15447402903319,0.124855029033186,0.124855029033186,0.124855029033186,0.0155887782748778,0.747224867169084,1.57187827309227,1,1.5363158574148,0.0363158574148048,0.0363158574148048,0.0363158574148048,0.00131884149977243,1.43495455446012,1.68707360327373,1,1.73914857032426,-0.0608514296757408,0.0608514296757408,0.0608514296757408,0.00370289649358162,1.63130205707449,1.88935899308227,1
35,"n600-b1_1-b2_2p8-b3_2p8",600,2,342,1,1,0,1.029619,1.029619,1.5,1.8,1,1.3,0.1,183,103,218,96,FALSE,NA,TRUE,NA,0.117609244962746,0.117609244962746,0.117609244962746,0.117609244962746,0.0138319345007072,-0.207328497926235,0.447965060815255,1,1.20622043314174,0.176601433141745,0.176601433141745,0.176601433141745,0.0311880661877182,0.925489657767069,1.49783665915511,1,0.825564224674328,-0.204054775325672,0.204054775325672,0.204054775325672,0.0416383513332103,0.433597830669528,1.21077931040794,1,1.53587680236911,0.0358768023691094,0.0358768023691094,0.0358768023691094,0.00128714494823213,1.4082014510914,1.63677631561446,1,1.78647778171738,-0.01352221828262,0.01352221828262,0.01352221828262,0.000182850387282823,1.68898086649725,1.92249565949061,1
35,"n600-b1_1-b2_2p8-b3_2p8",600,3,343,1,1,0,1.029619,1.029619,1.5,1.8,1,1.3,0.105,188,110,212,90,FALSE,NA,TRUE,NA,0.111164321247754,0.111164321247754,0.111164321247754,0.111164321247754,0.0123575063184738,-0.209133675781487,0.439485242136734,1,0.987017473161363,-0.0426015268386368,0.0426015268386368,0.0426015268386368,0.00181489008898309,0.707854520517885,1.27976597439176,1,0.936517967614822,-0.0931010323851783,0.0931010323851783,0.0931010323851783,0.00866780223118602,0.54554705200766,1.3171745583424,1,1.40511848362621,-0.0948815163737875,0.0948815163737875,0.0948815163737875,0.00900250214938931,1.2265259983041,1.52206151282093,1,1.81904319136074,0.0190431913607443,0.0190431913607443,0.0190431913607443,0.000362643137201926,1.66109098928417,1.97916070112408,1
35,"n600-b1_1-b2_2p8-b3_2p8",600,4,344,1,1,0,1.029619,1.029619,1.5,1.8,1,1.3,0.0866666666666667,194,108,206,92,FALSE,NA,TRUE,NA,0.0234680742126707,0.0234680742126707,0.0234680742126707,0.0234680742126707,0.00055075050725142,-0.293936359560746,0.343844339929627,1,0.956411948114008,-0.0732070518859921,0.0732070518859921,0.0732070518859921,0.00535927244583834,0.678802102085292,1.24663500127105,1,1.01703463063393,-0.0125843693660701,0.0125843693660701,0.0125843693660701,0.000158366352341684,0.630127963057888,1.38940387565835,1,1.40456313414396,-0.0954368658560385,0.0954368658560385,0.0954368658560385,0.00910819536442349,1.31693570702956,1.54948555831983,1,1.72186026239012,-0.078139737609884,0.078139737609884,0.078139737609884,0.00610581859374152,1.6413857861546,1.85142343284121,1
35,"n600-b1_1-b2_2p8-b3_2p8",600,5,345,1,1,0,1.029619,1.029619,1.5,1.8,1,1.3,0.0783333333333334,208,88,212,92,FALSE,NA,TRUE,NA,-0.052924722895211,-0.052924722895211,0.052924722895211,0.052924722895211,0.00280102629353488,-0.385960506604045,0.282029650568247,1,0.954362162776304,-0.0752568372236964,0.0752568372236964,0.0752568372236964,0.00566359154891393,0.679137973866146,1.2397306336833,1,1.0892014778049,0.0595824778049021,0.0595824778049021,0.0595824778049021,0.00355007166137165,0.689840556491923,1.4839374556895,1,1.45125055195429,-0.0487494480457054,0.0487494480457054,0.0487494480457054,0.00237650868476093,1.40927682224248,1.53402478628062,1,1.81147510266089,0.0114751026608866,0.0114751026608866,0.0114751026608866,0.000131677981077886,1.73686265096227,1.90132872474435,1
35,"n600-b1_1-b2_2p8-b3_2p8",600,6,346,1,1,0,1.029619,1.029619,1.5,1.8,1,1.3,0.0966666666666667,205,107,188,100,FALSE,NA,TRUE,NA,-0.105835206143203,-0.105835206143203,0.105835206143203,0.105835206143203,0.0112010908593742,-0.417465450346411,0.211954094012394,1,1.00046317124605,-0.0291558287539475,0.0291558287539475,0.0291558287539475,0.000850062350329512,0.731329547613512,1.27705823743893,1,1.14136387563594,0.111744875635942,0.111744875635942,0.111744875635942,0.0124869172308922,0.754823016459175,1.52627882063338,1,1.53854520997231,0.0385452099723149,0.0385452099723149,0.0385452099723149,0.00148573321180985,1.4905263573682,1.61617191927723,1,1.78712429720398,-0.0128757027960202,0.0128757027960202,0.0128757027960202,0.000165783722491443,1.69812702002147,1.86810472458457,1
35,"n600-b1_1-b2_2p8-b3_2p8",600,7,347,1,1,0,1.029619,1.029619,1.5,1.8,1,1.3,0.095,208,110,192,90,FALSE,NA,TRUE,NA,-0.128397032402191,-0.128397032402191,0.128397032402191,0.128397032402191,0.0164857979296894,-0.45338361587614,0.198871461485131,1,1.1327782280459,0.103159228045904,0.103159228045904,0.103159228045904,0.0106418263310269,0.843465005172371,1.42849864981098,1,1.11787077084632,0.0882517708463189,0.0882517708463189,0.0882517708463189,0.00778837505751117,0.72707797810219,1.50780685632152,1,1.47946158445958,-0.0205384155404169,0.0205384155404169,0.0205384155404169,0.000421826512910839,1.43010913422436,1.55678622957969,1,1.76570293743342,-0.0342970625665837,0.0342970625665837,0.0342970625665837,0.00117628850069616,1.67830886284154,1.89817265169515,1
35,"n600-b1_1-b2_2p8-b3_2p8",600,8,348,1,1,0,1.029619,1.029619,1.5,1.8,1,1.3,0.111666666666667,193,110,200,97,FALSE,NA,TRUE,NA,0.0301578960489522,0.0301578960489522,0.0301578960489522,0.0301578960489522,0.000909498694099406,-0.29094921657694,0.350333023677021,1,1.04532448990463,0.0157054899046336,0.0157054899046336,0.0157054899046336,0.000246662413144548,0.766806392485351,1.33235166727742,1,1.03328137811497,0.00366237811497472,0.00366237811497472,0.00366237811497472,1.34130134570458e-05,0.636781621928423,1.42217593063608,1,1.53542471427913,0.0354247142791295,0.0354247142791295,0.0354247142791295,0.00125491038175796,1.46171596465274,1.72131647030233,1,1.84381764301929,0.0438176430192854,0.0438176430192854,0.0438176430192854,0.00191998583976553,1.75505044773714,2.05244995150422,1
35,"n600-b1_1-b2_2p8-b3_2p8",600,9,349,1,1,0,1.029619,1.029619,1.5,1.8,1,1.3,0.106666666666667,197,104,192,107,FALSE,NA,TRUE,NA,-0.101707687785048,-0.101707687785048,0.101707687785048,0.101707687785048,0.0103444537545808,-0.420622406802113,0.215543237294307,1,1.05070998731483,0.0210909873148271,0.0210909873148271,0.0210909873148271,0.000444829745914196,0.777721225995396,1.33002356340469,1,1.05034436180815,0.0207253618081462,0.0207253618081462,0.0207253618081462,0.000429540622078566,0.669562780302442,1.43564074543683,1,1.57758593984627,0.0775859398462726,0.0775859398462726,0.0775859398462726,0.00601957806182943,1.4955272989294,1.77547376565697,1,1.76647061214496,-0.0335293878550396,0.0335293878550396,0.0335293878550396,0.00112421984993367,1.69787641825984,1.85101274898479,1
35,"n600-b1_1-b2_2p8-b3_2p8",600,10,350,1,1,0,1.029619,1.029619,1.5,1.8,1,1.3,0.09,217,90,202,91,FALSE,NA,TRUE,NA,0.0794349282484966,0.0794349282484966,0.0794349282484966,0.0794349282484966,0.0063099078258438,-0.26017951928882,0.415655531064195,1,1.04571051210979,0.0160915121097924,0.0160915121097924,0.0160915121097924,0.000258936761979596,0.760113222694465,1.33649191810471,1,1.02970308794636,8.40879463595012e-05,8.40879463595012e-05,8.40879463595012e-05,7.07078272295836e-09,0.637262458371869,1.43002778329609,1,1.46592656321194,-0.0340734367880613,0.0340734367880613,0.0340734367880613,0.00116099909455001,1.38840938978156,1.53255158364667,1,1.8140962280389,0.0140962280388994,0.0140962280388994,0.0140962280388994,0.000198703644924654,1.74030089412985,1.88637788718575,1
36,"n600-b1_1-b2_2p8-b3_2p8",600,1,351,1,1,0,1.029619,1.029619,1.5,1.8,1,1.3,0.12,206,100,191,103,FALSE,NA,TRUE,NA,-0.178641303370835,-0.178641303370835,0.178641303370835,0.178641303370835,0.0319127152700305,-0.525246681854791,0.157115418529386,1,1.01252395353642,-0.0170950464635782,0.0170950464635782,0.0170950464635782,0.000292240613591897,0.732653039713307,1.2997479494474,1,1.23676550191712,0.207146501917125,0.207146501917125,0.207146501917125,0.0429096732565014,0.836382721338105,1.64583948730107,1,1.51404523522466,0.0140452352246638,0.0140452352246638,0.0140452352246638,0.000197268632516138,1.421354421477,1.61089145384543,1,1.80876876358613,0.0087687635861271,0.0087687635861271,0.0087687635861271,7.68912148293887e-05,1.72565155734317,1.91620187058117,1
36,"n600-b1_1-b2_2p8-b3_2p8",600,2,352,1,1,0,1.029619,1.029619,1.5,1.8,1,1.3,0.0933333333333334,202,114,199,85,FALSE,NA,TRUE,NA,-0.0125463882878589,-0.0125463882878589,0.0125463882878589,0.0125463882878589,0.000157411859069724,-0.346205314651479,0.324516391074274,1,0.946167783334075,-0.0834512166659246,0.0834512166659246,0.0834512166659246,0.00696410556302309,0.653183930145948,1.25426577562997,1,1.04371739138955,0.0140983913895514,0.0140983913895514,0.0140983913895514,0.000198764639772976,0.646258615015603,1.43775850314719,1,1.41619115051019,-0.0838088494898133,0.0838088494898133,0.0838088494898133,0.00702392325280617,1.33574721603256,1.52831793731512,1,1.68481460070907,-0.115185399290926,0.115185399290926,0.115185399290926,0.01326767620981,1.59110307532196,1.79219761843973,0
36,"n600-b1_1-b2_2p8-b3_2p8",600,3,353,1,1,0,1.029619,1.029619,1.5,1.8,1,1.3,0.09,207,115,204,74,FALSE,NA,TRUE,NA,-0.142141611467273,-0.142141611467273,0.142141611467273,0.142141611467273,0.0202042377105133,-0.477317594842798,0.202302942577647,1,0.845369776191425,-0.184249223808575,0.184249223808575,0.184249223808575,0.0339477764740624,0.544871174601241,1.15942650274138,1,1.05944609426769,0.0298270942676857,0.0298270942676857,0.0298270942676857,0.000889655552453409,0.658640617833998,1.45186005442074,1,1.4327780091116,-0.0672219908883978,0.0672219908883978,0.0672219908883978,0.00451879605899983,1.3850375204585,1.56118728369692,1,1.73880784933484,-0.0611921506651634,0.0611921506651634,0.0611921506651634,0.00374447930302805,1.59726389548377,1.94921745811106,1
36,"n600-b1_1-b2_2p8-b3_2p8",600,4,354,1,1,0,1.029619,1.029619,1.5,1.8,1,1.3,0.0933333333333334,210,95,190,105,FALSE,NA,TRUE,NA,0.0565763727194931,0.0565763727194931,0.0565763727194931,0.0565763727194931,0.003200885950095,-0.267567750697652,0.380680779910429,1,1.27825788953857,0.248638889538568,0.248638889538568,0.248638889538568,0.0618212973909725,0.99765078372924,1.56648115420407,1,0.848135741915233,-0.181483258084767,0.181483258084767,0.181483258084767,0.0329361729650621,0.463681767939206,1.23571921057348,1,1.49139931368514,-0.00860068631485955,0.00860068631485955,0.00860068631485955,7.39718050866124e-05,1.45682556644799,1.55687303806309,1,1.79413956546678,-0.00586043453322382,0.00586043453322382,0.00586043453322382,3.43446929182023e-05,1.7452568027984,1.85497213267141,1
36,"n600-b1_1-b2_2p8-b3_2p8",600,5,355,1,1,0,1.029619,1.029619,1.5,1.8,1,1.3,0.08,202,95,216,87,FALSE,NA,TRUE,NA,0.136705751947462,0.136705751947462,0.136705751947462,0.136705751947462,0.018688462615521,-0.194307217689355,0.470294985445355,1,1.03418327666876,0.00456427666875969,0.00456427666875969,0.00456427666875969,2.08326215089841e-05,0.750282658290521,1.32463602106442,1,0.786057430306435,-0.243561569693565,0.243561569693565,0.243561569693565,0.0593222382315934,0.395064538369617,1.17607995680622,1,1.57051762205458,0.0705176220545838,0.0705176220545838,0.0705176220545838,0.00497273502023312,1.48798439187921,1.77645652247298,1,1.8572328059752,0.0572328059751988,0.0572328059751988,0.0572328059751988,0.00327559407979475,1.79275251626661,2.07055201041081,1
36,"n600-b1_1-b2_2p8-b3_2p8",600,6,356,1,1,0,1.029619,1.029619,1.5,1.8,1,1.3,0.08,192,96,206,106,FALSE,NA,TRUE,NA,-0.0256996049175523,-0.0256996049175523,0.0256996049175523,0.0256996049175523,0.000660469692918276,-0.339656974574735,0.28191121838621,1,1.00382848220479,-0.0257905177952067,0.0257905177952067,0.0257905177952067,0.000665150808144873,0.743105227377262,1.27512527877562,1,1.0452441912139,0.0156251912139027,0.0156251912139027,0.0156251912139027,0.000244146600471023,0.670705505631577,1.42243441850888,1,1.52765475100117,0.0276547510011662,0.0276547510011662,0.0276547510011662,0.000764785252936504,1.48177648710575,1.60926025491001,1,1.84622143639981,0.0462214363998112,0.0462214363998112,0.0462214363998112,0.0021364211828618,1.79170952074913,1.95810762476879,1
36,"n600-b1_1-b2_2p8-b3_2p8",600,7,357,1,1,0,1.029619,1.029619,1.5,1.8,1,1.3,0.101666666666667,208,91,213,88,FALSE,NA,TRUE,NA,-0.143244464387024,-0.143244464387024,0.143244464387024,0.143244464387024,0.0205189765775254,-0.498094302815644,0.210735650836898,1,0.999275904624861,-0.0303430953751391,0.0303430953751391,0.0303430953751391,0.00092070343694479,0.709049886827161,1.30107304289849,1,1.26300112175288,0.233382121752885,0.233382121752885,0.233382121752885,0.0544672147538783,0.84489684205014,1.68179240964075,1,1.53261180785097,0.0326118078509721,0.0326118078509721,0.0326118078509721,0.00106353001130872,1.45523411139292,1.67021596283528,1,1.8263010294552,0.0263010294552044,0.0263010294552044,0.0263010294552044,0.00069174415040353,1.61934389408621,2.02412771189154,1
36,"n600-b1_1-b2_2p8-b3_2p8",600,8,358,1,1,0,1.029619,1.029619,1.5,1.8,1,1.3,0.138333333333333,204,100,184,112,FALSE,NA,TRUE,NA,0.0677272977035386,0.0677272977035386,0.0677272977035386,0.0677272977035386,0.00458698685422375,-0.261396516827017,0.399951615462748,1,1.14285340909327,0.113234409093272,0.113234409093272,0.113234409093272,0.0128220314027026,0.856502739087348,1.43440553205167,1,1.05314595941498,0.0235269594149767,0.0235269594149767,0.0235269594149767,0.000553517819313962,0.654857754573613,1.45450874571583,1,1.48927633554707,-0.0107236644529296,0.0107236644529296,0.0107236644529296,0.000114996979299026,1.3955539500092,1.57295782057592,1,1.86294008967349,0.0629400896734864,0.0629400896734864,0.0629400896734864,0.00396145488810651,1.75966530202055,2.00246781313883,1
36,"n600-b1_1-b2_2p8-b3_2p8",600,9,359,1,1,0,1.029619,1.029619,1.5,1.8,1,1.3,0.0983333333333334,213,100,189,98,FALSE,NA,TRUE,NA,-0.070288868599011,-0.070288868599011,0.070288868599011,0.070288868599011,0.00494052504892903,-0.39185163659275,0.254926177806315,1,1.08616562903703,0.0565466290370253,0.0565466290370253,0.0565466290370253,0.00319752125545096,0.808009057874474,1.3755266002957,1,1.13745438013169,0.107835380131688,0.107835380131688,0.107835380131688,0.0116284692081457,0.752859448010647,1.52267530778894,1,1.56282518439997,0.0628251843999668,0.0628251843999668,0.0628251843999668,0.00394700379488983,1.49850802563283,1.71612606598081,1,1.85449219177425,0.0544921917742474,0.0544921917742474,0.0544921917742474,0.00296939896436135,1.79887495848979,2.03118575960133,1
36,"n600-b1_1-b2_2p8-b3_2p8",600,10,360,1,1,0,1.029619,1.029619,1.5,1.8,1,1.3,0.0866666666666667,212,99,193,96,FALSE,NA,TRUE,NA,0.00245136321835609,0.00245136321835609,0.00245136321835609,0.00245136321835609,6.00918162830914e-06,-0.321794135190989,0.322331239380386,1,1.14751066032503,0.117891660325032,0.117891660325032,0.117891660325032,0.0138984435741926,0.860349488429883,1.44267169814305,1,1.08722941230201,0.0576104123020109,0.0576104123020109,0.0576104123020109,0.00331895960560769,0.701250458160417,1.47610726139901,1,1.49094059547252,-0.00905940452748299,0.00905940452748299,0.00905940452748299,8.20728103925794e-05,1.40618271112273,1.55961590354673,1,1.79411343651445,-0.0058865634855465,0.0058865634855465,0.0058865634855465,3.46516296693694e-05,1.67813305326314,1.931132402427,1
37,"n600-b1_1-b2_2p8-b3_2p8",600,1,361,1,1,0,1.029619,1.029619,1.5,1.8,1,1.3,0.101666666666667,215,107,183,95,FALSE,NA,TRUE,NA,-0.0445425362490169,-0.0445425362490169,0.0445425362490169,0.0445425362490169,0.00198403753549499,-0.374911430854795,0.287981756443204,1,0.79860425427959,-0.23101474572041,0.23101474572041,0.23101474572041,0.0533678127402658,0.513093042756371,1.09820779736523,1,1.19562159950912,0.166002599509124,0.166002599509124,0.166002599509124,0.0275568630437865,0.798087042196572,1.59275169631806,1,1.31932841959232,-0.180671580407684,0.180671580407684,0.180671580407684,0.0326422199670104,1.1986905999315,1.57263933126918,1,1.73916397162138,-0.0608360283786167,0.0608360283786167,0.0608360283786167,0.00370102234888385,1.5779480018539,2.01439007109566,1
37,"n600-b1_1-b2_2p8-b3_2p8",600,2,362,1,1,0,1.029619,1.029619,1.5,1.8,1,1.3,0.0916666666666667,207,95,194,104,FALSE,NA,TRUE,NA,-0.0182012261392758,-0.0182012261392758,0.0182012261392758,0.0182012261392758,0.000331284632973056,-0.341819423979273,0.305143946442016,1,1.19169240316144,0.162073403161435,0.162073403161435,0.162073403161435,0.0262677880123291,0.914624113439259,1.48143539008833,1,1.07920459197501,0.0495855919750139,0.0495855919750139,0.0495855919750139,0.00245873093151256,0.684055651951118,1.47022905225834,1,1.38435658643896,-0.115643413561044,0.115643413561044,0.115643413561044,0.0133733991000506,1.28508184390086,1.49436843474795,0,1.76331157764102,-0.0366884223589774,0.0366884223589774,0.0366884223589774,0.00134604033519071,1.63897516488768,1.93188985460526,1
37,"n600-b1_1-b2_2p8-b3_2p8",600,3,363,1,1,0,1.029619,1.029619,1.5,1.8,1,1.3,0.1,208,105,180,107,FALSE,NA,TRUE,NA,0.102559363882257,0.102559363882257,0.102559363882257,0.102559363882257,0.0105184231199332,-0.214378677297424,0.412031324635726,1,0.997540053450085,-0.0320789465499151,0.0320789465499151,0.0320789465499151,0.00102905881175231,0.724324800499339,1.27613832715744,1,0.904893042509626,-0.124725957490375,0.124725957490375,0.124725957490375,0.0155565644718907,0.527692823404187,1.2829846082857,1,1.50687072142412,0.00687072142412126,0.00687072142412126,0.00687072142412126,4.72068128878789e-05,1.42492428156399,1.7002603401994,1,1.88239338466443,0.0823933846644287,0.0823933846644287,0.0823933846644287,0.00678866983646051,1.8055681822921,2.10997668930232,0
37,"n600-b1_1-b2_2p8-b3_2p8",600,4,364,1,1,0,1.029619,1.029619,1.5,1.8,1,1.3,0.106666666666667,182,108,207,103,FALSE,NA,TRUE,NA,-0.0413457136423786,-0.0413457136423786,0.0413457136423786,0.0413457136423786,0.00170946803659758,-0.352748979446012,0.270724377641995,1,1.05425928933409,0.0246402893340945,0.0246402893340945,0.0246402893340945,0.000607143858467889,0.786341969093543,1.32851648939302,1,0.917511637565107,-0.112107362434893,0.112107362434893,0.112107362434893,0.0125680607121085,0.539904779986525,1.29930211040942,1,1.59495950628516,0.0949595062851565,0.0949595062851565,0.0949595062851565,0.00901730783392067,1.46888975430645,1.68363143650018,1,1.88220232582325,0.0822023258232545,0.0822023258232545,0.0822023258232545,0.00675722237075249,1.80570424153672,1.9584313676926,0
37,"n600-b1_1-b2_2p8-b3_2p8",600,5,365,1,1,0,1.029619,1.029619,1.5,1.8,1,1.3,0.0866666666666667,205,104,187,104,FALSE,NA,TRUE,NA,-0.295738880834541,-0.295738880834541,0.295738880834541,0.295738880834541,0.0874614856372669,-0.626519512779201,0.0284572160124139,1,0.928357692228215,-0.101261307771785,0.101261307771785,0.101261307771785,0.0102538524516521,0.649120939564741,1.21449781270852,1,1.21941929121468,0.18980029121468,0.18980029121468,0.18980029121468,0.0360241505451773,0.816395371249564,1.62287914141699,1,1.46071357662835,-0.0392864233716452,0.0392864233716452,0.0392864233716452,0.00154342306133615,1.25840778036287,1.63072191387395,1,1.819279367938,0.0192793679380048,0.0192793679380048,0.0192793679380048,0.000371694028088967,1.67146632218329,2.05142622828512,1
37,"n600-b1_1-b2_2p8-b3_2p8",600,6,366,1,1,0,1.029619,1.029619,1.5,1.8,1,1.3,0.09,198,92,226,84,FALSE,NA,TRUE,NA,0.162459736138899,0.162459736138899,0.162459736138899,0.162459736138899,0.0263931658663208,-0.179681840974426,0.508392183449812,1,1.16715270302498,0.137533703024979,0.137533703024979,0.137533703024979,0.0189155194677632,0.870554317568532,1.46599580047884,1,0.937660721650827,-0.0919582783491727,0.0919582783491727,0.0919582783491727,0.00845632495694392,0.539704025477522,1.34264373276907,1,1.40932434008601,-0.090675659913986,0.090675659913986,0.090675659913986,0.00822207530083684,1.3292167500203,1.57009594450118,1,1.79999685411815,-3.14588185346132e-06,3.14588185346132e-06,3.14588185346132e-06,9.89657263593722e-12,1.74687572656337,1.90462214501459,1
37,"n600-b1_1-b2_2p8-b3_2p8",600,7,367,1,1,0,1.029619,1.029619,1.5,1.8,1,1.3,0.0933333333333334,206,98,190,106,FALSE,NA,TRUE,NA,-0.0879582101590111,-0.0879582101590111,0.0879582101590111,0.0879582101590111,0.00773664673437676,-0.396738321315054,0.22106165445471,1,0.993518518497323,-0.0361004815026773,0.0361004815026773,0.0361004815026773,0.00130324476472515,0.717526241915653,1.27144171060772,1,1.16066451461707,0.131045514617065,0.131045514617065,0.131045514617065,0.0171729269012515,0.785161595559772,1.53849520027943,1,1.53002222157922,0.0300222215792159,0.0300222215792159,0.0300222215792159,0.000901333788551534,1.4380724430064,1.65102130983314,1,1.72900814041211,-0.07099185958789,0.07099185958789,0.07099185958789,0.00503984412774669,1.58124959526139,2.0109477306562,1
37,"n600-b1_1-b2_2p8-b3_2p8",600,8,368,1,1,0,1.029619,1.029619,1.5,1.8,1,1.3,0.075,204,105,197,94,FALSE,NA,TRUE,NA,0.15706144098188,0.15706144098188,0.15706144098188,0.15706144098188,0.0246682962433045,-0.14665115208684,0.468856037419913,1,0.967779016626848,-0.0618399833731519,0.0618399833731519,0.0618399833731519,0.0038241835435917,0.692551093490438,1.24710812840521,1,0.813331835843356,-0.216287164156644,0.216287164156644,0.216287164156644,0.046780137378923,0.438706251824736,1.19009844954515,1,1.45461406971242,-0.0453859302875812,0.0453859302875812,0.0453859302875812,0.00205988266806918,1.3554539410244,1.52866610906508,1,1.81598650241147,0.0159865024114723,0.0159865024114723,0.0159865024114723,0.000255568259352008,1.59691378405987,1.97820274380285,1
37,"n600-b1_1-b2_2p8-b3_2p8",600,9,369,1,1,0,1.029619,1.029619,1.5,1.8,1,1.3,0.0933333333333334,220,100,200,80,FALSE,NA,TRUE,NA,0.0656138331718641,0.0656138331718641,0.0656138331718641,0.0656138331718641,0.00430517510350522,-0.273816697911673,0.406794669397723,1,1.14113319380616,0.111514193806162,0.111514193806162,0.111514193806162,0.0124354154202382,0.834762440739852,1.45789795305952,1,0.952754842210927,-0.0768641577890734,0.0768641577890734,0.0768641577890734,0.00590809875262357,0.558807120591011,1.35389762542515,1,1.46660712128429,-0.0333928787157127,0.0333928787157127,0.0333928787157127,0.0011150843489223,1.37786659588101,1.56914046820369,1,1.79534270103227,-0.00465729896773159,0.00465729896773159,0.00465729896773159,2.16904336748338e-05,1.73551558192365,1.98399751861128,1
37,"n600-b1_1-b2_2p8-b3_2p8",600,10,370,1,1,0,1.029619,1.029619,1.5,1.8,1,1.3,0.0866666666666667,186,98,231,85,FALSE,NA,TRUE,NA,-0.235710394503823,-0.235710394503823,0.235710394503823,0.235710394503823,0.0555593900771478,-0.572056975958693,0.100551444000203,1,0.729993438972485,-0.299625561027515,0.299625561027515,0.299625561027515,0.089775476821053,0.451399414037225,1.01489158871719,0,1.34384751536601,0.314228515366015,0.314228515366015,0.314228515366015,0.0987395598691299,0.94711987807479,1.74959369882863,1,1.50112141497493,0.00112141497493434,0.00112141497493434,0.00112141497493434,1.25757154600699e-06,1.18011823193414,1.6288222870725,1,1.81804807957781,0.0180480795778104,0.0180480795778104,0.0180480795778104,0.000325733176446977,1.71468656774693,1.99287459964224,1
38,"n600-b1_1-b2_2p8-b3_2p8",600,1,371,1,1,0,1.029619,1.029619,1.5,1.8,1,1.3,0.11,200,108,197,95,FALSE,NA,TRUE,NA,0.00628298363176568,0.00628298363176568,0.00628298363176568,0.00628298363176568,3.94758833170355e-05,-0.316875234820026,0.328942731104544,1,1.1396087579513,0.109989757951299,0.109989757951299,0.109989757951299,0.0120977468541852,0.857943237239991,1.42835292073869,1,1.11548642292452,0.0858674229245209,0.0858674229245209,0.0858674229245209,0.00737321431969853,0.728024175696913,1.50105574960158,1,1.4922634020542,-0.00773659794580461,0.00773659794580461,0.00773659794580461,5.98549477750282e-05,1.45089698986711,1.55388959860466,1,1.81120511455735,0.0112051145573515,0.0112051145573515,0.0112051145573515,0.000125554592243371,1.75915539571443,1.86190444981263,1
38,"n600-b1_1-b2_2p8-b3_2p8",600,2,372,1,1,0,1.029619,1.029619,1.5,1.8,1,1.3,0.0733333333333334,180,116,224,80,FALSE,NA,TRUE,NA,0.144303399234583,0.144303399234583,0.144303399234583,0.144303399234583,0.0208234710306556,-0.181969690517119,0.477721165500002,1,1.19499602336365,0.165377023363646,0.165377023363646,0.165377023363646,0.0273495598566201,0.898058145006822,1.50095089314974,1,0.833043554421232,-0.196575445578768,0.196575445578768,0.196575445578768,0.0386419058044914,0.435565821265526,1.22260753390381,1,1.4800765635396,-0.0199234364604042,0.0199234364604042,0.0199234364604042,0.000396943320391762,1.4133743913486,1.59874810356198,1,1.79631649871254,-0.00368350128745609,0.00368350128745609,0.00368350128745609,1.35681817346907e-05,1.75332859354037,1.86269774789909,1
38,"n600-b1_1-b2_2p8-b3_2p8",600,3,373,1,1,0,1.029619,1.029619,1.5,1.8,1,1.3,0.101666666666667,192,93,211,104,FALSE,NA,TRUE,NA,-0.0412907927623301,-0.0412907927623301,0.0412907927623301,0.0412907927623301,0.00170492956694169,-0.368608520297775,0.288417026437982,1,1.26784463595389,0.23822563595389,0.23822563595389,0.23822563595389,0.0567514536256354,0.986838434527519,1.55068604777484,1,0.991563718292762,-0.0380552817072377,0.0380552817072377,0.0380552817072377,0.00144820446581722,0.602559562929631,1.38030709735578,1,1.49156111624503,-0.00843888375497448,0.00843888375497448,0.00843888375497448,7.12147590299722e-05,1.31888401239924,1.58338347485693,1,1.78096768976531,-0.0190323102346892,0.0190323102346892,0.0190323102346892,0.000362228832869456,1.63049768007817,1.86935890642839,1
38,"n600-b1_1-b2_2p8-b3_2p8",600,4,374,1,1,0,1.029619,1.029619,1.5,1.8,1,1.3,0.0883333333333334,190,97,215,98,FALSE,NA,TRUE,NA,0.0519491019508371,0.0519491019508371,0.0519491019508371,0.0519491019508371,0.00269870919349846,-0.26619635197053,0.372096915562426,1,0.933231474632563,-0.0963875253674376,0.0963875253674376,0.0963875253674376,0.00929055504645842,0.657035322258133,1.21578304277384,1,0.942484697835072,-0.0871343021649282,0.0871343021649282,0.0871343021649282,0.00759238661376902,0.556722920606053,1.3242845585792,1,1.54350136615501,0.0435013661550145,0.0435013661550145,0.0435013661550145,0.00189236885735264,1.41712384395656,1.76613507062443,1,1.83272936407458,0.0327293640745796,0.0327293640745796,0.0327293640745796,0.00107121127272638,1.73346743356084,2.01627614007891,1
38,"n600-b1_1-b2_2p8-b3_2p8",600,5,375,1,1,0,1.029619,1.029619,1.5,1.8,1,1.3,0.103333333333333,213,102,183,102,FALSE,NA,TRUE,NA,0.0573536706638198,0.0573536706638198,0.0573536706638198,0.0573536706638198,0.0032894435386139,-0.268311989922114,0.379615129615736,1,1.15954787183603,0.129928871836033,0.129928871836033,0.129928871836033,0.0168815117365842,0.879050460211447,1.44379615077657,1,0.83840142972387,-0.19121757027613,0.19121757027613,0.19121757027613,0.0365641591823068,0.45709636986906,1.22657559715927,1,1.47961083759403,-0.0203891624059704,0.0203891624059704,0.0203891624059704,0.000415717943617038,1.44338269398662,1.5631038174597,1,1.74046204028536,-0.0595379597146422,0.0595379597146422,0.0595379597146422,0.00354476864698235,1.68269027426087,1.83778957782085,1
38,"n600-b1_1-b2_2p8-b3_2p8",600,6,376,1,1,0,1.029619,1.029619,1.5,1.8,1,1.3,0.1,194,98,199,109,FALSE,NA,TRUE,NA,-0.164570657118569,-0.164570657118569,0.164570657118569,0.164570657118569,0.0270835011844378,-0.477992085459903,0.154209817820707,1,1.01188214643823,-0.0177368535617721,0.0177368535617721,0.0177368535617721,0.000314595974271749,0.748932377214606,1.28244886736689,1,1.18357602532088,0.153957025320882,0.153957025320882,0.153957025320882,0.0237027656456547,0.803355405418128,1.56281957424984,1,1.48489338054379,-0.0151066194562062,0.0151066194562062,0.0151066194562062,0.000228209951394627,1.42704408477278,1.51879598051385,1,1.80562886660648,0.00562886660648143,0.00562886660648143,0.00562886660648143,3.16841392735618e-05,1.77798255352268,1.87292606092546,1
38,"n600-b1_1-b2_2p8-b3_2p8",600,7,377,1,1,0,1.029619,1.029619,1.5,1.8,1,1.3,0.106666666666667,197,103,209,91,FALSE,NA,TRUE,NA,0.128075137663665,0.128075137663665,0.128075137663665,0.128075137663665,0.0164032408875668,-0.212904857187157,0.469555510854795,1,1.23965506733811,0.210036067338112,0.210036067338112,0.210036067338112,0.0441151495828601,0.949847887516054,1.54579920322073,1,0.803719691380269,-0.225899308619731,0.225899308619731,0.225899308619731,0.0510304976348724,0.400221136952955,1.2046982104649,1,1.51568608486907,0.0156860848690701,0.0156860848690701,0.0156860848690701,0.000246053258519669,1.47665447548927,1.6356284195977,1,1.83256886884094,0.0325688688409396,0.0325688688409396,0.0325688688409396,0.00106073121757832,1.76229516448594,1.99118472330337,1
38,"n600-b1_1-b2_2p8-b3_2p8",600,8,378,1,1,0,1.029619,1.029619,1.5,1.8,1,1.3,0.0933333333333334,192,94,220,94,FALSE,NA,TRUE,NA,0.0240944029833703,0.0240944029833703,0.0240944029833703,0.0240944029833703,0.000580540255125046,-0.31377170213858,0.352722524298169,1,1.19143846522826,0.161819465228261,0.161819465228261,0.161819465228261,0.0261855393267604,0.908557447180125,1.47700710714768,1,1.03544984653996,0.00583084653996302,0.00583084653996302,0.00583084653996302,3.39987713725987e-05,0.641993515630813,1.42676856574358,1,1.49975000233018,-0.000249997669820479,0.000249997669820479,0.000249997669820479,6.24988349156691e-08,1.47767427540776,1.53775357514439,1,1.78131922171451,-0.0186807782854934,0.0186807782854934,0.0186807782854934,0.000348971477351762,1.75762741460212,1.8192762036145,1
38,"n600-b1_1-b2_2p8-b3_2p8",600,9,379,1,1,0,1.029619,1.029619,1.5,1.8,1,1.3,0.108333333333333,204,95,213,88,FALSE,NA,TRUE,NA,0.109559608978163,0.109559608978163,0.109559608978163,0.109559608978163,0.0120033079194481,-0.236537014188786,0.452064280912471,1,1.1926805761501,0.163061576150103,0.163061576150103,0.163061576150103,0.0265890776165558,0.895936252900001,1.49448517897984,1,1.04911902556944,0.0195000255694389,0.0195000255694389,0.0195000255694389,0.000380250997208769,0.647598900991143,1.45999939657622,1,1.54153810083793,0.0415381008379347,0.0415381008379347,0.0415381008379347,0.00172541382122243,1.49494094470439,1.65174828629051,1,1.81516117653109,0.0151611765310897,0.0151611765310897,0.0151611765310897,0.000229861273806866,1.7607369302781,1.86667397410801,1
38,"n600-b1_1-b2_2p8-b3_2p8",600,10,380,1,1,0,1.029619,1.029619,1.5,1.8,1,1.3,0.0933333333333334,210,101,189,100,FALSE,NA,TRUE,NA,-0.136966901857031,-0.136966901857031,0.136966901857031,0.136966901857031,0.0187599322043136,-0.451346074913776,0.180834345132563,1,0.896631172781512,-0.132987827218488,0.132987827218488,0.132987827218488,0.0176857621882945,0.616332398663425,1.18873759787763,1,1.09902569849865,0.0694066984986459,0.0694066984986459,0.0694066984986459,0.00481728979648193,0.718830574597895,1.47544294436752,1,1.29924866703381,-0.200751332966191,0.200751332966191,0.200751332966191,0.0403010976877023,1.24518883286578,1.45563300332924,0,1.68089759567935,-0.119102404320649,0.119102404320649,0.119102404320649,0.0141853827149592,1.61587168502377,1.80122023223093,1
39,"n600-b1_1-b2_2p8-b3_2p8",600,1,381,1,1,0,1.029619,1.029619,1.5,1.8,1,1.3,0.106666666666667,185,85,226,104,FALSE,NA,TRUE,NA,0.0103001518064295,0.0103001518064295,0.0103001518064295,0.0103001518064295,0.000106093127235493,-0.328857190643252,0.347426909479592,1,1.03749297182374,0.00787397182374261,0.00787397182374261,0.00787397182374261,6.19994322810925e-05,0.767374996571797,1.31940763087781,1,0.971617987637288,-0.0580010123627125,0.0580010123627125,0.0580010123627125,0.00336411743509953,0.568193311587344,1.37363848265828,1,1.55502416595295,0.0550241659529467,0.0550241659529467,0.0550241659529467,0.00302765883881742,1.44649628387327,1.68003329941086,1,1.81134518193011,0.0113451819301122,0.0113451819301122,0.0113451819301122,0.000128713153027345,1.7421428979169,1.88436422636829,1
39,"n600-b1_1-b2_2p8-b3_2p8",600,2,382,1,1,0,1.029619,1.029619,1.5,1.8,1,1.3,0.0733333333333334,211,105,199,85,FALSE,NA,TRUE,NA,0.0898138928334794,0.0898138928334794,0.0898138928334794,0.0898138928334794,0.00806653534590372,-0.232219948110562,0.412793593569071,1,0.972854849753059,-0.0567641502469409,0.0567641502469409,0.0567641502469409,0.00322216875325728,0.685907445629545,1.26213255469393,1,1.10236832559526,0.0727493255952607,0.0727493255952607,0.0727493255952607,0.00529246437456525,0.719267792210072,1.48520815015329,1,1.4957627848682,-0.00423721513179665,0.00423721513179665,0.00423721513179665,1.79539920731265e-05,1.43279769410068,1.62981375405239,1,1.73926825631841,-0.0607317436815875,0.0607317436815875,0.0607317436815875,0.00368834469060604,1.65901358133942,1.82595031720578,1
39,"n600-b1_1-b2_2p8-b3_2p8",600,3,383,1,1,0,1.029619,1.029619,1.5,1.8,1,1.3,0.09,207,101,201,91,FALSE,NA,TRUE,NA,-0.0191009581723733,-0.0191009581723733,0.0191009581723733,0.0191009581723733,0.000364846603102753,-0.335517668646754,0.299299328793331,1,0.974730675313875,-0.0548883246861255,0.0548883246861255,0.0548883246861255,0.00301272818684953,0.689965648393188,1.27060994124732,1,1.07634210620115,0.0467231062011535,0.0467231062011535,0.0467231062011535,0.00218304865308427,0.690818386990737,1.46370289516774,1,1.49141470436363,-0.00858529563637012,0.00858529563637012,0.00858529563637012,7.37073011638758e-05,1.3804963326678,1.67014973787298,1,1.84370630742281,0.043706307422813,0.043706307422813,0.043706307422813,0.00191024130853744,1.78571800940723,1.97503670864239,1
39,"n600-b1_1-b2_2p8-b3_2p8",600,4,384,1,1,0,1.029619,1.029619,1.5,1.8,1,1.3,0.0783333333333334,198,98,190,114,FALSE,NA,TRUE,NA,0.170888358024387,0.170888358024387,0.170888358024387,0.170888358024387,0.0292028309082712,-0.132027727955694,0.472903910783681,1,0.951897795314098,-0.077721204685902,0.077721204685902,0.077721204685902,0.00604058565782788,0.681903941930684,1.2241473342375,1,0.881202141628456,-0.148416858371544,0.148416858371544,0.148416858371544,0.0220275638488789,0.516034148188155,1.25200664413229,1,1.56133076523658,0.0613307652365838,0.0613307652365838,0.0613307652365838,0.00376146276450495,1.47675418528466,1.68245267950418,1,1.8069201665097,0.00692016650970229,0.00692016650970229,0.00692016650970229,4.78887045220051e-05,1.65556885679861,1.95275598649779,1
39,"n600-b1_1-b2_2p8-b3_2p8",600,5,385,1,1,0,1.029619,1.029619,1.5,1.8,1,1.3,0.101666666666667,206,103,195,96,FALSE,NA,TRUE,NA,-0.102312901091484,-0.102312901091484,0.102312901091484,0.102312901091484,0.0104679297297557,-0.424425321381382,0.223989321629432,1,0.91698525098304,-0.11263374901696,0.11263374901696,0.11263374901696,0.0126863614176155,0.641215152428062,1.20097890120411,1,1.13230345439589,0.102684454395894,0.102684454395894,0.102684454395894,0.0105440971745824,0.746403559148038,1.52071039398637,1,1.52071528781082,0.020715287810825,0.020715287810825,0.020715287810825,0.000429123149085314,1.47415423122091,1.63667050671703,1,1.83659145746093,0.0365914574609323,0.0365914574609323,0.0365914574609323,0.00133893475911522,1.79661388985188,1.91143654878947,1
39,"n600-b1_1-b2_2p8-b3_2p8",600,6,386,1,1,0,1.029619,1.029619,1.5,1.8,1,1.3,0.095,182,99,206,113,FALSE,NA,TRUE,NA,-0.0307471605547945,-0.0307471605547945,0.0307471605547945,0.0307471605547945,0.000945387882182309,-0.345009660174451,0.284453006042742,1,0.992296784840852,-0.0373222151591485,0.0373222151591485,0.0373222151591485,0.00139294774438577,0.728779390084094,1.25800732914976,1,1.15262654980566,0.123007549805662,0.123007549805662,0.123007549805662,0.0151308573091924,0.76801822100939,1.53800503920167,1,1.51637375807607,0.0163737580760686,0.0163737580760686,0.0163737580760686,0.00026809995353362,1.46713114174562,1.62592893630246,1,1.84310426492414,0.0431042649241395,0.0431042649241395,0.0431042649241395,0.00185797765465041,1.79539447474022,2.00763304066694,1
39,"n600-b1_1-b2_2p8-b3_2p8",600,7,387,1,1,0,1.029619,1.029619,1.5,1.8,1,1.3,0.075,223,84,196,97,FALSE,NA,TRUE,NA,0.151222108537319,0.151222108537319,0.151222108537319,0.151222108537319,0.0228681261104728,-0.188031760172812,0.487963359167917,1,1.03784098682259,0.00822198682258635,0.00822198682258635,0.00822198682258635,6.76010673107835e-05,0.749527384844646,1.33346527183552,1,0.867370903022452,-0.162248096977548,0.162248096977548,0.162248096977548,0.0263244449728358,0.470509877919174,1.26907989865078,1,1.42323429709788,-0.0767657029021231,0.0767657029021231,0.0767657029021231,0.00589297314205704,1.37483516397926,1.50406853220968,1,1.76168096413831,-0.0383190358616889,0.0383190358616889,0.0383190358616889,0.0014683485093694,1.72386017940323,1.82527332148276,1
39,"n600-b1_1-b2_2p8-b3_2p8",600,8,388,1,1,0,1.029619,1.029619,1.5,1.8,1,1.3,0.0983333333333334,189,104,218,89,FALSE,NA,TRUE,NA,-0.270880172126473,-0.270880172126473,0.270880172126473,0.270880172126473,0.0733760676512677,-0.61179132450874,0.0671620055198499,1,0.777457841363806,-0.252161158636194,0.252161158636194,0.252161158636194,0.0635852499247476,0.497537688431008,1.06995354784285,1,1.16183289743212,0.132213897432122,0.132213897432122,0.132213897432122,0.0174805146741918,0.764222335455717,1.55984532900578,1,1.26978058279842,-0.23021941720158,0.23021941720158,0.23021941720158,0.0530009800566352,1.19330255177199,1.52062984808611,1,1.70768941011756,-0.0923105898824401,0.0923105898824401,0.0923105898824401,0.00852124500444406,1.62438600406604,1.8620064410218,1
39,"n600-b1_1-b2_2p8-b3_2p8",600,9,389,1,1,0,1.029619,1.029619,1.5,1.8,1,1.3,0.0766666666666667,199,110,199,92,FALSE,NA,TRUE,NA,-0.0731624410412792,-0.0731624410412792,0.0731624410412792,0.0731624410412792,0.00535274277911866,-0.383074426134888,0.235631503818206,1,1.06536139476264,0.0357423947626356,0.0357423947626356,0.0357423947626356,0.00127751878336808,0.791106472851799,1.34481220036121,1,1.04407223787557,0.0144532378755737,0.0144532378755737,0.0144532378755737,0.000208896085087919,0.667973085207555,1.41965711721961,1,1.5395845124882,0.0395845124881999,0.0395845124881999,0.0395845124881999,0.00156693362892846,1.49267437650564,1.62645983967916,1,1.83933822799184,0.0393382279918402,0.0393382279918402,0.0393382279918402,0.001547496181538,1.77954164807609,1.9629788728781,1
39,"n600-b1_1-b2_2p8-b3_2p8",600,10,390,1,1,0,1.029619,1.029619,1.5,1.8,1,1.3,0.0866666666666667,210,101,186,103,FALSE,NA,TRUE,NA,-0.0271059669142148,-0.0271059669142148,0.0271059669142148,0.0271059669142148,0.000734733442354508,-0.337763876465148,0.291035806474842,1,0.948470459048734,-0.0811485409512662,0.0811485409512662,0.0811485409512662,0.00658508569851933,0.670958236035369,1.2265827139027,1,1.07621245821608,0.0465934582160821,0.0465934582160821,0.0465934582160821,0.00217095034853379,0.690629159535028,1.45218309165158,1,1.46688859786468,-0.0331114021353207,0.0331114021353207,0.0331114021353207,0.00109636495136692,1.4113029416795,1.56088293332459,1,1.82389069334317,0.0238906933431655,0.0238906933431655,0.0238906933431655,0.000570765228417173,1.73468804524077,1.97121689289157,1
40,"n600-b1_1-b2_2p8-b3_2p8",600,1,391,1,1,0,1.029619,1.029619,1.5,1.8,1,1.3,0.0883333333333334,206,106,186,102,FALSE,NA,TRUE,NA,0.0530641139994302,0.0530641139994302,0.0530641139994302,0.0530641139994302,0.00281580019454452,-0.25960319654347,0.366015920956024,1,1.14150897525364,0.111889975253645,0.111889975253645,0.111889975253645,0.0125193665622612,0.866257201721198,1.42438835784282,1,0.820581851897916,-0.209037148102084,0.209037148102084,0.209037148102084,0.0436965292866524,0.44743390699157,1.1948731145828,1,1.47540533819022,-0.0245946618097845,0.0245946618097845,0.0245946618097845,0.000604897389537674,1.40198867982336,1.53165383672856,1,1.78939673138459,-0.0106032686154123,0.0106032686154123,0.0106032686154123,0.000112429305330587,1.76039108107387,1.82957019069209,1
40,"n600-b1_1-b2_2p8-b3_2p8",600,2,392,1,1,0,1.029619,1.029619,1.5,1.8,1,1.3,0.123333333333333,199,101,190,110,FALSE,NA,TRUE,NA,-0.147954844976366,-0.147954844976366,0.147954844976366,0.147954844976366,0.0218906361519805,-0.474826779237605,0.177740712838878,1,1.17350583878618,0.143886838786185,0.143886838786185,0.143886838786185,0.0207034223758816,0.903066508724191,1.45230768074342,1,0.998401381071425,-0.0312176189285748,0.0312176189285748,0.0312176189285748,0.00097453973156971,0.613897041112093,1.3908069892179,1,1.55978877684804,0.0597887768480394,0.0597887768480394,0.0597887768480394,0.00357469783698465,1.40944979825951,1.84640128632584,1,1.81919243927446,0.0191924392744565,0.0191924392744565,0.0191924392744565,0.000368349725303699,1.69993544826086,2.01603067164159,1
40,"n600-b1_1-b2_2p8-b3_2p8",600,3,393,1,1,0,1.029619,1.029619,1.5,1.8,1,1.3,0.126666666666667,196,115,179,110,FALSE,NA,TRUE,NA,-0.00358196062451364,-0.00358196062451364,0.00358196062451364,0.00358196062451364,1.28304419155662e-05,-0.313440104259919,0.310108567885778,1,0.9627550587974,-0.0668639412026002,0.0668639412026002,0.0668639412026002,0.00447078663314478,0.686705349414687,1.2402102008471,1,1.05398293705303,0.0243639370530291,0.0243639370530291,0.0243639370530291,0.000593601428723963,0.668950206789565,1.43838238113676,1,1.44815775429363,-0.0518422457063705,0.0518422457063705,0.0518422457063705,0.00268761843987969,1.35475417434672,1.55114324778278,1,1.72353927280408,-0.0764607271959177,0.0764607271959177,0.0764607271959177,0.00584624280332854,1.68153760435661,1.82470395454453,1
40,"n600-b1_1-b2_2p8-b3_2p8",600,4,394,1,1,0,1.029619,1.029619,1.5,1.8,1,1.3,0.095,196,104,199,101,FALSE,NA,TRUE,NA,-0.193363587105902,-0.193363587105902,0.193363587105902,0.193363587105902,0.0373894768184616,-0.504409061177368,0.116299253527201,1,0.739146548116752,-0.290472451883248,0.290472451883248,0.290472451883248,0.0843742453030658,0.472411076731794,1.01011546574553,0,1.30105405182938,0.271435051829382,0.271435051829382,0.271435051829382,0.0736769873616192,0.917852067304495,1.68355349764289,1,1.63489958541876,0.134899585418756,0.134899585418756,0.134899585418756,0.0181978981461524,1.45962551438335,1.81622448131132,1,1.87754339976582,0.0775433997658184,0.0775433997658184,0.0775433997658184,0.00601297884724152,1.67812235445043,2.07225269029267,1
40,"n600-b1_1-b2_2p8-b3_2p8",600,5,395,1,1,0,1.029619,1.029619,1.5,1.8,1,1.3,0.123333333333333,184,111,185,120,FALSE,NA,TRUE,NA,0.0942211445329948,0.0942211445329948,0.0942211445329948,0.0942211445329948,0.0088776240771075,-0.203545954452375,0.389854033512686,1,1.15839646247829,0.128777462478285,0.128777462478285,0.128777462478285,0.0165836348423461,0.886385233564767,1.43032614102055,1,1.03568160914486,0.00606260914485768,0.00606260914485768,0.00606260914485768,3.67552296433119e-05,0.662849005899758,1.41075140198722,1,1.65081434369627,0.150814343696268,0.150814343696268,0.150814343696268,0.022744966264536,1.47418287010258,1.83364521881441,1,1.94378938770872,0.14378938770872,0.14378938770872,0.14378938770872,0.0206753880176485,1.81071136994759,2.29631801606061,0
40,"n600-b1_1-b2_2p8-b3_2p8",600,6,396,1,1,0,1.029619,1.029619,1.5,1.8,1,1.3,0.101666666666667,185,101,216,98,FALSE,NA,TRUE,NA,-0.0427699794698577,-0.0427699794698577,0.0427699794698577,0.0427699794698577,0.00182927114385205,-0.364584403929275,0.278671354353337,1,1.12063905045513,0.091020050455126,0.091020050455126,0.091020050455126,0.00828464958485367,0.839314205231332,1.4114659599175,1,0.765096959016215,-0.264522040983785,0.264522040983785,0.264522040983785,0.069971910166227,0.382290157355644,1.14935877658512,1,1.58062439916502,0.0806243991650153,0.0806243991650153,0.0806243991650153,0.00650029374071972,1.48067844277924,1.7817543616982,1,1.83032997453814,0.0303299745381387,0.0303299745381387,0.0303299745381387,0.000919907355484141,1.70947360649552,1.92267275930429,1
40,"n600-b1_1-b2_2p8-b3_2p8",600,7,397,1,1,0,1.029619,1.029619,1.5,1.8,1,1.3,0.113333333333333,195,94,218,93,FALSE,NA,TRUE,NA,0.0728263349315472,0.0728263349315472,0.0728263349315472,0.0728263349315472,0.0053036750595619,-0.276399985094058,0.417813072423817,1,1.07897526602075,0.0493562660207461,0.0493562660207461,0.0493562660207461,0.00243604099551065,0.792143262475985,1.37470974343318,1,0.967468463233656,-0.0621505367663442,0.0621505367663442,0.0621505367663442,0.0038626892203447,0.569125515993106,1.37793327105092,1,1.54123772408736,0.0412377240873638,0.0412377240873638,0.0412377240873638,0.00170054988790555,1.47341621864634,1.65324819156833,1,1.82767888454244,0.0276788845424369,0.0276788845424369,0.0276788845424369,0.000766120649513555,1.78700854328621,1.90407415138093,1
40,"n600-b1_1-b2_2p8-b3_2p8",600,8,398,1,1,0,1.029619,1.029619,1.5,1.8,1,1.3,0.09,199,101,207,93,FALSE,NA,TRUE,NA,0.0616077104496364,0.0616077104496364,0.0616077104496364,0.0616077104496364,0.00379550998684624,-0.256654290340951,0.378320074944515,1,0.822844573307179,-0.206774426692821,0.206774426692821,0.206774426692821,0.0427556635341448,0.549476252078541,1.10259878378036,1,1.07821055443211,0.0485915544321067,0.0485915544321067,0.0485915544321067,0.00236113916212839,0.698963855313379,1.46224703198527,1,1.46693102394017,-0.0330689760598284,0.0330689760598284,0.0330689760598284,0.0010935571776455,1.409156401303,1.51756605944681,1,1.80156934362157,0.00156934362157335,0.00156934362157335,0.00156934362157335,2.46283940257296e-06,1.76404773833884,1.87778489447875,1
40,"n600-b1_1-b2_2p8-b3_2p8",600,9,399,1,1,0,1.029619,1.029619,1.5,1.8,1,1.3,0.08,194,91,194,121,FALSE,NA,TRUE,NA,-0.195332185516558,-0.195332185516558,0.195332185516558,0.195332185516558,0.0381546626986749,-0.501014944082051,0.106292346160546,1,0.955792327481021,-0.0738266725189787,0.0738266725189787,0.0738266725189787,0.00545037757522452,0.705044602906329,1.21639132751618,1,1.26034034315333,0.230721343153325,0.230721343153325,0.230721343153325,0.0532323381864744,0.885814354684032,1.63611332648249,1,1.51059781875602,0.0105978187560185,0.0105978187560185,0.0105978187560185,0.000112313762385418,1.46441277702997,1.60071200061142,1,1.78965365293785,-0.0103463470621548,0.0103463470621548,0.0103463470621548,0.000107046897530558,1.73448143058355,1.87234314183374,1
40,"n600-b1_1-b2_2p8-b3_2p8",600,10,400,1,1,0,1.029619,1.029619,1.5,1.8,1,1.3,0.085,211,89,202,98,FALSE,NA,TRUE,NA,0.222595000211452,0.222595000211452,0.222595000211452,0.222595000211452,0.0495485341191364,-0.104554110923008,0.540989291810238,1,1.03932097449421,0.00970197449420773,0.00970197449420773,0.00970197449420773,9.41283090862574e-05,0.759834655400931,1.32743172299339,1,0.775319689962503,-0.254299310037498,0.254299310037498,0.254299310037498,0.0646681390855473,0.39170233509383,1.1627379585946,1,1.58483325899237,0.0848332589923744,0.0848332589923744,0.0848332589923744,0.00719668183126727,1.48914462103396,1.73577856336711,1,1.91281715078153,0.112817150781528,0.112817150781528,0.112817150781528,0.0127277095104619,1.80734691140059,2.07162543237489,0
41,"n600-b1_1-b2_2p8-b3_2p8",600,1,401,1,1,0,1.029619,1.029619,1.5,1.8,1,1.3,0.0816666666666667,206,94,199,101,FALSE,NA,TRUE,NA,0.0973147109536946,0.0973147109536946,0.0973147109536946,0.0973147109536946,0.00947015296800112,-0.216027569177949,0.408839236210602,1,1.06782507538746,0.03820607538746,0.03820607538746,0.03820607538746,0.00145970419651228,0.795530777735417,1.34277879895017,1,0.792761185137541,-0.236857814862459,0.236857814862459,0.236857814862459,0.056101624461419,0.423428350028291,1.17089255713188,1,1.51792639786504,0.0179263978650421,0.0179263978650421,0.0179263978650421,0.000321355740415787,1.44468401059137,1.59191804637677,1,1.83838776978317,0.0383877697831734,0.0383877697831734,0.0383877697831734,0.00147362086892592,1.72726171401101,1.95477273929313,1
41,"n600-b1_1-b2_2p8-b3_2p8",600,2,402,1,1,0,1.029619,1.029619,1.5,1.8,1,1.3,0.113333333333333,201,101,186,112,FALSE,NA,TRUE,NA,0.333920367936323,0.333920367936323,0.333920367936323,0.333920367936323,0.11150281212273,0.00710920665234503,0.657606173886932,0,1.17566120046872,0.146042200468718,0.146042200468718,0.146042200468718,0.0213283243177451,0.904010407621659,1.45805287152859,1,0.869335700456811,-0.160283299543189,0.160283299543189,0.160283299543189,0.0256907361124516,0.476615857959792,1.26499232389219,1,1.50875447846324,0.00875447846324473,0.00875447846324473,0.00875447846324473,7.66408931634158e-05,1.45555858854359,1.61214617218134,1,1.79950078512309,-0.000499214876912957,0.000499214876912957,0.000499214876912957,2.49215493331219e-07,1.74966303575244,1.90189678701615,1
41,"n600-b1_1-b2_2p8-b3_2p8",600,3,403,1,1,0,1.029619,1.029619,1.5,1.8,1,1.3,0.0883333333333334,231,103,172,94,FALSE,NA,TRUE,NA,0.27007614659145,0.27007614659145,0.27007614659145,0.27007614659145,0.0729411249576861,-0.0566228644761598,0.605012044916618,1,1.30818305845414,0.278564058454136,0.278564058454136,0.278564058454136,0.0775979346624392,1.0137328838659,1.61821330937439,1,0.666430068289373,-0.363188931710627,0.363188931710627,0.363188931710627,0.131906200117106,0.275795483984164,1.05492654020198,1,1.37807431638258,-0.121925683617415,0.121925683617415,0.121925683617415,0.0148658723255741,1.2110516433073,1.47854554656608,0,1.6833211834294,-0.116678816570599,0.116678816570599,0.116678816570599,0.0136139462363155,1.59636469742806,1.79381107167336,0
41,"n600-b1_1-b2_2p8-b3_2p8",600,4,404,1,1,0,1.029619,1.029619,1.5,1.8,1,1.3,0.09,199,119,184,98,FALSE,NA,TRUE,NA,0.211114482929973,0.211114482929973,0.211114482929973,0.211114482929973,0.0445693249027899,-0.0897588911945744,0.521058284804298,1,1.164755094504,0.135136094504,0.135136094504,0.135136094504,0.018261764037794,0.883452354210367,1.45355149003033,1,0.763199346783251,-0.266419653216749,0.266419653216749,0.266419653216749,0.0709794316201328,0.384672545929412,1.13827833366339,1,1.61523009111135,0.115230091111345,0.115230091111345,0.115230091111345,0.0132779738975289,1.37346683608877,1.80594414188725,1,2.05011521033269,0.250115210332685,0.250115210332685,0.250115210332685,0.0625576184397634,1.74503070861944,2.61923927628442,1
41,"n600-b1_1-b2_2p8-b3_2p8",600,5,405,1,1,0,1.029619,1.029619,1.5,1.8,1,1.3,0.103333333333333,204,112,195,89,FALSE,NA,TRUE,NA,-0.0925234816395535,-0.0925234816395535,0.0925234816395535,0.0925234816395535,0.0085605946547048,-0.40966230533627,0.227653861550237,1,1.17400602384387,0.144387023843869,0.144387023843869,0.144387023843869,0.02084761265449,0.88590523749264,1.47041101015021,1,1.17960916308841,0.149990163088408,0.149990163088408,0.149990163088408,0.0224970490232872,0.792303182533332,1.56209621317644,1,1.5315017632994,0.0315017632993981,0.0315017632993981,0.0315017632993981,0.000992361090971307,1.49735718783212,1.5815812785636,1,1.8512335627001,0.051233562700097,0.051233562700097,0.051233562700097,0.00262487794694478,1.81776803606208,1.92767346730237,0
41,"n600-b1_1-b2_2p8-b3_2p8",600,6,406,1,1,0,1.029619,1.029619,1.5,1.8,1,1.3,0.0966666666666667,191,99,204,106,FALSE,NA,TRUE,NA,0.0338834672408392,0.0338834672408392,0.0338834672408392,0.0338834672408392,0.00114808935226102,-0.290590142977492,0.355945713777308,1,1.01011226417515,-0.0195067358248482,0.0195067358248482,0.0195067358248482,0.000380512742540416,0.736021848166482,1.28886526210954,1,0.902182662231135,-0.127436337768865,0.127436337768865,0.127436337768865,0.0162400201839403,0.516334868437373,1.28362396333092,1,1.42515224114086,-0.0748477588591403,0.0748477588591403,0.0748477588591403,0.00560218700623601,1.24208502674906,1.51420660651217,1,1.62929369574376,-0.170706304256242,0.170706304256242,0.170706304256242,0.0291406423128247,1.52533916611005,1.78280671259059,0
41,"n600-b1_1-b2_2p8-b3_2p8",600,7,407,1,1,0,1.029619,1.029619,1.5,1.8,1,1.3,0.08,202,92,222,84,FALSE,NA,TRUE,NA,-0.116372427271646,-0.116372427271646,0.116372427271646,0.116372427271646,0.0135425418290945,-0.468069434567211,0.226106671502609,1,0.811950424108619,-0.217668575891381,0.217668575891381,0.217668575891381,0.0473796089305818,0.53009054911267,1.10029381421057,1,1.03673886124509,0.00711986124508934,0.00711986124508934,0.00711986124508934,5.06924241493252e-05,0.638962271856503,1.44232723208993,1,1.44751981912364,-0.0524801808763622,0.0524801808763622,0.0524801808763622,0.00275416938481569,1.3384900028894,1.69671696298096,1,1.48540319399623,-0.314596806003771,0.314596806003771,0.314596806003771,0.0989711503477743,1.40369739432202,1.72160110755346,0
41,"n600-b1_1-b2_2p8-b3_2p8",600,8,408,1,1,0,1.029619,1.029619,1.5,1.8,1,1.3,0.1,220,109,166,105,FALSE,NA,TRUE,NA,-0.0666593346347401,-0.0666593346347401,0.0666593346347401,0.0666593346347401,0.00444346689394626,-0.377449757790516,0.2438146412481,1,1.26895702171165,0.239338021711646,0.239338021711646,0.239338021711646,0.0572826886368445,0.983465268044882,1.56634084565669,1,0.960803794431147,-0.0688152055688526,0.0688152055688526,0.0688152055688526,0.00473553251748344,0.581629572045473,1.3438845768387,1,1.55577797553373,0.0557779755337338,0.0557779755337338,0.0557779755337338,0.0031111825546418,1.45623086745352,1.69822169618307,1,1.83267617328084,0.0326761732808365,0.0326761732808365,0.0326761732808365,0.00106773230027925,1.76778964098682,1.92043955455762,1
41,"n600-b1_1-b2_2p8-b3_2p8",600,9,409,1,1,0,1.029619,1.029619,1.5,1.8,1,1.3,0.106666666666667,180,105,205,110,FALSE,NA,TRUE,NA,0.0716454112545171,0.0716454112545171,0.0716454112545171,0.0716454112545171,0.00513306495382888,-0.239232611908422,0.385227155105793,1,1.11531937239925,0.0857003723992456,0.0857003723992456,0.0857003723992456,0.00734455382936937,0.844282960343386,1.39182299327982,1,0.946761081779234,-0.0828579182207665,0.0828579182207665,0.0828579182207665,0.00686543461187923,0.569570240658181,1.31823330035657,1,1.50936540733352,0.00936540733352365,0.00936540733352365,0.00936540733352365,8.77108545228185e-05,1.48048414503224,1.55391141903219,1,1.81098592466636,0.0109859246663577,0.0109859246663577,0.0109859246663577,0.000120690540774887,1.76368707212424,1.86223724971592,1
41,"n600-b1_1-b2_2p8-b3_2p8",600,10,410,1,1,0,1.029619,1.029619,1.5,1.8,1,1.3,0.101666666666667,200,98,190,112,FALSE,NA,TRUE,NA,0.0540862686827265,0.0540862686827265,0.0540862686827265,0.0540862686827265,0.00292532446002009,-0.255410749846397,0.362561573496912,1,1.09623926399131,0.066620263991314,0.066620263991314,0.066620263991314,0.00443825957427237,0.823917499672462,1.37645015579567,1,1.03389789394537,0.0042788939453744,0.0042788939453744,0.0042788939453744,1.83089333957617e-05,0.652596459291351,1.41482951363807,1,1.60071466338292,0.100714663382915,0.100714663382915,0.100714663382915,0.010143443420334,1.46646821844374,1.79872421112979,1,1.74663224629718,-0.0533677537028172,0.0533677537028172,0.0533677537028172,0.00284811713528456,1.64115196395384,1.89015851830931,1
42,"n600-b1_1-b2_2p8-b3_2p8",600,1,411,1,1,0,1.029619,1.029619,1.5,1.8,1,1.3,0.115,188,111,207,94,FALSE,NA,TRUE,NA,0.21797994657316,0.21797994657316,0.21797994657316,0.21797994657316,0.0475152571080377,-0.106755090493859,0.544688817039186,1,1.01246214827114,-0.0171568517288558,0.0171568517288558,0.0171568517288558,0.000294357561245944,0.716589648630297,1.31259708055278,1,0.799123072105159,-0.230495927894841,0.230495927894841,0.230495927894841,0.0531283727761039,0.407502740836017,1.19143759658939,1,1.52074763724645,0.020747637246453,0.020747637246453,0.020747637246453,0.000430464451310404,1.36830188531256,1.86888181739232,1,1.84223965397247,0.0422396539724679,0.0422396539724679,0.0422396539724679,0.00178418836771382,1.77280507706695,2.03451620915831,1
42,"n600-b1_1-b2_2p8-b3_2p8",600,2,412,1,1,0,1.029619,1.029619,1.5,1.8,1,1.3,0.0983333333333334,205,97,192,106,FALSE,NA,TRUE,NA,-0.110631020089023,-0.110631020089023,0.110631020089023,0.110631020089023,0.0122392226059378,-0.43649512014128,0.214361482694535,1,1.01858132792787,-0.0110376720721292,0.0110376720721292,0.0110376720721292,0.000121830204771862,0.748754209548272,1.29896979521851,1,1.12796994458451,0.0983509445845139,0.0983509445845139,0.0983509445845139,0.00967290830066612,0.744737912744925,1.51137630014868,1,1.49138449811949,-0.00861550188050542,0.00861550188050542,0.00861550188050542,7.42268726529924e-05,1.43127522674901,1.53705683305069,1,1.79794617310124,-0.00205382689876465,0.00205382689876465,0.00205382689876465,4.21820493008924e-06,1.73640050807126,1.85312965483422,1
42,"n600-b1_1-b2_2p8-b3_2p8",600,3,413,1,1,0,1.029619,1.029619,1.5,1.8,1,1.3,0.0883333333333334,194,114,201,91,FALSE,NA,TRUE,NA,0.182064453121904,0.182064453121904,0.182064453121904,0.182064453121904,0.0331474650905779,-0.133952941999312,0.49992448044448,1,1.21708362876862,0.187464628768615,0.187464628768615,0.187464628768615,0.0351429870393546,0.928422108877332,1.51593681361203,1,0.938861222061257,-0.0907577779387435,0.0907577779387435,0.0907577779387435,0.00823697425637828,0.553945096855988,1.32280040243287,1,1.51361302982969,0.0136130298296873,0.0136130298296873,0.0136130298296873,0.000185314581143955,1.43769401116089,1.64808833636319,1,1.79287024124926,-0.00712975875073996,0.00712975875073996,0.00712975875073996,5.0833459843753e-05,1.70569206132181,1.94955882162649,1
42,"n600-b1_1-b2_2p8-b3_2p8",600,4,414,1,1,0,1.029619,1.029619,1.5,1.8,1,1.3,0.0866666666666667,223,87,203,87,FALSE,NA,TRUE,NA,-0.058753729140127,-0.058753729140127,0.058753729140127,0.058753729140127,0.00345200068787141,-0.400828289331999,0.280638903682706,1,0.986814313789485,-0.0428046862105153,0.0428046862105153,0.0428046862105153,0.00183224116158067,0.705026338546777,1.27856206929703,1,1.25007552815701,0.220456528157011,0.220456528157011,0.220456528157011,0.0486010808070431,0.850964473463997,1.65423764981559,1,1.51891927134521,0.0189192713452053,0.0189192713452053,0.0189192713452053,0.000357938828233507,1.47129604261553,1.60905489759976,1,1.81642074703007,0.0164207470300679,0.0164207470300679,0.0164207470300679,0.000269640933025484,1.75637576485333,1.9661611768355,1
42,"n600-b1_1-b2_2p8-b3_2p8",600,5,415,1,1,0,1.029619,1.029619,1.5,1.8,1,1.3,0.105,185,104,216,95,FALSE,NA,TRUE,NA,-0.2403248927518,-0.2403248927518,0.2403248927518,0.2403248927518,0.057756054076164,-0.571717246692402,0.0866375537058068,1,0.983618757558764,-0.0460002424412359,0.0460002424412359,0.0460002424412359,0.00211602230465248,0.705518921268176,1.26342715153639,1,1.15022644936568,0.12060744936568,0.12060744936568,0.12060744936568,0.014546156842495,0.761127707258873,1.54127866348591,1,1.48991759183186,-0.0100824081681403,0.0100824081681403,0.0100824081681403,0.000101654954468983,1.41694674128044,1.57859033832724,1,1.7905258763882,-0.00947412361179789,0.00947412361179789,0.00947412361179789,8.97590182116263e-05,1.72717648235533,1.87811581570236,1
42,"n600-b1_1-b2_2p8-b3_2p8",600,6,416,1,1,0,1.029619,1.029619,1.5,1.8,1,1.3,0.0983333333333334,205,99,211,85,FALSE,NA,TRUE,NA,0.183567858724355,0.183567858724355,0.183567858724355,0.183567858724355,0.0336971587566449,-0.158884043405371,0.533135536796321,1,1.31625935804535,0.286640358045347,0.286640358045347,0.286640358045347,0.0821626948603646,1.00974748216221,1.63036024204292,1,0.710781513084473,-0.318837486915527,0.318837486915527,0.318837486915527,0.101657343062609,0.310178926134904,1.11557730372327,1,1.41526348003927,-0.0847365199607306,0.0847365199607306,0.0847365199607306,0.0071802778150553,1.28453562522286,1.60902454699764,1,1.74899796336024,-0.0510020366397632,0.0510020366397632,0.0510020366397632,0.00260120774140375,1.63155562817898,1.94201347515597,1
42,"n600-b1_1-b2_2p8-b3_2p8",600,7,417,1,1,0,1.029619,1.029619,1.5,1.8,1,1.3,0.105,198,131,175,96,FALSE,NA,TRUE,NA,0.204965119029869,0.204965119029869,0.204965119029869,0.204965119029869,0.0420107000189284,-0.094779575398227,0.518821350131408,1,0.970452130524657,-0.0591668694753431,0.0591668694753431,0.0591668694753431,0.00350071844351229,0.683241413562514,1.26593341566659,1,1.0643120803151,0.0346930803150989,0.0346930803150989,0.0346930803150989,0.0012036098217499,0.68534102204032,1.4413128436766,1,1.43660357543193,-0.0633964245680683,0.0633964245680683,0.0633964245680683,0.00401910664801477,1.40478295392428,1.47641166374287,0,1.78720400431276,-0.0127959956872421,0.0127959956872421,0.0127959956872421,0.000163737505627918,1.75577355292634,1.84391621597738,1
42,"n600-b1_1-b2_2p8-b3_2p8",600,8,418,1,1,0,1.029619,1.029619,1.5,1.8,1,1.3,0.075,199,100,199,102,FALSE,NA,TRUE,NA,-0.0347389415409738,-0.0347389415409738,0.0347389415409738,0.0347389415409738,0.0012067940593872,-0.34731858035553,0.278809924498242,1,0.985409865385352,-0.0442091346146483,0.0442091346146483,0.0442091346146483,0.00195444758337609,0.722254770499302,1.25583813682184,1,1.06526007891497,0.0356410789149675,0.0356410789149675,0.0356410789149675,0.00127028650622294,0.685714330826726,1.44785822238323,1,1.52265436308535,0.0226543630853466,0.0226543630853466,0.0226543630853466,0.000513220166802716,1.39249797556579,1.76041165237027,1,1.81940136841667,0.0194013684166734,0.0194013684166734,0.0194013684166734,0.000376413096439492,1.72475502603294,1.96118839259188,1
42,"n600-b1_1-b2_2p8-b3_2p8",600,9,419,1,1,0,1.029619,1.029619,1.5,1.8,1,1.3,0.113333333333333,217,104,183,96,FALSE,NA,TRUE,NA,-0.289619374136237,-0.289619374136237,0.289619374136237,0.289619374136237,0.0838793818750658,-0.623899549209486,0.0413534544824602,1,0.924795289760688,-0.104823710239312,0.104823710239312,0.104823710239312,0.0109880102283352,0.634366572571711,1.22030346465873,1,1.35556196908063,0.325942969080625,0.325942969080625,0.325942969080625,0.106238819093093,0.960973759956878,1.75672584546703,1,1.49206007775813,-0.00793992224187212,0.00793992224187212,0.00793992224187212,6.30423652069756e-05,1.4566049122362,1.60294669403553,1,1.76122779538825,-0.0387722046117478,0.0387722046117478,0.0387722046117478,0.00150328385045524,1.70361393817185,1.84778368941793,1
42,"n600-b1_1-b2_2p8-b3_2p8",600,10,420,1,1,0,1.029619,1.029619,1.5,1.8,1,1.3,0.0933333333333334,200,92,204,104,FALSE,NA,TRUE,NA,0.130818722766678,0.130818722766678,0.130818722766678,0.130818722766678,0.017113538226305,-0.192583912340378,0.458982669949352,1,1.21250763958745,0.182888639587446,0.182888639587446,0.182888639587446,0.0334482544901466,0.926721790505834,1.49559612702491,1,0.880951911450358,-0.148667088549642,0.148667088549642,0.148667088549642,0.022101903217827,0.499122311743172,1.26537061722463,1,1.5389269027794,0.038926902779403,0.038926902779403,0.038926902779403,0.0015153037599971,1.42428003512693,1.69338206375992,1,1.89266344967106,0.0926634496710608,0.0926634496710608,0.0926634496710608,0.00858651490494121,1.78614225729793,2.06255822653621,1
43,"n600-b1_1-b2_2p8-b3_2p8",600,1,421,1,1,0,1.029619,1.029619,1.5,1.8,1,1.3,0.103333333333333,192,99,207,102,FALSE,NA,TRUE,NA,0.136241862058038,0.136241862058038,0.136241862058038,0.136241862058038,0.0185618449770413,-0.189876712407588,0.46139908718909,1,1.25728704877646,0.227668048776462,0.227668048776462,0.227668048776462,0.0518327404336816,0.979020952522286,1.54566660818791,1,1.02618221555245,-0.0034367844475538,0.0034367844475538,0.0034367844475538,1.18114873389477e-05,0.631276828681308,1.417183601544,1,1.53159231911394,0.0315923191139382,0.0315923191139382,0.0315923191139382,0.000998074626996907,1.47326361201116,1.60791383801777,1,1.7614571264845,-0.0385428735155044,0.0385428735155044,0.0385428735155044,0.00148555309883217,1.66852073983393,1.86471309469291,1
43,"n600-b1_1-b2_2p8-b3_2p8",600,2,422,1,1,0,1.029619,1.029619,1.5,1.8,1,1.3,0.0966666666666667,195,106,207,92,FALSE,NA,TRUE,NA,0.116754061311828,0.116754061311828,0.116754061311828,0.116754061311828,0.0136315108328062,-0.207562489239757,0.438774765108009,1,1.17491926624572,0.145300266245716,0.145300266245716,0.145300266245716,0.0211121673710759,0.88497750081142,1.47667324828043,1,0.816308536864506,-0.213310463135494,0.213310463135494,0.213310463135494,0.0455013536830788,0.431048100747935,1.20189762827291,1,1.52587225443507,0.0258722544350711,0.0258722544350711,0.0258722544350711,0.000669373549553058,1.46139544034938,1.70667046745907,1,1.80337022475367,0.0033702247536691,0.0033702247536691,0.0033702247536691,1.1358414890244e-05,1.75236191028777,1.89168898019984,1
43,"n600-b1_1-b2_2p8-b3_2p8",600,3,423,1,1,0,1.029619,1.029619,1.5,1.8,1,1.3,0.0983333333333334,196,123,174,107,FALSE,NA,TRUE,NA,-0.00973880506920094,-0.00973880506920094,0.00973880506920094,0.00973880506920094,9.48443241758939e-05,-0.309683039882956,0.284768616796524,1,0.848285766131254,-0.181333233868746,0.181333233868746,0.181333233868746,0.0328817417052975,0.567581617664939,1.13176871121093,1,1.0289652032201,-0.000653796779901406,0.000653796779901406,0.000653796779901406,4.27450229409447e-07,0.658117734901041,1.3923156501655,1,1.59471419886656,0.0947141988665572,0.0947141988665572,0.0947141988665572,0.00897077946693374,1.44585621737716,1.87222203147256,1,1.81270337537933,0.0127033753793337,0.0127033753793337,0.0127033753793337,0.000161375746028263,1.69963375045228,1.9820815750872,1
43,"n600-b1_1-b2_2p8-b3_2p8",600,4,424,1,1,0,1.029619,1.029619,1.5,1.8,1,1.3,0.09,198,92,199,111,FALSE,NA,TRUE,NA,0.0863789037624401,0.0863789037624401,0.0863789037624401,0.0863789037624401,0.00746131501520088,-0.236523950863545,0.40576792743028,1,1.1627022980992,0.133083298099203,0.133083298099203,0.133083298099203,0.0177111642329613,0.894199850196197,1.43827431404406,1,0.812861763375933,-0.216757236624067,0.216757236624067,0.216757236624067,0.0469836996289018,0.425723767172937,1.19605380687694,1,1.49009215444746,-0.00990784555253565,0.00990784555253565,0.00990784555253565,9.81654034929006e-05,1.41200013677115,1.60926611560594,1,1.7613478003554,-0.0386521996445988,0.0386521996445988,0.0386521996445988,0.00149399253736592,1.70561796918682,1.8955212041088,1
43,"n600-b1_1-b2_2p8-b3_2p8",600,5,425,1,1,0,1.029619,1.029619,1.5,1.8,1,1.3,0.0933333333333334,223,102,178,97,FALSE,NA,TRUE,NA,0.136470380384896,0.136470380384896,0.136470380384896,0.136470380384896,0.0186241647223982,-0.1859208917382,0.457910372527745,1,1.28955874974344,0.259939749743442,0.259939749743442,0.259939749743442,0.0675686734966832,0.995345286456056,1.59729498697596,1,0.999688963722353,-0.029930036277647,0.029930036277647,0.029930036277647,0.000895807071581266,0.610797506050692,1.38694615609612,1,1.5244367838781,0.0244367838780979,0.0244367838780979,0.0244367838780979,0.000597156406304865,1.44282767930789,1.84552573430363,1,1.77350783340329,-0.0264921665967102,0.0264921665967102,0.0264921665967102,0.000701834890987846,1.64565865426434,2.14596809997245,1
43,"n600-b1_1-b2_2p8-b3_2p8",600,6,426,1,1,0,1.029619,1.029619,1.5,1.8,1,1.3,0.103333333333333,203,94,200,103,FALSE,NA,TRUE,NA,0.0842977423600628,0.0842977423600628,0.0842977423600628,0.0842977423600628,0.00710610936700352,-0.238775876253634,0.410481884002603,1,1.07405608953792,0.0444370895379225,0.0444370895379225,0.0444370895379225,0.00197465492660134,0.794334124475479,1.36667458803225,1,0.914639391944262,-0.114979608055738,0.114979608055738,0.114979608055738,0.0132203102686511,0.526225209528767,1.30689079002792,1,1.58087640549684,0.0808764054968421,0.0808764054968421,0.0808764054968421,0.00654099296608962,1.46688199882858,1.78466384518241,1,1.89072285033814,0.0907228503381439,0.0907228503381439,0.0907228503381439,0.00823063557347725,1.76854988239527,2.18754179432782,1
43,"n600-b1_1-b2_2p8-b3_2p8",600,7,427,1,1,0,1.029619,1.029619,1.5,1.8,1,1.3,0.128333333333333,200,90,200,110,FALSE,NA,TRUE,NA,0.185461023856786,0.185461023856786,0.185461023856786,0.185461023856786,0.0343957913700074,-0.14984052836772,0.517380161955582,1,1.22052793673189,0.190908936731892,0.190908936731892,0.190908936731892,0.0364462221241015,0.934540801328689,1.51328702307583,1,0.829177351012962,-0.200441648987038,0.200441648987038,0.200441648987038,0.0401768546486431,0.429447177581366,1.2272852059353,1,1.50687937943378,0.00687937943377626,0.00687937943377626,0.00687937943377626,4.73258613938637e-05,1.37782065513504,1.59382066593546,1,1.81487759293099,0.0148775929309906,0.0148775929309906,0.0148775929309906,0.00022134277142026,1.73953334760237,1.90309470172397,1
43,"n600-b1_1-b2_2p8-b3_2p8",600,8,428,1,1,0,1.029619,1.029619,1.5,1.8,1,1.3,0.1,194,80,237,89,FALSE,NA,TRUE,NA,-0.510253932824071,-0.510253932824071,0.510253932824071,0.510253932824071,0.260359075962432,-0.881645010601168,-0.145797075930416,0,0.904781342902253,-0.124837657097747,0.124837657097747,0.124837657097747,0.0155844406296548,0.62348609458721,1.19278745856684,1,1.62958878364117,0.599969783641165,0.599969783641165,0.599969783641165,0.359963741282427,1.20238367206652,2.05804982161928,0,1.47108958254918,-0.0289104174508208,0.0289104174508208,0.0289104174508208,0.000835812237180723,1.43594099209401,1.55353087378602,1,1.71485554216485,-0.0851444578351523,0.0851444578351523,0.0851444578351523,0.00724957870004204,1.67380738565817,1.81174282371358,1
43,"n600-b1_1-b2_2p8-b3_2p8",600,9,429,1,1,0,1.029619,1.029619,1.5,1.8,1,1.3,0.0733333333333334,204,102,193,101,FALSE,NA,TRUE,NA,0.0189068480100799,0.0189068480100799,0.0189068480100799,0.0189068480100799,0.000357468901676263,-0.289561064413216,0.327789543819451,1,1.02150698290758,-0.00811201709241516,0.00811201709241516,0.00811201709241516,6.58048213076357e-05,0.747679958841225,1.3022344532791,1,1.00324229670608,-0.0263767032939197,0.0263767032939197,0.0263767032939197,0.000695730476655476,0.628896421312537,1.38257109770693,1,1.48946811036081,-0.0105318896391851,0.0105318896391851,0.0105318896391851,0.000110920699371974,1.31176065253584,1.63247979154132,1,1.83883306285494,0.0388330628549385,0.0388330628549385,0.0388330628549385,0.0015080067706956,1.73637159170622,1.98506848265661,1
43,"n600-b1_1-b2_2p8-b3_2p8",600,10,430,1,1,0,1.029619,1.029619,1.5,1.8,1,1.3,0.101666666666667,189,96,227,88,FALSE,NA,TRUE,NA,-0.1565939902861,-0.1565939902861,0.1565939902861,0.1565939902861,0.0245216777937233,-0.485655791642518,0.17411449457085,1,1.01010137788713,-0.019517622112867,0.019517622112867,0.019517622112867,0.000380937572940675,0.735752655613788,1.29464462300701,1,1.35549208131651,0.325873081316515,0.325873081316515,0.325873081316515,0.10619326512672,0.965738383515242,1.74724339569992,1,1.55793765188661,0.0579376518866117,0.0579376518866117,0.0579376518866117,0.0033567715061342,1.50021665562587,1.63019673713579,0,1.87123233923489,0.0712323392348946,0.0712323392348946,0.0712323392348946,0.0050740461528751,1.79489102455886,1.98994000043731,1
44,"n600-b1_1-b2_2p8-b3_2p8",600,1,431,1,1,0,1.029619,1.029619,1.5,1.8,1,1.3,0.103333333333333,212,100,191,97,FALSE,NA,TRUE,NA,-0.225913559117905,-0.225913559117905,0.225913559117905,0.225913559117905,0.0510369361933189,-0.556547452875107,0.106268951326083,1,0.93699159726173,-0.0926274027382697,0.0926274027382697,0.0926274027382697,0.00857983573803762,0.657841066262011,1.22562496701599,1,1.15519296121895,0.125573961218954,0.125573961218954,0.125573961218954,0.0157688197362195,0.753435885827407,1.55248639890051,1,1.53586789255715,0.0358678925571545,0.0358678925571545,0.0358678925571545,0.00128650571649158,1.4712240803441,1.65708308493956,1,1.81124550972647,0.0112455097264663,0.0112455097264663,0.0112455097264663,0.000126461489008049,1.75565198816438,1.94604004618071,1
44,"n600-b1_1-b2_2p8-b3_2p8",600,2,432,1,1,0,1.029619,1.029619,1.5,1.8,1,1.3,0.101666666666667,214,94,199,93,FALSE,NA,TRUE,NA,0.207796902375404,0.207796902375404,0.207796902375404,0.207796902375404,0.043179552636813,-0.126710371984411,0.541464426737008,1,1.28300926236602,0.253390262366017,0.253390262366017,0.253390262366017,0.0642066250619191,0.983430183457511,1.59461281966417,1,0.778336247928229,-0.251282752071771,0.251282752071771,0.251282752071771,0.0631430214887631,0.383094786606779,1.16819056837993,1,1.62003869351408,0.120038693514082,0.120038693514082,0.120038693514082,0.0144092879405678,1.58130165212962,1.64971505581842,0,1.86116307654885,0.0611630765488456,0.0611630765488456,0.0611630765488456,0.00374092193291994,1.82513966777704,1.90220116884636,0
44,"n600-b1_1-b2_2p8-b3_2p8",600,3,433,1,1,0,1.029619,1.029619,1.5,1.8,1,1.3,0.0983333333333334,233,90,171,106,FALSE,NA,TRUE,NA,-0.111146229340373,-0.111146229340373,0.111146229340373,0.111146229340373,0.0123534842965828,-0.436524078257995,0.212365602649005,1,0.911568065344416,-0.118050934655584,0.118050934655584,0.118050934655584,0.013936023173057,0.637512463581561,1.19206001815495,1,1.09874141995147,0.0691224199514677,0.0691224199514677,0.0691224199514677,0.00477790893994706,0.715437444186774,1.48813729493493,1,1.49241955997279,-0.00758044002721259,0.00758044002721259,0.00758044002721259,5.74630710061668e-05,1.44255468516411,1.56394224806402,1,1.79814182510164,-0.00185817489835638,0.00185817489835638,0.00185817489835638,3.45281395288174e-06,1.68258601833784,2.00360236857287,1
44,"n600-b1_1-b2_2p8-b3_2p8",600,4,434,1,1,0,1.029619,1.029619,1.5,1.8,1,1.3,0.09,209,98,188,105,FALSE,NA,TRUE,NA,0.05494086859558,0.05494086859558,0.05494086859558,0.05494086859558,0.00301849904203679,-0.257389673428275,0.362740919163862,1,0.919132194470369,-0.110486805529631,0.110486805529631,0.110486805529631,0.0122073341961425,0.657539341753854,1.18929014496903,1,1.02415451815705,-0.00546448184295278,0.00546448184295278,0.00546448184295278,2.98605618119607e-05,0.638548876659991,1.41282899973811,1,1.54338462507624,0.0433846250762433,0.0433846250762433,0.0433846250762433,0.0018822256930062,1.1932000830724,1.78879116801015,1,1.91872212995827,0.118722129958268,0.118722129958268,0.118722129958268,0.0140949441418278,1.70161740196801,2.20591799093251,1
44,"n600-b1_1-b2_2p8-b3_2p8",600,5,435,1,1,0,1.029619,1.029619,1.5,1.8,1,1.3,0.0983333333333334,194,108,207,91,FALSE,NA,TRUE,NA,0.0978246265159201,0.0978246265159201,0.0978246265159201,0.0978246265159201,0.00956965755297925,-0.221926468058294,0.418248322209234,1,1.04913353365535,0.0195145336553548,0.0195145336553548,0.0195145336553548,0.000380817023785976,0.763926624321619,1.34207645667771,1,0.996093538435943,-0.0335254615640573,0.0335254615640573,0.0335254615640573,0.00112395657308309,0.617040623131315,1.37576756153748,1,1.57318008991489,0.0731800899148933,0.0731800899148933,0.0731800899148933,0.00535532555995187,1.47422054660694,1.6633993378934,1,1.94439972935787,0.14439972935787,0.14439972935787,0.14439972935787,0.0208512818386262,1.71312945189342,2.15322642179425,1
44,"n600-b1_1-b2_2p8-b3_2p8",600,6,436,1,1,0,1.029619,1.029619,1.5,1.8,1,1.3,0.108333333333333,209,77,210,104,FALSE,NA,TRUE,NA,-0.15623434658975,-0.15623434658975,0.15623434658975,0.15623434658975,0.0244091710543261,-0.508995333843521,0.198913870056487,1,0.986754206177559,-0.0428647938224407,0.0428647938224407,0.0428647938224407,0.00183739054944035,0.719488585842277,1.26068870518166,1,1.20548295834674,0.175863958346739,0.175863958346739,0.175863958346739,0.0309281318453837,0.788270366264615,1.61115324852297,1,1.46393310615942,-0.0360668938405837,0.0360668938405837,0.0360668938405837,0.00130082083130793,1.36138714293854,1.57829830058992,1,1.8145399312671,0.0145399312670993,0.0145399312670993,0.0145399312670993,0.000211409601251972,1.64224822831821,2.02557528303043,1
44,"n600-b1_1-b2_2p8-b3_2p8",600,7,437,1,1,0,1.029619,1.029619,1.5,1.8,1,1.3,0.0833333333333334,222,93,196,89,FALSE,NA,TRUE,NA,0.123000372574032,0.123000372574032,0.123000372574032,0.123000372574032,0.0151290916533507,-0.204336519903762,0.451999666605805,1,0.997003717551315,-0.0326152824486855,0.0326152824486855,0.0326152824486855,0.00106375664920753,0.708368016269733,1.29023061705684,1,1.01129365416818,-0.0183253458318162,0.0183253458318162,0.0183253458318162,0.000335818299855664,0.624804176404172,1.40008523985667,1,1.45394894713824,-0.0460510528617617,0.0460510528617617,0.0460510528617617,0.00212069946967677,1.35135739348351,1.61052409149165,1,1.6982482737852,-0.101751726214799,0.101751726214799,0.101751726214799,0.0103534137876915,1.59749068906837,1.8321953758784,1
44,"n600-b1_1-b2_2p8-b3_2p8",600,8,438,1,1,0,1.029619,1.029619,1.5,1.8,1,1.3,0.0883333333333334,192,93,214,101,FALSE,NA,TRUE,NA,0.00873311766831193,0.00873311766831193,0.00873311766831193,0.00873311766831193,7.62673442085821e-05,-0.313601782670467,0.334286406830857,1,0.98580301148546,-0.0438159885145405,0.0438159885145405,0.0438159885145405,0.00191984084950634,0.714217927684056,1.26736581441561,1,1.16654895768982,0.136929957689821,0.136929957689821,0.136929957689821,0.0187498133129361,0.779887936753463,1.55291808063494,1,1.49024963382237,-0.00975036617763014,0.00975036617763014,0.00975036617763014,9.50696405978739e-05,1.45308617706128,1.5431383898602,1,1.78035082435291,-0.0196491756470898,0.0196491756470898,0.0196491756470898,0.000386090103610186,1.7466595252917,1.85390376689105,1
44,"n600-b1_1-b2_2p8-b3_2p8",600,9,439,1,1,0,1.029619,1.029619,1.5,1.8,1,1.3,0.095,207,102,200,91,FALSE,NA,TRUE,NA,-0.0762841660787733,-0.0762841660787733,0.0762841660787733,0.0762841660787733,0.00581927399433387,-0.406883782681556,0.255894242536611,1,1.13049761116606,0.100878611166056,0.100878611166056,0.100878611166056,0.0101764941907924,0.846277121460215,1.42292495506639,1,1.24887165280357,0.219252652803567,0.219252652803567,0.219252652803567,0.0480717257614015,0.852958812585998,1.6455041869829,1,1.49372806134311,-0.00627193865688613,0.00627193865688613,0.00627193865688613,3.93372145157426e-05,1.47016346743777,1.52585786957497,1,1.81573644199523,0.0157364419952313,0.0157364419952313,0.0157364419952313,0.000247635606669279,1.74231978775904,1.91374478405731,1
44,"n600-b1_1-b2_2p8-b3_2p8",600,10,440,1,1,0,1.029619,1.029619,1.5,1.8,1,1.3,0.0733333333333334,191,119,198,92,FALSE,NA,TRUE,NA,-0.128310596041856,-0.128310596041856,0.128310596041856,0.128310596041856,0.0164636090566163,-0.431152065741611,0.173745298938848,1,0.911292359599371,-0.118326640400629,0.118326640400629,0.118326640400629,0.0140011938284999,0.645495791184049,1.18537306431621,1,1.31550882367741,0.285889823677414,0.285889823677414,0.285889823677414,0.0817329912823031,0.941693694060977,1.69160330523327,1,1.52277944354521,0.0227794435452124,0.0227794435452124,0.0227794435452124,0.000518903048229521,1.41965825595227,1.66592098297699,1,1.84221966974857,0.0422196697485702,0.0422196697485702,0.0422196697485702,0.00178250051367833,1.77198240478743,2.01110190919979,1
45,"n600-b1_1-b2_2p8-b3_2p8",600,1,441,1,1,0,1.029619,1.029619,1.5,1.8,1,1.3,0.0833333333333334,180,98,228,94,FALSE,NA,TRUE,NA,0.0913555609708016,0.0913555609708016,0.0913555609708016,0.0913555609708016,0.00834583852028985,-0.237538111052198,0.425794996237263,1,1.02829331069482,-0.00132568930517984,0.00132568930517984,0.00132568930517984,1.75745213386822e-06,0.751668864102111,1.3114229590811,1,1.07822017191472,0.0486011719147221,0.0486011719147221,0.0486011719147221,0.00236207391148438,0.684492809528328,1.47114198196565,1,1.33486093830658,-0.165139061693424,0.165139061693424,0.165139061693424,0.0272709096969844,1.29731713836367,1.44791947512399,0,1.66546974805934,-0.134530251940664,0.134530251940664,0.134530251940664,0.0180983886872186,1.59129265429141,1.84129566551608,1
45,"n600-b1_1-b2_2p8-b3_2p8",600,2,442,1,1,0,1.029619,1.029619,1.5,1.8,1,1.3,0.09,203,106,198,93,FALSE,NA,TRUE,NA,-0.0957026757711635,-0.0957026757711635,0.0957026757711635,0.0957026757711635,0.00915900214976044,-0.412252246260452,0.216445929265903,1,0.945786404265979,-0.0838325957340206,0.0838325957340206,0.0838325957340206,0.00702790410750373,0.666202989563914,1.23203344225814,1,1.19972025938826,0.170101259388259,0.170101259388259,0.170101259388259,0.0289344384454717,0.818100908955908,1.58695819037538,1,1.4903585286027,-0.00964147139730431,0.00964147139730431,0.00964147139730431,9.29579707050372e-05,1.38698302020522,1.66010865282527,1,1.7983217747108,-0.00167822528920225,0.00167822528920225,0.00167822528920225,2.81644012131798e-06,1.72729358765686,1.85380213005799,1
45,"n600-b1_1-b2_2p8-b3_2p8",600,3,443,1,1,0,1.029619,1.029619,1.5,1.8,1,1.3,0.103333333333333,205,119,183,93,FALSE,NA,TRUE,NA,-0.0960854394817175,-0.0960854394817175,0.0960854394817175,0.0960854394817175,0.00923241168039479,-0.408282852391889,0.218621033450711,1,0.946938710019422,-0.0826802899805777,0.0826802899805777,0.0826802899805777,0.00683603035127243,0.672004665670595,1.23428104217242,1,1.34784825906256,0.318229259062557,0.318229259062557,0.318229259062557,0.101269861323504,0.958267402632099,1.73556876888245,1,1.53059286670115,0.0305928667011544,0.0305928667011544,0.0305928667011544,0.000935923492994599,1.48476082818018,1.71811242298339,1,1.81769929385862,0.0176992938586167,0.0176992938586167,0.0176992938586167,0.000313265003093666,1.7832712008931,1.97519498851422,1
45,"n600-b1_1-b2_2p8-b3_2p8",600,4,444,1,1,0,1.029619,1.029619,1.5,1.8,1,1.3,0.0916666666666667,203,99,198,100,FALSE,NA,TRUE,NA,0.00966794918398563,0.00966794918398563,0.00966794918398563,0.00966794918398563,9.34692414241285e-05,-0.301789199828536,0.324471529128189,1,1.06953009396134,0.0399110939613418,0.0399110939613418,0.0399110939613418,0.00159289542119106,0.796241039054881,1.35272472792291,1,0.859128254805595,-0.170490745194405,0.170490745194405,0.170490745194405,0.0290670941969435,0.485900755807601,1.24024554423681,1,1.48731063641651,-0.0126893635834919,0.0126893635834919,0.0126893635834919,0.000161019948154051,1.44776133133405,1.53170696658793,1,1.82098560492359,0.0209856049235886,0.0209856049235886,0.0209856049235886,0.000440395614008945,1.75213804300523,1.9064904169591,1
45,"n600-b1_1-b2_2p8-b3_2p8",600,5,445,1,1,0,1.029619,1.029619,1.5,1.8,1,1.3,0.101666666666667,192,108,186,114,FALSE,NA,TRUE,NA,-0.0175210754108946,-0.0175210754108946,0.0175210754108946,0.0175210754108946,0.000306988083554254,-0.320182508666889,0.289805822361394,1,1.09156088370192,0.061941883701919,0.061941883701919,0.061941883701919,0.00383679695654206,0.822904047580075,1.36649899792001,1,0.968696134494546,-0.0609228655054537,0.0609228655054537,0.0609228655054537,0.0037115955413956,0.590548895826263,1.34764575789656,1,1.59625983434905,0.0962598343490506,0.0962598343490506,0.0962598343490506,0.00926595570890666,1.49330679627035,1.73485637043063,1,1.89149822775302,0.0914982277530245,0.0914982277530245,0.0914982277530245,0.00837192568194435,1.74157740227847,1.98618301773971,1
45,"n600-b1_1-b2_2p8-b3_2p8",600,6,446,1,1,0,1.029619,1.029619,1.5,1.8,1,1.3,0.09,188,99,221,92,FALSE,NA,TRUE,NA,0.107519039879831,0.107519039879831,0.107519039879831,0.107519039879831,0.0115603439366807,-0.211922104461744,0.428989439884008,1,1.09256291795213,0.0629439179521327,0.0629439179521327,0.0629439179521327,0.00396193680716482,0.813781006101304,1.3828178383243,1,0.843749907344719,-0.185869092655281,0.185869092655281,0.185869092655281,0.0345473196044973,0.458804158058542,1.22759461980223,1,1.42698295986226,-0.0730170401377392,0.0730170401377392,0.0730170401377392,0.00533148815047622,1.25280050245797,1.72835227492712,1,1.68990620314528,-0.110093796854718,0.110093796854718,0.110093796854718,0.0121206441058879,1.59640230326536,1.84160048983329,1
45,"n600-b1_1-b2_2p8-b3_2p8",600,7,447,1,1,0,1.029619,1.029619,1.5,1.8,1,1.3,0.115,198,102,199,101,FALSE,NA,TRUE,NA,-0.025130878344083,-0.025130878344083,0.025130878344083,0.025130878344083,0.000631561046345102,-0.35813087653538,0.307232380933059,1,1.12623352368469,0.0966145236846929,0.0966145236846929,0.0966145236846929,0.00933436618682009,0.848713658792777,1.41094468068858,1,0.997607759320302,-0.0320112406796977,0.0320112406796977,0.0320112406796977,0.00102471952985354,0.595114127405826,1.39045796010592,1,1.53798299409371,0.0379829940937149,0.0379829940937149,0.0379829940937149,0.00144270784032318,1.41696358877581,1.72097017944923,1,1.81590236091625,0.0159023609162461,0.0159023609162461,0.0159023609162461,0.000252885082710551,1.74435277828491,1.95003801148356,1
45,"n600-b1_1-b2_2p8-b3_2p8",600,8,448,1,1,0,1.029619,1.029619,1.5,1.8,1,1.3,0.09,207,104,180,109,FALSE,NA,TRUE,NA,0.107533956756222,0.107533956756222,0.107533956756222,0.107533956756222,0.011563551855649,-0.198889389594747,0.4129052647225,1,1.22101955797953,0.191400557979529,0.191400557979529,0.191400557979529,0.0366341735948749,0.946431026668373,1.49915182826114,1,0.790308286070757,-0.239310713929243,0.239310713929243,0.239310713929243,0.0572696178013238,0.418862357436103,1.16347958161869,1,1.44700562567195,-0.0529943743280503,0.0529943743280503,0.0529943743280503,0.00280840371042152,1.34273961527343,1.52988794187197,1,1.77220359313077,-0.027796406869226,0.027796406869226,0.027796406869226,0.000772640234839555,1.68579343958257,1.88065478419129,1
45,"n600-b1_1-b2_2p8-b3_2p8",600,9,449,1,1,0,1.029619,1.029619,1.5,1.8,1,1.3,0.116666666666667,204,83,205,108,FALSE,NA,TRUE,NA,0.0407075033742094,0.0407075033742094,0.0407075033742094,0.0407075033742094,0.00165710083096127,-0.307303551938614,0.38870411989896,1,1.0505549000625,0.0209359000625027,0.0209359000625027,0.0209359000625027,0.0004383119114271,0.781448847597023,1.32681380920231,1,1.00547726251094,-0.0241417374890616,0.0241417374890616,0.0241417374890616,0.000582823488990761,0.599870316890351,1.41406461036811,1,1.48129673864017,-0.0187032613598337,0.0187032613598337,0.0187032613598337,0.000349811985494248,1.43981416532817,1.54402356910197,1,1.76333294954663,-0.0366670504533737,0.0366670504533737,0.0366670504533737,0.00134447258895025,1.68510933767546,1.81638645185361,1
45,"n600-b1_1-b2_2p8-b3_2p8",600,10,450,1,1,0,1.029619,1.029619,1.5,1.8,1,1.3,0.1,175,116,204,105,FALSE,NA,TRUE,NA,-0.115581008398827,-0.115581008398827,0.115581008398827,0.115581008398827,0.0133589695024896,-0.418354225111126,0.192011429763453,1,0.934843537813333,-0.0947754621866669,0.0947754621866669,0.0947754621866669,0.00898238823269632,0.670877013312279,1.20759776708572,1,1.28586166856256,0.256242668562565,0.256242668562565,0.256242668562565,0.0656603051920643,0.911678328836932,1.66776113039692,1,1.4811493416135,-0.0188506583865,0.0188506583865,0.0188506583865,0.000355347321604524,1.41543340095906,1.59580099333359,1,1.78450639689751,-0.0154936031024877,0.0154936031024877,0.0154936031024877,0.000240051737097417,1.69551578614997,1.91663186354532,1
46,"n600-b1_1-b2_2p8-b3_2p8",600,1,451,1,1,0,1.029619,1.029619,1.5,1.8,1,1.3,0.0966666666666667,193,103,211,93,FALSE,NA,TRUE,NA,-0.0910223669569625,-0.0910223669569625,0.0910223669569625,0.0910223669569625,0.00828507128644793,-0.425237440968976,0.246020413962153,1,1.10043079695478,0.070811796954775,0.070811796954775,0.070811796954775,0.00501431058796429,0.810286639043969,1.40088092578976,1,0.930575413393371,-0.0990435866066288,0.0990435866066288,0.0990435866066288,0.00980963204790478,0.539937355848703,1.32481744428328,1,1.39559923176708,-0.104400768232924,0.104400768232924,0.104400768232924,0.0108995204076246,1.29395162176171,1.52957407519263,1,1.72607865306147,-0.07392134693853,0.07392134693853,0.07392134693853,0.00546436553320652,1.63889743753721,1.82098610769985,1
46,"n600-b1_1-b2_2p8-b3_2p8",600,2,452,1,1,0,1.029619,1.029619,1.5,1.8,1,1.3,0.0816666666666667,195,107,192,106,FALSE,NA,TRUE,NA,-0.112127158771717,-0.112127158771717,0.112127158771717,0.112127158771717,0.0125724997342177,-0.416031988516171,0.186687092743735,1,0.974774942061287,-0.0548440579387126,0.0548440579387126,0.0548440579387126,0.00300787069118487,0.708543240456712,1.2425383882447,1,1.00823905870795,-0.0213799412920455,0.0213799412920455,0.0213799412920455,0.00045710188965131,0.637249916669867,1.37416164702878,1,1.52650576597752,0.0265057659775225,0.0265057659775225,0.0265057659775225,0.00070255563005519,1.46667063500741,1.60628399979427,1,1.79550479517937,-0.00449520482063037,0.00449520482063037,0.00449520482063037,2.02068663794185e-05,1.72179879269879,1.85706768926942,1
46,"n600-b1_1-b2_2p8-b3_2p8",600,3,453,1,1,0,1.029619,1.029619,1.5,1.8,1,1.3,0.0983333333333334,189,95,220,96,FALSE,NA,TRUE,NA,0.013962073300522,0.013962073300522,0.013962073300522,0.013962073300522,0.000194939490849149,-0.314581117899729,0.33362819063692,1,1.05375154224532,0.0241325422453189,0.0241325422453189,0.0241325422453189,0.000582379595222102,0.779441604225382,1.333783553345,1,1.19703953609961,0.167420536099606,0.167420536099606,0.167420536099606,0.0280296359078794,0.808154206328989,1.59554677610074,1,1.49784424843181,-0.00215575156818559,0.00215575156818559,0.00215575156818559,4.64726482373464e-06,1.46175249636637,1.55841594163942,1,1.83739418925434,0.0373941892543406,0.0373941892543406,0.0373941892543406,0.00139832538998944,1.7766640636943,1.96184386739837,1
46,"n600-b1_1-b2_2p8-b3_2p8",600,4,454,1,1,0,1.029619,1.029619,1.5,1.8,1,1.3,0.075,189,88,204,119,FALSE,NA,TRUE,NA,0.13194736574186,0.13194736574186,0.13194736574186,0.13194736574186,0.0174101073262163,-0.165961751120136,0.423728654984415,1,0.930295648832655,-0.0993233511673447,0.0993233511673447,0.0993233511673447,0.00986512808711167,0.676853093867481,1.18401285565153,1,1.02007137119049,-0.00954762880950599,0.00954762880950599,0.00954762880950599,9.11572158841088e-05,0.65097695276751,1.38881586167944,1,1.64014954639653,0.140149546396533,0.140149546396533,0.140149546396533,0.019641895355154,1.48816432291787,1.82304071646667,1,1.83001476251431,0.0300147625143108,0.0300147625143108,0.0300147625143108,0.000900885968790476,1.77408610950133,1.93222731873855,1
46,"n600-b1_1-b2_2p8-b3_2p8",600,5,455,1,1,0,1.029619,1.029619,1.5,1.8,1,1.3,0.0983333333333334,202,103,193,102,FALSE,NA,TRUE,NA,0.120873335445344,0.120873335445344,0.120873335445344,0.120873335445344,0.0146103632216826,-0.198190101077148,0.444399020971865,1,1.06215946784082,0.0325404678408221,0.0325404678408221,0.0325404678408221,0.00105888204729958,0.78336094267233,1.35445092485832,1,0.83296536090427,-0.19665363909573,0.19665363909573,0.19665363909573,0.0386726537695938,0.447551837642765,1.21356706330828,1,1.36867715215242,-0.131322847847577,0.131322847847577,0.131322847847577,0.0172456903667978,1.30155643203777,1.46600360796376,0,1.6814815749983,-0.118518425001697,0.118518425001697,0.118518425001697,0.0140466170648829,1.53656395324587,1.80182478637014,1
46,"n600-b1_1-b2_2p8-b3_2p8",600,6,456,1,1,0,1.029619,1.029619,1.5,1.8,1,1.3,0.1,174,98,204,124,FALSE,NA,TRUE,NA,0.0965812207859631,0.0965812207859631,0.0965812207859631,0.0965812207859631,0.00932793220850695,-0.209596995210554,0.404325681089413,1,0.869229735447098,-0.160389264552902,0.160389264552902,0.160389264552902,0.0257247161838208,0.616059322138712,1.12776566867333,1,0.916227612064062,-0.113391387935938,0.113391387935938,0.113391387935938,0.0128576068580384,0.538395377427537,1.29204057063777,1,1.27589897010472,-0.224101029895282,0.224101029895282,0.224101029895282,0.050221271600126,1.08988914128907,1.5402591523107,1,1.69033569631811,-0.10966430368189,0.10966430368189,0.10966430368189,0.0120262595020339,1.57061102155505,1.92802175666281,1
46,"n600-b1_1-b2_2p8-b3_2p8",600,7,457,1,1,0,1.029619,1.029619,1.5,1.8,1,1.3,0.0983333333333334,207,100,193,100,FALSE,NA,TRUE,NA,-0.0909815618953885,-0.0909815618953885,0.0909815618953885,0.0909815618953885,0.0082776446049244,-0.409795279179264,0.229436259945762,1,0.921973608159439,-0.107645391840561,0.107645391840561,0.107645391840561,0.011587530384508,0.647372301758808,1.20079790301877,1,1.06590782533775,0.0362888253377533,0.0362888253377533,0.0362888253377533,0.00131687884439397,0.680223887450843,1.45153064076404,1,1.51398707002248,0.0139870700224773,0.0139870700224773,0.0139870700224773,0.000195638127813684,1.3731367274954,1.5984521652888,1,1.79808398501396,-0.00191601498603977,0.00191601498603977,0.00191601498603977,3.67111342672899e-06,1.67879943955617,1.88850383681323,1
46,"n600-b1_1-b2_2p8-b3_2p8",600,8,458,1,1,0,1.029619,1.029619,1.5,1.8,1,1.3,0.0833333333333334,194,88,221,97,FALSE,NA,TRUE,NA,0.136911206939145,0.136911206939145,0.136911206939145,0.136911206939145,0.0187446785855333,-0.200356021269153,0.471671779780516,1,1.12603641452806,0.0964174145280567,0.0964174145280567,0.0964174145280567,0.00929631782427513,0.853520491778262,1.4101489345859,1,0.874985320147435,-0.154633679852565,0.154633679852565,0.154633679852565,0.0239115749447457,0.479037988637198,1.26984526047825,1,1.40393642196803,-0.096063578031969,0.096063578031969,0.096063578031969,0.00922821102430419,1.29210125267923,1.51969479913272,1,1.69522750269917,-0.104772497300831,0.104772497300831,0.104772497300831,0.0109772761906527,1.58733488884538,1.82819030286686,1
46,"n600-b1_1-b2_2p8-b3_2p8",600,9,459,1,1,0,1.029619,1.029619,1.5,1.8,1,1.3,0.123333333333333,208,105,188,99,FALSE,NA,TRUE,NA,0.0732336050300763,0.0732336050300763,0.0732336050300763,0.0732336050300763,0.00536316090570121,-0.256393377182636,0.401984625842703,1,1.14721417492686,0.117595174926859,0.117595174926859,0.117595174926859,0.0138286251660786,0.85761740834684,1.44620582823824,1,0.973715338768447,-0.0559036612315535,0.0559036612315535,0.0559036612315535,0.0031252193390923,0.58198616203948,1.36783920085619,1,1.52120073167761,0.0212007316776142,0.0212007316776142,0.0212007316776142,0.000449471023666192,1.50034302152328,1.60895505577301,0,1.81085392032285,0.0108539203228468,0.0108539203228468,0.0108539203228468,0.000117807586374707,1.76871736618312,1.91973049320494,1
46,"n600-b1_1-b2_2p8-b3_2p8",600,10,460,1,1,0,1.029619,1.029619,1.5,1.8,1,1.3,0.0866666666666667,209,100,185,106,FALSE,NA,TRUE,NA,0.0797252140964454,0.0797252140964454,0.0797252140964454,0.0797252140964454,0.00635610976272405,-0.232488696477373,0.392278219735061,1,1.09330785964266,0.0636888596426606,0.0636888596426606,0.0636888596426606,0.00405627084258252,0.820763538539833,1.37291414747575,1,0.846380983709033,-0.183238016290967,0.183238016290967,0.183238016290967,0.0335761706142489,0.467256734742599,1.22089140349555,1,1.5580817524895,0.0580817524894961,0.0580817524894961,0.0580817524894961,0.00337348997225109,1.48652053442127,1.7014418934101,1,1.85965078234823,0.0596507823482344,0.0596507823482344,0.0596507823482344,0.00355821583475643,1.73957374033922,2.04839166094047,1
47,"n600-b1_1-b2_2p8-b3_2p8",600,1,461,1,1,0,1.029619,1.029619,1.5,1.8,1,1.3,0.108333333333333,204,101,211,84,FALSE,NA,TRUE,NA,0.0839588171801167,0.0839588171801167,0.0839588171801167,0.0839588171801167,0.00704908298228426,-0.257423544838694,0.429159010708384,1,1.01020655893726,-0.0194124410627372,0.0194124410627372,0.0194124410627372,0.000376842868014246,0.716996302605005,1.31865203915071,1,0.975217585302075,-0.0544014146979249,0.0544014146979249,0.0544014146979249,0.0029595139211356,0.574308529730783,1.37540346273762,1,1.50370857323767,0.00370857323767204,0.00370857323767204,0.00370857323767204,1.37535154591773e-05,1.43948114596965,1.63688016292509,1,1.8033643181872,0.00336431818719851,0.00336431818719851,0.00336431818719851,1.13186368647147e-05,1.75123310002299,1.90811981933465,1
47,"n600-b1_1-b2_2p8-b3_2p8",600,2,462,1,1,0,1.029619,1.029619,1.5,1.8,1,1.3,0.111666666666667,185,85,218,112,FALSE,NA,TRUE,NA,0.104505482523235,0.104505482523235,0.104505482523235,0.104505482523235,0.0109213958774142,-0.235114867240997,0.444870466596535,1,1.11155550149228,0.0819365014922802,0.0819365014922802,0.0819365014922802,0.00671359027679443,0.838285201773439,1.38681573168856,1,0.97667402351476,-0.0529449764852404,0.0529449764852404,0.0529449764852404,0.00280317053502266,0.571349698786708,1.37867609533829,1,1.47497187671695,-0.0250281232830518,0.0250281232830518,0.0250281232830518,0.000626406955071641,1.41826835353494,1.54150659623192,1,1.77051328359241,-0.0294867164075934,0.0294867164075934,0.0294867164075934,0.000869466444501836,1.68394181373615,1.86014215907366,1
47,"n600-b1_1-b2_2p8-b3_2p8",600,3,463,1,1,0,1.029619,1.029619,1.5,1.8,1,1.3,0.0916666666666667,189,102,211,98,FALSE,NA,TRUE,NA,-0.110168588343099,-0.110168588343099,0.110168588343099,0.110168588343099,0.0121371178575112,-0.42868198311825,0.207295282917743,1,0.73055746611963,-0.29906153388037,0.29906153388037,0.29906153388037,0.0894378010468797,0.463151970551227,1.00160079850015,0,1.25168820971735,0.222069209717347,0.222069209717347,0.222069209717347,0.0493147339044869,0.868756336006046,1.63983017904984,1,1.52766517063817,0.0276651706381701,0.0276651706381701,0.0276651706381701,0.000765361666439068,1.45594486743639,1.69926296672437,1,1.8404307533936,0.0404307533935955,0.0404307533935955,0.0404307533935955,0.00163464581997373,1.47084220238036,2.08076125391704,1
47,"n600-b1_1-b2_2p8-b3_2p8",600,4,464,1,1,0,1.029619,1.029619,1.5,1.8,1,1.3,0.0983333333333334,209,110,195,86,FALSE,NA,TRUE,NA,-0.0536708156705726,-0.0536708156705726,0.0536708156705726,0.0536708156705726,0.00288055645474459,-0.383542700041208,0.284837607024626,1,1.14753520237288,0.117916202372883,0.117916202372883,0.117916202372883,0.0139042307820428,0.853938190999184,1.45507329248209,1,1.14363774177783,0.114018741777832,0.114018741777832,0.114018741777832,0.0130002734766,0.73995353947694,1.53826190205739,1,1.49555159024921,-0.00444840975078598,0.00444840975078598,0.00444840975078598,1.97883493108877e-05,1.43803853612441,1.61652935028176,1,1.79116824307835,-0.0088317569216525,0.0088317569216525,0.0088317569216525,7.79999303231568e-05,1.7084256341015,1.8515754245106,1
47,"n600-b1_1-b2_2p8-b3_2p8",600,5,465,1,1,0,1.029619,1.029619,1.5,1.8,1,1.3,0.1,212,111,174,103,FALSE,NA,TRUE,NA,0.0180270076609342,0.0180270076609342,0.0180270076609342,0.0180270076609342,0.00032497300520738,-0.298338267010828,0.333073610524797,1,1.11441727010954,0.0847982701095438,0.0847982701095438,0.0847982701095438,0.00719074661357114,0.830929177014134,1.40180317511114,1,0.991980282166113,-0.0376387178338875,0.0376387178338875,0.0376387178338875,0.001416673080179,0.608338039786865,1.3738953457481,1,1.4213055079791,-0.0786944920209003,0.0786944920209003,0.0786944920209003,0.00619282307442754,1.37814008494322,1.49970053645789,0,1.84229578099039,0.0422957809903883,0.0422957809903883,0.0422957809903883,0.00178893308958689,1.78232568402809,1.9240887186331,1
47,"n600-b1_1-b2_2p8-b3_2p8",600,6,466,1,1,0,1.029619,1.029619,1.5,1.8,1,1.3,0.0783333333333334,190,88,218,104,FALSE,NA,TRUE,NA,-0.0926902984715572,-0.0926902984715572,0.0926902984715572,0.0926902984715572,0.00859149143074637,-0.423958989121516,0.239627238345744,1,1.05771388647907,0.0280948864790675,0.0280948864790675,0.0280948864790675,0.000789322646271693,0.790659394584386,1.33334542889662,1,1.04564920202636,0.016030202026355,0.016030202026355,0.016030202026355,0.000256967377005755,0.652374945513376,1.43533332997874,1,1.49354345315469,-0.00645654684531105,0.00645654684531105,0.00645654684531105,4.16869971656961e-05,1.47033652328848,1.55726247500292,1,1.7677016274626,-0.0322983725373998,0.0322983725373998,0.0322983725373998,0.00104318486856466,1.70951354556325,1.85136902713221,1
47,"n600-b1_1-b2_2p8-b3_2p8",600,7,467,1,1,0,1.029619,1.029619,1.5,1.8,1,1.3,0.111666666666667,208,106,195,91,FALSE,NA,TRUE,NA,-0.0119594823753682,-0.0119594823753682,0.0119594823753682,0.0119594823753682,0.000143029218686743,-0.348543860828272,0.328030938168999,1,1.16087945498754,0.131260454987536,0.131260454987536,0.131260454987536,0.017229307043535,0.8665237870892,1.46531036875863,1,1.0991339181091,0.0695149181091028,0.0695149181091028,0.0695149181091028,0.00483232383971527,0.695824165785943,1.49963981967695,1,1.46882486454507,-0.0311751354549323,0.0311751354549323,0.0311751354549323,0.000971889070633379,1.37730401525519,1.54156096762811,1,1.78878456887444,-0.0112154311255552,0.0112154311255552,0.0112154311255552,0.000125785895332073,1.64650517198037,1.97783071546308,1
47,"n600-b1_1-b2_2p8-b3_2p8",600,8,468,1,1,0,1.029619,1.029619,1.5,1.8,1,1.3,0.1,217,103,172,108,FALSE,NA,TRUE,NA,0.0458233944110355,0.0458233944110355,0.0458233944110355,0.0458233944110355,0.00209978347534932,-0.26898515250049,0.357350121906336,1,0.957645052006845,-0.0719739479931549,0.0719739479931549,0.0719739479931549,0.00518024918972137,0.689679631420636,1.2351155391508,1,1.14687281256502,0.117253812565019,0.117253812565019,0.117253812565019,0.0137484565610325,0.763042458603938,1.53427353758513,1,1.48885204651472,-0.0111479534852814,0.0111479534852814,0.0111479534852814,0.000124276866909998,1.44742370407894,1.58358737685236,1,1.7741981025346,-0.0258018974654013,0.0258018974654013,0.0258018974654013,0.000665737912815082,1.69445424157333,1.90014008269306,1
47,"n600-b1_1-b2_2p8-b3_2p8",600,9,469,1,1,0,1.029619,1.029619,1.5,1.8,1,1.3,0.103333333333333,191,87,196,126,FALSE,NA,TRUE,NA,0.0596073141941327,0.0596073141941327,0.0596073141941327,0.0596073141941327,0.00355303190543805,-0.264164555726864,0.374971386979567,1,1.09519414243431,0.0655751424343132,0.0655751424343132,0.0655751424343132,0.00430009930528046,0.842006842958187,1.35729432409885,1,0.796658672590772,-0.232960327409228,0.232960327409228,0.232960327409228,0.0542705141466146,0.408514975298403,1.18621254306513,1,1.51160732703061,0.0116073270306134,0.0116073270306134,0.0116073270306134,0.000134730040795609,1.44353805323043,1.62978252402918,1,1.87635270231167,0.0763527023116686,0.0763527023116686,0.0763527023116686,0.00582973515029428,1.73859864844571,2.04083162659895,1
47,"n600-b1_1-b2_2p8-b3_2p8",600,10,470,1,1,0,1.029619,1.029619,1.5,1.8,1,1.3,0.1,209,109,199,83,FALSE,NA,TRUE,NA,0.0601260287220516,0.0601260287220516,0.0601260287220516,0.0601260287220516,0.00361513932988497,-0.27131053183041,0.398378879552928,1,1.00343867270183,-0.0261803272981718,0.0261803272981718,0.0261803272981718,0.000685409537439398,0.707327107283942,1.30683487423896,1,1.15765244138977,0.128033441389767,0.128033441389767,0.128033441389767,0.0163925621141068,0.758399302596601,1.55469933913699,1,1.48236599251709,-0.0176340074829107,0.0176340074829107,0.0176340074829107,0.000310958219907349,1.36576163147021,1.58397156705628,1,1.81690988013077,0.016909880130769,0.016909880130769,0.016909880130769,0.000285944046036976,1.76950136465815,1.91274951077151,1
48,"n600-b1_1-b2_2p8-b3_2p8",600,1,471,1,1,0,1.029619,1.029619,1.5,1.8,1,1.3,0.0983333333333334,200,93,201,106,FALSE,NA,TRUE,NA,0.126047303953094,0.126047303953094,0.126047303953094,0.126047303953094,0.0158879228338436,-0.206633925082904,0.455122401535798,1,1.17404410451031,0.144425104510306,0.144425104510306,0.144425104510306,0.0208586108128129,0.900264296938043,1.45597995937809,1,0.881776778462046,-0.147842221537954,0.147842221537954,0.147842221537954,0.0218573224692774,0.496823625718211,1.27790228641128,1,1.46677522633794,-0.0332247736620563,0.0332247736620563,0.0332247736620563,0.00110388558489487,1.39600035019144,1.5375899717447,1,1.8143534212097,0.014353421209695,0.014353421209695,0.014353421209695,0.000206020700422921,1.75541320422935,1.8945072880079,1
48,"n600-b1_1-b2_2p8-b3_2p8",600,2,472,1,1,0,1.029619,1.029619,1.5,1.8,1,1.3,0.095,186,96,202,116,FALSE,NA,TRUE,NA,-0.0811053607522959,-0.0811053607522959,0.0811053607522959,0.0811053607522959,0.00657807954276007,-0.392533049333504,0.230952836999965,1,0.879264674519849,-0.150354325480151,0.150354325480151,0.150354325480151,0.0226064231905912,0.622982321015716,1.13944392838274,1,1.16258510822351,0.132966108223515,0.132966108223515,0.132966108223515,0.0176799859361074,0.783635140442282,1.53915465354366,1,1.48137072227546,-0.0186292777245409,0.0186292777245409,0.0186292777245409,0.000347049988538077,1.43986126612728,1.60312885959081,1,1.71148126234234,-0.0885187376576593,0.0885187376576593,0.0885187376576593,0.00783556691650551,1.60908789059615,1.88308848301094,1
48,"n600-b1_1-b2_2p8-b3_2p8",600,3,473,1,1,0,1.029619,1.029619,1.5,1.8,1,1.3,0.0983333333333334,209,102,182,107,FALSE,NA,TRUE,NA,-0.189452000546149,-0.189452000546149,0.189452000546149,0.189452000546149,0.0358920605109379,-0.506432298765255,0.123861372967706,1,0.839643073318848,-0.189975926681152,0.189975926681152,0.189975926681152,0.0360908527183624,0.575394686271353,1.11164578688179,1,1.28800775253094,0.258388752530936,0.258388752530936,0.258388752530936,0.0667647474344933,0.901622746895871,1.67512320167661,1,1.51309208663118,0.0130920866311786,0.0130920866311786,0.0130920866311786,0.000171402732358284,1.36863510068889,1.57502139725434,1,1.82300561030333,0.02300561030333,0.02300561030333,0.02300561030333,0.000529258105428685,1.79612148492056,1.8958139800844,1
48,"n600-b1_1-b2_2p8-b3_2p8",600,4,474,1,1,0,1.029619,1.029619,1.5,1.8,1,1.3,0.105,198,105,193,104,FALSE,NA,TRUE,NA,0.0634454727478365,0.0634454727478365,0.0634454727478365,0.0634454727478365,0.00402532801219646,-0.252286091307747,0.385473154337792,1,0.929947515039023,-0.0996714849609771,0.0996714849609771,0.0996714849609771,0.00993440491432629,0.654569488183661,1.21149312685013,1,1.13823649369283,0.108617493692833,0.108617493692833,0.108617493692833,0.0117977599361127,0.751650419651023,1.52883755779554,1,1.46903881043947,-0.0309611895605264,0.0309611895605264,0.0309611895605264,0.000958595259002849,1.42233495351932,1.55056641994587,1,1.75804432337537,-0.0419556766246312,0.0419556766246312,0.0419556766246312,0.00176027880103062,1.65305774603155,1.92887381332598,1
48,"n600-b1_1-b2_2p8-b3_2p8",600,5,475,1,1,0,1.029619,1.029619,1.5,1.8,1,1.3,0.0833333333333334,199,92,208,101,FALSE,NA,TRUE,NA,-0.248800249164622,-0.248800249164622,0.248800249164622,0.248800249164622,0.0619015639843778,-0.570948875260721,0.0658498897135478,1,0.879180454443546,-0.150438545556455,0.150438545556455,0.150438545556455,0.0226317559891414,0.617647703826294,1.15002805576139,1,1.23719599287984,0.20757699287984,0.20757699287984,0.20757699287984,0.0430882079730373,0.849244430526758,1.62138297623502,1,1.55482516284813,0.0548251628481298,0.0548251628481298,0.0548251628481298,0.00300579848132395,1.43673840914176,1.79094227604216,1,1.86778644922191,0.0677864492219051,0.0677864492219051,0.0677864492219051,0.00459500269811392,1.78007453928671,2.16781762743373,1
48,"n600-b1_1-b2_2p8-b3_2p8",600,6,476,1,1,0,1.029619,1.029619,1.5,1.8,1,1.3,0.106666666666667,191,105,209,95,FALSE,NA,TRUE,NA,-0.0485121774165681,-0.0485121774165681,0.0485121774165681,0.0485121774165681,0.00235343135769658,-0.372647842910394,0.276465393868045,1,1.0944455578831,0.0648265578830982,0.0648265578830982,0.0648265578830982,0.00420248260697068,0.814026570513159,1.37965612274053,1,1.05988750433804,0.0302685043380369,0.0302685043380369,0.0302685043380369,0.000916182354861756,0.679242597713611,1.44260126767683,1,1.50791392606493,0.00791392606493169,0.00791392606493169,0.00791392606493169,6.26302257612051e-05,1.43327352611962,1.56861419695059,1,1.75000332552462,-0.0499966744753764,0.0499966744753764,0.0499966744753764,0.00249966745859675,1.62103535774461,1.85607187702717,1
48,"n600-b1_1-b2_2p8-b3_2p8",600,7,477,1,1,0,1.029619,1.029619,1.5,1.8,1,1.3,0.103333333333333,224,100,173,103,FALSE,NA,TRUE,NA,0.181563458364439,0.181563458364439,0.181563458364439,0.181563458364439,0.0329652894132553,-0.135182296433139,0.506351261519919,1,1.1161021275039,0.0864831275039046,0.0864831275039046,0.0864831275039046,0.00747933134285663,0.827727549554032,1.41229886161525,1,0.901447065126486,-0.128171934873514,0.128171934873514,0.128171934873514,0.0164280448892203,0.508850146529064,1.2844550950607,1,1.51849168960614,0.0184916896061367,0.0184916896061367,0.0184916896061367,0.000341942584489703,1.48170680809431,1.60539546497474,1,1.82600796806082,0.0260079680608218,0.0260079680608218,0.0260079680608218,0.000676414402652729,1.72392258108621,1.92568953701264,1
48,"n600-b1_1-b2_2p8-b3_2p8",600,8,478,1,1,0,1.029619,1.029619,1.5,1.8,1,1.3,0.115,220,101,179,100,FALSE,NA,TRUE,NA,0.30421919718144,0.30421919718144,0.30421919718144,0.30421919718144,0.0925493199337201,-0.0256443174137321,0.634080573461704,1,1.18001855426484,0.150399554264835,0.150399554264835,0.150399554264835,0.0226200259230611,0.882633742183784,1.48276888383182,1,0.963109172792385,-0.0665098272076151,0.0665098272076151,0.0665098272076151,0.00442355711518682,0.564951195181566,1.36441796287951,1,1.6166512489431,0.116651248943103,0.116651248943103,0.116651248943103,0.0136075138799859,1.49255986274455,1.82833745587285,1,1.98069470891836,0.180694708918356,0.180694708918356,0.180694708918356,0.0326505778310893,1.85905084428189,2.14550548278374,0
48,"n600-b1_1-b2_2p8-b3_2p8",600,9,479,1,1,0,1.029619,1.029619,1.5,1.8,1,1.3,0.0966666666666667,185,102,203,110,FALSE,NA,TRUE,NA,0.151991240592717,0.151991240592717,0.151991240592717,0.151991240592717,0.0231013372169131,-0.164625005379122,0.471903072258571,1,1.0569522530555,0.0273332530554975,0.0273332530554975,0.0273332530554975,0.000747106722595863,0.791673805532527,1.32833484335794,1,0.82531296369752,-0.20430603630248,0.20430603630248,0.20430603630248,0.0417409564696302,0.445420076671936,1.20861680107854,1,1.48686711888939,-0.0131328811106066,0.0131328811106066,0.0131328811106066,0.000172472566265328,1.40288926324133,1.73202603807049,1,1.75273616380518,-0.0472638361948179,0.0472638361948179,0.0472638361948179,0.00223387021185058,1.67933257157615,1.92817134447492,1
48,"n600-b1_1-b2_2p8-b3_2p8",600,10,480,1,1,0,1.029619,1.029619,1.5,1.8,1,1.3,0.12,210,92,201,97,FALSE,NA,TRUE,NA,0.00037846452871295,0.00037846452871295,0.00037846452871295,0.00037846452871295,1.43235399493915e-07,-0.354902359092344,0.356838647336632,1,1.38527811767511,0.355659117675106,0.355659117675106,0.355659117675106,0.126493407985435,1.08838070353147,1.69213099782315,0,0.940709614274583,-0.0889093857254173,0.0889093857254173,0.0889093857254173,0.00790487887007103,0.530857683359082,1.35958404927341,1,1.49506036674399,-0.00493963325601365,0.00493963325601365,0.00493963325601365,2.4399976703916e-05,1.40855508449506,1.57892434600316,1,1.72669039192838,-0.073309608071624,0.073309608071624,0.073309608071624,0.00537429863561512,1.58649845920251,1.90647287776322,1
49,"n600-b1_1-b2_2p8-b3_2p8",600,1,481,1,1,0,1.029619,1.029619,1.5,1.8,1,1.3,0.116666666666667,219,90,191,100,FALSE,NA,TRUE,NA,0.016401846357195,0.016401846357195,0.016401846357195,0.016401846357195,0.000269020563925032,-0.335136655989592,0.372073082434581,1,1.17104297134215,0.141423971342152,0.141423971342152,0.141423971342152,0.0200007396701857,0.889586433768649,1.46067202681173,1,0.876254072986436,-0.153364927013564,0.153364927013564,0.153364927013564,0.0235208008378758,0.473343608675271,1.28453580918007,1,1.53176145273807,0.0317614527380652,0.0317614527380652,0.0317614527380652,0.00100878988003235,1.43557321138073,1.64863074406639,1,1.81248594573685,0.0124859457368498,0.0124859457368498,0.0124859457368498,0.000155898840943558,1.76267336220837,1.90188005749279,1
49,"n600-b1_1-b2_2p8-b3_2p8",600,2,482,1,1,0,1.029619,1.029619,1.5,1.8,1,1.3,0.0983333333333334,214,87,193,106,FALSE,NA,TRUE,NA,0.0308641900846195,0.0308641900846195,0.0308641900846195,0.0308641900846195,0.000952598229579523,-0.305588060816367,0.366685757058214,1,1.0583719219122,0.0287529219122002,0.0287529219122002,0.0287529219122002,0.000826730518489085,0.777846195531574,1.34764811570025,1,0.906574391603504,-0.123044608396497,0.123044608396497,0.123044608396497,0.0151399756554472,0.511192007728539,1.30747526942199,1,1.40355480174472,-0.0964451982552788,0.0964451982552788,0.0964451982552788,0.00930167626650002,1.31080773341735,1.56800438808447,1,1.71856657793147,-0.0814334220685256,0.0814334220685256,0.0814334220685256,0.00663140222979062,1.6151018244802,1.84587141424024,1
49,"n600-b1_1-b2_2p8-b3_2p8",600,3,483,1,1,0,1.029619,1.029619,1.5,1.8,1,1.3,0.0766666666666667,204,94,196,106,FALSE,NA,TRUE,NA,0.11079266509734,0.11079266509734,0.11079266509734,0.11079266509734,0.0122750146393712,-0.205760544361716,0.429412924568274,1,1.09878836355303,0.0691693635530295,0.0691693635530295,0.0691693635530295,0.00478440085433117,0.83213891739929,1.37521025786964,1,0.77947156736254,-0.25014743263746,0.25014743263746,0.25014743263746,0.0625737380551126,0.401982682272201,1.1565997415486,1,1.52353851610429,0.0235385161042909,0.0235385161042909,0.0235385161042909,0.000554061740391963,1.44655415221168,1.62227361872476,1,1.7680558965704,-0.0319441034295971,0.0319441034295971,0.0319441034295971,0.0010204257439208,1.69908004087374,1.87787998247432,1
49,"n600-b1_1-b2_2p8-b3_2p8",600,4,484,1,1,0,1.029619,1.029619,1.5,1.8,1,1.3,0.0983333333333334,207,104,198,91,FALSE,NA,TRUE,NA,0.125035367143573,0.125035367143573,0.125035367143573,0.125035367143573,0.015633843036728,-0.204738614436947,0.454458529577546,1,1.19218796216569,0.162568962165685,0.162568962165685,0.162568962165685,0.0264286674596281,0.898650849098524,1.4936875919565,1,0.898679768703204,-0.130939231296796,0.130939231296796,0.130939231296796,0.0171450822925958,0.510527425112397,1.29566334591894,1,1.465979842136,-0.0340201578640023,0.0340201578640023,0.0340201578640023,0.00115737114109163,1.36177313328434,1.60104108642549,1,1.82829511655287,0.0282951165528651,0.0282951165528651,0.0282951165528651,0.00080061362074022,1.66949917994991,2.10108925850788,1
49,"n600-b1_1-b2_2p8-b3_2p8",600,5,485,1,1,0,1.029619,1.029619,1.5,1.8,1,1.3,0.0983333333333334,213,125,183,79,FALSE,NA,TRUE,NA,-0.0344147175279103,-0.0344147175279103,0.0344147175279103,0.0344147175279103,0.00118437278252585,-0.355901329638806,0.292691774382262,1,1.0136784196089,-0.0159405803910959,0.0159405803910959,0.0159405803910959,0.000254102103204992,0.714247734981182,1.32677113469747,1,1.09713296196664,0.0675139619666412,0.0675139619666412,0.0675139619666412,0.00455813506043307,0.706188893561148,1.49022000535011,1,1.49801770628165,-0.00198229371834802,0.00198229371834802,0.00198229371834802,3.929488385802e-06,1.43960253153858,1.64970916175239,1,1.79510045712949,-0.00489954287051431,0.00489954287051431,0.00489954287051431,2.40055203400076e-05,1.73270664303886,1.97783940671908,1
49,"n600-b1_1-b2_2p8-b3_2p8",600,6,486,1,1,0,1.029619,1.029619,1.5,1.8,1,1.3,0.0983333333333334,190,100,196,114,FALSE,NA,TRUE,NA,-0.0638409809448864,-0.0638409809448864,0.0638409809448864,0.0638409809448864,0.00407567084800535,-0.371584170507081,0.242772555336671,1,1.09112739512763,0.0615083951276261,0.0615083951276261,0.0615083951276261,0.00378328267117617,0.827045035796265,1.36005240819802,1,1.10862775310977,0.0790087531097652,0.0790087531097652,0.0790087531097652,0.00624238306795983,0.732096767588488,1.48921539170658,1,1.48945025553215,-0.0105497444678497,0.0105497444678497,0.0105497444678497,0.000111297108336926,1.43921275021965,1.60490738319223,1,1.80264062047356,0.00264062047355806,0.00264062047355806,0.00264062047355806,6.97287648537401e-06,1.71309413650125,1.92514719850549,1
49,"n600-b1_1-b2_2p8-b3_2p8",600,7,487,1,1,0,1.029619,1.029619,1.5,1.8,1,1.3,0.0883333333333334,195,110,190,105,FALSE,NA,TRUE,NA,0.142615364639205,0.142615364639205,0.142615364639205,0.142615364639205,0.0203391422311733,-0.165410015519407,0.449747233430966,1,1.03557853255925,0.00595953255925163,0.00595953255925163,0.00595953255925163,3.55160283247803e-05,0.755759917123682,1.32030445180376,1,0.705116764620613,-0.324502235379387,0.324502235379387,0.324502235379387,0.105301700766219,0.330919539230832,1.0813069216796,1,1.35110240721787,-0.148897592782132,0.148897592782132,0.148897592782132,0.0221704931363136,1.26090790062854,1.50545312784934,1,1.74711501775378,-0.0528849822462194,0.0528849822462194,0.0528849822462194,0.00279682134718294,1.63236442737261,1.95647217917051,1
49,"n600-b1_1-b2_2p8-b3_2p8",600,8,488,1,1,0,1.029619,1.029619,1.5,1.8,1,1.3,0.113333333333333,182,115,216,87,FALSE,NA,TRUE,NA,0.0191094904727211,0.0191094904727211,0.0191094904727211,0.0191094904727211,0.00036517262612702,-0.30376297820819,0.352353401226048,1,1.04180399711311,0.0121849971131089,0.0121849971131089,0.0121849971131089,0.000148474154646473,0.754428675489533,1.34458635098509,1,0.840230168884724,-0.189388831115276,0.189388831115276,0.189388831115276,0.0358681293512104,0.445673178936739,1.2317622673274,1,1.53727023815554,0.0372702381555441,0.0372702381555441,0.0372702381555441,0.00138907065217097,1.46745521304919,1.65570305845988,1,1.7724621562006,-0.0275378437994047,0.0275378437994047,0.0275378437994047,0.000758332841120413,1.69431925989774,1.89185451633153,1
49,"n600-b1_1-b2_2p8-b3_2p8",600,9,489,1,1,0,1.029619,1.029619,1.5,1.8,1,1.3,0.0866666666666667,170,98,222,110,FALSE,NA,TRUE,NA,-0.195932292203595,-0.195932292203595,0.195932292203595,0.195932292203595,0.0383894631281547,-0.504495462167494,0.111772764836331,1,0.766812102996634,-0.262806897003366,0.262806897003366,0.262806897003366,0.0690674651125379,0.512718577276383,1.02456310345199,0,1.30918348099425,0.279564480994246,0.279564480994246,0.279564480994246,0.078156299033582,0.922773242980265,1.68939453006186,1,1.48155782689998,-0.0184421731000215,0.0184421731000215,0.0184421731000215,0.000340113748651157,1.41537863226036,1.60497349807979,1,1.76560547366734,-0.0343945263326624,0.0343945263326624,0.0343945263326624,0.00118298344164821,1.65729743487813,2.01038757849946,1
49,"n600-b1_1-b2_2p8-b3_2p8",600,10,490,1,1,0,1.029619,1.029619,1.5,1.8,1,1.3,0.1,202,95,196,107,FALSE,NA,TRUE,NA,0.0806379873759895,0.0806379873759895,0.0806379873759895,0.0806379873759895,0.00650248500805024,-0.242587354516936,0.39733457391507,1,1.18410838629035,0.154489386290353,0.154489386290353,0.154489386290353,0.0238669704763699,0.912356747586522,1.4617805290953,1,0.760770477845891,-0.268848522154109,0.268848522154109,0.268848522154109,0.0722795278644486,0.383504651381903,1.14611930778643,1,1.4218380389165,-0.0781619610834987,0.0781619610834987,0.0781619610834987,0.00610929216041837,1.31463409639184,1.54641048354686,1,1.91268672490897,0.112686724908969,0.112686724908969,0.112686724908969,0.0126982979707097,1.81084098299193,2.01753503788346,0
50,"n600-b1_1-b2_2p8-b3_2p8",600,1,491,1,1,0,1.029619,1.029619,1.5,1.8,1,1.3,0.095,206,101,185,108,FALSE,NA,TRUE,NA,-0.0635783605008133,-0.0635783605008133,0.0635783605008133,0.0635783605008133,0.00404220792397138,-0.386865095527568,0.254904291592295,1,0.894263469720732,-0.135355530279268,0.135355530279268,0.135355530279268,0.0183211195771818,0.624040968825556,1.1736989501196,1,1.08216612290852,0.0525471229085175,0.0525471229085175,0.0525471229085175,0.00276120012596284,0.689309747555299,1.47382647319502,1,1.47989098106744,-0.0201090189325555,0.0201090189325555,0.0201090189325555,0.000404372642429874,1.30614821567591,1.66252029725441,1,1.70203025175283,-0.0979697482471678,0.0979697482471678,0.0979697482471678,0.00959807157161343,1.53864661213334,1.85951384187367,1
50,"n600-b1_1-b2_2p8-b3_2p8",600,2,492,1,1,0,1.029619,1.029619,1.5,1.8,1,1.3,0.0833333333333334,223,86,186,105,FALSE,NA,TRUE,NA,0.0266093912787577,0.0266093912787577,0.0266093912787577,0.0266093912787577,0.000708059704226025,-0.304985822814902,0.359286329887258,1,0.974234273314315,-0.0553847266856854,0.0553847266856854,0.0553847266856854,0.00306746795004807,0.703313090751266,1.25581439554206,1,0.989220140213917,-0.0403988597860835,0.0403988597860835,0.0403988597860835,0.00163206787201563,0.591954061743521,1.37790885086323,1,1.46945606283111,-0.0305439371688925,0.0305439371688925,0.0305439371688925,0.000932932097777251,1.39882432301353,1.55315237196319,1,1.75632410817791,-0.0436758918220899,0.0436758918220899,0.0436758918220899,0.0019075835264549,1.66823129375413,1.84775687711988,1
50,"n600-b1_1-b2_2p8-b3_2p8",600,3,493,1,1,0,1.029619,1.029619,1.5,1.8,1,1.3,0.108333333333333,189,105,201,105,FALSE,NA,TRUE,NA,0.0677124574359344,0.0677124574359344,0.0677124574359344,0.0677124574359344,0.00458497689201323,-0.253820402333058,0.382639593903215,1,1.26899064469332,0.239371644693319,0.239371644693319,0.239371644693319,0.0572987842831844,0.985766946854555,1.55978881446088,1,1.0282233122491,-0.00139568775090182,0.00139568775090182,0.00139568775090182,1.94794429801738e-06,0.640878263356976,1.41568384111978,1,1.47529548821717,-0.0247045117828275,0.0247045117828275,0.0247045117828275,0.000610312902427863,1.35791733634682,1.63779243716762,1,1.67906009830642,-0.120939901693584,0.120939901693584,0.120939901693584,0.0146264598216538,1.61310969446338,1.78291617583092,0
50,"n600-b1_1-b2_2p8-b3_2p8",600,4,494,1,1,0,1.029619,1.029619,1.5,1.8,1,1.3,0.085,208,90,208,94,FALSE,NA,TRUE,NA,0.0317264200926112,0.0317264200926112,0.0317264200926112,0.0317264200926112,0.00100656573189285,-0.303268415223491,0.364134357538828,1,0.954881672883201,-0.0747373271167993,0.0747373271167993,0.0747373271167993,0.00558566806456346,0.684375729534063,1.23244803214388,1,1.10241250833209,0.0727935083320872,0.0727935083320872,0.0727935083320872,0.00529889485529365,0.704441255878213,1.49359020831011,1,1.46066945172407,-0.0393305482759287,0.0393305482759287,0.0393305482759287,0.00154689202768516,1.39602387953709,1.54464831268597,1,1.77623923898548,-0.0237607610145192,0.0237607610145192,0.0237607610145192,0.000564573763989095,1.69946454474526,1.90713679027401,1
50,"n600-b1_1-b2_2p8-b3_2p8",600,5,495,1,1,0,1.029619,1.029619,1.5,1.8,1,1.3,0.101666666666667,184,95,218,103,FALSE,NA,TRUE,NA,-0.192913997613805,-0.192913997613805,0.192913997613805,0.192913997613805,0.0372158104753392,-0.514594170629964,0.122796856827722,1,0.912055185185422,-0.117563814814578,0.117563814814578,0.117563814814578,0.0138212505537565,0.643502247975723,1.18533795683641,1,1.19542098241143,0.165801982411432,0.165801982411432,0.165801982411432,0.0274902973715607,0.810682922107958,1.5752608246418,1,1.52790040398119,0.0279004039811876,0.0279004039811876,0.0279004039811876,0.000778432542313472,1.4626016932745,1.60027192950333,1,1.82613017771045,0.0261301777104463,0.0261301777104463,0.0261301777104463,0.000682786187179507,1.78269099416586,1.92842367836806,1
50,"n600-b1_1-b2_2p8-b3_2p8",600,6,496,1,1,0,1.029619,1.029619,1.5,1.8,1,1.3,0.0966666666666667,211,95,193,101,FALSE,NA,TRUE,NA,0.00223285192959301,0.00223285192959301,0.00223285192959301,0.00223285192959301,4.98562773948721e-06,-0.326870556013944,0.32940780949287,1,0.994868459869838,-0.0347505401301625,0.0347505401301625,0.0347505401301625,0.00120760003933804,0.720485201769882,1.27376970796875,1,1.06449480551827,0.0348758055182687,0.0348758055182687,0.0348758055182687,0.0012163218105481,0.670444124279473,1.45678145081055,1,1.44838659781715,-0.0516134021828454,0.0516134021828454,0.0516134021828454,0.00266394328488815,1.33495142079585,1.53955792127382,1,1.69854064719629,-0.101459352803706,0.101459352803706,0.101459352803706,0.0102940002713469,1.60941375448797,1.79846779713661,0
50,"n600-b1_1-b2_2p8-b3_2p8",600,7,497,1,1,0,1.029619,1.029619,1.5,1.8,1,1.3,0.0883333333333334,207,104,192,97,FALSE,NA,TRUE,NA,-0.0530697206162449,-0.0530697206162449,0.0530697206162449,0.0530697206162449,0.00281639524628629,-0.37223185612422,0.26680580624293,1,1.15834522420889,0.128726224208894,0.128726224208894,0.128726224208894,0.0165704407990785,0.870206370494942,1.44870355651945,1,1.13342447269296,0.10380547269296,0.10380547269296,0.10380547269296,0.010775576161009,0.745508253016126,1.51911422040149,1,1.52628831783518,0.0262883178351827,0.0262883178351827,0.0262883178351827,0.000691075654603585,1.46787073040693,1.63029276114369,1,1.85215042180075,0.052150421800752,0.052150421800752,0.052150421800752,0.00271966649399635,1.78071240994594,1.92972653956869,1
50,"n600-b1_1-b2_2p8-b3_2p8",600,8,498,1,1,0,1.029619,1.029619,1.5,1.8,1,1.3,0.0933333333333334,213,108,179,100,FALSE,NA,TRUE,NA,0.209573177558471,0.209573177558471,0.209573177558471,0.209573177558471,0.0439209167519546,-0.101752626782355,0.52425210775444,1,1.0859146357308,0.0562956357307993,0.0562956357307993,0.0562956357307993,0.00316919860233485,0.80351769201148,1.37410663291064,1,0.942398595841003,-0.0872204041589969,0.0872204041589969,0.0872204041589969,0.00760739890165876,0.561534066270782,1.33338741352703,1,1.48050583360089,-0.0194941663991104,0.0194941663991104,0.0194941663991104,0.000380022523596205,1.37221678053344,1.54694683169368,1,1.8340078467846,0.034007846784595,0.034007846784595,0.034007846784595,0.00115653364292449,1.77840601178974,1.92708047766002,1
50,"n600-b1_1-b2_2p8-b3_2p8",600,9,499,1,1,0,1.029619,1.029619,1.5,1.8,1,1.3,0.111666666666667,192,101,192,115,FALSE,NA,TRUE,NA,0.0717421786820071,0.0717421786820071,0.0717421786820071,0.0717421786820071,0.00514694020204104,-0.23325819396665,0.376130674628671,1,0.829867664888361,-0.19975133511164,0.19975133511164,0.19975133511164,0.0399005958788825,0.5747777316368,1.09988072311574,1,1.23302662039857,0.20340762039857,0.20340762039857,0.20340762039857,0.0413746600362089,0.85624636428949,1.6135332627973,1,1.5601884245683,0.0601884245683,0.0601884245683,0.0601884245683,0.00362264645201394,1.49985005731386,1.65217073270899,1,1.89759306781046,0.0975930678104577,0.0975930678104577,0.0975930678104577,0.0095244068846566,1.8147776507627,2.0929282278314,0
50,"n600-b1_1-b2_2p8-b3_2p8",600,10,500,1,1,0,1.029619,1.029619,1.5,1.8,1,1.3,0.115,196,110,198,96,FALSE,NA,TRUE,NA,-0.0388142636416928,-0.0388142636416928,0.0388142636416928,0.0388142636416928,0.00150654706204683,-0.368611818662609,0.297107613527757,1,1.15787728928587,0.12825828928587,0.12825828928587,0.12825828928587,0.0164501887705378,0.859040893404494,1.45615791484577,1,1.02196905423776,-0.0076499457622401,0.0076499457622401,0.0076499457622401,5.85216701652152e-05,0.622905520061008,1.4131386267677,1,1.36212745668869,-0.137872543311309,0.137872543311309,0.137872543311309,0.0190088381991289,1.20584675782564,1.54815348839477,1,1.67449993522745,-0.125500064772548,0.125500064772548,0.125500064772548,0.0157502662579137,1.55767066096604,1.84110800013028,1
