"replicate_index","scenario_label","data_n","data_set_index","global_data_set_index","data_set_attempt","start_index","true_beta_1","true_beta_2","true_beta_3","true_gamma_1","true_gamma_2","gamma_start_1","gamma_start_2","censoring_proportion","treated_above","treated_below","control_above","control_below","skipped","skip_reason","converged","error","beta_1_value","beta_1_bias","beta_1_absolute_bias","beta_1_rmse","beta_1_squared_bias","beta_1_interval_lower","beta_1_interval_upper","beta_1_covered","beta_2_value","beta_2_bias","beta_2_absolute_bias","beta_2_rmse","beta_2_squared_bias","beta_2_interval_lower","beta_2_interval_upper","beta_2_covered","beta_3_value","beta_3_bias","beta_3_absolute_bias","beta_3_rmse","beta_3_squared_bias","beta_3_interval_lower","beta_3_interval_upper","beta_3_covered","gamma_1_value","gamma_1_bias","gamma_1_absolute_bias","gamma_1_rmse","gamma_1_squared_bias","gamma_1_interval_lower","gamma_1_interval_upper","gamma_1_covered","gamma_2_value","gamma_2_bias","gamma_2_absolute_bias","gamma_2_rmse","gamma_2_squared_bias","gamma_2_interval_lower","gamma_2_interval_upper","gamma_2_covered"
1,"n1000-b1_1-b2_2p8-b3_2p5",1000,1,1,1,1,0,1.029619,0.9162907,1.5,1.8,1,1.3,0.098,311,160,347,182,FALSE,NA,TRUE,NA,0.0669170045614403,0.0669170045614403,0.0669170045614403,0.0669170045614403,0.00447788549947582,-0.174292984552188,0.307821246402431,1,0.975601561644662,-0.0540174383553379,0.0540174383553379,0.0540174383553379,0.00291788364647273,0.769143479071541,1.18940701077037,1,0.956113371233687,0.0398226712336872,0.0398226712336872,0.0398226712336872,0.00158584514418634,0.663005020832554,1.24937503680297,1,1.48750878026143,-0.0124912197385663,0.0124912197385663,0.0124912197385663,0.000156030570557147,1.451975230385,1.54436196742238,1,1.79846462875325,-0.00153537124675429,0.00153537124675429,0.00153537124675429,2.35736486535983e-06,1.76265480891106,1.86672476292395,1
1,"n1000-b1_1-b2_2p8-b3_2p5",1000,2,2,1,1,0,1.029619,0.9162907,1.5,1.8,1,1.3,0.109,288,184,358,170,FALSE,NA,TRUE,NA,-0.0382199489691603,-0.0382199489691603,0.0382199489691603,0.0382199489691603,0.00146076449920522,-0.276428854924365,0.200985222398645,1,0.970885629635015,-0.0587333703649848,0.0587333703649848,0.0587333703649848,0.00344960879443048,0.760811284356713,1.1870116895307,1,1.01376127305001,0.0974705730500094,0.0974705730500094,0.0974705730500094,0.00950051261069722,0.72150982239807,1.30457749620501,1,1.52215388538737,0.0221538853873731,0.0221538853873731,0.0221538853873731,0.000490794637756862,1.478419268195,1.62704248366735,1,1.79277283183544,-0.00722716816456503,0.00722716816456503,0.00722716816456503,5.22319596789023e-05,1.75502268782905,1.86772374801382,1
1,"n1000-b1_1-b2_2p8-b3_2p5",1000,3,3,1,1,0,1.029619,0.9162907,1.5,1.8,1,1.3,0.095,333,164,356,147,FALSE,NA,TRUE,NA,-0.0489847312487499,-0.0489847312487499,0.0489847312487499,0.0489847312487499,0.00239950389551226,-0.306862495297423,0.209805017470023,1,1.18322580725448,0.153606807254483,0.153606807254483,0.153606807254483,0.0235950512349159,0.961083158578248,1.41156764202205,1,0.996594973215924,0.0803042732159243,0.0803042732159243,0.0803042732159243,0.00644877629673781,0.691326834370971,1.29897568513684,1,1.50883720388472,0.00883720388471576,0.00883720388471576,0.00883720388471576,7.80961725000353e-05,1.44974765371623,1.57101098597535,1,1.75453162813676,-0.0454683718632427,0.0454683718632427,0.0454683718632427,0.00206737283989412,1.69835149103982,1.8508118179997,1
1,"n1000-b1_1-b2_2p8-b3_2p5",1000,4,4,1,1,0,1.029619,0.9162907,1.5,1.8,1,1.3,0.097,321,160,350,169,FALSE,NA,TRUE,NA,0.170894155750445,0.170894155750445,0.170894155750445,0.170894155750445,0.0292048124696573,-0.0762472750407348,0.416768412156072,1,1.07440881935429,0.044789819354291,0.044789819354291,0.044789819354291,0.00200612791779002,0.858763389715093,1.29106014128178,1,0.782743718964803,-0.133546981035197,0.133546981035197,0.133546981035197,0.0178347961436153,0.48814439860052,1.07775033008082,1,1.51667893894202,0.0166789389420203,0.0166789389420203,0.0166789389420203,0.000278187004231642,1.50145997739215,1.54166721241433,0,1.80220251103318,0.00220251103318203,0.00220251103318203,0.00220251103318203,4.85105485128858e-06,1.78851841932899,1.81647800639323,1
1,"n1000-b1_1-b2_2p8-b3_2p5",1000,5,5,1,1,0,1.029619,0.9162907,1.5,1.8,1,1.3,0.09,352,156,322,170,FALSE,NA,TRUE,NA,0.102929912092315,0.102929912092315,0.102929912092315,0.102929912092315,0.0105945668033316,-0.143732323429586,0.348339931304997,1,0.991363958056353,-0.038255041943647,0.038255041943647,0.038255041943647,0.00146344823411019,0.785703295859203,1.20657355895528,1,0.97037724495445,0.0540865449544496,0.0540865449544496,0.0540865449544496,0.0029253543451097,0.671982152563286,1.27135168276541,1,1.44965929801711,-0.0503407019828885,0.0503407019828885,0.0503407019828885,0.00253418627613,1.36234595518895,1.57907184326586,1,1.76450432232792,-0.0354956776720792,0.0354956776720792,0.0354956776720792,0.00125994313340014,1.68872398725588,1.83423820507311,1
1,"n1000-b1_1-b2_2p8-b3_2p5",1000,6,6,1,1,0,1.029619,0.9162907,1.5,1.8,1,1.3,0.085,321,180,338,161,FALSE,NA,TRUE,NA,0.0479778711823843,0.0479778711823843,0.0479778711823843,0.0479778711823843,0.00230187612319347,-0.196755866580455,0.286821888694029,1,1.10176607509237,0.0721470750923701,0.0721470750923701,0.0721470750923701,0.00520520044438408,0.889060704565097,1.318124753469,1,0.75750193572875,-0.15878876427125,0.15878876427125,0.15878876427125,0.0252138716587905,0.470850803963452,1.0452792137655,1,1.51563261990057,0.0156326199005696,0.0156326199005696,0.0156326199005696,0.000244378804955686,1.47823161808397,1.59550020426665,1,1.83794531514302,0.0379453151430158,0.0379453151430158,0.0379453151430158,0.00143984694130278,1.7113022979456,1.92307031807576,1
1,"n1000-b1_1-b2_2p8-b3_2p5",1000,7,7,1,1,0,1.029619,0.9162907,1.5,1.8,1,1.3,0.079,348,150,333,169,FALSE,NA,TRUE,NA,-0.0050959486850353,-0.0050959486850353,0.0050959486850353,0.0050959486850353,2.5968693000513e-05,-0.248948986294024,0.239257428519802,1,0.896231581896029,-0.133387418103971,0.133387418103971,0.133387418103971,0.0177922033084436,0.689097471070739,1.10388336773874,1,0.894615445342727,-0.0216752546572729,0.0216752546572729,0.0216752546572729,0.000469816664457632,0.602535157343981,1.18930994350117,1,1.47928671936103,-0.0207132806389687,0.0207132806389687,0.0207132806389687,0.000429039994828676,1.3783847093254,1.53487273404728,1,1.79170551322843,-0.00829448677157352,0.00829448677157352,0.00829448677157352,6.87985108038081e-05,1.73744205925834,1.8331546507382,1
1,"n1000-b1_1-b2_2p8-b3_2p5",1000,8,8,1,1,0,1.029619,0.9162907,1.5,1.8,1,1.3,0.096,343,164,315,178,FALSE,NA,TRUE,NA,0.134018012742803,0.134018012742803,0.134018012742803,0.134018012742803,0.0179608277395302,-0.109122846151258,0.373329446793642,1,1.1250086968646,0.095389696864598,0.095389696864598,0.095389696864598,0.00909919426791989,0.905829462794322,1.34171520129531,1,0.632657558245197,-0.283633141754803,0.283633141754803,0.283633141754803,0.0804477591017004,0.34031109055431,0.922764746152536,1,1.48939749806507,-0.0106025019349314,0.0106025019349314,0.0106025019349314,0.000112413047280224,1.43984998942937,1.5581515943929,1,1.79664076693559,-0.0033592330644141,0.0033592330644141,0.0033592330644141,1.1284446781053e-05,1.75815866120807,1.84626680647283,1
1,"n1000-b1_1-b2_2p8-b3_2p5",1000,9,9,1,1,0,1.029619,0.9162907,1.5,1.8,1,1.3,0.103,346,162,326,166,FALSE,NA,TRUE,NA,-0.158680591322263,-0.158680591322263,0.158680591322263,0.158680591322263,0.0251795300623831,-0.413646222063939,0.0967643804175161,1,0.987222128332551,-0.0423968716674487,0.0423968716674487,0.0423968716674487,0.00179749472718611,0.775577981449898,1.20509511602548,1,1.09010489640072,0.173814196400722,0.173814196400722,0.173814196400722,0.0302113748704289,0.786016976173629,1.39756399679886,1,1.49307249913539,-0.00692750086460725,0.00692750086460725,0.00692750086460725,4.79902682291342e-05,1.44645278877412,1.55705969913157,1,1.81211662327346,0.0121166232734562,0.0121166232734562,0.0121166232734562,0.00014681255955086,1.76683571377771,1.87101150671849,1
1,"n1000-b1_1-b2_2p8-b3_2p5",1000,10,10,1,1,0,1.029619,0.9162907,1.5,1.8,1,1.3,0.094,379,150,313,158,FALSE,NA,TRUE,NA,0.0417978345454235,0.0417978345454235,0.0417978345454235,0.0417978345454235,0.0017470589726866,-0.21735200132057,0.305301147617242,1,1.11226562310756,0.0826466231075556,0.0826466231075556,0.0826466231075556,0.00683046431108233,0.890515012698908,1.34048205867962,1,0.89192095778106,-0.0243697422189402,0.0243697422189402,0.0243697422189402,0.000593884335817595,0.581479101056325,1.19972816293293,1,1.51625142502266,0.0162514250226558,0.0162514250226558,0.0162514250226558,0.000264108815267002,1.48922383853735,1.57012873280684,1,1.83812796168374,0.038127961683742,0.038127961683742,0.038127961683742,0.0014537414621569,1.79734241490899,1.94889229642438,1
2,"n1000-b1_1-b2_2p8-b3_2p5",1000,1,11,1,1,0,1.029619,0.9162907,1.5,1.8,1,1.3,0.099,339,178,306,177,FALSE,NA,TRUE,NA,-0.066359841419648,-0.066359841419648,0.066359841419648,0.066359841419648,0.00440362855324082,-0.306555606774883,0.170602434146648,1,0.943669559538672,-0.0859494404613285,0.0859494404613285,0.0859494404613285,0.00738730631561545,0.732882000875656,1.15753292196137,1,1.0034929963445,0.0872022963445034,0.0872022963445034,0.0872022963445034,0.00760424048775459,0.714311328878743,1.2986320650085,1,1.48885388276917,-0.0111461172308267,0.0111461172308267,0.0111461172308267,0.000124235929323332,1.39912944124946,1.61740484959706,1,1.78201909557965,-0.0179809044203503,0.0179809044203503,0.0179809044203503,0.000323312923773772,1.70738003438913,1.87310230548875,1
2,"n1000-b1_1-b2_2p8-b3_2p5",1000,2,12,1,1,0,1.029619,0.9162907,1.5,1.8,1,1.3,0.11,336,185,299,180,FALSE,NA,TRUE,NA,0.0551577703217846,0.0551577703217846,0.0551577703217846,0.0551577703217846,0.00304237962687074,-0.182296842882309,0.291746097139838,1,1.11554703075311,0.0859280307531063,0.0859280307531063,0.0859280307531063,0.00738362646910678,0.897306037137378,1.33494508145078,1,0.883747570260737,-0.0325431297392629,0.0325431297392629,0.0325431297392629,0.0010590552932265,0.591806756030672,1.17381540802092,1,1.48659673807928,-0.0134032619207201,0.0134032619207201,0.0134032619207201,0.000179647430115424,1.43543372736892,1.52448343506446,1,1.77221320270836,-0.0277867972916364,0.0277867972916364,0.0277867972916364,0.000772106103726489,1.71064030129379,1.81514478725106,1
2,"n1000-b1_1-b2_2p8-b3_2p5",1000,3,13,1,1,0,1.029619,0.9162907,1.5,1.8,1,1.3,0.099,348,153,336,163,FALSE,NA,TRUE,NA,0.0193904431786161,0.0193904431786161,0.0193904431786161,0.0193904431786161,0.000375989286663141,-0.242648826188291,0.276918638168453,1,1.07728316590603,0.0476641659060286,0.0476641659060286,0.0476641659060286,0.00227187271151742,0.859446810844292,1.30324016640772,1,0.999924382149447,0.0836336821494467,0.0836336821494467,0.0836336821494467,0.00699459278987467,0.69587288453018,1.30578198533597,1,1.46839794260791,-0.0316020573920854,0.0316020573920854,0.0316020573920854,0.000998690031412662,1.33679416394586,1.54470802763158,1,1.84140528558386,0.0414052855838591,0.0414052855838591,0.0414052855838591,0.00171439767428093,1.78319440847389,1.91824900749753,1
2,"n1000-b1_1-b2_2p8-b3_2p5",1000,4,14,1,1,0,1.029619,0.9162907,1.5,1.8,1,1.3,0.082,324,172,366,138,FALSE,NA,TRUE,NA,0.0877561342838196,0.0877561342838196,0.0877561342838196,0.0877561342838196,0.00770113910443978,-0.161066203307965,0.34079080778412,1,0.945102714811447,-0.0845162851885529,0.0845162851885529,0.0845162851885529,0.00714300246207281,0.720382613936756,1.17830038009704,1,0.834594421146164,-0.0816962788538359,0.0816962788538359,0.0816962788538359,0.00667428197856372,0.534532058685467,1.13394387602264,1,1.45960247208039,-0.0403975279196083,0.0403975279196083,0.0403975279196083,0.00163196026201553,1.40717588066132,1.52052663285768,1,1.80337463056353,0.00337463056353493,0.00337463056353493,0.00337463056353493,1.13881314403441e-05,1.75724127433382,1.93616363903142,1
2,"n1000-b1_1-b2_2p8-b3_2p5",1000,5,15,1,1,0,1.029619,0.9162907,1.5,1.8,1,1.3,0.095,343,181,334,142,FALSE,NA,TRUE,NA,-0.307189779489994,-0.307189779489994,0.307189779489994,0.307189779489994,0.0943655606231111,-0.56158235485592,-0.0548915986798306,0,0.82183984601882,-0.20777915398118,0.20777915398118,0.20777915398118,0.0431721768291349,0.602804869221897,1.04446478448474,1,1.2835521072181,0.367261407218101,0.367261407218101,0.367261407218101,0.13488094123182,0.977613267278935,1.58770916562561,0,1.47103242696447,-0.0289675730355301,0.0289675730355301,0.0289675730355301,0.000839120287568771,1.34257490529361,1.56088817719105,1,1.77798342348526,-0.0220165765147449,0.0220165765147449,0.0220165765147449,0.000484729641429615,1.7050527035436,1.84184334823631,1
2,"n1000-b1_1-b2_2p8-b3_2p5",1000,6,16,1,1,0,1.029619,0.9162907,1.5,1.8,1,1.3,0.092,335,168,334,163,FALSE,NA,TRUE,NA,-0.0557253606016965,-0.0557253606016965,0.0557253606016965,0.0557253606016965,0.00310531581418911,-0.304250428491706,0.190070673982316,1,0.88745257288544,-0.14216642711456,0.14216642711456,0.14216642711456,0.0202112929985195,0.676598938884109,1.1015551610307,1,1.08221340069678,0.165922700696784,0.165922700696784,0.165922700696784,0.0275303426065144,0.785917900926926,1.3806070846159,1,1.49273047200422,-0.00726952799578018,0.00726952799578018,0.00726952799578018,5.28460372814318e-05,1.45804923595057,1.55444763259665,1,1.77595130030484,-0.0240486996951588,0.0240486996951588,0.0240486996951588,0.00057833995702793,1.72426035042244,1.841042516919,1
2,"n1000-b1_1-b2_2p8-b3_2p5",1000,7,17,1,1,0,1.029619,0.9162907,1.5,1.8,1,1.3,0.105,350,167,312,171,FALSE,NA,TRUE,NA,0.0193551351670937,0.0193551351670937,0.0193551351670937,0.0193551351670937,0.000374621257336468,-0.229215249546399,0.265989341077664,1,1.05800986982397,0.0283908698239721,0.0283908698239721,0.0283908698239721,0.000806041489361729,0.845012210569487,1.28016857008418,1,0.817423957911917,-0.098866742088083,0.098866742088083,0.098866742088083,0.00977463269111152,0.521074509501909,1.11360778862136,1,1.46640351632199,-0.0335964836780078,0.0335964836780078,0.0335964836780078,0.00112872371552665,1.37131028925256,1.56354288776317,1,1.74357811981031,-0.0564218801896927,0.0564218801896927,0.0564218801896927,0.00318342856414004,1.67133738177705,1.82452501430235,1
2,"n1000-b1_1-b2_2p8-b3_2p5",1000,8,18,1,1,0,1.029619,0.9162907,1.5,1.8,1,1.3,0.085,309,191,344,156,FALSE,NA,TRUE,NA,-0.107013915567798,-0.107013915567798,0.107013915567798,0.107013915567798,0.0114519781251518,-0.339212031724415,0.130869221037423,1,0.914129414199387,-0.115489585800613,0.115489585800613,0.115489585800613,0.0133378444283971,0.708097503428105,1.127824024095,1,1.01471459854313,0.0984238985431258,0.0984238985431258,0.0984238985431258,0.00968726380442753,0.72987198072539,1.30213963096253,1,1.51171139809887,0.0117113980988677,0.0117113980988677,0.0117113980988677,0.000137156845430161,1.45276086795746,1.54660608166434,1,1.81474245360038,0.0147424536003773,0.0147424536003773,0.0147424536003773,0.000217339938159277,1.73116584782722,1.89774399735563,1
2,"n1000-b1_1-b2_2p8-b3_2p5",1000,9,19,1,1,0,1.029619,0.9162907,1.5,1.8,1,1.3,0.109,330,170,332,168,FALSE,NA,TRUE,NA,-0.202732343724892,-0.202732343724892,0.202732343724892,0.202732343724892,0.0411004031921878,-0.457529089347387,0.0480232160651227,1,1.10438553194238,0.0747665319423765,0.0747665319423765,0.0747665319423765,0.0055900342986904,0.891733907337814,1.32136845092633,1,1.00850493210917,0.092214232109173,0.092214232109173,0.092214232109173,0.00850346460348443,0.709736327346648,1.30798266751562,1,1.48109129075078,-0.0189087092492242,0.0189087092492242,0.0189087092492242,0.000357539285471695,1.4419453795106,1.51336073929444,1,1.81252155861884,0.0125215586188359,0.0125215586188359,0.0125215586188359,0.000156789430244943,1.78467322362723,1.86208832784344,1
2,"n1000-b1_1-b2_2p8-b3_2p5",1000,10,20,1,1,0,1.029619,0.9162907,1.5,1.8,1,1.3,0.089,329,169,343,159,FALSE,NA,TRUE,NA,-0.0587801328034077,-0.0587801328034077,0.0587801328034077,0.0587801328034077,0.00345510401238625,-0.299214424418802,0.183891462073004,1,0.989478085897543,-0.0401409141024567,0.0401409141024567,0.0401409141024567,0.00161129298498081,0.773772708756159,1.21074306818314,1,0.912877896918494,-0.00341280308150604,0.00341280308150604,0.00341280308150604,1.16472248731371e-05,0.618891187166962,1.2008749632698,1,1.51251251353958,0.0125125135395774,0.0125125135395774,0.0125125135395774,0.000156562995078107,1.4703610677435,1.5665984894329,1,1.82183465889279,0.0218346588927851,0.0218346588927851,0.0218346588927851,0.000476752328964281,1.76918239467553,1.89739947144075,1
3,"n1000-b1_1-b2_2p8-b3_2p5",1000,1,21,1,1,0,1.029619,0.9162907,1.5,1.8,1,1.3,0.095,330,156,339,175,FALSE,NA,TRUE,NA,-0.0260402808590298,-0.0260402808590298,0.0260402808590298,0.0260402808590298,0.000678096227217155,-0.276796792372926,0.228051706307667,1,1.11700542580883,0.0873864258088275,0.0873864258088275,0.0873864258088275,0.00763638741564171,0.907997305950546,1.32971595676041,1,0.888982157106159,-0.0273085428938413,0.0273085428938413,0.0273085428938413,0.000745756514984772,0.590157866992374,1.18653416221631,1,1.50014834388198,0.000148343881976931,0.000148343881976931,0.000148343881976931,2.20059073199857e-08,1.47640678099722,1.56673091661427,1,1.78611261861684,-0.0138873813831637,0.0138873813831637,0.0138873813831637,0.000192859361681442,1.75596294561317,1.84939742181119,1
3,"n1000-b1_1-b2_2p8-b3_2p5",1000,2,22,1,1,0,1.029619,0.9162907,1.5,1.8,1,1.3,0.094,339,168,311,182,FALSE,NA,TRUE,NA,0.100968620438274,0.100968620438274,0.100968620438274,0.100968620438274,0.0101946623132082,-0.138959251999546,0.345231874948509,1,1.09994244473579,0.0703234447357906,0.0703234447357906,0.0703234447357906,0.00494538687950779,0.89244255891032,1.30875943872613,1,0.811452557965545,-0.104838142034455,0.104838142034455,0.104838142034455,0.0109910360252365,0.520656311569152,1.09767117709653,1,1.52502389872197,0.0250238987219722,0.0250238987219722,0.0250238987219722,0.000626195507247522,1.49536295205088,1.54725291715379,1,1.75284044164204,-0.0471595583579583,0.0471595583579583,0.0471595583579583,0.00222402394451767,1.72851394731989,1.811862588071,1
3,"n1000-b1_1-b2_2p8-b3_2p5",1000,3,23,1,1,0,1.029619,0.9162907,1.5,1.8,1,1.3,0.096,330,167,335,168,FALSE,NA,TRUE,NA,0.0218635413167084,0.0218635413167084,0.0218635413167084,0.0218635413167084,0.000478014438907417,-0.223899559833278,0.266042771560931,1,1.09903823492117,0.0694192349211715,0.0694192349211715,0.0694192349211715,0.0048190301770408,0.886508068931412,1.31293713403278,1,0.840104246351074,-0.0761864536489257,0.0761864536489257,0.0761864536489257,0.00580437571959991,0.547482540073385,1.13415130840563,1,1.53261345766271,0.0326134576627108,0.0326134576627108,0.0326134576627108,0.00106363762071743,1.47471588849612,1.6111777226913,1,1.84747242299168,0.0474724229916754,0.0474724229916754,0.0474724229916754,0.00225363094470055,1.78857389959624,1.96132034101033,1
3,"n1000-b1_1-b2_2p8-b3_2p5",1000,4,24,1,1,0,1.029619,0.9162907,1.5,1.8,1,1.3,0.102,347,179,324,150,FALSE,NA,TRUE,NA,-0.210679118320193,-0.210679118320193,0.210679118320193,0.210679118320193,0.044385690896174,-0.461775639140209,0.0430580861087985,1,0.770202560874608,-0.259416439125392,0.259416439125392,0.259416439125392,0.0672968888884981,0.553837822096631,0.994684108846254,0,1.31022356317795,0.393932863177946,0.393932863177946,0.393932863177946,0.155183100691574,1.00497175808454,1.60992759351417,0,1.45232988922613,-0.0476701107738684,0.0476701107738684,0.0476701107738684,0.00227243946119288,1.41635405231472,1.50493894316899,1,1.75476659596816,-0.0452334040318354,0.0452334040318354,0.0452334040318354,0.00204606084030726,1.72522236501905,1.80573490130444,1
3,"n1000-b1_1-b2_2p8-b3_2p5",1000,5,25,1,1,0,1.029619,0.9162907,1.5,1.8,1,1.3,0.091,331,167,345,157,FALSE,NA,TRUE,NA,-0.21789370141027,-0.21789370141027,0.21789370141027,0.21789370141027,0.047477665114268,-0.469096842287061,0.0337139786619794,1,0.969406611555169,-0.0602123884448315,0.0602123884448315,0.0602123884448315,0.00362553172223127,0.758151617070533,1.18584179057494,1,1.01466100834468,0.0983703083446794,0.0983703083446794,0.0983703083446794,0.0096767175638273,0.7175551783184,1.31200143153086,1,1.44357907583368,-0.0564209241663214,0.0564209241663214,0.0564209241663214,0.00318332068378179,1.32745540425951,1.54869224964329,1,1.79514585563609,-0.00485414436390741,0.00485414436390741,0.00485414436390741,2.35627175056541e-05,1.75086444398573,1.87843403411488,1
3,"n1000-b1_1-b2_2p8-b3_2p5",1000,6,26,1,1,0,1.029619,0.9162907,1.5,1.8,1,1.3,0.103,314,178,324,184,FALSE,NA,TRUE,NA,-0.00632559157724192,-0.00632559157724192,0.00632559157724192,0.00632559157724192,4.00131088020739e-05,-0.246260597702968,0.23075331319964,1,0.879268441412357,-0.150350558587643,0.150350558587643,0.150350558587643,0.0226052904676163,0.677066644345224,1.08430026895043,1,0.975500951469155,0.0592102514691546,0.0592102514691546,0.0592102514691546,0.00350585387904052,0.683633792875093,1.26833569800331,1,1.3625649314956,-0.137435068504404,0.137435068504404,0.137435068504404,0.0188883980548103,1.28670501997483,1.46856115532702,0,1.74210986044233,-0.0578901395576694,0.0578901395576694,0.0578901395576694,0.00335126825800644,1.61209745872987,1.87875158922051,1
3,"n1000-b1_1-b2_2p8-b3_2p5",1000,7,27,1,1,0,1.029619,0.9162907,1.5,1.8,1,1.3,0.097,328,162,328,182,FALSE,NA,TRUE,NA,-0.217351796164422,-0.217351796164422,0.217351796164422,0.217351796164422,0.0472418032959004,-0.45866895606538,0.0247521989416624,1,0.964464607772457,-0.0651543922275432,0.0651543922275432,0.0651543922275432,0.00424509482654054,0.758084868954647,1.17330708578828,1,1.02744705995585,0.111156359955846,0.111156359955846,0.111156359955846,0.0123557363586335,0.736471001231896,1.32028081899807,1,1.47895046860082,-0.0210495313991765,0.0210495313991765,0.0210495313991765,0.000443082772124919,1.44032450034128,1.52717050596178,1,1.78568672893034,-0.0143132710696607,0.0143132710696607,0.0143132710696607,0.000204869728713587,1.75000800407296,1.82130495440805,1
3,"n1000-b1_1-b2_2p8-b3_2p5",1000,8,28,1,1,0,1.029619,0.9162907,1.5,1.8,1,1.3,0.097,350,183,318,149,FALSE,NA,TRUE,NA,-0.0651813098397693,-0.0651813098397693,0.0651813098397693,0.0651813098397693,0.00424860315242801,-0.308397909932929,0.184206016656897,1,1.0162529419124,-0.0133660580875976,0.0133660580875976,0.0133660580875976,0.000178651508801033,0.796834102132774,1.24175915430828,1,1.13254181645898,0.216251116458979,0.216251116458979,0.216251116458979,0.046764545369755,0.834980011192469,1.42507733118577,1,1.52319681723502,0.0231968172350239,0.0231968172350239,0.0231968172350239,0.0005380923298351,1.45452060295426,1.57868595980913,1,1.82220490433923,0.0222049043392329,0.0222049043392329,0.0222049043392329,0.000493057776714486,1.75501256907465,1.89769754066765,1
3,"n1000-b1_1-b2_2p8-b3_2p5",1000,9,29,1,1,0,1.029619,0.9162907,1.5,1.8,1,1.3,0.082,328,171,337,164,FALSE,NA,TRUE,NA,0.0373554262190647,0.0373554262190647,0.0373554262190647,0.0373554262190647,0.00139542786800799,-0.204560681341404,0.277082958621518,1,0.964777949857831,-0.0648410501421689,0.0648410501421689,0.0648410501421689,0.00420436178353926,0.749473900904596,1.18489887347357,1,0.954241883824246,0.0379511838242458,0.0379511838242458,0.0379511838242458,0.00144029235366169,0.662267522351055,1.2490626623483,1,1.51159423606082,0.0115942360608201,0.0115942360608201,0.0115942360608201,0.000134426309834021,1.43632772942682,1.63504118233865,1,1.77931701982909,-0.0206829801709092,0.0206829801709092,0.0206829801709092,0.000427785668750223,1.68476876116333,1.88046639519755,1
3,"n1000-b1_1-b2_2p8-b3_2p5",1000,10,30,1,1,0,1.029619,0.9162907,1.5,1.8,1,1.3,0.1,332,176,310,182,FALSE,NA,TRUE,NA,-0.265184398377306,-0.265184398377306,0.265184398377306,0.265184398377306,0.0703227651427335,-0.501332670405124,-0.0255812256773171,0,0.896537307542894,-0.133081692457106,0.133081692457106,0.133081692457106,0.0177107368672479,0.690787723029642,1.10757438998985,1,1.1922786286266,0.2759879286266,0.2759879286266,0.2759879286266,0.0761693367476014,0.898450739822208,1.48172459666197,1,1.50726235833682,0.0072623583368161,0.0072623583368161,0.0072623583368161,5.27418486123223e-05,1.48700317126285,1.55027627526374,1,1.80477722311091,0.004777223110906,0.004777223110906,0.004777223110906,2.28218606513744e-05,1.78868709591105,1.8674521261645,1
4,"n1000-b1_1-b2_2p8-b3_2p5",1000,1,31,1,1,0,1.029619,0.9162907,1.5,1.8,1,1.3,0.083,343,144,337,176,FALSE,NA,TRUE,NA,0.142107173007648,0.142107173007648,0.142107173007648,0.142107173007648,0.0201944486202256,-0.109938628105011,0.392568596432529,1,1.04295941732813,0.0133404173281342,0.0133404173281342,0.0133404173281342,0.000177966734488783,0.826574762486228,1.25818275201503,1,0.757921717336673,-0.158368982663327,0.158368982663327,0.158368982663327,0.0250807346698171,0.464203539792743,1.05619288941508,1,1.53628261991151,0.0362826199115105,0.0362826199115105,0.0362826199115105,0.00131642850764314,1.47092022176524,1.64420239639321,1,1.7976477667227,-0.00235223327730272,0.00235223327730272,0.00235223327730272,5.53300139085028e-06,1.72325213042012,1.86832198502792,1
4,"n1000-b1_1-b2_2p8-b3_2p5",1000,2,32,1,1,0,1.029619,0.9162907,1.5,1.8,1,1.3,0.12,321,170,326,183,FALSE,NA,TRUE,NA,-0.166453009916138,-0.166453009916138,0.166453009916138,0.166453009916138,0.0277066045101421,-0.416395528966167,0.0824652300675716,1,1.08859149980347,0.0589724998034669,0.0589724998034669,0.0589724998034669,0.0034777557330699,0.87903585632892,1.30337653351136,1,1.18206913826501,0.26577843826501,0.26577843826501,0.26577843826501,0.0706381782465878,0.879656904509428,1.48344035004466,1,1.54671540264653,0.0467154026465333,0.0467154026465333,0.0467154026465333,0.00218232884442773,1.49220245309027,1.61883862503035,1,1.85665394068462,0.0566539406846158,0.0566539406846158,0.0566539406846158,0.00320966899509597,1.76442740677868,2.00137411432705,1
4,"n1000-b1_1-b2_2p8-b3_2p5",1000,3,33,1,1,0,1.029619,0.9162907,1.5,1.8,1,1.3,0.087,294,172,360,174,FALSE,NA,TRUE,NA,-0.21232429105149,-0.21232429105149,0.21232429105149,0.21232429105149,0.0450816045705177,-0.45713934469159,0.0286892297161792,1,1.08529676727957,0.0556777672795721,0.0556777672795721,0.0556777672795721,0.00310001376923819,0.882302586027163,1.29435282224857,1,1.1804912058471,0.264200505847102,0.264200505847102,0.264200505847102,0.0698019072898644,0.888683332124887,1.47587646790017,1,1.50541025892832,0.0054102589283167,0.0054102589283167,0.0054102589283167,2.92709016714306e-05,1.47674965541704,1.56430717613969,1,1.81433512233788,0.0143351223378834,0.0143351223378834,0.0143351223378834,0.000205495732442083,1.78346098991305,1.9013998953289,1
4,"n1000-b1_1-b2_2p8-b3_2p5",1000,4,34,1,1,0,1.029619,0.9162907,1.5,1.8,1,1.3,0.078,353,156,324,167,FALSE,NA,TRUE,NA,-0.194231542314343,-0.194231542314343,0.194231542314343,0.194231542314343,0.0377258920298086,-0.442620020114251,0.0488828858154822,1,0.879764496187312,-0.149854503812688,0.149854503812688,0.149854503812688,0.022456372312947,0.671657601487674,1.09246097573694,1,1.11147563953378,0.195184939533777,0.195184939533777,0.195184939533777,0.038097160620804,0.820364999705254,1.41127650304137,1,1.50446521639184,0.00446521639183817,0.00446521639183817,0.00446521639183817,1.99381574259403e-05,1.45703445559075,1.57243410792317,1,1.77370788057324,-0.0262921194267638,0.0262921194267638,0.0262921194267638,0.00069127554395121,1.7179437259939,1.82522191597689,1
4,"n1000-b1_1-b2_2p8-b3_2p5",1000,5,35,1,1,0,1.029619,0.9162907,1.5,1.8,1,1.3,0.094,332,193,334,141,FALSE,NA,TRUE,NA,-0.0436093116327192,-0.0436093116327192,0.0436093116327192,0.0436093116327192,0.00190177206107962,-0.295279670355702,0.210909344238247,1,1.1031048815858,0.0734858815857971,0.0734858815857971,0.0734858815857971,0.00540017479244179,0.876125035456726,1.33805685842223,1,0.90383611141302,-0.0124545885869798,0.0124545885869798,0.0124545885869798,0.000155116776870927,0.600407375157015,1.20622294413072,1,1.48901475842345,-0.0109852415765488,0.0109852415765488,0.0109852415765488,0.000120675532495136,1.41451012060863,1.53936683502531,1,1.73353896151289,-0.0664610384871069,0.0664610384871069,0.0664610384871069,0.00441706963678471,1.6754160205469,1.81725569477254,1
4,"n1000-b1_1-b2_2p8-b3_2p5",1000,6,36,1,1,0,1.029619,0.9162907,1.5,1.8,1,1.3,0.098,317,175,326,182,FALSE,NA,TRUE,NA,-0.00380999837629876,-0.00380999837629876,0.00380999837629876,0.00380999837629876,1.45160876273992e-05,-0.244188454357741,0.236844758585953,1,1.20106080671865,0.171441806718652,0.171441806718652,0.171441806718652,0.0293922930909557,0.990386152844852,1.41494344008459,1,0.888209964132022,-0.028080735867978,0.028080735867978,0.028080735867978,0.000788527726887146,0.596142209165924,1.18071814733184,1,1.52768096680062,0.0276809668006179,0.0276809668006179,0.0276809668006179,0.000766235923016912,1.49349460883378,1.57169938205121,1,1.77637453246199,-0.0236254675380125,0.0236254675380125,0.0236254675380125,0.000558162716389684,1.7242404836233,1.82717778645297,1
4,"n1000-b1_1-b2_2p8-b3_2p5",1000,7,37,1,1,0,1.029619,0.9162907,1.5,1.8,1,1.3,0.097,322,157,352,169,FALSE,NA,TRUE,NA,0.33338511691286,0.33338511691286,0.33338511691286,0.33338511691286,0.111145636179002,0.0788805445005931,0.583776955359432,0,1.14987404225892,0.12025504225892,0.12025504225892,0.12025504225892,0.0144612751886946,0.936000292596181,1.36884072458711,1,0.580990516514257,-0.335300183485743,0.335300183485743,0.335300183485743,0.112426213045573,0.285794684979993,0.874401635660394,0,1.49141430033696,-0.00858569966304312,0.00858569966304312,0.00858569966304312,7.37142387039788e-05,1.47108235902988,1.52249291238414,1,1.82214716594859,0.0221471659485895,0.0221471659485895,0.0221471659485895,0.00049049695955436,1.79124987631154,1.88819811451624,1
4,"n1000-b1_1-b2_2p8-b3_2p5",1000,8,38,1,1,0,1.029619,0.9162907,1.5,1.8,1,1.3,0.095,324,159,357,160,FALSE,NA,TRUE,NA,0.0848996921592818,0.0848996921592818,0.0848996921592818,0.0848996921592818,0.00720795772874082,-0.178478206848433,0.354187532523648,1,1.21809598462304,0.188476984623038,0.188476984623038,0.188476984623038,0.0355235737325929,0.986120275188835,1.45595349677774,1,0.822546910995816,-0.0937437890041841,0.0937437890041841,0.0937437890041841,0.00878789797686099,0.515079081350696,1.12677075417631,1,1.37939608563468,-0.120603914365316,0.120603914365316,0.120603914365316,0.0145453041602366,1.34787636826967,1.49725769589769,0,1.73234443768299,-0.0676555623170061,0.0676555623170061,0.0676555623170061,0.00457727511243029,1.7145536827065,1.79241751803018,0
4,"n1000-b1_1-b2_2p8-b3_2p5",1000,9,39,1,1,0,1.029619,0.9162907,1.5,1.8,1,1.3,0.092,350,156,346,148,FALSE,NA,TRUE,NA,0.0714670895170603,0.0714670895170603,0.0714670895170603,0.0714670895170603,0.00510754488403951,-0.181747730939149,0.329291298535621,1,0.957135383751351,-0.0724836162486494,0.0724836162486494,0.0724836162486494,0.00525387462448147,0.735473562641731,1.18490036892917,1,0.903761909211598,-0.0125287907884016,0.0125287907884016,0.0125287907884016,0.000156970598619538,0.597889068609756,1.20625256496092,1,1.49731013320425,-0.00268986679575312,0.00268986679575312,0.00268986679575312,7.23538337889513e-06,1.45031602227673,1.56304814247468,1,1.80353209300314,0.00353209300314439,0.00353209300314439,0.00353209300314439,1.24756809828615e-05,1.76895803806445,1.86851965098143,1
4,"n1000-b1_1-b2_2p8-b3_2p5",1000,10,40,1,1,0,1.029619,0.9162907,1.5,1.8,1,1.3,0.1,341,172,313,174,FALSE,NA,TRUE,NA,-0.150715146568461,-0.150715146568461,0.150715146568461,0.150715146568461,0.0227150554051527,-0.393359888562417,0.0947224087786678,1,0.950751208786136,-0.0788677912138637,0.0788677912138637,0.0788677912138637,0.00622012849095359,0.736174766310334,1.16302745250432,1,1.18927865122797,0.272987951227966,0.272987951227966,0.272987951227966,0.0745224215156422,0.896590914028786,1.4896742891501,1,1.43044914495853,-0.0695508550414725,0.0695508550414725,0.0695508550414725,0.00483732143699992,1.32240125194143,1.55766019563856,1,1.83476943144523,0.0347694314452289,0.0347694314452289,0.0347694314452289,0.00120891336302447,1.76093331283891,1.93758016652574,1
5,"n1000-b1_1-b2_2p8-b3_2p5",1000,1,41,1,1,0,1.029619,0.9162907,1.5,1.8,1,1.3,0.09,346,148,335,171,FALSE,NA,TRUE,NA,-0.181064911864267,-0.181064911864267,0.181064911864267,0.181064911864267,0.0327845023084149,-0.440407546633096,0.070477284955698,1,0.907509710787785,-0.122109289212215,0.122109289212215,0.122109289212215,0.0149106785119123,0.695877866063346,1.12062248534992,1,1.13923634518842,0.222945645188419,0.222945645188419,0.222945645188419,0.0497047607084804,0.842439032712776,1.44524582058981,1,1.50132719568845,0.00132719568845441,0.00132719568845441,0.00132719568845441,1.76144839545197e-06,1.44991640661404,1.58393283957368,1,1.7997554288419,-0.000244571158096063,0.000244571158096063,0.000244571158096063,5.98150513724494e-08,1.69144393691633,1.87213865096611,1
5,"n1000-b1_1-b2_2p8-b3_2p5",1000,2,42,1,1,0,1.029619,0.9162907,1.5,1.8,1,1.3,0.095,337,170,322,171,FALSE,NA,TRUE,NA,-0.0464982511419186,-0.0464982511419186,0.0464982511419186,0.0464982511419186,0.00216208735925694,-0.290588800638389,0.199453695363404,1,1.10817392344839,0.0785549234483873,0.0785549234483873,0.0785549234483873,0.00617087599798199,0.892416088940393,1.324781873025,1,0.786462539058464,-0.129828160941536,0.129828160941536,0.129828160941536,0.0168553513734613,0.490103617836331,1.07978135848043,1,1.49812897939551,-0.00187102060449029,0.00187102060449029,0.00187102060449029,3.50071810242722e-06,1.4657865302161,1.53426634886786,1,1.83891022296822,0.0389102229682219,0.0389102229682219,0.0389102229682219,0.00151400545143674,1.79924755880029,1.88933454664804,1
5,"n1000-b1_1-b2_2p8-b3_2p5",1000,3,43,1,1,0,1.029619,0.9162907,1.5,1.8,1,1.3,0.112,326,188,332,154,FALSE,NA,TRUE,NA,0.178543302376443,0.178543302376443,0.178543302376443,0.178543302376443,0.0318777108234861,-0.0712583953421098,0.433612694516948,1,1.20393698278041,0.174317982780414,0.174317982780414,0.174317982780414,0.0303867591206327,0.976264706361439,1.43434261123227,1,0.853334538941273,-0.0629561610587273,0.0629561610587273,0.0629561610587273,0.00396347821525241,0.548714494677934,1.15641519878831,1,1.4892323260547,-0.0107676739452971,0.0107676739452971,0.0107676739452971,0.00011594280219223,1.47436895081209,1.51906416278222,1,1.85097399016528,0.0509739901652846,0.0509739901652846,0.0509739901652846,0.00259834767337053,1.79866294091836,1.9017022308285,1
5,"n1000-b1_1-b2_2p8-b3_2p5",1000,4,44,1,1,0,1.029619,0.9162907,1.5,1.8,1,1.3,0.091,350,177,323,150,FALSE,NA,TRUE,NA,-0.115652531405498,-0.115652531405498,0.115652531405498,0.115652531405498,0.0133755080204997,-0.367631069606086,0.138260774376206,1,0.936555480533083,-0.0930635194669166,0.0930635194669166,0.0930635194669166,0.00866081865556917,0.715564369172858,1.16476201507559,1,1.01467857669906,0.0983878766990607,0.0983878766990607,0.0983878766990607,0.00968017428134957,0.717727389038758,1.31454789728569,1,1.37904247485407,-0.120957525145926,0.120957525145926,0.120957525145926,0.0146307228894272,1.32182347612832,1.47889291991158,0,1.81682988224333,0.0168298822433255,0.0168298822433255,0.0168298822433255,0.000283244936324203,1.74273637583616,1.90627942965753,1
5,"n1000-b1_1-b2_2p8-b3_2p5",1000,5,45,1,1,0,1.029619,0.9162907,1.5,1.8,1,1.3,0.096,323,164,325,188,FALSE,NA,TRUE,NA,-0.0238260765231183,-0.0238260765231183,0.0238260765231183,0.0238260765231183,0.000567681922485488,-0.260572605593332,0.212475504428075,1,1.06090791162919,0.0312889116291901,0.0312889116291901,0.0312889116291901,0.000978995990939269,0.854629080688309,1.27018041805521,1,0.994875096330385,0.0785843963303854,0.0785843963303854,0.0785843963303854,0.00617550734661109,0.705547352342457,1.28390424204264,1,1.51309147107204,0.0130914710720442,0.0130914710720442,0.0130914710720442,0.000171386614830171,1.45408947079197,1.56635462381723,1,1.80664922593286,0.00664922593285944,0.00664922593285944,0.00664922593285944,4.42122055062105e-05,1.75249343520115,1.84755565483815,1
5,"n1000-b1_1-b2_2p8-b3_2p5",1000,6,46,1,1,0,1.029619,0.9162907,1.5,1.8,1,1.3,0.095,337,141,330,192,FALSE,NA,TRUE,NA,-0.129389554564134,-0.129389554564134,0.129389554564134,0.129389554564134,0.016741656830305,-0.378000667317393,0.120696222466374,1,1.05785850320377,0.0282395032037748,0.0282395032037748,0.0282395032037748,0.000797469541196006,0.853805910005161,1.26602650190951,1,1.14215321968057,0.225862519680569,0.225862519680569,0.225862519680569,0.0510138777964556,0.83929454630083,1.44308442262465,1,1.49962918661212,-0.000370813387877256,0.000370813387877256,0.000370813387877256,1.37502568629008e-07,1.46851839257773,1.5458773987691,1,1.81434122152303,0.0143412215230325,0.0143412215230325,0.0143412215230325,0.000205670634772691,1.77513093800171,1.88340732664365,1
5,"n1000-b1_1-b2_2p8-b3_2p5",1000,7,47,1,1,0,1.029619,0.9162907,1.5,1.8,1,1.3,0.101,335,181,317,167,FALSE,NA,TRUE,NA,-0.0893282099521859,-0.0893282099521859,0.0893282099521859,0.0893282099521859,0.00797952909326181,-0.329007213623101,0.155656302495026,1,1.03623647866391,0.0066174786639055,0.0066174786639055,0.0066174786639055,4.37910238672445e-05,0.823467252271992,1.25578851600693,1,0.886242889630021,-0.0300478103699795,0.0300478103699795,0.0300478103699795,0.000902870908030248,0.591933370850492,1.18066354384058,1,1.50654309737469,0.00654309737469361,0.00654309737469361,0.00654309737469361,4.28121232547224e-05,1.4852439471128,1.53154462571657,1,1.81085163425711,0.010851634257109,0.010851634257109,0.010851634257109,0.000117757966050062,1.79526218984752,1.83985148794253,1
5,"n1000-b1_1-b2_2p8-b3_2p5",1000,8,48,1,1,0,1.029619,0.9162907,1.5,1.8,1,1.3,0.095,319,173,331,177,FALSE,NA,TRUE,NA,-0.102784311350751,-0.102784311350751,0.102784311350751,0.102784311350751,0.0105646146598481,-0.345178618114659,0.140283038617807,1,1.08985216619958,0.0602331661995763,0.0602331661995763,0.0602331661995763,0.00362803431042578,0.879405221405047,1.3036242867708,1,0.93778616944393,0.0214954694439301,0.0214954694439301,0.0214954694439301,0.000462055206614933,0.642924030917404,1.23426040096899,1,1.51306034913305,0.0130603491330461,0.0130603491330461,0.0130603491330461,0.000170572719477058,1.45779146789273,1.56041324189434,1,1.81214692139481,0.0121469213948093,0.0121469213948093,0.0121469213948093,0.000147547699371677,1.77192362975829,1.86814700110492,1
5,"n1000-b1_1-b2_2p8-b3_2p5",1000,9,49,1,1,0,1.029619,0.9162907,1.5,1.8,1,1.3,0.085,331,167,360,142,FALSE,NA,TRUE,NA,0.0880820287889588,0.0880820287889588,0.0880820287889588,0.0880820287889588,0.00775844379557898,-0.168468962730468,0.350709053609336,1,1.16325558548345,0.133636585483449,0.133636585483449,0.133636585483449,0.0178587369796753,0.932764372183007,1.39985219428135,1,0.825164881375955,-0.0911258186240447,0.0911258186240447,0.0911258186240447,0.00830391481990229,0.5188667000146,1.13009520910227,1,1.4675943337951,-0.0324056662048953,0.0324056662048953,0.0324056662048953,0.00105012720218309,1.41593905256523,1.51712396951869,1,1.78849366822664,-0.0115063317733646,0.0115063317733646,0.0115063317733646,0.000132395670878739,1.75277468677925,1.82690392343381,1
5,"n1000-b1_1-b2_2p8-b3_2p5",1000,10,50,1,1,0,1.029619,0.9162907,1.5,1.8,1,1.3,0.078,312,169,352,167,FALSE,NA,TRUE,NA,0.00709334844728144,0.00709334844728144,0.00709334844728144,0.00709334844728144,5.031559219455e-05,-0.236250900550088,0.245531692152868,1,1.03091114933174,0.00129214933174215,0.00129214933174215,0.00129214933174215,1.6696498955217e-06,0.822674378245944,1.23906236669343,1,0.891909721065393,-0.0243809789346072,0.0243809789346072,0.0243809789346072,0.000594432133809761,0.601829432854132,1.18255331606783,1,1.44748069396288,-0.0525193060371207,0.0525193060371207,0.0525193060371207,0.00275827750662075,1.42162411005154,1.51168801987005,1,1.80317496030052,0.00317496030051889,0.00317496030051889,0.00317496030051889,1.0080372909871e-05,1.75860172576832,1.87140154892222,1
6,"n1000-b1_1-b2_2p8-b3_2p5",1000,1,51,1,1,0,1.029619,0.9162907,1.5,1.8,1,1.3,0.108,329,154,334,183,FALSE,NA,TRUE,NA,-0.284700679218438,-0.284700679218438,0.284700679218438,0.284700679218438,0.0810544767474397,-0.540314396784252,-0.0311694125748934,0,0.906608718494397,-0.123010281505604,0.123010281505604,0.123010281505604,0.0151315293560878,0.702649486079336,1.11400320958234,1,1.16263466640641,0.24634396640641,0.24634396640641,0.24634396640641,0.0606853497848427,0.857577820867731,1.4675021954595,1,1.47796145314902,-0.0220385468509841,0.0220385468509841,0.0220385468509841,0.000485697547303019,1.44016959301219,1.53106180555642,1,1.79618171642062,-0.00381828357938185,0.00381828357938185,0.00381828357938185,1.45792894925771e-05,1.68611656151069,1.86780854223045,1
6,"n1000-b1_1-b2_2p8-b3_2p5",1000,2,52,1,1,0,1.029619,0.9162907,1.5,1.8,1,1.3,0.072,329,148,368,155,FALSE,NA,TRUE,NA,-0.136058775654465,-0.136058775654465,0.136058775654465,0.136058775654465,0.0185119904325919,-0.390497994604178,0.115809962884884,1,0.925318951049383,-0.104300048950617,0.104300048950617,0.104300048950617,0.0108785002111011,0.718602185380695,1.14097029784703,1,1.04401591457188,0.127725214571877,0.127725214571877,0.127725214571877,0.0163137304374321,0.743034463870315,1.34314454084557,1,1.53005900813935,0.0300590081393475,0.0300590081393475,0.0300590081393475,0.000903543970321358,1.48620389389594,1.58407802646489,1,1.85919322511763,0.0591932251176337,0.0591932251176337,0.0591932251176337,0.00350383789982686,1.77553753611733,1.93597532564876,1
6,"n1000-b1_1-b2_2p8-b3_2p5",1000,3,53,1,1,0,1.029619,0.9162907,1.5,1.8,1,1.3,0.086,332,184,333,151,FALSE,NA,TRUE,NA,0.0708139515582064,0.0708139515582064,0.0708139515582064,0.0708139515582064,0.005014615735288,-0.16619632752382,0.312121267013547,1,0.971065132230028,-0.0585538677699722,0.0585538677699722,0.0585538677699722,0.00342855543082339,0.759160185249274,1.18909470453864,1,0.956320832123627,0.0400301321236272,0.0400301321236272,0.0400301321236272,0.00160241147783505,0.667254927204934,1.24701828208939,1,1.53872640617549,0.0387264061754935,0.0387264061754935,0.0387264061754935,0.0014997345352693,1.48341750534126,1.60532850848178,1,1.91532599616355,0.115325996163551,0.115325996163551,0.115325996163551,0.0133000853911154,1.82512948498699,2.02361133477335,0
6,"n1000-b1_1-b2_2p8-b3_2p5",1000,4,54,1,1,0,1.029619,0.9162907,1.5,1.8,1,1.3,0.107,306,166,353,175,FALSE,NA,TRUE,NA,-0.0560715297992445,-0.0560715297992445,0.0560715297992445,0.0560715297992445,0.00314401645402756,-0.303859674404205,0.19298991264168,1,1.03962115187038,0.0100021518703826,0.0100021518703826,0.0100021518703826,0.000100043042038197,0.83006376702418,1.25399022161869,1,1.00507625376656,0.0887855537665621,0.0887855537665621,0.0887855537665621,0.00788287455763508,0.704481996479781,1.3051413636816,1,1.49726197543631,-0.00273802456369476,0.00273802456369476,0.00273802456369476,7.4967785113959e-06,1.42533180276413,1.60742790671972,1,1.78417893028393,-0.0158210697160701,0.0158210697160701,0.0158210697160701,0.000250306246960751,1.73869901620866,1.82404005400188,1
6,"n1000-b1_1-b2_2p8-b3_2p5",1000,5,55,1,1,0,1.029619,0.9162907,1.5,1.8,1,1.3,0.114,326,176,320,178,FALSE,NA,TRUE,NA,-0.0545231698351226,-0.0545231698351226,0.0545231698351226,0.0545231698351226,0.00297277604886962,-0.301342339475077,0.187406740510338,1,1.06349363963547,0.0338746396354737,0.0338746396354737,0.0338746396354737,0.0011474912104332,0.8487950556301,1.28196743078666,1,0.970582557563228,0.0542918575632283,0.0542918575632283,0.0542918575632283,0.00294760579766587,0.678320595764403,1.27080222197315,1,1.53753343545671,0.0375334354567138,0.0375334354567138,0.0375334354567138,0.0014087587771833,1.48893451361446,1.60926522542109,1,1.83858847472762,0.0385884747276164,0.0385884747276164,0.0385884747276164,0.00148907038180389,1.76655217839854,1.94170146986712,1
6,"n1000-b1_1-b2_2p8-b3_2p5",1000,6,56,1,1,0,1.029619,0.9162907,1.5,1.8,1,1.3,0.107,334,187,321,158,FALSE,NA,TRUE,NA,0.0841197938206625,0.0841197938206625,0.0841197938206625,0.0841197938206625,0.00707613971243076,-0.164704477927122,0.332177883799947,1,1.08512178379744,0.0555027837974384,0.0555027837974384,0.0555027837974384,0.0030805590092652,0.86342256948888,1.30950579463292,1,0.933311487764399,0.0170207877643987,0.0170207877643987,0.0170207877643987,0.000289707216120706,0.640027933912736,1.22783863381787,1,1.532304881753,0.0323048817530001,0.0323048817530001,0.0323048817530001,0.00104360538507532,1.47082621756843,1.60685325338478,1,1.79389010713005,-0.00610989286995056,0.00610989286995056,0.00610989286995056,3.73307908822727e-05,1.74913803196878,1.85074944934045,1
6,"n1000-b1_1-b2_2p8-b3_2p5",1000,7,57,1,1,0,1.029619,0.9162907,1.5,1.8,1,1.3,0.115,335,174,338,153,FALSE,NA,TRUE,NA,0.0664563048039312,0.0664563048039312,0.0664563048039312,0.0664563048039312,0.00441644044819301,-0.187149528299169,0.323879489935663,1,1.19808685013054,0.168467850130541,0.168467850130541,0.168467850130541,0.0283814165276066,0.972638851499393,1.43348462740293,1,0.960628276042075,0.0443375760420754,0.0443375760420754,0.0443375760420754,0.00196582064928682,0.659563529791763,1.26445339746608,1,1.50284210727854,0.0028421072785445,0.0028421072785445,0.0028421072785445,8.07757378275564e-06,1.48566351920952,1.52898772719119,1,1.82433664062329,0.0243366406232901,0.0243366406232901,0.0243366406232901,0.000592272076827174,1.79405258127121,1.86218001719218,1
6,"n1000-b1_1-b2_2p8-b3_2p5",1000,8,58,1,1,0,1.029619,0.9162907,1.5,1.8,1,1.3,0.099,336,161,334,169,FALSE,NA,TRUE,NA,0.0279094459796822,0.0279094459796822,0.0279094459796822,0.0279094459796822,0.000778937174892796,-0.221952853080187,0.278363288567369,1,0.956767509027608,-0.0728514909723917,0.0728514909723917,0.0728514909723917,0.00530733973690047,0.746040861963151,1.17329285552777,1,0.993734534691032,0.077443834691032,0.077443834691032,0.077443834691032,0.00599754753165189,0.691959296853555,1.28950488823761,1,1.52160895130299,0.021608951302992,0.021608951302992,0.021608951302992,0.00046694677641508,1.47801280645538,1.58755045775441,1,1.77206494336705,-0.0279350566329548,0.0279350566329548,0.0279350566329548,0.000780367389086393,1.68634932414878,1.86626202303931,1
6,"n1000-b1_1-b2_2p8-b3_2p5",1000,9,59,1,1,0,1.029619,0.9162907,1.5,1.8,1,1.3,0.109,316,161,350,173,FALSE,NA,TRUE,NA,0.16844455809004,0.16844455809004,0.16844455809004,0.16844455809004,0.0283735691501489,-0.079120815306396,0.416666445937246,1,1.06956294257305,0.039943942573045,0.039943942573045,0.039943942573045,0.00159551854827872,0.85905714727021,1.28292216785249,1,0.824886421569015,-0.0914042784309854,0.0914042784309854,0.0914042784309854,0.00835474211548911,0.527360829530916,1.12612054749351,1,1.51668927992523,0.0166892799252343,0.0166892799252343,0.0166892799252343,0.000278532064422828,1.4837375904296,1.56316572102895,1,1.81605369355792,0.0160536935579205,0.0160536935579205,0.0160536935579205,0.000257721076851619,1.76393140683901,1.86929661809061,1
6,"n1000-b1_1-b2_2p8-b3_2p5",1000,10,60,1,1,0,1.029619,0.9162907,1.5,1.8,1,1.3,0.097,324,176,335,165,FALSE,NA,TRUE,NA,0.276557299977716,0.276557299977716,0.276557299977716,0.276557299977716,0.0764839401709642,0.0285262116758928,0.518219470415619,0,1.15497062592029,0.125351625920294,0.125351625920294,0.125351625920294,0.0157130301208612,0.934168773596523,1.37986172852081,1,0.662884427245706,-0.253406272754294,0.253406272754294,0.253406272754294,0.0642147390712235,0.37131585313492,0.958284184828423,1,1.51661508353023,0.0166150835302323,0.0166150835302323,0.0166150835302323,0.000276061000716598,1.49944513003643,1.55700556308721,1,1.81994081898431,0.0199408189843111,0.0199408189843111,0.0199408189843111,0.000397636261765062,1.7946913549137,1.87358203596202,1
7,"n1000-b1_1-b2_2p8-b3_2p5",1000,1,61,1,1,0,1.029619,0.9162907,1.5,1.8,1,1.3,0.1,330,152,341,177,FALSE,NA,TRUE,NA,-0.0465080138454003,-0.0465080138454003,0.0465080138454003,0.0465080138454003,0.00216299535184395,-0.297030213063769,0.200371166710141,1,0.895457517865907,-0.134161482134093,0.134161482134093,0.134161482134093,0.0179993032884165,0.690693386892153,1.10546518075588,1,0.990574891971035,0.0742841919710345,0.0742841919710345,0.0742841919710345,0.00551814117678951,0.694353181789308,1.28675219911191,1,1.49436442851278,-0.0056355714872236,0.0056355714872236,0.0056355714872236,3.17596659876076e-05,1.41626194716918,1.55208321113558,1,1.81304204216273,0.0130420421627262,0.0130420421627262,0.0130420421627262,0.000170094863774328,1.72579930675802,1.97061851630389,1
7,"n1000-b1_1-b2_2p8-b3_2p5",1000,2,62,1,1,0,1.029619,0.9162907,1.5,1.8,1,1.3,0.095,324,186,337,153,FALSE,NA,TRUE,NA,0.0657751881690602,0.0657751881690602,0.0657751881690602,0.0657751881690602,0.00432637537867527,-0.179033862944352,0.315380808043636,1,1.13471292318958,0.105093923189583,0.105093923189583,0.105093923189583,0.011044732691378,0.909012699090508,1.36123480724515,1,0.88977355086011,-0.0265171491398896,0.0265171491398896,0.0265171491398896,0.000703159198507146,0.59303851477107,1.18323399658332,1,1.49653244021456,-0.00346755978544433,0.00346755978544433,0.00346755978544433,1.20239708656307e-05,1.45617252693617,1.5523958056565,1,1.80758870129492,0.00758870129491607,0.00758870129491607,0.00758870129491607,5.75883873434608e-05,1.76394972321825,1.86203382317388,1
7,"n1000-b1_1-b2_2p8-b3_2p5",1000,3,63,1,1,0,1.029619,0.9162907,1.5,1.8,1,1.3,0.087,337,173,324,166,FALSE,NA,TRUE,NA,-0.0727653037490699,-0.0727653037490699,0.0727653037490699,0.0727653037490699,0.0052947894296944,-0.313843708125493,0.1716344377657,1,0.976472908353779,-0.0531460916462211,0.0531460916462211,0.0531460916462211,0.00282450705726853,0.761694354405309,1.19481481699114,1,1.06532960923651,0.149038909236506,0.149038909236506,0.149038909236506,0.0222125964664075,0.774202484992431,1.35766571172576,1,1.51146744465876,0.0114674446587639,0.0114674446587639,0.0114674446587639,0.000131502287001813,1.47292414380228,1.55227252798762,1,1.78808732286371,-0.0119126771362896,0.0119126771362896,0.0119126771362896,0.000141911876553478,1.74272897764167,1.86956147461316,1
7,"n1000-b1_1-b2_2p8-b3_2p5",1000,4,64,1,1,0,1.029619,0.9162907,1.5,1.8,1,1.3,0.084,377,160,309,154,FALSE,NA,TRUE,NA,0.196071001716189,0.196071001716189,0.196071001716189,0.196071001716189,0.0384438377139898,-0.0595734157022096,0.44739540678856,1,1.07007007515828,0.0404510751582814,0.0404510751582814,0.0404510751582814,0.00163628948146093,0.84561156682559,1.29762991337849,1,0.913294403322819,-0.00299629667718071,0.00299629667718071,0.00299629667718071,8.97779377768416e-06,0.615325693337104,1.21584838869813,1,1.50208728266493,0.00208728266492808,0.00208728266492808,0.00208728266492808,4.35674892330927e-06,1.36617481120992,1.60065035106395,1,1.81666944305438,0.016669443054383,0.016669443054383,0.016669443054383,0.000277870331743318,1.72438680782328,1.93165792233086,1
7,"n1000-b1_1-b2_2p8-b3_2p5",1000,5,65,1,1,0,1.029619,0.9162907,1.5,1.8,1,1.3,0.082,334,166,333,167,FALSE,NA,TRUE,NA,-0.132180472271864,-0.132180472271864,0.132180472271864,0.132180472271864,0.017471677250013,-0.37338471292639,0.110129834824073,1,0.853161384979738,-0.176457615020262,0.176457615020262,0.176457615020262,0.0311372898986389,0.649779995162206,1.06054488792286,1,1.08984942582291,0.173558725822911,0.173558725822911,0.173558725822911,0.0301226313092724,0.794801683830447,1.38578332962755,1,1.52279302209219,0.0227930220921879,0.0227930220921879,0.0227930220921879,0.000519521856094967,1.48676102636518,1.62315575460547,1,1.85193310752148,0.0519331075214828,0.0519331075214828,0.0519331075214828,0.0026970476568379,1.78463312234124,1.96720213818235,1
7,"n1000-b1_1-b2_2p8-b3_2p5",1000,6,66,1,1,0,1.029619,0.9162907,1.5,1.8,1,1.3,0.075,347,140,352,161,FALSE,NA,TRUE,NA,-0.0855930373075419,-0.0855930373075419,0.0855930373075419,0.0855930373075419,0.00732616803553027,-0.340967833221059,0.167999078918222,1,1.09476389815519,0.0651448981551888,0.0651448981551888,0.0651448981551888,0.00424385775564992,0.878859967200651,1.31648782622141,1,0.956368034585941,0.0400773345859412,0.0400773345859412,0.0400773345859412,0.00160619274751348,0.653078788663435,1.25845409887869,1,1.49352458142782,-0.00647541857217648,0.00647541857217648,0.00647541857217648,4.19310456848881e-05,1.43325528180457,1.56500035759784,1,1.80480584085104,0.00480584085104296,0.00480584085104296,0.00480584085104296,2.30961062855534e-05,1.72123835459761,1.89893874500322,1
7,"n1000-b1_1-b2_2p8-b3_2p5",1000,7,67,1,1,0,1.029619,0.9162907,1.5,1.8,1,1.3,0.099,336,193,315,156,FALSE,NA,TRUE,NA,-0.0590249533378362,-0.0590249533378362,0.0590249533378362,0.0590249533378362,0.00348394511653374,-0.298433164440593,0.182660555801989,1,0.970274942428918,-0.0593440575710824,0.0593440575710824,0.0593440575710824,0.00352171716899994,0.754201081588565,1.18997494743782,1,0.991947879972411,0.0756571799724111,0.0756571799724111,0.0756571799724111,0.0057240088813778,0.699496946992699,1.27971210097999,1,1.51129250304361,0.01129250304361,0.01129250304361,0.01129250304361,0.00012752062498994,1.43733073236724,1.63346798836062,1,1.81694088068453,0.0169408806845308,0.0169408806845308,0.0169408806845308,0.000286993438367509,1.75742436733306,1.90540007992004,1
7,"n1000-b1_1-b2_2p8-b3_2p5",1000,8,68,1,1,0,1.029619,0.9162907,1.5,1.8,1,1.3,0.094,345,149,357,149,FALSE,NA,TRUE,NA,0.112677487728207,0.112677487728207,0.112677487728207,0.112677487728207,0.0126962162407403,-0.162394334679596,0.391211377102189,1,1.11163086385397,0.0820118638539735,0.0820118638539735,0.0820118638539735,0.00672594581280269,0.879937073593234,1.34882817075991,1,0.933545986820573,0.017255286820573,0.017255286820573,0.017255286820573,0.00029774492326024,0.614107848777106,1.25000246962375,1,1.43752792575942,-0.0624720742405753,0.0624720742405753,0.0624720742405753,0.00390276005991996,1.37196206299068,1.49875197347963,0,1.72749740688052,-0.0725025931194763,0.0725025931194763,0.0725025931194763,0.00525662600904833,1.67180035200975,1.81086646005534,1
7,"n1000-b1_1-b2_2p8-b3_2p5",1000,9,69,1,1,0,1.029619,0.9162907,1.5,1.8,1,1.3,0.097,360,162,304,174,FALSE,NA,TRUE,NA,0.117078497302461,0.117078497302461,0.117078497302461,0.117078497302461,0.0137073745306023,-0.128641789658388,0.365700591495823,1,1.30068326569644,0.271064265696443,0.271064265696443,0.271064265696443,0.0734758361375521,1.08095200828058,1.52640216384128,0,0.621950123318919,-0.294340576681081,0.294340576681081,0.294340576681081,0.0866363750809515,0.32653548986357,0.913863510912974,0,1.50855059311523,0.00855059311523232,0.00855059311523232,0.00855059311523232,7.31126426222583e-05,1.4937683960899,1.55425750498005,1,1.80451923111588,0.00451923111588348,0.00451923111588348,0.00451923111588348,2.04234498787695e-05,1.77893208753145,1.84563683721847,1
7,"n1000-b1_1-b2_2p8-b3_2p5",1000,10,70,1,1,0,1.029619,0.9162907,1.5,1.8,1,1.3,0.108,322,179,329,170,FALSE,NA,TRUE,NA,-0.0536238590737383,-0.0536238590737383,0.0536238590737383,0.0536238590737383,0.00287551826196014,-0.295040390233267,0.189827712245045,1,1.03030931634677,0.000690316346770858,0.000690316346770858,0.000690316346770858,4.76536658619064e-07,0.818378059458838,1.24557316985221,1,1.05910214215308,0.142811442153081,0.142811442153081,0.142811442153081,0.0203951080098428,0.763812569553391,1.3528204896925,1,1.52750042930699,0.02750042930699,0.02750042930699,0.02750042930699,0.000756273612068757,1.47156667973001,1.64219677944895,1,1.83314037911445,0.0331403791144498,0.0331403791144498,0.0331403791144498,0.00109828472784946,1.79391931053614,1.91430649358196,1
8,"n1000-b1_1-b2_2p8-b3_2p5",1000,1,71,1,1,0,1.029619,0.9162907,1.5,1.8,1,1.3,0.085,367,156,327,150,FALSE,NA,TRUE,NA,-0.149396715511389,-0.149396715511389,0.149396715511389,0.149396715511389,0.022319378605591,-0.40356598478517,0.102599951266965,1,0.912553407730014,-0.117065592269986,0.117065592269986,0.117065592269986,0.0137043528935227,0.700866175369207,1.13287512787055,1,1.16276108568571,0.246470385685707,0.246470385685707,0.246470385685707,0.060747651020061,0.861353605332326,1.46385567392106,1,1.51312960842186,0.0131296084218586,0.0131296084218586,0.0131296084218586,0.000172386617311341,1.44585233152756,1.59443685023321,1,1.79531320084099,-0.00468679915900538,0.00468679915900538,0.00468679915900538,2.19660863568536e-05,1.73182753517319,1.87071434832951,1
8,"n1000-b1_1-b2_2p8-b3_2p5",1000,2,72,1,1,0,1.029619,0.9162907,1.5,1.8,1,1.3,0.084,361,174,320,145,FALSE,NA,TRUE,NA,0.10463465065827,0.10463465065827,0.10463465065827,0.10463465065827,0.0109484101183782,-0.14620525101847,0.355022763479705,1,1.11711941794426,0.0875004179442616,0.0875004179442616,0.0875004179442616,0.00765632314042045,0.890456824643344,1.34518050282076,1,0.827431813882061,-0.088858886117939,0.088858886117939,0.088858886117939,0.00789590164212086,0.531445532499043,1.1255868121175,1,1.52269835719855,0.022698357198552,0.022698357198552,0.022698357198552,0.000515215419513055,1.48843409359408,1.64372918535737,1,1.82147940937244,0.0214794093724444,0.0214794093724444,0.0214794093724444,0.000461365026989053,1.74864135615604,1.90727697102579,1
8,"n1000-b1_1-b2_2p8-b3_2p5",1000,3,73,1,1,0,1.029619,0.9162907,1.5,1.8,1,1.3,0.081,339,161,319,181,FALSE,NA,TRUE,NA,0.128511035728488,0.128511035728488,0.128511035728488,0.128511035728488,0.0165150863040086,-0.106369283455502,0.368157820915592,1,0.961577482169847,-0.0680415178301531,0.0680415178301531,0.0680415178301531,0.00462964814863104,0.755058519294501,1.16875204176618,1,0.797035828667575,-0.119254871332425,0.119254871332425,0.119254871332425,0.0142217243365133,0.50831007183018,1.07995510650765,1,1.50482946540287,0.00482946540287066,0.00482946540287066,0.00482946540287066,2.33237360775247e-05,1.44709743977525,1.56370202703204,1,1.74007721119307,-0.0599227888069278,0.0599227888069278,0.0599227888069278,0.00359074061839967,1.64651883717137,1.80369381663447,1
8,"n1000-b1_1-b2_2p8-b3_2p5",1000,4,74,1,1,0,1.029619,0.9162907,1.5,1.8,1,1.3,0.104,369,162,314,155,FALSE,NA,TRUE,NA,0.0769564307645255,0.0769564307645255,0.0769564307645255,0.0769564307645255,0.00592229223601521,-0.177591904653163,0.332361253465793,1,1.12038562823246,0.090766628232464,0.090766628232464,0.090766628232464,0.00823858080069032,0.896390571359347,1.35323786581149,1,0.93029665935233,0.0140059593523295,0.0140059593523295,0.0140059593523295,0.000196166897379106,0.623945621793091,1.23340956594209,1,1.50301554349137,0.0030155434913719,0.0030155434913719,0.0030155434913719,9.09350254835541e-06,1.4826791690531,1.53610698584439,1,1.81164732358241,0.0116473235824082,0.0116473235824082,0.0116473235824082,0.000135660146633321,1.77642527756547,1.8578726989638,1
8,"n1000-b1_1-b2_2p8-b3_2p5",1000,5,75,1,1,0,1.029619,0.9162907,1.5,1.8,1,1.3,0.091,330,169,344,157,FALSE,NA,TRUE,NA,-0.166359906022923,-0.166359906022923,0.166359906022923,0.166359906022923,0.0276756183319558,-0.41031837085901,0.0823713153653295,1,0.968123980788054,-0.0614950192119462,0.0614950192119462,0.0614950192119462,0.00378163738787763,0.757941813541253,1.1819872283342,1,0.935579525769174,0.0192888257691736,0.0192888257691736,0.0192888257691736,0.000372058799553534,0.639650390900019,1.22949429843169,1,1.51273361849452,0.0127336184945208,0.0127336184945208,0.0127336184945208,0.000162145039964003,1.44481871082089,1.57150323676964,1,1.78123937180539,-0.0187606281946111,0.0187606281946111,0.0187606281946111,0.000351961170256437,1.59212108993515,1.86183869253938,1
8,"n1000-b1_1-b2_2p8-b3_2p5",1000,6,76,1,1,0,1.029619,0.9162907,1.5,1.8,1,1.3,0.103,332,163,325,180,FALSE,NA,TRUE,NA,0.310572201257529,0.310572201257529,0.310572201257529,0.310572201257529,0.0964550921939471,0.0654886072118061,0.553647333337229,0,1.12493834855685,0.0953193485568526,0.0953193485568526,0.0953193485568526,0.00908577820930277,0.910955132917392,1.34436844896133,1,0.588090573327249,-0.328200126672751,0.328200126672751,0.328200126672751,0.10771532314801,0.293228564709305,0.87927768236914,0,1.51270317045357,0.0127031704535743,0.0127031704535743,0.0127031704535743,0.000161370539572562,1.47450931832745,1.54643344740655,1,1.80391275550298,0.00391275550298031,0.00391275550298031,0.00391275550298031,1.53096556261027e-05,1.78789708206872,1.87375406954402,1
8,"n1000-b1_1-b2_2p8-b3_2p5",1000,7,77,1,1,0,1.029619,0.9162907,1.5,1.8,1,1.3,0.091,336,157,334,173,FALSE,NA,TRUE,NA,-0.303195371304075,-0.303195371304075,0.303195371304075,0.303195371304075,0.0919274331802161,-0.555899858071678,-0.0573648165172124,0,0.903805709080128,-0.125813290919872,0.125813290919872,0.125813290919872,0.0158289841720885,0.696983425676565,1.11521782708483,1,1.06126028615591,0.14496958615591,0.14496958615591,0.14496958615591,0.0210161809102157,0.767417017623191,1.36019433213902,1,1.46594995071826,-0.0340500492817433,0.0340500492817433,0.0340500492817433,0.00115940585608915,1.44547554138754,1.49675153200714,0,1.78623563055224,-0.0137643694477596,0.0137643694477596,0.0137643694477596,0.000189457866294418,1.73400249111866,1.85459191599189,1
8,"n1000-b1_1-b2_2p8-b3_2p5",1000,8,78,1,1,0,1.029619,0.9162907,1.5,1.8,1,1.3,0.104,334,166,309,191,FALSE,NA,TRUE,NA,-0.0974308382578259,-0.0974308382578259,0.0974308382578259,0.0974308382578259,0.00949276824362263,-0.343705971464578,0.144696656042208,1,1.15394018941589,0.12432118941589,0.12432118941589,0.12432118941589,0.0154557581377817,0.948703210178526,1.36878803000434,1,0.998491582291703,0.0822008822917025,0.0822008822917025,0.0822008822917025,0.00675698504953433,0.707413312156953,1.29269222586046,1,1.49478748589787,-0.0052125141021262,0.0052125141021262,0.0052125141021262,2.71703032648645e-05,1.47797541318528,1.53087124596542,1,1.81027275687625,0.0102727568762468,0.0102727568762468,0.0102727568762468,0.000105529533838477,1.77993128389105,1.90406219725426,1
8,"n1000-b1_1-b2_2p8-b3_2p5",1000,9,79,1,1,0,1.029619,0.9162907,1.5,1.8,1,1.3,0.1,338,148,325,189,FALSE,NA,TRUE,NA,-0.00797339656705501,-0.00797339656705501,0.00797339656705501,0.00797339656705501,6.35750528155246e-05,-0.255282356244449,0.237790114880329,1,0.882404442890948,-0.147214557109052,0.147214557109052,0.147214557109052,0.0216721258248142,0.678631175416318,1.08803080573839,1,1.10404197456238,0.187751274562383,0.187751274562383,0.187751274562383,0.0352505410997993,0.802239221626003,1.40491355243717,1,1.50300891581499,0.00300891581499085,0.00300891581499085,0.00300891581499085,9.05357438170207e-06,1.47399384171384,1.57424601987223,1,1.79887788063608,-0.00112211936391815,0.00112211936391815,0.00112211936391815,1.25915186688007e-06,1.77966419651744,1.84206252235788,1
8,"n1000-b1_1-b2_2p8-b3_2p5",1000,10,80,1,1,0,1.029619,0.9162907,1.5,1.8,1,1.3,0.097,332,165,344,159,FALSE,NA,TRUE,NA,-0.129601233908695,-0.129601233908695,0.129601233908695,0.129601233908695,0.0167964798306563,-0.38108373286262,0.124562960781658,1,0.958606743377565,-0.0710122566224348,0.0710122566224348,0.0710122566224348,0.00504274059061054,0.749304841751701,1.17600981641482,1,0.998435906593411,0.0821452065934113,0.0821452065934113,0.0821452065934113,0.00674783496627422,0.702172472322038,1.29854514243589,1,1.49148643298269,-0.00851356701730599,0.00851356701730599,0.00851356701730599,7.24808233581604e-05,1.41324772738795,1.58886274626644,1,1.79571158725274,-0.00428841274726133,0.00428841274726133,0.00428841274726133,1.83904838908734e-05,1.69861520921849,1.88212295393754,1
9,"n1000-b1_1-b2_2p8-b3_2p5",1000,1,81,1,1,0,1.029619,0.9162907,1.5,1.8,1,1.3,0.102,344,151,339,166,FALSE,NA,TRUE,NA,-0.248682655306641,-0.248682655306641,0.248682655306641,0.248682655306641,0.0618430630503618,-0.513317472826311,0.0130883936800056,1,1.0328360126017,0.00321701260170482,0.00321701260170482,0.00321701260170482,1.03491700795276e-05,0.821958224012129,1.24882104778409,1,1.0250255660322,0.108734866032195,0.108734866032195,0.108734866032195,0.0118232710910395,0.721962336201027,1.32962574902412,1,1.53373229086958,0.0337322908695756,0.0337322908695756,0.0337322908695756,0.00113786744730966,1.4342179287887,1.58539819386833,1,1.80617355865239,0.00617355865238634,0.00617355865238634,0.00617355865238634,3.81128264344542e-05,1.72343473082218,1.85135826975665,1
9,"n1000-b1_1-b2_2p8-b3_2p5",1000,2,82,1,1,0,1.029619,0.9162907,1.5,1.8,1,1.3,0.103,350,151,337,162,FALSE,NA,TRUE,NA,0.0236827562478701,0.0236827562478701,0.0236827562478701,0.0236827562478701,0.000560872943496031,-0.234774055967165,0.281634234117168,1,1.08145248917697,0.0518334891769745,0.0518334891769745,0.0518334891769745,0.00268671060025953,0.862755522899993,1.29766923201493,1,0.871134645627575,-0.0451560543724246,0.0451560543724246,0.0451560543724246,0.00203906924648537,0.567148827948644,1.18136910595999,1,1.5265053461654,0.026505346165401,0.026505346165401,0.026505346165401,0.000702533375347738,1.48328215614977,1.59301224985919,1,1.84457012323674,0.0445701232367361,0.0445701232367361,0.0445701232367361,0.00198649588533785,1.7769377357266,1.95727030854565,1
9,"n1000-b1_1-b2_2p8-b3_2p5",1000,3,83,1,1,0,1.029619,0.9162907,1.5,1.8,1,1.3,0.098,365,168,304,163,FALSE,NA,TRUE,NA,0.261398673846083,0.261398673846083,0.261398673846083,0.261398673846083,0.068329266688491,0.0128939611558425,0.511689976344449,0,1.08009341680559,0.0504744168055866,0.0504744168055866,0.0504744168055866,0.00254766675186408,0.858836335615927,1.30461596040853,1,0.567197185350905,-0.349093514649095,0.349093514649095,0.349093514649095,0.121866281970058,0.271718498370312,0.865992181505002,0,1.55233239349618,0.052332393496175,0.052332393496175,0.052332393496175,0.0027386794090385,1.43384166680331,1.62493285698861,1,1.80396286023494,0.00396286023493642,0.00396286023493642,0.00396286023493642,1.57042612416403e-05,1.76956466264046,1.87589238733059,1
9,"n1000-b1_1-b2_2p8-b3_2p5",1000,4,84,1,1,0,1.029619,0.9162907,1.5,1.8,1,1.3,0.095,339,164,329,168,FALSE,NA,TRUE,NA,-0.0268627542450593,-0.0268627542450593,0.0268627542450593,0.0268627542450593,0.000721607565630453,-0.277847644104911,0.228453512101904,1,0.972750650603878,-0.0568683493961221,0.0568683493961221,0.0568683493961221,0.00323400916303942,0.758795799859439,1.19016213186445,1,0.984882360933661,0.068591660933661,0.068591660933661,0.068591660933661,0.00470481594963831,0.685598432581809,1.28571710313773,1,1.47417391909106,-0.0258260809089397,0.0258260809089397,0.0258260809089397,0.000666986455115098,1.43145046331457,1.54019467703894,1,1.74328176802855,-0.0567182319714541,0.0567182319714541,0.0567182319714541,0.00321695783796768,1.65112023891105,1.83253477991011,1
9,"n1000-b1_1-b2_2p8-b3_2p5",1000,5,85,1,1,0,1.029619,0.9162907,1.5,1.8,1,1.3,0.088,304,174,364,158,FALSE,NA,TRUE,NA,0.145705949642083,0.145705949642083,0.145705949642083,0.145705949642083,0.0212302237611013,-0.0964501069432649,0.388423222828521,1,1.12090650909524,0.091287509095235,0.091287509095235,0.091287509095235,0.00833340931681261,0.904194498952802,1.34269104224162,1,0.790650515180223,-0.125640184819777,0.125640184819777,0.125640184819777,0.0157854560415477,0.501544096444329,1.07878595602989,1,1.53617637654154,0.0361763765415422,0.0361763765415422,0.0361763765415422,0.00130873021967544,1.47276901725438,1.59283939137424,1,1.87871172740305,0.0787117274030471,0.0787117274030471,0.0787117274030471,0.0061955360307716,1.81037165171147,1.97308510864875,0
9,"n1000-b1_1-b2_2p8-b3_2p5",1000,6,86,1,1,0,1.029619,0.9162907,1.5,1.8,1,1.3,0.108,337,166,333,164,FALSE,NA,TRUE,NA,-0.173362001381467,-0.173362001381467,0.173362001381467,0.173362001381467,0.0300543835229877,-0.42975308331449,0.0806570822530064,1,1.11847038567129,0.0888513856712887,0.0888513856712887,0.0888513856712887,0.00789456873570809,0.902960597360926,1.3341982508724,1,0.901149388733756,-0.0151413112662435,0.0151413112662435,0.0151413112662435,0.000229259306861273,0.600004377948549,1.20449660618712,1,1.53133157639476,0.0313315763947575,0.0313315763947575,0.0313315763947575,0.000981667679380524,1.4874271877607,1.58625314133354,1,1.8098433185534,0.00984331855340326,0.00984331855340326,0.00984331855340326,9.68909201437728e-05,1.77334755579834,1.91094826133674,1
9,"n1000-b1_1-b2_2p8-b3_2p5",1000,7,87,1,1,0,1.029619,0.9162907,1.5,1.8,1,1.3,0.092,322,155,345,178,FALSE,NA,TRUE,NA,0.0751965386813477,0.0751965386813477,0.0751965386813477,0.0751965386813477,0.00565451942965543,-0.171690665162273,0.323111001994796,1,1.00518223583194,-0.0244367641680552,0.0244367641680552,0.0244367641680552,0.000597155443005146,0.801952169012025,1.21175207611753,1,0.744188045247398,-0.172102654752602,0.172102654752602,0.172102654752602,0.0296193237728934,0.452546974410044,1.03900163346487,1,1.51195452584848,0.0119545258484763,0.0119545258484763,0.0119545258484763,0.000142910688261889,1.45429980481203,1.62190511303446,1,1.80902868612675,0.00902868612675101,0.00902868612675101,0.00902868612675101,8.15171731753861e-05,1.74724816774972,1.87265850266726,1
9,"n1000-b1_1-b2_2p8-b3_2p5",1000,8,88,1,1,0,1.029619,0.9162907,1.5,1.8,1,1.3,0.102,320,173,341,166,FALSE,NA,TRUE,NA,-0.153157542771203,-0.153157542771203,0.153157542771203,0.153157542771203,0.023457232907713,-0.40122753014099,0.0945270951039128,1,0.926479094258965,-0.103139905741035,0.103139905741035,0.103139905741035,0.0106378401562697,0.71333576420315,1.14451125297098,1,0.977279971030756,0.0609892710307565,0.0609892710307565,0.0609892710307565,0.00371969118086307,0.682366566011821,1.27293918740032,1,1.52110281901717,0.0211028190171723,0.0211028190171723,0.0211028190171723,0.000445328970471527,1.45203165427355,1.74214870562954,1,1.83364790061903,0.0336479006190324,0.0336479006190324,0.0336479006190324,0.00113218121606828,1.59539239779761,1.97152990733611,1
9,"n1000-b1_1-b2_2p8-b3_2p5",1000,9,89,1,1,0,1.029619,0.9162907,1.5,1.8,1,1.3,0.075,298,178,346,178,FALSE,NA,TRUE,NA,0.191678358108677,0.191678358108677,0.191678358108677,0.191678358108677,0.0367405929672381,-0.0454111271544123,0.424749019173777,1,1.07266230580505,0.0430433058050481,0.0430433058050481,0.0430433058050481,0.00185272617462689,0.867004667508815,1.28210206039961,1,0.706800454375998,-0.209490245624002,0.209490245624002,0.209490245624002,0.0438861630116048,0.424608264238975,0.989609098993575,1,1.51067488643247,0.0106748864324748,0.0106748864324748,0.0106748864324748,0.000113953200346235,1.47167946659218,1.59316209250453,1,1.80721286167636,0.00721286167635826,0.00721286167635826,0.00721286167635826,5.20253735622777e-05,1.77923007163103,1.84910207794267,1
9,"n1000-b1_1-b2_2p8-b3_2p5",1000,10,90,1,1,0,1.029619,0.9162907,1.5,1.8,1,1.3,0.095,366,171,308,155,FALSE,NA,TRUE,NA,0.00688014839503539,0.00688014839503539,0.00688014839503539,0.00688014839503539,4.7336441937708e-05,-0.247062252651134,0.258841967912465,1,1.09806471465868,0.0684457146586799,0.0684457146586799,0.0684457146586799,0.00468481585513743,0.875798741252172,1.32529614665987,1,0.915619990670143,-0.000670709329857133,0.000670709329857133,0.000670709329857133,4.49851005157405e-07,0.617589030768795,1.21536288339881,1,1.49916898291224,-0.000831017087757235,0.000831017087757235,0.000831017087757235,6.90589400144517e-07,1.47362586030902,1.53590306704149,1,1.81103885063995,0.0110388506399539,0.0110388506399539,0.0110388506399539,0.000121856223451211,1.78695219172939,1.87772325828545,1
10,"n1000-b1_1-b2_2p8-b3_2p5",1000,1,91,1,1,0,1.029619,0.9162907,1.5,1.8,1,1.3,0.103,368,183,283,166,FALSE,NA,TRUE,NA,0.00664284431063771,0.00664284431063771,0.00664284431063771,0.00664284431063771,4.41273805353718e-05,-0.241752925947752,0.255381595574015,1,1.20610646614713,0.17648746614713,0.17648746614713,0.17648746614713,0.0311478257070344,0.98346894297552,1.43474078404569,1,0.854116889445979,-0.0621738105540208,0.0621738105540208,0.0621738105540208,0.00386558271880727,0.556489885149287,1.15113798974355,1,1.48717091347842,-0.012829086521585,0.012829086521585,0.012829086521585,0.000164585460978314,1.43091172958348,1.54594443377383,1,1.84330300778068,0.0433030077806777,0.0433030077806777,0.0433030077806777,0.00187515048285344,1.78700661159307,1.95281997327074,1
10,"n1000-b1_1-b2_2p8-b3_2p5",1000,2,92,1,1,0,1.029619,0.9162907,1.5,1.8,1,1.3,0.088,320,168,327,185,FALSE,NA,TRUE,NA,0.0220859661419485,0.0220859661419485,0.0220859661419485,0.0220859661419485,0.000487789900423297,-0.215086003329278,0.25501790248581,1,1.04249253905698,0.0128735390569839,0.0128735390569839,0.0128735390569839,0.000165728007851689,0.840961656397515,1.24789734123596,1,0.917675852565877,0.00138515256587746,0.00138515256587746,0.00138515256587746,1.9186476307569e-06,0.631038602281567,1.20581142968121,1,1.57269345053643,0.0726934505364252,0.0726934505364252,0.0726934505364252,0.00528433775089169,1.50638016864243,1.72172889502076,0,1.86226177380848,0.062261773808477,0.062261773808477,0.062261773808477,0.00387652847777795,1.80463299399797,1.99289007085999,0
10,"n1000-b1_1-b2_2p8-b3_2p5",1000,3,93,1,1,0,1.029619,0.9162907,1.5,1.8,1,1.3,0.105,319,157,339,185,FALSE,NA,TRUE,NA,-0.118640391515502,-0.118640391515502,0.118640391515502,0.118640391515502,0.0140755424989516,-0.366846143991319,0.126475420651974,1,1.0821659407887,0.0525469407887025,0.0525469407887025,0.0525469407887025,0.0027611809862514,0.874541019127232,1.2935802887835,1,0.868133149601393,-0.0481575503986068,0.0481575503986068,0.0481575503986068,0.00231914966039435,0.572265734139208,1.16606800390941,1,1.4783600751826,-0.0216399248173957,0.0216399248173957,0.0216399248173957,0.00046828634610254,1.45709123437923,1.50296613995117,1,1.77010056786062,-0.0298994321393806,0.0298994321393806,0.0298994321393806,0.000893976042257427,1.7415540326233,1.80256090467487,1
10,"n1000-b1_1-b2_2p8-b3_2p5",1000,4,94,1,1,0,1.029619,0.9162907,1.5,1.8,1,1.3,0.092,345,183,334,138,FALSE,NA,TRUE,NA,0.105281902147254,0.105281902147254,0.105281902147254,0.105281902147254,0.0110842789197439,-0.151294608147204,0.360673383037188,1,1.0229989866459,-0.00662001335409768,0.00662001335409768,0.00662001335409768,4.38245768084316e-05,0.789689522067671,1.2576270323723,1,0.71408577058422,-0.20220492941578,0.20220492941578,0.20220492941578,0.0408868334800405,0.412799453199657,1.01934836278043,1,1.61430699605175,0.114306996051751,0.114306996051751,0.114306996051751,0.013066089346375,1.51602805248461,1.70339489104637,0,1.71660063311121,-0.0833993668887885,0.0833993668887885,0.0833993668887885,0.00695545439745074,1.65030959096424,1.81156291779921,1
10,"n1000-b1_1-b2_2p8-b3_2p5",1000,5,95,1,1,0,1.029619,0.9162907,1.5,1.8,1,1.3,0.084,324,172,317,187,FALSE,NA,TRUE,NA,-0.0751415235597287,-0.0751415235597287,0.0751415235597287,0.0751415235597287,0.00564624856287726,-0.314999473755607,0.159718883790362,1,1.04778746732892,0.0181684673289231,0.0181684673289231,0.0181684673289231,0.000330093205082145,0.84378115629441,1.2542835005374,1,0.95421254707414,0.0379218470741405,0.0379218470741405,0.0379218470741405,0.0014380664855145,0.6662545759706,1.23815713376472,1,1.48250786351347,-0.0174921364865313,0.0174921364865313,0.0174921364865313,0.000305974838863438,1.43949623737564,1.55050073016335,1,1.77526730164691,-0.0247326983530882,0.0247326983530882,0.0247326983530882,0.000611706367824853,1.73259903140558,1.86733991075041,1
10,"n1000-b1_1-b2_2p8-b3_2p5",1000,6,96,1,1,0,1.029619,0.9162907,1.5,1.8,1,1.3,0.094,326,172,343,159,FALSE,NA,TRUE,NA,0.296376906001405,0.296376906001405,0.296376906001405,0.296376906001405,0.0878392704109656,0.04644641383622,0.549482067422925,0,1.2307207457586,0.2011017457586,0.2011017457586,0.2011017457586,0.0404419121471567,1.00915752525115,1.45988476670535,1,0.700535147623807,-0.215755552376193,0.215755552376193,0.215755552376193,0.046550458381156,0.404560971769844,0.995960614830518,1,1.45624647742124,-0.0437535225787617,0.0437535225787617,0.0437535225787617,0.00191437073805021,1.43038448021432,1.48130131046566,0,1.81152986514617,0.0115298651461728,0.0115298651461728,0.0115298651461728,0.000132937790288931,1.80023216786753,1.83149514740587,0
10,"n1000-b1_1-b2_2p8-b3_2p5",1000,7,97,1,1,0,1.029619,0.9162907,1.5,1.8,1,1.3,0.11,342,163,312,183,FALSE,NA,TRUE,NA,-0.0799563523104674,-0.0799563523104674,0.0799563523104674,0.0799563523104674,0.00639301827479559,-0.326750894319143,0.170340549554913,1,0.982982952670238,-0.0466360473297617,0.0466360473297617,0.0466360473297617,0.00217492091054377,0.772978237563515,1.1972780634512,1,1.1635457085476,0.247255008547601,0.247255008547601,0.247255008547601,0.0611350392518742,0.860789517149818,1.45963002437761,1,1.51453847356584,0.0145384735658411,0.0145384735658411,0.0145384735658411,0.000211367213624662,1.36428524108092,1.57452550172287,1,1.818684642801,0.0186846428010019,0.0186846428010019,0.0186846428010019,0.000349115876601032,1.72818508616094,1.86339300069363,1
10,"n1000-b1_1-b2_2p8-b3_2p5",1000,8,98,1,1,0,1.029619,0.9162907,1.5,1.8,1,1.3,0.108,314,166,336,184,FALSE,NA,TRUE,NA,-0.0789338888185424,-0.0789338888185424,0.0789338888185424,0.0789338888185424,0.00623055880401801,-0.32622170541603,0.166486973713135,1,1.12806083900172,0.0984418390017179,0.0984418390017179,0.0984418390017179,0.00969079566604014,0.919347797780688,1.33992394509499,1,1.14650152610554,0.230210826105536,0.230210826105536,0.230210826105536,0.0529970244561932,0.852290140083093,1.44336194119276,1,1.45638323408625,-0.0436167659137479,0.0436167659137479,0.0436167659137479,0.00190242226877468,1.35860308899002,1.56231654592055,1,1.71598912437278,-0.0840108756272173,0.0840108756272173,0.0840108756272173,0.00705782722365178,1.65244560768756,1.84407090942839,1
10,"n1000-b1_1-b2_2p8-b3_2p5",1000,9,99,1,1,0,1.029619,0.9162907,1.5,1.8,1,1.3,0.087,316,153,350,181,FALSE,NA,TRUE,NA,-0.064179883046041,-0.064179883046041,0.064179883046041,0.064179883046041,0.00411905738780351,-0.306577461727293,0.178986645587523,1,1.09841789573808,0.0687988957380825,0.0687988957380825,0.0687988957380825,0.00473328805477955,0.897642678954593,1.30459782600037,1,0.908880356223692,-0.00741034377630789,0.00741034377630789,0.00741034377630789,5.49131948830651e-05,0.614996485865447,1.20262042080017,1,1.54699767982174,0.0469976798217426,0.0469976798217426,0.0469976798217426,0.00220878190862703,1.4738824270375,1.59266733345335,1,1.89689104449163,0.0968910444916307,0.0968910444916307,0.0968910444916307,0.00938787450267915,1.75617094841103,1.95245150074624,1
10,"n1000-b1_1-b2_2p8-b3_2p5",1000,10,100,1,1,0,1.029619,0.9162907,1.5,1.8,1,1.3,0.108,329,160,339,172,FALSE,NA,TRUE,NA,-0.0568057661023424,-0.0568057661023424,0.0568057661023424,0.0568057661023424,0.00322689506247403,-0.312985962318003,0.198155999650836,1,1.02765424430228,-0.00196475569772381,0.00196475569772381,0.00196475569772381,3.86026495173817e-06,0.813080334265713,1.24740964157996,1,0.866990292019888,-0.0493004079801119,0.0493004079801119,0.0493004079801119,0.00243053022700548,0.564832080288028,1.17050703746937,1,1.47965480515525,-0.0203451948447533,0.0203451948447533,0.0203451948447533,0.000413926953270975,1.41979122841951,1.53480337778441,1,1.79403316550818,-0.00596683449181867,0.00596683449181867,0.00596683449181867,3.5603113852757e-05,1.73003193760357,1.86723841207489,1
11,"n1000-b1_1-b2_2p8-b3_2p5",1000,1,101,1,1,0,1.029619,0.9162907,1.5,1.8,1,1.3,0.102,335,164,320,181,FALSE,NA,TRUE,NA,-0.089394662321038,-0.089394662321038,0.089394662321038,0.089394662321038,0.00799140565149242,-0.341984495352561,0.156714167536835,1,1.08506143485013,0.0554424348501315,0.0554424348501315,0.0554424348501315,0.00307386358211107,0.874199606475528,1.29724247838187,1,0.94144629736,0.0251555973599995,0.0251555973599995,0.0251555973599995,0.000632804078538414,0.648569625002446,1.2381287938144,1,1.53266341981042,0.032663419810419,0.032663419810419,0.032663419810419,0.00106689899371167,1.48537051476167,1.62310527727897,1,1.81606759495548,0.0160675949554796,0.0160675949554796,0.0160675949554796,0.000258167607653354,1.72752688437318,1.9459228776875,1
11,"n1000-b1_1-b2_2p8-b3_2p5",1000,2,102,1,1,0,1.029619,0.9162907,1.5,1.8,1,1.3,0.1,344,176,313,167,FALSE,NA,TRUE,NA,0.171876582464585,0.171876582464585,0.171876582464585,0.171876582464585,0.0295415595997053,-0.0749511233833006,0.419991656730016,1,1.18967262859738,0.160053628597385,0.160053628597385,0.160053628597385,0.0256171640271896,0.967465997064371,1.41689469886906,1,0.798371301559757,-0.117919398440243,0.117919398440243,0.117919398440243,0.0139049845285087,0.498118745898548,1.09254473004133,1,1.50681692142233,0.00681692142232859,0.00681692142232859,0.00681692142232859,4.64704176782025e-05,1.4603498646285,1.59612631548739,1,1.75935055141954,-0.0406494485804592,0.0406494485804592,0.0406494485804592,0.00165237766989539,1.71374032599253,1.88899093679954,1
11,"n1000-b1_1-b2_2p8-b3_2p5",1000,3,103,1,1,0,1.029619,0.9162907,1.5,1.8,1,1.3,0.1,326,178,328,168,FALSE,NA,TRUE,NA,0.0702429467019804,0.0702429467019804,0.0702429467019804,0.0702429467019804,0.00493407156137726,-0.173282864317513,0.313025269187165,1,1.08763679329498,0.058017793294979,0.058017793294979,0.058017793294979,0.00336606433881891,0.874750326293411,1.30285389657483,1,1.00109968152903,0.0848089815290329,0.0848089815290329,0.0848089815290329,0.00719256334799185,0.707814884336867,1.29818666039733,1,1.47337996376714,-0.0266200362328648,0.0266200362328648,0.0266200362328648,0.000708626329039035,1.42041677674007,1.52493541742161,1,1.8155405259519,0.0155405259518964,0.0155405259518964,0.0155405259518964,0.000241507946861564,1.76600592850234,1.86280860485805,1
11,"n1000-b1_1-b2_2p8-b3_2p5",1000,4,104,1,1,0,1.029619,0.9162907,1.5,1.8,1,1.3,0.087,356,181,316,147,FALSE,NA,TRUE,NA,-0.238530307848823,-0.238530307848823,0.238530307848823,0.238530307848823,0.0568967077624541,-0.489597008504361,0.0156091546603922,1,0.919048342954081,-0.110570657045919,0.110570657045919,0.110570657045919,0.0122258701995663,0.699698726027492,1.14515178787412,1,1.22913854133219,0.312847841332186,0.312847841332186,0.312847841332186,0.0978737718262089,0.927072199656755,1.5312165797992,0,1.49115502304867,-0.00884497695133213,0.00884497695133213,0.00884497695133213,7.82336172695966e-05,1.34059465327925,1.54378244582194,1,1.79129964781485,-0.00870035218515008,0.00870035218515008,0.00870035218515008,7.56961281456458e-05,1.7429788168347,1.86681415666788,1
11,"n1000-b1_1-b2_2p8-b3_2p5",1000,5,105,1,1,0,1.029619,0.9162907,1.5,1.8,1,1.3,0.111,304,171,349,176,FALSE,NA,TRUE,NA,-0.0590762581044214,-0.0590762581044214,0.0590762581044214,0.0590762581044214,0.00349000427162021,-0.307091577184352,0.191584231298271,1,1.06161562033744,0.0319966203374364,0.0319966203374364,0.0319966203374364,0.00102378371301805,0.849608304904264,1.27633978376404,1,1.0017668226588,0.085476122658803,0.085476122658803,0.085476122658803,0.00730616754478274,0.706904708590539,1.30227932254574,1,1.46208713252516,-0.037912867474835,0.037912867474835,0.037912867474835,0.0014373855201644,1.38897625253498,1.52781469477029,1,1.78423665702776,-0.015763342972243,0.015763342972243,0.015763342972243,0.000248482981660563,1.72245207983937,1.85507341929248,1
11,"n1000-b1_1-b2_2p8-b3_2p5",1000,6,106,1,1,0,1.029619,0.9162907,1.5,1.8,1,1.3,0.093,310,164,335,191,FALSE,NA,TRUE,NA,0.0070202717612985,0.0070202717612985,0.0070202717612985,0.0070202717612985,4.92842156024852e-05,-0.23402822523963,0.247603739007212,1,1.13053837976773,0.10091937976773,0.10091937976773,0.10091937976773,0.0101847212127033,0.924301346235237,1.3378260037972,1,0.852124952635873,-0.0641657473641267,0.0641657473641267,0.0641657473641267,0.00411724313479694,0.558155545745275,1.14735399245704,1,1.44841026414522,-0.0515897358547792,0.0515897358547792,0.0515897358547792,0.00266150084556589,1.40368028993245,1.49644933406397,0,1.68948971507697,-0.11051028492303,0.11051028492303,0.11051028492303,0.0122125230737692,1.59959071639708,1.85226832879518,1
11,"n1000-b1_1-b2_2p8-b3_2p5",1000,7,107,1,1,0,1.029619,0.9162907,1.5,1.8,1,1.3,0.095,354,165,336,145,FALSE,NA,TRUE,NA,0.0185273446598019,0.0185273446598019,0.0185273446598019,0.0185273446598019,0.00034326250014309,-0.241538749638273,0.280023490214122,1,1.10024272164593,0.0706237216459298,0.0706237216459298,0.0706237216459298,0.00498771005912177,0.872771486454598,1.3340740052248,1,0.949917790792665,0.0336270907926647,0.0336270907926647,0.0336270907926647,0.00113078123517811,0.64311329347221,1.25639504046187,1,1.52243460970449,0.0224346097044892,0.0224346097044892,0.0224346097044892,0.00050331171259276,1.49439823002007,1.57014204912268,1,1.79973961812188,-0.000260381878123273,0.000260381878123273,0.000260381878123273,6.77987224550027e-08,1.7614652726477,1.86241923758145,1
11,"n1000-b1_1-b2_2p8-b3_2p5",1000,8,108,1,1,0,1.029619,0.9162907,1.5,1.8,1,1.3,0.11,358,173,322,147,FALSE,NA,TRUE,NA,-0.244157265259718,-0.244157265259718,0.244157265259718,0.244157265259718,0.0596127701791041,-0.514998306507957,0.0230458091443114,1,1.14407328911045,0.114454289110454,0.114454289110454,0.114454289110454,0.0130997842957795,0.920215762870542,1.37700744174738,1,1.05361099938674,0.137320299386735,0.137320299386735,0.137320299386735,0.0188568646236626,0.744517055048727,1.36554331449422,1,1.50361139182235,0.00361139182235348,0.00361139182235348,0.00361139182235348,1.30421508945616e-05,1.45335371658195,1.53869125913719,1,1.81148218201167,0.0114821820116728,0.0114821820116728,0.0114821820116728,0.000131840503749183,1.75788692539579,1.88852212474342,1
11,"n1000-b1_1-b2_2p8-b3_2p5",1000,9,109,1,1,0,1.029619,0.9162907,1.5,1.8,1,1.3,0.091,320,177,360,143,FALSE,NA,TRUE,NA,-0.179407314772095,-0.179407314772095,0.179407314772095,0.179407314772095,0.0321869845937335,-0.432802659708603,0.0774048359032378,1,0.922246185969481,-0.107372814030519,0.107372814030519,0.107372814030519,0.0115289211928324,0.702672737155791,1.14755034917884,1,1.17224555659896,0.255954856598958,0.255954856598958,0.255954856598958,0.0655128886165933,0.86745209974872,1.47317225419501,1,1.48675781366786,-0.0132421863321419,0.0132421863321419,0.0132421863321419,0.000175355498855166,1.44783907050081,1.60146666316866,1,1.77061140006216,-0.0293885999378438,0.0293885999378438,0.0293885999378438,0.000863689806306634,1.71979938381638,1.80015328713015,1
11,"n1000-b1_1-b2_2p8-b3_2p5",1000,10,110,1,1,0,1.029619,0.9162907,1.5,1.8,1,1.3,0.101,331,171,336,162,FALSE,NA,TRUE,NA,0.0931923597539962,0.0931923597539962,0.0931923597539962,0.0931923597539962,0.00868481591651825,-0.158382221565719,0.346151706166864,1,0.998104455195841,-0.0315145448041592,0.0315145448041592,0.0315145448041592,0.000993166534213355,0.781475346772661,1.21905719224272,1,0.869009533549955,-0.0472811664500452,0.0472811664500452,0.0472811664500452,0.00223550870087688,0.567951848985251,1.16606574187835,1,1.55069361486951,0.0506936148695059,0.0506936148695059,0.0506936148695059,0.00256984258853779,1.50518856322972,1.63366494155704,0,1.79216779630111,-0.00783220369889137,0.00783220369889137,0.00783220369889137,6.13434147809277e-05,1.74505335069573,1.86565252772007,1
12,"n1000-b1_1-b2_2p8-b3_2p5",1000,1,111,1,1,0,1.029619,0.9162907,1.5,1.8,1,1.3,0.093,317,175,321,187,FALSE,NA,TRUE,NA,0.102989438903954,0.102989438903954,0.102989438903954,0.102989438903954,0.0106068245257512,-0.135472059227344,0.340224172394647,1,1.20110638394577,0.17148738394577,0.17148738394577,0.17148738394577,0.0294079228525638,0.989117157295209,1.4157620844804,1,0.70897724228555,-0.20731345771445,0.20731345771445,0.20731345771445,0.0429788697495211,0.421000328944525,1.00287604665039,1,1.51490201719063,0.0149020171906322,0.0149020171906322,0.0149020171906322,0.000222070116349898,1.49073379234469,1.56193423701686,1,1.80569694325172,0.00569694325172487,0.00569694325172487,0.00569694325172487,3.24551624133736e-05,1.77640941961964,1.84758210960077,1
12,"n1000-b1_1-b2_2p8-b3_2p5",1000,2,112,1,1,0,1.029619,0.9162907,1.5,1.8,1,1.3,0.088,332,172,345,151,FALSE,NA,TRUE,NA,-0.13622909537231,-0.13622909537231,0.13622909537231,0.13622909537231,0.0185583664259579,-0.381464921627176,0.110665084524082,1,0.972707349431075,-0.0569116505689256,0.0569116505689256,0.0569116505689256,0.00323893597047948,0.759522900663019,1.19170122945431,1,1.096310353362,0.180019653361998,0.180019653361998,0.180019653361998,0.0324070755965738,0.795017417115409,1.39126825695873,1,1.51782801840082,0.0178280184008226,0.0178280184008226,0.0178280184008226,0.000317838240100069,1.47135414928919,1.59928807692056,1,1.86141251458553,0.0614125145855269,0.0614125145855269,0.0614125145855269,0.00377149694771755,1.80583618309267,1.93047705080052,0
12,"n1000-b1_1-b2_2p8-b3_2p5",1000,3,113,1,1,0,1.029619,0.9162907,1.5,1.8,1,1.3,0.111,314,179,326,181,FALSE,NA,TRUE,NA,-0.155062112668125,-0.155062112668125,0.155062112668125,0.155062112668125,0.0240442587851024,-0.399301219223555,0.0924451692687087,1,1.15595874722401,0.126339747224006,0.126339747224006,0.126339747224006,0.0159617317286258,0.947082708064465,1.36915400130204,1,1.02310488321982,0.10681418321982,0.10681418321982,0.10681418321982,0.0114092697369174,0.726989344000277,1.31940431841795,1,1.53403647745916,0.0340364774591584,0.0340364774591584,0.0340364774591584,0.0011584817978278,1.47392538312898,1.58567757259453,1,1.78958199862144,-0.0104180013785573,0.0104180013785573,0.0104180013785573,0.000108534752723622,1.72174851813713,1.90184497757339,1
12,"n1000-b1_1-b2_2p8-b3_2p5",1000,4,114,1,1,0,1.029619,0.9162907,1.5,1.8,1,1.3,0.114,335,158,330,177,FALSE,NA,TRUE,NA,-0.0140729477488476,-0.0140729477488476,0.0140729477488476,0.0140729477488476,0.000198047858341794,-0.268453854653169,0.241738091719244,1,1.00826715316957,-0.0213518468304275,0.0213518468304275,0.0213518468304275,0.000455901363070035,0.795933742150341,1.22879730944671,1,0.996800652414025,0.0805099524140246,0.0805099524140246,0.0805099524140246,0.0064818524377085,0.692616110333022,1.29942055630871,1,1.49305771735505,-0.00694228264495189,0.00694228264495189,0.00694228264495189,4.81952883224002e-05,1.47219367428533,1.54300876998955,1,1.808074268401,0.00807426840100001,0.00807426840100001,0.00807426840100001,6.51938102113872e-05,1.77904996813086,1.86269699749596,1
12,"n1000-b1_1-b2_2p8-b3_2p5",1000,5,115,1,1,0,1.029619,0.9162907,1.5,1.8,1,1.3,0.1,333,175,331,161,FALSE,NA,TRUE,NA,-0.191146171473082,-0.191146171473082,0.191146171473082,0.191146171473082,0.0365368588688168,-0.439023791562964,0.0561108558045462,1,1.02372552349103,-0.00589347650897332,0.00589347650897332,0.00589347650897332,3.47330653618203e-05,0.811766684961081,1.24443332092879,1,1.11573829157645,0.199447591576449,0.199447591576449,0.199447591576449,0.0397793417856461,0.821526281349334,1.4128530055411,1,1.51882131897426,0.0188213189742583,0.0188213189742583,0.0188213189742583,0.000354242047930776,1.48533606556349,1.68665392205676,1,1.84120840214715,0.0412084021471455,0.0412084021471455,0.0412084021471455,0.00169813240752087,1.79413550938561,2.01537490882529,1
12,"n1000-b1_1-b2_2p8-b3_2p5",1000,6,116,1,1,0,1.029619,0.9162907,1.5,1.8,1,1.3,0.076,345,131,350,174,FALSE,NA,TRUE,NA,-0.218278542693048,-0.218278542693048,0.218278542693048,0.218278542693048,0.047645522200201,-0.479159036321136,0.0387645395554985,1,0.867054467330199,-0.162564532669801,0.162564532669801,0.162564532669801,0.0264272272821507,0.662469488431461,1.0724759781272,1,1.16385939115759,0.247568691157593,0.247568691157593,0.247568691157593,0.0612902568414834,0.863064528280411,1.47010013535844,1,1.5296400933143,0.0296400933143046,0.0296400933143046,0.0296400933143046,0.000878535131680685,1.47887231702083,1.70509861926928,1,1.80030040669465,0.000300406694645039,0.000300406694645039,0.000300406694645039,9.02441821875577e-08,1.71989942054757,1.91499143133654,1
12,"n1000-b1_1-b2_2p8-b3_2p5",1000,7,117,1,1,0,1.029619,0.9162907,1.5,1.8,1,1.3,0.092,335,169,334,162,FALSE,NA,TRUE,NA,-0.0578341495691317,-0.0578341495691317,0.0578341495691317,0.0578341495691317,0.00334478885638469,-0.307120937831717,0.189856063096493,1,0.930759726339507,-0.0988592736604935,0.0988592736604935,0.0988592736604935,0.00977315598868035,0.71879940707884,1.14626832782863,1,1.11206628318687,0.195775583186869,0.195775583186869,0.195775583186869,0.0383280789721589,0.817835710862429,1.41031667968696,1,1.41905420324029,-0.08094579675971,0.08094579675971,0.08094579675971,0.00655222201306428,1.36723066609245,1.4994191915748,0,1.74840859177077,-0.0515914082292299,0.0515914082292299,0.0515914082292299,0.00266167340307505,1.67104043914226,1.87077652330269,1
12,"n1000-b1_1-b2_2p8-b3_2p5",1000,8,118,1,1,0,1.029619,0.9162907,1.5,1.8,1,1.3,0.084,325,179,327,169,FALSE,NA,TRUE,NA,-0.102177957483623,-0.102177957483623,0.102177957483623,0.102177957483623,0.0104403349955251,-0.336620802676443,0.133613373393779,1,1.04089588856931,0.0112768885693111,0.0112768885693111,0.0112768885693111,0.000127168215804659,0.82855099186196,1.25642741041886,1,0.995131286673189,0.0788405866731891,0.0788405866731891,0.0788405866731891,0.00621583810697264,0.705995578996858,1.28086834539091,1,1.50237626252077,0.00237626252077305,0.00237626252077305,0.00237626252077305,5.64662356763071e-06,1.48594955402387,1.52135486924213,1,1.79482952400598,-0.00517047599402209,0.00517047599402209,0.00517047599402209,2.67338220047588e-05,1.77308655526061,1.81931713868833,1
12,"n1000-b1_1-b2_2p8-b3_2p5",1000,9,119,1,1,0,1.029619,0.9162907,1.5,1.8,1,1.3,0.089,344,149,338,169,FALSE,NA,TRUE,NA,-0.10699178613327,-0.10699178613327,0.10699178613327,0.10699178613327,0.0114472422999873,-0.367161952346281,0.146970290297024,1,1.05649745804601,0.0268784580460102,0.0268784580460102,0.0268784580460102,0.00072245150693113,0.845495929292623,1.27151114037622,1,0.968386460814463,0.0520957608144625,0.0520957608144625,0.0520957608144625,0.00271396829483769,0.667262844203914,1.27363993733858,1,1.4861086176155,-0.0138913823845022,0.0138913823845022,0.0138913823845022,0.000192970504552457,1.45116387670129,1.52758127012635,1,1.80562306265427,0.00562306265427215,0.00562306265427215,0.00562306265427215,3.16188336138701e-05,1.76337794743159,1.84268571905771,1
12,"n1000-b1_1-b2_2p8-b3_2p5",1000,10,120,1,1,0,1.029619,0.9162907,1.5,1.8,1,1.3,0.091,313,171,357,159,FALSE,NA,TRUE,NA,-0.127280045306232,-0.127280045306232,0.127280045306232,0.127280045306232,0.0162002099331565,-0.371316637287339,0.117575392152459,1,0.794355946188481,-0.235263053811519,0.235263053811519,0.235263053811519,0.0553487044887218,0.585806007690236,1.00978668774003,0,1.10214316246946,0.185852462469462,0.185852462469462,0.185852462469462,0.0345411378059629,0.809910075066284,1.39811021965246,1,1.52579265283978,0.0257926528397794,0.0257926528397794,0.0257926528397794,0.00066526094051338,1.47048396570093,1.57962784800273,1,1.83328362641102,0.0332836264110219,0.0332836264110219,0.0332836264110219,0.00110779978706847,1.75021441664923,1.8948301373333,1
13,"n1000-b1_1-b2_2p8-b3_2p5",1000,1,121,1,1,0,1.029619,0.9162907,1.5,1.8,1,1.3,0.096,337,163,348,152,FALSE,NA,TRUE,NA,-0.178640668238115,-0.178640668238115,0.178640668238115,0.178640668238115,0.0319124883485602,-0.434664254145643,0.0828867266884865,1,0.8969195072677,-0.1326994927323,0.1326994927323,0.1326994927323,0.0176091553714097,0.680810279835849,1.12361670715977,1,1.06717674083272,0.150886040832719,0.150886040832719,0.150886040832719,0.022766597318173,0.764707875387069,1.37040465447462,1,1.50313933186833,0.00313933186832682,0.00313933186832682,0.00313933186832682,9.85540457949238e-06,1.47736892323129,1.53130241548451,1,1.80459906293149,0.00459906293149204,0.00459906293149204,0.00459906293149204,2.11513798478241e-05,1.79346871398457,1.8385361189306,1
13,"n1000-b1_1-b2_2p8-b3_2p5",1000,2,122,1,1,0,1.029619,0.9162907,1.5,1.8,1,1.3,0.111,306,186,341,167,FALSE,NA,TRUE,NA,0.258586312206227,0.258586312206227,0.258586312206227,0.258586312206227,0.0668668808604163,0.0152809683608131,0.505663075328576,0,1.08470708999706,0.0550880899970627,0.0550880899970627,0.0550880899970627,0.00303469765952448,0.865030499155758,1.30532279299274,1,0.635102479062335,-0.281188220937665,0.281188220937665,0.281188220937665,0.0790668155940894,0.33629227735677,0.927827035731199,1,1.52926088807528,0.029260888075282,0.029260888075282,0.029260888075282,0.000856199570954183,1.45199939861563,1.66772344936024,1,1.78046812356364,-0.0195318764363599,0.0195318764363599,0.0195318764363599,0.000381494197125231,1.71857583446508,1.86435513704715,1
13,"n1000-b1_1-b2_2p8-b3_2p5",1000,3,123,1,1,0,1.029619,0.9162907,1.5,1.8,1,1.3,0.098,338,169,320,173,FALSE,NA,TRUE,NA,-0.0246891270086163,-0.0246891270086163,0.0246891270086163,0.0246891270086163,0.000609552992447587,-0.269307695732964,0.221582350049957,1,1.05036670507702,0.0207477050770166,0.0207477050770166,0.0207477050770166,0.000430467265962861,0.835471395411047,1.26620336100294,1,1.01385517548039,0.0975644754803857,0.0975644754803857,0.0975644754803857,0.00951882687576278,0.714190942550845,1.31176286492228,1,1.48995066858628,-0.0100493314137169,0.0100493314137169,0.0100493314137169,0.000100989061862717,1.41041617073437,1.53066203053148,1,1.8053788649063,0.00537886490630113,0.00537886490630113,0.00537886490630113,2.89321876802378e-05,1.73295587842045,1.91106649429157,1
13,"n1000-b1_1-b2_2p8-b3_2p5",1000,4,124,1,1,0,1.029619,0.9162907,1.5,1.8,1,1.3,0.104,355,185,311,149,FALSE,NA,TRUE,NA,-0.0438586943214094,-0.0438586943214094,0.0438586943214094,0.0438586943214094,0.00192358506757883,-0.292238493906276,0.210532386748032,1,0.947376552929376,-0.082242447070624,0.082242447070624,0.082242447070624,0.00676382010016439,0.726244258249654,1.17973323031196,1,0.989921987863119,0.0736312878631189,0.0736312878631189,0.0736312878631189,0.00542156655238148,0.685602308034508,1.29167547578807,1,1.47011565339523,-0.0298843466047707,0.0298843466047707,0.0298843466047707,0.000893074171994069,1.41080273153152,1.5161822418897,1,1.79516984483119,-0.00483015516880925,0.00483015516880925,0.00483015516880925,2.33303989547747e-05,1.70717406501645,1.86989410964529,1
13,"n1000-b1_1-b2_2p8-b3_2p5",1000,5,125,1,1,0,1.029619,0.9162907,1.5,1.8,1,1.3,0.108,343,154,349,154,FALSE,NA,TRUE,NA,-0.0999518317047814,-0.0999518317047814,0.0999518317047814,0.0999518317047814,0.00999036866114095,-0.368036823604618,0.164226963517741,1,1.18887291050412,0.159253910504122,0.159253910504122,0.159253910504122,0.025361808010855,0.963344673829081,1.4189548195145,1,1.04831150247941,0.132020802479407,0.132020802479407,0.132020802479407,0.0174294922873065,0.737558396050773,1.36553674085389,1,1.45967335161265,-0.040326648387351,0.040326648387351,0.040326648387351,0.00162623857015704,1.42785023951676,1.50504058354819,1,1.76888053836627,-0.0311194616337302,0.0311194616337302,0.0311194616337302,0.000968420892373209,1.74162827072935,1.80450945982413,1
13,"n1000-b1_1-b2_2p8-b3_2p5",1000,6,126,1,1,0,1.029619,0.9162907,1.5,1.8,1,1.3,0.086,330,182,330,158,FALSE,NA,TRUE,NA,-0.0901703028285905,-0.0901703028285905,0.0901703028285905,0.0901703028285905,0.00813068351219971,-0.330937240884824,0.149218938901088,1,0.873973310571961,-0.155645689428039,0.155645689428039,0.155645689428039,0.0242255806375296,0.657296230038792,1.09257978662409,1,1.02081562827712,0.104524928277116,0.104524928277116,0.104524928277116,0.0109254606313363,0.729950768517239,1.31225365129126,1,1.4418777218204,-0.0581222781796031,0.0581222781796031,0.0581222781796031,0.00337819922078717,1.26802524431743,1.58220586396205,1,1.82710864034665,0.0271086403466472,0.0271086403466472,0.0271086403466472,0.000734878381443867,1.75775352990006,1.95830767238005,1
13,"n1000-b1_1-b2_2p8-b3_2p5",1000,7,127,1,1,0,1.029619,0.9162907,1.5,1.8,1,1.3,0.099,329,172,338,161,FALSE,NA,TRUE,NA,0.0162283170612404,0.0162283170612404,0.0162283170612404,0.0162283170612404,0.000263358274640147,-0.231924022523683,0.267053711067322,1,1.17210512471741,0.142486124717413,0.142486124717413,0.142486124717413,0.0203022957369861,0.9531588498517,1.3970574434441,1,0.922420340974686,0.00612964097468638,0.00612964097468638,0.00612964097468638,3.75724984785542e-05,0.622386492971129,1.2164109703472,1,1.49397017107211,-0.00602982892788861,0.00602982892788861,0.00602982892788861,3.63588368996024e-05,1.44912626862453,1.53998333665346,1,1.77022376236512,-0.0297762376348756,0.0297762376348756,0.0297762376348756,0.000886624327688581,1.679710157884,1.82183339140943,1
13,"n1000-b1_1-b2_2p8-b3_2p5",1000,8,128,1,1,0,1.029619,0.9162907,1.5,1.8,1,1.3,0.087,325,163,334,178,FALSE,NA,TRUE,NA,-0.0112387947596037,-0.0112387947596037,0.0112387947596037,0.0112387947596037,0.000126310507648497,-0.255024532158312,0.235308915349734,1,1.13745934348533,0.10784034348533,0.10784034348533,0.10784034348533,0.0116295396830339,0.925696493680423,1.35481028684738,1,0.82742925867417,-0.0888614413258304,0.0888614413258304,0.0888614413258304,0.007896355754504,0.535751253245343,1.11611460746575,1,1.46035579897402,-0.0396442010259799,0.0396442010259799,0.0396442010259799,0.0015716626749883,1.41492192502728,1.55206980808106,1,1.77245100124301,-0.0275489987569872,0.0275489987569872,0.0275489987569872,0.000758947332512485,1.71519595738464,1.81954744850611,1
13,"n1000-b1_1-b2_2p8-b3_2p5",1000,9,129,1,1,0,1.029619,0.9162907,1.5,1.8,1,1.3,0.101,346,164,316,174,FALSE,NA,TRUE,NA,0.0490697426429155,0.0490697426429155,0.0490697426429155,0.0490697426429155,0.00240783964304196,-0.201018492640025,0.299177782102241,1,1.16181195085916,0.132192950859162,0.132192950859162,0.132192950859162,0.0174749762568529,0.945685567974882,1.38211053355894,1,0.944167344150146,0.0278766441501459,0.0278766441501459,0.0278766441501459,0.000777107289073864,0.644635162412558,1.24248543561069,1,1.37293019095999,-0.127069809040015,0.127069809040015,0.127069809040015,0.0161467363694658,1.33628600496891,1.45104008479072,0,1.7984135648927,-0.00158643510729761,0.00158643510729761,0.00158643510729761,2.51677634966639e-06,1.77035188793449,1.83588846275558,1
13,"n1000-b1_1-b2_2p8-b3_2p5",1000,10,130,1,1,0,1.029619,0.9162907,1.5,1.8,1,1.3,0.105,318,185,325,172,FALSE,NA,TRUE,NA,0.0810387936459747,0.0810387936459747,0.0810387936459747,0.0810387936459747,0.00656728607559488,-0.160006731096812,0.321068542269346,1,1.1973424806505,0.167723480650504,0.167723480650504,0.167723480650504,0.02813116596152,0.982650512985951,1.41670134011096,1,0.815482998907496,-0.100807701092504,0.100807701092504,0.100807701092504,0.0101621925995557,0.524629361009093,1.10626370667342,1,1.49975887118912,-0.000241128810881897,0.000241128810881897,0.000241128810881897,5.81431034373174e-08,1.46746112333675,1.55107638227093,1,1.83025006993512,0.0302500699351198,0.0302500699351198,0.0302500699351198,0.000915066731079639,1.79067745033259,1.92945115765212,1
14,"n1000-b1_1-b2_2p8-b3_2p5",1000,1,131,1,1,0,1.029619,0.9162907,1.5,1.8,1,1.3,0.089,322,145,347,186,FALSE,NA,TRUE,NA,0.0780478973727306,0.0780478973727306,0.0780478973727306,0.0780478973727306,0.00609147428430428,-0.167654513844743,0.325080156840039,1,1.06687991320201,0.0372609132020096,0.0372609132020096,0.0372609132020096,0.0013883756526477,0.860564459184947,1.27714709435506,1,0.815571128529686,-0.100719571470314,0.100719571470314,0.100719571470314,0.0101444320771636,0.523475782987525,1.10883442120346,1,1.53896751883344,0.0389675188334402,0.0389675188334402,0.0389675188334402,0.00151846752403452,1.48848779555092,1.61889515342491,1,1.85918640752713,0.0591864075271338,0.0591864075271338,0.0591864075271338,0.00350303083596796,1.7400159437724,1.96066132337471,1
14,"n1000-b1_1-b2_2p8-b3_2p5",1000,2,132,1,1,0,1.029619,0.9162907,1.5,1.8,1,1.3,0.089,340,170,328,162,FALSE,NA,TRUE,NA,0.160664467035603,0.160664467035603,0.160664467035603,0.160664467035603,0.0258130709678344,-0.0855407042743479,0.408030996537558,1,1.03623007251544,0.0066110725154398,0.0066110725154398,0.0066110725154398,4.37062798044035e-05,0.826963553859226,1.25078858581683,1,0.766978133895291,-0.149312566104709,0.149312566104709,0.149312566104709,0.022294242396773,0.469810578244437,1.05760011036351,1,1.53991593523905,0.039915935239049,0.039915935239049,0.039915935239049,0.00159328188600796,1.49157450726645,1.6735886412959,1,1.91174644151514,0.111746441515135,0.111746441515135,0.111746441515135,0.0124872671912955,1.80863344134587,2.0592634482998,0
14,"n1000-b1_1-b2_2p8-b3_2p5",1000,3,133,1,1,0,1.029619,0.9162907,1.5,1.8,1,1.3,0.116,349,161,318,172,FALSE,NA,TRUE,NA,0.0135713884257304,0.0135713884257304,0.0135713884257304,0.0135713884257304,0.00018418258380205,-0.239346360921863,0.264957514458788,1,1.12246116612564,0.0928421661256393,0.0928421661256393,0.0928421661256393,0.00861966781090081,0.901473881182093,1.34136506817075,1,0.985982957751279,0.0696922577512793,0.0696922577512793,0.0696922577512793,0.00485701079047075,0.684729758707808,1.28589571636622,1,1.51967095954274,0.0196709595427367,0.0196709595427367,0.0196709595427367,0.000386946649331983,1.48923693784082,1.57164994934582,1,1.81825332656988,0.0182533265698788,0.0182533265698788,0.0182533265698788,0.000333183930866642,1.77979687192032,1.86661950703511,1
14,"n1000-b1_1-b2_2p8-b3_2p5",1000,4,134,1,1,0,1.029619,0.9162907,1.5,1.8,1,1.3,0.093,326,191,327,156,FALSE,NA,TRUE,NA,0.0588501429417444,0.0588501429417444,0.0588501429417444,0.0588501429417444,0.00346333932426375,-0.190116059724428,0.308739852894586,1,1.1604032161087,0.1307842161087,0.1307842161087,0.1307842161087,0.0171045111831672,0.941704666477346,1.38902897231842,1,0.619468754097719,-0.296821945902281,0.296821945902281,0.296821945902281,0.0881032675692166,0.321635358672726,0.913750735767234,0,1.38973700066341,-0.110262999336595,0.110262999336595,0.110262999336595,0.0121579290227019,1.24334497293357,1.53379498035899,1,1.75487895550746,-0.045121044492539,0.045121044492539,0.045121044492539,0.00203590865609768,1.63073047308194,1.88616167276939,1
14,"n1000-b1_1-b2_2p8-b3_2p5",1000,5,135,1,1,0,1.029619,0.9162907,1.5,1.8,1,1.3,0.088,336,178,317,169,FALSE,NA,TRUE,NA,-0.0513959701050375,-0.0513959701050375,0.0513959701050375,0.0513959701050375,0.00264154574303791,-0.288618293731163,0.186983690225663,1,0.890030178635564,-0.139588821364436,0.139588821364436,0.139588821364436,0.0194850390499124,0.682146007033799,1.10494126612575,1,0.967289767523018,0.0509990675230183,0.0509990675230183,0.0509990675230183,0.00260090488821738,0.674546566131707,1.25088330077185,1,1.45263532244611,-0.0473646775538856,0.0473646775538856,0.0473646775538856,0.00224341267978356,1.42908116596128,1.51897450409308,1,1.71646890920449,-0.0835310907955056,0.0835310907955056,0.0835310907955056,0.006977443129487,1.68233112148147,1.83216043729971,1
14,"n1000-b1_1-b2_2p8-b3_2p5",1000,6,136,1,1,0,1.029619,0.9162907,1.5,1.8,1,1.3,0.091,368,150,335,147,FALSE,NA,TRUE,NA,-0.0794193253917541,-0.0794193253917541,0.0794193253917541,0.0794193253917541,0.00630742924568131,-0.340927028869405,0.18115475912244,1,0.92579601673838,-0.10382298326162,0.10382298326162,0.10382298326162,0.0107792118533427,0.706475965028937,1.15350785316651,1,1.09663214179956,0.180341441799561,0.180341441799561,0.180341441799561,0.0325230356303443,0.792526090696646,1.40201394788685,1,1.51871361865,0.0187136186500021,0.0187136186500021,0.0187136186500021,0.000350199522977706,1.45655792937524,1.64649285205545,1,1.81742410685325,0.0174241068532488,0.0174241068532488,0.0174241068532488,0.000303599499633432,1.76797601074293,1.91481256359669,1
14,"n1000-b1_1-b2_2p8-b3_2p5",1000,7,137,1,1,0,1.029619,0.9162907,1.5,1.8,1,1.3,0.091,331,169,342,158,FALSE,NA,TRUE,NA,0.0701836704739114,0.0701836704739114,0.0701836704739114,0.0701836704739114,0.00492574760119059,-0.178402855071791,0.317331063173958,1,1.00860682355329,-0.0210121764467066,0.0210121764467066,0.0210121764467066,0.000441511559027532,0.794679951188062,1.22717470986463,1,0.91870422182423,0.00241352182422983,0.00241352182422983,0.00241352182422983,5.82508759603366e-06,0.619477573784733,1.21508261690041,1,1.53965274320164,0.0396527432016394,0.0396527432016394,0.0396527432016394,0.00157234004341516,1.47142531793801,1.62204832079962,1,1.83315825846882,0.0331582584688197,0.0331582584688197,0.0331582584688197,0.00109947010468505,1.77517051033346,1.89830024833786,1
14,"n1000-b1_1-b2_2p8-b3_2p5",1000,8,138,1,1,0,1.029619,0.9162907,1.5,1.8,1,1.3,0.1,354,165,303,178,FALSE,NA,TRUE,NA,0.0348821361948025,0.0348821361948025,0.0348821361948025,0.0348821361948025,0.00121676342551275,-0.206583370991925,0.278183436501491,1,0.952094278423246,-0.0775247215767537,0.0775247215767537,0.0775247215767537,0.00601008245555318,0.74173077110283,1.16614780482452,1,0.895012759071452,-0.0212779409285482,0.0212779409285482,0.0212779409285482,0.000452750770158786,0.59992628968301,1.18697724410452,1,1.43475213331686,-0.0652478666831449,0.0652478666831449,0.0652478666831449,0.00425728410670145,1.39323090213398,1.51747593558572,1,1.81061523519665,0.0106152351966506,0.0106152351966506,0.0106152351966506,0.000112683218280211,1.75939281812324,1.88955215483293,1
14,"n1000-b1_1-b2_2p8-b3_2p5",1000,9,139,1,1,0,1.029619,0.9162907,1.5,1.8,1,1.3,0.081,346,129,345,180,FALSE,NA,TRUE,NA,-0.237647932741787,-0.237647932741787,0.237647932741787,0.237647932741787,0.0564765399364448,-0.496569218176205,0.0207497840930641,1,0.955042809861194,-0.0745761901388058,0.0745761901388058,0.0745761901388058,0.00556160813561931,0.751506860335766,1.16647931579495,1,1.20925512809494,0.292964428094943,0.292964428094943,0.292964428094943,0.0858281561289973,0.902896617818036,1.51399422677451,1,1.49191786112139,-0.00808213887861298,0.00808213887861298,0.00808213887861298,6.53209688531874e-05,1.44312575166348,1.55251384662007,1,1.82292600096312,0.0229260009631229,0.0229260009631229,0.0229260009631229,0.000525601520161113,1.73603675707994,1.96671025418952,1
14,"n1000-b1_1-b2_2p8-b3_2p5",1000,10,140,1,1,0,1.029619,0.9162907,1.5,1.8,1,1.3,0.087,349,153,323,175,FALSE,NA,TRUE,NA,-0.0106147628035463,-0.0106147628035463,0.0106147628035463,0.0106147628035463,0.00011267318937555,-0.257904873812514,0.234146588205643,1,1.03086838007092,0.00124938007091635,0.00124938007091635,0.00124938007091635,1.56095056160295e-06,0.820975452209522,1.24331257420505,1,0.876324446461463,-0.039966253538537,0.039966253538537,0.039966253538537,0.00159730142190662,0.582787981281251,1.1735742024782,1,1.49590159236317,-0.00409840763683067,0.00409840763683067,0.00409840763683067,1.6796945157632e-05,1.47458140392457,1.51792767601043,1,1.77450069943004,-0.025499300569964,0.025499300569964,0.025499300569964,0.000650214329557365,1.69859681132245,1.82088960113096,1
15,"n1000-b1_1-b2_2p8-b3_2p5",1000,1,141,1,1,0,1.029619,0.9162907,1.5,1.8,1,1.3,0.115,333,166,347,154,FALSE,NA,TRUE,NA,-0.0354635582412442,-0.0354635582412442,0.0354635582412442,0.0354635582412442,0.00125766396313012,-0.295785903143522,0.227291497413114,1,0.992725070816677,-0.0368939291833233,0.0368939291833233,0.0368939291833233,0.00136116201058408,0.772431359955376,1.21973492059111,1,1.10942186432282,0.193131164322819,0.193131164322819,0.193131164322819,0.0372996466326876,0.801914288377913,1.41395310943044,1,1.49278252874298,-0.00721747125701544,0.00721747125701544,0.00721747125701544,5.2091891345844e-05,1.44791672397355,1.55369295799975,1,1.77120361374273,-0.0287963862572664,0.0287963862572664,0.0287963862572664,0.000829231861477683,1.73499038363349,1.81715315217348,1
15,"n1000-b1_1-b2_2p8-b3_2p5",1000,2,142,1,1,0,1.029619,0.9162907,1.5,1.8,1,1.3,0.098,329,160,338,173,FALSE,NA,TRUE,NA,0.0234315199345325,0.0234315199345325,0.0234315199345325,0.0234315199345325,0.000549036126442394,-0.221902457549707,0.266866799535399,1,0.987188032831242,-0.0424309671687579,0.0424309671687579,0.0424309671687579,0.00180038697487621,0.778891409691108,1.19828698843991,1,0.879123128739087,-0.0371675712609132,0.0371675712609132,0.0371675712609132,0.00138142835343506,0.588233171147339,1.17400232894365,1,1.52093416297713,0.0209341629771278,0.0209341629771278,0.0209341629771278,0.000438239179552948,1.48539110551188,1.61390458975762,1,1.77804911159616,-0.021950888403842,0.021950888403842,0.021950888403842,0.000481841501717923,1.73467896158602,1.85007189339312,1
15,"n1000-b1_1-b2_2p8-b3_2p5",1000,3,143,1,1,0,1.029619,0.9162907,1.5,1.8,1,1.3,0.11,331,189,328,152,FALSE,NA,TRUE,NA,-0.0267850289462585,-0.0267850289462585,0.0267850289462585,0.0267850289462585,0.000717437775651904,-0.275321851395757,0.224115269068467,1,1.00617482915117,-0.0234441708488251,0.0234441708488251,0.0234441708488251,0.000549629146788901,0.784217509366467,1.23527682763676,1,1.06790257476114,0.15161187476114,0.15161187476114,0.15161187476114,0.0229861605685876,0.774062239264847,1.36698354975551,1,1.5129830747277,0.0129830747276962,0.0129830747276962,0.0129830747276962,0.000168560229384944,1.4214037660746,1.55386727929726,1,1.78725411926795,-0.012745880732052,0.012745880732052,0.012745880732052,0.000162457475635693,1.70498523828797,1.85939899868695,1
15,"n1000-b1_1-b2_2p8-b3_2p5",1000,4,144,1,1,0,1.029619,0.9162907,1.5,1.8,1,1.3,0.08,316,162,349,173,FALSE,NA,TRUE,NA,0.0406787750822896,0.0406787750822896,0.0406787750822896,0.0406787750822896,0.0016547627421955,-0.19708712958052,0.282649183571336,1,0.764480746751319,-0.265138253248681,0.265138253248681,0.265138253248681,0.0702982933357615,0.560721017317884,0.973970624566924,0,1.0032211496847,0.0869304496846985,0.0869304496846985,0.0869304496846985,0.0075569030823839,0.708388575977588,1.28669907551947,1,1.52130960773475,0.0213096077347512,0.0213096077347512,0.0213096077347512,0.000454099381808969,1.43485075942191,1.65689908617077,1,1.8389672910127,0.0389672910127035,0.0389672910127035,0.0389672910127035,0.00151844976886872,1.66132884643471,1.99591192702666,1
15,"n1000-b1_1-b2_2p8-b3_2p5",1000,5,145,1,1,0,1.029619,0.9162907,1.5,1.8,1,1.3,0.084,331,162,346,161,FALSE,NA,TRUE,NA,-0.207678378231583,-0.207678378231583,0.207678378231583,0.207678378231583,0.0431303087849004,-0.451704513555457,0.0378215467174477,1,0.777609574485984,-0.252009425514016,0.252009425514016,0.252009425514016,0.0635087505479045,0.571642083338139,0.988068350336668,0,1.09704282604022,0.180752126040223,0.180752126040223,0.180752126040223,0.0326713310680605,0.804463110401066,1.39321385197332,1,1.49322190431745,-0.00677809568255427,0.00677809568255427,0.00677809568255427,4.59425810818609e-05,1.3045557303846,1.62394022742774,1,1.81747295140393,0.0174729514039322,0.0174729514039322,0.0174729514039322,0.000305304030764177,1.69241271946565,1.92923913220951,1
15,"n1000-b1_1-b2_2p8-b3_2p5",1000,6,146,1,1,0,1.029619,0.9162907,1.5,1.8,1,1.3,0.076,360,175,330,135,FALSE,NA,TRUE,NA,-0.0384076819302487,-0.0384076819302487,0.0384076819302487,0.0384076819302487,0.00147515003125515,-0.290441399600504,0.213891871616581,1,1.02135841261244,-0.00826058738755919,0.00826058738755919,0.00826058738755919,6.8237303987502e-05,0.796029799098108,1.25323448347076,1,0.849545926341965,-0.0667447736580348,0.0667447736580348,0.0667447736580348,0.00445486481066229,0.556993507719196,1.14409102685371,1,1.48748578939026,-0.012514210609736,0.012514210609736,0.012514210609736,0.000156605467184829,1.43107122463835,1.57925018048658,1,1.81261173279446,0.0126117327944586,0.0126117327944586,0.0126117327944586,0.000159055804078822,1.76644058946575,1.87030537130368,1
15,"n1000-b1_1-b2_2p8-b3_2p5",1000,7,147,1,1,0,1.029619,0.9162907,1.5,1.8,1,1.3,0.092,348,184,302,166,FALSE,NA,TRUE,NA,0.059063222609904,0.059063222609904,0.059063222609904,0.059063222609904,0.00348846426506708,-0.181788978779915,0.301103979669358,1,0.903705549148941,-0.125913450851059,0.125913450851059,0.125913450851059,0.0158541971052222,0.688296167539629,1.12072747787664,1,0.970915465310966,0.0546247653109663,0.0546247653109663,0.0546247653109663,0.00298386498527814,0.679919098078768,1.26606524232153,1,1.51608018988373,0.0160801898837333,0.0160801898837333,0.0160801898837333,0.000258572506696918,1.43280791338139,1.61145265072941,1,1.79443364263923,-0.00556635736076538,0.00556635736076538,0.00556635736076538,3.0984334267747e-05,1.72263166823351,1.85905048891056,1
15,"n1000-b1_1-b2_2p8-b3_2p5",1000,8,148,1,1,0,1.029619,0.9162907,1.5,1.8,1,1.3,0.101,317,173,344,166,FALSE,NA,TRUE,NA,0.0370227456727568,0.0370227456727568,0.0370227456727568,0.0370227456727568,0.00137068369714963,-0.211057207229626,0.282446056742837,1,1.08080665140475,0.0511876514047498,0.0511876514047498,0.0511876514047498,0.00262017565633418,0.863368840535853,1.29719327789999,1,0.784944125843345,-0.131346574156655,0.131346574156655,0.131346574156655,0.0172519225426896,0.490839344739741,1.08394397426898,1,1.4824269882027,-0.0175730117972956,0.0175730117972956,0.0175730117972956,0.000308810743627892,1.44682936844746,1.55140672518926,1,1.82060671991432,0.0206067199143221,0.0206067199143221,0.0206067199143221,0.000424636905627317,1.76137249438945,1.8977178051605,1
15,"n1000-b1_1-b2_2p8-b3_2p5",1000,9,149,1,1,0,1.029619,0.9162907,1.5,1.8,1,1.3,0.084,339,148,352,161,FALSE,NA,TRUE,NA,-0.162911415649561,-0.162911415649561,0.162911415649561,0.162911415649561,0.026540129348944,-0.420180282684256,0.090667613469364,1,0.880552515953635,-0.149066484046365,0.149066484046365,0.149066484046365,0.0222208166659451,0.671709805042294,1.09174554082382,1,1.13253478728541,0.216244087285408,0.216244087285408,0.216244087285408,0.0467615052858991,0.831269011871462,1.43627806480325,1,1.49724902060063,-0.00275097939937341,0.00275097939937341,0.00275097939937341,7.56788765577689e-06,1.43971491136259,1.55625949683115,1,1.78876688960291,-0.0112331103970922,0.0112331103970922,0.0112331103970922,0.000126182769193261,1.74324096928009,1.85734904511124,1
15,"n1000-b1_1-b2_2p8-b3_2p5",1000,10,150,1,1,0,1.029619,0.9162907,1.5,1.8,1,1.3,0.11,308,191,336,165,FALSE,NA,TRUE,NA,0.0517936261599573,0.0517936261599573,0.0517936261599573,0.0517936261599573,0.00268257971079741,-0.194540689225164,0.301339526022025,1,1.23961737778801,0.209998377788009,0.209998377788009,0.209998377788009,0.0440993186735952,1.01853128961375,1.4650465875682,1,0.719753648164419,-0.196537051835581,0.196537051835581,0.196537051835581,0.0386268127442218,0.417830586347103,1.02132799262537,1,1.48198331297559,-0.0180166870244087,0.0180166870244087,0.0180166870244087,0.000324601011335498,1.44590024186181,1.54640952279568,1,1.78881931189436,-0.0111806881056387,0.0111806881056387,0.0111806881056387,0.00012500778651557,1.73326757672724,1.83909071266881,1
16,"n1000-b1_1-b2_2p8-b3_2p5",1000,1,151,1,1,0,1.029619,0.9162907,1.5,1.8,1,1.3,0.089,332,193,319,156,FALSE,NA,TRUE,NA,-0.101935665786049,-0.101935665786049,0.101935665786049,0.101935665786049,0.0103908799592451,-0.33905747671646,0.140615959532682,1,0.940630914143661,-0.0889880858563394,0.0889880858563394,0.0889880858563394,0.00791887942437524,0.726930911716223,1.16073628130001,1,1.0389620579102,0.122671357910199,0.122671357910199,0.122671357910199,0.015048262051532,0.745990670629878,1.33193572458983,1,1.56824443170429,0.0682444317042916,0.0682444317042916,0.0682444317042916,0.00465730245864172,1.47772408389759,1.70933389748944,1,1.84744921030941,0.0474492103094142,0.0474492103094142,0.0474492103094142,0.00225142755898702,1.75733162875671,2.02248254386857,1
16,"n1000-b1_1-b2_2p8-b3_2p5",1000,2,152,1,1,0,1.029619,0.9162907,1.5,1.8,1,1.3,0.088,345,153,324,178,FALSE,NA,TRUE,NA,-0.0545481148990813,-0.0545481148990813,0.0545481148990813,0.0545481148990813,0.00297549683904337,-0.303146191854721,0.189857898861568,1,1.0011034442646,-0.0285155557353964,0.0285155557353964,0.0285155557353964,0.000813136918898501,0.787569997597672,1.21483424056231,1,0.988570265912704,0.0722795659127043,0.0722795659127043,0.0722795659127043,0.00522433564852897,0.700127943264721,1.28765528159311,1,1.47591158625136,-0.0240884137486439,0.0240884137486439,0.0240884137486439,0.000580251676925856,1.38138701096745,1.58059592267863,1,1.80055719490738,0.000557194907383263,0.000557194907383263,0.000557194907383263,3.10466164813843e-07,1.72961383945209,1.96646273668253,1
16,"n1000-b1_1-b2_2p8-b3_2p5",1000,3,153,1,1,0,1.029619,0.9162907,1.5,1.8,1,1.3,0.091,351,160,323,166,FALSE,NA,TRUE,NA,0.130998212440429,0.130998212440429,0.130998212440429,0.130998212440429,0.0171605316625878,-0.119073910596096,0.379258275511552,1,0.990776742775058,-0.0388422572249421,0.0388422572249421,0.0388422572249421,0.00150872094632856,0.771765897080701,1.20833898330314,1,0.882425717517733,-0.033864982482267,0.033864982482267,0.033864982482267,0.00114683703852425,0.584620459121627,1.18337054309834,1,1.50444675434779,0.0044467543477904,0.0044467543477904,0.0044467543477904,1.97736242295929e-05,1.3823812892081,1.54864740673699,1,1.79731359464129,-0.00268640535871278,0.00268640535871278,0.00268640535871278,7.21677375132076e-06,1.6882856797896,1.87424057478836,1
16,"n1000-b1_1-b2_2p8-b3_2p5",1000,4,154,1,1,0,1.029619,0.9162907,1.5,1.8,1,1.3,0.096,339,171,318,172,FALSE,NA,TRUE,NA,0.0965255356511248,0.0965255356511248,0.0965255356511248,0.0965255356511248,0.00931717903273656,-0.149307792287759,0.345321877441418,1,1.06160638844402,0.0319873884440156,0.0319873884440156,0.0319873884440156,0.00102319301946834,0.84623204761584,1.28328536569849,1,0.903304635267075,-0.0129860647329246,0.0129860647329246,0.0129860647329246,0.000168637877247709,0.603104908583136,1.19970830143389,1,1.50348944042545,0.00348944042544641,0.00348944042544641,0.00348944042544641,1.21761944827396e-05,1.45558152609021,1.62139433355199,1,1.78075004744597,-0.0192499525540319,0.0192499525540319,0.0192499525540319,0.000370560673332481,1.70600129476755,1.87062029286208,1
16,"n1000-b1_1-b2_2p8-b3_2p5",1000,5,155,1,1,0,1.029619,0.9162907,1.5,1.8,1,1.3,0.098,345,162,337,156,FALSE,NA,TRUE,NA,-0.0774122074158378,-0.0774122074158378,0.0774122074158378,0.0774122074158378,0.00599264985699269,-0.336576967506658,0.185885868542371,1,1.15495350205501,0.125334502055007,0.125334502055007,0.125334502055007,0.0157087374053765,0.929211976837723,1.38347767995827,1,0.93421280149885,0.0179221014988499,0.0179221014988499,0.0179221014988499,0.000321201722135077,0.625218203288907,1.23773448665969,1,1.49790668235502,-0.002093317644982,0.002093317644982,0.002093317644982,4.38197876279297e-06,1.36824044501016,1.58090352930457,1,1.75976088028652,-0.0402391197134819,0.0402391197134819,0.0402391197134819,0.00161918675531593,1.67208666470014,1.8389288959471,1
16,"n1000-b1_1-b2_2p8-b3_2p5",1000,6,156,1,1,0,1.029619,0.9162907,1.5,1.8,1,1.3,0.097,321,158,341,180,FALSE,NA,TRUE,NA,-0.152165936930052,-0.152165936930052,0.152165936930052,0.152165936930052,0.0231544723618007,-0.397556074061015,0.093246908099234,1,0.874355406949547,-0.155263593050453,0.155263593050453,0.155263593050453,0.0241067833269367,0.67131786787018,1.08111783381516,1,1.07205870409618,0.155768004096181,0.155768004096181,0.155768004096181,0.024263671100108,0.775221223983189,1.36761089314639,1,1.47123445372022,-0.0287655462797765,0.0287655462797765,0.0287655462797765,0.000827456652773961,1.41251650384824,1.52614757362935,1,1.78877248724111,-0.0112275127588908,0.0112275127588908,0.0112275127588908,0.000126057042751055,1.74832527567018,1.84046071506881,1
16,"n1000-b1_1-b2_2p8-b3_2p5",1000,7,157,1,1,0,1.029619,0.9162907,1.5,1.8,1,1.3,0.101,335,174,315,176,FALSE,NA,TRUE,NA,-0.0481671234976491,-0.0481671234976491,0.0481671234976491,0.0481671234976491,0.00232007178603778,-0.297587798587911,0.197013273259908,1,1.14683899716898,0.117219997168975,0.117219997168975,0.117219997168975,0.0137405277362945,0.935853738770668,1.36465929212195,1,0.918410156127323,0.00211945612732289,0.00211945612732289,0.00211945612732289,4.49209427564656e-06,0.619945445892943,1.2164795817054,1,1.43552299752713,-0.0644770024728742,0.0644770024728742,0.0644770024728742,0.00415728384788703,1.40250801987912,1.50770792565961,1,1.81228235429243,0.0122823542924313,0.0122823542924313,0.0122823542924313,0.000150856226964806,1.78098560376255,1.85929252377127,1
16,"n1000-b1_1-b2_2p8-b3_2p5",1000,8,158,1,1,0,1.029619,0.9162907,1.5,1.8,1,1.3,0.088,355,170,323,152,FALSE,NA,TRUE,NA,-0.0139274316557319,-0.0139274316557319,0.0139274316557319,0.0139274316557319,0.000193973352525083,-0.261033394222395,0.233183343412113,1,0.942503306958324,-0.0871156930416763,0.0871156930416763,0.0871156930416763,0.00758914397413157,0.733512986050454,1.15776049757584,1,0.992708232523038,0.0764175325230376,0.0764175325230376,0.0764175325230376,0.00583963927690951,0.696513621461058,1.28348205872067,1,1.51908685380052,0.0190868538005156,0.0190868538005156,0.0190868538005156,0.000364307988002255,1.46560326861765,1.6020939231679,1,1.82686342516214,0.026863425162138,0.026863425162138,0.026863425162138,0.00072164361144179,1.77847431052336,1.91212501915368,1
16,"n1000-b1_1-b2_2p8-b3_2p5",1000,9,159,1,1,0,1.029619,0.9162907,1.5,1.8,1,1.3,0.081,337,157,325,181,FALSE,NA,TRUE,NA,-0.106176519687274,-0.106176519687274,0.106176519687274,0.106176519687274,0.0112734533329021,-0.350908195580578,0.13937477954878,1,0.969227919385389,-0.0603910806146113,0.0603910806146113,0.0603910806146113,0.00364708261780048,0.767204237954723,1.1752470145328,1,1.04668517592698,0.130394475926979,0.130394475926979,0.130394475926979,0.0170027193522714,0.752984476500188,1.34304992704145,1,1.52940986677651,0.0294098667765073,0.0294098667765073,0.0294098667765073,0.000864940263811905,1.44463659822025,1.61946397477509,1,1.80290106480081,0.00290106480080898,0.00290106480080898,0.00290106480080898,8.41617697849287e-06,1.64158880716903,1.90046981927952,1
16,"n1000-b1_1-b2_2p8-b3_2p5",1000,10,160,1,1,0,1.029619,0.9162907,1.5,1.8,1,1.3,0.081,342,160,347,151,FALSE,NA,TRUE,NA,-0.352260814093619,-0.352260814093619,0.352260814093619,0.352260814093619,0.124087681145899,-0.608845489979033,-0.0959926631235342,0,0.874288249258047,-0.155330750741953,0.155330750741953,0.155330750741953,0.0241276421260587,0.664500670058675,1.09226947678801,1,1.32036720697625,0.404076506976246,0.404076506976246,0.404076506976246,0.163277823490124,1.01337455680839,1.62650026455679,0,1.50809848025525,0.00809848025525217,0.00809848025525217,0.00809848025525217,6.55853824447093e-05,1.46334774101179,1.61061374876187,1,1.7585065170685,-0.0414934829315043,0.0414934829315043,0.0414934829315043,0.00172170912578704,1.71439603134602,1.84727322573409,1
17,"n1000-b1_1-b2_2p8-b3_2p5",1000,1,161,1,1,0,1.029619,0.9162907,1.5,1.8,1,1.3,0.093,338,166,336,160,FALSE,NA,TRUE,NA,-0.0883986361381936,-0.0883986361381936,0.0883986361381936,0.0883986361381936,0.00781431887109274,-0.34068477346963,0.167536409232872,1,1.18606798080171,0.156448980801714,0.156448980801714,0.156448980801714,0.0244762835938951,0.959046291743089,1.41498552265673,1,0.905623666336811,-0.0106670336631889,0.0106670336631889,0.0106670336631889,0.000113785607171605,0.605072630206826,1.20534448900596,1,1.48794624218562,-0.0120537578143765,0.0120537578143765,0.0120537578143765,0.000145293077447641,1.39051650252585,1.53679176526984,1,1.78696120160123,-0.0130387983987725,0.0130387983987725,0.0130387983987725,0.000170010263683833,1.70793119329989,1.82226978542653,1
17,"n1000-b1_1-b2_2p8-b3_2p5",1000,2,162,1,1,0,1.029619,0.9162907,1.5,1.8,1,1.3,0.1,303,172,362,163,FALSE,NA,TRUE,NA,-0.15520488159078,-0.15520488159078,0.15520488159078,0.15520488159078,0.024088555269608,-0.402337262682816,0.0923746321388158,1,0.999189359431455,-0.0304296405685448,0.0304296405685448,0.0304296405685448,0.000925963025130828,0.788690183395541,1.21157126817814,1,1.25077368970149,0.334482989701486,0.334482989701486,0.334482989701486,0.111878870399644,0.957971747295693,1.5477015012305,0,1.45423694690927,-0.0457630530907323,0.0457630530907323,0.0457630530907323,0.00209425702818518,1.35875236081649,1.62156496799506,1,1.79617060906278,-0.0038293909372209,0.0038293909372209,0.0038293909372209,1.46642349500696e-05,1.73498481096745,1.90868947817376,1
17,"n1000-b1_1-b2_2p8-b3_2p5",1000,3,163,1,1,0,1.029619,0.9162907,1.5,1.8,1,1.3,0.09,362,164,316,158,FALSE,NA,TRUE,NA,0.110067509277454,0.110067509277454,0.110067509277454,0.110067509277454,0.0121148565985424,-0.141406132659696,0.360059921412787,1,1.05560411403358,0.0259851140335761,0.0259851140335761,0.0259851140335761,0.000675226151337952,0.839066040451734,1.28128939232539,1,0.806709674321123,-0.109581025678877,0.109581025678877,0.109581025678877,0.0120080011888347,0.508954758199735,1.10431380404079,1,1.49677084055124,-0.00322915944875546,0.00322915944875546,0.00322915944875546,1.04274707454867e-05,1.47358809933664,1.52994588518188,1,1.79635601925601,-0.0036439807439852,0.0036439807439852,0.0036439807439852,1.32785956625349e-05,1.66966084134221,1.8662591517943,1
17,"n1000-b1_1-b2_2p8-b3_2p5",1000,4,164,1,1,0,1.029619,0.9162907,1.5,1.8,1,1.3,0.089,340,175,329,156,FALSE,NA,TRUE,NA,-0.0113077920956558,-0.0113077920956558,0.0113077920956558,0.0113077920956558,0.000127866162078575,-0.252550484958228,0.233469367892268,1,1.00914641016454,-0.0204725898354623,0.0204725898354623,0.0204725898354623,0.000419126934571074,0.796440089448184,1.22941671524585,1,0.949517583490232,0.0332268834902324,0.0332268834902324,0.0332268834902324,0.00110402578647348,0.654423826511995,1.24386526247301,1,1.52183956576425,0.0218395657642505,0.0218395657642505,0.0218395657642505,0.000476966632771023,1.48241197871622,1.58042374492225,1,1.84979282319005,0.049792823190048,0.049792823190048,0.049792823190048,0.00247932524123538,1.79815533878087,1.9199997521724,1
17,"n1000-b1_1-b2_2p8-b3_2p5",1000,5,165,1,1,0,1.029619,0.9162907,1.5,1.8,1,1.3,0.094,324,195,326,155,FALSE,NA,TRUE,NA,-0.0139032121554556,-0.0139032121554556,0.0139032121554556,0.0139032121554556,0.000193299308239609,-0.252000864321358,0.230794491336411,1,1.09096249485587,0.0613434948558744,0.0613434948558744,0.0613434948558744,0.00376302436113269,0.87208949967079,1.31248187310069,1,0.851778901772735,-0.064511798227265,0.064511798227265,0.064511798227265,0.00416177211051536,0.557167319805705,1.14031672413021,1,1.51240242942894,0.0124024294289382,0.0124024294289382,0.0124024294289382,0.000153820255739793,1.45391385265944,1.5749413329718,1,1.82733115403064,0.0273311540306438,0.0273311540306438,0.0273311540306438,0.000746991980646776,1.7592371503277,1.89431204417757,1
17,"n1000-b1_1-b2_2p8-b3_2p5",1000,6,166,1,1,0,1.029619,0.9162907,1.5,1.8,1,1.3,0.096,303,166,346,185,FALSE,NA,TRUE,NA,0.00420660538642617,0.00420660538642617,0.00420660538642617,0.00420660538642617,1.76955288771097e-05,-0.240964105508948,0.246981956003135,1,1.1543166175808,0.124697617580799,0.124697617580799,0.124697617580799,0.0155494958303273,0.951078266463425,1.36057006890949,1,0.794911563788764,-0.121379136211236,0.121379136211236,0.121379136211236,0.0147328947073857,0.502017558668064,1.08642361733182,1,1.52990722145743,0.0299072214574332,0.0299072214574332,0.0299072214574332,0.000894441895303952,1.48362368839758,1.5879520301019,1,1.80598459069765,0.00598459069764745,0.00598459069764745,0.00598459069764745,3.58153258183684e-05,1.74375850074018,1.91527702619541,1
17,"n1000-b1_1-b2_2p8-b3_2p5",1000,7,167,1,1,0,1.029619,0.9162907,1.5,1.8,1,1.3,0.092,349,163,322,166,FALSE,NA,TRUE,NA,0.00642991414856029,0.00642991414856029,0.00642991414856029,0.00642991414856029,4.13437959578558e-05,-0.241965332462717,0.254835411619228,1,0.923305047282349,-0.106313952717651,0.106313952717651,0.106313952717651,0.011302656542451,0.711477305033543,1.13983891476734,1,0.989242527624057,0.0729518276240573,0.0729518276240573,0.0729518276240573,0.00532196915369017,0.692321709148543,1.28857927882805,1,1.49116239087659,-0.00883760912341325,0.00883760912341325,0.00883760912341325,7.81033350182371e-05,1.36848270124638,1.54525596551198,1,1.80578601196786,0.00578601196786055,0.00578601196786055,0.00578601196786055,3.34779344922255e-05,1.71232181038319,1.87012882253364,1
17,"n1000-b1_1-b2_2p8-b3_2p5",1000,8,168,1,1,0,1.029619,0.9162907,1.5,1.8,1,1.3,0.106,335,174,333,158,FALSE,NA,TRUE,NA,-0.0393410586727357,-0.0393410586727357,0.0393410586727357,0.0393410586727357,0.00154771889749163,-0.287984783974975,0.211635198626419,1,1.0034645016925,-0.0261544983074962,0.0261544983074962,0.0261544983074962,0.00068405778171682,0.783828570478842,1.23069974096764,1,0.879436441895052,-0.0368542581049482,0.0368542581049482,0.0368542581049482,0.00135823634046614,0.580217863678767,1.17546253341661,1,1.50005296490295,5.29649029508139e-05,5.29649029508139e-05,5.29649029508139e-05,2.80528094458914e-09,1.46195427180075,1.54207819855425,1,1.82735593449965,0.0273559344996488,0.0273559344996488,0.0273559344996488,0.000748347152349075,1.74319406777838,1.89840223409749,1
17,"n1000-b1_1-b2_2p8-b3_2p5",1000,9,169,1,1,0,1.029619,0.9162907,1.5,1.8,1,1.3,0.079,334,151,343,172,FALSE,NA,TRUE,NA,0.203144333435961,0.203144333435961,0.203144333435961,0.203144333435961,0.0412676202071407,-0.0370511474428835,0.445613314818273,1,1.05634824534939,0.0267292453493926,0.0267292453493926,0.0267292453493926,0.000714452556948025,0.849649567068288,1.26725585948681,1,0.741120617689529,-0.175170082310471,0.175170082310471,0.175170082310471,0.0306845577366571,0.453976622020106,1.02973745937413,1,1.52699201317572,0.0269920131757164,0.0269920131757164,0.0269920131757164,0.000728568775278049,1.45308034345123,1.65667456206364,1,1.80889857408465,0.00889857408465278,0.00889857408465278,0.00889857408465278,7.9184620740054e-05,1.74060580078869,1.88338969073741,1
17,"n1000-b1_1-b2_2p8-b3_2p5",1000,10,170,1,1,0,1.029619,0.9162907,1.5,1.8,1,1.3,0.106,349,182,308,161,FALSE,NA,TRUE,NA,0.11401030599886,0.11401030599886,0.11401030599886,0.11401030599886,0.0129983498739537,-0.133893889062045,0.363549196513295,1,1.07355000428999,0.0439310042899863,0.0439310042899863,0.0439310042899863,0.0019299331379268,0.851978621891128,1.30475982286791,1,0.810188451562321,-0.106102248437679,0.106102248437679,0.106102248437679,0.011257687123531,0.511742125475419,1.10521628753166,1,1.45457801637461,-0.045421983625388,0.045421983625388,0.045421983625388,0.00206315659646501,1.42767823245685,1.50428065086565,1,1.78504386969105,-0.0149561303089536,0.0149561303089536,0.0149561303089536,0.0002236858338184,1.65436226467018,1.84658730349588,1
18,"n1000-b1_1-b2_2p8-b3_2p5",1000,1,171,1,1,0,1.029619,0.9162907,1.5,1.8,1,1.3,0.109,333,174,337,156,FALSE,NA,TRUE,NA,-0.151505106269202,-0.151505106269202,0.151505106269202,0.151505106269202,0.0229537972256421,-0.401614010951339,0.0962739051484889,1,0.918485001206255,-0.111133998793745,0.111133998793745,0.111133998793745,0.0123507656878881,0.702055290029988,1.14202798506586,1,1.0813452540307,0.165054554030703,0.165054554030703,0.165054554030703,0.0272430058062742,0.780804356573381,1.38152472967653,1,1.5455568129253,0.0455568129252995,0.0455568129252995,0.0455568129252995,0.00207542320391073,1.49291586042308,1.64192030774831,1,1.8218947179571,0.021894717957099,0.021894717957099,0.021894717957099,0.000479378674420912,1.77384762824717,1.92174807297507,1
18,"n1000-b1_1-b2_2p8-b3_2p5",1000,2,172,1,1,0,1.029619,0.9162907,1.5,1.8,1,1.3,0.108,308,174,350,168,FALSE,NA,TRUE,NA,-0.272571420855913,-0.272571420855913,0.272571420855913,0.272571420855913,0.0742951794674112,-0.521431175394449,-0.0201045853193562,0,0.807947103212766,-0.221671896787234,0.221671896787234,0.221671896787234,0.0491384298252501,0.602375137153323,1.02135635162839,0,1.23873230966127,0.322441609661273,0.322441609661273,0.322441609661273,0.103968591640953,0.931574633781367,1.53864015344393,0,1.46448698866569,-0.0355130113343136,0.0355130113343136,0.0355130113343136,0.00126117397403109,1.39223212665858,1.57255123957404,1,1.76547435801847,-0.0345256419815272,0.0345256419815272,0.0345256419815272,0.00119201995423659,1.68641057115881,1.85422913914046,1
18,"n1000-b1_1-b2_2p8-b3_2p5",1000,3,173,1,1,0,1.029619,0.9162907,1.5,1.8,1,1.3,0.094,332,158,344,166,FALSE,NA,TRUE,NA,-0.222476061742296,-0.222476061742296,0.222476061742296,0.222476061742296,0.0494955980483617,-0.471513973918411,0.0246794547359927,1,0.94096456042181,-0.0886544395781902,0.0886544395781902,0.0886544395781902,0.00785960965692298,0.734088554309503,1.15319415231335,1,1.23524380041029,0.318953100410287,0.318953100410287,0.318953100410287,0.101731080261335,0.937643772604052,1.53301593889674,0,1.45391613005808,-0.0460838699419228,0.0460838699419228,0.0460838699419228,0.00212372306882406,1.40888132704375,1.50753016292109,1,1.87103702561534,0.0710370256153381,0.0710370256153381,0.0710370256153381,0.0050462590082742,1.78038095635423,1.98237957124326,1
18,"n1000-b1_1-b2_2p8-b3_2p5",1000,4,174,1,1,0,1.029619,0.9162907,1.5,1.8,1,1.3,0.093,353,132,346,169,FALSE,NA,TRUE,NA,-0.083257731490697,-0.083257731490697,0.083257731490697,0.083257731490697,0.006931849852977,-0.350583286751324,0.179416092910342,1,1.04174931656343,0.0121303165634321,0.0121303165634321,0.0121303165634321,0.000147144579929075,0.827606883096931,1.26207769054699,1,0.99420974111149,0.0779190411114901,0.0779190411114901,0.0779190411114901,0.00607137696773408,0.680807848590164,1.30685897534279,1,1.45693333889635,-0.0430666611036459,0.0430666611036459,0.0430666611036459,0.00185473729861628,1.33388085439545,1.54646466956033,1,1.73540821750597,-0.0645917824940321,0.0645917824940321,0.0645917824940321,0.00417209836575635,1.62145172807046,1.83882908592973,1
18,"n1000-b1_1-b2_2p8-b3_2p5",1000,5,175,1,1,0,1.029619,0.9162907,1.5,1.8,1,1.3,0.082,323,162,352,163,FALSE,NA,TRUE,NA,-0.0997774124559386,-0.0997774124559386,0.0997774124559386,0.0997774124559386,0.00995553203640249,-0.342851750508802,0.146266106632721,1,0.909923033413363,-0.119695966586637,0.119695966586637,0.119695966586637,0.0143271244171092,0.704217732977259,1.12017869369858,1,1.04445307316376,0.128162373163762,0.128162373163762,0.128162373163762,0.0164255938949674,0.749699790730912,1.34050056385545,1,1.45890989707817,-0.0410901029218318,0.0410901029218318,0.0410901029218318,0.00168839655812673,1.39548914589271,1.62730729359566,1,1.76500166408346,-0.0349983359165369,0.0349983359165369,0.0349983359165369,0.00122488351692676,1.7071119798148,1.89434053578185,1
18,"n1000-b1_1-b2_2p8-b3_2p5",1000,6,176,1,1,0,1.029619,0.9162907,1.5,1.8,1,1.3,0.082,355,137,346,162,FALSE,NA,TRUE,NA,-0.10614492982704,-0.10614492982704,0.10614492982704,0.10614492982704,0.0112667461279872,-0.365393809910323,0.152939401037101,1,0.988131254641905,-0.0414877453580946,0.0414877453580946,0.0414877453580946,0.0017212330148981,0.777848598539073,1.19971728852139,1,1.00159138127982,0.085300681279822,0.085300681279822,0.085300681279822,0.00727620622680178,0.697073184991671,1.30495479521682,1,1.42867606988923,-0.0713239301107684,0.0713239301107684,0.0713239301107684,0.00508710300644578,1.34894040544846,1.5340859657654,1,1.74929333729164,-0.0507066627083568,0.0507066627083568,0.0507066627083568,0.00257116564301906,1.64859776358768,1.8943214022801,1
18,"n1000-b1_1-b2_2p8-b3_2p5",1000,7,177,1,1,0,1.029619,0.9162907,1.5,1.8,1,1.3,0.097,356,158,301,185,FALSE,NA,TRUE,NA,-0.180166941779746,-0.180166941779746,0.180166941779746,0.180166941779746,0.0324601269102665,-0.425735592692362,0.0636199994663562,1,0.940011075425674,-0.0896079245743261,0.0896079245743261,0.0896079245743261,0.00802958014651811,0.737122347795644,1.14647257100457,1,1.05877978846516,0.14248908846516,0.14248908846516,0.14248908846516,0.0203031403316323,0.768916393130599,1.35371515823225,1,1.51765179361697,0.0176517936169689,0.0176517936169689,0.0176517936169689,0.000311585817896064,1.47297251095107,1.59390259511864,1,1.81434651343752,0.0143465134375176,0.0143465134375176,0.0143465134375176,0.000205822447812873,1.7791173732866,1.86198820197945,1
18,"n1000-b1_1-b2_2p8-b3_2p5",1000,8,178,1,1,0,1.029619,0.9162907,1.5,1.8,1,1.3,0.086,310,193,330,167,FALSE,NA,TRUE,NA,0.046703470033955,0.046703470033955,0.046703470033955,0.046703470033955,0.00218121411321253,-0.187581724554454,0.285425747261819,1,1.04722525966241,0.0176062596624071,0.0176062596624071,0.0176062596624071,0.000309980379300105,0.835910512877267,1.26455006406048,1,0.707019371066481,-0.209271328933519,0.209271328933519,0.209271328933519,0.0437944891136013,0.41774587942322,0.987702216624733,1,1.50654196834789,0.00654196834788623,0.00654196834788623,0.00654196834788623,4.27973498647453e-05,1.46495497330504,1.59781656557864,1,1.82479503061451,0.0247950306145051,0.0247950306145051,0.0247950306145051,0.000614793543174243,1.7742094919486,1.97244685202972,1
18,"n1000-b1_1-b2_2p8-b3_2p5",1000,9,179,1,1,0,1.029619,0.9162907,1.5,1.8,1,1.3,0.085,326,164,337,173,FALSE,NA,TRUE,NA,-0.271706893053468,-0.271706893053468,0.271706893053468,0.271706893053468,0.0738246357327685,-0.517047462020676,-0.0291061432277646,0,0.81645990043679,-0.21315909956321,0.21315909956321,0.21315909956321,0.0454368017265983,0.618270019409098,1.01756495692531,0,1.1553490182325,0.239058318232502,0.239058318232502,0.239058318232502,0.057148879516152,0.863178292344435,1.44242557559198,1,1.50988493064807,0.00988493064806528,0.00988493064806528,0.00988493064806528,9.77118539170603e-05,1.47655436603044,1.5493773408868,1,1.81865890055127,0.0186589005512692,0.0186589005512692,0.0186589005512692,0.000348154569782153,1.77052701902353,1.88131360267294,1
18,"n1000-b1_1-b2_2p8-b3_2p5",1000,10,180,1,1,0,1.029619,0.9162907,1.5,1.8,1,1.3,0.097,313,165,342,180,FALSE,NA,TRUE,NA,0.036266190611654,0.036266190611654,0.036266190611654,0.036266190611654,0.00131523658148082,-0.203352846024583,0.279477526084903,1,1.07163804948522,0.0420190494852164,0.0420190494852164,0.0420190494852164,0.00176560051964106,0.865138551953321,1.28410845403123,1,1.00528970369426,0.0889990036942605,0.0889990036942605,0.0889990036942605,0.007920822658571,0.712548712682166,1.29732163670713,1,1.54198103161947,0.0419810316194698,0.0419810316194698,0.0419810316194698,0.00176240701583492,1.48674837283219,1.59942728340906,1,1.85624057166657,0.0562405716665655,0.0562405716665655,0.0562405716665655,0.00316300190138209,1.80408028961814,1.92376408484236,0
19,"n1000-b1_1-b2_2p8-b3_2p5",1000,1,181,1,1,0,1.029619,0.9162907,1.5,1.8,1,1.3,0.091,319,144,359,178,FALSE,NA,TRUE,NA,-0.110483917662093,-0.110483917662093,0.110483917662093,0.110483917662093,0.0122066960619642,-0.370653954956318,0.14271309722438,1,0.975544144695549,-0.0540748553044508,0.0540748553044508,0.0540748553044508,0.00292408997619729,0.770635077358421,1.18208337236975,1,1.00592710077567,0.089636400775668,0.089636400775668,0.089636400775668,0.00803468434401618,0.703767532803247,1.30563339805945,1,1.48006704418368,-0.0199329558163159,0.0199329558163159,0.0199329558163159,0.000397322727575203,1.42914414352746,1.53976260427511,1,1.75250274974054,-0.0474972502594579,0.0474972502594579,0.0474972502594579,0.00225598878220958,1.66768376090489,1.82180065265028,1
19,"n1000-b1_1-b2_2p8-b3_2p5",1000,2,182,1,1,0,1.029619,0.9162907,1.5,1.8,1,1.3,0.101,348,171,321,160,FALSE,NA,TRUE,NA,0.160976591498864,0.160976591498864,0.160976591498864,0.160976591498864,0.025913463010592,-0.0855510145929125,0.40959455933977,1,1.071805236079,0.0421862360789964,0.0421862360789964,0.0421862360789964,0.00177967851451282,0.852945366472183,1.29577769319402,1,0.81581565483329,-0.10047504516671,0.10047504516671,0.10047504516671,0.0100952347012525,0.517889540583223,1.10779406622943,1,1.51589517684766,0.0158951768476616,0.0158951768476616,0.0158951768476616,0.000252656647018438,1.45380019836101,1.58982600804241,1,1.81772074297951,0.0177207429795063,0.0177207429795063,0.0177207429795063,0.000314024731745723,1.78554884913418,1.89024961791382,1
19,"n1000-b1_1-b2_2p8-b3_2p5",1000,3,183,1,1,0,1.029619,0.9162907,1.5,1.8,1,1.3,0.097,330,163,335,172,FALSE,NA,TRUE,NA,-0.130672219830304,-0.130672219830304,0.130672219830304,0.130672219830304,0.0170752290353793,-0.382597497949172,0.116895220538035,1,0.877622355978356,-0.151996644021644,0.151996644021644,0.151996644021644,0.0231029797938423,0.670357620172951,1.09133535525044,1,1.03707030126803,0.120779601268029,0.120779601268029,0.120779601268029,0.0145877120824642,0.742413673133277,1.33362718036685,1,1.5407421472544,0.0407421472544038,0.0407421472544038,0.0407421472544038,0.00165992256289953,1.45748009601306,1.6551199835801,1,1.68169001921714,-0.11830998078286,0.11830998078286,0.11830998078286,0.0139972515528407,1.63625206996954,1.82605550086877,1
19,"n1000-b1_1-b2_2p8-b3_2p5",1000,4,184,1,1,0,1.029619,0.9162907,1.5,1.8,1,1.3,0.097,314,159,353,174,FALSE,NA,TRUE,NA,-0.0799280424021886,-0.0799280424021886,0.0799280424021886,0.0799280424021886,0.00638849196224606,-0.331962560744594,0.170683235732361,1,1.09280872571387,0.0631897257138727,0.0631897257138727,0.0631897257138727,0.00399294143579447,0.880099852053172,1.30928912937928,1,0.863165374276333,-0.053125325723667,0.053125325723667,0.053125325723667,0.00282230023324572,0.569280133818035,1.16278047183198,1,1.47451128675452,-0.0254887132454762,0.0254887132454762,0.0254887132454762,0.000649674502910113,1.44821623652558,1.52209589954265,1,1.69888162517024,-0.101118374829762,0.101118374829762,0.101118374829762,0.0102249257282123,1.66184915689116,1.7737129904371,0
19,"n1000-b1_1-b2_2p8-b3_2p5",1000,5,185,1,1,0,1.029619,0.9162907,1.5,1.8,1,1.3,0.102,353,162,320,165,FALSE,NA,TRUE,NA,-0.0173836637029087,-0.0173836637029087,0.0173836637029087,0.0173836637029087,0.000302191763735826,-0.2675885440183,0.234837553148077,1,0.96475272505153,-0.0648662749484696,0.0648662749484696,0.0648662749484696,0.00420763362569046,0.749355574453463,1.18364392694016,1,1.04845418635401,0.132163486354009,0.132163486354009,0.132163486354009,0.0174671871252464,0.747755588024069,1.34497585684821,1,1.51718524764045,0.0171852476404502,0.0171852476404502,0.0171852476404502,0.000295332736463598,1.49557426329454,1.53827024636534,1,1.79374470495941,-0.00625529504059363,0.00625529504059363,0.00625529504059363,3.91287160448753e-05,1.77248095195213,1.82630087407148,1
19,"n1000-b1_1-b2_2p8-b3_2p5",1000,6,186,1,1,0,1.029619,0.9162907,1.5,1.8,1,1.3,0.108,304,169,330,197,FALSE,NA,TRUE,NA,0.325109688003798,0.325109688003798,0.325109688003798,0.325109688003798,0.105696309233927,0.0866251521728683,0.560904727274088,0,1.26415176775601,0.234532767756007,0.234532767756007,0.234532767756007,0.055005619151293,1.05260123112909,1.47936746889578,0,0.60984236046401,-0.30644833953599,0.30644833953599,0.30644833953599,0.0939105848043655,0.324953814899333,0.897078987569604,0,1.43836339835719,-0.0616366016428118,0.0616366016428118,0.0616366016428118,0.00379907066207467,1.39624941695089,1.51683466767836,1,1.77026078192203,-0.0297392180779654,0.0297392180779654,0.0297392180779654,0.000884421091888785,1.72260309261539,1.8388767609206,1
19,"n1000-b1_1-b2_2p8-b3_2p5",1000,7,187,1,1,0,1.029619,0.9162907,1.5,1.8,1,1.3,0.098,350,169,331,150,FALSE,NA,TRUE,NA,0.140392663109225,0.140392663109225,0.140392663109225,0.140392663109225,0.0197100998549003,-0.115786116518388,0.399143770153164,1,1.12777442941257,0.0981554294125706,0.0981554294125706,0.0981554294125706,0.00963448832316613,0.902362284500246,1.36113723884438,1,0.735008207412248,-0.181282492587752,0.181282492587752,0.181282492587752,0.0328633421188283,0.429015483110635,1.03796479736963,1,1.48392888410898,-0.0160711158910185,0.0160711158910185,0.0160711158910185,0.000258280765982548,1.41528552005938,1.56875987124325,1,1.7329444148763,-0.0670555851237005,0.0670555851237005,0.0670555851237005,0.00449645149628184,1.63995360886165,1.82727068486712,1
19,"n1000-b1_1-b2_2p8-b3_2p5",1000,8,188,1,1,0,1.029619,0.9162907,1.5,1.8,1,1.3,0.089,336,175,319,170,FALSE,NA,TRUE,NA,0.275127568964637,0.275127568964637,0.275127568964637,0.275127568964637,0.0756951792043911,0.0335459601703456,0.514004583925551,0,1.14362564053851,0.114006640538505,0.114006640538505,0.114006640538505,0.0129975140868759,0.925942798825531,1.36231414724017,1,0.728123366219462,-0.188167333780538,0.188167333780538,0.188167333780538,0.0354069455020763,0.439930296679136,1.02215308399895,1,1.55515113788853,0.055151137888529,0.055151137888529,0.055151137888529,0.00304164801039954,1.42705431825029,1.60496966471007,1,1.82950585040259,0.0295058504025902,0.0295058504025902,0.0295058504025902,0.000870595207980035,1.79711112119533,1.88778731123653,1
19,"n1000-b1_1-b2_2p8-b3_2p5",1000,9,189,1,1,0,1.029619,0.9162907,1.5,1.8,1,1.3,0.097,312,165,350,173,FALSE,NA,TRUE,NA,-0.0992332574544146,-0.0992332574544146,0.0992332574544146,0.0992332574544146,0.00984723938501413,-0.348853547139384,0.149385528287656,1,0.993329727545538,-0.0362892724544618,0.0362892724544618,0.0362892724544618,0.00131691129527416,0.78233383038404,1.20355763771365,1,1.21304256852975,0.296751868529754,0.296751868529754,0.296751868529754,0.0880616714759003,0.914079988833383,1.51678639348708,1,1.5254276001945,0.0254276001945035,0.0254276001945035,0.0254276001945035,0.000646562851651515,1.45556438201286,1.64241314844858,1,1.78542668879095,-0.0145733112090514,0.0145733112090514,0.0145733112090514,0.000212381399595862,1.71794958403441,1.86807923351359,1
19,"n1000-b1_1-b2_2p8-b3_2p5",1000,10,190,1,1,0,1.029619,0.9162907,1.5,1.8,1,1.3,0.101,332,180,335,153,FALSE,NA,TRUE,NA,-0.00650913862172867,-0.00650913862172867,0.00650913862172867,0.00650913862172867,4.23688855968798e-05,-0.256044757377292,0.24856332439888,1,1.00775332546431,-0.0218656745356927,0.0218656745356927,0.0218656745356927,0.000478107722900838,0.790257693357839,1.23080608811659,1,0.960169962072602,0.0438792620726023,0.0438792620726023,0.0438792620726023,0.00192538964003611,0.658949372665991,1.25516330257155,1,1.50970425082683,0.00970425082682591,0.00970425082682591,0.00970425082682591,9.41724841099514e-05,1.45760122705927,1.54053694376538,1,1.78299904609508,-0.0170009539049212,0.0170009539049212,0.0170009539049212,0.000289032433677255,1.73222400128389,1.84926095413739,1
20,"n1000-b1_1-b2_2p8-b3_2p5",1000,1,191,1,1,0,1.029619,0.9162907,1.5,1.8,1,1.3,0.102,350,162,325,163,FALSE,NA,TRUE,NA,0.178103096514951,0.178103096514951,0.178103096514951,0.178103096514951,0.0317207129882139,-0.0744691201834438,0.428283741178925,1,1.23568850204191,0.206069502041913,0.206069502041913,0.206069502041913,0.0424646396718022,1.01184847807128,1.46700679183919,1,0.769617695972051,-0.146673004027949,0.146673004027949,0.146673004027949,0.0215129701105828,0.471180580435296,1.0734417740575,1,1.52426476179222,0.0242647617922236,0.0242647617922236,0.0242647617922236,0.000588778664833354,1.4939204916569,1.56470723827517,1,1.77543314175867,-0.0245668582413332,0.0245668582413332,0.0245668582413332,0.000603530523849761,1.73892740799715,1.83776887111358,1
20,"n1000-b1_1-b2_2p8-b3_2p5",1000,2,192,1,1,0,1.029619,0.9162907,1.5,1.8,1,1.3,0.115,335,187,311,167,FALSE,NA,TRUE,NA,-0.0131818085276448,-0.0131818085276448,0.0131818085276448,0.0131818085276448,0.00017376007605949,-0.263301448121503,0.2356474442014,1,1.07862120889855,0.0490022088985493,0.0490022088985493,0.0490022088985493,0.00240121647693707,0.85884930115606,1.3031736144161,1,1.03918194157944,0.122891241579437,0.122891241579437,0.122891241579437,0.0151022572569355,0.737149663820548,1.34084066802151,1,1.52272978054879,0.022729780548786,0.022729780548786,0.022729780548786,0.000516642923795973,1.45464639769222,1.6194956484896,1,1.73922373977205,-0.0607762602279542,0.0607762602279542,0.0607762602279542,0.00369375380729601,1.67429759995992,1.83358929367474,1
20,"n1000-b1_1-b2_2p8-b3_2p5",1000,3,193,1,1,0,1.029619,0.9162907,1.5,1.8,1,1.3,0.099,307,178,327,188,FALSE,NA,TRUE,NA,-0.116147300331625,-0.116147300331625,0.116147300331625,0.116147300331625,0.0134901953743246,-0.350044771829902,0.118866874481303,1,0.955514763210003,-0.0741042367899972,0.0741042367899972,0.0741042367899972,0.00549143791022798,0.752681891225922,1.16549954922744,1,1.04350820094329,0.127217500943293,0.127217500943293,0.127217500943293,0.0161842925462567,0.756491063396842,1.33193696566436,1,1.49159000168032,-0.00840999831968081,0.00840999831968081,0.00840999831968081,7.07280717370341e-05,1.45553727576727,1.5260077634192,1,1.80852351486566,0.00852351486565839,0.00852351486565839,0.00852351486565839,7.26503056650995e-05,1.77310360512671,1.87818504490874,1
20,"n1000-b1_1-b2_2p8-b3_2p5",1000,4,194,1,1,0,1.029619,0.9162907,1.5,1.8,1,1.3,0.088,318,171,345,166,FALSE,NA,TRUE,NA,0.011005340216684,0.011005340216684,0.011005340216684,0.011005340216684,0.000121117513284963,-0.228494264920281,0.251960144525463,1,0.948623553276095,-0.0809954467239054,0.0809954467239054,0.0809954467239054,0.00656026239000499,0.739454355561232,1.15995791387174,1,0.987898707391215,0.0716080073912145,0.0716080073912145,0.0716080073912145,0.00512770672254024,0.695763460182843,1.2806697431053,1,1.55156380973578,0.0515638097357805,0.0515638097357805,0.0515638097357805,0.00265882647446777,1.48949953105778,1.66118480572994,1,1.85151598359905,0.0515159835990491,0.0515159835990491,0.0515159835990491,0.00265389656617749,1.76864612425534,1.96898794957509,1
20,"n1000-b1_1-b2_2p8-b3_2p5",1000,5,195,1,1,0,1.029619,0.9162907,1.5,1.8,1,1.3,0.092,313,181,334,172,FALSE,NA,TRUE,NA,0.198605592569005,0.198605592569005,0.198605592569005,0.198605592569005,0.0394441813996855,-0.0343653002752519,0.432056066362034,1,1.00657622533207,-0.0230427746679318,0.0230427746679318,0.0230427746679318,0.00053096946439708,0.795818774519547,1.22315871854775,1,0.766808464770793,-0.149482235229207,0.149482235229207,0.149482235229207,0.0223449386491198,0.480258839349843,1.05041995801183,1,1.50889866017415,0.0088986601741492,0.0088986601741492,0.0088986601741492,7.9186152894989e-05,1.45541928559468,1.58375660477923,1,1.80092220368424,0.000922203684244227,0.000922203684244227,0.000922203684244227,8.50459635233626e-07,1.72413615048891,1.8867900105145,1
20,"n1000-b1_1-b2_2p8-b3_2p5",1000,6,196,1,1,0,1.029619,0.9162907,1.5,1.8,1,1.3,0.099,313,180,333,174,FALSE,NA,TRUE,NA,0.00863124822892438,0.00863124822892438,0.00863124822892438,0.00863124822892438,7.44984459893103e-05,-0.231239691275455,0.24743040648825,1,1.05199994760839,0.0223809476083909,0.0223809476083909,0.0223809476083909,0.00050090681584954,0.842812141385274,1.2686927826595,1,1.03608547432205,0.119794774322051,0.119794774322051,0.119794774322051,0.0143507879548711,0.745176303221882,1.3258890803039,1,1.47699690257195,-0.0230030974280537,0.0230030974280537,0.0230030974280537,0.000529142491284532,1.41236476910113,1.52623534286103,1,1.81278634213342,0.0127863421334171,0.0127863421334171,0.0127863421334171,0.000163490545152798,1.77173505073962,1.87675424490099,1
20,"n1000-b1_1-b2_2p8-b3_2p5",1000,7,197,1,1,0,1.029619,0.9162907,1.5,1.8,1,1.3,0.089,314,154,349,183,FALSE,NA,TRUE,NA,0.201447918294011,0.201447918294011,0.201447918294011,0.201447918294011,0.0405812637849905,-0.0425720744272075,0.441041346142244,1,1.07094129267217,0.041322292672165,0.041322292672165,0.041322292672165,0.00170753187168406,0.859399707986216,1.28451749311535,1,0.691343048053681,-0.224947651946319,0.224947651946319,0.224947651946319,0.0506014461161622,0.40447603743251,0.981768190317336,1,1.5028421421376,0.0028421421376017,0.0028421421376017,0.0028421421376017,8.07777193033116e-06,1.43096618446137,1.56893357800442,1,1.79903165039535,-0.000968349604645091,0.000968349604645091,0.000968349604645091,9.37700956816305e-07,1.65171667395299,1.85974588176873,1
20,"n1000-b1_1-b2_2p8-b3_2p5",1000,8,198,1,1,0,1.029619,0.9162907,1.5,1.8,1,1.3,0.093,349,175,331,145,FALSE,NA,TRUE,NA,-0.00193971758440283,-0.00193971758440283,0.00193971758440283,0.00193971758440283,3.76250430724155e-06,-0.250339292061025,0.245394115062593,1,1.11729474257191,0.0876757425719137,0.0876757425719137,0.0876757425719137,0.00768703583553648,0.886950578221495,1.34685083521243,1,0.83617940277485,-0.0801112972251502,0.0801112972251502,0.0801112972251502,0.00641781994309636,0.538256631922374,1.12861280893109,1,1.47609278018018,-0.0239072198198178,0.0239072198198178,0.0239072198198178,0.000571555159513089,1.43173073376815,1.58699851537667,1,1.81933674422088,0.0193367442208774,0.0193367442208774,0.0193367442208774,0.000373909677063635,1.75679234823774,1.89284287556506,1
20,"n1000-b1_1-b2_2p8-b3_2p5",1000,9,199,1,1,0,1.029619,0.9162907,1.5,1.8,1,1.3,0.106,321,180,326,173,FALSE,NA,TRUE,NA,0.0620945468518864,0.0620945468518864,0.0620945468518864,0.0620945468518864,0.00385573274874111,-0.183360169726686,0.305616643276038,1,1.08190937546748,0.0522903754674766,0.0522903754674766,0.0522903754674766,0.00273428336652968,0.867756203119079,1.29993084648013,1,0.935149782210332,0.0188590822103319,0.0188590822103319,0.0188590822103319,0.000355664981816059,0.638561799257827,1.2281962515013,1,1.46998452677605,-0.0300154732239513,0.0300154732239513,0.0300154732239513,0.000900928632857735,1.40797405554776,1.52423564314286,1,1.75239048449556,-0.0476095155044449,0.0476095155044449,0.0476095155044449,0.00226666596656798,1.64364346265233,1.81809275810074,1
20,"n1000-b1_1-b2_2p8-b3_2p5",1000,10,200,1,1,0,1.029619,0.9162907,1.5,1.8,1,1.3,0.092,347,149,344,160,FALSE,NA,TRUE,NA,0.081051739105775,0.081051739105775,0.081051739105775,0.081051739105775,0.00656938441207061,-0.177999203452639,0.336432797260818,1,1.02617311841357,-0.00344588158643355,0.00344588158643355,0.00344588158643355,1.18740999077218e-05,0.810969562752884,1.24798163753539,1,0.896003409116286,-0.0202872908837143,0.0202872908837143,0.0202872908837143,0.000411574171400437,0.593020162326348,1.19824264378166,1,1.50633651539158,0.00633651539157665,0.00633651539157665,0.00633651539157665,4.01514273076878e-05,1.46253072471555,1.56596596457398,1,1.80229304713104,0.00229304713104228,0.00229304713104228,0.00229304713104228,5.25806514518123e-06,1.77541564933066,1.85431973119439,1
21,"n1000-b1_1-b2_2p8-b3_2p5",1000,1,201,1,1,0,1.029619,0.9162907,1.5,1.8,1,1.3,0.092,321,163,348,168,FALSE,NA,TRUE,NA,-0.0268134635445301,-0.0268134635445301,0.0268134635445301,0.0268134635445301,0.000718961827253843,-0.273932396257307,0.223588036857607,1,1.02495319438497,-0.00466580561503438,0.00466580561503438,0.00466580561503438,2.17697420372863e-05,0.81369559897807,1.24270090060217,1,1.03810619228395,0.121815492283949,0.121815492283949,0.121815492283949,0.0148390141603808,0.740135561000939,1.33396728683435,1,1.51606441488786,0.0160644148878601,0.0160644148878601,0.0160644148878601,0.000258065425689303,1.47890580144317,1.58033279374749,1,1.80490824536323,0.0049082453632272,0.0049082453632272,0.0049082453632272,2.40908725456413e-05,1.7589203251891,1.86653304271747,1
21,"n1000-b1_1-b2_2p8-b3_2p5",1000,2,202,1,1,0,1.029619,0.9162907,1.5,1.8,1,1.3,0.1,364,144,316,176,FALSE,NA,TRUE,NA,0.0786741396048811,0.0786741396048811,0.0786741396048811,0.0786741396048811,0.00618962024256832,-0.180510182771552,0.335888562901629,1,1.13256914494345,0.102950144943454,0.102950144943454,0.102950144943454,0.0105987323438782,0.917617113814622,1.34840234612635,1,0.890280575640979,-0.0260101243590214,0.0260101243590214,0.0260101243590214,0.000676526569171758,0.585347820943694,1.19875424414169,1,1.42807576899254,-0.0719242310074562,0.0719242310074562,0.0719242310074562,0.00517309500601392,1.3765701604349,1.48883429027019,0,1.75213017121579,-0.0478698287842054,0.0478698287842054,0.0478698287842054,0.00229152050782914,1.69193918496847,1.85151609230016,1
21,"n1000-b1_1-b2_2p8-b3_2p5",1000,3,203,1,1,0,1.029619,0.9162907,1.5,1.8,1,1.3,0.086,346,164,322,168,FALSE,NA,TRUE,NA,-0.0577948955643213,-0.0577948955643213,0.0577948955643213,0.0577948955643213,0.0033402499532908,-0.304651533921159,0.187475225609024,1,0.992791667768804,-0.0368273322311965,0.0368273322311965,0.0368273322311965,0.00135625239926692,0.784508005048364,1.20592707029713,1,0.924436872777263,0.00814617277726271,0.00814617277726271,0.00814617277726271,6.6360130917016e-05,0.631267113703057,1.2218246268969,1,1.46927244693765,-0.0307275530623523,0.0307275530623523,0.0307275530623523,0.000944182517199677,1.43153375029584,1.5257849226307,1,1.79934870312983,-0.000651296870169515,0.000651296870169515,0.000651296870169515,4.24187613092607e-07,1.70136456360067,1.89938571754475,1
21,"n1000-b1_1-b2_2p8-b3_2p5",1000,4,204,1,1,0,1.029619,0.9162907,1.5,1.8,1,1.3,0.089,317,179,340,164,FALSE,NA,TRUE,NA,-0.0717798955105411,-0.0717798955105411,0.0717798955105411,0.0717798955105411,0.0051523533995042,-0.311322185859192,0.164392904431395,1,0.922806099849435,-0.106812900150565,0.106812900150565,0.106812900150565,0.0114089956385746,0.712523969946939,1.13346871238526,1,0.899778329873719,-0.0165123701262814,0.0165123701262814,0.0165123701262814,0.00027265836718731,0.612101062851857,1.19308815910726,1,1.5105559561565,0.0105559561564998,0.0105559561564998,0.0105559561564998,0.000111428210377947,1.42987505758628,1.57120921841844,1,1.8040064918309,0.00400649183090462,0.00400649183090462,0.00400649183090462,1.60519767911055e-05,1.77619228941356,1.85699090072151,1
21,"n1000-b1_1-b2_2p8-b3_2p5",1000,5,205,1,1,0,1.029619,0.9162907,1.5,1.8,1,1.3,0.095,319,193,322,166,FALSE,NA,TRUE,NA,0.0897927471387086,0.0897927471387086,0.0897927471387086,0.0897927471387086,0.00806273743871607,-0.145562433055759,0.325003867754478,1,1.04228384232075,0.0126648423207529,0.0126648423207529,0.0126648423207529,0.000160398231009535,0.82634780381619,1.26066939551389,1,0.940580692428993,0.0242899924289931,0.0242899924289931,0.0242899924289931,0.000590003732200542,0.657985622943564,1.22878614644176,1,1.52577327060777,0.0257732706077729,0.0257732706077729,0.0257732706077729,0.000664261477821491,1.44271408630346,1.5796760709385,1,1.84376867274917,0.0437686727491651,0.0437686727491651,0.0437686727491651,0.00191569671422351,1.74495316421569,1.91644121946107,1
21,"n1000-b1_1-b2_2p8-b3_2p5",1000,6,206,1,1,0,1.029619,0.9162907,1.5,1.8,1,1.3,0.101,348,164,337,151,FALSE,NA,TRUE,NA,-0.074984803399221,-0.074984803399221,0.074984803399221,0.074984803399221,0.00562272074081983,-0.33735977762319,0.193566611525455,1,1.19536050701656,0.16574150701656,0.16574150701656,0.16574150701656,0.0274702471481204,0.967622170976366,1.42814263381423,1,0.870537700325544,-0.0457529996744559,0.0457529996744559,0.0457529996744559,0.00209333697921076,0.560650859666143,1.17818092381308,1,1.37818319548367,-0.121816804516325,0.121816804516325,0.121816804516325,0.0148393338625685,1.33814481134258,1.46568465489368,0,1.81716693404328,0.0171669340432765,0.0171669340432765,0.0171669340432765,0.000294703624446206,1.7665338242003,1.91256222190785,1
21,"n1000-b1_1-b2_2p8-b3_2p5",1000,7,207,1,1,0,1.029619,0.9162907,1.5,1.8,1,1.3,0.099,326,159,333,182,FALSE,NA,TRUE,NA,0.129829560851257,0.129829560851257,0.129829560851257,0.129829560851257,0.0168557148708302,-0.114579304359618,0.37231514132718,1,1.11838968076031,0.088770680760305,0.088770680760305,0.088770680760305,0.00788023376264799,0.909265509010145,1.33096327611036,1,0.743952925514447,-0.172337774485553,0.172337774485553,0.172337774485553,0.0297003085146332,0.452275509363997,1.03847974053862,1,1.46451238825645,-0.0354876117435496,0.0354876117435496,0.0354876117435496,0.00125937058726092,1.44198909840467,1.50485586310117,1,1.792303731094,-0.00769626890600072,0.00769626890600072,0.00769626890600072,5.92325550734736e-05,1.74549787292953,1.84954079650847,1
21,"n1000-b1_1-b2_2p8-b3_2p5",1000,8,208,1,1,0,1.029619,0.9162907,1.5,1.8,1,1.3,0.088,328,167,328,177,FALSE,NA,TRUE,NA,0.17644056748044,0.17644056748044,0.17644056748044,0.17644056748044,0.0311312738528196,-0.0649966343725478,0.418416007995312,1,1.14253481032801,0.112915810328005,0.112915810328005,0.112915810328005,0.0127499802220301,0.93335781739721,1.35291861659116,1,0.629800020478368,-0.286490679521632,0.286490679521632,0.286490679521632,0.0820769094527665,0.337923578735353,0.920096812233958,1,1.51358862270592,0.0135886227059197,0.0135886227059197,0.0135886227059197,0.000184650667043835,1.47957654950349,1.55682816781934,1,1.81817284294312,0.0181728429431165,0.0181728429431165,0.0181728429431165,0.000330252220635179,1.781831017773,1.87077361826711,1
21,"n1000-b1_1-b2_2p8-b3_2p5",1000,9,209,1,1,0,1.029619,0.9162907,1.5,1.8,1,1.3,0.114,358,165,307,170,FALSE,NA,TRUE,NA,0.176341476800219,0.176341476800219,0.176341476800219,0.176341476800219,0.031096316440082,-0.0780809483772688,0.430265115258489,1,1.23717312183387,0.207554121833867,0.207554121833867,0.207554121833867,0.0430787134902277,1.01478608792606,1.46810900013489,1,0.71763341225962,-0.19865728774038,0.19865728774038,0.19865728774038,0.039464717972364,0.414296736091361,1.02322196042401,1,1.62790779962479,0.127907799624789,0.127907799624789,0.127907799624789,0.0163604052048552,1.50450253120429,1.73338020360501,0,1.81885788591924,0.0188578859192385,0.0188578859192385,0.0188578859192385,0.000355619861343015,1.69800548221407,1.90216848650596,1
21,"n1000-b1_1-b2_2p8-b3_2p5",1000,10,210,1,1,0,1.029619,0.9162907,1.5,1.8,1,1.3,0.096,325,176,336,163,FALSE,NA,TRUE,NA,0.0363153239574499,0.0363153239574499,0.0363153239574499,0.0363153239574499,0.00131880275413454,-0.212053862995672,0.287943176822488,1,1.11082156937267,0.0812025693726695,0.0812025693726695,0.0812025693726695,0.0065938572727232,0.895468431542913,1.33425172125723,1,0.958786211812544,0.0424955118125439,0.0424955118125439,0.0424955118125439,0.00180586852421005,0.660576956064413,1.25922937652399,1,1.55416296484744,0.0541629648474449,0.0541629648474449,0.0541629648474449,0.00293362676106555,1.46187726446635,1.65165347598303,1,1.83575393152685,0.0357539315268496,0.0357539315268496,0.0357539315268496,0.00127834361962665,1.76514106209285,1.92956381819662,1
22,"n1000-b1_1-b2_2p8-b3_2p5",1000,1,211,1,1,0,1.029619,0.9162907,1.5,1.8,1,1.3,0.08,361,164,307,168,FALSE,NA,TRUE,NA,-0.0943303336654069,-0.0943303336654069,0.0943303336654069,0.0943303336654069,0.008898211849427,-0.339811147640851,0.146647297656938,1,0.886992166077185,-0.142626833922815,0.142626833922815,0.142626833922815,0.0203424137548463,0.677099106823153,1.1016646425531,1,1.06948157564451,0.153190875644508,0.153190875644508,0.153190875644508,0.023467444380731,0.779680414598412,1.3592934713951,1,1.5186615832519,0.0186615832518995,0.0186615832518995,0.0186615832518995,0.000348254689467575,1.48972124085885,1.56674007861653,1,1.81977208683772,0.0197720868377205,0.0197720868377205,0.0197720868377205,0.000390935417918359,1.76094560180247,1.88919260355352,1
22,"n1000-b1_1-b2_2p8-b3_2p5",1000,2,212,1,1,0,1.029619,0.9162907,1.5,1.8,1,1.3,0.097,339,162,317,182,FALSE,NA,TRUE,NA,-0.176780103417209,-0.176780103417209,0.176780103417209,0.176780103417209,0.0312512049641991,-0.423064585214102,0.0691433042514651,1,0.844987722937534,-0.184631277062466,0.184631277062466,0.184631277062466,0.034088708469717,0.640858503532005,1.05250946346395,1,1.23118736650274,0.314896666502737,0.314896666502737,0.314896666502737,0.0991599105745357,0.933905758831377,1.53456155807582,0,1.47232874972815,-0.0276712502718495,0.0276712502718495,0.0276712502718495,0.000765698091607329,1.35829346988311,1.51097060155119,1,1.75635466772101,-0.0436453322789907,0.0436453322789907,0.0436453322789907,0.00190491502974351,1.43793848340613,1.82215374701563,1
22,"n1000-b1_1-b2_2p8-b3_2p5",1000,3,213,1,1,0,1.029619,0.9162907,1.5,1.8,1,1.3,0.096,326,152,345,177,FALSE,NA,TRUE,NA,0.169566092308441,0.169566092308441,0.169566092308441,0.169566092308441,0.0287526596607549,-0.0810475531583517,0.42032759323335,1,1.07735109579687,0.0477320957968723,0.0477320957968723,0.0477320957968723,0.0022783529691618,0.863203857682258,1.29785517970376,1,0.687184730711146,-0.229105969288854,0.229105969288854,0.229105969288854,0.0524895451637852,0.391215652252054,0.983538509929396,1,1.4681632924626,-0.0318367075374009,0.0318367075374009,0.0318367075374009,0.001013575946822,1.34528351492057,1.54872712036539,1,1.75392050998186,-0.0460794900181409,0.0460794900181409,0.0460794900181409,0.00212331940033195,1.67746519980557,1.86576029562115,1
22,"n1000-b1_1-b2_2p8-b3_2p5",1000,4,214,1,1,0,1.029619,0.9162907,1.5,1.8,1,1.3,0.104,312,163,361,164,FALSE,NA,TRUE,NA,0.210128620678044,0.210128620678044,0.210128620678044,0.210128620678044,0.0441540372280571,-0.0386879270667059,0.464511329318504,1,1.11549056038901,0.085871560389009,0.085871560389009,0.085871560389009,0.00737392488364322,0.89833063592142,1.34139244598803,1,0.702871644667297,-0.213419055332703,0.213419055332703,0.213419055332703,0.0455476931791034,0.403925509603014,1.0027041107199,1,1.52320288468832,0.0232028846883183,0.0232028846883183,0.0232028846883183,0.000538373857859397,1.46976626275753,1.5810451684219,1,1.81932993956043,0.0193299395604289,0.0193299395604289,0.0193299395604289,0.000373646563409836,1.74088009669097,1.88521037077945,1
22,"n1000-b1_1-b2_2p8-b3_2p5",1000,5,215,1,1,0,1.029619,0.9162907,1.5,1.8,1,1.3,0.109,318,183,342,157,FALSE,NA,TRUE,NA,-0.0278213678910308,-0.0278213678910308,0.0278213678910308,0.0278213678910308,0.000774028511328082,-0.2795750163622,0.226622976473061,1,1.14178992635376,0.112170926353764,0.112170926353764,0.112170926353764,0.0125823167190615,0.923521260149741,1.36352800795428,1,0.894128482577378,-0.0221622174226219,0.0221622174226219,0.0221622174226219,0.000491163881087567,0.591541095818348,1.19639986849492,1,1.52773078140753,0.0277307814075252,0.0277307814075252,0.0277307814075252,0.000768996237471943,1.48883813490304,1.59374387427121,1,1.84192483316289,0.041924833162893,0.041924833162893,0.041924833162893,0.00175769163573641,1.77182606826805,1.97829001081695,1
22,"n1000-b1_1-b2_2p8-b3_2p5",1000,6,216,1,1,0,1.029619,0.9162907,1.5,1.8,1,1.3,0.091,327,184,340,149,FALSE,NA,TRUE,NA,-0.0190897145513261,-0.0190897145513261,0.0190897145513261,0.0190897145513261,0.000364417201651112,-0.267377063011963,0.228340570272587,1,0.916605845222999,-0.113013154777001,0.113013154777001,0.113013154777001,0.0127719731526504,0.697969801878256,1.13885943254971,1,0.957281053857107,0.0409903538571075,0.0409903538571075,0.0409903538571075,0.00168020910933089,0.661254881114167,1.25667233940657,1,1.51791422940679,0.0179142294067853,0.0179142294067853,0.0179142294067853,0.000320919615238932,1.4807087720055,1.57529266864317,1,1.78685908108738,-0.0131409189126235,0.0131409189126235,0.0131409189126235,0.000172683749868145,1.75031922192771,1.83197724061881,1
22,"n1000-b1_1-b2_2p8-b3_2p5",1000,7,217,1,1,0,1.029619,0.9162907,1.5,1.8,1,1.3,0.082,323,158,349,170,FALSE,NA,TRUE,NA,0.13612727484212,0.13612727484212,0.13612727484212,0.13612727484212,0.018530634955942,-0.113189781848759,0.385843395935203,1,1.02772100159243,-0.00189799840756977,0.00189799840756977,0.00189799840756977,3.60239795513737e-06,0.817963170257712,1.23941645169571,1,0.740170829945573,-0.176119870054427,0.176119870054427,0.176119870054427,0.0310182086279883,0.440384126832386,1.03180672006223,1,1.52072874279114,0.0207287427911438,0.0207287427911438,0.0207287427911438,0.000429680777701395,1.41183824062383,1.62678655374801,1,1.81310385052061,0.0131038505206118,0.0131038505206118,0.0131038505206118,0.000171710898466538,1.71354981515468,1.90850240059294,1
22,"n1000-b1_1-b2_2p8-b3_2p5",1000,8,218,1,1,0,1.029619,0.9162907,1.5,1.8,1,1.3,0.101,328,187,328,157,FALSE,NA,TRUE,NA,-0.305143173233039,-0.305143173233039,0.305143173233039,0.305143173233039,0.0931123561707284,-0.551078551548378,-0.0600374394208884,0,0.964649018935216,-0.0649699810647841,0.0649699810647841,0.0649699810647841,0.00422109843955841,0.753556665173536,1.18085185936429,1,1.27628137832531,0.359990678325306,0.359990678325306,0.359990678325306,0.129593288481114,0.980838387763984,1.57012859513419,0,1.46287123535397,-0.0371287646460272,0.0371287646460272,0.0371287646460272,0.00137854516414008,1.41721495937844,1.51370940491063,1,1.75722895357262,-0.0427710464273847,0.0427710464273847,0.0427710464273847,0.0018293624124935,1.70985713860832,1.81113642996252,1
22,"n1000-b1_1-b2_2p8-b3_2p5",1000,9,219,1,1,0,1.029619,0.9162907,1.5,1.8,1,1.3,0.089,344,173,327,156,FALSE,NA,TRUE,NA,0.0468802270201212,0.0468802270201212,0.0468802270201212,0.0468802270201212,0.0021977556854581,-0.202778654806592,0.298284829163019,1,1.0686940928015,0.0390750928015016,0.0390750928015016,0.0390750928015016,0.00152686287744596,0.848410403185772,1.29230571481312,1,0.921955246636266,0.00566454663626581,0.00566454663626581,0.00566454663626581,3.20870885944303e-05,0.624807883846126,1.21628360478457,1,1.48424927029389,-0.0157507297061112,0.0157507297061112,0.0157507297061112,0.000248085486274975,1.43836678065894,1.54790069176907,1,1.78223163776745,-0.0177683622325466,0.0177683622325466,0.0177683622325466,0.000315714696426989,1.72096630693315,1.84914736676432,1
22,"n1000-b1_1-b2_2p8-b3_2p5",1000,10,220,1,1,0,1.029619,0.9162907,1.5,1.8,1,1.3,0.105,323,178,322,177,FALSE,NA,TRUE,NA,-0.0809935219883235,-0.0809935219883235,0.0809935219883235,0.0809935219883235,0.00655995060407305,-0.319476779368571,0.155377958731014,1,0.860834585167194,-0.168784414832806,0.168784414832806,0.168784414832806,0.0284881786904528,0.653768986282397,1.06986648485016,1,1.00914215373711,0.0928514537371052,0.0928514537371052,0.0928514537371052,0.00862139246109379,0.713461602232825,1.30630594601778,1,1.53271676986406,0.0327167698640574,0.0327167698640574,0.0327167698640574,0.00107038703033769,1.48122865088509,1.60859009990904,1,1.78803205798323,-0.0119679420167691,0.0119679420167691,0.0119679420167691,0.000143231636116747,1.72592302061947,1.86581708236379,1
23,"n1000-b1_1-b2_2p8-b3_2p5",1000,1,221,1,1,0,1.029619,0.9162907,1.5,1.8,1,1.3,0.1,328,158,340,174,FALSE,NA,TRUE,NA,0.0322280907593827,0.0322280907593827,0.0322280907593827,0.0322280907593827,0.00103864983399501,-0.216896803198625,0.280695610179518,1,0.925108549609943,-0.104510450390057,0.104510450390057,0.104510450390057,0.0109224342407325,0.719291646973509,1.13547994929137,1,0.959633716315103,0.0433430163151027,0.0433430163151027,0.0433430163151027,0.00187861706329126,0.661470405673833,1.25897900959598,1,1.55012710239846,0.0501271023984631,0.0501271023984631,0.0501271023984631,0.002512726394866,1.48178616281431,1.65425855943003,1,1.832610657546,0.0326106575460026,0.0326106575460026,0.0326106575460026,0.00106345498558265,1.78991167349887,1.9200503715608,1
23,"n1000-b1_1-b2_2p8-b3_2p5",1000,2,222,1,1,0,1.029619,0.9162907,1.5,1.8,1,1.3,0.091,341,158,349,152,FALSE,NA,TRUE,NA,0.0127070256630731,0.0127070256630731,0.0127070256630731,0.0127070256630731,0.000161468501201998,-0.245794242128174,0.269771058991587,1,0.962607618157009,-0.0670113818429915,0.0670113818429915,0.0670113818429915,0.00449052529650721,0.751598349598226,1.18323148595724,1,0.965510267794613,0.0492195677946133,0.0492195677946133,0.0492195677946133,0.00242256585388854,0.663795524601854,1.26866795603675,1,1.46091497375162,-0.0390850262483757,0.0390850262483757,0.0390850262483757,0.00152763927683622,1.42185037352051,1.51942147712673,1,1.77870005309219,-0.0212999469078092,0.0212999469078092,0.0212999469078092,0.000453687738275492,1.74557902544828,1.82434205602888,1
23,"n1000-b1_1-b2_2p8-b3_2p5",1000,3,223,1,1,0,1.029619,0.9162907,1.5,1.8,1,1.3,0.099,366,157,314,163,FALSE,NA,TRUE,NA,0.0823275140566871,0.0823275140566871,0.0823275140566871,0.0823275140566871,0.00677781957075402,-0.174136954279108,0.338492469843453,1,1.02191247896947,-0.00770652103052827,0.00770652103052827,0.00770652103052827,5.93904663939745e-05,0.802012574109835,1.24557129208087,1,0.831497445842169,-0.0847932541578308,0.0847932541578308,0.0847932541578308,0.00718989595067449,0.532304509664926,1.14126535710608,1,1.55942975284011,0.0594297528401082,0.0594297528401082,0.0594297528401082,0.00353189552263635,1.48413490017688,1.62977765003485,1,1.85182449531156,0.0518244953115641,0.0518244953115641,0.0518244953115641,0.00268577831429833,1.74986367055331,1.91544647189934,1
23,"n1000-b1_1-b2_2p8-b3_2p5",1000,4,224,1,1,0,1.029619,0.9162907,1.5,1.8,1,1.3,0.097,317,169,355,159,FALSE,NA,TRUE,NA,0.0943395658824288,0.0943395658824288,0.0943395658824288,0.0943395658824288,0.00889995369088512,-0.154329106875811,0.339193644737331,1,0.875405128297454,-0.154213871702546,0.154213871702546,0.154213871702546,0.0237819182254894,0.664156864884027,1.08790053375199,1,0.920443813379116,0.00415311337911606,0.00415311337911606,0.00415311337911606,1.72483507397928e-05,0.623928445480977,1.22074943146726,1,1.5176159900322,0.0176159900322002,0.0176159900322002,0.0176159900322002,0.000310323104814575,1.48200464178868,1.60768458843955,1,1.80922309494935,0.00922309494934703,0.00922309494934703,0.00922309494934703,8.50654804446707e-05,1.76835871444134,1.9535089308214,1
23,"n1000-b1_1-b2_2p8-b3_2p5",1000,5,225,1,1,0,1.029619,0.9162907,1.5,1.8,1,1.3,0.099,305,161,354,180,FALSE,NA,TRUE,NA,0.0634923169931252,0.0634923169931252,0.0634923169931252,0.0634923169931252,0.0040312743171555,-0.175636833869644,0.306310378871749,1,0.992976033162273,-0.0366429668377269,0.0366429668377269,0.0366429668377269,0.00134270701867076,0.785501691790129,1.20688607936684,1,0.860658371131405,-0.0556323288685947,0.0556323288685947,0.0556323288685947,0.00309495601534348,0.569908333578519,1.15018587678222,1,1.52897117229442,0.0289711722944248,0.0289711722944248,0.0289711722944248,0.000839328824113248,1.47238892897213,1.63593655713032,1,1.8637155314035,0.0637155314034983,0.0637155314034983,0.0637155314034983,0.00405966894203018,1.79651178353132,2.0693378957023,1
23,"n1000-b1_1-b2_2p8-b3_2p5",1000,6,226,1,1,0,1.029619,0.9162907,1.5,1.8,1,1.3,0.109,318,176,328,178,FALSE,NA,TRUE,NA,0.0311075359645987,0.0311075359645987,0.0311075359645987,0.0311075359645987,0.000967678793788802,-0.219033204943082,0.279995236105142,1,1.17773056211737,0.148111562117373,0.148111562117373,0.148111562117373,0.0219370348328483,0.966922239532297,1.39700930082106,1,0.859564957060787,-0.0567257429392126,0.0567257429392126,0.0567257429392126,0.00321780991200563,0.561127415657526,1.15831360189272,1,1.50221054599479,0.00221054599479364,0.00221054599479364,0.00221054599479364,4.88651359509822e-06,1.48575328959865,1.57039604589802,1,1.80412817620369,0.00412817620368866,0.00412817620368866,0.00412817620368866,1.70418387687013e-05,1.7782951422283,1.92446480035604,1
23,"n1000-b1_1-b2_2p8-b3_2p5",1000,7,227,1,1,0,1.029619,0.9162907,1.5,1.8,1,1.3,0.102,332,169,319,180,FALSE,NA,TRUE,NA,0.0472419430065985,0.0472419430065985,0.0472419430065985,0.0472419430065985,0.0022318011790387,-0.193644331658101,0.287226614367364,1,0.98622912921544,-0.0433898707845601,0.0433898707845601,0.0433898707845601,0.00188268088670083,0.776074221512601,1.19511911180886,1,0.866407527511174,-0.0498831724888257,0.0498831724888257,0.0498831724888257,0.00248833089754993,0.576907764860012,1.15518761096945,1,1.51921961635453,0.0192196163545253,0.0192196163545253,0.0192196163545253,0.000369393652815136,1.49661075647186,1.57812406517052,1,1.79215228754362,-0.00784771245638316,0.00784771245638316,0.00784771245638316,6.15865907980714e-05,1.7520347409139,1.8294121962683,1
23,"n1000-b1_1-b2_2p8-b3_2p5",1000,8,228,1,1,0,1.029619,0.9162907,1.5,1.8,1,1.3,0.098,355,173,304,168,FALSE,NA,TRUE,NA,0.0635268661964022,0.0635268661964022,0.0635268661964022,0.0635268661964022,0.00403566272873559,-0.177435567208759,0.306813830308894,1,1.06938425160745,0.0397652516074483,0.0397652516074483,0.0397652516074483,0.00158127523540367,0.853715851313686,1.28892990333579,1,0.920227332697719,0.00393663269771882,0.00393663269771882,0.00393663269771882,1.5497076996749e-05,0.62513590063944,1.21274401285847,1,1.52013971535318,0.0201397153531764,0.0201397153531764,0.0201397153531764,0.000405608134506968,1.49435813478194,1.54814089415262,1,1.78388944224022,-0.0161105577597778,0.0161105577597778,0.0161105577597778,0.000259550071331136,1.760760343162,1.8136286676112,1
23,"n1000-b1_1-b2_2p8-b3_2p5",1000,9,229,1,1,0,1.029619,0.9162907,1.5,1.8,1,1.3,0.088,346,155,336,163,FALSE,NA,TRUE,NA,-0.00514547277887208,-0.00514547277887208,0.00514547277887208,0.00514547277887208,2.64758901181135e-05,-0.262271641954573,0.246916862509965,1,1.01858528666662,-0.0110337133333827,0.0110337133333827,0.0110337133333827,0.000121742829923266,0.81114765180535,1.23719756139117,1,0.888270262814468,-0.0280204371855319,0.0280204371855319,0.0280204371855319,0.000785144900068341,0.590147478098859,1.18913188730088,1,1.5348851073394,0.0348851073393954,0.0348851073393954,0.0348851073393954,0.00121697071408114,1.49742929212683,1.62300776863291,1,1.81195584153164,0.0119558415316388,0.0119558415316388,0.0119558415316388,0.000142942146729658,1.78740088834568,1.85067258886091,1
23,"n1000-b1_1-b2_2p8-b3_2p5",1000,10,230,1,1,0,1.029619,0.9162907,1.5,1.8,1,1.3,0.088,370,146,329,155,FALSE,NA,TRUE,NA,-0.0172456510172016,-0.0172456510172016,0.0172456510172016,0.0172456510172016,0.000297412479007105,-0.271380913303449,0.24106110671204,1,1.05965720059163,0.0300382005916311,0.0300382005916311,0.0300382005916311,0.000902293494783066,0.839136884478082,1.28029953852991,1,0.757234886815432,-0.159055813184568,0.159055813184568,0.159055813184568,0.0252987517078043,0.453810833788447,1.05825080898979,1,1.47663307054499,-0.0233669294550116,0.0233669294550116,0.0233669294550116,0.00054601339215549,1.40852260949781,1.55340657265499,1,1.80658816105619,0.00658816105619442,0.00658816105619442,0.00658816105619442,4.34038661023568e-05,1.72669157371241,1.93567837973367,1
24,"n1000-b1_1-b2_2p8-b3_2p5",1000,1,231,1,1,0,1.029619,0.9162907,1.5,1.8,1,1.3,0.091,324,161,338,177,FALSE,NA,TRUE,NA,-0.0419835247560357,-0.0419835247560357,0.0419835247560357,0.0419835247560357,0.00176261635094066,-0.290539880955811,0.203725300519706,1,1.01689766086088,-0.0127213391391203,0.0127213391391203,0.0127213391391203,0.000161832469492515,0.80833724014044,1.2285421775257,1,1.00560644467729,0.0893157446772941,0.0893157446772941,0.0893157446772941,0.00797730224725959,0.708987466221707,1.29996635375034,1,1.50601501466971,0.00601501466971399,0.00601501466971399,0.00601501466971399,3.61804014768745e-05,1.46179256118429,1.59423324985047,1,1.82396213994937,0.0239621399493728,0.0239621399493728,0.0239621399493728,0.000574184150953328,1.77416691243679,1.89346380217072,1
24,"n1000-b1_1-b2_2p8-b3_2p5",1000,2,232,1,1,0,1.029619,0.9162907,1.5,1.8,1,1.3,0.091,352,160,333,155,FALSE,NA,TRUE,NA,-0.0570724610318472,-0.0570724610318472,0.0570724610318472,0.0570724610318472,0.00325726580823172,-0.312852376072812,0.196798462119603,1,0.856747746577442,-0.172871253422558,0.172871253422558,0.172871253422558,0.0298844702598861,0.644091217382137,1.07571559410641,1,1.06395004923587,0.147659349235866,0.147659349235866,0.147659349235866,0.0218032834167593,0.760494136783836,1.36763124671464,1,1.51418729578071,0.0141872957807074,0.0141872957807074,0.0141872957807074,0.000201279361569279,1.48013177356741,1.5641215909131,1,1.80148807212733,0.00148807212732649,0.00148807212732649,0.00148807212732649,2.21435865612598e-06,1.74877005366415,1.90012088713646,1
24,"n1000-b1_1-b2_2p8-b3_2p5",1000,3,233,1,1,0,1.029619,0.9162907,1.5,1.8,1,1.3,0.083,350,153,316,181,FALSE,NA,TRUE,NA,-0.00426021125648573,-0.00426021125648573,0.00426021125648573,0.00426021125648573,1.81493999498878e-05,-0.248854511278387,0.234053395943039,1,0.996779583434386,-0.0328394165656136,0.0328394165656136,0.0328394165656136,0.0010784272803699,0.792819149678647,1.20563923029071,1,0.978079956039787,0.0617892560397875,0.0617892560397875,0.0617892560397875,0.00381791216195041,0.68847047487939,1.27354853439593,1,1.49344493327801,-0.00655506672199446,0.00655506672199446,0.00655506672199446,4.29688997297992e-05,1.42719681502224,1.58708888620568,1,1.77250336300445,-0.0274966369955538,0.0274966369955538,0.0274966369955538,0.000756065046065259,1.63148771635408,1.85034270835027,1
24,"n1000-b1_1-b2_2p8-b3_2p5",1000,4,234,1,1,0,1.029619,0.9162907,1.5,1.8,1,1.3,0.078,330,182,320,168,FALSE,NA,TRUE,NA,0.0803359421510514,0.0803359421510514,0.0803359421510514,0.0803359421510514,0.00645386360129708,-0.156440508083666,0.316465031779936,1,1.10261689250825,0.0729978925082468,0.0729978925082468,0.0729978925082468,0.00532869231064556,0.891913143383433,1.31828274229971,1,0.721264450020228,-0.195026249979772,0.195026249979772,0.195026249979772,0.0380352381811726,0.432722013307318,1.00889429838694,1,1.51037053741221,0.0103705374122083,0.0103705374122083,0.0103705374122083,0.000107548046218012,1.45352154759408,1.64054662689584,1,1.7715112117108,-0.0284887882891964,0.0284887882891964,0.0284887882891964,0.000811611058186656,1.72055204178229,1.86239567723878,1
24,"n1000-b1_1-b2_2p8-b3_2p5",1000,5,235,1,1,0,1.029619,0.9162907,1.5,1.8,1,1.3,0.084,316,168,341,175,FALSE,NA,TRUE,NA,-0.0112032561594312,-0.0112032561594312,0.0112032561594312,0.0112032561594312,0.000125512948573834,-0.253585792477171,0.229288532705728,1,0.970910993522035,-0.0587080064779647,0.0587080064779647,0.0587080064779647,0.00344663002461675,0.76287214098171,1.18071766004332,1,0.869134093168137,-0.0471566068318632,0.0471566068318632,0.0471566068318632,0.00222374556789493,0.576725211391856,1.1615294537702,1,1.49271208507002,-0.00728791492998382,0.00728791492998382,0.00728791492998382,5.3113704026681e-05,1.42327525675107,1.6132770288357,1,1.88106215452077,0.0810621545207733,0.0810621545207733,0.0810621545207733,0.00657107289554972,1.78148613682575,2.0881892780741,1
24,"n1000-b1_1-b2_2p8-b3_2p5",1000,6,236,1,1,0,1.029619,0.9162907,1.5,1.8,1,1.3,0.086,362,164,314,160,FALSE,NA,TRUE,NA,0.228258522104512,0.228258522104512,0.228258522104512,0.228258522104512,0.052101952913336,-0.0251944450868829,0.477954236765242,1,1.29224388743822,0.262624887438224,0.262624887438224,0.262624887438224,0.0689718315019397,1.06917273604581,1.51781157740974,0,0.65066831244763,-0.26562238755237,0.26562238755237,0.26562238755237,0.0705552527690213,0.353935580038655,0.951366969411466,1,1.53316271656134,0.0331627165613375,0.0331627165613375,0.0331627165613375,0.00109976576972761,1.4288565857243,1.62376329904498,1,1.81896262859023,0.0189626285902287,0.0189626285902287,0.0189626285902287,0.000359581283050958,1.7665913801777,1.86875443440693,1
24,"n1000-b1_1-b2_2p8-b3_2p5",1000,7,237,1,1,0,1.029619,0.9162907,1.5,1.8,1,1.3,0.112,345,173,320,162,FALSE,NA,TRUE,NA,0.0203463737970836,0.0203463737970836,0.0203463737970836,0.0203463737970836,0.000413974926690651,-0.229156570993774,0.267088608412187,1,1.02833078817182,-0.00128821182818317,0.00128821182818317,0.00128821182818317,1.65948971427103e-06,0.805115461686524,1.25622119680347,1,0.960132669959182,0.0438419699591821,0.0438419699591821,0.0438419699591821,0.00192211832990183,0.660003294894493,1.25854622369793,1,1.50965582381471,0.00965582381470909,0.00965582381470909,0.00965582381470909,9.32349335407031e-05,1.47015554274768,1.57036420922617,1,1.80101853103403,0.00101853103403227,0.00101853103403227,0.00101853103403227,1.03740546728684e-06,1.74933381267495,1.8736417665528,1
24,"n1000-b1_1-b2_2p8-b3_2p5",1000,8,238,1,1,0,1.029619,0.9162907,1.5,1.8,1,1.3,0.1,352,181,312,155,FALSE,NA,TRUE,NA,-0.022253007162968,-0.022253007162968,0.022253007162968,0.022253007162968,0.000495196327795104,-0.271756514329072,0.222280129822256,1,0.975812589628312,-0.0538064103716878,0.0538064103716878,0.0538064103716878,0.00289512979708647,0.751486516561328,1.20452644112173,1,1.05569437639061,0.139403676390605,0.139403676390605,0.139403676390605,0.0194333849912166,0.757211358351347,1.35326915405692,1,1.53354916480649,0.033549164806489,0.033549164806489,0.033549164806489,0.00112554645921296,1.43676703759851,1.62431534159967,1,1.81073083084677,0.010730830846774,0.010730830846774,0.010730830846774,0.000115150730662075,1.75169100986577,1.86976454177478,1
24,"n1000-b1_1-b2_2p8-b3_2p5",1000,9,239,1,1,0,1.029619,0.9162907,1.5,1.8,1,1.3,0.094,343,165,334,158,FALSE,NA,TRUE,NA,0.0282262556497803,0.0282262556497803,0.0282262556497803,0.0282262556497803,0.000796721508006755,-0.223293344153291,0.281254956907521,1,1.06351013258465,0.0338911325846529,0.0338911325846529,0.0338911325846529,0.00114860886787052,0.846418632578281,1.28656681041605,1,0.964544546541892,0.0482538465418917,0.0482538465418917,0.0482538465418917,0.00232843370608843,0.665198979790765,1.26517270187977,1,1.53236227397898,0.0323622739789802,0.0323622739789802,0.0323622739789802,0.00104731677709058,1.44119605431676,1.717818479196,1,1.78733697115295,-0.0126630288470491,0.0126630288470491,0.0126630288470491,0.000160352299581197,1.69902601006718,1.95024473579113,1
24,"n1000-b1_1-b2_2p8-b3_2p5",1000,10,240,1,1,0,1.029619,0.9162907,1.5,1.8,1,1.3,0.086,331,151,344,174,FALSE,NA,TRUE,NA,-0.0973569591869768,-0.0973569591869768,0.0973569591869768,0.0973569591869768,0.00947837750213467,-0.346960779218397,0.148964911150403,1,0.965866197521835,-0.0637528024781655,0.0637528024781655,0.0637528024781655,0.00406441982381999,0.757779327601701,1.17198008381962,1,0.977515527248865,0.0612248272488654,0.0612248272488654,0.0612248272488654,0.00374847947165341,0.68414912045942,1.27484694905932,1,1.47017700872639,-0.0298229912736052,0.0298229912736052,0.0298229912736052,0.000889410808505533,1.44297378109471,1.52148992568364,1,1.74485383389231,-0.0551461661076946,0.0551461661076946,0.0551461661076946,0.00304109963637745,1.69037078762779,1.80426895612202,1
25,"n1000-b1_1-b2_2p8-b3_2p5",1000,1,241,1,1,0,1.029619,0.9162907,1.5,1.8,1,1.3,0.104,297,179,350,174,FALSE,NA,TRUE,NA,-0.0152285313398223,-0.0152285313398223,0.0152285313398223,0.0152285313398223,0.00023190816676795,-0.256658926600904,0.222706066988357,1,1.18002090916829,0.15040190916829,0.15040190916829,0.15040190916829,0.0226207342814667,0.971027464264796,1.39330420129452,1,0.932021369854249,0.0157306698542494,0.0157306698542494,0.0157306698542494,0.000247453974063392,0.639821114929295,1.22731458391063,1,1.56321214617382,0.0632121461738182,0.0632121461738182,0.0632121461738182,0.00399577542390016,1.51054543087029,1.60915751333615,0,1.87590782441423,0.0759078244142268,0.0759078244142268,0.0759078244142268,0.00576199780730109,1.85236162521972,1.91694147425983,0
25,"n1000-b1_1-b2_2p8-b3_2p5",1000,2,242,1,1,0,1.029619,0.9162907,1.5,1.8,1,1.3,0.094,372,185,292,151,FALSE,NA,TRUE,NA,0.0933680567509522,0.0933680567509522,0.0933680567509522,0.0933680567509522,0.00871759402144904,-0.154843517026894,0.339086965209919,1,1.1307327702374,0.101113770237401,0.101113770237401,0.101113770237401,0.0102239945316219,0.906163727373482,1.35890495429839,1,0.897873364188102,-0.0184173358118976,0.0184173358118976,0.0184173358118976,0.000339198258408207,0.600292559811301,1.19376203447344,1,1.46403711275558,-0.035962887244424,0.035962887244424,0.035962887244424,0.00129332925895515,1.40083099965231,1.53516413219768,1,1.85873002326389,0.0587300232638945,0.0587300232638945,0.0587300232638945,0.00344921563257759,1.7882480450731,1.93147944364852,1
25,"n1000-b1_1-b2_2p8-b3_2p5",1000,3,243,1,1,0,1.029619,0.9162907,1.5,1.8,1,1.3,0.096,373,159,314,154,FALSE,NA,TRUE,NA,0.0775938624497927,0.0775938624497927,0.0775938624497927,0.0775938624497927,0.00602080748987735,-0.180730726546335,0.335686270311501,1,1.01701385024339,-0.0126051497566104,0.0126051497566104,0.0126051497566104,0.000158889800386576,0.797113735179787,1.24218668929577,1,0.885913250427247,-0.0303774495727527,0.0303774495727527,0.0303774495727527,0.000922789442545132,0.581167410975658,1.19114495644641,1,1.51286208141842,0.0128620814184206,0.0128620814184206,0.0128620814184206,0.000165433138414081,1.4653826850801,1.54970165044966,1,1.81324507733055,0.0132450773305495,0.0132450773305495,0.0132450773305495,0.000175432073492235,1.67664950061463,1.88305048914037,1
25,"n1000-b1_1-b2_2p8-b3_2p5",1000,4,244,1,1,0,1.029619,0.9162907,1.5,1.8,1,1.3,0.088,328,172,335,165,FALSE,NA,TRUE,NA,0.0279302454672584,0.0279302454672584,0.0279302454672584,0.0279302454672584,0.000780098611861309,-0.211744586352324,0.268735003066481,1,1.12058440059285,0.0909654005928477,0.0909654005928477,0.0909654005928477,0.00827470410501726,0.9086830127579,1.33852192503498,1,0.75471722885204,-0.16157347114796,0.16157347114796,0.16157347114796,0.0261059865788007,0.466865229880021,1.04568035483786,1,1.56851854324462,0.0685185432446198,0.0685185432446198,0.0685185432446198,0.00469479076836484,1.486296683993,1.68604262259893,1,1.82011973041846,0.0201197304184608,0.0201197304184608,0.0201197304184608,0.000404803552111538,1.75449040275478,1.94063637805539,1
25,"n1000-b1_1-b2_2p8-b3_2p5",1000,5,245,1,1,0,1.029619,0.9162907,1.5,1.8,1,1.3,0.087,361,164,345,130,FALSE,NA,TRUE,NA,0.141021991536621,0.141021991536621,0.141021991536621,0.141021991536621,0.0198872020969547,-0.122295275817565,0.407938596839904,1,1.13341789469095,0.103798894690952,0.103798894690952,0.103798894690952,0.0107742105390634,0.894191203294822,1.3745599666819,1,0.691336239019428,-0.224954460980572,0.224954460980572,0.224954460980572,0.0506045095150596,0.37974277591623,0.996863939340251,1,1.49062926491355,-0.00937073508644626,0.00937073508644626,0.00937073508644626,8.7810676060355e-05,1.43579980191759,1.54140361627993,1,1.80947008605293,0.00947008605292554,0.00947008605292554,0.00947008605292554,8.96825298498149e-05,1.77375568730888,1.86231368353496,1
25,"n1000-b1_1-b2_2p8-b3_2p5",1000,6,246,1,1,0,1.029619,0.9162907,1.5,1.8,1,1.3,0.098,349,174,312,165,FALSE,NA,TRUE,NA,0.225216007981027,0.225216007981027,0.225216007981027,0.225216007981027,0.0507222502509101,-0.0232030218850175,0.472473893212511,1,1.17861518267397,0.148996182673967,0.148996182673967,0.148996182673967,0.0221998624514141,0.958560252490217,1.40357718035779,1,0.713510379183192,-0.202780320816808,0.202780320816808,0.202780320816808,0.0411198585105675,0.415401951838446,1.00877923386145,1,1.48566499089367,-0.0143350091063279,0.0143350091063279,0.0143350091063279,0.000205492486078504,1.44329359145574,1.53593500942001,1,1.75773687245697,-0.042263127543035,0.042263127543035,0.042263127543035,0.00178617194971884,1.72351862486882,1.7938865745748,0
25,"n1000-b1_1-b2_2p8-b3_2p5",1000,7,247,1,1,0,1.029619,0.9162907,1.5,1.8,1,1.3,0.087,331,165,333,171,FALSE,NA,TRUE,NA,-0.182252310409892,-0.182252310409892,0.182252310409892,0.182252310409892,0.0332159046497436,-0.426096533070292,0.0600553173115435,1,0.930860126382682,-0.0987588736173177,0.0987588736173177,0.0987588736173177,0.00975331511816134,0.723994640834882,1.14164379955342,1,0.95549275262054,0.0392020526205404,0.0392020526205404,0.0392020526205404,0.00153680092966362,0.666848052622595,1.25075578094206,1,1.50782374346644,0.00782374346644077,0.00782374346644077,0.00782374346644077,6.12109618286746e-05,1.4584413745285,1.57977729162973,1,1.8881941204266,0.0881941204266012,0.0881941204266012,0.0881941204266012,0.00777820287782184,1.79554237682684,1.9940817061,1
25,"n1000-b1_1-b2_2p8-b3_2p5",1000,8,248,1,1,0,1.029619,0.9162907,1.5,1.8,1,1.3,0.102,325,195,334,146,FALSE,NA,TRUE,NA,0.0726595695979537,0.0726595695979537,0.0726595695979537,0.0726595695979537,0.00527941305415989,-0.181710854091032,0.327021856814919,1,1.12398278117204,0.0943637811720437,0.0943637811720437,0.0943637811720437,0.00890452319708535,0.900037239955126,1.35710202964083,1,0.890598424339601,-0.0256922756603988,0.0256922756603988,0.0256922756603988,0.000660093028609919,0.58704985563099,1.18551660898012,1,1.50452547538768,0.00452547538768466,0.00452547538768466,0.00452547538768466,2.04799274845397e-05,1.46886888230807,1.6032086326024,1,1.79690248126188,-0.0030975187381197,0.0030975187381197,0.0030975187381197,9.59462233300264e-06,1.76496844996644,1.86526832332333,1
25,"n1000-b1_1-b2_2p8-b3_2p5",1000,9,249,1,1,0,1.029619,0.9162907,1.5,1.8,1,1.3,0.114,301,192,326,181,FALSE,NA,TRUE,NA,-0.109011083751653,-0.109011083751653,0.109011083751653,0.109011083751653,0.01188341638071,-0.34273463020202,0.123364011658282,1,1.04306166541032,0.0134426654103248,0.0134426654103248,0.0134426654103248,0.000180705253333943,0.83722896264527,1.25803475497836,1,0.996214354657151,0.0799236546571512,0.0799236546571512,0.0799236546571512,0.00638779057375557,0.707008204562356,1.2831224867871,1,1.53904190273601,0.0390419027360072,0.0390419027360072,0.0390419027360072,0.00152427016924784,1.50225352621775,1.6029470734504,0,1.89145260538594,0.091452605385939,0.091452605385939,0.091452605385939,0.00836357903187628,1.8112386898767,1.97488322407697,0
25,"n1000-b1_1-b2_2p8-b3_2p5",1000,10,250,1,1,0,1.029619,0.9162907,1.5,1.8,1,1.3,0.09,338,187,313,162,FALSE,NA,TRUE,NA,-0.13583567202936,-0.13583567202936,0.13583567202936,0.13583567202936,0.0184513297956678,-0.375249451950208,0.105926964195565,1,0.981447004423421,-0.0481719955765795,0.0481719955765795,0.0481719955765795,0.00232054115782999,0.771188967005151,1.19857442006266,1,0.972030198639456,0.0557394986394556,0.0557394986394556,0.0557394986394556,0.00310689170857787,0.683985842114686,1.26348560025853,1,1.51524084958174,0.015240849581744,0.015240849581744,0.015240849581744,0.000232283495973346,1.4801360925836,1.56499597004379,1,1.81668080411042,0.0166808041104218,0.0166808041104218,0.0166808041104218,0.000278249225770266,1.71179092872656,1.87849271194387,1
26,"n1000-b1_1-b2_2p8-b3_2p5",1000,1,251,1,1,0,1.029619,0.9162907,1.5,1.8,1,1.3,0.077,353,163,328,156,FALSE,NA,TRUE,NA,-0.107318658164161,-0.107318658164161,0.107318658164161,0.107318658164161,0.0115172943901561,-0.356506894136058,0.141646646657484,1,1.05420797199301,0.0245889719930095,0.0245889719930095,0.0245889719930095,0.000604617543673004,0.836923154541281,1.27399890904776,1,1.12018270166199,0.203892001661986,0.203892001661986,0.203892001661986,0.0415719483417313,0.823210558503369,1.42012405691314,1,1.50049946879518,0.000499468795179148,0.000499468795179148,0.000499468795179148,2.49469077357709e-07,1.46566162601408,1.56630563636296,1,1.80486544022495,0.00486544022495083,0.00486544022495083,0.00486544022495083,2.36725085825696e-05,1.76887082475505,1.84701171424071,1
26,"n1000-b1_1-b2_2p8-b3_2p5",1000,2,252,1,1,0,1.029619,0.9162907,1.5,1.8,1,1.3,0.103,328,174,326,172,FALSE,NA,TRUE,NA,0.0727552688257402,0.0727552688257402,0.0727552688257402,0.0727552688257402,0.00529332914190573,-0.170224048661003,0.315014103695333,1,0.967823004872198,-0.0617959951278021,0.0617959951278021,0.0617959951278021,0.00381874501383534,0.759567018905249,1.17749228874415,1,0.973642072178141,0.0573513721781408,0.0573513721781408,0.0573513721781408,0.00328917989071562,0.677207963261477,1.26807872081036,1,1.50239583253221,0.00239583253220887,0.00239583253220887,0.00239583253220887,5.74001352239039e-06,1.47305111865047,1.59466233997806,1,1.79913045443366,-0.000869545566342556,0.000869545566342556,0.000869545566342556,7.56109491945996e-07,1.75124818654251,1.88061240317515,1
26,"n1000-b1_1-b2_2p8-b3_2p5",1000,3,253,1,1,0,1.029619,0.9162907,1.5,1.8,1,1.3,0.098,334,172,327,167,FALSE,NA,TRUE,NA,0.0995683716770281,0.0995683716770281,0.0995683716770281,0.0995683716770281,0.00991386063841481,-0.147566526145407,0.340060451096128,1,0.961872074619944,-0.067746925380056,0.067746925380056,0.067746925380056,0.00458964589845088,0.747458574239595,1.18187192521491,1,0.71085030144592,-0.20544039855408,0.20544039855408,0.20544039855408,0.0422057573580592,0.420347984672921,1.00556250256182,1,1.46387519750614,-0.0361248024938587,0.0361248024938587,0.0361248024938587,0.0013050013552203,1.42210646594633,1.54703666568675,1,1.78136357893347,-0.0186364210665315,0.0186364210665315,0.0186364210665315,0.00034731619016906,1.74151531058531,1.84801053409969,1
26,"n1000-b1_1-b2_2p8-b3_2p5",1000,4,254,1,1,0,1.029619,0.9162907,1.5,1.8,1,1.3,0.082,318,151,350,181,FALSE,NA,TRUE,NA,0.12562294881595,0.12562294881595,0.12562294881595,0.12562294881595,0.0157811252692148,-0.122420696315093,0.371755647083552,1,1.02689925654957,-0.0027197434504298,0.0027197434504298,0.0027197434504298,7.3970044361558e-06,0.820411169749467,1.23425920712269,1,0.754700048987431,-0.161590651012569,0.161590651012569,0.161590651012569,0.0261115384946659,0.461939901012861,1.04800312617284,1,1.48064047284815,-0.0193595271518461,0.0193595271518461,0.0193595271518461,0.000374791291543066,1.44407460279488,1.54640559593556,1,1.76344131243643,-0.0365586875635717,0.0365586875635717,0.0365586875635717,0.00133653763637085,1.68641166718411,1.87940200806976,1
26,"n1000-b1_1-b2_2p8-b3_2p5",1000,5,255,1,1,0,1.029619,0.9162907,1.5,1.8,1,1.3,0.101,328,180,320,172,FALSE,NA,TRUE,NA,0.0477620607033009,0.0477620607033009,0.0477620607033009,0.0477620607033009,0.0022812144426258,-0.192633132421235,0.28665659043614,1,1.11126870902043,0.0816497090204271,0.0816497090204271,0.0816497090204271,0.00666667498312042,0.89618757317133,1.33093978455261,1,0.705076289539819,-0.211214410460181,0.211214410460181,0.211214410460181,0.0446115271860417,0.414381890043776,1.00058465423906,1,1.58242515546804,0.0824251554680377,0.0824251554680377,0.0824251554680377,0.00679390625393019,1.48803050934216,1.70730840974743,1,1.81254492410196,0.0125449241019611,0.0125449241019611,0.0125449241019611,0.000157375120723964,1.76375887610849,1.88632052236116,1
26,"n1000-b1_1-b2_2p8-b3_2p5",1000,6,256,1,1,0,1.029619,0.9162907,1.5,1.8,1,1.3,0.108,345,186,312,157,FALSE,NA,TRUE,NA,0.0736885055057226,0.0736885055057226,0.0736885055057226,0.0736885055057226,0.0054299958436669,-0.174004112458683,0.322362556406518,1,1.10255985133726,0.0729408513372578,0.0729408513372578,0.0729408513372578,0.00532036779380394,0.877471854013024,1.3284720081689,1,0.977798189251396,0.0615074892513964,0.0615074892513964,0.0615074892513964,0.00378317123401064,0.675078216408822,1.27854014816651,1,1.59118843593162,0.0911884359316215,0.0911884359316215,0.0911884359316215,0.00831533084765544,1.50760188066522,1.69769498105852,0,1.85962382000883,0.0596238200088257,0.0596238200088257,0.0596238200088257,0.00355499991244485,1.78421560101949,1.98128835521779,1
26,"n1000-b1_1-b2_2p8-b3_2p5",1000,7,257,1,1,0,1.029619,0.9162907,1.5,1.8,1,1.3,0.094,330,180,335,155,FALSE,NA,TRUE,NA,0.411472763717441,0.411472763717441,0.411472763717441,0.411472763717441,0.169309835281269,0.156748224383574,0.672531324591708,0,1.41984399501485,0.390224995014851,0.390224995014851,0.390224995014851,0.152275546734341,1.18361775880673,1.66665874580839,0,0.471682337223233,-0.444608362776767,0.444608362776767,0.444608362776767,0.197676596251037,0.169558919274222,0.771395565648262,0,1.47126319608975,-0.028736803910246,0.028736803910246,0.028736803910246,0.000825803898975931,1.41791009774665,1.57526734639497,1,1.84777221660881,0.0477722166088081,0.0477722166088081,0.0477722166088081,0.00228218467971889,1.79312594712179,1.91893116376699,1
26,"n1000-b1_1-b2_2p8-b3_2p5",1000,8,258,1,1,0,1.029619,0.9162907,1.5,1.8,1,1.3,0.097,330,167,342,161,FALSE,NA,TRUE,NA,-0.13796905122746,-0.13796905122746,0.13796905122746,0.13796905122746,0.0190354590966056,-0.390195745776069,0.112620192927386,1,0.878883214957683,-0.150735785042317,0.150735785042317,0.150735785042317,0.0227212768923236,0.665429250253374,1.0968914653696,1,1.27087866632181,0.354587966321808,0.354587966321808,0.354587966321808,0.125732625860236,0.964338380102709,1.57495607759802,0,1.5335069256987,0.0335069256987015,0.0335069256987015,0.0335069256987015,0.0011227140697783,1.49073241848457,1.62071212067902,1,1.85622320835093,0.056223208350928,0.056223208350928,0.056223208350928,0.00316104915727186,1.78611058806354,1.97097822590153,1
26,"n1000-b1_1-b2_2p8-b3_2p5",1000,9,259,1,1,0,1.029619,0.9162907,1.5,1.8,1,1.3,0.091,327,150,358,165,FALSE,NA,TRUE,NA,0.30784851347614,0.30784851347614,0.30784851347614,0.30784851347614,0.094770707249469,0.0534066516279561,0.559994278619912,0,1.0989283448704,0.0693093448703961,0.0693093448703961,0.0693093448703961,0.0048037852863635,0.880482230851726,1.32100700217005,1,0.64432947110875,-0.27196122889125,0.27196122889125,0.27196122889125,0.0739629100200387,0.340955131127556,0.949627484499541,1,1.55242605839803,0.0524260583980323,0.0524260583980323,0.0524260583980323,0.00274849159915389,1.47757409230068,1.61828641928204,1,1.78582932581189,-0.0141706741881125,0.0141706741881125,0.0141706741881125,0.000200808006945637,1.70769771430278,1.87567688580623,1
26,"n1000-b1_1-b2_2p8-b3_2p5",1000,10,260,1,1,0,1.029619,0.9162907,1.5,1.8,1,1.3,0.098,332,178,327,163,FALSE,NA,TRUE,NA,-0.15445572784942,-0.15445572784942,0.15445572784942,0.15445572784942,0.0238565718654941,-0.394048162786413,0.0863368164761855,1,1.03548400195855,0.00586500195855,0.00586500195855,0.00586500195855,3.43982479737953e-05,0.82491498167031,1.25229078848388,1,0.968145109188007,0.0518544091880072,0.0518544091880072,0.0518544091880072,0.00268887975223729,0.677158073337636,1.25907197143763,1,1.52599727559217,0.0259972755921654,0.0259972755921654,0.0259972755921654,0.000675858338214997,1.48213487076488,1.59435830555175,1,1.83216513570673,0.0321651357067267,0.0321651357067267,0.0321651357067267,0.00103459595503215,1.79114959197964,1.89529581201591,1
27,"n1000-b1_1-b2_2p8-b3_2p5",1000,1,261,1,1,0,1.029619,0.9162907,1.5,1.8,1,1.3,0.083,342,156,338,164,FALSE,NA,TRUE,NA,0.16514799637485,0.16514799637485,0.16514799637485,0.16514799637485,0.0272738607066273,-0.0859062867592834,0.408235734271765,1,1.14672846905675,0.11710946905675,0.11710946905675,0.11710946905675,0.0137146277427538,0.935349707588766,1.36295497264703,1,0.669946492316264,-0.246344207683736,0.246344207683736,0.246344207683736,0.0606854686593277,0.377857094155644,0.964412827869798,1,1.55787976550403,0.0578797655040266,0.0578797655040266,0.0578797655040266,0.00335006725480111,1.48417157373771,1.7328562784675,1,1.84638460143252,0.0463846014325182,0.0463846014325182,0.0463846014325182,0.00215153125005357,1.75896699537061,1.99791649223742,1
27,"n1000-b1_1-b2_2p8-b3_2p5",1000,2,262,1,1,0,1.029619,0.9162907,1.5,1.8,1,1.3,0.086,344,174,333,149,FALSE,NA,TRUE,NA,-0.0492980663078118,-0.0492980663078118,0.0492980663078118,0.0492980663078118,0.00243029934168941,-0.29720909826833,0.196847773906533,1,1.01685447596667,-0.0127645240333305,0.0127645240333305,0.0127645240333305,0.000162933073797472,0.799199896810673,1.23534593288236,1,1.00311590132942,0.086825201329416,0.086825201329416,0.086825201329416,0.00753861558589361,0.706426760215528,1.29920233385086,1,1.49988458731702,-0.000115412682983207,0.000115412682983207,0.000115412682983207,1.33200873933822e-08,1.46213945542261,1.5385281904616,1,1.79325502573462,-0.00674497426537535,0.00674497426537535,0.00674497426537535,4.54946778405757e-05,1.74977944632254,1.84641551790975,1
27,"n1000-b1_1-b2_2p8-b3_2p5",1000,3,263,1,1,0,1.029619,0.9162907,1.5,1.8,1,1.3,0.084,331,165,334,170,FALSE,NA,TRUE,NA,-0.0740263114977033,-0.0740263114977033,0.0740263114977033,0.0740263114977033,0.00547989479395501,-0.321145674042498,0.175519801750108,1,0.939448342522812,-0.0901706574771879,0.0901706574771879,0.0901706574771879,0.00813074746986834,0.728497630230542,1.14952853285121,1,1.14566589140688,0.229375191406881,0.229375191406881,0.229375191406881,0.0526129784329432,0.847332931457537,1.44040055419391,1,1.45555160265946,-0.0444483973405434,0.0444483973405434,0.0444483973405434,0.00197566002614283,1.345858849814,1.53599975287755,1,1.77923691921636,-0.0207630807836432,0.0207630807836432,0.0207630807836432,0.000431105523628093,1.68437182867281,1.87586039785485,1
27,"n1000-b1_1-b2_2p8-b3_2p5",1000,4,264,1,1,0,1.029619,0.9162907,1.5,1.8,1,1.3,0.097,323,157,343,177,FALSE,NA,TRUE,NA,0.159232176876914,0.159232176876914,0.159232176876914,0.159232176876914,0.0253548861529609,-0.0895006813421841,0.407908594197179,1,0.963793422596214,-0.0658255774037861,0.0658255774037861,0.0658255774037861,0.00433300664054184,0.752900432010601,1.17882966403487,1,0.827871908273399,-0.0884187917266015,0.0884187917266015,0.0884187917266015,0.00781788273039213,0.532985824391851,1.12854416412943,1,1.50525799586902,0.00525799586901932,0.00525799586901932,0.00525799586901932,2.76465205586242e-05,1.46931388339479,1.5550903351066,1,1.80260837438206,0.00260837438205841,0.00260837438205841,0.00260837438205841,6.80361691697859e-06,1.75990305345765,1.8431897061426,1
27,"n1000-b1_1-b2_2p8-b3_2p5",1000,5,265,1,1,0,1.029619,0.9162907,1.5,1.8,1,1.3,0.126,318,187,316,179,FALSE,NA,TRUE,NA,-0.150434717114461,-0.150434717114461,0.150434717114461,0.150434717114461,0.0226306041133081,-0.394970871574539,0.0940519183347707,1,0.887324973188739,-0.142294026811261,0.142294026811261,0.142294026811261,0.0202475900661638,0.678126851383458,1.10196300742787,1,1.20511851335186,0.288827813351863,0.288827813351863,0.288827813351863,0.0834215057656188,0.905208576438301,1.50469566291238,1,1.51240423317777,0.0124042331777661,0.0124042331777661,0.0124042331777661,0.000153865000728392,1.46735871199075,1.55136289465976,1,1.81875027232158,0.0187502723215827,0.0187502723215827,0.0187502723215827,0.000351572712133509,1.77131643090109,1.88180843309091,1
27,"n1000-b1_1-b2_2p8-b3_2p5",1000,6,266,1,1,0,1.029619,0.9162907,1.5,1.8,1,1.3,0.1,325,156,359,160,FALSE,NA,TRUE,NA,0.0768051690878485,0.0768051690878485,0.0768051690878485,0.0768051690878485,0.005899033998613,-0.186311768303318,0.340499661623817,1,1.30400209059771,0.274383090597712,0.274383090597712,0.274383090597712,0.0752860804059521,1.0791688244127,1.53411792282131,0,0.7721961552461,-0.1440945447539,0.1440945447539,0.1440945447539,0.0207632378278336,0.463082644612699,1.07722765661573,1,1.48355096920731,-0.0164490307926912,0.0164490307926912,0.0164490307926912,0.000270570614018904,1.45046763564108,1.53324245286775,1,1.80043448667211,0.000434486672112211,0.000434486672112211,0.000434486672112211,1.88778668243144e-07,1.74103021256339,1.8583370224178,1
27,"n1000-b1_1-b2_2p8-b3_2p5",1000,7,267,1,1,0,1.029619,0.9162907,1.5,1.8,1,1.3,0.099,332,157,335,176,FALSE,NA,TRUE,NA,0.0559491627981349,0.0559491627981349,0.0559491627981349,0.0559491627981349,0.0031303088178122,-0.194216632482191,0.307586819583403,1,1.07650457766924,0.0468855776692387,0.0468855776692387,0.0468855776692387,0.00219825739337822,0.864870041225759,1.29425106572855,1,0.862157969477561,-0.0541327305224387,0.0541327305224387,0.0541327305224387,0.00293035251381497,0.56393355526672,1.15716470942766,1,1.53764217900531,0.0376421790053134,0.0376421790053134,0.0376421790053134,0.00141693364026806,1.45741686963749,1.67595829044996,1,1.85272038513934,0.0527203851393419,0.0527203851393419,0.0527203851393419,0.00277943900924054,1.78215229504907,1.95931560002182,1
27,"n1000-b1_1-b2_2p8-b3_2p5",1000,8,268,1,1,0,1.029619,0.9162907,1.5,1.8,1,1.3,0.103,347,176,320,157,FALSE,NA,TRUE,NA,-0.16189813900313,-0.16189813900313,0.16189813900313,0.16189813900313,0.0262110074126768,-0.415441731405314,0.0871820253139851,1,0.958842312839463,-0.0707766871605368,0.0707766871605368,0.0707766871605368,0.00500933944542049,0.739934214558275,1.18123797104957,1,1.15630237507109,0.240011675071095,0.240011675071095,0.240011675071095,0.0576056041704327,0.853250171830674,1.45566655841121,1,1.48037153695582,-0.0196284630441768,0.0196284630441768,0.0196284630441768,0.000385276561476613,1.44984769856289,1.5176652605545,1,1.79349887650226,-0.00650112349774457,0.00650112349774457,0.00650112349774457,4.22646067329265e-05,1.75825116578279,1.83044449850541,1
27,"n1000-b1_1-b2_2p8-b3_2p5",1000,9,269,1,1,0,1.029619,0.9162907,1.5,1.8,1,1.3,0.084,341,170,326,163,FALSE,NA,TRUE,NA,-0.0444596104646295,-0.0444596104646295,0.0444596104646295,0.0444596104646295,0.0019766569626666,-0.295599909998074,0.1995071703173,1,0.966708257360889,-0.0629107426391107,0.0629107426391107,0.0629107426391107,0.00395776153940442,0.753862522126527,1.18566938327859,1,1.02549501469807,0.109204314698066,0.109204314698066,0.109204314698066,0.0119255823486743,0.725403861478751,1.32931936745608,1,1.47892266010178,-0.0210773398982154,0.0210773398982154,0.0210773398982154,0.000444254257184901,1.40447656658145,1.5791198727892,1,1.88743896176562,0.0874389617656182,0.0874389617656182,0.0874389617656182,0.00764557203464923,1.79924838068668,2.02710690151756,1
27,"n1000-b1_1-b2_2p8-b3_2p5",1000,10,270,1,1,0,1.029619,0.9162907,1.5,1.8,1,1.3,0.101,328,166,344,162,FALSE,NA,TRUE,NA,0.124193119040886,0.124193119040886,0.124193119040886,0.124193119040886,0.0154239308171037,-0.132540612729955,0.381687853831572,1,1.10849201600134,0.0788730160013416,0.0788730160013416,0.0788730160013416,0.00622095265314788,0.885662416672235,1.3361923843876,1,0.761686602092756,-0.154604097907244,0.154604097907244,0.154604097907244,0.0239024270897126,0.458617218783713,1.06596942817632,1,1.47992325595544,-0.0200767440445573,0.0200767440445573,0.0200767440445573,0.000403075651430666,1.37909421850351,1.53250404141158,1,1.80813976569154,0.00813976569153607,0.00813976569153607,0.00813976569153607,6.62557855131077e-05,1.73223870153358,1.86167213313504,1
28,"n1000-b1_1-b2_2p8-b3_2p5",1000,1,271,1,1,0,1.029619,0.9162907,1.5,1.8,1,1.3,0.1,329,163,355,153,FALSE,NA,TRUE,NA,-0.0645952910659764,-0.0645952910659764,0.0645952910659764,0.0645952910659764,0.00417255162789821,-0.3212876740524,0.196557968768955,1,1.11644614756636,0.086827147566364,0.086827147566364,0.086827147566364,0.00753895355451115,0.900796197649378,1.33514125372757,1,1.03871809769302,0.122427397693018,0.122427397693018,0.122427397693018,0.0149884677058844,0.733434069602466,1.34477115503033,1,1.50998979562801,0.00998979562801372,0.00998979562801372,0.00998979562801372,9.9796016689482e-05,1.46038236530136,1.6065306206678,1,1.82443474268936,0.0244347426893585,0.0244347426893585,0.0244347426893585,0.00059705665029516,1.76980259909253,1.89978271862886,1
28,"n1000-b1_1-b2_2p8-b3_2p5",1000,2,272,1,1,0,1.029619,0.9162907,1.5,1.8,1,1.3,0.093,358,161,319,162,FALSE,NA,TRUE,NA,-0.112967254260921,-0.112967254260921,0.112967254260921,0.112967254260921,0.0127616005352516,-0.36746568242692,0.140923268981667,1,0.953565246242479,-0.0760537537575214,0.0760537537575214,0.0760537537575214,0.00578417346060971,0.741329747460184,1.17203966686742,1,1.01891477226,0.102624072259999,0.102624072259999,0.102624072259999,0.0105317002072254,0.723484398747638,1.32102159859754,1,1.53808711584542,0.0380871158454206,0.0380871158454206,0.0380871158454206,0.00145062839342249,1.46198022031594,1.64965677702693,1,1.78942867966161,-0.0105713203383919,0.0105713203383919,0.0105713203383919,0.000111752813696899,1.72996788631026,1.84102330091018,1
28,"n1000-b1_1-b2_2p8-b3_2p5",1000,3,273,1,1,0,1.029619,0.9162907,1.5,1.8,1,1.3,0.117,329,157,333,181,FALSE,NA,TRUE,NA,0.0581341729252305,0.0581341729252305,0.0581341729252305,0.0581341729252305,0.0033795820617006,-0.199252561154619,0.313199695045949,1,1.13656244000061,0.106943440000606,0.106943440000606,0.106943440000606,0.0114368993591633,0.920938428694672,1.34965641906041,1,0.888173538145785,-0.028117161854215,0.028117161854215,0.028117161854215,0.000790574790736122,0.584046492543296,1.18922361486142,1,1.49437204737702,-0.00562795262298232,0.00562795262298232,0.00562795262298232,3.16738507265336e-05,1.46879902289757,1.52895826914166,1,1.79495524329206,-0.00504475670793547,0.00504475670793547,0.00504475670793547,2.54495702422599e-05,1.74970232348853,1.85117479248588,1
28,"n1000-b1_1-b2_2p8-b3_2p5",1000,4,274,1,1,0,1.029619,0.9162907,1.5,1.8,1,1.3,0.096,347,157,340,156,FALSE,NA,TRUE,NA,-0.234542141941592,-0.234542141941592,0.234542141941592,0.234542141941592,0.0550100163465497,-0.487970034188069,0.019433823265685,1,0.95839369095173,-0.0712253090482702,0.0712253090482702,0.0712253090482702,0.0050730446490216,0.74950976151376,1.17544384396728,1,1.22875343583553,0.312462735835525,0.312462735835525,0.312462735835525,0.0976329612858212,0.923889522109726,1.52576589375794,0,1.52279424127194,0.0227942412719355,0.0227942412719355,0.0227942412719355,0.000519577435163209,1.48546243508824,1.5590790741651,1,1.86960658130697,0.0696065813069717,0.0696065813069717,0.0696065813069717,0.00484507616124407,1.80012108984281,1.91982527766087,0
28,"n1000-b1_1-b2_2p8-b3_2p5",1000,5,275,1,1,0,1.029619,0.9162907,1.5,1.8,1,1.3,0.093,345,189,314,152,FALSE,NA,TRUE,NA,-0.0730287763856167,-0.0730287763856167,0.0730287763856167,0.0730287763856167,0.0053332021803804,-0.316028502145947,0.168744226536801,1,0.87245596633437,-0.15716303366563,0.15716303366563,0.15716303366563,0.0247002191509841,0.658440581846063,1.09089753790238,1,1.11385496339986,0.19756426339986,0.19756426339986,0.19756426339986,0.0390316381727293,0.817969454934554,1.41019376867693,1,1.50018248339562,0.000182483395616329,0.000182483395616329,0.000182483395616329,3.33001896756655e-08,1.44494238485589,1.56903866671007,1,1.75572744314806,-0.0442725568519409,0.0442725568519409,0.0442725568519409,0.00196005929020834,1.69304842159597,1.84542753163032,1
28,"n1000-b1_1-b2_2p8-b3_2p5",1000,6,276,1,1,0,1.029619,0.9162907,1.5,1.8,1,1.3,0.096,325,184,350,141,FALSE,NA,TRUE,NA,0.0126751243985471,0.0126751243985471,0.0126751243985471,0.0126751243985471,0.000160658778518644,-0.239398741863875,0.267869788795582,1,0.917583169602031,-0.112035830397969,0.112035830397969,0.112035830397969,0.0125520272929625,0.693142846504936,1.15312502021797,1,0.931417931831005,0.0151272318310046,0.0151272318310046,0.0151272318310046,0.000228833142868959,0.629095659568355,1.23336147189814,1,1.54458527705863,0.0445852770586257,0.0445852770586257,0.0445852770586257,0.00198784693039441,1.49203608876112,1.62815960023944,1,1.86223013139129,0.0622301313912934,0.0622301313912934,0.0622301313912934,0.00387258925297764,1.75462130032457,1.99273598386107,1
28,"n1000-b1_1-b2_2p8-b3_2p5",1000,7,277,1,1,0,1.029619,0.9162907,1.5,1.8,1,1.3,0.095,345,156,348,151,FALSE,NA,TRUE,NA,-0.0191531926350537,-0.0191531926350537,0.0191531926350537,0.0191531926350537,0.000366844788115475,-0.280535535981567,0.243799501261875,1,0.92178299036016,-0.10783600963984,0.10783600963984,0.10783600963984,0.0116286049750437,0.703872915816138,1.14207177929366,1,0.974015065539684,0.0577243655396844,0.0577243655396844,0.0577243655396844,0.0033321023769591,0.671143994440437,1.27880637305198,1,1.49925343005438,-0.000746569945624387,0.000746569945624387,0.000746569945624387,5.573666837096e-07,1.47108865096179,1.52580988369571,1,1.79676703153038,-0.00323296846961707,0.00323296846961707,0.00323296846961707,1.04520851255381e-05,1.77673018121765,1.82102467221982,1
28,"n1000-b1_1-b2_2p8-b3_2p5",1000,8,278,1,1,0,1.029619,0.9162907,1.5,1.8,1,1.3,0.107,322,166,339,173,FALSE,NA,TRUE,NA,-0.0725271816946097,-0.0725271816946097,0.0725271816946097,0.0725271816946097,0.00526019208456293,-0.330861054912094,0.185361058713147,1,1.02842159828143,-0.00119740171857496,0.00119740171857496,0.00119740171857496,1.43377087564628e-06,0.814604747061774,1.2459600979555,1,1.02354454049787,0.107253840497865,0.107253840497865,0.107253840497865,0.0115033863015415,0.71755653160453,1.32563385078226,1,1.54369627806198,0.0436962780619774,0.0436962780619774,0.0436962780619774,0.00190936471646965,1.46281148910057,1.63278677591743,1,1.78175826654641,-0.0182417334535929,0.0182417334535929,0.0182417334535929,0.000332760839391931,1.72965480677723,1.83812035569618,1
28,"n1000-b1_1-b2_2p8-b3_2p5",1000,9,279,1,1,0,1.029619,0.9162907,1.5,1.8,1,1.3,0.088,334,157,363,146,FALSE,NA,TRUE,NA,0.116507839987609,0.116507839987609,0.116507839987609,0.116507839987609,0.0135740767785784,-0.143261712553903,0.375923082893353,1,1.23337478627311,0.203755786273109,0.203755786273109,0.203755786273109,0.041516420439773,1.00764166414907,1.46277426949555,1,0.854560687705311,-0.0617300122946886,0.0617300122946886,0.0617300122946886,0.0038105944179024,0.551592937493855,1.15982397340799,1,1.46425126047496,-0.0357487395250442,0.0357487395250442,0.0357487395250442,0.00127797237762946,1.4322636567275,1.50878758362326,1,1.78386562101395,-0.0161343789860462,0.0161343789860462,0.0161343789860462,0.000260318185265369,1.75451084058651,1.82878007736394,1
28,"n1000-b1_1-b2_2p8-b3_2p5",1000,10,280,1,1,0,1.029619,0.9162907,1.5,1.8,1,1.3,0.094,327,163,340,170,FALSE,NA,TRUE,NA,-0.0726331228683536,-0.0726331228683536,0.0726331228683536,0.0726331228683536,0.00527557053760934,-0.316222740754659,0.172078254863339,1,0.911210987169861,-0.118408012830139,0.118408012830139,0.118408012830139,0.0140204575023823,0.705716289669679,1.11948774509209,1,0.950744544481818,0.0344538444818183,0.0344538444818183,0.0344538444818183,0.00118706739957732,0.660169784930435,1.24455435941481,1,1.52359857564941,0.0235985756494099,0.0235985756494099,0.0235985756494099,0.000556892772680923,1.47973148595021,1.57723181533662,1,1.82501567929591,0.0250156792959106,0.0250156792959106,0.0250156792959106,0.000625784210635852,1.79375450336478,1.8552540289109,1
29,"n1000-b1_1-b2_2p8-b3_2p5",1000,1,281,1,1,0,1.029619,0.9162907,1.5,1.8,1,1.3,0.087,363,162,311,164,FALSE,NA,TRUE,NA,0.317633375565685,0.317633375565685,0.317633375565685,0.317633375565685,0.100890961273252,0.0635582039612657,0.571898168381638,0,1.25774067651462,0.228121676514615,0.228121676514615,0.228121676514615,0.0520394992958388,1.03547994681196,1.48496002840442,0,0.473037899945991,-0.443252800054009,0.443252800054009,0.443252800054009,0.196473044755719,0.176033820991047,0.767209962315048,0,1.50151168575931,0.0015116857593136,0.0015116857593136,0.0015116857593136,2.28519383491153e-06,1.46173281014184,1.60505600537491,1,1.77763260374199,-0.0223673962580146,0.0223673962580146,0.0223673962580146,0.000500300415363048,1.73228943439636,1.89221061535372,1
29,"n1000-b1_1-b2_2p8-b3_2p5",1000,2,282,1,1,0,1.029619,0.9162907,1.5,1.8,1,1.3,0.09,336,179,318,167,FALSE,NA,TRUE,NA,-0.184557761663133,-0.184557761663133,0.184557761663133,0.184557761663133,0.0340615673901056,-0.422929872019214,0.0524049459540892,1,0.961958570121358,-0.0676604298786422,0.0676604298786422,0.0676604298786422,0.00457793377136266,0.755425007377997,1.17004944477798,1,1.075798348553,0.159507648553003,0.159507648553003,0.159507648553003,0.0254426899469084,0.786392918481506,1.36860271978938,1,1.52064029259553,0.0206402925955302,0.0206402925955302,0.0206402925955302,0.000426021678429101,1.49569687619427,1.56020274643301,1,1.8408676022545,0.0408676022545018,0.0408676022545018,0.0408676022545018,0.00167016091403216,1.80516363575166,1.90616493228329,0
29,"n1000-b1_1-b2_2p8-b3_2p5",1000,3,283,1,1,0,1.029619,0.9162907,1.5,1.8,1,1.3,0.073,350,160,338,152,FALSE,NA,TRUE,NA,-0.20860636453184,-0.20860636453184,0.20860636453184,0.20860636453184,0.0435166153231909,-0.455754619044776,0.037194001389603,1,0.964083942363474,-0.0655350576365266,0.0655350576365266,0.0655350576365266,0.00429484377942286,0.751941242734658,1.182591555277,1,1.25054889652879,0.334258196528794,0.334258196528794,0.334258196528794,0.111728541946682,0.953849327605688,1.54871864658944,0,1.53026919813458,0.0302691981345833,0.0302691981345833,0.0302691981345833,0.00091622435571066,1.48204754080987,1.57534787280736,1,1.82604583936493,0.0260458393649312,0.0260458393649312,0.0260458393649312,0.0006783857482238,1.78292641419018,1.89280421345273,1
29,"n1000-b1_1-b2_2p8-b3_2p5",1000,4,284,1,1,0,1.029619,0.9162907,1.5,1.8,1,1.3,0.099,329,172,337,162,FALSE,NA,TRUE,NA,-0.124355044627536,-0.124355044627536,0.124355044627536,0.124355044627536,0.0154641771243164,-0.374012246685803,0.124224651887739,1,0.955324893141639,-0.0742941068583615,0.0742941068583615,0.0742941068583615,0.00551961431388163,0.739444984427142,1.17028372004416,1,1.02559161873725,0.109300918737253,0.109300918737253,0.109300918737253,0.0119466908368076,0.725816147931235,1.32372367775318,1,1.49471989973602,-0.00528010026398285,0.00528010026398285,0.00528010026398285,2.78794587977117e-05,1.38116235185651,1.73908114858359,1,1.79145798071066,-0.00854201928934373,0.00854201928934373,0.00854201928934373,7.29660935395203e-05,1.64300795371682,1.9701034461384,1
29,"n1000-b1_1-b2_2p8-b3_2p5",1000,5,285,1,1,0,1.029619,0.9162907,1.5,1.8,1,1.3,0.11,286,187,359,168,FALSE,NA,TRUE,NA,-0.0455575062031015,-0.0455575062031015,0.0455575062031015,0.0455575062031015,0.00207548637144563,-0.289603431675292,0.199398854278776,1,0.976583989066248,-0.0530350109337525,0.0530350109337525,0.0530350109337525,0.00281271238474325,0.76794499793498,1.18967003154433,1,0.997081531896386,0.0807908318963863,0.0807908318963863,0.0807908318963863,0.00652715851851014,0.702728932618602,1.29035183071302,1,1.42178238311875,-0.0782176168812454,0.0782176168812454,0.0782176168812454,0.00611799559058129,1.37794886508585,1.48045995801768,0,1.82782420376393,0.0278242037639347,0.0278242037639347,0.0278242037639347,0.000774186315096957,1.77054488813615,1.91662057756108,1
29,"n1000-b1_1-b2_2p8-b3_2p5",1000,6,286,1,1,0,1.029619,0.9162907,1.5,1.8,1,1.3,0.092,341,165,330,164,FALSE,NA,TRUE,NA,0.0101264474922443,0.0101264474922443,0.0101264474922443,0.0101264474922443,0.00010254493881318,-0.24024383572349,0.259481851096221,1,1.02972176093829,0.000102760938290647,0.000102760938290647,0.000102760938290647,1.05598104383741e-08,0.817144503835972,1.24572257545407,1,0.926504689681257,0.010213989681257,0.010213989681257,0.010213989681257,0.000104325585208824,0.629051133524267,1.22542709387786,1,1.46857459472658,-0.0314254052734204,0.0314254052734204,0.0314254052734204,0.00098755609659872,1.38494318680141,1.55824932146444,1,1.78521872702479,-0.0147812729752106,0.0147812729752106,0.0147812729752106,0.000218486030767691,1.70326474447111,1.87424079476907,1
29,"n1000-b1_1-b2_2p8-b3_2p5",1000,7,287,1,1,0,1.029619,0.9162907,1.5,1.8,1,1.3,0.101,336,160,317,187,FALSE,NA,TRUE,NA,-0.00149918380214851,-0.00149918380214851,0.00149918380214851,0.00149918380214851,2.24755207262445e-06,-0.246216250457647,0.247437819925748,1,1.18204314136384,0.152424141363838,0.152424141363838,0.152424141363838,0.0232331188705033,0.975089324479592,1.39495525013991,1,0.942405414138669,0.0261147141386687,0.0261147141386687,0.0261147141386687,0.000681978294544384,0.645246744845679,1.23763140285655,1,1.50098656732283,0.000986567322834198,0.000986567322834198,0.000986567322834198,9.73315082484236e-07,1.43804345793664,1.52928205294078,1,1.80540853077882,0.00540853077881631,0.00540853077881631,0.00540853077881631,2.92522051854034e-05,1.71091366588329,1.85101206680589,1
29,"n1000-b1_1-b2_2p8-b3_2p5",1000,8,288,1,1,0,1.029619,0.9162907,1.5,1.8,1,1.3,0.091,334,164,342,160,FALSE,NA,TRUE,NA,-0.039485760730553,-0.039485760730553,0.039485760730553,0.039485760730553,0.00155912530047048,-0.291418918182047,0.210459706518689,1,0.921940336092113,-0.107678663907887,0.107678663907887,0.107678663907887,0.0115946946609878,0.709622941645516,1.14045215407244,1,1.01041685181402,0.0941261518140208,0.0941261518140208,0.0941261518140208,0.0088597324553161,0.709852132878424,1.30878011560837,1,1.49346821100886,-0.00653178899113827,0.00653178899113827,0.00653178899113827,4.2664267424755e-05,1.38446161844709,1.58107528832493,1,1.82451489270584,0.0245148927058378,0.0245148927058378,0.0245148927058378,0.000600979964378741,1.77751021063525,1.91907365813562,1
29,"n1000-b1_1-b2_2p8-b3_2p5",1000,9,289,1,1,0,1.029619,0.9162907,1.5,1.8,1,1.3,0.097,332,171,331,166,FALSE,NA,TRUE,NA,-0.108769796969386,-0.108769796969386,0.108769796969386,0.108769796969386,0.0118308687327615,-0.356859304398525,0.140192616264924,1,0.914533341976734,-0.115085658023267,0.115085658023267,0.115085658023267,0.0132447086826483,0.706266048337746,1.12831206747382,1,0.984919284243638,0.0686285842436379,0.0686285842436379,0.0686285842436379,0.00470988257528611,0.689196043513256,1.28120051716429,1,1.52244561026789,0.0224456102678903,0.0224456102678903,0.0224456102678903,0.000503805420298021,1.4621599636527,1.59397480804002,1,1.78345993358366,-0.016540066416338,0.016540066416338,0.016540066416338,0.000273573797056872,1.71909971798408,1.93270138304912,1
29,"n1000-b1_1-b2_2p8-b3_2p5",1000,10,290,1,1,0,1.029619,0.9162907,1.5,1.8,1,1.3,0.09,339,177,332,152,FALSE,NA,TRUE,NA,0.0931620960996271,0.0931620960996271,0.0931620960996271,0.0931620960996271,0.00867917614967615,-0.153351135028665,0.33944122113219,1,1.05183975669212,0.0222207566921169,0.0222207566921169,0.0222207566921169,0.000493762027970257,0.827964409502765,1.27604264729685,1,0.890636411698448,-0.0256542883015521,0.0256542883015521,0.0256542883015521,0.000658142508259155,0.597376910963258,1.18452868239289,1,1.4859423933754,-0.0140576066246028,0.0140576066246028,0.0140576066246028,0.000197616304012075,1.42749475029577,1.52283636753988,1,1.80640840251052,0.00640840251051644,0.00640840251051644,0.00640840251051644,4.10676227367934e-05,1.7670892473628,1.87902052849408,1
30,"n1000-b1_1-b2_2p8-b3_2p5",1000,1,291,1,1,0,1.029619,0.9162907,1.5,1.8,1,1.3,0.099,316,186,347,151,FALSE,NA,TRUE,NA,0.124364098569732,0.124364098569732,0.124364098569732,0.124364098569732,0.0154664290130619,-0.120756736160454,0.372896143028465,1,1.05481387320353,0.0251948732035252,0.0251948732035252,0.0251948732035252,0.000634781635741712,0.830330726700515,1.28302314401195,1,0.880337626299755,-0.0359530737002451,0.0359530737002451,0.0359530737002451,0.00129262350849526,0.583684452562142,1.17884986788819,1,1.50865177507432,0.00865177507431536,0.00865177507431536,0.00865177507431536,7.48532119365446e-05,1.49343286803764,1.53595001922604,1,1.8206395030745,0.0206395030744952,0.0206395030744952,0.0206395030744952,0.000425989087162099,1.7861919386297,1.85949470520109,1
30,"n1000-b1_1-b2_2p8-b3_2p5",1000,2,292,1,1,0,1.029619,0.9162907,1.5,1.8,1,1.3,0.103,325,166,335,174,FALSE,NA,TRUE,NA,0.0141566176653499,0.0141566176653499,0.0141566176653499,0.0141566176653499,0.000200409823722896,-0.226208152397548,0.257002387876887,1,0.971272892867214,-0.0583461071327861,0.0583461071327861,0.0583461071327861,0.00340426821755055,0.761425864565738,1.18001873812882,1,0.888611944199246,-0.0276787558007535,0.0276787558007535,0.0276787558007535,0.000766113522677747,0.595909974081467,1.17574670210479,1,1.49324509937794,-0.00675490062205908,0.00675490062205908,0.00675490062205908,4.56286824138941e-05,1.45479376233941,1.56562626633296,1,1.75615454757177,-0.0438454524282292,0.0438454524282292,0.0438454524282292,0.00192242369863611,1.69308288889006,1.84173448248857,1
30,"n1000-b1_1-b2_2p8-b3_2p5",1000,3,293,1,1,0,1.029619,0.9162907,1.5,1.8,1,1.3,0.1,326,194,324,156,FALSE,NA,TRUE,NA,-0.120215616464682,-0.120215616464682,0.120215616464682,0.120215616464682,0.0144517944419834,-0.360519192316573,0.123118311073679,1,1.02349913162981,-0.00611986837019174,0.00611986837019174,0.00611986837019174,3.74527888684733e-05,0.80547833051574,1.24534897175166,1,1.07110116002425,0.15481046002425,0.15481046002425,0.15481046002425,0.0239662785329198,0.780679695593858,1.36187227787412,1,1.52168849092117,0.0216884909211685,0.0216884909211685,0.0216884909211685,0.00047039063843761,1.45561007907267,1.68327725506636,1,1.82850589032096,0.0285058903209625,0.0285058903209625,0.0285058903209625,0.000812585782990744,1.78554215769508,1.91712159509051,1
30,"n1000-b1_1-b2_2p8-b3_2p5",1000,4,294,1,1,0,1.029619,0.9162907,1.5,1.8,1,1.3,0.095,320,179,325,176,FALSE,NA,TRUE,NA,-0.114116498582205,-0.114116498582205,0.114116498582205,0.114116498582205,0.0130225752486624,-0.352236318369822,0.12445818116781,1,0.92648492644418,-0.10313407355582,0.10313407355582,0.10313407355582,0.0106366371282173,0.723648718469558,1.13622409395725,1,0.835846472819149,-0.0804442271808505,0.0804442271808505,0.0804442271808505,0.00647127368672429,0.543717507603747,1.12796799134972,1,1.50287815659457,0.00287815659456725,0.00287815659456725,0.00287815659456725,8.28378538285095e-06,1.4747006333508,1.56709578284937,1,1.79932686805558,-0.000673131944424865,0.000673131944424865,0.000673131944424865,4.531066146052e-07,1.76461899844979,1.84630577454609,1
30,"n1000-b1_1-b2_2p8-b3_2p5",1000,5,295,1,1,0,1.029619,0.9162907,1.5,1.8,1,1.3,0.092,323,161,352,164,FALSE,NA,TRUE,NA,-0.286199225278188,-0.286199225278188,0.286199225278188,0.286199225278188,0.0819099965498349,-0.536576641901201,-0.0360591460638378,0,0.882427896073187,-0.147191103926813,0.147191103926813,0.147191103926813,0.021665221075194,0.673348103548941,1.09558597205996,1,1.19241469946004,0.276123999460045,0.276123999460045,0.276123999460045,0.0762444630778108,0.894895318516463,1.49016001513707,1,1.48251715195754,-0.0174828480424629,0.0174828480424629,0.0174828480424629,0.000305649975675849,1.42715763041612,1.60283656924662,1,1.81885837064088,0.0188583706408758,0.0188583706408758,0.0188583706408758,0.000355638143228647,1.7825919290647,1.90937723502244,1
30,"n1000-b1_1-b2_2p8-b3_2p5",1000,6,296,1,1,0,1.029619,0.9162907,1.5,1.8,1,1.3,0.092,333,155,335,177,FALSE,NA,TRUE,NA,0.131107557723352,0.131107557723352,0.131107557723352,0.131107557723352,0.0171891916921822,-0.113851459938321,0.37575026985559,1,0.967314615762687,-0.0623043842373129,0.0623043842373129,0.0623043842373129,0.00388183629519072,0.756816084474345,1.1821194158852,1,0.885281140970742,-0.0310095590292583,0.0310095590292583,0.0310095590292583,0.000961592751189054,0.593676890478997,1.18167002262719,1,1.50560462746426,0.0056046274642596,0.0056046274642596,0.0056046274642596,3.1411849013133e-05,1.47513452112059,1.57668606602987,1,1.81826376970261,0.0182637697026102,0.0182637697026102,0.0182637697026102,0.000333565283749983,1.78477376998234,1.87127546412902,1
30,"n1000-b1_1-b2_2p8-b3_2p5",1000,7,297,1,1,0,1.029619,0.9162907,1.5,1.8,1,1.3,0.096,341,153,334,172,FALSE,NA,TRUE,NA,0.188488071816124,0.188488071816124,0.188488071816124,0.188488071816124,0.0355277532169602,-0.0649345405003819,0.446317928510111,1,1.06234916450369,0.0327301645036919,0.0327301645036919,0.0327301645036919,0.00107126366843873,0.849365832301032,1.2809695977851,1,0.628588034652601,-0.287702665347399,0.287702665347399,0.287702665347399,0.0827728236479976,0.326802767190725,0.933225672338292,1,1.49721294705462,-0.0027870529453764,0.0027870529453764,0.0027870529453764,7.76766412033127e-06,1.46818759884025,1.54006509192607,1,1.81194859128613,0.0119485912861312,0.0119485912861312,0.0119485912861312,0.000142768833723011,1.71415132573084,1.90410936533064,1
30,"n1000-b1_1-b2_2p8-b3_2p5",1000,8,298,1,1,0,1.029619,0.9162907,1.5,1.8,1,1.3,0.1,302,171,352,175,FALSE,NA,TRUE,NA,-0.0203977787115373,-0.0203977787115373,0.0203977787115373,0.0203977787115373,0.000416069376364846,-0.261638204394918,0.222294928026213,1,1.05130770221748,0.0216887022174805,0.0216887022174805,0.0216887022174805,0.000470399803878545,0.842517218192629,1.25968904180305,1,0.818712272480723,-0.0975784275192771,0.0975784275192771,0.0975784275192771,0.00952154951713482,0.528419198440753,1.11310784443969,1,1.50898046834033,0.00898046834033139,0.00898046834033139,0.00898046834033139,8.06488116116945e-05,1.37518582632423,1.5796186258369,1,1.82656306674633,0.0265630667463261,0.0265630667463261,0.0265630667463261,0.000705596514969777,1.70510875361026,1.91722876996755,1
30,"n1000-b1_1-b2_2p8-b3_2p5",1000,9,299,1,1,0,1.029619,0.9162907,1.5,1.8,1,1.3,0.092,330,162,348,160,FALSE,NA,TRUE,NA,-0.0731408399150921,-0.0731408399150921,0.0731408399150921,0.0731408399150921,0.00534958246348512,-0.323024760939963,0.175876705762114,1,0.959189630212858,-0.0704293697871419,0.0704293697871419,0.0704293697871419,0.00496029612861397,0.741624123699233,1.18024539695137,1,1.01314122655664,0.0968505265566406,0.0968505265566406,0.0968505265566406,0.00938002449429855,0.711973608749312,1.31359096693842,1,1.50278897185611,0.00278897185610893,0.00278897185610893,0.00278897185610893,7.77836401416772e-06,1.45917508050733,1.52140048152667,1,1.79958983523676,-0.000410164763239074,0.000410164763239074,0.000410164763239074,1.68235133002965e-07,1.76561487995991,1.82122318843866,1
30,"n1000-b1_1-b2_2p8-b3_2p5",1000,10,300,1,1,0,1.029619,0.9162907,1.5,1.8,1,1.3,0.102,340,171,338,151,FALSE,NA,TRUE,NA,0.0619311608866902,0.0619311608866902,0.0619311608866902,0.0619311608866902,0.00383546868877311,-0.190030540784544,0.31354447442473,1,1.03243364756985,0.00281464756985317,0.00281464756985317,0.00281464756985317,7.92224094248034e-06,0.809123988344798,1.25940707431426,1,0.906280577061361,-0.0100101229386387,0.0100101229386387,0.0100101229386387,0.00010020256124666,0.607029216463437,1.21250481392153,1,1.51378617782459,0.0137861778245891,0.0137861778245891,0.0137861778245891,0.000190058699011193,1.4627131589584,1.60503700514858,1,1.84052041787684,0.040520417876837,0.040520417876837,0.040520417876837,0.00164190426491349,1.79479263845712,1.97190316550386,1
31,"n1000-b1_1-b2_2p8-b3_2p5",1000,1,301,1,1,0,1.029619,0.9162907,1.5,1.8,1,1.3,0.097,361,162,318,159,FALSE,NA,TRUE,NA,0.130399664190935,0.130399664190935,0.130399664190935,0.130399664190935,0.0170040724211085,-0.124332981737437,0.389611065580731,1,1.17735298666898,0.147733986668982,0.147733986668982,0.147733986668982,0.0218253308171109,0.955880036069735,1.40666254742348,1,0.791911212141882,-0.124379487858118,0.124379487858118,0.124379487858118,0.0154702569998478,0.48639398499893,1.09332004259018,1,1.50022391857541,0.000223918575407156,0.000223918575407156,0.000223918575407156,5.01395284123702e-08,1.47054914289727,1.54046794897332,1,1.8110229507016,0.011022950701602,0.011022950701602,0.011022950701602,0.000121505442169947,1.76110462571506,1.86756303447481,1
31,"n1000-b1_1-b2_2p8-b3_2p5",1000,2,302,1,1,0,1.029619,0.9162907,1.5,1.8,1,1.3,0.091,343,169,314,174,FALSE,NA,TRUE,NA,0.138743802773275,0.138743802773275,0.138743802773275,0.138743802773275,0.0192498428079895,-0.107593613875991,0.383927694093566,1,1.16067825566234,0.131059255662338,0.131059255662338,0.131059255662338,0.017176528494766,0.943140772724358,1.38063132087946,1,0.769722174565749,-0.146568525434251,0.146568525434251,0.146568525434251,0.0214823326479708,0.479518472271119,1.06042402245186,1,1.45574914962231,-0.0442508503776862,0.0442508503776862,0.0442508503776862,0.00195813775914837,1.44048330878953,1.51403581339124,1,1.71785199058655,-0.0821480094134528,0.0821480094134528,0.0821480094134528,0.00674829545059273,1.67593019811473,1.82428636599366,1
31,"n1000-b1_1-b2_2p8-b3_2p5",1000,3,303,1,1,0,1.029619,0.9162907,1.5,1.8,1,1.3,0.074,340,166,333,161,FALSE,NA,TRUE,NA,0.201875898940739,0.201875898940739,0.201875898940739,0.201875898940739,0.0407538785731314,-0.0408749662214185,0.446082474342406,1,1.14749082555052,0.11787182555052,0.11787182555052,0.11787182555052,0.0138937672586122,0.926815252312899,1.37337768876228,1,0.662237805815225,-0.254052894184775,0.254052894184775,0.254052894184775,0.0645428730436606,0.369828462777374,0.950828218024292,1,1.50409427349606,0.00409427349605807,0.00409427349605807,0.00409427349605807,1.67630754605235e-05,1.46485758209394,1.55802541823363,1,1.83300954891288,0.033009548912875,0.033009548912875,0.033009548912875,0.00108963031943149,1.77982022208388,1.89191735299758,1
31,"n1000-b1_1-b2_2p8-b3_2p5",1000,4,304,1,1,0,1.029619,0.9162907,1.5,1.8,1,1.3,0.094,357,166,318,159,FALSE,NA,TRUE,NA,-0.0830000786160832,-0.0830000786160832,0.0830000786160832,0.0830000786160832,0.00688901305027599,-0.332469491404602,0.164553919304453,1,0.979134603203394,-0.0504843967966061,0.0504843967966061,0.0504843967966061,0.00254867431991717,0.762051831939359,1.19831395589617,1,0.977793795100728,0.0615030951007275,0.0615030951007275,0.0615030951007275,0.00378263070696913,0.683883856602953,1.27287498329281,1,1.49125775357516,-0.00874224642484234,0.00874224642484234,0.00874224642484234,7.64268725526686e-05,1.46121815041886,1.52276157736466,1,1.80371475295695,0.00371475295694768,0.00371475295694768,0.00371475295694768,1.37993895311515e-05,1.74890877253713,1.83194737399677,1
31,"n1000-b1_1-b2_2p8-b3_2p5",1000,5,305,1,1,0,1.029619,0.9162907,1.5,1.8,1,1.3,0.099,319,166,350,165,FALSE,NA,TRUE,NA,0.0855567121919013,0.0855567121919013,0.0855567121919013,0.0855567121919013,0.00731995100108783,-0.161822744893226,0.332168482771216,1,0.972368107346007,-0.0572508926539927,0.0572508926539927,0.0572508926539927,0.003277664709679,0.762000341918866,1.19061213535429,1,0.897937536890415,-0.0183531631095849,0.0183531631095849,0.0183531631095849,0.000336838596127028,0.600024000232568,1.19418799516544,1,1.50230233980773,0.00230233980772976,0.00230233980772976,0.00230233980772976,5.3007685902571e-06,1.45205988914915,1.60130653877258,1,1.83745451379958,0.037454513799579,0.037454513799579,0.037454513799579,0.00140284060396285,1.79182842468518,1.91895907806177,1
31,"n1000-b1_1-b2_2p8-b3_2p5",1000,6,306,1,1,0,1.029619,0.9162907,1.5,1.8,1,1.3,0.095,353,174,318,155,FALSE,NA,TRUE,NA,-0.0319151676581473,-0.0319151676581473,0.0319151676581473,0.0319151676581473,0.00101857792664765,-0.283220398959747,0.220510092157247,1,0.99761455930269,-0.0320044406973103,0.0320044406973103,0.0320044406973103,0.00102428422434765,0.781250720699885,1.22136834618291,1,0.939946124855598,0.0236554248555984,0.0236554248555984,0.0236554248555984,0.00055957912509886,0.643231612867692,1.23878702603898,1,1.54010729890216,0.040107298902162,0.040107298902162,0.040107298902162,0.00160859542522737,1.49702879136017,1.5985713694389,1,1.79460243923327,-0.00539756076673026,0.00539756076673026,0.00539756076673026,2.91336622305457e-05,1.7574275405979,1.84177539025228,1
31,"n1000-b1_1-b2_2p8-b3_2p5",1000,7,307,1,1,0,1.029619,0.9162907,1.5,1.8,1,1.3,0.093,327,166,339,168,FALSE,NA,TRUE,NA,-0.165413230332639,-0.165413230332639,0.165413230332639,0.165413230332639,0.0273615367690785,-0.41130291086405,0.080959608247322,1,0.982201654647221,-0.0474173453527793,0.0474173453527793,0.0474173453527793,0.00224840464030474,0.771840222685157,1.19646628880416,1,1.32794897447892,0.411658274478924,0.411658274478924,0.411658274478924,0.169462534946965,1.02359252689248,1.62808050452927,0,1.49232398640641,-0.00767601359359293,0.00767601359359293,0.00767601359359293,5.89211846890235e-05,1.42001483601224,1.54926538997516,1,1.83036471855016,0.0303647185501643,0.0303647185501643,0.0303647185501643,0.000922016132630693,1.74203007371034,1.93533024824207,1
31,"n1000-b1_1-b2_2p8-b3_2p5",1000,8,308,1,1,0,1.029619,0.9162907,1.5,1.8,1,1.3,0.08,318,161,336,185,FALSE,NA,TRUE,NA,0.132713329698996,0.132713329698996,0.132713329698996,0.132713329698996,0.0176128278797945,-0.106693897251487,0.369481713672234,1,1.04985143556359,0.0202324355635926,0.0202324355635926,0.0202324355635926,0.000409351448834925,0.84198889213284,1.26196662754548,1,0.714039411801978,-0.202251288198022,0.202251288198022,0.202251288198022,0.0409055835777593,0.428943802099517,1.00267111871516,1,1.44955302898694,-0.0504469710130582,0.0504469710130582,0.0504469710130582,0.00254489688439233,1.40835192864814,1.55558905212343,1,1.73740212821669,-0.0625978717833089,0.0625978717833089,0.0625978717833089,0.00391849355179958,1.68352690939249,1.86370894500225,1
31,"n1000-b1_1-b2_2p8-b3_2p5",1000,9,309,1,1,0,1.029619,0.9162907,1.5,1.8,1,1.3,0.116,327,190,310,173,FALSE,NA,TRUE,NA,-0.0301564313271638,-0.0301564313271638,0.0301564313271638,0.0301564313271638,0.000909410350389949,-0.281229447427545,0.214201815183732,1,1.10289000976505,0.0732710097650497,0.0732710097650497,0.0732710097650497,0.00536864087199001,0.889834041510822,1.31894460692015,1,0.915724507223528,-0.000566192776472407,0.000566192776472407,0.000566192776472407,3.20574260129533e-07,0.618758967155493,1.21383297417191,1,1.43508554301087,-0.0649144569891271,0.0649144569891271,0.0649144569891271,0.00421388672619323,1.38619861971143,1.4951789328231,0,1.76886214133462,-0.0311378586653785,0.0311378586653785,0.0311378586653785,0.00096956624226509,1.71472520438402,1.85863568759573,1
31,"n1000-b1_1-b2_2p8-b3_2p5",1000,10,310,1,1,0,1.029619,0.9162907,1.5,1.8,1,1.3,0.092,313,179,349,159,FALSE,NA,TRUE,NA,0.00787074340574284,0.00787074340574284,0.00787074340574284,0.00787074340574284,6.19486017590444e-05,-0.231987128427174,0.250239303435164,1,0.993238248437855,-0.0363807515621449,0.0363807515621449,0.0363807515621449,0.00132355908422651,0.77946456124532,1.21137080520517,1,0.98877440855031,0.0724837085503095,0.0724837085503095,0.0724837085503095,0.00525388800520621,0.692961476129261,1.27675765046413,1,1.54004096870985,0.0400409687098504,0.0400409687098504,0.0400409687098504,0.00160327917522322,1.48198038993362,1.68757358344311,1,1.83022639991382,0.0302263999138175,0.0302263999138175,0.0302263999138175,0.000913635251750025,1.77848409360229,1.93199164789425,1
32,"n1000-b1_1-b2_2p8-b3_2p5",1000,1,311,1,1,0,1.029619,0.9162907,1.5,1.8,1,1.3,0.1,317,168,355,160,FALSE,NA,TRUE,NA,-0.0591995689442134,-0.0591995689442134,0.0591995689442134,0.0591995689442134,0.00350458896318068,-0.308606753739784,0.193276615881021,1,1.10298329477776,0.073364294777764,0.073364294777764,0.073364294777764,0.00538231974823864,0.892810341690478,1.32417266223029,1,0.807013936556821,-0.109276763443179,0.109276763443179,0.109276763443179,0.0119414110286165,0.511794873780896,1.10080772811374,1,1.53089702907423,0.0308970290742268,0.0308970290742268,0.0308970290742268,0.000954626405613614,1.48967685441932,1.6100015050117,1,1.80625293607078,0.00625293607078259,0.00625293607078259,0.00625293607078259,3.9099209505294e-05,1.78623677405981,1.84706482100982,1
32,"n1000-b1_1-b2_2p8-b3_2p5",1000,2,312,1,1,0,1.029619,0.9162907,1.5,1.8,1,1.3,0.092,329,156,361,154,FALSE,NA,TRUE,NA,-0.187370966116808,-0.187370966116808,0.187370966116808,0.187370966116808,0.035107878943546,-0.448479393687476,0.0718979348606671,1,0.833740281873135,-0.195878718126865,0.195878718126865,0.195878718126865,0.0383684722150239,0.621335558553754,1.05297955595175,1,1.12917488036356,0.212884180363557,0.212884180363557,0.212884180363557,0.0453196742490637,0.822962506048484,1.43613376529827,1,1.3592687943813,-0.140731205618699,0.140731205618699,0.140731205618699,0.0198052722348925,1.26062089660325,1.48519297472124,0,1.79199119594793,-0.00800880405207183,0.00800880405207183,0.00800880405207183,6.41409423444821e-05,1.68385147023815,1.91400435931641,1
32,"n1000-b1_1-b2_2p8-b3_2p5",1000,3,313,1,1,0,1.029619,0.9162907,1.5,1.8,1,1.3,0.089,326,160,348,166,FALSE,NA,TRUE,NA,0.121388293873032,0.121388293873032,0.121388293873032,0.121388293873032,0.0147351178894055,-0.13183129583545,0.370317648637223,1,1.00648958503451,-0.0231294149654908,0.0231294149654908,0.0231294149654908,0.00053496983664587,0.78972266769624,1.2285694564681,1,0.835323496419348,-0.0809672035806519,0.0809672035806519,0.0809672035806519,0.00655568805567073,0.536818351456653,1.1365260296912,1,1.49545518403014,-0.00454481596986067,0.00454481596986067,0.00454481596986067,2.06553521999006e-05,1.46537360904878,1.54831972910147,1,1.75333095630475,-0.0466690436952468,0.0466690436952468,0.0466690436952468,0.00217799963942886,1.67434586484792,1.83138804000319,1
32,"n1000-b1_1-b2_2p8-b3_2p5",1000,4,314,1,1,0,1.029619,0.9162907,1.5,1.8,1,1.3,0.103,321,164,344,171,FALSE,NA,TRUE,NA,0.0552765606424287,0.0552765606424287,0.0552765606424287,0.0552765606424287,0.00305549815645609,-0.197631996701339,0.307075039752508,1,0.920573902725778,-0.109045097274222,0.109045097274222,0.109045097274222,0.0118908332395445,0.705253331204946,1.14186572895521,1,0.964477707967011,0.0481870079670106,0.0481870079670106,0.0481870079670106,0.00232198773681274,0.660520526740594,1.27125769867086,1,1.47068597091797,-0.0293140290820344,0.0293140290820344,0.0293140290820344,0.000859312301022359,1.42506120199412,1.57381150888843,1,1.69258643728138,-0.107413562718619,0.107413562718619,0.107413562718619,0.0115376734559068,1.60969542265918,1.8270024993508,1
32,"n1000-b1_1-b2_2p8-b3_2p5",1000,5,315,1,1,0,1.029619,0.9162907,1.5,1.8,1,1.3,0.094,342,165,332,161,FALSE,NA,TRUE,NA,-0.0190836666957589,-0.0190836666957589,0.0190836666957589,0.0190836666957589,0.000364186334554817,-0.267241858879314,0.225259363288958,1,0.964432501188025,-0.0651864988119746,0.0651864988119746,0.0651864988119746,0.00424927962736356,0.74868043506862,1.18369044313474,1,1.00903083238638,0.0927401323863832,0.0927401323863832,0.0927401323863832,0.00860073215504389,0.713348747629621,1.30858868556777,1,1.46643876202008,-0.0335612379799219,0.0335612379799219,0.0335612379799219,0.00112635669474496,1.40184138844464,1.51385651503513,1,1.77744937246535,-0.022550627534655,0.022550627534655,0.022550627534655,0.000508530802206739,1.73055616142031,1.82158956471029,1
32,"n1000-b1_1-b2_2p8-b3_2p5",1000,6,316,1,1,0,1.029619,0.9162907,1.5,1.8,1,1.3,0.103,321,173,340,166,FALSE,NA,TRUE,NA,0.018705790993178,0.018705790993178,0.018705790993178,0.018705790993178,0.000349906616680459,-0.230015558560903,0.261881595289704,1,0.933710644427605,-0.0959083555723953,0.0959083555723953,0.0959083555723953,0.00919841266860101,0.720664992497416,1.1524577683901,1,0.872353404098942,-0.043937295901058,0.043937295901058,0.043937295901058,0.00193048597109713,0.577799501885041,1.16342724334629,1,1.48702387977981,-0.0129761202201941,0.0129761202201941,0.0129761202201941,0.000168379695968931,1.45962924907456,1.51558696148108,1,1.78576981150125,-0.014230188498747,0.014230188498747,0.014230188498747,0.000202498264709872,1.70152139233307,1.8200669042954,1
32,"n1000-b1_1-b2_2p8-b3_2p5",1000,7,317,1,1,0,1.029619,0.9162907,1.5,1.8,1,1.3,0.101,353,162,294,191,FALSE,NA,TRUE,NA,-0.114755264030827,-0.114755264030827,0.114755264030827,0.114755264030827,0.0131687706227849,-0.355249065894948,0.12492474022085,1,0.952060816666486,-0.0775581833335138,0.0775581833335138,0.0775581833335138,0.00601527180199494,0.741265328705573,1.1622599707888,1,1.09872798386113,0.182437283861126,0.182437283861126,0.182437283861126,0.0332833625426249,0.810212841349675,1.39793443351271,1,1.5001619383976,0.000161938397601702,0.000161938397601702,0.000161938397601702,2.62240446178069e-08,1.44938441041469,1.5973086068594,1,1.78337027458969,-0.0166297254103087,0.0166297254103087,0.0166297254103087,0.000276547767222267,1.73418868054469,1.84761220020401,1
32,"n1000-b1_1-b2_2p8-b3_2p5",1000,8,318,1,1,0,1.029619,0.9162907,1.5,1.8,1,1.3,0.094,321,176,358,145,FALSE,NA,TRUE,NA,0.0291911793929201,0.0291911793929201,0.0291911793929201,0.0291911793929201,0.000852124954349644,-0.223432394785988,0.284924157214038,1,1.0009995276835,-0.0286194723164965,0.0286194723164965,0.0286194723164965,0.000819074195674711,0.778687707566733,1.22766783090908,1,0.962152705048139,0.0458620050481392,0.0458620050481392,0.0458620050481392,0.00210332350703555,0.659858836304747,1.26252644868406,1,1.47239910502965,-0.0276008949703452,0.0276008949703452,0.0276008949703452,0.000761809403164029,1.34610449733557,1.56568972428517,1,1.83129344180642,0.0312934418064166,0.0312934418064166,0.0312934418064166,0.000979279500091581,1.78982568056484,1.90560174926129,1
32,"n1000-b1_1-b2_2p8-b3_2p5",1000,9,319,1,1,0,1.029619,0.9162907,1.5,1.8,1,1.3,0.1,328,171,319,182,FALSE,NA,TRUE,NA,0.194014671705292,0.194014671705292,0.194014671705292,0.194014671705292,0.037641692836912,-0.0465440784418517,0.434190059453067,1,1.02580455439406,-0.00381444560593702,0.00381444560593702,0.00381444560593702,1.45499952806523e-05,0.818978712722066,1.2409254638541,1,0.795196552119366,-0.121094147880634,0.121094147880634,0.121094147880634,0.0146637926509369,0.498894264341065,1.08461876075326,1,1.56566651948354,0.0656665194835446,0.0656665194835446,0.0656665194835446,0.00431209178108275,1.46145681212233,1.64804221347916,1,1.85678570815868,0.0567857081586782,0.0567857081586782,0.0567857081586782,0.00322461665108258,1.76671416149996,1.93468045780902,1
32,"n1000-b1_1-b2_2p8-b3_2p5",1000,10,320,1,1,0,1.029619,0.9162907,1.5,1.8,1,1.3,0.096,350,169,309,172,FALSE,NA,TRUE,NA,0.343308351647962,0.343308351647962,0.343308351647962,0.343308351647962,0.117860624311241,0.0962727636181559,0.588228843346532,0,1.14874538228373,0.119126382283732,0.119126382283732,0.119126382283732,0.0141910949560099,0.926731118120593,1.3770487246266,1,0.649388542744177,-0.266902157255823,0.266902157255823,0.266902157255823,0.0712367615478121,0.35077526976991,0.949925646439868,1,1.46131205160254,-0.0386879483974603,0.0386879483974603,0.0386879483974603,0.00149675735120455,1.35680596243258,1.51640838128415,1,1.78084909044976,-0.0191509095502391,0.0191509095502391,0.0191509095502391,0.00036675733660144,1.69447083083123,1.96410027745256,1
33,"n1000-b1_1-b2_2p8-b3_2p5",1000,1,321,1,1,0,1.029619,0.9162907,1.5,1.8,1,1.3,0.093,326,187,303,184,FALSE,NA,TRUE,NA,0.221950370526288,0.221950370526288,0.221950370526288,0.221950370526288,0.0492619669767567,-0.00791396316198508,0.456702452504747,1,1.07733551647233,0.0477165164723277,0.0477165164723277,0.0477165164723277,0.00227686594425392,0.86821059123585,1.28559340693526,1,0.767242245771106,-0.149048454228894,0.149048454228894,0.149048454228894,0.0222154417080226,0.48190351403872,1.04565918198322,1,1.5297115082144,0.0297115082144017,0.0297115082144017,0.0297115082144017,0.000882773720374461,1.44626375585443,1.60461170065963,1,1.83222787811232,0.0322278781123237,0.0322278781123237,0.0322278781123237,0.0010386361276228,1.76557982891915,1.89620278926973,1
33,"n1000-b1_1-b2_2p8-b3_2p5",1000,2,322,1,1,0,1.029619,0.9162907,1.5,1.8,1,1.3,0.094,333,177,322,168,FALSE,NA,TRUE,NA,0.108080557310009,0.108080557310009,0.108080557310009,0.108080557310009,0.0116814068684421,-0.132549132818573,0.352245552604087,1,0.962214100261804,-0.0674048997381964,0.0674048997381964,0.0674048997381964,0.00454342050871631,0.747262518488789,1.18166244331909,1,0.796485551188761,-0.119805148811239,0.119805148811239,0.119805148811239,0.0143532736816831,0.500158732710446,1.08600032904732,1,1.4751991849197,-0.0248008150802954,0.0248008150802954,0.0248008150802954,0.000615080428647008,1.4284155473538,1.54118772419052,1,1.78144018687331,-0.0185598131266862,0.0185598131266862,0.0185598131266862,0.000344466663297513,1.7518093592449,1.84118752167497,1
33,"n1000-b1_1-b2_2p8-b3_2p5",1000,3,323,1,1,0,1.029619,0.9162907,1.5,1.8,1,1.3,0.086,330,147,357,166,FALSE,NA,TRUE,NA,0.22392168778234,0.22392168778234,0.22392168778234,0.22392168778234,0.0501409222592915,-0.0279541585206866,0.477217133880678,1,1.15721195076913,0.12759295076913,0.12759295076913,0.12759295076913,0.0162799610859738,0.940489239881104,1.37763727861973,1,0.715901891000534,-0.200388808999466,0.200388808999466,0.200388808999466,0.0401556747722246,0.419060558391746,1.01603399822882,1,1.5054711658741,0.00547116587409957,0.00547116587409957,0.00547116587409957,2.99336560219117e-05,1.47565500254043,1.5631920611531,1,1.7920675905848,-0.00793240941519535,0.00793240941519535,0.00793240941519535,6.29231191302799e-05,1.74745935348078,1.82653517501162,1
33,"n1000-b1_1-b2_2p8-b3_2p5",1000,4,324,1,1,0,1.029619,0.9162907,1.5,1.8,1,1.3,0.103,325,169,334,172,FALSE,NA,TRUE,NA,0.120101513152274,0.120101513152274,0.120101513152274,0.120101513152274,0.0144243734614658,-0.13129015161076,0.368175576900138,1,1.08959821884361,0.0599792188436068,0.0599792188436068,0.0599792188436068,0.00359750669308928,0.874231287647584,1.30330015502801,1,0.749595557604102,-0.166695142395898,0.166695142395898,0.166695142395898,0.0277872704983886,0.450327985250935,1.04509118123715,1,1.52908447908664,0.0290844790866354,0.0290844790866354,0.0290844790866354,0.00084590692374093,1.47172497482811,1.63475750883872,1,1.79425517434735,-0.00574482565264911,0.00574482565264911,0.00574482565264911,3.30030217793353e-05,1.70725503361247,1.87183915050705,1
33,"n1000-b1_1-b2_2p8-b3_2p5",1000,5,325,1,1,0,1.029619,0.9162907,1.5,1.8,1,1.3,0.098,353,162,328,157,FALSE,NA,TRUE,NA,0.207107090065623,0.207107090065623,0.207107090065623,0.207107090065623,0.04289334675545,-0.0476856415475682,0.460308977634435,1,0.964988646711337,-0.0646303532886626,0.0646303532886626,0.0646303532886626,0.00417708256621734,0.745273798651601,1.19232120957085,1,0.794283477139159,-0.122007222860841,0.122007222860841,0.122007222860841,0.0148857624302148,0.495389564699665,1.09560097895808,1,1.5315611507183,0.0315611507182965,0.0315611507182965,0.0315611507182965,0.000996106234663025,1.49195996382316,1.63612032439653,1,1.78137237067057,-0.0186276293294274,0.0186276293294274,0.0186276293294274,0.000346988574434544,1.6742003302901,1.93808853430136,1
33,"n1000-b1_1-b2_2p8-b3_2p5",1000,6,326,1,1,0,1.029619,0.9162907,1.5,1.8,1,1.3,0.089,332,168,324,176,FALSE,NA,TRUE,NA,0.118919362758803,0.118919362758803,0.118919362758803,0.118919362758803,0.0141418148389599,-0.129548050193209,0.36540944586572,1,1.10400320766068,0.0743842076606827,0.0743842076606827,0.0743842076606827,0.00553301034930756,0.889055459492354,1.32255702280276,1,0.797240980402434,-0.119049719597566,0.119049719597566,0.119049719597566,0.014172835736259,0.50008009816529,1.09257947121148,1,1.43991621486719,-0.0600837851328107,0.0600837851328107,0.0600837851328107,0.00361006123588576,1.38282596668173,1.52564988172904,1,1.73063165763523,-0.0693683423647695,0.0693683423647695,0.0693683423647695,0.00481196692243588,1.64528363917667,1.87563923792596,1
33,"n1000-b1_1-b2_2p8-b3_2p5",1000,7,327,1,1,0,1.029619,0.9162907,1.5,1.8,1,1.3,0.094,352,161,314,173,FALSE,NA,TRUE,NA,-0.115702768082958,-0.115702768082958,0.115702768082958,0.115702768082958,0.0133871305420587,-0.36014086945865,0.130132780920442,1,0.903113700020363,-0.126505299979637,0.126505299979637,0.126505299979637,0.016003590922938,0.692142151248401,1.11603533739462,1,1.12564037859613,0.209349678596128,0.209349678596128,0.209349678596128,0.0438272879283019,0.826223436669384,1.42000627062128,1,1.52552765665845,0.0255276566584512,0.0255276566584512,0.0255276566584512,0.00065166125447177,1.49469636343273,1.5850877531482,1,1.81584726420849,0.0158472642084864,0.0158472642084864,0.0158472642084864,0.000251135782893573,1.790036977772,1.90151515759806,1
33,"n1000-b1_1-b2_2p8-b3_2p5",1000,8,328,1,1,0,1.029619,0.9162907,1.5,1.8,1,1.3,0.088,304,187,357,152,FALSE,NA,TRUE,NA,-0.0481959087244169,-0.0481959087244169,0.0481959087244169,0.0481959087244169,0.00232284561777232,-0.289758017298339,0.198727095939534,1,1.06733714155542,0.0377181415554182,0.0377181415554182,0.0377181415554182,0.00142265820239456,0.858002954631437,1.28758562969017,1,0.831729873472183,-0.0845608265278175,0.0845608265278175,0.0845608265278175,0.00715053338306764,0.536253256445617,1.1254475944951,1,1.54557598750498,0.0455759875049824,0.0455759875049824,0.0455759875049824,0.00207717063705431,1.49717532522258,1.65073638592667,1,1.87940966218716,0.0794096621871607,0.0794096621871607,0.0794096621871607,0.00630589444867898,1.79711324119213,2.05221023917515,1
33,"n1000-b1_1-b2_2p8-b3_2p5",1000,9,329,1,1,0,1.029619,0.9162907,1.5,1.8,1,1.3,0.096,332,174,338,156,FALSE,NA,TRUE,NA,0.0441954048148942,0.0441954048148942,0.0441954048148942,0.0441954048148942,0.00195323380675237,-0.206249636655285,0.297625433720608,1,1.08064536961257,0.051026369612565,0.051026369612565,0.051026369612565,0.0026036903958381,0.857828408578084,1.31291122431742,1,0.80464358539897,-0.11164711460103,0.11164711460103,0.11164711460103,0.0124650781987356,0.504062988795923,1.09867143840392,1,1.46501951666275,-0.0349804833372471,0.0349804833372471,0.0349804833372471,0.00122363421450742,1.36873583961148,1.53172565997842,1,1.83027339479756,0.0302733947975573,0.0302733947975573,0.0302733947975573,0.00091647843256877,1.77371799394413,1.91817175819874,1
33,"n1000-b1_1-b2_2p8-b3_2p5",1000,10,330,1,1,0,1.029619,0.9162907,1.5,1.8,1,1.3,0.081,340,167,324,169,FALSE,NA,TRUE,NA,0.156442194822714,0.156442194822714,0.156442194822714,0.156442194822714,0.024474160320948,-0.0860076945347855,0.40158883765995,1,1.19600044657129,0.166381446571288,0.166381446571288,0.166381446571288,0.0276827857631542,0.984070527171502,1.41743171814175,1,0.53471936998595,-0.38157133001405,0.38157133001405,0.38157133001405,0.145596679888691,0.243064893703424,0.827729463730451,0,1.44071352525458,-0.0592864747454236,0.0592864747454236,0.0592864747454236,0.00351488608773975,1.32757058326204,1.52768169189273,1,1.82847436570765,0.0284743657076532,0.0284743657076532,0.0284743657076532,0.000810789502453174,1.75699788607416,1.88393488862393,1
34,"n1000-b1_1-b2_2p8-b3_2p5",1000,1,331,1,1,0,1.029619,0.9162907,1.5,1.8,1,1.3,0.101,317,174,353,156,FALSE,NA,TRUE,NA,0.099437573998184,0.099437573998184,0.099437573998184,0.099437573998184,0.00988783112264432,-0.150488127291326,0.348999587940475,1,1.04151161397681,0.0118926139768056,0.0118926139768056,0.0118926139768056,0.000141434267201313,0.823126092489589,1.2661001663724,1,0.894067369638482,-0.0222233303615179,0.0222233303615179,0.0222233303615179,0.000493876412357164,0.595584472633129,1.19201960920083,1,1.4778158487774,-0.0221841512226035,0.0221841512226035,0.0221841512226035,0.000492136565467342,1.44326687679081,1.51178280174944,1,1.78404626393436,-0.0159537360656437,0.0159537360656437,0.0159537360656437,0.000254521694452219,1.75938611976114,1.81291709374351,1
34,"n1000-b1_1-b2_2p8-b3_2p5",1000,2,332,1,1,0,1.029619,0.9162907,1.5,1.8,1,1.3,0.099,339,195,309,157,FALSE,NA,TRUE,NA,-0.0596684146313095,-0.0596684146313095,0.0596684146313095,0.0596684146313095,0.00356031970461387,-0.304281611071517,0.181747422964153,1,1.07116083849265,0.0415418384926509,0.0415418384926509,0.0415418384926509,0.00172572434534949,0.851643861329756,1.29300461656806,1,0.975200079516393,0.0589093795163932,0.0589093795163932,0.0589093795163932,0.00347031499500645,0.684277895507051,1.26977711531489,1,1.50079628072325,0.000796280723253107,0.000796280723253107,0.000796280723253107,6.34062990224491e-07,1.45595684081167,1.57465054229199,1,1.82243568562328,0.0224356856232761,0.0224356856232761,0.0224356856232761,0.00050335998938648,1.76495291794276,1.90930932842715,1
34,"n1000-b1_1-b2_2p8-b3_2p5",1000,3,333,1,1,0,1.029619,0.9162907,1.5,1.8,1,1.3,0.09,324,161,356,159,FALSE,NA,TRUE,NA,0.190266870931822,0.190266870931822,0.190266870931822,0.190266870931822,0.0362014821741868,-0.0671552589420475,0.442584589715174,1,1.23373057662515,0.204111576625152,0.204111576625152,0.204111576625152,0.0416615357124055,1.01697256645757,1.45421256173368,1,0.685464083027641,-0.230826616972359,0.230826616972359,0.230826616972359,0.053280927102904,0.387114375330723,0.98870668935506,1,1.49489614896326,-0.00510385103673605,0.00510385103673605,0.00510385103673605,2.60492954051917e-05,1.46015707527335,1.57702046350015,1,1.79130264781443,-0.00869735218556911,0.00869735218556911,0.00869735218556911,7.56439350398237e-05,1.74957427153408,1.88292525681573,1
34,"n1000-b1_1-b2_2p8-b3_2p5",1000,4,334,1,1,0,1.029619,0.9162907,1.5,1.8,1,1.3,0.082,343,169,307,181,FALSE,NA,TRUE,NA,0.0421969933585336,0.0421969933585336,0.0421969933585336,0.0421969933585336,0.00178058624850013,-0.190093387973767,0.28015129049315,1,1.06826056119164,0.0386415611916384,0.0386415611916384,0.0386415611916384,0.00149317025132714,0.861468846347317,1.27750684281848,1,0.704655465941256,-0.211635234058744,0.211635234058744,0.211635234058744,0.0447894722950995,0.416250550559195,0.988929365287143,1,1.51344646195303,0.0134464619530283,0.0134464619530283,0.0134464619530283,0.000180807339054239,1.488065131162,1.54998879666139,1,1.79896497390062,-0.00103502609938033,0.00103502609938033,0.00103502609938033,1.07127902639846e-06,1.76685964823897,1.84201592373613,1
34,"n1000-b1_1-b2_2p8-b3_2p5",1000,5,335,1,1,0,1.029619,0.9162907,1.5,1.8,1,1.3,0.116,351,167,315,167,FALSE,NA,TRUE,NA,-0.10938723639144,-0.10938723639144,0.10938723639144,0.10938723639144,0.0119655674853568,-0.362096024618638,0.140865002593078,1,0.932480812960766,-0.097138187039234,0.097138187039234,0.097138187039234,0.00943582738126922,0.711758409411894,1.15530903752674,1,1.12755865122162,0.211267951221619,0.211267951221619,0.211267951221619,0.0446341472133805,0.824472805074339,1.42885784824689,1,1.47778668683869,-0.0222133131613087,0.0222133131613087,0.0222133131613087,0.00049343128160237,1.42037242923571,1.56244323059319,1,1.78808252519302,-0.0119174748069819,0.0119174748069819,0.0119174748069819,0.000142026205775048,1.72167986794036,1.8839362576429,1
34,"n1000-b1_1-b2_2p8-b3_2p5",1000,6,336,1,1,0,1.029619,0.9162907,1.5,1.8,1,1.3,0.1,334,168,326,172,FALSE,NA,TRUE,NA,0.0592067377091062,0.0592067377091062,0.0592067377091062,0.0592067377091062,0.00350543779015489,-0.185159221714176,0.301585944316887,1,1.01487218929658,-0.0147468107034165,0.0147468107034165,0.0147468107034165,0.000217468425922401,0.800889059823467,1.23371669687747,1,0.758367107076445,-0.157923592923555,0.157923592923555,0.157923592923555,0.0249398612018846,0.471383269134108,1.05131676089169,1,1.52371230890229,0.0237123089022897,0.0237123089022897,0.0237123089022897,0.000562273593477608,1.48925293247511,1.57465322889001,1,1.80055612950482,0.000556129504820646,0.000556129504820646,0.000556129504820646,3.09280026132057e-07,1.76051311197658,1.86003656319418,1
34,"n1000-b1_1-b2_2p8-b3_2p5",1000,7,337,1,1,0,1.029619,0.9162907,1.5,1.8,1,1.3,0.095,336,166,324,174,FALSE,NA,TRUE,NA,-0.0569214496328768,-0.0569214496328768,0.0569214496328768,0.0569214496328768,0.00324005142830813,-0.299375739720065,0.187231241350571,1,1.00898292179664,-0.0206360782033637,0.0206360782033637,0.0206360782033637,0.000425847723615341,0.800257764586021,1.22014812328683,1,0.905135920765516,-0.0111547792344843,0.0111547792344843,0.0111547792344843,0.000124429099770081,0.612124529302701,1.19801949531729,1,1.52113993546426,0.0211399354642583,0.0211399354642583,0.0211399354642583,0.000446896871433006,1.4836796156769,1.6334021147176,1,1.81226968889139,0.0122696888913889,0.0122696888913889,0.0122696888913889,0.000150545265491472,1.77987362081822,1.87252438605636,1
34,"n1000-b1_1-b2_2p8-b3_2p5",1000,8,338,1,1,0,1.029619,0.9162907,1.5,1.8,1,1.3,0.098,347,164,338,151,FALSE,NA,TRUE,NA,-0.0135143654651734,-0.0135143654651734,0.0135143654651734,0.0135143654651734,0.000182638073926272,-0.268228857923442,0.245139941460952,1,0.99635945494898,-0.0332595450510201,0.0332595450510201,0.0332595450510201,0.00110619733700084,0.775755588386823,1.21977994823703,1,0.947860220793511,0.0315695207935109,0.0315695207935109,0.0315695207935109,0.00099663464313192,0.64460273884394,1.2503839991538,1,1.50527627254424,0.00527627254423657,0.00527627254423657,0.00527627254423657,2.78390519610647e-05,1.46649563430831,1.54840688612052,1,1.80405404777164,0.00405404777164398,0.00405404777164398,0.00405404777164398,1.64353033347715e-05,1.75859766784752,1.86294982899342,1
34,"n1000-b1_1-b2_2p8-b3_2p5",1000,9,339,1,1,0,1.029619,0.9162907,1.5,1.8,1,1.3,0.106,346,161,335,158,FALSE,NA,TRUE,NA,-0.0711623358265895,-0.0711623358265895,0.0711623358265895,0.0711623358265895,0.00506407804029631,-0.325072845490867,0.183787777443759,1,1.02894324373301,-0.000675756266994121,0.000675756266994121,0.000675756266994121,4.5664653238183e-07,0.806502454569771,1.25743659915986,1,1.06145286182607,0.145162161826072,0.145162161826072,0.145162161826072,0.0210720532260188,0.7573518182057,1.36774820466774,1,1.51802726619905,0.0180272661990526,0.0180272661990526,0.0180272661990526,0.000324982326611504,1.44863217425443,1.57342599841064,1,1.80896537417992,0.00896537417991694,0.00896537417991694,0.00896537417991694,8.03779341859214e-05,1.75152306311219,1.85984248859322,1
34,"n1000-b1_1-b2_2p8-b3_2p5",1000,10,340,1,1,0,1.029619,0.9162907,1.5,1.8,1,1.3,0.104,315,181,330,174,FALSE,NA,TRUE,NA,-0.0457023118896542,-0.0457023118896542,0.0457023118896542,0.0457023118896542,0.00208870131205922,-0.287283601472227,0.199660912172798,1,1.01765634203682,-0.0119626579631755,0.0119626579631755,0.0119626579631755,0.000143105185543927,0.807452809355922,1.23575620743784,1,0.986233050115025,0.0699423501150255,0.0699423501150255,0.0699423501150255,0.0048919323396128,0.689775156870479,1.27954250607547,1,1.4499058146155,-0.0500941853845041,0.0500941853845041,0.0500941853845041,0.00250942740933706,1.40635974293864,1.51900426747418,1,1.76898520954942,-0.0310147904505798,0.0310147904505798,0.0310147904505798,0.000961917226693373,1.7331738961721,1.81242844230964,1
35,"n1000-b1_1-b2_2p8-b3_2p5",1000,1,341,1,1,0,1.029619,0.9162907,1.5,1.8,1,1.3,0.1,336,166,352,146,FALSE,NA,TRUE,NA,0.0262673488189999,0.0262673488189999,0.0262673488189999,0.0262673488189999,0.000689973613979013,-0.230671418149942,0.286547357233032,1,1.03779804843915,0.0081790484391504,0.0081790484391504,0.0081790484391504,6.68968333699687e-05,0.818949160536219,1.2667840448208,1,1.03069135713201,0.114400657132006,0.114400657132006,0.114400657132006,0.0130875103522347,0.727871696370047,1.33399036754606,1,1.58914012963741,0.0891401296374148,0.0891401296374148,0.0891401296374148,0.00794596271177512,1.49257698381615,1.69801033494044,1,1.8042956506815,0.00429565068150128,0.00429565068150128,0.00429565068150128,1.84526147774824e-05,1.68061187343497,1.95265914898308,1
35,"n1000-b1_1-b2_2p8-b3_2p5",1000,2,342,1,1,0,1.029619,0.9162907,1.5,1.8,1,1.3,0.111,337,171,328,164,FALSE,NA,TRUE,NA,-0.226119872844764,-0.226119872844764,0.226119872844764,0.226119872844764,0.0511301968953323,-0.48376977676393,0.0284741621297259,1,1.02880180026557,-0.000817199734428176,0.000817199734428176,0.000817199734428176,6.67815405949481e-07,0.80744638030983,1.25264735894525,1,1.15659540541954,0.240304705419541,0.240304705419541,0.240304705419541,0.0577463514467725,0.851161866087806,1.45954647659671,1,1.49127683490172,-0.00872316509827864,0.00872316509827864,0.00872316509827864,7.60936093318266e-05,1.45333252908759,1.53751553334608,1,1.81704704479405,0.0170470447940501,0.0170470447940501,0.0170470447940501,0.000290601736210349,1.76195503388472,1.91161910686377,1
35,"n1000-b1_1-b2_2p8-b3_2p5",1000,3,343,1,1,0,1.029619,0.9162907,1.5,1.8,1,1.3,0.08,331,177,320,172,FALSE,NA,TRUE,NA,-0.0200620203596699,-0.0200620203596699,0.0200620203596699,0.0200620203596699,0.000402484660911809,-0.259902153446021,0.213966096767421,1,0.934850720001617,-0.0947682799983829,0.0947682799983829,0.0947682799983829,0.0089810268938519,0.733199278066974,1.14394503129165,1,0.903947452367251,-0.0123432476327487,0.0123432476327487,0.0123432476327487,0.000152355762123357,0.618393240377245,1.19427853296429,1,1.49592126899235,-0.00407873100765221,0.00407873100765221,0.00407873100765221,1.66360466327836e-05,1.41532821292515,1.62267722179179,1,1.76350687096811,-0.0364931290318942,0.0364931290318942,0.0364931290318942,0.00133174846653848,1.66336782452954,1.86542330247043,1
35,"n1000-b1_1-b2_2p8-b3_2p5",1000,4,344,1,1,0,1.029619,0.9162907,1.5,1.8,1,1.3,0.091,344,164,323,169,FALSE,NA,TRUE,NA,-0.067998835011208,-0.067998835011208,0.067998835011208,0.067998835011208,0.00462384156288148,-0.315159300562525,0.177237079752342,1,1.02051857981315,-0.00910042018684742,0.00910042018684742,0.00910042018684742,8.28176475771801e-05,0.81096034929499,1.23209815322124,1,0.873695886545885,-0.042594813454115,0.042594813454115,0.042594813454115,0.00181431813319085,0.577522598548966,1.16870070051935,1,1.52799727527881,0.02799727527881,0.02799727527881,0.02799727527881,0.000783847423037467,1.48519898894131,1.62174421019388,1,1.77980895395899,-0.0201910460410073,0.0201910460410073,0.0201910460410073,0.000407678340230077,1.72410556584486,1.90494246275366,1
35,"n1000-b1_1-b2_2p8-b3_2p5",1000,5,345,1,1,0,1.029619,0.9162907,1.5,1.8,1,1.3,0.091,349,149,332,170,FALSE,NA,TRUE,NA,0.191019020305924,0.191019020305924,0.191019020305924,0.191019020305924,0.0364882661186351,-0.0659100726970496,0.444574106886765,1,1.28307816093089,0.253459160930885,0.253459160930885,0.253459160930885,0.0642415462597882,1.05859130474329,1.50969732028691,0,0.721305759156464,-0.194984940843536,0.194984940843536,0.194984940843536,0.0380191271557573,0.414457927700251,1.02359855742592,1,1.44150699877893,-0.0584930012210714,0.0584930012210714,0.0584930012210714,0.00342143119184826,1.39143052682457,1.53297707063887,1,1.76782445509962,-0.0321755449003842,0.0321755449003842,0.0321755449003842,0.00103526568963664,1.7117767901947,1.83064927513062,1
35,"n1000-b1_1-b2_2p8-b3_2p5",1000,6,346,1,1,0,1.029619,0.9162907,1.5,1.8,1,1.3,0.089,333,179,312,176,FALSE,NA,TRUE,NA,0.116953006390619,0.116953006390619,0.116953006390619,0.116953006390619,0.0136780057038042,-0.119567457501973,0.357143142108245,1,1.10478812392061,0.0751691239206091,0.0751691239206091,0.0751691239206091,0.00565039719099189,0.891487811500382,1.32351635937097,1,0.905069966983103,-0.0112207330168967,0.0112207330168967,0.0112207330168967,0.000125904849436477,0.610834204926488,1.19855377180202,1,1.51298024752654,0.0129802475265444,0.0129802475265444,0.0129802475265444,0.000168486825850361,1.48177351604905,1.57274955355188,1,1.81048603025485,0.010486030254854,0.010486030254854,0.010486030254854,0.000109956830505712,1.79123289737557,1.85070071430137,1
35,"n1000-b1_1-b2_2p8-b3_2p5",1000,7,347,1,1,0,1.029619,0.9162907,1.5,1.8,1,1.3,0.095,318,166,350,166,FALSE,NA,TRUE,NA,0.0964714465774396,0.0964714465774396,0.0964714465774396,0.0964714465774396,0.00930674000474378,-0.156204730203015,0.345714413565658,1,1.16060892209719,0.130989922097195,0.130989922097195,0.130989922097195,0.0171583596910291,0.946044428217457,1.37819970645188,1,0.770808477960677,-0.145482222039323,0.145482222039323,0.145482222039323,0.021165076929499,0.472397548671693,1.06641813358073,1,1.53804322252025,0.0380432225202458,0.0380432225202458,0.0380432225202458,0.00144728677972494,1.48878412772806,1.61509687934278,1,1.89643269480996,0.0964326948099616,0.0964326948099616,0.0964326948099616,0.0092992646283112,1.81550437307948,1.96134877196997,0
35,"n1000-b1_1-b2_2p8-b3_2p5",1000,8,348,1,1,0,1.029619,0.9162907,1.5,1.8,1,1.3,0.089,342,159,341,158,FALSE,NA,TRUE,NA,-0.0737974153250804,-0.0737974153250804,0.0737974153250804,0.0737974153250804,0.00544605850866241,-0.325742136349923,0.178396438509124,1,0.973879694808262,-0.0557393051917385,0.0557393051917385,0.0557393051917385,0.00310687014325777,0.76325523330028,1.18916731269526,1,0.963213880990003,0.0469231809900034,0.0469231809900034,0.0469231809900034,0.00220178491422061,0.663230136539643,1.25927737778257,1,1.50075012405906,0.000750124059057278,0.000750124059057278,0.000750124059057278,5.62686103976566e-07,1.47118281436262,1.56115655429126,1,1.79592384394094,-0.00407615605905542,0.00407615605905542,0.00407615605905542,1.66150482177743e-05,1.74127265453599,1.85213987708464,1
35,"n1000-b1_1-b2_2p8-b3_2p5",1000,9,349,1,1,0,1.029619,0.9162907,1.5,1.8,1,1.3,0.111,330,162,340,168,FALSE,NA,TRUE,NA,0.146150064948329,0.146150064948329,0.146150064948329,0.146150064948329,0.0213598414844007,-0.110492409640273,0.402197089146519,1,1.28602463179526,0.256405631795263,0.256405631795263,0.256405631795263,0.0657438480163279,1.06455036527285,1.51128449087582,0,0.672958288994452,-0.243332411005548,0.243332411005548,0.243332411005548,0.0592106622457731,0.37042133132402,0.975059533453682,1,1.50456355382173,0.00456355382173168,0.00456355382173168,0.00456355382173168,2.08260234838418e-05,1.44287545482268,1.60636970466168,1,1.81101693187471,0.0110169318747109,0.0110169318747109,0.0110169318747109,0.00012137278793202,1.73783303957509,1.87426098691866,1
35,"n1000-b1_1-b2_2p8-b3_2p5",1000,10,350,1,1,0,1.029619,0.9162907,1.5,1.8,1,1.3,0.097,338,167,360,135,FALSE,NA,TRUE,NA,-0.0671392562098598,-0.0671392562098598,0.0671392562098598,0.0671392562098598,0.00450767972441319,-0.330212614749145,0.200750118157901,1,1.03703107266593,0.0074120726659308,0.0074120726659308,0.0074120726659308,5.49388212050385e-05,0.812455138340901,1.26731255124599,1,0.884658675382429,-0.031632024617571,0.031632024617571,0.031632024617571,0.00100058498140662,0.579609649876346,1.19089465687768,1,1.52564694906567,0.0256469490656661,0.0256469490656661,0.0256469490656661,0.000657765996376872,1.43890129274003,1.6250237554858,1,1.7137681589554,-0.0862318410446028,0.0862318410446028,0.0862318410446028,0.00743593040994164,1.59289422982252,1.79171342795034,0
36,"n1000-b1_1-b2_2p8-b3_2p5",1000,1,351,1,1,0,1.029619,0.9162907,1.5,1.8,1,1.3,0.116,333,161,324,182,FALSE,NA,TRUE,NA,-0.0245897803896819,-0.0245897803896819,0.0245897803896819,0.0245897803896819,0.000604657299612785,-0.280029885636428,0.231299912777394,1,1.1931913289648,0.163572328964803,0.163572328964803,0.163572328964803,0.0267559068029696,0.982278438569876,1.41359751788496,1,0.89666510508151,-0.0196255949184905,0.0196255949184905,0.0196255949184905,0.000385163975904679,0.588486918529791,1.201060112582,1,1.5095755151168,0.00957551511679644,0.00957551511679644,0.00957551511679644,9.16904897519971e-05,1.48297676949868,1.5605975400947,1,1.80448433699241,0.00448433699240725,0.00448433699240725,0.00448433699240725,2.01092782614721e-05,1.77313644057038,1.84481476323709,1
36,"n1000-b1_1-b2_2p8-b3_2p5",1000,2,352,1,1,0,1.029619,0.9162907,1.5,1.8,1,1.3,0.092,342,170,330,158,FALSE,NA,TRUE,NA,0.0850722775385288,0.0850722775385288,0.0850722775385288,0.0850722775385288,0.00723729240559248,-0.174652939555445,0.341992020242073,1,1.07631783608569,0.0466988360856855,0.0466988360856855,0.0466988360856855,0.00218078129175772,0.853551270824461,1.30457768467118,1,0.873531695936976,-0.0427590040630239,0.0427590040630239,0.0427590040630239,0.0018283324284617,0.569533948268724,1.17655611929017,1,1.42208523040608,-0.0779147695939213,0.0779147695939213,0.0779147695939213,0.00607071132087384,1.40027291342845,1.44882212622652,0,1.74894283356209,-0.0510571664379129,0.0510571664379129,0.0510571664379129,0.00260683424466874,1.72751625804502,1.77819766461444,0
36,"n1000-b1_1-b2_2p8-b3_2p5",1000,3,353,1,1,0,1.029619,0.9162907,1.5,1.8,1,1.3,0.093,328,168,343,161,FALSE,NA,TRUE,NA,-0.0773571932074685,-0.0773571932074685,0.0773571932074685,0.0773571932074685,0.00598413534093761,-0.322644213232611,0.170042437020675,1,0.86674656431328,-0.16287243568672,0.16287243568672,0.16287243568672,0.0265274303065249,0.658382525722749,1.07963964740844,1,1.08907076260171,0.172780062601708,0.172780062601708,0.172780062601708,0.02985295003265,0.794697473431079,1.38367738670665,1,1.43684211842611,-0.0631578815738907,0.0631578815738907,0.0631578815738907,0.0039889180049016,1.37847082119573,1.52416763038677,1,1.7824625173982,-0.017537482601802,0.017537482601802,0.017537482601802,0.000307563296008507,1.74581316966028,1.83939193129247,1
36,"n1000-b1_1-b2_2p8-b3_2p5",1000,4,354,1,1,0,1.029619,0.9162907,1.5,1.8,1,1.3,0.104,329,179,323,169,FALSE,NA,TRUE,NA,-0.0147563828638533,-0.0147563828638533,0.0147563828638533,0.0147563828638533,0.000217750835224623,-0.257547151878701,0.230664985722537,1,1.01444906430752,-0.0151699356924835,0.0151699356924835,0.0151699356924835,0.000230126948914084,0.801270147150088,1.22943102104514,1,0.868017273240324,-0.0482734267596758,0.0482734267596758,0.0482734267596758,0.00233032373112179,0.572543660827578,1.16001600354613,1,1.52178335789614,0.0217833578961379,0.0217833578961379,0.0217833578961379,0.000474514681231235,1.44250066898849,1.63862424618814,1,1.78924556683713,-0.0107544331628697,0.0107544331628697,0.0107544331628697,0.000115657832654632,1.70117679091268,1.89859664898499,1
36,"n1000-b1_1-b2_2p8-b3_2p5",1000,5,355,1,1,0,1.029619,0.9162907,1.5,1.8,1,1.3,0.1,341,167,316,176,FALSE,NA,TRUE,NA,-0.0140266338872484,-0.0140266338872484,0.0140266338872484,0.0140266338872484,0.000196746458206905,-0.256543929555287,0.226380567157018,1,0.953534604725313,-0.0760843952746872,0.0760843952746872,0.0760843952746872,0.00578883520431485,0.74184491066667,1.1690158681853,1,0.891470628701867,-0.0248200712981329,0.0248200712981329,0.0248200712981329,0.000616035939244401,0.599643650823338,1.18409974213688,1,1.51759241721767,0.0175924172176722,0.0175924172176722,0.0175924172176722,0.000309493143560651,1.45726163680792,1.57652305765257,1,1.80094501317601,0.000945013176010256,0.000945013176010256,0.000945013176010256,8.93049902832992e-07,1.70932424075053,1.89696815894008,1
36,"n1000-b1_1-b2_2p8-b3_2p5",1000,6,356,1,1,0,1.029619,0.9162907,1.5,1.8,1,1.3,0.09,329,188,353,130,FALSE,NA,TRUE,NA,-0.0963168466392532,-0.0963168466392532,0.0963168466392532,0.0963168466392532,0.00927693494652941,-0.350606007915621,0.156751221481165,1,1.0191507860282,-0.0104682139718002,0.0104682139718002,0.0104682139718002,0.000109583503759393,0.790090768856731,1.25531766142133,1,1.06752312687836,0.151232426878359,0.151232426878359,0.151232426878359,0.0228712469395181,0.765960918613016,1.36955773383573,1,1.48871936059883,-0.0112806394011682,0.0112806394011682,0.0112806394011682,0.000127252825299188,1.38858191154924,1.52381056710907,1,1.80742055713519,0.00742055713518974,0.00742055713518974,0.00742055713518974,5.50646681966154e-05,1.72957731572665,1.86901507469503,1
36,"n1000-b1_1-b2_2p8-b3_2p5",1000,7,357,1,1,0,1.029619,0.9162907,1.5,1.8,1,1.3,0.091,330,164,343,163,FALSE,NA,TRUE,NA,-0.0411106131966082,-0.0411106131966082,0.0411106131966082,0.0411106131966082,0.00169008251740114,-0.286171642393986,0.208182082461852,1,1.02353132218237,-0.00608767781763042,0.00608767781763042,0.00608767781763042,3.70598212112695e-05,0.812923766585513,1.24073691791103,1,1.02736382190247,0.111073121902472,0.111073121902472,0.111073121902472,0.0123372384091613,0.729788518383367,1.32068157282412,1,1.5335076647063,0.0335076647062953,0.0335076647062953,0.0335076647062953,0.00112276359406951,1.45942081979135,1.66160649606488,1,1.84654442663529,0.0465444266352923,0.0465444266352923,0.0465444266352923,0.00216638365080811,1.78490442560978,1.95069785467667,1
36,"n1000-b1_1-b2_2p8-b3_2p5",1000,8,358,1,1,0,1.029619,0.9162907,1.5,1.8,1,1.3,0.104,334,188,307,171,FALSE,NA,TRUE,NA,-0.0127570831466903,-0.0127570831466903,0.0127570831466903,0.0127570831466903,0.000162743170411569,-0.252868686339551,0.225289649350181,1,1.01120403533157,-0.018414964668426,0.018414964668426,0.018414964668426,0.000339110923739376,0.796211551356435,1.23045300844045,1,0.981700865099685,0.0654101650996848,0.0654101650996848,0.0654101650996848,0.00427848969836802,0.690549125277726,1.27198307647379,1,1.52333791616826,0.0233379161682612,0.0233379161682612,0.0233379161682612,0.000544658331076787,1.41381095054701,1.60934820880026,1,1.77777064617909,-0.0222293538209066,0.0222293538209066,0.0222293538209066,0.000494144171295056,1.65624790810171,1.90094233558193,1
36,"n1000-b1_1-b2_2p8-b3_2p5",1000,9,359,1,1,0,1.029619,0.9162907,1.5,1.8,1,1.3,0.088,343,161,342,154,FALSE,NA,TRUE,NA,-0.0496866885262871,-0.0496866885262871,0.0496866885262871,0.0496866885262871,0.00246876701670827,-0.305313960355316,0.20380710144255,1,0.975986460777459,-0.0536325392225413,0.0536325392225413,0.0536325392225413,0.00287644926345743,0.758893380811116,1.2025617566648,1,0.859251033433059,-0.0570396665669413,0.0570396665669413,0.0570396665669413,0.00325352356206784,0.556197230001249,1.15788253376609,1,1.529472318354,0.0294723183540027,0.0294723183540027,0.0294723183540027,0.000868617549159682,1.48920041827532,1.61134854318589,1,1.82380182257772,0.0238018225777223,0.0238018225777223,0.0238018225777223,0.000566526758021373,1.78729626844993,1.88566929398919,1
36,"n1000-b1_1-b2_2p8-b3_2p5",1000,10,360,1,1,0,1.029619,0.9162907,1.5,1.8,1,1.3,0.102,358,151,329,162,FALSE,NA,TRUE,NA,0.0127026727057009,0.0127026727057009,0.0127026727057009,0.0127026727057009,0.000161357893868159,-0.24896971006531,0.272870129573275,1,1.06169796606923,0.0320789660692262,0.0320789660692262,0.0320789660692262,0.00102906006407057,0.846186553444001,1.28425372119338,1,0.855672520263449,-0.0606181797365511,0.0606181797365511,0.0606181797365511,0.00367456371457282,0.555619365371156,1.16391747248012,1,1.54940522056415,0.0494052205641506,0.0494052205641506,0.0494052205641506,0.00244087581899237,1.4849386200412,1.6896974982603,1,1.82338580547835,0.0233858054783478,0.0233858054783478,0.0233858054783478,0.000546895897871121,1.77620361058487,1.9011615774063,1
37,"n1000-b1_1-b2_2p8-b3_2p5",1000,1,361,1,1,0,1.029619,0.9162907,1.5,1.8,1,1.3,0.098,361,161,319,159,FALSE,NA,TRUE,NA,0.0315049110401296,0.0315049110401296,0.0315049110401296,0.0315049110401296,0.000992559419646478,-0.222003970563335,0.287455570358178,1,1.12365700656852,0.0940380065685169,0.0940380065685169,0.0940380065685169,0.00884314667938043,0.905145144225096,1.3505410875472,1,0.814051686230512,-0.102239013769488,0.102239013769488,0.102239013769488,0.0104528159365576,0.511597399379343,1.11365822021953,1,1.49578167285738,-0.0042183271426206,0.0042183271426206,0.0042183271426206,1.77942838821697e-05,1.44118506073908,1.57852871043356,1,1.77429248364913,-0.025707516350872,0.025707516350872,0.025707516350872,0.00066087639693035,1.72013827508992,1.82880645258592,1
37,"n1000-b1_1-b2_2p8-b3_2p5",1000,2,362,1,1,0,1.029619,0.9162907,1.5,1.8,1,1.3,0.1,318,172,328,182,FALSE,NA,TRUE,NA,0.0774795171071298,0.0774795171071298,0.0774795171071298,0.0774795171071298,0.00600307557115402,-0.161065466411018,0.317659511643293,1,1.0969191839994,0.0673001839993987,0.0673001839993987,0.0673001839993987,0.00452931476635293,0.88744300249426,1.31244422921258,1,0.964309831327998,0.0480191313279978,0.0480191313279978,0.0480191313279978,0.0023058369734955,0.673244625549743,1.25389689009965,1,1.51468157806587,0.0146815780658685,0.0146815780658685,0.0146815780658685,0.00021554873450419,1.4865624858884,1.55584992031364,1,1.81609203045248,0.016092030452479,0.016092030452479,0.016092030452479,0.000258953444083511,1.7812270765334,1.88389248125845,1
37,"n1000-b1_1-b2_2p8-b3_2p5",1000,3,363,1,1,0,1.029619,0.9162907,1.5,1.8,1,1.3,0.102,335,165,326,174,FALSE,NA,TRUE,NA,-0.00481316925489547,-0.00481316925489547,0.00481316925489547,0.00481316925489547,2.3166598276271e-05,-0.251425916989533,0.23980318613723,1,1.11695893226423,0.0873399322642254,0.0873399322642254,0.0873399322642254,0.00762826376791949,0.90474772648612,1.33668664799424,1,0.943944304113357,0.0276536041133565,0.0276536041133565,0.0276536041133565,0.000764721820458247,0.645744501136427,1.23701937214925,1,1.51067006733306,0.0106700673330571,0.0106700673330571,0.0106700673330571,0.000113850336891972,1.45791233285773,1.5413125223768,1,1.80200573104786,0.00200573104786472,0.00200573104786472,0.00200573104786472,4.02295703636852e-06,1.74708677394942,1.83847413236148,1
37,"n1000-b1_1-b2_2p8-b3_2p5",1000,4,364,1,1,0,1.029619,0.9162907,1.5,1.8,1,1.3,0.09,351,172,324,153,FALSE,NA,TRUE,NA,0.186436157735839,0.186436157735839,0.186436157735839,0.186436157735839,0.0347584409113027,-0.0613435217538864,0.440115959005758,1,1.11646569520726,0.0868466952072637,0.0868466952072637,0.0868466952072637,0.00754234846842337,0.890028444528173,1.34669439131337,1,0.808501578625603,-0.107789121374397,0.107789121374397,0.107789121374397,0.0116184946866644,0.513534714588641,1.10959722667454,1,1.49311188799914,-0.00688811200085704,0.00688811200085704,0.00688811200085704,4.74460869363508e-05,1.41923498399531,1.56097148733926,1,1.8031621245641,0.00316212456410225,0.00316212456410225,0.00316212456410225,9.99903175889887e-06,1.67413059786659,1.92263489418007,1
37,"n1000-b1_1-b2_2p8-b3_2p5",1000,5,365,1,1,0,1.029619,0.9162907,1.5,1.8,1,1.3,0.096,330,164,346,160,FALSE,NA,TRUE,NA,0.210779777670337,0.210779777670337,0.210779777670337,0.210779777670337,0.0444281146747569,-0.0415313782087137,0.463512489215169,1,1.23170176749357,0.202082767493566,0.202082767493566,0.202082767493566,0.0408374449178588,1.005251793438,1.45971603826579,1,0.591914477528411,-0.324376222471589,0.324376222471589,0.324376222471589,0.105219933704938,0.289107905546102,0.890617230605327,0,1.47008368315373,-0.0299163168462657,0.0299163168462657,0.0299163168462657,0.000894986013646162,1.41205923554186,1.53032863446821,1,1.79897094382372,-0.00102905617628446,0.00102905617628446,0.00102905617628446,1.05895661394919e-06,1.74737866971867,1.88867456975709,1
37,"n1000-b1_1-b2_2p8-b3_2p5",1000,6,366,1,1,0,1.029619,0.9162907,1.5,1.8,1,1.3,0.089,323,163,326,188,FALSE,NA,TRUE,NA,0.148042300856924,0.148042300856924,0.148042300856924,0.148042300856924,0.021916522843012,-0.0891468653788199,0.386173216959923,1,0.908727253477588,-0.120891746522412,0.120891746522412,0.120891746522412,0.0146148143772391,0.703303200891243,1.11326646231958,1,0.712180901190791,-0.204109798809209,0.204109798809209,0.204109798809209,0.0416608099699357,0.425816221739111,0.998799101247396,1,1.4375766259088,-0.0624233740912037,0.0624233740912037,0.0624233740912037,0.00389667763293036,1.33994923253026,1.55005672276637,1,1.68941615786866,-0.110583842131344,0.110583842131344,0.110583842131344,0.0122287861405301,1.61177994242131,1.80723188416555,1
37,"n1000-b1_1-b2_2p8-b3_2p5",1000,7,367,1,1,0,1.029619,0.9162907,1.5,1.8,1,1.3,0.097,321,176,337,166,FALSE,NA,TRUE,NA,-0.0385131916837079,-0.0385131916837079,0.0385131916837079,0.0385131916837079,0.00148326593366603,-0.282126434561388,0.205240810378689,1,1.09941865073594,0.0697996507359406,0.0697996507359406,0.0697996507359406,0.0048719912428593,0.884248816823295,1.31680787776326,1,1.02651577400693,0.110225074006931,0.110225074006931,0.110225074006931,0.0121495669398335,0.736041323367268,1.32263039574573,1,1.49989073005091,-0.000109269949085,0.000109269949085,0.000109269949085,1.19399217730385e-08,1.4720405971116,1.55886857763601,1,1.79183564250089,-0.00816435749911437,0.00816435749911437,0.00816435749911437,6.66567333733451e-05,1.7438171940944,1.90748317890512,1
37,"n1000-b1_1-b2_2p8-b3_2p5",1000,8,368,1,1,0,1.029619,0.9162907,1.5,1.8,1,1.3,0.092,368,161,323,148,FALSE,NA,TRUE,NA,0.199954628182313,0.199954628182313,0.199954628182313,0.199954628182313,0.0399818533315269,-0.0558678004287264,0.459122976288103,1,1.09212703251784,0.0625080325178418,0.0625080325178418,0.0625080325178418,0.00390725412925156,0.863211712782605,1.32316772427102,1,0.859530337872609,-0.0567603621273911,0.0567603621273911,0.0567603621273911,0.00322173870883257,0.552548178339595,1.16424751031581,1,1.53714714198082,0.037147141980818,0.037147141980818,0.037147141980818,0.00137991015734305,1.50017944499588,1.58444953446131,0,1.87155207484236,0.0715520748423606,0.0715520748423606,0.0715520748423606,0.00511969941424677,1.79918644869596,1.94438264879322,1
37,"n1000-b1_1-b2_2p8-b3_2p5",1000,9,369,1,1,0,1.029619,0.9162907,1.5,1.8,1,1.3,0.092,324,159,356,161,FALSE,NA,TRUE,NA,0.105415328122936,0.105415328122936,0.105415328122936,0.105415328122936,0.0111123914032663,-0.143967975238118,0.356724320550915,1,1.11040860342397,0.0807896034239739,0.0807896034239739,0.0807896034239739,0.00652696002140297,0.897537483916411,1.33202148797206,1,0.689222685714952,-0.227068014285048,0.227068014285048,0.227068014285048,0.0515598831113548,0.387629004165997,0.984131729554925,1,1.51287347062551,0.0128734706255069,0.0128734706255069,0.0128734706255069,0.00016572624594579,1.44844724690555,1.5567012044666,1,1.79994796295152,-5.20370484842214e-05,5.20370484842214e-05,5.20370484842214e-05,2.70785441494921e-09,1.72828083158332,1.83241184363739,1
37,"n1000-b1_1-b2_2p8-b3_2p5",1000,10,370,1,1,0,1.029619,0.9162907,1.5,1.8,1,1.3,0.094,307,169,350,174,FALSE,NA,TRUE,NA,-0.0256551141079577,-0.0256551141079577,0.0256551141079577,0.0256551141079577,0.000658184879892332,-0.269419935865282,0.218215715386209,1,1.04897952631707,0.0193605263170717,0.0193605263170717,0.0193605263170717,0.000374829979274028,0.842016586979764,1.26090491388902,1,0.809929517506193,-0.106361182493807,0.106361182493807,0.106361182493807,0.0113127011414808,0.520739503446532,1.10211145297963,1,1.4439683803839,-0.0560316196161026,0.0560316196161026,0.0560316196161026,0.00313954239680361,1.37733104261052,1.57858961547673,1,1.69444755235081,-0.105552447649186,0.105552447649186,0.105552447649186,0.0111413192047343,1.65224922867185,1.8422318320241,1
38,"n1000-b1_1-b2_2p8-b3_2p5",1000,1,371,1,1,0,1.029619,0.9162907,1.5,1.8,1,1.3,0.09,349,153,322,176,FALSE,NA,TRUE,NA,-0.265464369434981,-0.265464369434981,0.265464369434981,0.265464369434981,0.0704713314395122,-0.512939231930714,-0.0188879113427973,0,0.981468333678503,-0.0481506663214968,0.0481506663214968,0.0481506663214968,0.00231848666720412,0.771444883054116,1.19546688772492,1,1.27921746387166,0.362926763871662,0.362926763871662,0.362926763871662,0.131715835934357,0.978856769503359,1.57833307010715,0,1.53285781331018,0.032857813310176,0.032857813310176,0.032857813310176,0.00107963589552638,1.48848925493877,1.59408808639983,1,1.86122375220592,0.0612237522059205,0.0612237522059205,0.0612237522059205,0.00374834783417195,1.76250055142996,1.94256716933515,1
38,"n1000-b1_1-b2_2p8-b3_2p5",1000,2,372,1,1,0,1.029619,0.9162907,1.5,1.8,1,1.3,0.113,314,175,329,182,FALSE,NA,TRUE,NA,0.03786629761075,0.03786629761075,0.03786629761075,0.03786629761075,0.00143385649474589,-0.208299760563607,0.280377076377563,1,1.12533567762639,0.0957166776263905,0.0957166776263905,0.0957166776263905,0.00916168237583436,0.908978875208283,1.34461570123187,1,0.854194746161453,-0.062095953838547,0.062095953838547,0.062095953838547,0.00385590748311897,0.557927390336679,1.14598107927404,1,1.50355041211959,0.00355041211958929,0.00355041211958929,0.00355041211958929,1.26054262189265e-05,1.48970922012302,1.52528449840081,1,1.81074820213921,0.0107482021392136,0.0107482021392136,0.0107482021392136,0.000115523849225395,1.79258845286139,1.85553406396987,1
38,"n1000-b1_1-b2_2p8-b3_2p5",1000,3,373,1,1,0,1.029619,0.9162907,1.5,1.8,1,1.3,0.096,343,175,319,163,FALSE,NA,TRUE,NA,0.0912791765898191,0.0912791765898191,0.0912791765898191,0.0912791765898191,0.00833188807891539,-0.156596686816777,0.34274226462373,1,0.948048353801399,-0.0815706461986011,0.0815706461986011,0.0815706461986011,0.00665377032125736,0.730880987896314,1.17089291242953,1,0.931762838150379,0.015472138150379,0.015472138150379,0.015472138150379,0.000239387058944412,0.633409623584162,1.22860721312007,1,1.43152212144322,-0.0684778785567808,0.0684778785567808,0.0684778785567808,0.00468921985163722,1.33337680971528,1.53473649225547,1,1.74075469073262,-0.0592453092673826,0.0592453092673826,0.0592453092673826,0.00351000667018781,1.67043192105333,1.83597483624832,1
38,"n1000-b1_1-b2_2p8-b3_2p5",1000,4,374,1,1,0,1.029619,0.9162907,1.5,1.8,1,1.3,0.087,366,167,313,154,FALSE,NA,TRUE,NA,-0.126951287384353,-0.126951287384353,0.126951287384353,0.126951287384353,0.0161166293685446,-0.377188956171906,0.123883611872893,1,0.920597724378262,-0.109021275621738,0.109021275621738,0.109021275621738,0.011885638538191,0.706018314207643,1.14135193669114,1,1.02194802732108,0.105657327321075,0.105657327321075,0.105657327321075,0.0111634708166328,0.722789224680437,1.32173836491123,1,1.50531129928916,0.0053112992891633,0.0053112992891633,0.0053112992891633,2.82099001390665e-05,1.44734038223148,1.57518102873583,1,1.79677655391223,-0.00322344608777114,0.00322344608777114,0.00322344608777114,1.03906046807671e-05,1.71666253495109,1.88234229955384,1
38,"n1000-b1_1-b2_2p8-b3_2p5",1000,5,375,1,1,0,1.029619,0.9162907,1.5,1.8,1,1.3,0.085,335,159,345,161,FALSE,NA,TRUE,NA,0.0469261019680198,0.0469261019680198,0.0469261019680198,0.0469261019680198,0.002202059045913,-0.205048633790327,0.294585573426703,1,1.07203833534075,0.0424193353407503,0.0424193353407503,0.0424193353407503,0.00179940001075102,0.851862823828649,1.29484570071055,1,0.918273522391792,0.00198282239179248,0.00198282239179248,0.00198282239179248,3.93158463739366e-06,0.61907248501732,1.22067122713072,1,1.52117918764748,0.0211791876474783,0.0211791876474783,0.0211791876474783,0.000448557989407097,1.49321621602142,1.59623832151086,1,1.8184203263941,0.0184203263941014,0.0184203263941014,0.0184203263941014,0.000339308424465229,1.78326450513333,1.89251644329749,1
38,"n1000-b1_1-b2_2p8-b3_2p5",1000,6,376,1,1,0,1.029619,0.9162907,1.5,1.8,1,1.3,0.09,325,163,353,159,FALSE,NA,TRUE,NA,-0.00190118395549496,-0.00190118395549496,0.00190118395549496,0.00190118395549496,3.61450043263144e-06,-0.24577077241528,0.246560786191187,1,0.915646492199557,-0.113972507800443,0.113972507800443,0.113972507800443,0.0129897325343221,0.706014479491015,1.12786901166458,1,0.982480739661986,0.0661900396619862,0.0661900396619862,0.0661900396619862,0.00438112135045531,0.687743491724667,1.27583223036278,1,1.5312349314411,0.0312349314411047,0.0312349314411047,0.0312349314411047,0.000975620942130509,1.49975277997819,1.57211072651571,1,1.80966083495722,0.0096608349572227,0.0096608349572227,0.0096608349572227,9.33317320706961e-05,1.78110469288156,1.86024140780249,1
38,"n1000-b1_1-b2_2p8-b3_2p5",1000,7,377,1,1,0,1.029619,0.9162907,1.5,1.8,1,1.3,0.094,343,164,345,148,FALSE,NA,TRUE,NA,-0.0337385720797865,-0.0337385720797865,0.0337385720797865,0.0337385720797865,0.00113829124598295,-0.291036557391071,0.228311982098042,1,1.09744440876792,0.0678254087679224,0.0678254087679224,0.0678254087679224,0.00460028607453577,0.874621038701016,1.32847396569531,1,0.953050438419327,0.0367597384193269,0.0367597384193269,0.0367597384193269,0.00135127836865734,0.650486093970633,1.2547584852574,1,1.53847199865077,0.038471998650768,0.038471998650768,0.038471998650768,0.00148009468018469,1.4924065934513,1.61523161611047,1,1.88474550628603,0.0847455062860265,0.0847455062860265,0.0847455062860265,0.00718180083567496,1.74762655658951,2.09158991614348,1
38,"n1000-b1_1-b2_2p8-b3_2p5",1000,8,378,1,1,0,1.029619,0.9162907,1.5,1.8,1,1.3,0.103,324,183,328,165,FALSE,NA,TRUE,NA,0.103621803943038,0.103621803943038,0.103621803943038,0.103621803943038,0.0107374782524093,-0.139636970213161,0.350452736299004,1,1.06449328093531,0.034874280935314,0.034874280935314,0.034874280935314,0.0012162154707552,0.849975177136453,1.28757164018377,1,0.722015330767077,-0.194275369232923,0.194275369232923,0.194275369232923,0.0377429190905884,0.4279850757175,1.01597460767796,1,1.56218428647967,0.0621842864796707,0.0621842864796707,0.0621842864796707,0.00386688548498575,1.48252705561077,1.72420168952268,1,1.82379547558228,0.0237954755822776,0.0237954755822776,0.0237954755822776,0.000566224658186768,1.761772486788,1.95843475454518,1
38,"n1000-b1_1-b2_2p8-b3_2p5",1000,9,379,1,1,0,1.029619,0.9162907,1.5,1.8,1,1.3,0.08,332,145,355,168,FALSE,NA,TRUE,NA,-0.0691188198457184,-0.0691188198457184,0.0691188198457184,0.0691188198457184,0.00477741125686487,-0.320120234073467,0.177668202749406,1,0.917397424942643,-0.112221575057357,0.112221575057357,0.112221575057357,0.012593681908354,0.715347767655828,1.12523026481309,1,0.995733621347912,0.0794429213479123,0.0794429213479123,0.0794429213479123,0.00631117775229058,0.703120455395858,1.29475400421593,1,1.47039803468298,-0.0296019653170168,0.0296019653170168,0.0296019653170168,0.000876276350629863,1.43785328947985,1.53473538134569,1,1.80167522587119,0.00167522587118563,0.00167522587118563,0.00167522587118563,2.80638171948964e-06,1.71612063060866,1.86768903734294,1
38,"n1000-b1_1-b2_2p8-b3_2p5",1000,10,380,1,1,0,1.029619,0.9162907,1.5,1.8,1,1.3,0.076,350,154,330,166,FALSE,NA,TRUE,NA,0.0376610103489874,0.0376610103489874,0.0376610103489874,0.0376610103489874,0.00141835170050654,-0.205993493335848,0.284933214596811,1,0.852684350043022,-0.176934649956978,0.176934649956978,0.176934649956978,0.0313058703553984,0.645810686458353,1.06529433343131,1,0.957857801215289,0.0415671012152892,0.0415671012152892,0.0415671012152892,0.00172782390344209,0.665169173584866,1.25169999541968,1,1.47679592521472,-0.0232040747852778,0.0232040747852778,0.0232040747852778,0.000538429086640763,1.43145903039402,1.54220950270597,1,1.76570648957835,-0.0342935104216457,0.0342935104216457,0.0342935104216457,0.00117604485703953,1.69353604418042,1.85588523366588,1
39,"n1000-b1_1-b2_2p8-b3_2p5",1000,1,381,1,1,0,1.029619,0.9162907,1.5,1.8,1,1.3,0.091,312,164,352,172,FALSE,NA,TRUE,NA,0.16437727459716,0.16437727459716,0.16437727459716,0.16437727459716,0.0270198884039901,-0.0846869235749194,0.408253657876259,1,1.14896158474397,0.119342584743972,0.119342584743972,0.119342584743972,0.0142426525333722,0.937000183310666,1.36353880044535,1,0.727045280431171,-0.189245419568829,0.189245419568829,0.189245419568829,0.0358138288277823,0.435634368537986,1.02383896009321,1,1.49314481282764,-0.00685518717235611,0.00685518717235611,0.00685518717235611,4.69935911680358e-05,1.4586591912089,1.55618155589474,1,1.78705155624661,-0.0129484437533935,0.0129484437533935,0.0129484437533935,0.000167662195634796,1.7578778612009,1.83515501780816,1
39,"n1000-b1_1-b2_2p8-b3_2p5",1000,2,382,1,1,0,1.029619,0.9162907,1.5,1.8,1,1.3,0.079,338,177,319,166,FALSE,NA,TRUE,NA,0.0403810589643366,0.0403810589643366,0.0403810589643366,0.0403810589643366,0.00163062992308123,-0.201516562394502,0.282214625074597,1,1.07798028094913,0.0483612809491325,0.0483612809491325,0.0483612809491325,0.00233881349504093,0.864431858533701,1.2933202848805,1,0.91277522198399,-0.0035154780160096,0.0035154780160096,0.0035154780160096,1.23585856810468e-05,0.617170603143866,1.20760846028101,1,1.42494213602725,-0.0750578639727479,0.0750578639727479,0.0750578639727479,0.00563368294415153,1.39377672935386,1.48962230402389,0,1.75538855837358,-0.0446114416264209,0.0446114416264209,0.0446114416264209,0.00199018072398756,1.70521209039228,1.8375923631187,1
39,"n1000-b1_1-b2_2p8-b3_2p5",1000,3,383,1,1,0,1.029619,0.9162907,1.5,1.8,1,1.3,0.111,330,176,329,165,FALSE,NA,TRUE,NA,0.113695332817578,0.113695332817578,0.113695332817578,0.113695332817578,0.0129266287044998,-0.139995109530386,0.371904605017857,1,1.35395652850831,0.324337528508307,0.324337528508307,0.324337528508307,0.105194832398877,1.12885557397324,1.58841730541088,0,0.717527884117115,-0.198762815882885,0.198762815882885,0.198762815882885,0.0395066569776938,0.409007135294177,1.01557378630719,1,1.50294791802281,0.00294791802281225,0.00294791802281225,0.00294791802281225,8.69022066922126e-06,1.45879874775139,1.59964587314054,1,1.79535814746872,-0.00464185253127947,0.00464185253127947,0.00464185253127947,2.15467949221456e-05,1.71979959157858,1.86408726435047,1
39,"n1000-b1_1-b2_2p8-b3_2p5",1000,4,384,1,1,0,1.029619,0.9162907,1.5,1.8,1,1.3,0.104,326,180,315,179,FALSE,NA,TRUE,NA,-0.0224542161856108,-0.0224542161856108,0.0224542161856108,0.0224542161856108,0.000504191824510147,-0.255786884384785,0.213406700746985,1,0.784306912903406,-0.245312087096594,0.245312087096594,0.245312087096594,0.0601780200756871,0.578094092756203,0.992804875852366,0,1.01341679049695,0.0971260904969462,0.0971260904969462,0.0971260904969462,0.00943347745522098,0.715289304120248,1.30052601373524,1,1.52189428219281,0.0218942821928116,0.0218942821928116,0.0218942821928116,0.000479359592738469,1.44428527058728,1.62285145627344,1,1.84649032815145,0.0464903281514453,0.0464903281514453,0.0464903281514453,0.00216135061162906,1.68091823705607,1.93826896020855,1
39,"n1000-b1_1-b2_2p8-b3_2p5",1000,5,385,1,1,0,1.029619,0.9162907,1.5,1.8,1,1.3,0.091,354,166,322,158,FALSE,NA,TRUE,NA,-0.203078227105719,-0.203078227105719,0.203078227105719,0.203078227105719,0.0412407663244018,-0.454907234424593,0.0456474555894928,1,1.01084717348702,-0.0187718265129828,0.0187718265129828,0.0187718265129828,0.000352381470633525,0.794904988160764,1.22514621849326,1,1.11579815419846,0.199507454198464,0.199507454198464,0.199507454198464,0.0398032242807523,0.819295547106124,1.41525440774799,1,1.47941911005515,-0.0205808899448547,0.0205808899448547,0.0205808899448547,0.000423573030922223,1.34950698370249,1.56974640781112,1,1.84379419764758,0.043794197647584,0.043794197647584,0.043794197647584,0.00191793174759565,1.74635466533357,1.9735367344681,1
39,"n1000-b1_1-b2_2p8-b3_2p5",1000,6,386,1,1,0,1.029619,0.9162907,1.5,1.8,1,1.3,0.097,341,150,339,170,FALSE,NA,TRUE,NA,0.0450434920378646,0.0450434920378646,0.0450434920378646,0.0450434920378646,0.00202891617496517,-0.217988930187506,0.308479809158126,1,1.14755712129985,0.117938121299849,0.117938121299849,0.117938121299849,0.013909400455738,0.933207255403546,1.36510381256145,1,0.99742321912968,0.0811325191296798,0.0811325191296798,0.0811325191296798,0.00658248566032786,0.688364441576381,1.30684732657284,1,1.44509471646408,-0.0549052835359183,0.0549052835359183,0.0549052835359183,0.00301459016015958,1.36426144240197,1.52225081827519,1,1.7407210620274,-0.0592789379725978,0.0592789379725978,0.0592789379725978,0.00351399248715909,1.65600021842738,1.83914497662797,1
39,"n1000-b1_1-b2_2p8-b3_2p5",1000,7,387,1,1,0,1.029619,0.9162907,1.5,1.8,1,1.3,0.083,320,164,339,177,FALSE,NA,TRUE,NA,-0.128537881509514,-0.128537881509514,0.128537881509514,0.128537881509514,0.0165219869829539,-0.366585957598051,0.108051281858014,1,0.834931848310241,-0.194687151689759,0.194687151689759,0.194687151689759,0.0379030870330712,0.63580030438654,1.0387608702497,1,1.02700106367067,0.110710363670666,0.110710363670666,0.110710363670666,0.012256784624091,0.739856882593807,1.31646773089731,1,1.55719586174723,0.0571958617472303,0.0571958617472303,0.0571958617472303,0.00327136660100829,1.47908395451027,1.68280951510889,1,1.82910341486225,0.0291034148622535,0.0291034148622535,0.0291034148622535,0.00084700875664444,1.74075027833972,1.98500823943694,1
39,"n1000-b1_1-b2_2p8-b3_2p5",1000,8,388,1,1,0,1.029619,0.9162907,1.5,1.8,1,1.3,0.105,338,174,321,167,FALSE,NA,TRUE,NA,0.0426735922724821,0.0426735922724821,0.0426735922724821,0.0426735922724821,0.00182103547743804,-0.209041876869362,0.293335983576443,1,1.05750939345237,0.0278903934523684,0.0278903934523684,0.0278903934523684,0.000777874046927916,0.837777797064681,1.28128492797376,1,0.736093965839219,-0.180196734160781,0.180196734160781,0.180196734160781,0.0324708630022111,0.440626818290973,1.03222148904303,1,1.48292843612365,-0.0170715638763452,0.0170715638763452,0.0170715638763452,0.000291438293184135,1.45364976608426,1.54184195145012,1,1.75419563021906,-0.0458043697809445,0.0458043697809445,0.0458043697809445,0.0020980402910295,1.67372753811323,1.87212593091046,1
39,"n1000-b1_1-b2_2p8-b3_2p5",1000,9,389,1,1,0,1.029619,0.9162907,1.5,1.8,1,1.3,0.102,318,175,337,170,FALSE,NA,TRUE,NA,-0.216030247568799,-0.216030247568799,0.216030247568799,0.216030247568799,0.0466690678646364,-0.454731978590415,0.0236925911808552,1,0.816824303286061,-0.212794696713939,0.212794696713939,0.212794696713939,0.0452815829495775,0.612956309700536,1.02785557734903,0,1.15252262373333,0.236231923733328,0.236231923733328,0.236231923733328,0.0558055217907491,0.859676331048929,1.44202251885748,1,1.46416354910757,-0.035836450892428,0.035836450892428,0.035836450892428,0.00128425121256541,1.42707999221473,1.50990636231895,1,1.78858425219232,-0.0114157478076784,0.0114157478076784,0.0114157478076784,0.000130319298008514,1.74565153554439,1.85166556511719,1
39,"n1000-b1_1-b2_2p8-b3_2p5",1000,10,390,1,1,0,1.029619,0.9162907,1.5,1.8,1,1.3,0.083,348,139,361,152,FALSE,NA,TRUE,NA,0.0526808956280975,0.0526808956280975,0.0526808956280975,0.0526808956280975,0.00277527676417851,-0.213386600696008,0.319230894358463,1,1.10813847269664,0.0785194726966409,0.0785194726966409,0.0785194726966409,0.00616530759255854,0.883256878392689,1.33946601404196,1,0.847709741776521,-0.0685809582234791,0.0685809582234791,0.0685809582234791,0.00470334783085058,0.536043660847218,1.16121131081618,1,1.4867007605315,-0.0132992394685034,0.0132992394685034,0.0132992394685034,0.000176869770440599,1.4401269697631,1.59856857214957,1,1.75388405529985,-0.0461159447001542,0.0461159447001542,0.0461159447001542,0.00212668035558768,1.70271261459777,1.84563625547338,1
40,"n1000-b1_1-b2_2p8-b3_2p5",1000,1,391,1,1,0,1.029619,0.9162907,1.5,1.8,1,1.3,0.076,333,173,338,156,FALSE,NA,TRUE,NA,-0.0318982921758556,-0.0318982921758556,0.0318982921758556,0.0318982921758556,0.00101750104373625,-0.273613302382784,0.210601761012955,1,0.914013076277731,-0.115605923722269,0.115605923722269,0.115605923722269,0.0133647295996791,0.705842865198481,1.12889426181478,1,0.966953846960536,0.0506631469605355,0.0506631469605355,0.0506631469605355,0.00256675445994482,0.674620948936006,1.25581396257674,1,1.48715057477601,-0.0128494252239872,0.0128494252239872,0.0128494252239872,0.00016510772858684,1.45455544636078,1.55748195873326,1,1.78060780815495,-0.0193921918450533,0.0193921918450533,0.0193921918450533,0.00037605710455535,1.73702896739346,1.82557524362219,1
40,"n1000-b1_1-b2_2p8-b3_2p5",1000,2,392,1,1,0,1.029619,0.9162907,1.5,1.8,1,1.3,0.103,354,156,297,193,FALSE,NA,TRUE,NA,-0.2150561562024,-0.2150561562024,0.2150561562024,0.2150561562024,0.0462491503205509,-0.467398953688535,0.0300983108726497,1,1.0040656675125,-0.025553332487503,0.025553332487503,0.025553332487503,0.000652972801216877,0.800694375871763,1.2140399674367,1,1.07307792046258,0.156787220462583,0.156787220462583,0.156787220462583,0.0245822325003826,0.774086726299335,1.36921234666478,1,1.51828379352976,0.0182837935297582,0.0182837935297582,0.0182837935297582,0.000334297105838827,1.48771602012946,1.56262237042579,1,1.83078427302806,0.0307842730280645,0.0307842730280645,0.0307842730280645,0.000947671465866421,1.78849612697085,1.89905996845079,1
40,"n1000-b1_1-b2_2p8-b3_2p5",1000,3,393,1,1,0,1.029619,0.9162907,1.5,1.8,1,1.3,0.088,360,169,296,175,FALSE,NA,TRUE,NA,-0.0377169984737149,-0.0377169984737149,0.0377169984737149,0.0377169984737149,0.00142257197386621,-0.275492017531799,0.198180751543551,1,0.999876544356146,-0.0297424556438545,0.0297424556438545,0.0297424556438545,0.000884613667726651,0.786564669883722,1.21457125511106,1,0.89248288236035,-0.0238078176396497,0.0238078176396497,0.0238078176396497,0.000566812180762814,0.602153000697447,1.18200717053175,1,1.59574610196765,0.0957461019676453,0.0957461019676453,0.0957461019676453,0.00916731604199874,1.45541294737916,1.71919396840512,1,1.83013671912897,0.0301367191289741,0.0301367191289741,0.0301367191289741,0.000908221839858673,1.69324054538884,1.94851145433341,1
40,"n1000-b1_1-b2_2p8-b3_2p5",1000,4,394,1,1,0,1.029619,0.9162907,1.5,1.8,1,1.3,0.106,345,164,307,184,FALSE,NA,TRUE,NA,-0.00914877768553053,-0.00914877768553053,0.00914877768553053,0.00914877768553053,8.37001331392614e-05,-0.255257814339233,0.235949098822509,1,1.11923367454386,0.0896146745438582,0.0896146745438582,0.0896146745438582,0.00803078989360162,0.911615925151225,1.33066979596595,1,0.901040075051919,-0.0152506249480806,0.0152506249480806,0.0152506249480806,0.000232581561307019,0.601075054629572,1.1964953400688,1,1.52908601013754,0.0290860101375436,0.0290860101375436,0.0290860101375436,0.000845995985721291,1.46813170069587,1.59230383347837,1,1.84776433664865,0.0477643366486495,0.0477643366486495,0.0477643366486495,0.00228143185548553,1.78904535086617,1.96920249247254,1
40,"n1000-b1_1-b2_2p8-b3_2p5",1000,5,395,1,1,0,1.029619,0.9162907,1.5,1.8,1,1.3,0.09,322,171,322,185,FALSE,NA,TRUE,NA,-0.00776783486661967,-0.00776783486661967,0.00776783486661967,0.00776783486661967,6.03392585150722e-05,-0.243935791684173,0.229096377515795,1,0.841096210223622,-0.188522789776378,0.188522789776378,0.188522789776378,0.0355408422650685,0.639245659130829,1.04664095142699,1,1.01964056242864,0.103349862428636,0.103349862428636,0.103349862428636,0.0106811940640179,0.734719678294452,1.30854382068297,1,1.47431053062349,-0.0256894693765095,0.0256894693765095,0.0256894693765095,0.00065994883684662,1.40122644133531,1.56438630478339,1,1.7749363882541,-0.0250636117458989,0.0250636117458989,0.0250636117458989,0.000628184633749161,1.73077092670816,1.83628416221081,1
40,"n1000-b1_1-b2_2p8-b3_2p5",1000,6,396,1,1,0,1.029619,0.9162907,1.5,1.8,1,1.3,0.097,316,179,315,190,FALSE,NA,TRUE,NA,0.0832691596949642,0.0832691596949642,0.0832691596949642,0.0832691596949642,0.00693375295630544,-0.144828103736242,0.314248436617903,1,1.01525552510278,-0.0143634748972163,0.0143634748972163,0.0143634748972163,0.000206309411122964,0.81274349427429,1.22322424980222,1,0.900230002472125,-0.0160606975278746,0.0160606975278746,0.0160606975278746,0.000257946005081879,0.614567925983805,1.18675147571063,1,1.53503550648391,0.0350355064839112,0.0350355064839112,0.0350355064839112,0.00122748671458418,1.47777472048935,1.6243560784996,1,1.85987552134096,0.0598755213409563,0.0598755213409563,0.0598755213409563,0.00358507805585131,1.75861381490608,2.04826981800494,1
40,"n1000-b1_1-b2_2p8-b3_2p5",1000,7,397,1,1,0,1.029619,0.9162907,1.5,1.8,1,1.3,0.099,335,167,325,173,FALSE,NA,TRUE,NA,0.131354792600345,0.131354792600345,0.131354792600345,0.131354792600345,0.0172540815390795,-0.114786465210489,0.374968966103371,1,1.15834488349483,0.128725883494833,0.128725883494833,0.128725883494833,0.0165703530815254,0.944887975650586,1.37977606335267,1,0.732737294498894,-0.183553405501106,0.183553405501106,0.183553405501106,0.0336918526710535,0.440148888015754,1.02832302712037,1,1.53214800465626,0.0321480046562563,0.0321480046562563,0.0321480046562563,0.00103349420337868,1.47049271786082,1.62700132091633,1,1.80134612192988,0.00134612192987937,0.00134612192987937,0.00134612192987937,1.81204425010217e-06,1.73683353020045,1.86730061497125,1
40,"n1000-b1_1-b2_2p8-b3_2p5",1000,8,398,1,1,0,1.029619,0.9162907,1.5,1.8,1,1.3,0.098,328,151,361,160,FALSE,NA,TRUE,NA,0.00309979715840091,0.00309979715840091,0.00309979715840091,0.00309979715840091,9.60874242323037e-06,-0.254386819895861,0.257437000226867,1,0.934733591084987,-0.0948854089150126,0.0948854089150126,0.0948854089150126,0.00900324082496916,0.716749713047762,1.15262999158186,1,0.964102017520376,0.0478113175203757,0.0478113175203757,0.0478113175203757,0.00228592208303419,0.661862668079204,1.26805086593398,1,1.53431214225216,0.0343121422521635,0.0343121422521635,0.0343121422521635,0.0011773231059327,1.45640631062608,1.58926094255887,1,1.83220528872728,0.0322052887272826,0.0322052887272826,0.0322052887272826,0.00103718062200763,1.76720912646122,1.92115083155892,1
40,"n1000-b1_1-b2_2p8-b3_2p5",1000,9,399,1,1,0,1.029619,0.9162907,1.5,1.8,1,1.3,0.11,315,175,337,173,FALSE,NA,TRUE,NA,-0.0455982352636554,-0.0455982352636554,0.0455982352636554,0.0455982352636554,0.00207919905915967,-0.289108397300827,0.202103444060349,1,0.953693663326029,-0.0759253366739711,0.0759253366739711,0.0759253366739711,0.00576465674905585,0.747573166858116,1.16475871112898,1,0.978461201804824,0.062170501804824,0.062170501804824,0.062170501804824,0.00386517129466362,0.677944490532318,1.26842413772434,1,1.47084537564146,-0.029154624358541,0.029154624358541,0.029154624358541,0.000849992121487632,1.3980017024524,1.51224914198381,1,1.78746860174205,-0.0125313982579489,0.0125313982579489,0.0125313982579489,0.000157035942299325,1.74812055002187,1.85883045612688,1
40,"n1000-b1_1-b2_2p8-b3_2p5",1000,10,400,1,1,0,1.029619,0.9162907,1.5,1.8,1,1.3,0.104,281,185,336,198,FALSE,NA,TRUE,NA,0.185319625480067,0.185319625480067,0.185319625480067,0.185319625480067,0.0343433635880722,-0.0486067609704387,0.417000182264636,1,1.23572626940943,0.206107269409427,0.206107269409427,0.206107269409427,0.04248020650341,1.03142180930153,1.44350338847628,0,0.660076983489956,-0.256213716510044,0.256213716510044,0.256213716510044,0.0656454685278893,0.375999635626069,0.944964458595657,1,1.49875176477647,-0.00124823522353479,0.00124823522353479,0.00124823522353479,1.55809117327294e-06,1.47732504307987,1.53254145975193,1,1.78802092901564,-0.011979070984361,0.011979070984361,0.011979070984361,0.00014349814164836,1.76210526092227,1.83201998907352,1
41,"n1000-b1_1-b2_2p8-b3_2p5",1000,1,401,1,1,0,1.029619,0.9162907,1.5,1.8,1,1.3,0.094,306,198,347,149,FALSE,NA,TRUE,NA,-0.0573418161188729,-0.0573418161188729,0.0573418161188729,0.0573418161188729,0.00328808387581063,-0.301646116367694,0.188502334566899,1,0.898126415715595,-0.131492584284405,0.131492584284405,0.131492584284405,0.0172902997217912,0.681034744047767,1.12032711658479,1,1.02226716127318,0.105976461273182,0.105976461273182,0.105976461273182,0.0112310103439862,0.728775655362894,1.31694171147881,1,1.51948043341836,0.0194804334183594,0.0194804334183594,0.0194804334183594,0.000379487286167132,1.48819935934195,1.5655516007442,1,1.77921307672602,-0.020786923273979,0.020786923273979,0.020786923273979,0.000432096179198291,1.74368038391458,1.83463289841368,1
41,"n1000-b1_1-b2_2p8-b3_2p5",1000,2,402,1,1,0,1.029619,0.9162907,1.5,1.8,1,1.3,0.087,338,160,342,160,FALSE,NA,TRUE,NA,-0.229797725952013,-0.229797725952013,0.229797725952013,0.229797725952013,0.0528069948527163,-0.484752742572775,0.0200131780955334,1,0.785511722869637,-0.244107277130363,0.244107277130363,0.244107277130363,0.0595883627479998,0.5738583830907,1.00105681708828,0,1.1980085771018,0.281717877101797,0.281717877101797,0.281717877101797,0.0793649622787429,0.893513409996113,1.50069354084929,1,1.50389828666705,0.00389828666705339,0.00389828666705339,0.00389828666705339,1.51966389385262e-05,1.4165174240695,1.61160320940445,1,1.83091580403952,0.0309158040395161,0.0309158040395161,0.0309158040395161,0.00095578693940976,1.7480451975678,1.98954970026421,1
41,"n1000-b1_1-b2_2p8-b3_2p5",1000,3,403,1,1,0,1.029619,0.9162907,1.5,1.8,1,1.3,0.118,309,159,331,201,FALSE,NA,TRUE,NA,-0.149204383477158,-0.149204383477158,0.149204383477158,0.149204383477158,0.0222619480487987,-0.391852565403546,0.0923720966279989,1,0.96765993912243,-0.06195906087757,0.06195906087757,0.06195906087757,0.00383892522483042,0.767385612518108,1.16840931324763,1,1.00776249745035,0.0914717974503523,0.0914717974503523,0.0914717974503523,0.00836708972879827,0.721176737962829,1.29854006689733,1,1.5112356031776,0.0112356031776035,0.0112356031776035,0.0112356031776035,0.000126238778764574,1.45325072092596,1.59393350743409,1,1.83849852002869,0.0384985200286851,0.0384985200286851,0.0384985200286851,0.00148213604439907,1.76541893014044,1.93958446909597,1
41,"n1000-b1_1-b2_2p8-b3_2p5",1000,4,404,1,1,0,1.029619,0.9162907,1.5,1.8,1,1.3,0.096,332,166,336,166,FALSE,NA,TRUE,NA,0.150268037934715,0.150268037934715,0.150268037934715,0.150268037934715,0.0225804832247491,-0.0934188826196633,0.397050192293401,1,1.11365499442296,0.0840359944229572,0.0840359944229572,0.0840359944229572,0.00706204835865529,0.899027615673576,1.33211684388967,1,0.703640693256748,-0.212650006743252,0.212650006743252,0.212650006743252,0.045220025367905,0.409074730978841,0.994409189904321,1,1.53525479944273,0.0352547994427297,0.0352547994427297,0.0352547994427297,0.00124290088374709,1.49125382727703,1.58388296083388,1,1.84948102701269,0.0494810270126906,0.0494810270126906,0.0494810270126906,0.00244837203423062,1.7646946716948,1.92653559371295,1
41,"n1000-b1_1-b2_2p8-b3_2p5",1000,5,405,1,1,0,1.029619,0.9162907,1.5,1.8,1,1.3,0.1,335,187,328,150,FALSE,NA,TRUE,NA,-0.0217131189887259,-0.0217131189887259,0.0217131189887259,0.0217131189887259,0.000471459536218571,-0.263187052764633,0.227960269054752,1,1.03755065810853,0.00793165810852847,0.00793165810852847,0.00793165810852847,6.29112003505855e-05,0.817147577476723,1.27187181067497,1,0.876331664907784,-0.0399590350922157,0.0399590350922157,0.0399590350922157,0.00159672448550092,0.580458626327135,1.16811484824332,1,1.51015468697205,0.0101546869720499,0.0101546869720499,0.0101546869720499,0.00010311766750032,1.49596877530443,1.53807643031041,1,1.80052073305978,0.000520733059776513,0.000520733059776513,0.000520733059776513,2.71162919544209e-07,1.72506614552016,1.84260842590432,1
41,"n1000-b1_1-b2_2p8-b3_2p5",1000,6,406,1,1,0,1.029619,0.9162907,1.5,1.8,1,1.3,0.082,322,164,328,186,FALSE,NA,TRUE,NA,-0.024070813575555,-0.024070813575555,0.024070813575555,0.024070813575555,0.000579404066189124,-0.261810813039295,0.214436189833629,1,1.00490904297016,-0.0247099570298412,0.0247099570298412,0.0247099570298412,0.000610581976416601,0.800927531491847,1.21082726875148,1,0.945959425233911,0.0296687252339111,0.0296687252339111,0.0296687252339111,0.000880233257005311,0.658722345129644,1.22997115571605,1,1.48640088213017,-0.0135991178698309,0.0135991178698309,0.0135991178698309,0.000184936006837555,1.41879437637139,1.54219632350811,1,1.7859488437178,-0.0140511562821979,0.0140511562821979,0.0140511562821979,0.000197434992866749,1.73711215507465,1.862075870872,1
41,"n1000-b1_1-b2_2p8-b3_2p5",1000,7,407,1,1,0,1.029619,0.9162907,1.5,1.8,1,1.3,0.087,312,173,356,159,FALSE,NA,TRUE,NA,-0.0822223783227679,-0.0822223783227679,0.0822223783227679,0.0822223783227679,0.00676051949705238,-0.326840791886069,0.159647290811891,1,0.936771401296597,-0.0928475987034034,0.0928475987034034,0.0928475987034034,0.00862067658498824,0.724593464096371,1.15443719998037,1,0.922629284450625,0.00633858445062507,0.00633858445062507,0.00633858445062507,4.0177652837706e-05,0.63417671362624,1.20971632678134,1,1.51733977212121,0.0173397721212085,0.0173397721212085,0.0173397721212085,0.00030066769721544,1.44126500534727,1.5887307301738,1,1.81934495033319,0.0193449503331928,0.0193449503331928,0.0193449503331928,0.000374227103393698,1.73442604390361,1.91919687149475,1
41,"n1000-b1_1-b2_2p8-b3_2p5",1000,8,408,1,1,0,1.029619,0.9162907,1.5,1.8,1,1.3,0.105,326,173,342,159,FALSE,NA,TRUE,NA,0.103527836430743,0.103527836430743,0.103527836430743,0.103527836430743,0.0107180129160307,-0.141086130008786,0.347335858954484,1,1.07225801755918,0.0426390175591793,0.0426390175591793,0.0426390175591793,0.001818085818412,0.852389929631729,1.29666460934409,1,0.793199527756032,-0.123091172243968,0.123091172243968,0.123091172243968,0.0151514366843941,0.494971706389153,1.0895794752077,1,1.55182568237722,0.0518256823772192,0.0518256823772192,0.0518256823772192,0.00268590135386441,1.44647240643482,1.68761346791455,1,1.94801176328175,0.148011763281747,0.148011763281747,0.148011763281747,0.0219074820697721,1.73469439072923,2.15977295255582,1
41,"n1000-b1_1-b2_2p8-b3_2p5",1000,9,409,1,1,0,1.029619,0.9162907,1.5,1.8,1,1.3,0.103,340,179,311,170,FALSE,NA,TRUE,NA,-0.0926613061634512,-0.0926613061634512,0.0926613061634512,0.0926613061634512,0.00858611765991685,-0.340853462597638,0.152002272564444,1,1.07284527587917,0.0432262758791688,0.0432262758791688,0.0432262758791688,0.00186851092638201,0.860201851603681,1.29062768308538,1,0.872664755509386,-0.0436259444906144,0.0436259444906144,0.0436259444906144,0.00190322303269817,0.580834754540473,1.16913876230824,1,1.54058638460867,0.0405863846086654,0.0405863846086654,0.0405863846086654,0.00164725461560251,1.4903120085402,1.64534753053063,1,1.8576985085103,0.0576985085102995,0.0576985085102995,0.0576985085102995,0.0033291178843131,1.79522107022187,1.96621515702638,1
41,"n1000-b1_1-b2_2p8-b3_2p5",1000,10,410,1,1,0,1.029619,0.9162907,1.5,1.8,1,1.3,0.096,366,150,332,152,FALSE,NA,TRUE,NA,0.0388712184424074,0.0388712184424074,0.0388712184424074,0.0388712184424074,0.00151097162319735,-0.229660096233418,0.305466745456761,1,1.24783811171851,0.218219111718513,0.218219111718513,0.218219111718513,0.0476195807192171,1.02087133619479,1.48133097689041,1,0.753087041327456,-0.163203658672544,0.163203658672544,0.163203658672544,0.0266354342041042,0.442093012383326,1.06333567032859,1,1.50216148746655,0.00216148746655476,0.00216148746655476,0.00216148746655476,4.6720280680733e-06,1.47727290972908,1.56819742142954,1,1.78329955154544,-0.0167004484545552,0.0167004484545552,0.0167004484545552,0.000278904978583255,1.7620418875906,1.81832492446905,1
42,"n1000-b1_1-b2_2p8-b3_2p5",1000,1,411,1,1,0,1.029619,0.9162907,1.5,1.8,1,1.3,0.106,324,174,343,159,FALSE,NA,TRUE,NA,0.0123239747104585,0.0123239747104585,0.0123239747104585,0.0123239747104585,0.000151880352664021,-0.242140592369026,0.263967672545338,1,1.11901642349716,0.0893974234971595,0.0893974234971595,0.0893974234971595,0.00799189932793049,0.902347157453036,1.33924953718028,1,0.8652225810525,-0.0510681189475003,0.0510681189475003,0.0510681189475003,0.00260795277283604,0.567221049003521,1.16306514129869,1,1.50198378242805,0.00198378242805197,0.00198378242805197,0.00198378242805197,3.93539272184778e-06,1.453421959247,1.58829761006734,1,1.8038505787197,0.00385057871969496,0.00385057871969496,0.00385057871969496,1.48269564765677e-05,1.78027851513467,1.85493094321957,1
42,"n1000-b1_1-b2_2p8-b3_2p5",1000,2,412,1,1,0,1.029619,0.9162907,1.5,1.8,1,1.3,0.102,338,166,331,165,FALSE,NA,TRUE,NA,-0.0535451728347966,-0.0535451728347966,0.0535451728347966,0.0535451728347966,0.00286708553390824,-0.305281626620532,0.194207754980811,1,0.897998989004988,-0.131620010995012,0.131620010995012,0.131620010995012,0.0173238272943271,0.682571625049533,1.11942578844046,1,1.03305515822221,0.116764458222213,0.116764458222213,0.116764458222213,0.013633938703927,0.733952013579945,1.33356944507811,1,1.52682606765841,0.026826067658408,0.026826067658408,0.026826067658408,0.000719637906013484,1.47969366274579,1.601305307923,1,1.83587969250429,0.0358796925042921,0.0358796925042921,0.0358796925042921,0.00128735233420256,1.79056650151692,1.92455166319376,1
42,"n1000-b1_1-b2_2p8-b3_2p5",1000,3,413,1,1,0,1.029619,0.9162907,1.5,1.8,1,1.3,0.104,311,168,340,181,FALSE,NA,TRUE,NA,0.0248602380048042,0.0248602380048042,0.0248602380048042,0.0248602380048042,0.00061803143365551,-0.215604451100525,0.269131194677596,1,0.934300284374896,-0.0953187156251045,0.0953187156251045,0.0953187156251045,0.00908565754841954,0.731304076208076,1.14070183319468,1,0.990788834743027,0.0744981347430269,0.0744981347430269,0.0744981347430269,0.00554997208019019,0.698416919255266,1.28661527612171,1,1.51450775368844,0.0145077536884439,0.0145077536884439,0.0145077536884439,0.000210474917084558,1.47917966070434,1.582993357003,1,1.81476334708943,0.0147633470894306,0.0147633470894306,0.0147633470894306,0.000217956417282999,1.77209898116732,1.91673075072461,1
42,"n1000-b1_1-b2_2p8-b3_2p5",1000,4,414,1,1,0,1.029619,0.9162907,1.5,1.8,1,1.3,0.109,322,167,334,177,FALSE,NA,TRUE,NA,-0.204254419137406,-0.204254419137406,0.204254419137406,0.204254419137406,0.0417198677371591,-0.45561852220763,0.0457341083024166,1,1.04607128003926,0.0164522800392577,0.0164522800392577,0.0164522800392577,0.000270677518490157,0.833084306567427,1.2649203475209,1,1.19448602581962,0.278195325819618,0.278195325819618,0.278195325819618,0.0773926393078832,0.892258357454638,1.50162170574658,1,1.50396777260989,0.00396777260988701,0.00396777260988701,0.00396777260988701,1.57432194837696e-05,1.461357279948,1.59197199288177,1,1.83236517838067,0.0323651783806742,0.0323651783806742,0.0323651783806742,0.00104750477161286,1.76140433075027,1.89274333300418,1
42,"n1000-b1_1-b2_2p8-b3_2p5",1000,5,415,1,1,0,1.029619,0.9162907,1.5,1.8,1,1.3,0.098,342,175,314,169,FALSE,NA,TRUE,NA,0.452349286987744,0.452349286987744,0.452349286987744,0.452349286987744,0.204619877438321,0.206780850685257,0.700285804688514,0,1.32585063370206,0.296231633702059,0.296231633702059,0.296231633702059,0.0877531808057907,1.10266470299428,1.55459942289539,0,0.314441857665912,-0.601848842334088,0.601848842334088,0.601848842334088,0.362222029018882,0.0208638862821412,0.607836234106695,0,1.52691432738036,0.0269143273803618,0.0269143273803618,0.0269143273803618,0.000724381018337294,1.41989401909846,1.64972066519675,1,1.76424651779242,-0.0357534822075849,0.0357534822075849,0.0357534822075849,0.00127831148996809,1.51176326364453,1.92984447299507,1
42,"n1000-b1_1-b2_2p8-b3_2p5",1000,6,416,1,1,0,1.029619,0.9162907,1.5,1.8,1,1.3,0.101,335,155,346,164,FALSE,NA,TRUE,NA,0.0273864714113351,0.0273864714113351,0.0273864714113351,0.0273864714113351,0.000750018816363873,-0.229648643364027,0.278601289488137,1,0.956617003728794,-0.0730019962712057,0.0730019962712057,0.0730019962712057,0.00532929145958114,0.740740787316991,1.1730267532055,1,0.864026312083262,-0.0522643879167379,0.0522643879167379,0.0522643879167379,0.00273156624431126,0.564055508402677,1.16774760076232,1,1.52392467246715,0.0239246724671511,0.0239246724671511,0.0239246724671511,0.000572389952660459,1.45464687837035,1.600939389074,1,1.81654306488847,0.0165430648884726,0.0165430648884726,0.0165430648884726,0.000273672995904214,1.73352377743907,1.89563400641651,1
42,"n1000-b1_1-b2_2p8-b3_2p5",1000,7,417,1,1,0,1.029619,0.9162907,1.5,1.8,1,1.3,0.107,308,183,354,155,FALSE,NA,TRUE,NA,0.12006176304839,0.12006176304839,0.12006176304839,0.12006176304839,0.0144148269462878,-0.133862745961613,0.376131903430185,1,1.222552977069,0.192933977068999,0.192933977068999,0.192933977068999,0.037223519507661,0.99510056217052,1.45594013196042,1,0.89305010336274,-0.0232405966372602,0.0232405966372602,0.0232405966372602,0.00054012533205583,0.590901287726909,1.19701320058293,1,1.51864993979989,0.0186499397998905,0.0186499397998905,0.0186499397998905,0.000347820254539539,1.47944096235216,1.54532604327987,1,1.83572311214892,0.0357231121489234,0.0357231121489234,0.0357231121489234,0.00127614074160456,1.80994707708368,1.89538526722321,0
42,"n1000-b1_1-b2_2p8-b3_2p5",1000,8,418,1,1,0,1.029619,0.9162907,1.5,1.8,1,1.3,0.092,327,171,314,188,FALSE,NA,TRUE,NA,0.106726521100155,0.106726521100155,0.106726521100155,0.106726521100155,0.0113905503061419,-0.128592476241369,0.340343252027506,1,0.948360133570595,-0.0812588664294046,0.0812588664294046,0.0812588664294046,0.00660300337339182,0.740807646617651,1.15964624845545,1,0.890619001377514,-0.0256716986224855,0.0256716986224855,0.0256716986224855,0.000659036110163725,0.604750327911445,1.17866822583919,1,1.49353666828508,-0.00646333171491964,0.00646333171491964,0.00646333171491964,4.17746568570861e-05,1.46211080664833,1.56896187696452,1,1.74914296166372,-0.0508570383362774,0.0508570383362774,0.0508570383362774,0.00258643834833759,1.70735136155455,1.86811765741557,1
42,"n1000-b1_1-b2_2p8-b3_2p5",1000,9,419,1,1,0,1.029619,0.9162907,1.5,1.8,1,1.3,0.103,332,158,342,168,FALSE,NA,TRUE,NA,0.0191793824310691,0.0191793824310691,0.0191793824310691,0.0191793824310691,0.000367848710437203,-0.232720671966836,0.270750396822256,1,1.04544946560686,0.0158304656068584,0.0158304656068584,0.0158304656068584,0.000250603641329927,0.832540421381286,1.26390574761322,1,0.845969543025024,-0.0703211569749764,0.0703211569749764,0.0703211569749764,0.00494506511829928,0.548909438721064,1.14463057997924,1,1.51487821855851,0.0148782185585119,0.0148782185585119,0.0148782185585119,0.000221361387474848,1.4958539887697,1.55805715006326,1,1.81541267889872,0.0154126788987174,0.0154126788987174,0.0154126788987174,0.00023755067083497,1.79367221922168,1.84492993735774,1
42,"n1000-b1_1-b2_2p8-b3_2p5",1000,10,420,1,1,0,1.029619,0.9162907,1.5,1.8,1,1.3,0.099,332,173,316,179,FALSE,NA,TRUE,NA,-0.0539795172704004,-0.0539795172704004,0.0539795172704004,0.0539795172704004,0.00291378828474546,-0.294447720322182,0.18300500730814,1,1.0096647336297,-0.0199542663703012,0.0199542663703012,0.0199542663703012,0.000398172746376933,0.803742892996464,1.21936829736292,1,0.997013648582179,0.0807229485821791,0.0807229485821791,0.0807229485821791,0.00651619442780113,0.709813934054682,1.28623334076396,1,1.51210727551189,0.0121072755118907,0.0121072755118907,0.0121072755118907,0.000146586120320829,1.48942460451102,1.53644770402519,1,1.80920637953616,0.00920637953615722,0.00920637953615722,0.00920637953615722,8.47574241637744e-05,1.79070632169869,1.82450360238179,1
43,"n1000-b1_1-b2_2p8-b3_2p5",1000,1,421,1,1,0,1.029619,0.9162907,1.5,1.8,1,1.3,0.087,335,139,345,181,FALSE,NA,TRUE,NA,0.0190990369030296,0.0190990369030296,0.0190990369030296,0.0190990369030296,0.000364773210623285,-0.238126314157435,0.276567187463738,1,0.912636711599479,-0.116982288400521,0.116982288400521,0.116982288400521,0.0136848557994226,0.708620255171822,1.12416628833441,1,0.906845291398047,-0.00944540860195275,0.00944540860195275,0.00944540860195275,8.92157436578431e-05,0.600906609789674,1.21325144014636,1,1.52527447837756,0.0252744783775567,0.0252744783775567,0.0252744783775567,0.000638799257257581,1.47294557846124,1.65277240855636,1,1.75592754156848,-0.0440724584315175,0.0440724584315175,0.0440724584315175,0.00194238159219784,1.69579609776881,1.84079952602633,1
43,"n1000-b1_1-b2_2p8-b3_2p5",1000,2,422,1,1,0,1.029619,0.9162907,1.5,1.8,1,1.3,0.095,335,177,313,175,FALSE,NA,TRUE,NA,-0.00823579328176366,-0.00823579328176366,0.00823579328176366,0.00823579328176366,6.78282909799435e-05,-0.244177734969756,0.226387173173937,1,0.914910775361303,-0.114708224638697,0.114708224638697,0.114708224638697,0.0131579767997617,0.708593712409925,1.12991932067844,1,1.04969916477674,0.133408464776738,0.133408464776738,0.133408464776738,0.0177978184740862,0.765040751232363,1.34216566549148,1,1.52411272158009,0.0241127215800911,0.0241127215800911,0.0241127215800911,0.000581423341998993,1.49348978762152,1.61498644357473,1,1.82919020857961,0.0291902085796081,0.0291902085796081,0.0291902085796081,0.000852068276921025,1.78392564315524,1.91462946636834,1
43,"n1000-b1_1-b2_2p8-b3_2p5",1000,3,423,1,1,0,1.029619,0.9162907,1.5,1.8,1,1.3,0.087,328,158,339,175,FALSE,NA,TRUE,NA,-0.0401891598254585,-0.0401891598254585,0.0401891598254585,0.0401891598254585,0.00161516856747625,-0.28733335357785,0.205534973271113,1,0.975475155646867,-0.0541438443531334,0.0541438443531334,0.0541438443531334,0.00293155588133633,0.763254208812297,1.18777787126216,1,1.09208474029683,0.175794040296827,0.175794040296827,0.175794040296827,0.0309035446038826,0.794793201008051,1.38921286667395,1,1.51753402812097,0.0175340281209706,0.0175340281209706,0.0175340281209706,0.000307442142146988,1.44220858989446,1.58779503524406,1,1.80522389893893,0.0052238989389326,0.0052238989389326,0.0052238989389326,2.72891201241812e-05,1.6713879005195,1.8849164824333,1
43,"n1000-b1_1-b2_2p8-b3_2p5",1000,4,424,1,1,0,1.029619,0.9162907,1.5,1.8,1,1.3,0.09,356,148,320,176,FALSE,NA,TRUE,NA,-0.00792764175956718,-0.00792764175956718,0.00792764175956718,0.00792764175956718,6.28475038680334e-05,-0.261437920411904,0.244397728719114,1,0.942937449436606,-0.0866815505633938,0.0866815505633938,0.0866815505633938,0.00751369120807419,0.731659917111803,1.15798509370153,1,1.09668673336112,0.180396033361118,0.180396033361118,0.180396033361118,0.0325427288524256,0.797148823201262,1.40213916042071,1,1.50976452794502,0.00976452794501781,0.00976452794501781,0.00976452794501781,9.53460059890337e-05,1.4853833793691,1.56365614770023,1,1.82591257446413,0.02591257446413,0.02591257446413,0.02591257446413,0.000671461515359081,1.79379151242231,1.9112628714886,1
43,"n1000-b1_1-b2_2p8-b3_2p5",1000,5,425,1,1,0,1.029619,0.9162907,1.5,1.8,1,1.3,0.114,330,169,333,168,FALSE,NA,TRUE,NA,-0.0339159449259476,-0.0339159449259476,0.0339159449259476,0.0339159449259476,0.00115029132021991,-0.287733154101051,0.225047712091692,1,1.12987346311901,0.100254463119015,0.100254463119015,0.100254463119015,0.0100509573752818,0.910533039361106,1.3530694985573,1,0.978595638066212,0.0623049380662115,0.0623049380662115,0.0623049380662115,0.00388190530743445,0.673673769818202,1.28304044390815,1,1.45672899571949,-0.043271004280508,0.043271004280508,0.043271004280508,0.00187237981144374,1.33878836548509,1.51062189289445,1,1.76347327528533,-0.0365267247146726,0.0365267247146726,0.0365267247146726,0.00133420161838147,1.69169808905071,1.80149038191223,1
43,"n1000-b1_1-b2_2p8-b3_2p5",1000,6,426,1,1,0,1.029619,0.9162907,1.5,1.8,1,1.3,0.096,341,165,340,154,FALSE,NA,TRUE,NA,0.0269707752522138,0.0269707752522138,0.0269707752522138,0.0269707752522138,0.000727422717705428,-0.229071221906514,0.282391232475782,1,1.12957179227582,0.0999527922758241,0.0999527922758241,0.0999527922758241,0.00999056068373404,0.910136204039546,1.36158084751794,1,0.827759064923396,-0.0885316350766039,0.0885316350766039,0.0885316350766039,0.00783785040933696,0.524464723481042,1.13156014299241,1,1.48100496706604,-0.0189950329339648,0.0189950329339648,0.0189950329339648,0.000360811276162406,1.45600343063749,1.53328882286781,1,1.78211814144197,-0.0178818585580278,0.0178818585580278,0.0178818585580278,0.000319760865489313,1.74290690697339,1.83338856214756,1
43,"n1000-b1_1-b2_2p8-b3_2p5",1000,7,427,1,1,0,1.029619,0.9162907,1.5,1.8,1,1.3,0.078,327,180,337,156,FALSE,NA,TRUE,NA,0.215692048046841,0.215692048046841,0.215692048046841,0.215692048046841,0.0465230595906406,-0.0286075861058384,0.461603781465256,1,1.00465348326518,-0.0249655167348239,0.0249655167348239,0.0249655167348239,0.000623277025836774,0.789479151776828,1.22443995219278,1,0.709186139975629,-0.207104560024371,0.207104560024371,0.207104560024371,0.0428922987828885,0.414140737390763,1.00214804514627,1,1.53650705626395,0.0365070562639527,0.0365070562639527,0.0365070562639527,0.00133276515705941,1.50530761000148,1.61435337082975,0,1.77506973166955,-0.0249302683304464,0.0249302683304464,0.0249302683304464,0.00062151827902806,1.7389695505177,1.80550050726747,1
43,"n1000-b1_1-b2_2p8-b3_2p5",1000,8,428,1,1,0,1.029619,0.9162907,1.5,1.8,1,1.3,0.101,324,169,327,180,FALSE,NA,TRUE,NA,-0.239661961187913,-0.239661961187913,0.239661961187913,0.239661961187913,0.0574378556404368,-0.488203336644738,0.00886401479857228,1,1.06462814247464,0.0350091424746379,0.0350091424746379,0.0350091424746379,0.0012256400568095,0.8529962601772,1.28142783042525,1,1.19009442780791,0.27380372780791,0.27380372780791,0.27380372780791,0.0749684813615082,0.888664262656108,1.48934922366506,1,1.47851863997363,-0.0214813600263666,0.0214813600263666,0.0214813600263666,0.00046144882858238,1.42458876112454,1.61624420282912,1,1.69105300556827,-0.108946994431733,0.108946994431733,0.108946994431733,0.0118694475957081,1.60999285784332,1.79274941637219,0
43,"n1000-b1_1-b2_2p8-b3_2p5",1000,9,429,1,1,0,1.029619,0.9162907,1.5,1.8,1,1.3,0.081,344,165,318,173,FALSE,NA,TRUE,NA,0.0742972472137343,0.0742972472137343,0.0742972472137343,0.0742972472137343,0.00552008094353875,-0.16952046322377,0.319160440090557,1,1.1067137235777,0.0770947235776955,0.0770947235776955,0.0770947235776955,0.00594359640352128,0.897942844694801,1.32161244553753,1,0.874546463881864,-0.0417442361181362,0.0417442361181362,0.0417442361181362,0.0017425812490867,0.580739277574326,1.16629293612716,1,1.50993326570157,0.00993326570157183,0.00993326570157183,0.00993326570157183,9.86697674980232e-05,1.47469535184225,1.54786989593798,1,1.85309133059726,0.053091330597258,0.053091330597258,0.053091330597258,0.00281868938458734,1.78131451215432,1.93144992298439,1
43,"n1000-b1_1-b2_2p8-b3_2p5",1000,10,430,1,1,0,1.029619,0.9162907,1.5,1.8,1,1.3,0.111,320,160,340,180,FALSE,NA,TRUE,NA,-0.0846420453694746,-0.0846420453694746,0.0846420453694746,0.0846420453694746,0.00716427584432819,-0.334308645363293,0.162424640393733,1,1.06801462442834,0.0383956244283385,0.0383956244283385,0.0383956244283385,0.00147422397524203,0.862359692830638,1.28022245376401,1,0.857510695245497,-0.0587800047545026,0.0587800047545026,0.0587800047545026,0.00345508895893935,0.565174484649997,1.15499885680515,1,1.48963084732937,-0.0103691526706324,0.0103691526706324,0.0103691526706324,0.000107519327106884,1.37061167723491,1.62440112700023,1,1.8473894710357,0.0473894710357003,0.0473894710357003,0.0473894710357003,0.00224576196504348,1.77819185406852,1.98049485460014,1
44,"n1000-b1_1-b2_2p8-b3_2p5",1000,1,431,1,1,0,1.029619,0.9162907,1.5,1.8,1,1.3,0.097,335,187,319,159,FALSE,NA,TRUE,NA,0.00439793721053163,0.00439793721053163,0.00439793721053163,0.00439793721053163,1.93418517077787e-05,-0.241611114073312,0.248369105781465,1,0.952180284669839,-0.0774387153301612,0.0774387153301612,0.0774387153301612,0.00599675463198575,0.736132220924298,1.17684149719944,1,1.01508260266219,0.0987919026621935,0.0987919026621935,0.0987919026621935,0.00975984003161632,0.71804302959099,1.31316406045483,1,1.41113775161172,-0.0888622483882788,0.0888622483882788,0.0888622483882788,0.00789649918862016,1.35228369033937,1.50122908994867,1,1.68181339090749,-0.118186609092512,0.118186609092512,0.118186609092512,0.0139680745687862,1.53708715942715,1.81273443924714,1
44,"n1000-b1_1-b2_2p8-b3_2p5",1000,2,432,1,1,0,1.029619,0.9162907,1.5,1.8,1,1.3,0.106,303,144,359,194,FALSE,NA,TRUE,NA,0.0628985209715983,0.0628985209715983,0.0628985209715983,0.0628985209715983,0.00395622394041459,-0.191736198724335,0.313886633328796,1,1.10465119121123,0.0750321912112306,0.0750321912112306,0.0750321912112306,0.00562982971795867,0.903978986765971,1.31240142307371,1,0.86046077382607,-0.05582992617393,0.05582992617393,0.05582992617393,0.00311698065658648,0.55845173381969,1.1624676388496,1,1.48192443357205,-0.0180755664279471,0.0180755664279471,0.0180755664279471,0.000326726101691127,1.4284192310278,1.54478829019124,1,1.79309072861064,-0.00690927138935771,0.00690927138935771,0.00690927138935771,4.7738031131797e-05,1.7401779668319,1.85458561276485,1
44,"n1000-b1_1-b2_2p8-b3_2p5",1000,3,433,1,1,0,1.029619,0.9162907,1.5,1.8,1,1.3,0.103,328,181,324,167,FALSE,NA,TRUE,NA,-0.183205332546385,-0.183205332546385,0.183205332546385,0.183205332546385,0.0335641938734315,-0.424965887102228,0.0593577084358054,1,0.966059673811091,-0.0635593261889086,0.0635593261889086,0.0635593261889086,0.00403978794558808,0.753553231631531,1.1812444764876,1,1.07074069463482,0.154449994634821,0.154449994634821,0.154449994634821,0.0238548008426964,0.781417791594481,1.35775928265189,1,1.51473133188689,0.0147313318868927,0.0147313318868927,0.0147313318868927,0.000217012139161781,1.4798465827227,1.56550559010532,1,1.80992480343748,0.0099248034374757,0.0099248034374757,0.0099248034374757,9.85017232725296e-05,1.77074425621713,1.8614503609396,1
44,"n1000-b1_1-b2_2p8-b3_2p5",1000,4,434,1,1,0,1.029619,0.9162907,1.5,1.8,1,1.3,0.103,339,169,337,155,FALSE,NA,TRUE,NA,-0.14827467994739,-0.14827467994739,0.14827467994739,0.14827467994739,0.0219853807135011,-0.40373297999806,0.102688376357827,1,0.866943740165103,-0.162675259834897,0.162675259834897,0.162675259834897,0.0264632401623513,0.656182040655987,1.08337363540843,1,1.08066446297712,0.164373762977122,0.164373762977122,0.164373762977122,0.0270187339552592,0.782667830858332,1.38517233626065,1,1.52976310116015,0.0297631011601474,0.0297631011601474,0.0297631011601474,0.000885842190669165,1.4936262072725,1.58639103795941,1,1.83028648057173,0.030286480571728,0.030286480571728,0.030286480571728,0.000917270905421658,1.79305010352173,1.86848959935255,1
44,"n1000-b1_1-b2_2p8-b3_2p5",1000,5,435,1,1,0,1.029619,0.9162907,1.5,1.8,1,1.3,0.104,331,176,334,159,FALSE,NA,TRUE,NA,-0.0214283286476868,-0.0214283286476868,0.0214283286476868,0.0214283286476868,0.000459173268633276,-0.275351601683177,0.228534771686328,1,1.04740606777463,0.0177870677746323,0.0177870677746323,0.0177870677746323,0.000316379780019365,0.823317902759366,1.27576533893547,1,0.828205608919914,-0.0880850910800862,0.0880850910800862,0.0880850910800862,0.00775898327058708,0.530022054280469,1.12906759902309,1,1.44725730289785,-0.0527426971021496,0.0527426971021496,0.0527426971021496,0.0027817920976091,1.37399034498774,1.53425247072526,1,1.76544634205558,-0.0345536579444155,0.0345536579444155,0.0345536579444155,0.00119395527733966,1.6957125347704,1.84083925189609,1
44,"n1000-b1_1-b2_2p8-b3_2p5",1000,6,436,1,1,0,1.029619,0.9162907,1.5,1.8,1,1.3,0.085,320,173,345,162,FALSE,NA,TRUE,NA,0.0367807666844007,0.0367807666844007,0.0367807666844007,0.0367807666844007,0.00135282479789232,-0.207058091241773,0.284034984969542,1,1.02862387033094,-0.00099512966905535,0.00099512966905535,0.00099512966905535,9.90283058234211e-07,0.817707040981524,1.24280569870438,1,0.835372271290954,-0.0809184287090463,0.0809184287090463,0.0809184287090463,0.00654779210474101,0.538819431525082,1.1279908962613,1,1.48222672487035,-0.01777327512965,0.01777327512965,0.01777327512965,0.000315889308834235,1.43007851309477,1.55470115265609,1,1.82102019338971,0.0210201933897072,0.0210201933897072,0.0210201933897072,0.000441848530140689,1.79550523211645,1.86681272383592,1
44,"n1000-b1_1-b2_2p8-b3_2p5",1000,7,437,1,1,0,1.029619,0.9162907,1.5,1.8,1,1.3,0.093,322,170,344,164,FALSE,NA,TRUE,NA,0.0682986072118575,0.0682986072118575,0.0682986072118575,0.0682986072118575,0.0046646997470796,-0.174776613069873,0.311268458962117,1,0.951906180796764,-0.0777128192032361,0.0777128192032361,0.0777128192032361,0.00603928226851487,0.737471345968514,1.17479157337098,1,0.851158352585434,-0.0651323474145655,0.0651323474145655,0.0651323474145655,0.00424222267973166,0.549664298816368,1.14992473438489,1,1.54232374456677,0.0423237445667652,0.0423237445667652,0.0423237445667652,0.00179129935415279,1.4840858434732,1.64108960720538,1,1.80958051462183,0.00958051462182619,0.00958051462182619,0.00958051462182619,9.17862604190254e-05,1.69459471682092,1.92964645464795,1
44,"n1000-b1_1-b2_2p8-b3_2p5",1000,8,438,1,1,0,1.029619,0.9162907,1.5,1.8,1,1.3,0.099,327,174,345,154,FALSE,NA,TRUE,NA,-0.190889843791925,-0.190889843791925,0.190889843791925,0.190889843791925,0.0364389324629055,-0.443384195731075,0.0601965372231363,1,0.902805619872436,-0.126813380127564,0.126813380127564,0.126813380127564,0.016081633379378,0.689053656389557,1.12220649293741,1,1.07503031370215,0.158739613702146,0.158739613702146,0.158739613702146,0.0251982649583067,0.776347555017624,1.37370852189753,1,1.46718966659528,-0.0328103334047221,0.0328103334047221,0.0328103334047221,0.00107651797812902,1.42163602421867,1.53795738403294,1,1.75900034805933,-0.0409996519406712,0.0409996519406712,0.0409996519406712,0.00168097145925619,1.70583803494604,1.82232298942135,1
44,"n1000-b1_1-b2_2p8-b3_2p5",1000,9,439,1,1,0,1.029619,0.9162907,1.5,1.8,1,1.3,0.076,365,156,321,158,FALSE,NA,TRUE,NA,-0.322356608103503,-0.322356608103503,0.322356608103503,0.322356608103503,0.103913782787995,-0.575554723941569,-0.0731956100774098,0,0.78883475897061,-0.24078424102939,0.24078424102939,0.24078424102939,0.0579770507280996,0.581203346059634,1.00141199248489,0,1.27121824270218,0.354927542702177,0.354927542702177,0.354927542702177,0.125973560568606,0.97588739433724,1.57225498106308,0,1.51057260649108,0.0105726064910761,0.0105726064910761,0.0105726064910761,0.000111780008015143,1.48917248179461,1.54813838699637,1,1.81171860329073,0.0117186032907324,0.0117186032907324,0.0117186032907324,0.000137325663085564,1.77817483215258,1.85846160197746,1
44,"n1000-b1_1-b2_2p8-b3_2p5",1000,10,440,1,1,0,1.029619,0.9162907,1.5,1.8,1,1.3,0.107,336,156,332,176,FALSE,NA,TRUE,NA,0.0730177287281584,0.0730177287281584,0.0730177287281584,0.0730177287281584,0.00533158870861893,-0.181262366494479,0.326081701179158,1,1.1823948182523,0.152775818252296,0.152775818252296,0.152775818252296,0.0233404506426587,0.961017538310312,1.4042971253968,1,0.682091994031566,-0.234198705968435,0.234198705968435,0.234198705968435,0.0548490338772892,0.380004241350148,0.980270444370077,1,1.55408407512627,0.0540840751262732,0.0540840751262732,0.0540840751262732,0.00292508718226437,1.49141692054127,1.63334662423969,1,1.81356023761953,0.0135602376195341,0.0135602376195341,0.0135602376195341,0.000183880044298227,1.6845343186699,1.95702900774698,1
45,"n1000-b1_1-b2_2p8-b3_2p5",1000,1,441,1,1,0,1.029619,0.9162907,1.5,1.8,1,1.3,0.077,326,144,366,164,FALSE,NA,TRUE,NA,-0.251697576621072,-0.251697576621072,0.251697576621072,0.251697576621072,0.0633516700769202,-0.508992092565538,0.00321776854390196,1,1.03259003857152,0.00297103857152026,0.00297103857152026,0.00297103857152026,8.82707019346113e-06,0.821748711192026,1.24830546980216,1,1.22701445710312,0.310723757103121,0.310723757103121,0.310723757103121,0.096549253228279,0.923276871535766,1.53105251694264,0,1.47998502263131,-0.0200149773686926,0.0200149773686926,0.0200149773686926,0.000400599319069278,1.43580747992893,1.51684694748462,1,1.80556332277178,0.00556332277177662,0.00556332277177662,0.00556332277177662,3.09505602629683e-05,1.77710176686546,1.85608842433327,1
45,"n1000-b1_1-b2_2p8-b3_2p5",1000,2,442,1,1,0,1.029619,0.9162907,1.5,1.8,1,1.3,0.098,315,173,345,167,FALSE,NA,TRUE,NA,0.0305263701452355,0.0305263701452355,0.0305263701452355,0.0305263701452355,0.000931859274243926,-0.213141457034009,0.275847319548463,1,0.949137765076416,-0.0804812349235841,0.0804812349235841,0.0804812349235841,0.00647722917482513,0.739089060918441,1.16099359038704,1,0.911814900309878,-0.00447579969012191,0.00447579969012191,0.00447579969012191,2.00327828660954e-05,0.619185768378036,1.20608869443463,1,1.48943749391975,-0.0105625060802517,0.0105625060802517,0.0105625060802517,0.000111566534695353,1.42011223244916,1.54853011803021,1,1.82632651315386,0.026326513153863,0.026326513153863,0.026326513153863,0.000693085294840523,1.73420260531657,1.89552374335081,1
45,"n1000-b1_1-b2_2p8-b3_2p5",1000,3,443,1,1,0,1.029619,0.9162907,1.5,1.8,1,1.3,0.108,334,175,321,170,FALSE,NA,TRUE,NA,0.111621917524121,0.111621917524121,0.111621917524121,0.111621917524121,0.0124594524717617,-0.137394936369588,0.363805716321985,1,1.227367358517,0.197748358516999,0.197748358516999,0.197748358516999,0.0391044132961674,1.00867112885626,1.4532542309789,1,0.762621391169528,-0.153669308830472,0.153669308830472,0.153669308830472,0.023614256476435,0.466003187331135,1.05894772556728,1,1.45685047861637,-0.0431495213836328,0.0431495213836328,0.0431495213836328,0.00186188119563659,1.42141876310258,1.5153164062317,1,1.74578011732598,-0.0542198826740237,0.0542198826740237,0.0542198826740237,0.00293979567718489,1.69175007278004,1.81631837752575,1
45,"n1000-b1_1-b2_2p8-b3_2p5",1000,4,444,1,1,0,1.029619,0.9162907,1.5,1.8,1,1.3,0.086,338,174,339,149,FALSE,NA,TRUE,NA,0.176109207735978,0.176109207735978,0.176109207735978,0.176109207735978,0.031014453049394,-0.0705193156553269,0.426536747030045,1,1.1066103979626,0.0769913979626025,0.0769913979626025,0.0769913979626025,0.00592767536023583,0.880767426722637,1.33463451458486,1,0.721644619712096,-0.194646080287904,0.194646080287904,0.194646080287904,0.0378870965714453,0.425284678449463,1.02098769810794,1,1.51905225002589,0.0190522500258914,0.0190522500258914,0.0190522500258914,0.000362988231049079,1.48634071572488,1.56907018512181,1,1.80500371417562,0.00500371417561785,0.00500371417561785,0.00500371417561785,2.5037155551279e-05,1.77244609097777,1.85202906597755,1
45,"n1000-b1_1-b2_2p8-b3_2p5",1000,5,445,1,1,0,1.029619,0.9162907,1.5,1.8,1,1.3,0.087,350,161,327,162,FALSE,NA,TRUE,NA,-0.162036392363285,-0.162036392363285,0.162036392363285,0.162036392363285,0.0262557924501085,-0.412042952105189,0.0830401991481413,1,0.888938669913016,-0.140680330086984,0.140680330086984,0.140680330086984,0.0197909552733829,0.678490315644202,1.09651276455677,1,1.13221109391987,0.215920393919866,0.215920393919866,0.215920393919866,0.0466216165105101,0.84246231025168,1.43417685955538,1,1.49379536508913,-0.00620463491086953,0.00620463491086953,0.00620463491086953,3.8497494377181e-05,1.46444640261529,1.52291635679962,1,1.79786281926683,-0.00213718073317337,0.00213718073317337,0.00213718073317337,4.56754148624747e-06,1.77028522117515,1.82975314048554,1
45,"n1000-b1_1-b2_2p8-b3_2p5",1000,6,446,1,1,0,1.029619,0.9162907,1.5,1.8,1,1.3,0.092,344,161,338,157,FALSE,NA,TRUE,NA,-0.219185706623979,-0.219185706623979,0.219185706623979,0.219185706623979,0.0480423739882528,-0.472054282334879,0.0366521145678941,1,0.846083512106332,-0.183535487893668,0.183535487893668,0.183535487893668,0.0336852753163667,0.633776065614453,1.06544513459752,1,1.16583630840204,0.249545608402044,0.249545608402044,0.249545608402044,0.0622730106727462,0.854588523115299,1.46821679799683,1,1.41543735779972,-0.0845626422002823,0.0845626422002823,0.0845626422002823,0.00715084045589297,1.33296724792262,1.51576435450449,1,1.78688304722182,-0.013116952778182,0.013116952778182,0.013116952778182,0.000172054450185057,1.71411246612071,1.90179174339631,1
45,"n1000-b1_1-b2_2p8-b3_2p5",1000,7,447,1,1,0,1.029619,0.9162907,1.5,1.8,1,1.3,0.109,324,182,333,161,FALSE,NA,TRUE,NA,0.0647509751324507,0.0647509751324507,0.0647509751324507,0.0647509751324507,0.00419268878060325,-0.184198059243871,0.317320955640131,1,1.1606994028954,0.1310804028954,0.1310804028954,0.1310804028954,0.0171820720232203,0.941552426402904,1.38737691744073,1,0.866779834380754,-0.0495108656192459,0.0495108656192459,0.0495108656192459,0.00245132581436703,0.566069214319356,1.1612793021779,1,1.49850809476771,-0.00149190523228726,0.00149190523228726,0.00149190523228726,2.2257812221261e-06,1.47954510554949,1.5316595732762,1,1.77989366800993,-0.0201063319900676,0.0201063319900676,0.0201063319900676,0.000404264586094816,1.76207960967771,1.80722532266032,1
45,"n1000-b1_1-b2_2p8-b3_2p5",1000,8,448,1,1,0,1.029619,0.9162907,1.5,1.8,1,1.3,0.111,342,156,324,178,FALSE,NA,TRUE,NA,0.0382934900499762,0.0382934900499762,0.0382934900499762,0.0382934900499762,0.00146639138020763,-0.222126061877776,0.294727145463461,1,1.1022975274624,0.072678527462398,0.072678527462398,0.072678527462398,0.00528216835410254,0.883429090692545,1.32076206483579,1,0.794551653062564,-0.121739046937436,0.121739046937436,0.121739046937436,0.0148203955492351,0.49291601784689,1.10062059015511,1,1.48777844379758,-0.0122215562024246,0.0122215562024246,0.0122215562024246,0.000149366436009023,1.46659289994216,1.51913226558578,1,1.78938594300451,-0.0106140569954889,0.0106140569954889,0.0106140569954889,0.000112658205903487,1.76472507722012,1.81626854424118,1
45,"n1000-b1_1-b2_2p8-b3_2p5",1000,9,449,1,1,0,1.029619,0.9162907,1.5,1.8,1,1.3,0.083,338,177,301,184,FALSE,NA,TRUE,NA,0.152899642167309,0.152899642167309,0.152899642167309,0.152899642167309,0.0233783005748912,-0.0789205960475944,0.387255350522329,1,1.04598228175738,0.0163632817573753,0.0163632817573753,0.0163632817573753,0.000267756989871252,0.838726619449559,1.25705850762055,1,0.762101250755609,-0.154189449244391,0.154189449244391,0.154189449244391,0.0237743862582885,0.477255641789193,1.04893310413077,1,1.47882780208942,-0.0211721979105806,0.0211721979105806,0.0211721979105806,0.000448261964364792,1.45130014579377,1.53267169713955,1,1.79901004501681,-0.000989954983187991,0.000989954983187991,0.000989954983187991,9.80010868738735e-07,1.7716801752895,1.85139993579618,1
45,"n1000-b1_1-b2_2p8-b3_2p5",1000,10,450,1,1,0,1.029619,0.9162907,1.5,1.8,1,1.3,0.093,348,169,307,176,FALSE,NA,TRUE,NA,0.227412546875773,0.227412546875773,0.227412546875773,0.227412546875773,0.0517164664765256,-0.0150344068110031,0.469618436392468,1,1.16388155902159,0.134262559021591,0.134262559021591,0.134262559021591,0.0180264347550263,0.950505108034122,1.38214560617778,1,0.589116469485909,-0.327174230514091,0.327174230514091,0.327174230514091,0.107042977112488,0.296090019079078,0.881526036560661,0,1.51039279420229,0.0103927942022857,0.0103927942022857,0.0103927942022857,0.000108010171331063,1.44153252736626,1.57314076630889,1,1.7988354940035,-0.00116450599650419,0.00116450599650419,0.00116450599650419,1.35607421589423e-06,1.69421747714976,1.87179686345014,1
46,"n1000-b1_1-b2_2p8-b3_2p5",1000,1,451,1,1,0,1.029619,0.9162907,1.5,1.8,1,1.3,0.094,329,169,337,165,FALSE,NA,TRUE,NA,0.00249228649254142,0.00249228649254142,0.00249228649254142,0.00249228649254142,6.21149196090442e-06,-0.247174641249105,0.24991320529295,1,1.00924686381791,-0.0203721361820857,0.0203721361820857,0.0203721361820857,0.000415023932621444,0.797736492975858,1.22719119496741,1,0.972690021578095,0.0563993215780952,0.0563993215780952,0.0563993215780952,0.0031808834744694,0.678961331773907,1.2690333854607,1,1.51981194138481,0.0198119413848075,0.0198119413848075,0.0198119413848075,0.000392513021435047,1.47664208463902,1.56875920401361,1,1.8041974220656,0.00419742206560003,0.00419742206560003,0.00419742206560003,1.7618351996786e-05,1.73734349643745,1.85388317254313,1
46,"n1000-b1_1-b2_2p8-b3_2p5",1000,2,452,1,1,0,1.029619,0.9162907,1.5,1.8,1,1.3,0.081,335,166,331,168,FALSE,NA,TRUE,NA,0.0217500145313207,0.0217500145313207,0.0217500145313207,0.0217500145313207,0.000473063132112663,-0.218537249239399,0.260095491678166,1,0.903813665588109,-0.125805334411891,0.125805334411891,0.125805334411891,0.0158269821664877,0.696084533898073,1.11457329666755,1,0.995101080311328,0.0788103803113285,0.0788103803113285,0.0788103803113285,0.00621107604481623,0.706711152100659,1.2846824910534,1,1.52383340293408,0.0238334029340783,0.0238334029340783,0.0238334029340783,0.000568031095418133,1.45915532037598,1.59033671074871,1,1.80807901414081,0.00807901414080825,0.00807901414080825,0.00807901414080825,6.52704694873797e-05,1.76950254314432,1.84995314916807,1
46,"n1000-b1_1-b2_2p8-b3_2p5",1000,3,453,1,1,0,1.029619,0.9162907,1.5,1.8,1,1.3,0.1,326,154,361,159,FALSE,NA,TRUE,NA,-0.073464988423929,-0.073464988423929,0.073464988423929,0.073464988423929,0.00539710452412803,-0.33150486956991,0.185248263946328,1,1.17798578305078,0.148366783050781,0.148366783050781,0.148366783050781,0.0220127023128376,0.961213223430409,1.39860612287649,1,0.907635509076571,-0.00865519092342937,0.00865519092342937,0.00865519092342937,7.49123299210141e-05,0.598463516219798,1.21314409905895,1,1.51726043765495,0.0172604376549486,0.0172604376549486,0.0172604376549486,0.000297922708040366,1.45813749820949,1.58780559853547,1,1.77311962603802,-0.0268803739619812,0.0268803739619812,0.0268803739619812,0.000722554504335956,1.69939072248935,1.92104817809952,1
46,"n1000-b1_1-b2_2p8-b3_2p5",1000,4,454,1,1,0,1.029619,0.9162907,1.5,1.8,1,1.3,0.09,335,166,318,181,FALSE,NA,TRUE,NA,-0.0626804612123789,-0.0626804612123789,0.0626804612123789,0.0626804612123789,0.00392884021779654,-0.306949389892168,0.178796643418179,1,1.10451061642186,0.0748916164218614,0.0748916164218614,0.0748916164218614,0.00560875421027922,0.89297804377176,1.32146321907128,1,0.951511724610382,0.0352210246103825,0.0352210246103825,0.0352210246103825,0.00124052057460517,0.661255654348778,1.24238174301112,1,1.51828973511161,0.0182897351116078,0.0182897351116078,0.0182897351116078,0.000334514410452779,1.49546911921093,1.54637719461377,1,1.81819724608399,0.0181972460839901,0.0181972460839901,0.0181972460839901,0.000331139765041293,1.78106879772788,1.85664850579673,1
46,"n1000-b1_1-b2_2p8-b3_2p5",1000,5,455,1,1,0,1.029619,0.9162907,1.5,1.8,1,1.3,0.102,356,159,317,168,FALSE,NA,TRUE,NA,-0.167429375069042,-0.167429375069042,0.167429375069042,0.167429375069042,0.0280325956360101,-0.424516611416172,0.0875051836843458,1,1.07587411203698,0.046255112036975,0.046255112036975,0.046255112036975,0.00213953538955311,0.856732047154011,1.29478266164556,1,1.04897331862468,0.132682618624682,0.132682618624682,0.132682618624682,0.0176046772851028,0.746842855752649,1.35893363339843,1,1.51233648297041,0.0123364829704109,0.0123364829704109,0.0123364829704109,0.000152188812079238,1.47225884916354,1.55535186261859,1,1.80830965883678,0.00830965883677837,0.00830965883677837,0.00830965883677837,6.90504299836488e-05,1.76384236451137,1.85902262597682,1
46,"n1000-b1_1-b2_2p8-b3_2p5",1000,6,456,1,1,0,1.029619,0.9162907,1.5,1.8,1,1.3,0.089,323,171,330,176,FALSE,NA,TRUE,NA,-0.216026623956809,-0.216026623956809,0.216026623956809,0.216026623956809,0.0466675022581768,-0.457955602565538,0.0253710517189346,1,0.886483475842834,-0.143135524157166,0.143135524157166,0.143135524157166,0.0204877782757467,0.682794411972273,1.09782294933647,1,1.09327269003687,0.176981990036875,0.176981990036875,0.176981990036875,0.0313226247974125,0.799261645596948,1.38561498424373,1,1.48567419792349,-0.0143258020765074,0.0143258020765074,0.0143258020765074,0.000205228605135262,1.40938547674312,1.52157525832452,1,1.79971162463717,-0.000288375362832438,0.000288375362832438,0.000288375362832438,8.31603498887403e-08,1.69396038601161,1.86676703683539,1
46,"n1000-b1_1-b2_2p8-b3_2p5",1000,7,457,1,1,0,1.029619,0.9162907,1.5,1.8,1,1.3,0.104,339,188,301,172,FALSE,NA,TRUE,NA,-0.0143548537180068,-0.0143548537180068,0.0143548537180068,0.0143548537180068,0.000206061825265373,-0.248242863725072,0.219954363902996,1,1.01070207958561,-0.0189169204143886,0.0189169204143886,0.0189169204143886,0.000357849877964314,0.798370172365991,1.22706770017167,1,0.828133385152799,-0.0881573148472011,0.0881573148472011,0.0881573148472011,0.00777171216106855,0.541729445724824,1.11307859211388,1,1.48188261427773,-0.0181173857222743,0.0181173857222743,0.0181173857222743,0.000328239665409668,1.42308770000511,1.57251686243779,1,1.81227646873678,0.0122764687367845,0.0122764687367845,0.0122764687367845,0.000150711684645246,1.76849322643077,1.8520537172221,1
46,"n1000-b1_1-b2_2p8-b3_2p5",1000,8,458,1,1,0,1.029619,0.9162907,1.5,1.8,1,1.3,0.097,314,173,352,161,FALSE,NA,TRUE,NA,0.143069709548127,0.143069709548127,0.143069709548127,0.143069709548127,0.0204689417901853,-0.106131626239864,0.393013765077214,1,1.07260894429713,0.0429899442971347,0.0429899442971347,0.0429899442971347,0.00184813531067074,0.85533375877058,1.29126327370609,1,0.72742172707122,-0.18886897292878,0.18886897292878,0.18886897292878,0.0356714889351722,0.433146944629928,1.02395517273219,1,1.51756690424067,0.0175669042406701,0.0175669042406701,0.0175669042406701,0.000308596124600873,1.46645658989392,1.58334155645541,1,1.8208069591912,0.020806959191195,0.020806959191195,0.020806959191195,0.000432929550784055,1.72053026724265,1.93907950853458,1
46,"n1000-b1_1-b2_2p8-b3_2p5",1000,9,459,1,1,0,1.029619,0.9162907,1.5,1.8,1,1.3,0.092,338,163,329,170,FALSE,NA,TRUE,NA,0.156982587405664,0.156982587405664,0.156982587405664,0.156982587405664,0.0246435327485769,-0.0942701192507465,0.411709047002116,1,1.17439593458248,0.144776934582481,0.144776934582481,0.144776934582481,0.0209603607870999,0.958528937259523,1.39352030508991,1,0.626738320349821,-0.289552379650179,0.289552379650179,0.289552379650179,0.0838405805610814,0.326537735611265,0.923009981749985,1,1.43520334407142,-0.064796655928582,0.064796655928582,0.064796655928582,0.00419860661952704,1.36218997491187,1.54896087361105,1,1.62957082131222,-0.170429178687784,0.170429178687784,0.170429178687784,0.0290461049481926,1.50230256619045,1.84973994046377,1
46,"n1000-b1_1-b2_2p8-b3_2p5",1000,10,460,1,1,0,1.029619,0.9162907,1.5,1.8,1,1.3,0.102,359,156,319,166,FALSE,NA,TRUE,NA,0.136434376158922,0.136434376158922,0.136434376158922,0.136434376158922,0.0186143389978743,-0.120808234814709,0.391805283772233,1,1.09027468642671,0.060655686426714,0.060655686426714,0.060655686426714,0.00367911229589586,0.874086420088017,1.31417186348718,1,0.969971453276429,0.0536807532764291,0.0536807532764291,0.0536807532764291,0.00288162327232485,0.659507481712748,1.27657850697966,1,1.49290238845542,-0.00709761154458066,0.00709761154458066,0.00709761154458066,5.03760896377647e-05,1.45113446450731,1.53533617575594,1,1.80733706332531,0.00733706332530737,0.00733706332530737,0.00733706332530737,5.38324982395704e-05,1.77722306816386,1.85621537147678,1
47,"n1000-b1_1-b2_2p8-b3_2p5",1000,1,461,1,1,0,1.029619,0.9162907,1.5,1.8,1,1.3,0.091,347,166,329,158,FALSE,NA,TRUE,NA,-0.0963286420095154,-0.0963286420095154,0.0963286420095154,0.0963286420095154,0.00927920727139738,-0.348902004735966,0.156463066432357,1,0.99786878833906,-0.0317502116609403,0.0317502116609403,0.0317502116609403,0.00100807594051451,0.784902716771289,1.22065306128792,1,1.0110521572135,0.0947614572135038,0.0947614572135038,0.0947614572135038,0.00897973377322672,0.710404589155449,1.31305792564002,1,1.47619921231719,-0.023800787682805,0.023800787682805,0.023800787682805,0.000566477494321963,1.43124161855638,1.53026091939871,1,1.7039844640847,-0.0960155359153017,0.0960155359153017,0.0960155359153017,0.00921898313710258,1.60615264187739,1.84125699937294,1
47,"n1000-b1_1-b2_2p8-b3_2p5",1000,2,462,1,1,0,1.029619,0.9162907,1.5,1.8,1,1.3,0.09,310,161,359,170,FALSE,NA,TRUE,NA,-0.225337149759019,-0.225337149759019,0.225337149759019,0.225337149759019,0.0507768310615187,-0.472254130925429,0.0235453972379127,1,0.945743860156644,-0.0838751398433563,0.0838751398433563,0.0838751398433563,0.00703503908374257,0.742729601288859,1.15643113537795,1,1.25806539747359,0.34177469747359,0.34177469747359,0.34177469747359,0.116809943833164,0.955856785080061,1.55933441198671,0,1.50554052428181,0.00554052428181118,0.00554052428181118,0.00554052428181118,3.06974093173393e-05,1.47201672563294,1.55295716918052,1,1.78001283988197,-0.0199871601180277,0.0199871601180277,0.0199871601180277,0.000399486569583677,1.74813714133979,1.83181342292823,1
47,"n1000-b1_1-b2_2p8-b3_2p5",1000,3,463,1,1,0,1.029619,0.9162907,1.5,1.8,1,1.3,0.092,354,171,339,136,FALSE,NA,TRUE,NA,0.326909867162946,0.326909867162946,0.326909867162946,0.326909867162946,0.106870061248495,0.0662992231665497,0.591222965635663,0,1.2004255171545,0.170806517154496,0.170806517154496,0.170806517154496,0.0291748663024492,0.971818538337872,1.43789374929897,1,0.591896553661211,-0.324394146338789,0.324394146338789,0.324394146338789,0.105231562178872,0.284467596838225,0.895482558299437,0,1.52296250687573,0.0229625068757318,0.0229625068757318,0.0229625068757318,0.000527276722018028,1.46273727225786,1.59320762047936,1,1.79413146637563,-0.0058685336243689,0.0058685336243689,0.0058685336243689,3.44396869003484e-05,1.70217484321638,1.86354724968304,1
47,"n1000-b1_1-b2_2p8-b3_2p5",1000,4,464,1,1,0,1.029619,0.9162907,1.5,1.8,1,1.3,0.084,350,141,323,186,FALSE,NA,TRUE,NA,0.174814559177513,0.174814559177513,0.174814559177513,0.174814559177513,0.0305601301004283,-0.0747928746382263,0.423552067589332,1,1.16626269494216,0.136643694942163,0.136643694942163,0.136643694942163,0.0186714993674468,0.95308400808698,1.38071008935767,1,0.733176155279123,-0.183114544720877,0.183114544720877,0.183114544720877,0.033530936488334,0.436836250640112,1.03269510261161,1,1.43447380508796,-0.0655261949120367,0.0655261949120367,0.0655261949120367,0.00429368221965023,1.32495234451112,1.57907660457428,1,1.70862603177034,-0.0913739682296584,0.0913739682296584,0.0913739682296584,0.00834920207003462,1.53609197883685,1.90251875902181,1
47,"n1000-b1_1-b2_2p8-b3_2p5",1000,5,465,1,1,0,1.029619,0.9162907,1.5,1.8,1,1.3,0.092,329,150,354,167,FALSE,NA,TRUE,NA,-0.0621641922986583,-0.0621641922986583,0.0621641922986583,0.0621641922986583,0.00386438680414457,-0.313956059504914,0.191585342088825,1,0.972897844560139,-0.056721155439861,0.056721155439861,0.056721155439861,0.00321728947443287,0.762473382983834,1.19170194904042,1,0.942309829071325,0.0260191290713249,0.0260191290713249,0.0260191290713249,0.000676995077630263,0.644206299702899,1.23958580343008,1,1.47158093126437,-0.0284190687356323,0.0284190687356323,0.0284190687356323,0.000807643467800591,1.42469184260983,1.5110169744503,1,1.76204579649938,-0.0379542035006222,0.0379542035006222,0.0379542035006222,0.00144052156336664,1.69060943661226,1.81795513646119,1
47,"n1000-b1_1-b2_2p8-b3_2p5",1000,6,466,1,1,0,1.029619,0.9162907,1.5,1.8,1,1.3,0.103,330,175,323,172,FALSE,NA,TRUE,NA,0.209186162241712,0.209186162241712,0.209186162241712,0.209186162241712,0.0437588504734157,-0.0383783698859257,0.456710528812551,1,1.16229224007201,0.132673240072007,0.132673240072007,0.132673240072007,0.0176021886312045,0.940827413322948,1.38636465430316,1,0.713173676243794,-0.203117023756206,0.203117023756206,0.203117023756206,0.0412565253395793,0.418523504937303,1.0106169931013,1,1.4682585139529,-0.0317414860470955,0.0317414860470955,0.0317414860470955,0.00100752193647796,1.42197495868418,1.54617802275544,1,1.80050073769639,0.000500737696393028,0.000500737696393028,0.000500737696393028,2.50738240588996e-07,1.72663365637667,1.97926783589176,1
47,"n1000-b1_1-b2_2p8-b3_2p5",1000,7,467,1,1,0,1.029619,0.9162907,1.5,1.8,1,1.3,0.09,342,154,320,184,FALSE,NA,TRUE,NA,0.168184548596851,0.168184548596851,0.168184548596851,0.168184548596851,0.0282860423867267,-0.0770418542356678,0.415921985341955,1,1.06815315171543,0.0385341517154305,0.0385341517154305,0.0385341517154305,0.00148488084842782,0.859809286882074,1.27980573663355,1,0.71456680474938,-0.20172389525062,0.20172389525062,0.20172389525062,0.0406925299150831,0.419538018562262,1.00900370914189,1,1.48568962752943,-0.0143103724705667,0.0143103724705667,0.0143103724705667,0.000204786760246352,1.4163262710272,1.55871156886102,1,1.83271414045693,0.0327141404569338,0.0327141404569338,0.0327141404569338,0.00107021498583599,1.78896517834035,1.94769572873788,1
47,"n1000-b1_1-b2_2p8-b3_2p5",1000,8,468,1,1,0,1.029619,0.9162907,1.5,1.8,1,1.3,0.092,350,161,323,166,FALSE,NA,TRUE,NA,-0.0419850908560673,-0.0419850908560673,0.0419850908560673,0.0419850908560673,0.00176274785419223,-0.28796931572125,0.205259605239521,1,0.976343273626238,-0.0532757263737622,0.0532757263737622,0.0532757263737622,0.00283830302065198,0.761724210010944,1.19104903777268,1,0.958377179369917,0.0420864793699166,0.0420864793699166,0.0420864793699166,0.00177127174575442,0.662764332521089,1.25674324181392,1,1.54758601972288,0.0475860197228819,0.0475860197228819,0.0475860197228819,0.00226442927306651,1.47532177964732,1.63113265980569,1,1.86750812514156,0.0675081251415608,0.0675081251415608,0.0675081251415608,0.00455734696012863,1.74915600601029,2.01757889274266,1
47,"n1000-b1_1-b2_2p8-b3_2p5",1000,9,469,1,1,0,1.029619,0.9162907,1.5,1.8,1,1.3,0.1,322,187,324,167,FALSE,NA,TRUE,NA,-0.031782974406728,-0.031782974406728,0.031782974406728,0.031782974406728,0.00101015746213873,-0.270457909698295,0.206980817882549,1,1.00735709045509,-0.022261909544909,0.022261909544909,0.022261909544909,0.000495592616585712,0.800017122895741,1.22188383415205,1,1.02143568662533,0.105144986625326,0.105144986625326,0.105144986625326,0.0110554682124401,0.731291492333376,1.31295688990124,1,1.50642875352715,0.00642875352714811,0.00642875352714811,0.00642875352714811,4.13288719128193e-05,1.46015738182126,1.54929419996743,1,1.81933644679738,0.0193364467973822,0.0193364467973822,0.0193364467973822,0.000373898174747993,1.78742534162751,1.85936000341938,1
47,"n1000-b1_1-b2_2p8-b3_2p5",1000,10,470,1,1,0,1.029619,0.9162907,1.5,1.8,1,1.3,0.083,342,161,328,169,FALSE,NA,TRUE,NA,0.275746958841747,0.275746958841747,0.275746958841747,0.275746958841747,0.0760363853104722,0.0286213707751959,0.521758361260993,0,1.02276418128773,-0.00685481871226812,0.00685481871226812,0.00685481871226812,4.69885395780611e-05,0.812170732901124,1.23723934898757,1,0.664390682302689,-0.251900017697311,0.251900017697311,0.251900017697311,0.0634536189159057,0.373609401595047,0.959183023717229,1,1.45222166688854,-0.0477783331114621,0.0477783331114621,0.0477783331114621,0.00228276911490983,1.39901034659225,1.51868656820577,1,1.74751295248889,-0.0524870475111119,0.0524870475111119,0.0524870475111119,0.00275489015643372,1.69426389272845,1.84258588347374,1
48,"n1000-b1_1-b2_2p8-b3_2p5",1000,1,471,1,1,0,1.029619,0.9162907,1.5,1.8,1,1.3,0.103,330,162,339,169,FALSE,NA,TRUE,NA,0.268331231453167,0.268331231453167,0.268331231453167,0.268331231453167,0.0720016497731728,0.0142347811194957,0.519146360647959,0,1.25784713181381,0.22822813181381,0.22822813181381,0.22822813181381,0.0520880801512218,1.03815455106998,1.48314333325106,0,0.587624217411731,-0.328666482588269,0.328666482588269,0.328666482588269,0.108021656776945,0.290084083859047,0.883400297848115,0,1.46876058826316,-0.031239411736838,0.031239411736838,0.031239411736838,0.00097590084566369,1.40359977880392,1.51612922483267,1,1.80053396090788,0.000533960907878273,0.000533960907878273,0.000533960907878273,2.85114251142189e-07,1.75988410850313,1.89681362738139,1
48,"n1000-b1_1-b2_2p8-b3_2p5",1000,2,472,1,1,0,1.029619,0.9162907,1.5,1.8,1,1.3,0.106,290,193,329,188,FALSE,NA,TRUE,NA,-0.0788404054379639,-0.0788404054379639,0.0788404054379639,0.0788404054379639,0.00621580952962253,-0.310623155390128,0.151639744946113,1,0.950087299037284,-0.0795317009627158,0.0795317009627158,0.0795317009627158,0.00632529145802285,0.748247807027202,1.15340628736216,1,1.00098274614502,0.0846920461450198,0.0846920461450198,0.0846920461450198,0.00717274268023016,0.712844376188149,1.28955692632953,1,1.53651074616946,0.0365107461694552,0.0365107461694552,0.0365107461694552,0.00133303458585038,1.48597496635486,1.63067165059492,1,1.79344774104389,-0.00655225895611422,0.00655225895611422,0.00655225895611422,4.2932097427979e-05,1.7077028573274,1.89726434183453,1
48,"n1000-b1_1-b2_2p8-b3_2p5",1000,3,473,1,1,0,1.029619,0.9162907,1.5,1.8,1,1.3,0.1,352,160,339,149,FALSE,NA,TRUE,NA,0.147823170534365,0.147823170534365,0.147823170534365,0.147823170534365,0.0218516897468319,-0.110395174036873,0.403029611844627,1,1.11485484627717,0.0852358462771714,0.0852358462771714,0.0852358462771714,0.00726514949058559,0.884913278471201,1.34808020085489,1,0.845309817824804,-0.0709808821751963,0.0709808821751963,0.0709808821751963,0.0050382856343691,0.53934503190145,1.15237797450239,1,1.4937183908892,-0.00628160911080222,0.00628160911080222,0.00628160911080222,3.94586130209135e-05,1.44439016522841,1.53641664636863,1,1.81397888690113,0.0139788869011261,0.0139788869011261,0.0139788869011261,0.000195409278994476,1.75224123753723,1.89466918194966,1
48,"n1000-b1_1-b2_2p8-b3_2p5",1000,4,474,1,1,0,1.029619,0.9162907,1.5,1.8,1,1.3,0.089,364,159,323,154,FALSE,NA,TRUE,NA,-0.0701513455708878,-0.0701513455708878,0.0701513455708878,0.0701513455708878,0.00492121128540612,-0.322258414732906,0.183251648927477,1,0.996295234272242,-0.0333237657277579,0.0333237657277579,0.0333237657277579,0.00111047336227849,0.78097251386078,1.21726020621014,1,0.991072140016874,0.0747814400168745,0.0747814400168745,0.0747814400168745,0.0055922637709974,0.690859264565828,1.29162697796955,1,1.51668812998185,0.0166881299818475,0.0166881299818475,0.0166881299818475,0.000278493682291039,1.46555545456554,1.58467182881099,1,1.82593513810033,0.0259351381003292,0.0259351381003292,0.0259351381003292,0.000672631388283148,1.75508042202884,1.91910406217812,1
48,"n1000-b1_1-b2_2p8-b3_2p5",1000,5,475,1,1,0,1.029619,0.9162907,1.5,1.8,1,1.3,0.107,333,187,311,169,FALSE,NA,TRUE,NA,0.072982107006719,0.072982107006719,0.072982107006719,0.072982107006719,0.00532638794314018,-0.171307823737585,0.318750889264134,1,1.14937354623327,0.119754546233266,0.119754546233266,0.119754546233266,0.0143411513435354,0.93185308845012,1.37210436176428,1,0.969893970453264,0.0536032704532642,0.0536032704532642,0.0536032704532642,0.00287331060328579,0.676062637381754,1.2651094647241,1,1.57587140781365,0.0758714078136469,0.0758714078136469,0.0758714078136469,0.00575647052362472,1.4916728785315,1.64408211427819,1,1.84444766246342,0.0444476624634191,0.0444476624634191,0.0444476624634191,0.00197559469846204,1.74734610124542,1.92156231335325,1
48,"n1000-b1_1-b2_2p8-b3_2p5",1000,6,476,1,1,0,1.029619,0.9162907,1.5,1.8,1,1.3,0.09,335,174,327,164,FALSE,NA,TRUE,NA,0.0965901404201449,0.0965901404201449,0.0965901404201449,0.0965901404201449,0.0093296552263833,-0.150073454229704,0.344260834002631,1,1.06278923440285,0.0331702344028453,0.0331702344028453,0.0331702344028453,0.0011002644503397,0.845493981970792,1.28462909701496,1,0.817350493833258,-0.0989402061667418,0.0989402061667418,0.0989402061667418,0.00978916439631738,0.526161182722648,1.11225762770897,1,1.53899716037427,0.0389971603742665,0.0389971603742665,0.0389971603742665,0.00152077851725626,1.49276401098194,1.59843919830964,1,1.80093505501887,0.000935055018873587,0.000935055018873587,0.000935055018873587,8.74327888320685e-07,1.75231133907367,1.89140263621291,1
48,"n1000-b1_1-b2_2p8-b3_2p5",1000,7,477,1,1,0,1.029619,0.9162907,1.5,1.8,1,1.3,0.094,312,174,333,181,FALSE,NA,TRUE,NA,0.00984262389806889,0.00984262389806889,0.00984262389806889,0.00984262389806889,9.68772451988369e-05,-0.227111179450262,0.248939699538036,1,1.07702291343629,0.0474039134362927,0.0474039134362927,0.0474039134362927,0.00224713100907553,0.875283328859594,1.28603230900705,1,0.786649888363422,-0.129640811636578,0.129640811636578,0.129640811636578,0.0168067400417908,0.500966942333132,1.07256314190606,1,1.5237479922499,0.0237479922499038,0.0237479922499038,0.0237479922499038,0.000563967135901489,1.50035154175385,1.55498839337503,0,1.90095276343782,0.100952763437823,0.100952763437823,0.100952763437823,0.0101914604457331,1.79127437922208,1.98098618286378,1
48,"n1000-b1_1-b2_2p8-b3_2p5",1000,8,478,1,1,0,1.029619,0.9162907,1.5,1.8,1,1.3,0.094,325,179,331,165,FALSE,NA,TRUE,NA,0.146819731037562,0.146819731037562,0.146819731037562,0.146819731037562,0.0215560334219421,-0.0980184270524718,0.391712517986375,1,1.30024031240024,0.270621312400242,0.270621312400242,0.270621312400242,0.0732358947252294,1.07798174314276,1.53067924493481,0,0.715310722490879,-0.200979977509121,0.200979977509121,0.200979977509121,0.040392951359567,0.422829004673889,1.00436282942352,1,1.51158167197613,0.0115816719761308,0.0115816719761308,0.0115816719761308,0.000134135125762694,1.42417558532841,1.59243505416022,1,1.81129963252421,0.0112996325242087,0.0112996325242087,0.0112996325242087,0.000127681695182156,1.78114915751168,1.87358513337546,1
48,"n1000-b1_1-b2_2p8-b3_2p5",1000,9,479,1,1,0,1.029619,0.9162907,1.5,1.8,1,1.3,0.086,331,146,347,176,FALSE,NA,TRUE,NA,0.0616992314698247,0.0616992314698247,0.0616992314698247,0.0616992314698247,0.003806795163967,-0.190731982809836,0.313215421974447,1,1.23602304675911,0.206404046759114,0.206404046759114,0.206404046759114,0.0426026305185387,1.02190763879305,1.45803907637578,1,0.844970637532207,-0.0713200624677931,0.0713200624677931,0.0713200624677931,0.00508655131040991,0.545141657083127,1.14624356714284,1,1.54359829618188,0.0435982961818844,0.0435982961818844,0.0435982961818844,0.00190081142996331,1.49346763594899,1.58357143397315,1,1.84271306920033,0.0427130692003301,0.0427130692003301,0.0427130692003301,0.00182440628051219,1.79862982258336,1.90693161054726,1
48,"n1000-b1_1-b2_2p8-b3_2p5",1000,10,480,1,1,0,1.029619,0.9162907,1.5,1.8,1,1.3,0.087,326,168,338,168,FALSE,NA,TRUE,NA,0.133336762876631,0.133336762876631,0.133336762876631,0.133336762876631,0.0177786923344189,-0.109382783007305,0.380698565971032,1,1.09662703242105,0.0670080324210476,0.0670080324210476,0.0670080324210476,0.00449007640894016,0.881124693943038,1.31463420176658,1,0.905919692934862,-0.010371007065138,0.010371007065138,0.010371007065138,0.000107557787545143,0.609460030464842,1.20058408857639,1,1.50699877019097,0.00699877019096773,0.00699877019096773,0.00699877019096773,4.89827841859785e-05,1.43347328388771,1.61014984448013,1,1.79025705147185,-0.00974294852815349,0.00974294852815349,0.00974294852815349,9.49250460222483e-05,1.71958210746513,1.90488208686807,1
49,"n1000-b1_1-b2_2p8-b3_2p5",1000,1,481,1,1,0,1.029619,0.9162907,1.5,1.8,1,1.3,0.095,339,168,330,163,FALSE,NA,TRUE,NA,-0.210787650612404,-0.210787650612404,0.210787650612404,0.210787650612404,0.0444314336506967,-0.457158041870337,0.0372322738466081,1,0.839111839314356,-0.190507160685644,0.190507160685644,0.190507160685644,0.0362929782725058,0.633245411154277,1.05107343146706,1,1.19262926841898,0.276338568418976,0.276338568418976,0.276338568418976,0.076363004395849,0.894645442533479,1.48775607007961,1,1.50189528851303,0.00189528851302856,0.00189528851302856,0.00189528851302856,3.59211854761801e-06,1.43909594975909,1.57238480520647,1,1.83441285234039,0.0344128523403879,0.0344128523403879,0.0344128523403879,0.00118424440620134,1.68655505376986,1.91906527429927,1
49,"n1000-b1_1-b2_2p8-b3_2p5",1000,2,482,1,1,0,1.029619,0.9162907,1.5,1.8,1,1.3,0.086,340,169,321,170,FALSE,NA,TRUE,NA,0.101611159363933,0.101611159363933,0.101611159363933,0.101611159363933,0.0103248277072826,-0.142930229222991,0.346609578977687,1,0.988538552042717,-0.0410804479572835,0.0410804479572835,0.0410804479572835,0.00168760320437108,0.776131035977711,1.20909894413843,1,0.794831533581314,-0.121459166418686,0.121459166418686,0.121459166418686,0.0147523291071221,0.498402709574273,1.09320370145575,1,1.49725977361651,-0.00274022638349347,0.00274022638349347,0.00274022638349347,7.50884063279371e-06,1.439500629369,1.59424446560189,1,1.76763691058158,-0.0323630894184206,0.0323630894184206,0.0323630894184206,0.00104736955670469,1.68796326440884,1.96335928816172,1
49,"n1000-b1_1-b2_2p8-b3_2p5",1000,3,483,1,1,0,1.029619,0.9162907,1.5,1.8,1,1.3,0.092,354,170,319,157,FALSE,NA,TRUE,NA,0.0271939618948202,0.0271939618948202,0.0271939618948202,0.0271939618948202,0.000739511563536932,-0.217935753194991,0.274201409604442,1,1.01198582703918,-0.0176331729608228,0.0176331729608228,0.0176331729608228,0.000310928788666292,0.795026115230981,1.23116440593719,1,0.867081311581308,-0.0492093884186918,0.0492093884186918,0.0492093884186918,0.00242156390854168,0.571523082592057,1.16317733266404,1,1.53477679181975,0.0347767918197492,0.0347767918197492,0.0347767918197492,0.00120942524927418,1.48242399629368,1.66584323081556,1,1.81883983065481,0.0188398306548068,0.0188398306548068,0.0188398306548068,0.000354939219101797,1.76312834127226,1.88284272134424,1
49,"n1000-b1_1-b2_2p8-b3_2p5",1000,4,484,1,1,0,1.029619,0.9162907,1.5,1.8,1,1.3,0.081,357,169,317,157,FALSE,NA,TRUE,NA,-0.0935777631352192,-0.0935777631352192,0.0935777631352192,0.0935777631352192,0.00875679775339119,-0.341237781908912,0.15354551819857,1,0.885230571685008,-0.144388428314993,0.144388428314993,0.144388428314993,0.0208480182312737,0.669373767307186,1.10643523269066,1,1.00515783205516,0.0888671320551553,0.0888671320551553,0.0888671320551553,0.00789736715970841,0.708386165504477,1.30285220007269,1,1.49413426945208,-0.00586573054792261,0.00586573054792261,0.00586573054792261,3.44067948608325e-05,1.44474694535002,1.58444947670072,1,1.79725254469166,-0.00274745530834331,0.00274745530834331,0.00274745530834331,7.54851067134381e-06,1.72624978653592,1.87681089070844,1
49,"n1000-b1_1-b2_2p8-b3_2p5",1000,5,485,1,1,0,1.029619,0.9162907,1.5,1.8,1,1.3,0.1,332,168,323,177,FALSE,NA,TRUE,NA,0.0805088316029711,0.0805088316029711,0.0805088316029711,0.0805088316029711,0.00648167196607556,-0.167174731139428,0.327441284183616,1,1.12640678003146,0.0967877800314554,0.0967877800314554,0.0967877800314554,0.00936787436341739,0.912376698633058,1.34385293970988,1,0.775872787057679,-0.140417912942321,0.140417912942321,0.140417912942321,0.0197171902750773,0.479772598518387,1.06625009745751,1,1.47814797121213,-0.0218520287878721,0.0218520287878721,0.0218520287878721,0.00047751116214599,1.39787145764829,1.5246287183491,1,1.78931756219905,-0.0106824378009487,0.0106824378009487,0.0106824378009487,0.000114114477371137,1.64132641033762,1.86989681475177,1
49,"n1000-b1_1-b2_2p8-b3_2p5",1000,6,486,1,1,0,1.029619,0.9162907,1.5,1.8,1,1.3,0.098,312,176,333,179,FALSE,NA,TRUE,NA,0.0713264939422825,0.0713264939422825,0.0713264939422825,0.0713264939422825,0.00508746873809846,-0.166134892980138,0.31100715490597,1,1.13036258588244,0.10074358588244,0.10074358588244,0.10074358588244,0.0101492700964525,0.921728806338685,1.34275671906231,1,0.782895202256023,-0.133395497743977,0.133395497743977,0.133395497743977,0.0177943588183634,0.493228543711725,1.07224764867401,1,1.49450241109256,-0.00549758890743623,0.00549758890743623,0.00549758890743623,3.02234837951659e-05,1.45094537535203,1.56190178579162,1,1.79192685100679,-0.00807314899320799,0.00807314899320799,0.00807314899320799,6.51757346665352e-05,1.76018190943275,1.84116383418704,1
49,"n1000-b1_1-b2_2p8-b3_2p5",1000,7,487,1,1,0,1.029619,0.9162907,1.5,1.8,1,1.3,0.114,321,165,347,167,FALSE,NA,TRUE,NA,0.0933027731595649,0.0933027731595649,0.0933027731595649,0.0933027731595649,0.00870540747926522,-0.16094810125117,0.350861187589977,1,1.02837460862555,-0.00124439137445087,0.00124439137445087,0.00124439137445087,1.54850989280773e-06,0.812784881528281,1.25129450742645,1,0.880397551977054,-0.035893148022946,0.035893148022946,0.035893148022946,0.00128831807499711,0.572517213270178,1.18544059316977,1,1.50796081484383,0.00796081484382727,0.00796081484382727,0.00796081484382727,6.33745729777006e-05,1.47392798487636,1.56157848561149,1,1.78970557499733,-0.0102944250026691,0.0102944250026691,0.0102944250026691,0.000105975186135578,1.75307222677884,1.84386285659823,1
49,"n1000-b1_1-b2_2p8-b3_2p5",1000,8,488,1,1,0,1.029619,0.9162907,1.5,1.8,1,1.3,0.1,345,165,324,166,FALSE,NA,TRUE,NA,-0.0443327777056266,-0.0443327777056266,0.0443327777056266,0.0443327777056266,0.0019653951790965,-0.292008844057253,0.202789251356306,1,1.10403266681451,0.0744136668145146,0.0744136668145146,0.0744136668145146,0.00553739380878158,0.88845828024697,1.32412144174794,1,0.969027479017132,0.0527367790171318,0.0527367790171318,0.0527367790171318,0.00278116786110179,0.673112481356683,1.26850840202928,1,1.44961458387108,-0.0503854161289174,0.0503854161289174,0.0503854161289174,0.00253869015848417,1.41120118632406,1.56337474769901,1,1.77543354235614,-0.0245664576438605,0.0245664576438605,0.0245664576438605,0.00060351084116759,1.72595170147626,1.85513270304907,1
49,"n1000-b1_1-b2_2p8-b3_2p5",1000,9,489,1,1,0,1.029619,0.9162907,1.5,1.8,1,1.3,0.089,336,152,349,163,FALSE,NA,TRUE,NA,-0.0782206691417763,-0.0782206691417763,0.0782206691417763,0.0782206691417763,0.00611847308098723,-0.33475569475719,0.17787737982423,1,1.05468185631792,0.025062856317924,0.025062856317924,0.025062856317924,0.000628146766812905,0.842980032114564,1.27108827459138,1,1.00916782426271,0.0928771242627127,0.0928771242627127,0.0928771242627127,0.00862616021131137,0.7108028343063,1.31424065998566,1,1.46359461712013,-0.0364053828798714,0.0364053828798714,0.0364053828798714,0.00132535190263003,1.39881018984815,1.50805375829022,1,1.76224252772087,-0.0377574722791294,0.0377574722791294,0.0377574722791294,0.00142562671290923,1.69212651214525,1.85842112755273,1
49,"n1000-b1_1-b2_2p8-b3_2p5",1000,10,490,1,1,0,1.029619,0.9162907,1.5,1.8,1,1.3,0.086,348,159,333,160,FALSE,NA,TRUE,NA,-0.00988985254557176,-0.00988985254557176,0.00988985254557176,0.00988985254557176,9.78091833731523e-05,-0.255333352969253,0.241664081039636,1,1.07598394037149,0.0463649403714896,0.0463649403714896,0.0463649403714896,0.00214970769565179,0.852044292799082,1.30102470535202,1,1.04988321417525,0.133592514175248,0.133592514175248,0.133592514175248,0.0178469598436639,0.75357168832639,1.34957230086314,1,1.51190360948788,0.0119036094878824,0.0119036094878824,0.0119036094878824,0.000141695918840003,1.45620545191887,1.55862928047197,1,1.82043547046866,0.0204354704686605,0.0204354704686605,0.0204354704686605,0.000417608453275494,1.77531202617995,1.8863628539745,1
50,"n1000-b1_1-b2_2p8-b3_2p5",1000,1,491,1,1,0,1.029619,0.9162907,1.5,1.8,1,1.3,0.103,337,185,321,157,FALSE,NA,TRUE,NA,0.048977292249329,0.048977292249329,0.048977292249329,0.048977292249329,0.00239877515607618,-0.198623835345532,0.299179391903123,1,1.18755419856548,0.15793519856548,0.15793519856548,0.15793519856548,0.0249435269459175,0.96199986889602,1.4200537463024,1,0.834815658678267,-0.0814750413217331,0.0814750413217331,0.0814750413217331,0.00663818235837812,0.533557920877705,1.12908657341917,1,1.52743520510265,0.0274352051026474,0.0274352051026474,0.0274352051026474,0.00075269047902433,1.49620145219632,1.60180251549624,1,1.82576397585707,0.0257639758570651,0.0257639758570651,0.0257639758570651,0.000663782451963435,1.78266258496906,1.8879857206642,1
50,"n1000-b1_1-b2_2p8-b3_2p5",1000,2,492,1,1,0,1.029619,0.9162907,1.5,1.8,1,1.3,0.089,312,185,331,172,FALSE,NA,TRUE,NA,-0.205676664369051,-0.205676664369051,0.205676664369051,0.205676664369051,0.0423028902659793,-0.438890524931017,0.0273181117102977,1,0.860128037931902,-0.169490962068098,0.169490962068098,0.169490962068098,0.0287271862227695,0.659375841711931,1.06529279729123,1,1.28564061140512,0.369349911405124,0.369349911405124,0.369349911405124,0.136419357054973,0.996196976588311,1.57298916860697,0,1.50549121434465,0.00549121434464617,0.00549121434464617,0.00549121434464617,3.01534349788478e-05,1.4702559025874,1.55804921566372,1,1.81381105254203,0.0138110525420343,0.0138110525420343,0.0138110525420343,0.000190745172318832,1.7531078016639,1.87825512807794,1
50,"n1000-b1_1-b2_2p8-b3_2p5",1000,3,493,1,1,0,1.029619,0.9162907,1.5,1.8,1,1.3,0.101,346,167,317,170,FALSE,NA,TRUE,NA,0.0320009956011424,0.0320009956011424,0.0320009956011424,0.0320009956011424,0.00102406371946434,-0.216700667122702,0.282370839560099,1,1.04887908328399,0.0192600832839922,0.0192600832839922,0.0192600832839922,0.000370950808106316,0.833772270182542,1.273439805945,1,0.867832433546725,-0.0484582664532748,0.0484582664532748,0.0484582664532748,0.00234820358765658,0.571693317075916,1.16238073510536,1,1.49188538632878,-0.00811461367121669,0.00811461367121669,0.00811461367121669,6.58469550330967e-05,1.47190871656629,1.51064143318177,1,1.79385677170447,-0.00614322829553293,0.00614322829553293,0.00614322829553293,3.77392538910365e-05,1.76881609256713,1.84504887855915,1
50,"n1000-b1_1-b2_2p8-b3_2p5",1000,4,494,1,1,0,1.029619,0.9162907,1.5,1.8,1,1.3,0.094,316,172,331,181,FALSE,NA,TRUE,NA,0.0461227705538726,0.0461227705538726,0.0461227705538726,0.0461227705538726,0.00212730996356518,-0.192593447825753,0.280204072803725,1,1.04603668403773,0.0164176840377339,0.0164176840377339,0.0164176840377339,0.000269540349162863,0.837966902213063,1.25563594923319,1,1.01939689812698,0.103106198126978,0.103106198126978,0.103106198126978,0.0106308880921997,0.730121663008319,1.31064254689234,1,1.51404227860764,0.014042278607638,0.014042278607638,0.014042278607638,0.000197185588494527,1.49139872865474,1.58093955889474,1,1.8195474127737,0.019547412773703,0.019547412773703,0.019547412773703,0.000382101346145526,1.73541318012779,1.89872159603845,1
50,"n1000-b1_1-b2_2p8-b3_2p5",1000,5,495,1,1,0,1.029619,0.9162907,1.5,1.8,1,1.3,0.096,331,177,329,163,FALSE,NA,TRUE,NA,-0.00349266656014658,-0.00349266656014658,0.00349266656014658,0.00349266656014658,1.21987197003662e-05,-0.246420658693926,0.239192948461823,1,1.01006726454747,-0.0195517354525325,0.0195517354525325,0.0195517354525325,0.000382270359205817,0.794353551560342,1.23013210833559,1,0.96761176768712,0.0513210676871195,0.0513210676871195,0.0513210676871195,0.0026338519885459,0.678188623737511,1.26371004267369,1,1.49671102320296,-0.00328897679703966,0.00328897679703966,0.00328897679703966,1.08173683714652e-05,1.41820404218267,1.55888390804206,1,1.73512386593063,-0.0648761340693713,0.0648761340693713,0.0648761340693713,0.00420891277178704,1.69105713798086,1.80917919030417,1
50,"n1000-b1_1-b2_2p8-b3_2p5",1000,6,496,1,1,0,1.029619,0.9162907,1.5,1.8,1,1.3,0.098,338,171,323,168,FALSE,NA,TRUE,NA,-0.0181769668008803,-0.0181769668008803,0.0181769668008803,0.0181769668008803,0.000330402122080305,-0.268126407174528,0.230146085298122,1,1.03701484023503,0.00739584023503048,0.00739584023503048,0.00739584023503048,5.46984527820957e-05,0.825738786679067,1.25364066677378,1,0.989117633716692,0.0728269337166916,0.0728269337166916,0.0728269337166916,0.00530376227457539,0.689623211972239,1.28790721671059,1,1.47139103804119,-0.0286089619588124,0.0286089619588124,0.0286089619588124,0.000818472704360772,1.43253993073856,1.56185234991978,1,1.8125868202851,0.0125868202850998,0.0125868202850998,0.0125868202850998,0.000158428044889401,1.72151861341569,1.99377563655581,1
50,"n1000-b1_1-b2_2p8-b3_2p5",1000,7,497,1,1,0,1.029619,0.9162907,1.5,1.8,1,1.3,0.109,329,183,328,160,FALSE,NA,TRUE,NA,-0.199909795927712,-0.199909795927712,0.199909795927712,0.199909795927712,0.0399639265078593,-0.448734331413503,0.0498807264077875,1,0.965954794139623,-0.0636642058603775,0.0636642058603775,0.0636642058603775,0.00405313110783252,0.751160821632148,1.18181347762241,1,1.14495032495524,0.228659624955241,0.228659624955241,0.228659624955241,0.0522852240846713,0.849738617887892,1.44432491799796,1,1.53493929144248,0.034939291442484,0.034939291442484,0.034939291442484,0.00122075408650283,1.48177312522333,1.64292254450024,1,1.84863125816456,0.0486312581645643,0.0486312581645643,0.0486312581645643,0.0023649992706685,1.7681357394129,1.95201382201691,1
50,"n1000-b1_1-b2_2p8-b3_2p5",1000,8,498,1,1,0,1.029619,0.9162907,1.5,1.8,1,1.3,0.122,337,187,333,143,FALSE,NA,TRUE,NA,-0.164079978214505,-0.164079978214505,0.164079978214505,0.164079978214505,0.0269222392508723,-0.426294982201109,0.100653838354609,1,1.14470456267137,0.115085562671367,0.115085562671367,0.115085562671367,0.0132446867353852,0.909000038556192,1.38227786310104,1,1.18627139345826,0.26998069345826,0.26998069345826,0.26998069345826,0.0728895748402027,0.877968805623755,1.50001442144342,1,1.49698493235943,-0.00301506764056936,0.00301506764056936,0.00301506764056936,9.09063287720847e-06,1.47573860444829,1.53855273102577,1,1.80066969800099,0.000669698000988594,0.000669698000988594,0.000669698000988594,4.48495412528119e-07,1.77107895696131,1.8611276531406,1
50,"n1000-b1_1-b2_2p8-b3_2p5",1000,9,499,1,1,0,1.029619,0.9162907,1.5,1.8,1,1.3,0.096,340,155,337,168,FALSE,NA,TRUE,NA,0.181129094915465,0.181129094915465,0.181129094915465,0.181129094915465,0.0328077490248956,-0.0718688065791323,0.435003328061745,1,1.13731825090004,0.107699250900038,0.107699250900038,0.107699250900038,0.0115991286444294,0.917063453187698,1.36044356148231,1,0.613213550408792,-0.303077149591208,0.303077149591208,0.303077149591208,0.0918557586043314,0.315869505628186,0.911533282472676,0,1.44157365237286,-0.0584263476271449,0.0584263476271449,0.0584263476271449,0.00341363809704798,1.1575732332302,1.55669922323633,1,1.78401043022474,-0.0159895697752559,0.0159895697752559,0.0159895697752559,0.000255666341597777,1.62965582756545,1.95447934817422,1
50,"n1000-b1_1-b2_2p8-b3_2p5",1000,10,500,1,1,0,1.029619,0.9162907,1.5,1.8,1,1.3,0.097,330,170,350,150,FALSE,NA,TRUE,NA,0.0582928058702905,0.0582928058702905,0.0582928058702905,0.0582928058702905,0.00339805121623137,-0.201339573237766,0.317723148689313,1,1.218431440652,0.188812440652003,0.188812440652003,0.188812440652003,0.0356501377449663,0.991534529294462,1.44731845478344,1,0.81055185311087,-0.10573884688913,0.10573884688913,0.10573884688913,0.0111807037414429,0.509242838012978,1.11128862854543,1,1.40936098339699,-0.0906390166030093,0.0906390166030093,0.0906390166030093,0.0082154313307606,1.36979308603523,1.5001361721296,1,1.76202479343172,-0.0379752065682775,0.0379752065682775,0.0379752065682775,0.00144211631390334,1.70986875656188,1.83051083004863,1
