"replicate_index","scenario_label","data_n","data_set_index","global_data_set_index","data_set_attempt","start_index","true_beta_1","true_beta_2","true_beta_3","true_gamma_1","true_gamma_2","gamma_start_1","gamma_start_2","censoring_proportion","treated_above","treated_below","control_above","control_below","skipped","skip_reason","converged","error","beta_1_value","beta_1_bias","beta_1_absolute_bias","beta_1_rmse","beta_1_squared_bias","beta_1_interval_lower","beta_1_interval_upper","beta_1_covered","beta_2_value","beta_2_bias","beta_2_absolute_bias","beta_2_rmse","beta_2_squared_bias","beta_2_interval_lower","beta_2_interval_upper","beta_2_covered","beta_3_value","beta_3_bias","beta_3_absolute_bias","beta_3_rmse","beta_3_squared_bias","beta_3_interval_lower","beta_3_interval_upper","beta_3_covered","gamma_1_value","gamma_1_bias","gamma_1_absolute_bias","gamma_1_rmse","gamma_1_squared_bias","gamma_1_interval_lower","gamma_1_interval_upper","gamma_1_covered","gamma_2_value","gamma_2_bias","gamma_2_absolute_bias","gamma_2_rmse","gamma_2_squared_bias","gamma_2_interval_lower","gamma_2_interval_upper","gamma_2_covered"
1,"n1000-b1_2-b2_2p5-b3_2p8",1000,1,1,1,1,0.6931472,0.9162907,1.029619,1.5,1.8,1,1.3,0.081,311,160,347,182,FALSE,NA,TRUE,NA,0.71009793319392,0.0169507331939204,0.0169507331939204,0.0169507331939204,0.000287327355811474,0.472043682908074,0.949944092576049,1,0.834390550164008,-0.0819001498359916,0.0819001498359916,0.0819001498359916,0.00670763454315787,0.623950247759677,1.04980774481959,1,1.11002097457696,0.0804019745769615,0.0804019745769615,0.0804019745769615,0.00646447751587437,0.808264656410753,1.4122788319195,1,1.48333544299021,-0.0166645570097921,0.0166645570097921,0.0166645570097921,0.00027770746033261,1.40965555809571,1.54371870114542,1,1.79705091416581,-0.00294908583418962,0.00294908583418962,0.00294908583418962,8.69710725741791e-06,1.74354570673917,1.86584061862817,1
1,"n1000-b1_2-b2_2p5-b3_2p8",1000,2,2,1,1,0.6931472,0.9162907,1.029619,1.5,1.8,1,1.3,0.083,288,184,358,170,FALSE,NA,TRUE,NA,0.690066636766171,-0.00308056323382933,0.00308056323382933,0.00308056323382933,9.48986983762099e-06,0.454387308496217,0.923944216859591,1,0.878086697638238,-0.0382040023617618,0.0382040023617618,0.0382040023617618,0.0014595457964575,0.665799463679541,1.09640061809736,1,1.09107352612499,0.0614545261249939,0.0614545261249939,0.0614545261249939,0.00377665878124756,0.790389663917262,1.39078354919744,1,1.52321609340816,0.0232160934081553,0.0232160934081553,0.0232160934081553,0.000538986993136194,1.47868933263336,1.62782460476539,1,1.79425858838667,-0.00574141161332808,0.00574141161332808,0.00574141161332808,3.29638073136586e-05,1.75613571004915,1.86954500415883,1
1,"n1000-b1_2-b2_2p5-b3_2p8",1000,3,3,1,1,0.6931472,0.9162907,1.029619,1.5,1.8,1,1.3,0.0669999999999999,333,164,356,147,FALSE,NA,TRUE,NA,0.712090180117351,0.0189429801173515,0.0189429801173515,0.0189429801173515,0.000358836495726375,0.4636704598783,0.960539761046505,1,1.09976232331812,0.183471623318117,0.183471623318117,0.183471623318117,0.033661836562985,0.874825347970128,1.32720390427097,1,1.06821462043367,0.0385956204336724,0.0385956204336724,0.0385956204336724,0.00148962191666011,0.762555679062875,1.37431303642378,1,1.50741599336165,0.00741599336165044,0.00741599336165044,0.00741599336165044,5.49969575400434e-05,1.44671389631789,1.5706028299951,1,1.75257623126704,-0.0474237687329566,0.0474237687329566,0.0474237687329566,0.00224901384083695,1.6886521194163,1.84604408699879,1
1,"n1000-b1_2-b2_2p5-b3_2p8",1000,4,4,1,1,0.6931472,0.9162907,1.029619,1.5,1.8,1,1.3,0.071,321,160,350,169,FALSE,NA,TRUE,NA,0.965508137944911,0.272360937944911,0.272360937944911,0.272360937944911,0.0741804805182318,0.720792014476977,1.20871498919111,0,0.997915672244685,0.0816249722446849,0.0816249722446849,0.0816249722446849,0.00666263609394558,0.781401594200042,1.21660204331602,1,0.794991919438506,-0.234627080561495,0.234627080561495,0.234627080561495,0.05504986693281,0.498239739587577,1.09659403353088,1,1.51777606037669,0.0177760603766859,0.0177760603766859,0.0177760603766859,0.000315988322515582,1.50126593840195,1.54949608829444,0,1.80298874407196,0.00298874407195893,0.00298874407195893,0.00298874407195893,8.93259112766962e-06,1.78812995277289,1.82094673183983,1
1,"n1000-b1_2-b2_2p5-b3_2p8",1000,5,5,1,1,0.6931472,0.9162907,1.029619,1.5,1.8,1,1.3,0.0669999999999999,352,156,322,170,FALSE,NA,TRUE,NA,0.836008608852481,0.142861408852481,0.142861408852481,0.142861408852481,0.0204093821393156,0.596500242517547,1.08125994986373,1,0.884009215315076,-0.0322814846849239,0.0322814846849239,0.0322814846849239,0.00104209425346297,0.673990519443886,1.10050718979253,1,1.02701383383907,-0.00260516616092721,0.00260516616092721,0.00260516616092721,6.78689072604021e-06,0.724369594161257,1.3260620169042,1,1.45089282501719,-0.0491071749828116,0.0491071749828116,0.0491071749828116,0.00241151463479248,1.36228328033528,1.58151990574252,1,1.76899493393617,-0.0310050660638332,0.0310050660638332,0.0310050660638332,0.000961314121622664,1.67806849078234,1.83860637440856,1
1,"n1000-b1_2-b2_2p5-b3_2p8",1000,6,6,1,1,0.6931472,0.9162907,1.029619,1.5,1.8,1,1.3,0.0600000000000001,321,180,338,161,FALSE,NA,TRUE,NA,0.720844895270983,0.0276976952709831,0.0276976952709831,0.0276976952709831,0.000767162323324239,0.488236546868354,0.957397176803731,1,0.991299692702916,0.0750089927029164,0.0750089927029164,0.0750089927029164,0.00562634898630616,0.78306889979694,1.20699965473708,1,0.926524829547228,-0.103094170452772,0.103094170452772,0.103094170452772,0.0106284079813452,0.635450838823959,1.21257803965079,1,1.51476300443716,0.0147630044371561,0.0147630044371561,0.0147630044371561,0.000217946300011489,1.47989162834172,1.58753095291409,1,1.83799569838699,0.0379956983869862,0.0379956983869862,0.0379956983869862,0.00144367309591483,1.711545820815,1.91879910161485,1
1,"n1000-b1_2-b2_2p5-b3_2p8",1000,7,7,1,1,0.6931472,0.9162907,1.029619,1.5,1.8,1,1.3,0.0659999999999999,348,150,333,169,FALSE,NA,TRUE,NA,0.615518446023904,-0.0776287539760963,0.0776287539760963,0.0776287539760963,0.00602622344388128,0.379079685166169,0.856160829199622,1,0.756734161544245,-0.159556538455755,0.159556538455755,0.159556538455755,0.025458288963983,0.553114051513423,0.962768055507365,1,1.05021894321611,0.0205999432161057,0.0205999432161057,0.0205999432161057,0.000424357660506779,0.75435153881901,1.34195179859438,1,1.45882647998277,-0.0411735200172285,0.0411735200172285,0.0411735200172285,0.00169525875060912,1.37365167936366,1.53083488866754,1,1.78333108288602,-0.0166689171139756,0.0166689171139756,0.0166689171139756,0.000277852797752587,1.73410971279286,1.83390663380201,1
1,"n1000-b1_2-b2_2p5-b3_2p8",1000,8,8,1,1,0.6931472,0.9162907,1.029619,1.5,1.8,1,1.3,0.076,343,164,315,178,FALSE,NA,TRUE,NA,0.860306166539424,0.167158966539424,0.167158966539424,0.167158966539424,0.0279421200945282,0.620740686011262,1.10105313780585,1,1.02524217000721,0.108951470007213,0.108951470007213,0.108951470007213,0.0118704228167327,0.810852456627389,1.24706763989962,1,0.707059809355391,-0.322559190644609,0.322559190644609,0.322559190644609,0.104044431469305,0.411820123874863,0.997810679334875,0,1.49099649087041,-0.00900350912959125,0.00900350912959125,0.00900350912959125,8.10631766466329e-05,1.43928914777175,1.56264019089483,1,1.79821382541184,-0.00178617458815999,0.00178617458815999,0.00178617458815999,3.19041965938853e-06,1.75596341201618,1.85049925253445,1
1,"n1000-b1_2-b2_2p5-b3_2p8",1000,9,9,1,1,0.6931472,0.9162907,1.029619,1.5,1.8,1,1.3,0.076,346,162,326,166,FALSE,NA,TRUE,NA,0.540345008687728,-0.152802191312272,0.152802191312272,0.152802191312272,0.0233485096698322,0.29351981978795,0.786620738074574,1,0.899390931390683,-0.0168997686093171,0.0168997686093171,0.0168997686093171,0.000285602179048459,0.680993441795798,1.12358772229691,1,1.13203168773526,0.102412687735261,0.102412687735261,0.102412687735261,0.0104883586091602,0.83099576798339,1.43250775474431,1,1.49237326820112,-0.00762673179888296,0.00762673179888296,0.00762673179888296,5.81670379320925e-05,1.43144834087232,1.55793138257011,1,1.81081998158307,0.010819981583067,0.010819981583067,0.010819981583067,0.000117072001457908,1.76474651254479,1.87293050570724,1
1,"n1000-b1_2-b2_2p5-b3_2p8",1000,10,10,1,1,0.6931472,0.9162907,1.029619,1.5,1.8,1,1.3,0.072,379,150,313,158,FALSE,NA,TRUE,NA,0.744427029984403,0.0512798299844034,0.0512798299844034,0.0512798299844034,0.00262962096322932,0.493280175488443,0.996611479187142,1,1.0048985326227,0.0886078326226993,0.0886078326226993,0.0886078326226993,0.0078513480020923,0.788857523887536,1.23080871444244,1,0.979553969174163,-0.0500650308258372,0.0500650308258372,0.0500650308258372,0.00250650731159203,0.675285480071842,1.28337555925733,1,1.51646801507146,0.0164680150714582,0.0164680150714582,0.0164680150714582,0.000271195520393775,1.47762315358522,1.57383820734972,1,1.84130751963892,0.0413075196389241,0.0413075196389241,0.0413075196389241,0.0017063111787201,1.79632372559862,1.95427154594979,1
2,"n1000-b1_2-b2_2p5-b3_2p8",1000,1,11,1,1,0.6931472,0.9162907,1.029619,1.5,1.8,1,1.3,0.075,339,178,306,177,FALSE,NA,TRUE,NA,0.546620977647475,-0.146526222352525,0.146526222352525,0.146526222352525,0.0214699338369017,0.31015703294353,0.784662608243951,1,0.812051189343596,-0.104239510656404,0.104239510656404,0.104239510656404,0.0108658755818865,0.599628909545019,1.02788799797581,1,1.21414396693539,0.184524966935392,0.184524966935392,0.184524966935392,0.0340494634225074,0.918809145423414,1.50885699351261,1,1.48646460004393,-0.0135353999560703,0.0135353999560703,0.0135353999560703,0.000183207051970789,1.39895624615836,1.62034582734095,1,1.77775647750664,-0.0222435224933613,0.0222435224933613,0.0222435224933613,0.000494774292912668,1.70714443751751,1.87228159066949,1
2,"n1000-b1_2-b2_2p5-b3_2p8",1000,2,12,1,1,0.6931472,0.9162907,1.029619,1.5,1.8,1,1.3,0.08,336,185,299,180,FALSE,NA,TRUE,NA,0.820494996813856,0.127347796813856,0.127347796813856,0.127347796813856,0.0162174613533432,0.587748206814209,1.05575222080805,1,1.03562541489855,0.119334714898553,0.119334714898553,0.119334714898553,0.0142407741799188,0.817731007355998,1.25880619992456,1,0.957708864039836,-0.0719101359601638,0.0719101359601638,0.0719101359601638,0.00517106765380925,0.661918410205752,1.25611075327805,1,1.48324034279471,-0.0167596572052906,0.0167596572052906,0.0167596572052906,0.000280886109638849,1.43265154053189,1.5239629194611,1,1.76927881089869,-0.0307211891013057,0.0307211891013057,0.0307211891013057,0.000943791459798186,1.70771473666467,1.81392882528254,1
2,"n1000-b1_2-b2_2p5-b3_2p8",1000,3,13,1,1,0.6931472,0.9162907,1.029619,1.5,1.8,1,1.3,0.074,348,153,336,163,FALSE,NA,TRUE,NA,0.789550173492567,0.0964029734925673,0.0964029734925673,0.0964029734925673,0.00929353329820864,0.535837497540984,1.0419274988579,1,0.975974985600271,0.0596842856002706,0.0596842856002706,0.0596842856002706,0.00356221394761467,0.754795237857537,1.20089437766192,1,1.02821188859176,-0.00140711140823857,0.00140711140823857,0.00140711140823857,1.97996251519513e-06,0.721088346045376,1.33661388841984,1,1.45999954502538,-0.0400004549746236,0.0400004549746236,0.0400004549746236,0.00160003639817689,1.33405966904509,1.54481709399261,1,1.84110824221425,0.0411082422142501,0.0411082422142501,0.0411082422142501,0.00168988757794546,1.77975819765382,1.92581353116999,1
2,"n1000-b1_2-b2_2p5-b3_2p8",1000,4,14,1,1,0.6931472,0.9162907,1.029619,1.5,1.8,1,1.3,0.0659999999999999,324,172,366,138,FALSE,NA,TRUE,NA,0.695068420480778,0.00192122048077803,0.00192122048077803,0.00192122048077803,3.69108813576096e-06,0.447140508748814,0.951344601603647,1,0.840988445206219,-0.0753022547937812,0.0753022547937812,0.0753022547937812,0.00567042957702754,0.617544656559463,1.0734417708458,1,0.983496867897125,-0.0461221321028752,0.0461221321028752,0.0461221321028752,0.00212725106971507,0.67903478663668,1.28236387958823,1,1.46334954792812,-0.0366504520718762,0.0366504520718762,0.0366504520718762,0.0013432556370729,1.41126867928363,1.52990544910278,1,1.80978639205449,0.0097863920544865,0.0097863920544865,0.0097863920544865,9.57734694441166e-05,1.75741514352807,1.99199857447032,1
2,"n1000-b1_2-b2_2p5-b3_2p8",1000,5,15,1,1,0.6931472,0.9162907,1.029619,1.5,1.8,1,1.3,0.0659999999999999,343,181,334,142,FALSE,NA,TRUE,NA,0.381930934106784,-0.311216265893216,0.311216265893216,0.311216265893216,0.0968555641565171,0.142814400646055,0.628009670802414,0,0.699259551793279,-0.217031148206721,0.217031148206721,0.217031148206721,0.0471025192919278,0.481078534704075,0.923565011533339,1,1.39358515599879,0.36396615599879,0.36396615599879,0.36396615599879,0.132471362712535,1.08934356901697,1.69333320176358,0,1.46115205472825,-0.0388479452717538,0.0388479452717538,0.0388479452717538,0.00150916285183718,1.33809332308258,1.57193309642148,1,1.78802223858963,-0.0119777614103704,0.0119777614103704,0.0119777614103704,0.000143466768403759,1.71637975925468,1.85367644765984,1
2,"n1000-b1_2-b2_2p5-b3_2p8",1000,6,16,1,1,0.6931472,0.9162907,1.029619,1.5,1.8,1,1.3,0.071,335,168,334,163,FALSE,NA,TRUE,NA,0.662572830726188,-0.0305743692738124,0.0305743692738124,0.0305743692738124,0.000934792056491444,0.421053568730929,0.902447210373017,1,0.756032254728357,-0.160258445271643,0.160258445271643,0.160258445271643,0.0256827692808841,0.543791867412304,0.972644225405168,1,1.15869956127884,0.129080561278837,0.129080561278837,0.129080561278837,0.0166617913000595,0.851614862350179,1.45893372810257,1,1.49493313435233,-0.00506686564767467,0.00506686564767467,0.00506686564767467,2.56731274915856e-05,1.45848615518012,1.56524948901011,1,1.77705356990272,-0.0229464300972848,0.0229464300972848,0.0229464300972848,0.000526538654209578,1.72491207481558,1.85090753610559,1
2,"n1000-b1_2-b2_2p5-b3_2p8",1000,7,17,1,1,0.6931472,0.9162907,1.029619,1.5,1.8,1,1.3,0.08,350,167,312,171,FALSE,NA,TRUE,NA,0.765576587583775,0.0724293875837748,0.0724293875837748,0.0724293875837748,0.00524601618576067,0.526100967271659,1.00636475950814,1,0.96882843949684,0.05253773949684,0.05253773949684,0.05253773949684,0.00276021407143783,0.75518837166095,1.19041346163574,1,0.837924519024262,-0.191694480975738,0.191694480975738,0.191694480975738,0.0367467740365577,0.539387667242602,1.1319665940171,1,1.47109729627257,-0.0289027037274259,0.0289027037274259,0.0289027037274259,0.000835366282755357,1.37588481314652,1.55992876040432,1,1.73667072424978,-0.0633292757502193,0.0633292757502193,0.0633292757502193,0.00401059716704731,1.67332719290833,1.83957589380745,1
2,"n1000-b1_2-b2_2p5-b3_2p8",1000,8,18,1,1,0.6931472,0.9162907,1.029619,1.5,1.8,1,1.3,0.0620000000000001,309,191,344,156,FALSE,NA,TRUE,NA,0.584313171768352,-0.108834028231648,0.108834028231648,0.108834028231648,0.0118448457011272,0.353524666522034,0.819107182836498,1,0.795355909388595,-0.120934790611405,0.120934790611405,0.120934790611405,0.0146252235802243,0.588379935202991,1.01117295120693,1,1.14196885562271,0.112349855622712,0.112349855622712,0.112349855622712,0.0126224900584442,0.84897967816818,1.43388629437691,1,1.51040112108432,0.0104011210843238,0.0104011210843238,0.0104011210843238,0.000108183319810765,1.44723151824012,1.54694014095808,1,1.81436288689442,0.014362886894415,0.014362886894415,0.014362886894415,0.000206292519941758,1.72124569275501,1.89915839578137,1
2,"n1000-b1_2-b2_2p5-b3_2p8",1000,9,19,1,1,0.6931472,0.9162907,1.029619,1.5,1.8,1,1.3,0.082,330,170,332,168,FALSE,NA,TRUE,NA,0.497241801630501,-0.195905398369499,0.195905398369499,0.195905398369499,0.0383789251103122,0.254808571929747,0.738699893926245,1,0.950751672228401,0.0344609722284008,0.0344609722284008,0.0344609722284008,0.00118755860692661,0.739996346117847,1.16464955212841,1,1.10849539779897,0.0788763977989668,0.0788763977989668,0.0788763977989668,0.00622148612974086,0.811548828550965,1.40889555366671,1,1.4849787458867,-0.0150212541133028,0.0150212541133028,0.0150212541133028,0.000225638075136416,1.4481871086839,1.51807675257115,1,1.81385580897536,0.0138558089753633,0.0138558089753633,0.0138558089753633,0.000191983442361759,1.78412451519412,1.86890449756722,1
2,"n1000-b1_2-b2_2p5-b3_2p8",1000,10,20,1,1,0.6931472,0.9162907,1.029619,1.5,1.8,1,1.3,0.0659999999999999,329,169,343,159,FALSE,NA,TRUE,NA,0.670850676778459,-0.022296523221541,0.022296523221541,0.022296523221541,0.000497134947768715,0.424287863935675,0.918922709297645,1,0.903628629257392,-0.0126620707426077,0.0126620707426077,0.0126620707426077,0.000160328035490802,0.683256970326873,1.12892632254807,1,0.998534447010624,-0.0310845529893765,0.0310845529893765,0.0310845529893765,0.000966249434549356,0.697860936262902,1.29510647048663,1,1.51430062382727,0.0143006238272716,0.0143006238272716,0.0143006238272716,0.000204507841849128,1.47069176996028,1.56811382579992,1,1.82249183238424,0.0224918323842394,0.0224918323842394,0.0224918323842394,0.000505882524000718,1.76844218346804,1.89967869130559,1
3,"n1000-b1_2-b2_2p5-b3_2p8",1000,1,21,1,1,0.6931472,0.9162907,1.029619,1.5,1.8,1,1.3,0.072,330,156,339,175,FALSE,NA,TRUE,NA,0.671940160388833,-0.0212070396111671,0.0212070396111671,0.0212070396111671,0.00044973852906961,0.427337897825899,0.91753474791828,1,1.01169310991533,0.095402409915331,0.095402409915331,0.095402409915331,0.00910161981765285,0.803666343301196,1.22514169199345,1,1.002457074887,-0.0271619251129973,0.0271619251129973,0.0271619251129973,0.000737770175844074,0.701490875164284,1.29838408938273,1,1.49771437275301,-0.00228562724698689,0.00228562724698689,0.00228562724698689,5.22409191216886e-06,1.47581356338314,1.56216248287812,1,1.78326979381923,-0.0167302061807728,0.0167302061807728,0.0167302061807728,0.000279899798851169,1.75554858624333,1.84507548209448,1
3,"n1000-b1_2-b2_2p5-b3_2p8",1000,2,22,1,1,0.6931472,0.9162907,1.029619,1.5,1.8,1,1.3,0.069,339,168,311,182,FALSE,NA,TRUE,NA,0.823641607618311,0.130494407618311,0.130494407618311,0.130494407618311,0.0170287904196539,0.591258327670044,1.05935852963376,1,0.973735763536645,0.0574450635366451,0.0574450635366451,0.0574450635366451,0.0032999353247292,0.770198385313964,1.1830703442893,1,0.913910001496227,-0.115708998503773,0.115708998503773,0.115708998503773,0.0133885723347462,0.621512240362307,1.20317711185505,1,1.52406015323561,0.0240601532356113,0.0240601532356113,0.0240601532356113,0.000578890973721096,1.49405146244841,1.54994659473058,1,1.7553286496497,-0.0446713503503,0.0446713503503,0.0446713503503,0.00199552954211925,1.72886516524919,1.81421099217438,1
3,"n1000-b1_2-b2_2p5-b3_2p8",1000,3,23,1,1,0.6931472,0.9162907,1.029619,1.5,1.8,1,1.3,0.069,330,167,335,168,FALSE,NA,TRUE,NA,0.785587746400797,0.092440546400797,0.092440546400797,0.092440546400797,0.00854525461887791,0.546074113461903,1.0249740028434,1,1.00380076464433,0.087510064644335,0.087510064644335,0.087510064644335,0.00765801141405569,0.791290978920061,1.22012849112091,1,0.889802913706678,-0.139816086293322,0.139816086293322,0.139816086293322,0.0195485379863816,0.593451797042263,1.18350672698914,1,1.53420524614086,0.0342052461408622,0.0342052461408622,0.0342052461408622,0.00116999886355697,1.47055325629033,1.62097157079788,1,1.85150750305173,0.0515075030517311,0.0515075030517311,0.0515075030517311,0.00265302287062409,1.78856128016071,1.97485719697495,1
3,"n1000-b1_2-b2_2p5-b3_2p8",1000,4,24,1,1,0.6931472,0.9162907,1.029619,1.5,1.8,1,1.3,0.076,347,179,324,150,FALSE,NA,TRUE,NA,0.460723880510901,-0.232423319489099,0.232423319489099,0.232423319489099,0.0540205994423319,0.219894403379624,0.704432371333835,1,0.635792997316488,-0.280497702683512,0.280497702683512,0.280497702683512,0.078678961210728,0.422546755812098,0.858911394800786,0,1.46648977362689,0.436870773626893,0.436870773626893,0.436870773626893,0.19085607284936,1.16562964006859,1.76621749432416,0,1.45425838760442,-0.0457416123955834,0.0457416123955834,0.0457416123955834,0.00209229510454779,1.41746937306964,1.5095838578952,1,1.753904892685,-0.0460951073150047,0.0460951073150047,0.0460951073150047,0.0021247589183818,1.72222528346168,1.80613818172211,1
3,"n1000-b1_2-b2_2p5-b3_2p8",1000,5,25,1,1,0.6931472,0.9162907,1.029619,1.5,1.8,1,1.3,0.0629999999999999,331,167,345,157,FALSE,NA,TRUE,NA,0.448038755988729,-0.245108444011271,0.245108444011271,0.245108444011271,0.0600781493256264,0.207434801096617,0.689930949949628,0,0.850096516698562,-0.0661941833014381,0.0661941833014381,0.0661941833014381,0.00438166990294439,0.63576157980282,1.06543893941693,1,1.09739196633131,0.0677729663313069,0.0677729663313069,0.0677729663313069,0.00459317496534446,0.803795791432473,1.39028314618792,1,1.43818327318139,-0.0618167268186069,0.0618167268186069,0.0618167268186069,0.00382130771456628,1.31224345905029,1.54948641384666,1,1.7967484342017,-0.00325156579829922,0.00325156579829922,0.00325156579829922,1.05726801406692e-05,1.75119678034838,1.883421179826,1
3,"n1000-b1_2-b2_2p5-b3_2p8",1000,6,26,1,1,0.6931472,0.9162907,1.029619,1.5,1.8,1,1.3,0.08,314,178,324,184,FALSE,NA,TRUE,NA,0.682925461168983,-0.010221738831017,0.010221738831017,0.010221738831017,0.00010448394472952,0.448985414654634,0.914803835091757,1,0.775755629808992,-0.140535070191008,0.140535070191008,0.140535070191008,0.0197501059535914,0.572900230813576,0.98068537843052,1,1.06743216844085,0.0378131684408534,0.0378131684408534,0.0378131684408534,0.00142983570753635,0.771279469766123,1.3594701408449,1,1.3639648402374,-0.136035159762598,0.136035159762598,0.136035159762598,0.0185055646916354,1.28720230262714,1.47021183184416,0,1.74820619468878,-0.0517938053112226,0.0517938053112226,0.0517938053112226,0.00268259826861683,1.65122771605099,1.8891626117097,1
3,"n1000-b1_2-b2_2p5-b3_2p8",1000,7,27,1,1,0.6931472,0.9162907,1.029619,1.5,1.8,1,1.3,0.07,328,162,328,182,FALSE,NA,TRUE,NA,0.512120841827575,-0.181026358172425,0.181026358172425,0.181026358172425,0.0327705423531712,0.273836536174565,0.745324304957476,1,0.865879453737271,-0.0504112462627293,0.0504112462627293,0.0504112462627293,0.00254129374976154,0.660803817816691,1.07421638984117,1,1.14733709774204,0.117718097742038,0.117718097742038,0.117718097742038,0.013857550536004,0.854892373131219,1.44024097936283,1,1.47926314831182,-0.0207368516881794,0.0207368516881794,0.0207368516881794,0.000430017017937549,1.44023972097462,1.52724937619988,1,1.78607439426046,-0.0139256057395412,0.0139256057395412,0.0139256057395412,0.000193922495213142,1.74913377501991,1.82227144039955,1
3,"n1000-b1_2-b2_2p5-b3_2p8",1000,8,28,1,1,0.6931472,0.9162907,1.029619,1.5,1.8,1,1.3,0.071,350,183,318,149,FALSE,NA,TRUE,NA,0.615851146429728,-0.0772960535702724,0.0772960535702724,0.0772960535702724,0.00597467989753841,0.378932499816276,0.854789322323281,1,0.874242270501993,-0.0420484294980071,0.0420484294980071,0.0420484294980071,0.00176807042324888,0.658257967137629,1.0971819458516,1,1.28382213112973,0.254203131129729,0.254203131129729,0.254203131129729,0.0646192318761582,0.98778377587956,1.57968044075967,1,1.51973050490001,0.0197305049000094,0.0197305049000094,0.0197305049000094,0.000389292823609294,1.44811666283389,1.5847304277587,1,1.81757566632901,0.0175756663290119,0.0175756663290119,0.0175756663290119,0.000308904046908761,1.74437992770339,1.8934465645276,1
3,"n1000-b1_2-b2_2p5-b3_2p8",1000,9,29,1,1,0.6931472,0.9162907,1.029619,1.5,1.8,1,1.3,0.072,328,171,337,164,FALSE,NA,TRUE,NA,0.645981046419725,-0.0471661535802752,0.0471661535802752,0.0471661535802752,0.00222464604355811,0.41203171519273,0.879962919106454,1,0.803279007718722,-0.113011692281278,0.113011692281278,0.113011692281278,0.0127716425922784,0.593261918989513,1.01999110836783,1,1.1896644263989,0.160045426398904,0.160045426398904,0.160045426398904,0.025614538511207,0.893451027799077,1.48814289494797,1,1.5238080689235,0.0238080689234954,0.0238080689234954,0.0238080689234954,0.000566824145865908,1.43196964175942,1.6670567908063,1,1.77481104978582,-0.0251889502141829,0.0251889502141829,0.0251889502141829,0.000634483212892584,1.68586523926858,1.89928548397634,1
3,"n1000-b1_2-b2_2p5-b3_2p8",1000,10,30,1,1,0.6931472,0.9162907,1.029619,1.5,1.8,1,1.3,0.077,332,176,310,182,FALSE,NA,TRUE,NA,0.384548227580216,-0.308598972419784,0.308598972419784,0.308598972419784,0.0952333257785467,0.160840311702086,0.615985420907937,0,0.772810286021913,-0.143480413978087,0.143480413978087,0.143480413978087,0.0205866291953232,0.565425174078257,0.98539466173898,1,1.31307584529121,0.283456845291213,0.283456845291213,0.283456845291213,0.0803477831424466,1.01780295143438,1.59993808867743,1,1.50857804146476,0.00857804146476115,0.00857804146476115,0.00857804146476115,7.35827953711617e-05,1.48577913651185,1.55256743385648,1,1.80653040915921,0.00653040915921421,0.00653040915921421,0.00653040915921421,4.26462437867489e-05,1.78866700738775,1.8758007635817,1
4,"n1000-b1_2-b2_2p5-b3_2p8",1000,1,31,1,1,0.6931472,0.9162907,1.029619,1.5,1.8,1,1.3,0.072,343,144,337,176,FALSE,NA,TRUE,NA,0.825125680776753,0.131978480776753,0.131978480776753,0.131978480776753,0.0174183193881399,0.571946846841612,1.08205030844392,1,0.907104668521,-0.00918603147899999,0.00918603147899999,0.00918603147899999,8.43831743331787e-05,0.693503875168236,1.12499652771881,1,0.889533072130973,-0.140085927869027,0.140085927869027,0.140085927869027,0.0196240671869261,0.586107050333095,1.19521053687753,1,1.55079799163896,0.0507979916389649,0.0507979916389649,0.0507979916389649,0.00258043595455235,1.48104831856989,1.65093128147422,1,1.80601851499909,0.0060185149990859,0.0060185149990859,0.0060185149990859,3.62225227942219e-05,1.72895991879546,1.87019566393834,1
4,"n1000-b1_2-b2_2p5-b3_2p8",1000,2,32,1,1,0.6931472,0.9162907,1.029619,1.5,1.8,1,1.3,0.079,321,170,326,183,FALSE,NA,TRUE,NA,0.640650043070546,-0.0524971569294537,0.0524971569294537,0.0524971569294537,0.00275595148567569,0.406140323338053,0.875840702742733,1,0.983855268720125,0.0675645687201247,0.0675645687201247,0.0675645687201247,0.00456497094633646,0.774245025308602,1.19912716716944,1,1.27063607385206,0.241017073852055,0.241017073852055,0.241017073852055,0.0580892298882069,0.972123558524339,1.57042687957539,1,1.55657963949052,0.0565796394905222,0.0565796394905222,0.0565796394905222,0.00320125560487746,1.49180554000448,1.62097278260072,1,1.86699017660766,0.066990176607659,0.066990176607659,0.066990176607659,0.00448768376192535,1.76584871491683,2.00900654515084,1
4,"n1000-b1_2-b2_2p5-b3_2p8",1000,3,33,1,1,0.6931472,0.9162907,1.029619,1.5,1.8,1,1.3,0.0600000000000001,294,172,360,174,FALSE,NA,TRUE,NA,0.563780721702913,-0.129366478297087,0.129366478297087,0.129366478297087,0.0167356857069907,0.330563963928489,0.796402875451783,1,0.961943059003923,0.0456523590039231,0.0456523590039231,0.0456523590039231,0.00208413788262307,0.761094478853921,1.16838974579587,1,1.27653419644564,0.24691519644564,0.24691519644564,0.24691519644564,0.0609671142357891,0.976749030233487,1.57213944140342,1,1.51395276545001,0.0139527654500076,0.0139527654500076,0.0139527654500076,0.000194679663702925,1.47617322041647,1.57939731593285,1,1.82263697562748,0.0226369756274796,0.0226369756274796,0.0226369756274796,0.000512432665559104,1.78245830344041,1.91478541083596,1
4,"n1000-b1_2-b2_2p5-b3_2p8",1000,4,34,1,1,0.6931472,0.9162907,1.029619,1.5,1.8,1,1.3,0.0580000000000001,353,156,324,167,FALSE,NA,TRUE,NA,0.511128198070993,-0.182019001929007,0.182019001929007,0.182019001929007,0.0331309170632317,0.272731911095003,0.75112900321423,1,0.749784539721178,-0.166506160278822,0.166506160278822,0.166506160278822,0.0277243014107968,0.545993484784968,0.958016723478732,1,1.23687325389245,0.207254253892454,0.207254253892454,0.207254253892454,0.0429543257565179,0.945614099642117,1.53444786823267,1,1.50527817806281,0.00527817806280551,0.00527817806280551,0.00527817806280551,2.78591636626813e-05,1.45606098531027,1.58620563671103,1,1.7703108975572,-0.0296891024428019,0.0296891024428019,0.0296891024428019,0.000881442803859184,1.70335029820291,1.82980421953358,1
4,"n1000-b1_2-b2_2p5-b3_2p8",1000,5,35,1,1,0.6931472,0.9162907,1.029619,1.5,1.8,1,1.3,0.069,332,193,334,141,FALSE,NA,TRUE,NA,0.679808619933746,-0.0133385800662537,0.0133385800662537,0.0133385800662537,0.000177917718183859,0.432884871611236,0.93020975167586,1,0.991259657574432,0.0749689575744319,0.0749689575744319,0.0749689575744319,0.00562034459979697,0.76319856835,1.22587773378142,1,1.00442610660546,-0.0251928933945404,0.0251928933945404,0.0251928933945404,0.00063468187758868,0.700361640469628,1.31057574094483,1,1.49144590609253,-0.00855409390746908,0.00855409390746908,0.00855409390746908,7.31725225777997e-05,1.42501706196814,1.54452928881995,1,1.7338848961523,-0.0661151038476981,0.0661151038476981,0.0661151038476981,0.00437120695679191,1.67565258491037,1.82115752197687,1
4,"n1000-b1_2-b2_2p5-b3_2p8",1000,6,36,1,1,0.6931472,0.9162907,1.029619,1.5,1.8,1,1.3,0.079,317,175,326,182,FALSE,NA,TRUE,NA,0.680023667717139,-0.0131235322828608,0.0131235322828608,0.0131235322828608,0.000172227099579289,0.445466076234792,0.916398543057966,1,1.05350128496882,0.13721058496882,0.13721058496882,0.13721058496882,0.0188267446274858,0.845034165387483,1.26956569289075,1,1.04914642341218,0.0195274234121767,0.0195274234121767,0.0195274234121767,0.000381320265118428,0.756623660685226,1.34320772227664,1,1.52723802113948,0.0272380211394792,0.0272380211394792,0.0272380211394792,0.000741909795594713,1.492437082246,1.57175829070267,1,1.77541184459618,-0.0245881554038216,0.0245881554038216,0.0245881554038216,0.000604577386162484,1.71879601519983,1.82824762055795,1
4,"n1000-b1_2-b2_2p5-b3_2p8",1000,7,37,1,1,0.6931472,0.9162907,1.029619,1.5,1.8,1,1.3,0.075,322,157,352,169,FALSE,NA,TRUE,NA,1.00331927130134,0.310172071301336,0.310172071301336,0.310172071301336,0.0962067138153609,0.753342496239608,1.25277879961187,0,1.04026657847921,0.123975878479212,0.123975878479212,0.123975878479212,0.0153700184446923,0.829694604822194,1.26071405491494,1,0.687711982036255,-0.341907017963745,0.341907017963745,0.341907017963745,0.116900408932861,0.391318537006542,0.984837835050606,0,1.49245926939473,-0.00754073060526883,0.00754073060526883,0.00754073060526883,5.6862618061238e-05,1.47110847571051,1.52753509550977,1,1.82352896015403,0.0235289601540258,0.0235289601540258,0.0235289601540258,0.000553611965929735,1.79041661661939,1.89651623924641,1
4,"n1000-b1_2-b2_2p5-b3_2p8",1000,8,38,1,1,0.6931472,0.9162907,1.029619,1.5,1.8,1,1.3,0.073,324,159,357,160,FALSE,NA,TRUE,NA,0.797499562721688,0.104352362721688,0.104352362721688,0.104352362721688,0.0108894156055987,0.538417381336501,1.05895526892405,1,1.07415154193691,0.157860841936914,0.157860841936914,0.157860841936914,0.0249200454170312,0.843679202729377,1.31307622746345,1,0.948334893644512,-0.0812841063554884,0.0812841063554884,0.0812841063554884,0.00660710594601036,0.634164018804679,1.25666811056454,1,1.38069330009418,-0.119306699905818,0.119306699905818,0.119306699905818,0.0142340886424168,1.31030831584688,1.49911067466246,0,1.73493043935592,-0.0650695606440783,0.0650695606440783,0.0650695606440783,0.00423404772241339,1.71420862848733,1.79486897424571,0
4,"n1000-b1_2-b2_2p5-b3_2p8",1000,9,39,1,1,0.6931472,0.9162907,1.029619,1.5,1.8,1,1.3,0.073,350,156,346,148,FALSE,NA,TRUE,NA,0.775781164130974,0.0826339641309736,0.0826339641309736,0.0826339641309736,0.00682837202799903,0.528006510202187,1.02862440857328,1,0.848236656966623,-0.0680540430333773,0.0680540430333773,0.0680540430333773,0.00463135277318876,0.630540810454167,1.0695686580475,1,1.05115337139566,0.0215343713956635,0.0215343713956635,0.0215343713956635,0.00046372915140637,0.746018694130486,1.35064103068868,1,1.49857959972344,-0.00142040027656454,0.00142040027656454,0.00142040027656454,2.01753694566461e-06,1.45741981124925,1.5667509437898,1,1.80461428520855,0.0046142852085489,0.0046142852085489,0.0046142852085489,2.12916279858331e-05,1.77454543156739,1.86561905621912,1
4,"n1000-b1_2-b2_2p5-b3_2p8",1000,10,40,1,1,0.6931472,0.9162907,1.029619,1.5,1.8,1,1.3,0.077,341,172,313,174,FALSE,NA,TRUE,NA,0.57469594270413,-0.11845125729587,0.11845125729587,0.11845125729587,0.0140307003549725,0.344629664007764,0.808996751266456,1,0.835002684180918,-0.0812880158190821,0.0812880158190821,0.0812880158190821,0.00660774151580334,0.625933197259457,1.04996152383402,1,1.28045776004164,0.25083876004164,0.25083876004164,0.25083876004164,0.0629200835392272,0.983872468629505,1.57608445552177,1,1.42406740514368,-0.0759325948563245,0.0759325948563245,0.0759325948563245,0.00576575896161472,1.32202222304268,1.55617057528012,1,1.83561292292779,0.0356129229277937,0.0356129229277937,0.0356129229277937,0.00126828027946098,1.76665643529619,1.93853239782627,1
5,"n1000-b1_2-b2_2p5-b3_2p8",1000,1,41,1,1,0.6931472,0.9162907,1.029619,1.5,1.8,1,1.3,0.071,346,148,335,171,FALSE,NA,TRUE,NA,0.481128388379675,-0.212018811620325,0.212018811620325,0.212018811620325,0.0449519764808948,0.231534070285783,0.726615950797576,1,0.780210661278412,-0.136080038721588,0.136080038721588,0.136080038721588,0.0185177769384688,0.570640320338114,0.99308899541489,1,1.28852916353618,0.25891016353618,0.25891016353618,0.25891016353618,0.0670344727823313,0.988433748799339,1.59258721407748,1,1.49847186813019,-0.00152813186980705,0.00152813186980705,0.00152813186980705,2.33518701151998e-06,1.44787890903465,1.58534824016857,1,1.79367638521443,-0.00632361478557342,0.00632361478557342,0.00632361478557342,3.99881039563227e-05,1.68695279974035,1.87188084211896,1
5,"n1000-b1_2-b2_2p5-b3_2p8",1000,2,42,1,1,0.6931472,0.9162907,1.029619,1.5,1.8,1,1.3,0.0639999999999999,337,170,322,171,FALSE,NA,TRUE,NA,0.671239300995155,-0.0219078990048448,0.0219078990048448,0.0219078990048448,0.00047995603880648,0.434977704556704,0.908972071186707,1,1.00728703780938,0.0909963378093801,0.0909963378093801,0.0909963378093801,0.00828033349471882,0.795835919984086,1.22736223838701,1,0.883056488749492,-0.146562511250508,0.146562511250508,0.146562511250508,0.0214805697040554,0.584630106522046,1.17600533145578,1,1.49931621732265,-0.000683782677350031,0.000683782677350031,0.000683782677350031,4.67558749843977e-07,1.46702304494292,1.53978542750436,1,1.83981166092784,0.0398116609278427,0.0398116609278427,0.0398116609278427,0.00158496834583352,1.79832363011079,1.90190875337479,1
5,"n1000-b1_2-b2_2p5-b3_2p8",1000,3,43,1,1,0.6931472,0.9162907,1.029619,1.5,1.8,1,1.3,0.083,326,188,332,154,FALSE,NA,TRUE,NA,0.843923022907325,0.150775822907325,0.150775822907325,0.150775822907325,0.0227333487733812,0.60086032634584,1.08896496736192,1,1.079211554527,0.162920854527,0.162920854527,0.162920854527,0.026543204839808,0.85102994371998,1.31238193090898,1,0.995775822958323,-0.0338431770416768,0.0338431770416768,0.0338431770416768,0.00114536063227428,0.690263191718367,1.30017629465662,1,1.48902057361727,-0.0109794263827305,0.0109794263827305,0.0109794263827305,0.000120547803693799,1.47488035250766,1.51935689616974,1,1.84964037774825,0.0496403777482479,0.0496403777482479,0.0496403777482479,0.00246416710298875,1.7967305181343,1.88868839445339,1
5,"n1000-b1_2-b2_2p5-b3_2p8",1000,4,44,1,1,0.6931472,0.9162907,1.029619,1.5,1.8,1,1.3,0.0629999999999999,350,177,323,150,FALSE,NA,TRUE,NA,0.549499719475826,-0.143647480524174,0.143647480524174,0.143647480524174,0.020634598660943,0.306676982865472,0.794962948795103,1,0.796581474548459,-0.119709225451541,0.119709225451541,0.119709225451541,0.0143302986582078,0.580938515401005,1.02079725308244,1,1.15307797050498,0.123458970504978,0.123458970504978,0.123458970504978,0.0152421173981491,0.853345341064518,1.45207449592804,1,1.38776454445568,-0.112235455544317,0.112235455544317,0.112235455544317,0.0125967974812404,1.32195845248285,1.49303088781123,0,1.8116071050416,0.0116071050416018,0.0116071050416018,0.0116071050416018,0.000134724887446778,1.72846065162698,1.90786674524301,1
5,"n1000-b1_2-b2_2p5-b3_2p8",1000,5,45,1,1,0.6931472,0.9162907,1.029619,1.5,1.8,1,1.3,0.079,323,164,325,188,FALSE,NA,TRUE,NA,0.649727967046004,-0.0434192329539963,0.0434192329539963,0.0434192329539963,0.0018852297903134,0.419600556510356,0.883542916376574,1,0.94634081855912,0.0300501185591204,0.0300501185591204,0.0300501185591204,0.000903009625417194,0.740167156197168,1.1572437785845,1,1.11871893526564,0.0890999352656441,0.0890999352656441,0.0890999352656441,0.00793879846434197,0.822646655659207,1.41862148118361,1,1.49668052240112,-0.00331947759888362,0.00331947759888362,0.00331947759888362,1.10189315294902e-05,1.44690747946827,1.5606799057577,1,1.79798161169661,-0.00201838830339485,0.00201838830339485,0.00201838830339485,4.07389134328113e-06,1.74899033883222,1.84544578116117,1
5,"n1000-b1_2-b2_2p5-b3_2p8",1000,6,46,1,1,0.6931472,0.9162907,1.029619,1.5,1.8,1,1.3,0.074,337,141,330,192,FALSE,NA,TRUE,NA,0.663150706618072,-0.0299964933819279,0.0299964933819279,0.0299964933819279,0.000899789615212044,0.423222219243713,0.907776928648761,1,0.931806966265109,0.0155162662651094,0.0155162662651094,0.0155162662651094,0.000240754518809771,0.728537386830529,1.14231569457196,1,1.16168872276781,0.132069722767813,0.132069722767813,0.132069722767813,0.0174424116719671,0.857250364147807,1.46221410361128,1,1.5014237221127,0.00142372211270203,0.00142372211270203,0.00142372211270203,2.02698465419673e-06,1.46841232694821,1.55650707318869,1,1.81597326276356,0.0159732627635558,0.0159732627635558,0.0159732627635558,0.000255145123313599,1.77403650413865,1.89285469376142,1
5,"n1000-b1_2-b2_2p5-b3_2p8",1000,7,47,1,1,0.6931472,0.9162907,1.029619,1.5,1.8,1,1.3,0.073,335,181,317,167,FALSE,NA,TRUE,NA,0.592816623481823,-0.100330576518177,0.100330576518177,0.100330576518177,0.0100662245844697,0.358149271727677,0.826473828201733,1,0.915151727212319,-0.0011389727876806,0.0011389727876806,0.0011389727876806,1.29725901107692e-06,0.704245096881923,1.12848425540083,1,0.964881813520672,-0.0647371864793278,0.0647371864793278,0.0647371864793278,0.00419090331325926,0.673128981370456,1.25824827171015,1,1.50773668561048,0.00773668561048257,0.00773668561048257,0.00773668561048257,5.98563042354481e-05,1.48773183699504,1.53252198717688,1,1.81200654825425,0.0120065482542533,0.0120065482542533,0.0120065482542533,0.000144157200981713,1.79639505474955,1.84161506381108,1
5,"n1000-b1_2-b2_2p5-b3_2p8",1000,8,48,1,1,0.6931472,0.9162907,1.029619,1.5,1.8,1,1.3,0.0659999999999999,319,173,331,177,FALSE,NA,TRUE,NA,0.622209078651108,-0.0709381213488923,0.0709381213488923,0.0709381213488923,0.00503221706051017,0.387570575227577,0.857018970632006,1,0.996451304847243,0.0801606048472427,0.0801606048472427,0.0801606048472427,0.0064257225694758,0.786565682043363,1.20844692790259,1,1.02765018242112,-0.0019688175788779,0.0019688175788779,0.0019688175788779,3.87624265889864e-06,0.733085470650266,1.31886326438507,1,1.51329061182015,0.0132906118201537,0.0132906118201537,0.0132906118201537,0.000176640362554009,1.45750497160008,1.5605821514684,1,1.80935603505241,0.00935603505241289,0.00935603505241289,0.00935603505241289,8.75353919019787e-05,1.74933808039836,1.86755192499888,1
5,"n1000-b1_2-b2_2p5-b3_2p8",1000,9,49,1,1,0.6931472,0.9162907,1.029619,1.5,1.8,1,1.3,0.0600000000000001,331,167,360,142,FALSE,NA,TRUE,NA,0.873175075341937,0.180027875341937,0.180027875341937,0.180027875341937,0.0324100359001321,0.615108018287534,1.13376340103916,1,1.10908243704162,0.192791737041617,0.192791737041617,0.192791737041617,0.0371686538715242,0.877091062592234,1.34615313354429,1,0.89213506612924,-0.13748393387076,0.13748393387076,0.13748393387076,0.0189018320725794,0.583206366961763,1.20639095073329,1,1.46321362383378,-0.0367863761662166,0.0367863761662166,0.0367863761662166,0.00135323747144239,1.41431330346994,1.51442396913138,1,1.7862267689803,-0.0137732310196956,0.0137732310196956,0.0137732310196956,0.000189701892721906,1.75240662170649,1.82851994488879,1
5,"n1000-b1_2-b2_2p5-b3_2p8",1000,10,50,1,1,0.6931472,0.9162907,1.029619,1.5,1.8,1,1.3,0.0610000000000001,312,169,352,167,FALSE,NA,TRUE,NA,0.757069204294774,0.0639220042947736,0.0639220042947736,0.0639220042947736,0.00408602263306105,0.520120548344838,0.99137841179191,1,0.901598602046961,-0.0146920979530394,0.0146920979530394,0.0146920979530394,0.000215857742261704,0.696345653922608,1.10995552199243,1,0.979186234243045,-0.0504327657569555,0.0504327657569555,0.0504327657569555,0.00254346386189595,0.689287315607428,1.27262294836966,1,1.44673261519623,-0.0532673848037668,0.0532673848037668,0.0532673848037668,0.00283741428383257,1.42132812892139,1.51024935792464,1,1.80427016191727,0.00427016191727358,0.00427016191727358,0.00427016191727358,1.82342827997336e-05,1.75934176184222,1.87382314897076,1
6,"n1000-b1_2-b2_2p5-b3_2p8",1000,1,51,1,1,0.6931472,0.9162907,1.029619,1.5,1.8,1,1.3,0.079,329,154,334,183,FALSE,NA,TRUE,NA,0.447132212320181,-0.246014987679819,0.246014987679819,0.246014987679819,0.0605233741631017,0.210374946382385,0.684634188410687,0,0.798576322838403,-0.117714377161597,0.117714377161597,0.117714377161597,0.0138566745905427,0.596617506115937,1.00286357446645,1,1.22861448051869,0.19899548051869,0.19899548051869,0.19899548051869,0.0395992012668645,0.931687694244201,1.5258948739187,1,1.4766063565204,-0.0233936434795958,0.0233936434795958,0.0233936434795958,0.000547262555250436,1.44149340193614,1.53614573347581,1,1.78628120165952,-0.0137187983404774,0.0137187983404774,0.0137187983404774,0.000188205427906685,1.68707535131776,1.86745066115802,1
6,"n1000-b1_2-b2_2p5-b3_2p8",1000,2,52,1,1,0.6931472,0.9162907,1.029619,1.5,1.8,1,1.3,0.053,329,148,368,155,FALSE,NA,TRUE,NA,0.544984887486257,-0.148162312513743,0.148162312513743,0.148162312513743,0.0219520708494202,0.301765512776605,0.788578686130537,1,0.805759530482768,-0.110531169517232,0.110531169517232,0.110531169517232,0.0122171394348471,0.596237845725434,1.02026707788599,1,1.15905814935155,0.129439149351553,0.129439149351553,0.129439149351553,0.0167544933848538,0.860731655097765,1.46029082964388,1,1.53127530120157,0.0312753012015687,0.0312753012015687,0.0312753012015687,0.000978144465248847,1.48433967618575,1.59292198115976,1,1.85595704143116,0.0559570414311614,0.0559570414311614,0.0559570414311614,0.00313119048572872,1.76715655358135,1.93698497134403,1
6,"n1000-b1_2-b2_2p5-b3_2p8",1000,3,53,1,1,0.6931472,0.9162907,1.029619,1.5,1.8,1,1.3,0.069,332,184,333,151,FALSE,NA,TRUE,NA,0.738174656366644,0.0450274563666445,0.0450274563666445,0.0450274563666445,0.00202747182685008,0.504892293665359,0.978129247552149,1,0.811844558048071,-0.104446141951929,0.104446141951929,0.104446141951929,0.0109089965686426,0.595368930531338,1.02579497743543,1,1.12887427790124,0.0992552779012394,0.0992552779012394,0.0992552779012394,0.00985161019125227,0.832984100503794,1.42266965980311,1,1.53948590264809,0.039485902648094,0.039485902648094,0.039485902648094,0.00155913650793476,1.48660247078596,1.60792306644538,1,1.91614674220749,0.116146742207487,0.116146742207487,0.116146742207487,0.0134900657254124,1.83234162331732,2.03218909390704,0
6,"n1000-b1_2-b2_2p5-b3_2p8",1000,4,54,1,1,0.6931472,0.9162907,1.029619,1.5,1.8,1,1.3,0.084,306,166,353,175,FALSE,NA,TRUE,NA,0.631300398493596,-0.0618468015064043,0.0618468015064043,0.0618468015064043,0.00382502685657258,0.396034742392788,0.868232714389408,1,0.926248325007424,0.0099576250074237,0.0099576250074237,0.0099576250074237,9.91542957884698e-05,0.716564855929545,1.13893518916287,1,1.07734022387815,0.0477212238781481,0.0477212238781481,0.0477212238781481,0.00227731520842834,0.778637855169602,1.37660275835255,1,1.49868521421374,-0.00131478578625943,0.00131478578625943,0.00131478578625943,1.72866166374983e-06,1.42504473216188,1.60843105251626,1,1.78370630932719,-0.0162936906728133,0.0162936906728133,0.0162936906728133,0.000265484355741322,1.73844567912996,1.82573349942411,1
6,"n1000-b1_2-b2_2p5-b3_2p8",1000,5,55,1,1,0.6931472,0.9162907,1.029619,1.5,1.8,1,1.3,0.077,326,176,320,178,FALSE,NA,TRUE,NA,0.717919585534124,0.0247723855341242,0.0247723855341242,0.0247723855341242,0.000613671085051286,0.483841475888451,0.952886789840767,1,0.988228423359672,0.0719377233596719,0.0719377233596719,0.0719377233596719,0.00517503604217268,0.77592623605303,1.20545055249881,1,0.981411848554443,-0.0482071514455567,0.0482071514455567,0.0482071514455567,0.00232392945049483,0.685272830957356,1.27220371338145,1,1.53887160973,0.038871609729995,0.038871609729995,0.038871609729995,0.00151100204300105,1.49089271554452,1.61156279958252,1,1.83735538009212,0.0373553800921234,0.0373553800921234,0.0373553800921234,0.00139542442182701,1.76700809358605,1.94261174895088,1
6,"n1000-b1_2-b2_2p5-b3_2p8",1000,6,56,1,1,0.6931472,0.9162907,1.029619,1.5,1.8,1,1.3,0.09,334,187,321,158,FALSE,NA,TRUE,NA,0.757610675761025,0.0644634757610248,0.0644634757610248,0.0644634757610248,0.00415553970719224,0.518469120048486,1.0069102954239,1,0.934809486240506,0.018518786240506,0.018518786240506,0.018518786240506,0.000342945443821553,0.713640723458414,1.15950653977292,1,1.1301031150062,0.100484115006199,0.100484115006199,0.100484115006199,0.0100970573685789,0.829862233755702,1.42444041807496,1,1.53477459902187,0.0347745990218666,0.0347745990218666,0.0347745990218666,0.00120927273713161,1.468538086841,1.61044272263092,1,1.79465572861377,-0.00534427138623128,0.00534427138623128,0.00534427138623128,2.85612366496904e-05,1.74232919782993,1.86029587178489,1
6,"n1000-b1_2-b2_2p5-b3_2p8",1000,7,57,1,1,0.6931472,0.9162907,1.029619,1.5,1.8,1,1.3,0.09,335,174,338,153,FALSE,NA,TRUE,NA,0.77048883865204,0.0773416386520402,0.0773416386520402,0.0773416386520402,0.00598172906938277,0.519776199197353,1.02244007487716,1,1.104000950805,0.187710250805003,0.187710250805003,0.187710250805003,0.0352351382572772,0.875157511323587,1.33787547641874,1,1.09197979800614,0.0623607980061405,0.0623607980061405,0.0623607980061405,0.00388886912796265,0.776768321033879,1.40173975042274,1,1.50227489473399,0.00227489473399145,0.00227489473399145,0.00227489473399145,5.17514605074203e-06,1.48572968792401,1.52849204851985,1,1.82676627166595,0.0267662716659538,0.0267662716659538,0.0267662716659538,0.000716433298895641,1.79431975122274,1.86373254484396,1
6,"n1000-b1_2-b2_2p5-b3_2p8",1000,8,58,1,1,0.6931472,0.9162907,1.029619,1.5,1.8,1,1.3,0.082,336,161,334,169,FALSE,NA,TRUE,NA,0.635490459654863,-0.057656740345137,0.057656740345137,0.057656740345137,0.00332429970722655,0.393363854175065,0.878719204604593,1,0.815347531538717,-0.100943168461283,0.100943168461283,0.100943168461283,0.0101895232590029,0.605340043078598,1.03314336496835,1,1.16081247465974,0.131193474659741,0.131193474659741,0.131193474659741,0.017211727793296,0.858818712737256,1.45694873464164,1,1.52059646447941,0.0205964644794139,0.0205964644794139,0.0205964644794139,0.000424214349051758,1.47773904653488,1.58707094282389,1,1.77378586784795,-0.0262141321520462,0.0262141321520462,0.0262141321520462,0.00068718072448494,1.67102983885261,1.90974530082302,1
6,"n1000-b1_2-b2_2p5-b3_2p8",1000,9,59,1,1,0.6931472,0.9162907,1.029619,1.5,1.8,1,1.3,0.082,316,161,350,173,FALSE,NA,TRUE,NA,0.865221105863388,0.172073905863388,0.172073905863388,0.172073905863388,0.029609429079082,0.62789312792372,1.10897507462416,1,0.951013799020437,0.0347230990204372,0.0347230990204372,0.0347230990204372,0.00120569360558309,0.738102621836968,1.16435006703206,1,0.951907097311722,-0.0777119026882784,0.0777119026882784,0.0777119026882784,0.00603913981943246,0.651176876513582,1.25200507566721,1,1.51390101315485,0.0139010131548505,0.0139010131548505,0.0139010131548505,0.000193238166731326,1.46496893669064,1.56577045893244,1,1.80898445064088,0.00898445064088449,0.00898445064088449,0.00898445064088449,8.07203533184897e-05,1.70286241541234,1.86786343635894,1
6,"n1000-b1_2-b2_2p5-b3_2p8",1000,10,60,1,1,0.6931472,0.9162907,1.029619,1.5,1.8,1,1.3,0.079,324,176,335,165,FALSE,NA,TRUE,NA,0.900219120805341,0.207071920805342,0.207071920805342,0.207071920805342,0.0428787803860136,0.655532443440844,1.14496483874324,1,1.02821198760044,0.111921287600439,0.111921287600439,0.111921287600439,0.0125263746181403,0.805882326240299,1.2569809856245,1,0.833855108015348,-0.195763891984652,0.195763891984652,0.195763891984652,0.0383235014049786,0.537884154970771,1.13349712863199,1,1.51672538728621,0.0167253872862143,0.0167253872862143,0.0167253872862143,0.000279738579873859,1.49949686352549,1.55720505700151,1,1.82007327404435,0.0200732740443481,0.0200732740443481,0.0200732740443481,0.0004029363308595,1.79379022658129,1.87679660760943,1
7,"n1000-b1_2-b2_2p5-b3_2p8",1000,1,61,1,1,0.6931472,0.9162907,1.029619,1.5,1.8,1,1.3,0.081,330,152,341,177,FALSE,NA,TRUE,NA,0.578587987261202,-0.114559212738798,0.114559212738798,0.114559212738798,0.0131238132233333,0.341766516239516,0.81713628535712,1,0.785435928084349,-0.130854771915651,0.130854771915651,0.130854771915651,0.017122971333097,0.582146464308671,0.99668223401291,1,1.15692951849195,0.127310518491949,0.127310518491949,0.127310518491949,0.0162079681186889,0.863950268520012,1.45137538281453,1,1.4883213226478,-0.0116786773522002,0.0116786773522002,0.0116786773522002,0.000136391504696794,1.40799736082617,1.55137809011286,1,1.81028270270106,0.0102827027010568,0.0102827027010568,0.0102827027010568,0.000105733974838321,1.71399673258379,1.98339455283611,1
7,"n1000-b1_2-b2_2p5-b3_2p8",1000,2,62,1,1,0.6931472,0.9162907,1.029619,1.5,1.8,1,1.3,0.0679999999999999,324,186,337,153,FALSE,NA,TRUE,NA,0.866393400819333,0.173246200819333,0.173246200819333,0.173246200819333,0.0300142460983328,0.623564118261044,1.11261965378625,1,1.0295838361995,0.113293136199502,0.113293136199502,0.113293136199502,0.012835334709919,0.807688014911033,1.25747877546107,1,0.906961997867264,-0.122657002132736,0.122657002132736,0.122657002132736,0.0150447401721899,0.603805676973795,1.20555212108466,1,1.49639844851038,-0.00360155148961572,0.00360155148961572,0.00360155148961572,1.29711731323532e-05,1.44676560425473,1.55670107678373,1,1.80812533931179,0.00812533931178572,0.00812533931178572,0.00812533931178572,6.60211389316504e-05,1.75993411909513,1.86378367723288,1
7,"n1000-b1_2-b2_2p5-b3_2p8",1000,3,63,1,1,0.6931472,0.9162907,1.029619,1.5,1.8,1,1.3,0.0659999999999999,337,173,324,166,FALSE,NA,TRUE,NA,0.611235623799352,-0.0819115762006483,0.0819115762006483,0.0819115762006483,0.00670950631567461,0.374296290798201,0.847098727986551,1,0.860055985560649,-0.0562347144393511,0.0562347144393511,0.0562347144393511,0.00316234310807537,0.647609750040637,1.07920724898461,1,1.2009059963659,0.1712869963659,0.1712869963659,0.1712869963659,0.0293392351240517,0.903295131133631,1.49584521132879,1,1.51179700757492,0.0117970075749152,0.0117970075749152,0.0117970075749152,0.000139169387722607,1.46907930009302,1.55726881844501,1,1.79151069598455,-0.00848930401545434,0.00848930401545434,0.00848930401545434,7.20682826668091e-05,1.74256371354315,1.88356428101619,1
7,"n1000-b1_2-b2_2p5-b3_2p8",1000,4,64,1,1,0.6931472,0.9162907,1.029619,1.5,1.8,1,1.3,0.0600000000000001,377,160,309,154,FALSE,NA,TRUE,NA,0.947235240052766,0.254088040052766,0.254088040052766,0.254088040052766,0.0645607320978559,0.690919307709129,1.19980536749593,1,0.961486095815409,0.0451953958154093,0.0451953958154093,0.0451953958154093,0.00204262380291152,0.734173147896655,1.19175824289976,1,1.03106470526549,0.0014457052654866,0.0014457052654866,0.0014457052654866,2.09006371465567e-06,0.724786214366432,1.34012683317761,1,1.45991572986029,-0.0400842701397075,0.0400842701397075,0.0400842701397075,0.00160674871263305,1.35681292909487,1.58806562176814,1,1.79778453747479,-0.0022154625252131,0.0022154625252131,0.0022154625252131,4.90827420062359e-06,1.70021994808571,1.91797851933739,1
7,"n1000-b1_2-b2_2p5-b3_2p8",1000,5,65,1,1,0.6931472,0.9162907,1.029619,1.5,1.8,1,1.3,0.0570000000000001,334,166,333,167,FALSE,NA,TRUE,NA,0.616215978229349,-0.0769312217706508,0.0769312217706508,0.0769312217706508,0.00591841288312506,0.379345454875402,0.853277537755021,1,0.752278320334204,-0.164012379665796,0.164012379665796,0.164012379665796,0.0269000606836373,0.544722769524183,0.960770998159882,1,1.16317964141126,0.133560641411262,0.133560641411262,0.133560641411262,0.0178384449341876,0.868815591610547,1.45561617366748,1,1.52494573126903,0.0249457312690264,0.0249457312690264,0.0249457312690264,0.000622289508546483,1.48735318871089,1.62824042400966,1,1.85768273580577,0.0576827358057721,0.0576827358057721,0.0576827358057721,0.0033272980100385,1.78462358429061,1.97757068048185,1
7,"n1000-b1_2-b2_2p5-b3_2p8",1000,6,66,1,1,0.6931472,0.9162907,1.029619,1.5,1.8,1,1.3,0.0590000000000001,347,140,352,161,FALSE,NA,TRUE,NA,0.606174692473692,-0.086972507526308,0.086972507526308,0.086972507526308,0.00756421706541371,0.356513490449864,0.856748203640468,1,0.942217651555505,0.0259269515555045,0.0259269515555045,0.0259269515555045,0.000672206816961478,0.725958065654548,1.16293714177654,1,1.08465425723063,0.0550352572306267,0.0550352572306267,0.0550352572306267,0.00302887953844125,0.778171427095722,1.39342642333989,1,1.49169682837213,-0.00830317162786831,0.00830317162786831,0.00830317162786831,6.89426590818373e-05,1.43392974028993,1.57263144941265,1,1.80259326684698,0.00259326684697836,0.00259326684697836,0.00259326684697836,6.72503293963708e-06,1.72095392889286,1.90625221333578,1
7,"n1000-b1_2-b2_2p5-b3_2p8",1000,7,67,1,1,0.6931472,0.9162907,1.029619,1.5,1.8,1,1.3,0.069,336,193,315,156,FALSE,NA,TRUE,NA,0.66368220680106,-0.0294649931989395,0.0294649931989395,0.0294649931989395,0.000868185824213549,0.430936861637067,0.897823343695271,1,0.883865757371701,-0.0324249426282988,0.0324249426282988,0.0324249426282988,0.00105137690444847,0.666455356743902,1.10712361468904,1,1.07259933654363,0.0429803365436328,0.0429803365436328,0.0429803365436328,0.00184730932940393,0.77905722749695,1.36693447356751,1,1.52391478669547,0.0239147866954739,0.0239147866954739,0.0239147866954739,0.000571917022690014,1.44150736771784,1.6385756759254,1,1.82851132875619,0.0285113287561862,0.0285113287561862,0.0285113287561862,0.000812895867443332,1.76046109667447,1.91597958415878,1
7,"n1000-b1_2-b2_2p5-b3_2p8",1000,8,68,1,1,0.6931472,0.9162907,1.029619,1.5,1.8,1,1.3,0.08,345,149,357,149,FALSE,NA,TRUE,NA,0.788887241611952,0.0957400416119524,0.0957400416119524,0.0957400416119524,0.00916615556785837,0.530009211924354,1.05517705849561,1,0.989442753267949,0.0731520532679493,0.0731520532679493,0.0731520532679493,0.00535122289731689,0.758676521788161,1.22402068068956,1,1.07522276297098,0.0456037629709805,0.0456037629709805,0.0456037629709805,0.00207970319711337,0.758499360006795,1.3957426874713,1,1.43940648592229,-0.0605935140777059,0.0605935140777059,0.0605935140777059,0.00367157394828514,1.37277986669893,1.50682940970058,1,1.72745669869158,-0.0725433013084218,0.0725433013084218,0.0725433013084218,0.00526253056472447,1.65576268590966,1.81340142544604,1
7,"n1000-b1_2-b2_2p5-b3_2p8",1000,9,69,1,1,0.6931472,0.9162907,1.029619,1.5,1.8,1,1.3,0.078,360,162,304,174,FALSE,NA,TRUE,NA,0.771021094867673,0.077873894867673,0.077873894867673,0.077873894867673,0.00606434350186139,0.526273158759676,1.01584223919708,1,1.19316379134257,0.276873091342571,0.276873091342571,0.276873091342571,0.0766587087095917,0.970981406288765,1.42054293016938,0,0.736877539075924,-0.292741460924076,0.292741460924076,0.292741460924076,0.0856975629439625,0.442389009562966,1.03381071546665,1,1.50867134537906,0.00867134537905656,0.00867134537905656,0.00867134537905656,7.51922306828856e-05,1.4948011273708,1.55469069021816,1,1.80436730251238,0.00436730251238138,0.00436730251238138,0.00436730251238138,1.90733312346527e-05,1.78045082179645,1.84553176510559,1
7,"n1000-b1_2-b2_2p5-b3_2p8",1000,10,70,1,1,0.6931472,0.9162907,1.029619,1.5,1.8,1,1.3,0.073,322,179,329,170,FALSE,NA,TRUE,NA,0.694408062468096,0.00126086246809565,0.00126086246809565,0.00126086246809565,1.58977416345225e-06,0.458457682876688,0.928983751396385,1,0.945871499311218,0.0295807993112182,0.0295807993112182,0.0295807993112182,0.000875023687890564,0.734233203476083,1.16142409509299,1,1.12878402068744,0.0991650206874444,0.0991650206874444,0.0991650206874444,0.00983370132794127,0.827778681458415,1.42793430170918,1,1.53204307263301,0.0320430726330052,0.0320430726330052,0.0320430726330052,0.00102675850376405,1.46517123901795,1.65239251380374,1,1.8355175993396,0.0355175993396017,0.0355175993396017,0.0355175993396017,0.00126149986284848,1.79388081793159,1.91836867589854,1
8,"n1000-b1_2-b2_2p5-b3_2p8",1000,1,71,1,1,0.6931472,0.9162907,1.029619,1.5,1.8,1,1.3,0.0669999999999999,367,156,327,150,FALSE,NA,TRUE,NA,0.541785321416388,-0.151361878583612,0.151361878583612,0.151361878583612,0.0229104182883602,0.297967463979513,0.788291078677044,1,0.789197866000438,-0.127092833999562,0.127092833999562,0.127092833999562,0.0161525884540401,0.574564868570845,1.00735492466653,1,1.32414637758766,0.29452737758766,0.29452737758766,0.29452737758766,0.0867463761486643,1.02547102342233,1.62497524845578,1,1.53463497189854,0.0346349718985401,0.0346349718985401,0.0346349718985401,0.00119958127841267,1.44976818752329,1.61539537051885,1,1.81104044237571,0.0110404423757149,0.0110404423757149,0.0110404423757149,0.000121891367851481,1.73514348905713,1.87562404845132,1
8,"n1000-b1_2-b2_2p5-b3_2p8",1000,2,72,1,1,0.6931472,0.9162907,1.029619,1.5,1.8,1,1.3,0.0590000000000001,361,174,320,145,FALSE,NA,TRUE,NA,0.798116563142638,0.104969363142638,0.104969363142638,0.104969363142638,0.011018567198571,0.554007833331837,1.0452521550719,1,1.01265498959537,0.0963642895953689,0.0963642895953689,0.0963642895953689,0.00928607630922013,0.787213949244665,1.24171989069807,1,0.950974389784079,-0.0786446102159206,0.0786446102159206,0.0786446102159206,0.00618497471601409,0.65043856577756,1.2496873590805,1,1.52389885881258,0.0238988588125775,0.0238988588125775,0.0238988588125775,0.000571155452543512,1.48966456237124,1.65278744277876,1,1.82369558330852,0.0236955833085186,0.0236955833085186,0.0236955833085186,0.000561480668330946,1.74878725421719,1.90876714773039,1
8,"n1000-b1_2-b2_2p5-b3_2p8",1000,3,73,1,1,0.6931472,0.9162907,1.029619,1.5,1.8,1,1.3,0.0620000000000001,339,161,319,181,FALSE,NA,TRUE,NA,0.822694030102663,0.129546830102663,0.129546830102663,0.129546830102663,0.0167823811896483,0.590403367777861,1.05872151486706,1,0.872801676675828,-0.0434890233241725,0.0434890233241725,0.0434890233241725,0.00189129514969042,0.665680811889733,1.08178363369688,1,0.888702401997161,-0.140916598002839,0.140916598002839,0.140916598002839,0.0198574875926937,0.598453871598829,1.17434234578449,1,1.50426386789852,0.00426386789852251,0.00426386789852251,0.00426386789852251,1.81805694560508e-05,1.44737390759012,1.56505347716655,1,1.736234331615,-0.0637656683850001,0.0637656683850001,0.0637656683850001,0.0040660604645858,1.64235396046377,1.80099518580629,1
8,"n1000-b1_2-b2_2p5-b3_2p8",1000,4,74,1,1,0.6931472,0.9162907,1.029619,1.5,1.8,1,1.3,0.083,369,162,314,155,FALSE,NA,TRUE,NA,0.835959868684729,0.142812668684729,0.142812668684729,0.142812668684729,0.0203954583368541,0.586204509536404,1.08664837162981,1,1.00246845831829,0.0861777583182901,0.0861777583182901,0.0861777583182901,0.00742660602876562,0.774817642613721,1.23709250191203,1,0.976079134830094,-0.0535398651699065,0.0535398651699065,0.0535398651699065,0.00286651716241177,0.667957810264077,1.2856093697591,1,1.50167634720331,0.00167634720330812,0.00167634720330812,0.00167634720330812,2.81013994603894e-06,1.47492127777165,1.53691878473159,1,1.80844640282699,0.00844640282698905,0.00844640282698905,0.00844640282698905,7.13417207157687e-05,1.76585105947867,1.85734426554255,1
8,"n1000-b1_2-b2_2p5-b3_2p8",1000,5,75,1,1,0.6931472,0.9162907,1.029619,1.5,1.8,1,1.3,0.07,330,169,344,157,FALSE,NA,TRUE,NA,0.433494967938207,-0.259652232061793,0.259652232061793,0.259652232061793,0.067419281614671,0.193201539208127,0.67736541464751,0,0.833071556385904,-0.0832191436140964,0.0832191436140964,0.0832191436140964,0.00692542586386361,0.62386117177486,1.05008730432923,1,1.11540995604785,0.0857909560478496,0.0857909560478496,0.0857909560478496,0.00736008813960406,0.822018453753832,1.40841413508556,1,1.5099960074405,0.00999600744049722,0.00999600744049722,0.00999600744049722,9.99201647504759e-05,1.43327256379061,1.5804414110552,1,1.77007294035348,-0.0299270596465231,0.0299270596465231,0.0299270596465231,0.000895628899086551,1.56373706563351,1.86805240710727,1
8,"n1000-b1_2-b2_2p5-b3_2p8",1000,6,76,1,1,0.6931472,0.9162907,1.029619,1.5,1.8,1,1.3,0.085,332,163,325,180,FALSE,NA,TRUE,NA,1.0089060120887,0.315758812088701,0.315758812088701,0.315758812088701,0.0997036274116673,0.765519653170081,1.25556328335145,0,1.04373872746352,0.127448027463521,0.127448027463521,0.127448027463521,0.0162429997043425,0.82797411441468,1.26507390236761,1,0.647788552062495,-0.381830447937505,0.381830447937505,0.381830447937505,0.145794490972156,0.350873275803013,0.943356030694896,0,1.51263301810895,0.0126330181089545,0.0126330181089545,0.0126330181089545,0.000159593146541171,1.46718918759582,1.54844629405289,1,1.80564973921911,0.00564973921911061,0.00564973921911061,0.00564973921911061,3.19195532439565e-05,1.78768157477778,1.87737754426282,1
8,"n1000-b1_2-b2_2p5-b3_2p8",1000,7,77,1,1,0.6931472,0.9162907,1.029619,1.5,1.8,1,1.3,0.0610000000000001,336,157,334,173,FALSE,NA,TRUE,NA,0.446125129970964,-0.247022070029036,0.247022070029036,0.247022070029036,0.0610199030814298,0.205163070668449,0.685680235174052,0,0.782251044398018,-0.134039655601982,0.134039655601982,0.134039655601982,0.0179666292738978,0.578359780657713,0.991893925220621,1,1.13656664559892,0.106947645598919,0.106947645598919,0.106947645598919,0.011437798899152,0.845721785892539,1.42909122766853,1,1.46679531287598,-0.0332046871240166,0.0332046871240166,0.0332046871240166,0.00110255124700383,1.44573622189885,1.49938185074138,0,1.78852340763854,-0.0114765923614584,0.0114765923614584,0.0114765923614584,0.000131712172231085,1.73333312703995,1.85970058009044,1
8,"n1000-b1_2-b2_2p5-b3_2p8",1000,8,78,1,1,0.6931472,0.9162907,1.029619,1.5,1.8,1,1.3,0.072,334,166,309,191,FALSE,NA,TRUE,NA,0.666219680946082,-0.0269275190539179,0.0269275190539179,0.0269275190539179,0.000725091282399111,0.438441668527243,0.894831971121399,1,1.05109546669682,0.134804766696818,0.134804766696818,0.134804766696818,0.0181723251241835,0.843500362846226,1.26442237534545,1,1.05124243353276,0.0216234335327621,0.0216234335327621,0.0216234335327621,0.00046757287774578,0.759862566629499,1.34036326456179,1,1.50001217653648,1.21765364782256e-05,1.21765364782256e-05,1.21765364782256e-05,1.48268040605558e-10,1.47779968736748,1.56662101904831,1,1.82298838110219,0.0229883811021925,0.0229883811021925,0.0229883811021925,0.00052846566569964,1.77755481608108,1.93680523947469,1
8,"n1000-b1_2-b2_2p5-b3_2p8",1000,9,79,1,1,0.6931472,0.9162907,1.029619,1.5,1.8,1,1.3,0.087,338,148,325,189,FALSE,NA,TRUE,NA,0.629671624251502,-0.0634755757484984,0.0634755757484984,0.0634755757484984,0.00402914871660336,0.394640673292787,0.867508546129623,1,0.73310265018601,-0.183188049813991,0.183188049813991,0.183188049813991,0.0335578615946531,0.531842665600804,0.941857334059323,1,1.28483341278346,0.255214412783463,0.255214412783463,0.255214412783463,0.065134396492408,0.985648263313877,1.58036471330786,1,1.50334203256621,0.00334203256621191,0.00334203256621191,0.00334203256621191,1.11691816736209e-05,1.47572346820092,1.57630832068412,1,1.79990055709179,-9.9442908210623e-05,9.9442908210623e-05,9.9442908210623e-05,9.88889199338638e-09,1.78133266200643,1.8414170667534,1
8,"n1000-b1_2-b2_2p5-b3_2p8",1000,10,80,1,1,0.6931472,0.9162907,1.029619,1.5,1.8,1,1.3,0.0600000000000001,332,165,344,159,FALSE,NA,TRUE,NA,0.598004107033518,-0.0951430929664819,0.0951430929664819,0.0951430929664819,0.00905220813922862,0.361761795138268,0.836102509649225,1,0.868280850897563,-0.0480098491024372,0.0480098491024372,0.0480098491024372,0.00230494561083879,0.660627552476568,1.08147843027265,1,1.06257687033163,0.0329578703316284,0.0329578703316284,0.0329578703316284,0.00108622121679643,0.771595953064181,1.35742408514687,1,1.48804272468056,-0.0119572753194448,0.0119572753194448,0.0119572753194448,0.000142976433065004,1.40797427897972,1.58840985782941,1,1.79744747172601,-0.00255252827398555,0.00255252827398555,0.00255252827398555,6.51540058949568e-06,1.70063873727642,1.88547872054027,1
9,"n1000-b1_2-b2_2p5-b3_2p8",1000,1,81,1,1,0.6931472,0.9162907,1.029619,1.5,1.8,1,1.3,0.072,344,151,339,166,FALSE,NA,TRUE,NA,0.509984181301796,-0.183163018698204,0.183163018698204,0.183163018698204,0.0335486914186388,0.262455649271261,0.753896602639292,1,0.944059919321579,0.0277692193215791,0.0277692193215791,0.0277692193215791,0.000771129541729959,0.733283680548171,1.16215744261687,1,1.09653267295431,0.0669136729543101,0.0669136729543101,0.0669136729543101,0.00447743962823636,0.792037563181145,1.39757110084547,1,1.5336451663305,0.0336451663304964,0.0336451663304964,0.0336451663304964,0.00113199721740677,1.42977788121641,1.59939047067483,1,1.80498950271971,0.00498950271971244,0.00498950271971244,0.00498950271971244,2.48951373900178e-05,1.72046413187339,1.85722802920258,1
9,"n1000-b1_2-b2_2p5-b3_2p8",1000,2,82,1,1,0.6931472,0.9162907,1.029619,1.5,1.8,1,1.3,0.079,350,151,337,162,FALSE,NA,TRUE,NA,0.73189143196759,0.0387442319675896,0.0387442319675896,0.0387442319675896,0.00150111551075839,0.48180389585248,0.982822788088752,1,0.948660257267093,0.0323695572670932,0.0323695572670932,0.0323695572670932,0.00104778823766763,0.733092995667191,1.1677920730116,1,0.963525975122296,-0.0660930248777037,0.0660930248777037,0.0660930248777037,0.00436828793748477,0.666531546071632,1.26687585366817,1,1.52870582787767,0.0287058278776691,0.0287058278776691,0.0287058278776691,0.000824024554142362,1.48423002733854,1.59969952472825,1,1.84597193835581,0.0459719383558077,0.0459719383558077,0.0459719383558077,0.00211341911619018,1.77732679398755,1.96303913960724,1
9,"n1000-b1_2-b2_2p5-b3_2p8",1000,3,83,1,1,0.6931472,0.9162907,1.029619,1.5,1.8,1,1.3,0.077,365,168,304,163,FALSE,NA,TRUE,NA,0.855139657769474,0.161992457769474,0.161992457769474,0.161992457769474,0.0262415563741948,0.612625030908675,1.10332243583321,1,0.984453452922952,0.0681627529229518,0.0681627529229518,0.0681627529229518,0.00464616088603538,0.765502428493198,1.20980607111466,1,0.724283005778611,-0.305335994221389,0.305335994221389,0.305335994221389,0.0932300693671644,0.425440177858962,1.01684204951346,0,1.54782288438376,0.0478228843837565,0.0478228843837565,0.0478228843837565,0.00228702827078214,1.39767700465777,1.62440925822439,1,1.80425507189021,0.00425507189020702,0.00425507189020702,0.00425507189020702,1.81056367908299e-05,1.76966150444073,1.87719923328811,1
9,"n1000-b1_2-b2_2p5-b3_2p8",1000,4,84,1,1,0.6931472,0.9162907,1.029619,1.5,1.8,1,1.3,0.069,339,164,329,168,FALSE,NA,TRUE,NA,0.638827857468573,-0.0543193425314271,0.0543193425314271,0.0543193425314271,0.00295059097304651,0.397153102013079,0.884562785700641,1,0.860462537768943,-0.0558281622310574,0.0558281622310574,0.0558281622310574,0.00311678369809726,0.646581708676556,1.07728225688324,1,1.15073946895747,0.121120468957473,0.121120468957473,0.121120468957473,0.0146701680004783,0.853442921281038,1.45319711107814,1,1.47442213177417,-0.0255778682258301,0.0255778682258301,0.0255778682258301,0.000654227342977928,1.43092397413543,1.54198572112531,1,1.73932663363699,-0.060673366363015,0.060673366363015,0.060673366363015,0.00368125738582064,1.65017357766369,1.83068850232509,1
9,"n1000-b1_2-b2_2p5-b3_2p8",1000,5,85,1,1,0.6931472,0.9162907,1.029619,1.5,1.8,1,1.3,0.07,304,174,364,158,FALSE,NA,TRUE,NA,0.948644989258254,0.255497789258254,0.255497789258254,0.255497789258254,0.065279120315855,0.701803543301115,1.20153411122016,0,1.08506024252733,0.168769542527327,0.168769542527327,0.168769542527327,0.0284831584848831,0.857794135260053,1.31359614329414,1,0.792977713932526,-0.236641286067474,0.236641286067474,0.236641286067474,0.0559990982716679,0.48815141788862,1.09706371344467,1,1.53481003356982,0.0348100335698227,0.0348100335698227,0.0348100335698227,0.00121173843713218,1.46940825321974,1.59474528754285,1,1.87855257669398,0.0785525766939794,0.0785525766939794,0.0785525766939794,0.00617050730526352,1.80997937265127,1.97767163022669,0
9,"n1000-b1_2-b2_2p5-b3_2p8",1000,6,86,1,1,0.6931472,0.9162907,1.029619,1.5,1.8,1,1.3,0.072,337,166,333,164,FALSE,NA,TRUE,NA,0.618169896661689,-0.0749773033383114,0.0749773033383114,0.0749773033383114,0.00562159601588517,0.378890052766846,0.85963197483393,1,1.04108644045921,0.124795740459209,0.124795740459209,0.124795740459209,0.0155739768367622,0.825477769021187,1.26209284320949,1,0.942169373347161,-0.0874496266528395,0.0874496266528395,0.0874496266528395,0.00764743720172102,0.650450581350176,1.238062791007,1,1.53931047643433,0.0393104764343315,0.0393104764343315,0.0393104764343315,0.00154531355749413,1.48734691557143,1.58865505904102,1,1.81315805671066,0.0131580567106617,0.0131580567106617,0.0131580567106617,0.00017313445640099,1.77473722593093,1.91498851217758,1
9,"n1000-b1_2-b2_2p5-b3_2p8",1000,7,87,1,1,0.6931472,0.9162907,1.029619,1.5,1.8,1,1.3,0.071,322,155,345,178,FALSE,NA,TRUE,NA,0.663849283722342,-0.0292979162776579,0.0292979162776579,0.0292979162776579,0.00085836789821265,0.425263300046137,0.901817241690198,1,0.894714113911357,-0.021576586088643,0.021576586088643,0.021576586088643,0.000465549067240622,0.691305963380672,1.1015510214711,1,0.896760624106326,-0.132858375893674,0.132858375893674,0.132858375893674,0.0176513480451047,0.603903026621752,1.18663414055888,1,1.50866269305452,0.00866269305452216,0.00866269305452216,0.00866269305452216,7.50422509568665e-05,1.45266189628591,1.61506505519214,1,1.80592997704317,0.00592997704317311,0.00592997704317311,0.00592997704317311,3.51646277325601e-05,1.74188701423756,1.87108261188717,1
9,"n1000-b1_2-b2_2p5-b3_2p8",1000,8,88,1,1,0.6931472,0.9162907,1.029619,1.5,1.8,1,1.3,0.074,320,173,341,166,FALSE,NA,TRUE,NA,0.461311880496163,-0.231835319503837,0.231835319503837,0.231835319503837,0.0537476153694463,0.224059886013388,0.697597493818758,1,0.809630539785663,-0.106660160214337,0.106660160214337,0.106660160214337,0.011376389776948,0.598316900442665,1.02416836761038,1,1.13694897573801,0.107329975738005,0.107329975738005,0.107329975738005,0.0115197236919208,0.845237551812351,1.42688976550517,1,1.53417432639438,0.0341743263943786,0.0341743263943786,0.0341743263943786,0.00116788458450952,1.45077208791742,1.7611195503052,1,1.82022240265216,0.0202224026521602,0.0202224026521602,0.0202224026521602,0.000408945569026098,1.58505751902821,1.97458725450489,1
9,"n1000-b1_2-b2_2p5-b3_2p8",1000,9,89,1,1,0.6931472,0.9162907,1.029619,1.5,1.8,1,1.3,0.07,298,178,346,178,FALSE,NA,TRUE,NA,0.869737915197968,0.176590715197968,0.176590715197968,0.176590715197968,0.03118428069413,0.635924620634635,1.10368531943884,1,0.928933318650592,0.0126426186505922,0.0126426186505922,0.0126426186505922,0.000159835806344303,0.723392231777287,1.13890047233355,1,0.801222205683561,-0.228396794316439,0.228396794316439,0.228396794316439,0.0521650956540259,0.510283126735449,1.09244309804972,1,1.51554860908054,0.0155486090805435,0.0155486090805435,0.0155486090805435,0.000241759244339558,1.46864312639049,1.6342466437503,1,1.80735526540474,0.00735526540473552,0.00735526540473552,0.00735526540473552,5.40999291740992e-05,1.77013812301235,1.85821223913138,1
9,"n1000-b1_2-b2_2p5-b3_2p8",1000,10,90,1,1,0.6931472,0.9162907,1.029619,1.5,1.8,1,1.3,0.07,366,171,308,155,FALSE,NA,TRUE,NA,0.683798849540988,-0.00934835045901217,0.00934835045901217,0.00934835045901217,8.7391656304513e-05,0.437936190713255,0.931583460787766,1,0.993595767927001,0.0773050679270006,0.0773050679270006,0.0773050679270006,0.00597607352719818,0.771300511102513,1.21678560423079,1,1.01529634434096,-0.0143226556590443,0.0143226556590443,0.0143226556590443,0.000205138465127555,0.71566756516951,1.31611468030385,1,1.50053540986903,0.000535409869033998,0.000535409869033998,0.000535409869033998,2.86663727859003e-07,1.48226935255611,1.54033031762363,1,1.81348551829702,0.0134855182970226,0.0134855182970226,0.0134855182970226,0.000181859203739331,1.78999593195374,1.88535091313291,1
10,"n1000-b1_2-b2_2p5-b3_2p8",1000,1,91,1,1,0.6931472,0.9162907,1.029619,1.5,1.8,1,1.3,0.078,368,183,283,166,FALSE,NA,TRUE,NA,0.628585818462396,-0.0645613815376035,0.0645613815376035,0.0645613815376035,0.00416817198604401,0.389756863147616,0.868461725954787,1,1.06558228820752,0.14929158820752,0.14929158820752,0.14929158820752,0.0222879783095238,0.84696339705429,1.29284009399183,1,1.05143300850765,0.0218140085076519,0.0218140085076519,0.0218140085076519,0.00047585096717191,0.752167872262918,1.34901982001038,1,1.48520288079915,-0.0147971192008534,0.0147971192008534,0.0147971192008534,0.000218954736644263,1.42906457837288,1.54536727294766,1,1.84563158611201,0.0456315861120076,0.0456315861120076,0.0456315861120076,0.00208224165109756,1.78596485774784,1.95236536956076,1
10,"n1000-b1_2-b2_2p5-b3_2p8",1000,2,92,1,1,0.6931472,0.9162907,1.029619,1.5,1.8,1,1.3,0.0600000000000001,320,168,327,185,FALSE,NA,TRUE,NA,0.719804550962139,0.0266573509621387,0.0266573509621387,0.0266573509621387,0.000710614360318638,0.490776862009533,0.94791050366039,1,0.927907150376257,0.0116164503762572,0.0116164503762572,0.0116164503762572,0.000134941919344047,0.728414449317671,1.13335285820629,1,1.0514286515623,0.0218096515623003,0.0218096515623003,0.0218096515623003,0.000475660901268948,0.761021272124599,1.33825287142444,1,1.57319744806905,0.0731974480690507,0.0731974480690507,0.0731974480690507,0.00535786640382137,1.50812381459353,1.72243963402381,0,1.86518762557119,0.0651876255711941,0.0651876255711941,0.0651876255711941,0.00424942652761019,1.80622251331556,2.003173108919,0
10,"n1000-b1_2-b2_2p5-b3_2p8",1000,3,93,1,1,0.6931472,0.9162907,1.029619,1.5,1.8,1,1.3,0.077,319,157,339,185,FALSE,NA,TRUE,NA,0.682762686293641,-0.0103845137063593,0.0103845137063593,0.0103845137063593,0.000107838124917564,0.447484703827058,0.917624085659623,1,0.974445942546398,0.0581552425463978,0.0581552425463978,0.0581552425463978,0.00338203223563036,0.76573703291112,1.18376774712166,1,0.889043834107925,-0.140575165892075,0.140575165892075,0.140575165892075,0.0197613772655844,0.596518296427718,1.17897020124405,1,1.4772750979215,-0.0227249020785032,0.0227249020785032,0.0227249020785032,0.000516421174477559,1.45543476552392,1.50615256801221,1,1.768138870171,-0.0318611298289972,0.0318611298289972,0.0318611298289972,0.00101513159398022,1.74152019741876,1.80372748055026,1
10,"n1000-b1_2-b2_2p5-b3_2p8",1000,4,94,1,1,0.6931472,0.9162907,1.029619,1.5,1.8,1,1.3,0.0659999999999999,345,183,334,138,FALSE,NA,TRUE,NA,0.796007651730647,0.102860451730647,0.102860451730647,0.102860451730647,0.0105802725302328,0.547879471310173,1.04555997588113,1,0.920091772107033,0.00380107210703251,0.00380107210703251,0.00380107210703251,1.44481491628606e-05,0.69060210231239,1.15677570744629,1,0.858472959623758,-0.171146040376242,0.171146040376242,0.171146040376242,0.0292909671364662,0.55722607631919,1.16200261750818,1,1.61794426529478,0.117944265294781,0.117944265294781,0.117944265294781,0.0139108497159257,1.53064948476424,1.70497187218721,0,1.71469916767936,-0.085300832320637,0.085300832320637,0.085300832320637,0.00727623199459343,1.65037651316567,1.80290109499994,1
10,"n1000-b1_2-b2_2p5-b3_2p8",1000,5,95,1,1,0.6931472,0.9162907,1.029619,1.5,1.8,1,1.3,0.0600000000000001,324,172,317,187,FALSE,NA,TRUE,NA,0.6917839301158,-0.00136326988419999,0.00136326988419999,0.00136326988419999,1.85850477716666e-06,0.464875096584493,0.92087058744314,1,0.966623207151719,0.0503325071517189,0.0503325071517189,0.0503325071517189,0.00253336127617783,0.762871181782213,1.1763584075636,1,1.03795090665956,0.00833190665955708,0.00833190665955708,0.00833190665955708,6.94206685835715e-05,0.748773282013513,1.32003827505128,1,1.48222610520556,-0.0177738947944368,0.0177738947944368,0.0177738947944368,0.000315911336163708,1.43935401229309,1.54601101226357,1,1.77768306704146,-0.0223169329585429,0.0223169329585429,0.0223169329585429,0.000498045496676097,1.73375977479669,1.86888175992565,1
10,"n1000-b1_2-b2_2p5-b3_2p8",1000,6,96,1,1,0.6931472,0.9162907,1.029619,1.5,1.8,1,1.3,0.079,326,172,343,159,FALSE,NA,TRUE,NA,0.953875517254355,0.260728317254356,0.260728317254356,0.260728317254356,0.0679792554182879,0.704650171930007,1.20327305340465,0,1.10099398049439,0.184703280494391,0.184703280494391,0.184703280494391,0.0341153018253896,0.879380921209284,1.3297301798985,1,0.860947670974621,-0.168671329025379,0.168671329025379,0.168671329025379,0.0284500172351876,0.559758640801792,1.16216476396018,1,1.45613342739667,-0.0438665726033263,0.0438665726033263,0.0438665726033263,0.00192427619196289,1.42931587203696,1.48474122433826,0,1.81228798395138,0.0122879839513761,0.0122879839513761,0.0122879839513761,0.000150994549589276,1.80030167316184,1.83510419026701,0
10,"n1000-b1_2-b2_2p5-b3_2p8",1000,7,97,1,1,0.6931472,0.9162907,1.029619,1.5,1.8,1,1.3,0.082,342,163,312,183,FALSE,NA,TRUE,NA,0.642049739226604,-0.0510974607733959,0.0510974607733959,0.0510974607733959,0.00261095049748874,0.405617536316317,0.878293214852537,1,0.851541002580388,-0.0647496974196121,0.0647496974196121,0.0647496974196121,0.00419252331593132,0.644518361845097,1.06636034039986,1,1.27471111555125,0.24509211555125,0.24509211555125,0.24509211555125,0.0600701451053874,0.973201648265976,1.57035941805823,1,1.51800802632097,0.0180080263209734,0.0180080263209734,0.0180080263209734,0.000324289011976872,1.45197378271231,1.57648834268135,1,1.8232566829646,0.0232566829645995,0.0232566829645995,0.0232566829645995,0.000540873302515892,1.78538273173818,1.86529942830748,1
10,"n1000-b1_2-b2_2p5-b3_2p8",1000,8,98,1,1,0.6931472,0.9162907,1.029619,1.5,1.8,1,1.3,0.086,314,166,336,184,FALSE,NA,TRUE,NA,0.653931513196772,-0.0392156868032282,0.0392156868032282,0.0392156868032282,0.00153787009144888,0.415235013564693,0.89122208612627,1,1.02920467119717,0.112913971197166,0.112913971197166,0.112913971197166,0.0127495648915144,0.817909109108011,1.24158908874016,1,1.2375810172805,0.207962017280501,0.207962017280501,0.207962017280501,0.0432482006313753,0.937532111425661,1.53929535225963,1,1.45370733189918,-0.0462926681008198,0.0462926681008198,0.0462926681008198,0.00214301111989266,1.35472152982023,1.56213237283707,1,1.71537587429183,-0.0846241257081675,0.0846241257081675,0.0846241257081675,0.00716124265187173,1.65164583732517,1.84813075108346,1
10,"n1000-b1_2-b2_2p5-b3_2p8",1000,9,99,1,1,0.6931472,0.9162907,1.029619,1.5,1.8,1,1.3,0.07,316,153,350,181,FALSE,NA,TRUE,NA,0.622329174956788,-0.0708180250432117,0.0708180250432117,0.0708180250432117,0.00501519267102095,0.38865244729464,0.85847227124147,1,0.982002034099932,0.065711334099932,0.065711334099932,0.065711334099932,0.00431797942919289,0.779691401178136,1.18825449488229,1,0.997379532659481,-0.0322394673405195,0.0322394673405195,0.0322394673405195,0.00103938325440043,0.702563563104597,1.2901163670701,1,1.54859998658632,0.0485999865863209,0.0485999865863209,0.0485999865863209,0.00236195869619057,1.48696823959858,1.59895552835272,1,1.89720664076402,0.0972066407640249,0.0972066407640249,0.0972066407640249,0.00944913100862618,1.75871563299756,1.96506176828288,1
10,"n1000-b1_2-b2_2p5-b3_2p8",1000,10,100,1,1,0.6931472,0.9162907,1.029619,1.5,1.8,1,1.3,0.079,329,160,339,172,FALSE,NA,TRUE,NA,0.685340973125485,-0.00780622687451493,0.00780622687451493,0.00780622687451493,6.09371780163992e-05,0.438173159295808,0.933997751070817,1,0.94627965103758,0.0299889510375796,0.0299889510375796,0.0299889510375796,0.000899337184334346,0.731153091515403,1.16734022822484,1,0.900664045189645,-0.128954954810355,0.128954954810355,0.128954954810355,0.0166293803701407,0.599680640180625,1.20429627354376,1,1.48143036738574,-0.0185696326142599,0.0185696326142599,0.0185696326142599,0.000344831255428586,1.41766839253567,1.53545199303993,1,1.79544277324288,-0.00455722675711701,0.00455722675711701,0.00455722675711701,2.07683157157832e-05,1.73163489720795,1.86422203083853,1
11,"n1000-b1_2-b2_2p5-b3_2p8",1000,1,101,1,1,0.6931472,0.9162907,1.029619,1.5,1.8,1,1.3,0.078,335,164,320,181,FALSE,NA,TRUE,NA,0.56112587159114,-0.13202132840886,0.13202132840886,0.13202132840886,0.0174296311548401,0.323495890113287,0.796923691717279,1,0.956556122466282,0.0402654224662817,0.0402654224662817,0.0402654224662817,0.00162130424638815,0.746370423249306,1.16757417063476,1,1.0824960129817,0.0528770129816953,0.0528770129816953,0.0528770129816953,0.00279597850186638,0.78882930091353,1.37650886478515,1,1.53109757154094,0.0310975715409401,0.0310975715409401,0.0310975715409401,0.000967058955743885,1.48290259955493,1.62373495512616,1,1.80932247952891,0.00932247952890686,0.00932247952890686,0.00932247952890686,8.69086245668874e-05,1.72485899770615,1.94543862147362,1
11,"n1000-b1_2-b2_2p5-b3_2p8",1000,2,102,1,1,0.6931472,0.9162907,1.029619,1.5,1.8,1,1.3,0.076,344,176,313,167,FALSE,NA,TRUE,NA,0.895136050947642,0.201988850947642,0.201988850947642,0.201988850947642,0.0407994959071487,0.651004935073171,1.14240331570277,1,1.08609769760641,0.16980699760641,0.16980699760641,0.16980699760641,0.0288344164361033,0.864840844339627,1.31331682092179,1,0.857241513485467,-0.172377486514533,0.172377486514533,0.172377486514533,0.0297139978570679,0.549239809251474,1.16233584564612,1,1.50947279173535,0.00947279173535032,0.00947279173535032,0.00947279173535032,8.97337832613213e-05,1.46051122584831,1.59957793592382,1,1.76027901978034,-0.0397209802196596,0.0397209802196596,0.0397209802196596,0.00157775626961059,1.68781613489082,1.89612493662681,1
11,"n1000-b1_2-b2_2p5-b3_2p8",1000,3,103,1,1,0.6931472,0.9162907,1.029619,1.5,1.8,1,1.3,0.073,326,178,328,168,FALSE,NA,TRUE,NA,0.767792958644751,0.0746457586447508,0.0746457586447508,0.0746457586447508,0.00557198928365038,0.531451531825885,1.0039035645496,1,0.968873076194242,0.0525823761942418,0.0525823761942418,0.0525823761942418,0.00276490628623276,0.75923479338184,1.18587338338306,1,1.15235227878957,0.122733278789569,0.122733278789569,0.122733278789569,0.0150634577224382,0.856307570216513,1.44803958301561,1,1.47246272730716,-0.0275372726928371,0.0275372726928371,0.0275372726928371,0.000758301387359673,1.41775451477715,1.53386100461629,1,1.81495593590123,0.0149559359012303,0.0149559359012303,0.0149559359012303,0.000223680018681711,1.76288061652214,1.86405573609474,1
11,"n1000-b1_2-b2_2p5-b3_2p8",1000,4,104,1,1,0.6931472,0.9162907,1.029619,1.5,1.8,1,1.3,0.0580000000000001,356,181,316,147,FALSE,NA,TRUE,NA,0.540747821461246,-0.152399378538754,0.152399378538754,0.152399378538754,0.0232255705789986,0.303684996475027,0.782207493220241,1,0.802418682123065,-0.113872017876935,0.113872017876935,0.113872017876935,0.0129668364553649,0.583433923296611,1.02533404946085,1,1.28023351321307,0.250614513213073,0.250614513213073,0.250614513213073,0.0628076342330258,0.981353274949887,1.57593030883814,1,1.48470702814069,-0.0152929718593149,0.0152929718593149,0.0152929718593149,0.000233874988289797,1.33525788615667,1.54696003368918,1,1.79120645177479,-0.0087935482252115,0.0087935482252115,0.0087935482252115,7.73264903891203e-05,1.73987942762791,1.87728394731779,1
11,"n1000-b1_2-b2_2p5-b3_2p8",1000,5,105,1,1,0.6931472,0.9162907,1.029619,1.5,1.8,1,1.3,0.078,304,171,349,176,FALSE,NA,TRUE,NA,0.662626203238927,-0.0305209967610726,0.0305209967610726,0.0305209967610726,0.000931531243289402,0.426514405576586,0.899102514482938,1,0.957093539415535,0.0408028394155346,0.0408028394155346,0.0408028394155346,0.00166487170436991,0.746459521030375,1.16675588973774,1,1.12959352865158,0.099974528651575,0.099974528651575,0.099974528651575,0.00999490637910458,0.837048331680759,1.42929904110788,1,1.45884387486987,-0.041156125130134,0.041156125130134,0.041156125130134,0.00169382663572725,1.39003449329677,1.52690493307441,1,1.78224001649007,-0.0177599835099271,0.0177599835099271,0.0177599835099271,0.000315417014272884,1.72129093540212,1.85876930582399,1
11,"n1000-b1_2-b2_2p5-b3_2p8",1000,6,106,1,1,0.6931472,0.9162907,1.029619,1.5,1.8,1,1.3,0.074,310,164,335,191,FALSE,NA,TRUE,NA,0.700780072908841,0.00763287290884063,0.00763287290884063,0.00763287290884063,5.82607488425132e-05,0.47139475882994,0.934361053035894,1,0.970295635599428,0.0540049355994284,0.0540049355994284,0.0540049355994284,0.00291653306909841,0.769123176171392,1.17739146169327,1,0.99980796367799,-0.0298110363220097,0.0298110363220097,0.0298110363220097,0.000888697886592179,0.706090067614459,1.28777100337993,1,1.44960274594814,-0.0503972540518596,0.0503972540518596,0.0503972540518596,0.00253988321596768,1.3922964647511,1.50666956578127,1,1.69002689057047,-0.109973109429526,0.109973109429526,0.109973109429526,0.0120940847975984,1.59070765882082,1.8553098304819,1
11,"n1000-b1_2-b2_2p5-b3_2p8",1000,7,107,1,1,0.6931472,0.9162907,1.029619,1.5,1.8,1,1.3,0.076,354,165,336,145,FALSE,NA,TRUE,NA,0.666227030131509,-0.0269201698684911,0.0269201698684911,0.0269201698684911,0.000724695545748416,0.415098138823317,0.919902465366701,1,0.962971631093997,0.0466809310939965,0.0466809310939965,0.0466809310939965,0.00217910932780245,0.739792551280826,1.19337625712076,1,1.12797356113266,0.0983545611326562,0.0983545611326562,0.0983545611326562,0.0096736196955974,0.820429817816903,1.43556746124527,1,1.52350962754736,0.0235096275473647,0.0235096275473647,0.0235096275473647,0.000552702587415811,1.49516631792445,1.57180503987082,1,1.80155608888716,0.00155608888715553,0.00155608888715553,0.00155608888715553,2.42141262472893e-06,1.76345385383058,1.86828364572531,1
11,"n1000-b1_2-b2_2p5-b3_2p8",1000,8,108,1,1,0.6931472,0.9162907,1.029619,1.5,1.8,1,1.3,0.07,358,173,322,147,FALSE,NA,TRUE,NA,0.528791187394277,-0.164356012605723,0.164356012605723,0.164356012605723,0.0270128988796527,0.277876357186604,0.77830661842692,1,1.04054677921194,0.124256079211939,0.124256079211939,0.124256079211939,0.0154395732211236,0.81331722547868,1.2754448815261,1,1.10665604795562,0.0770370479556188,0.0770370479556188,0.0770370479556188,0.00593470675771632,0.802119090252891,1.40935509127353,1,1.50026790394615,0.000267903946151504,0.000267903946151504,0.000267903946151504,7.17725243635481e-08,1.44766421587427,1.54026652034492,1,1.80210825162772,0.00210825162771888,0.00210825162771888,0.00210825162771888,4.44472492577932e-06,1.70548970176074,1.88954124295646,1
11,"n1000-b1_2-b2_2p5-b3_2p8",1000,9,109,1,1,0.6931472,0.9162907,1.029619,1.5,1.8,1,1.3,0.0679999999999999,320,177,360,143,FALSE,NA,TRUE,NA,0.482158122997271,-0.210989077002729,0.210989077002729,0.210989077002729,0.0445163906144636,0.235359767563597,0.732633302040591,1,0.7809986474477,-0.1352920525523,0.1352920525523,0.1352920525523,0.0183039394838143,0.564909739199595,1.00549764954232,1,1.35239584915611,0.32277684915611,0.32277684915611,0.32277684915611,0.104184894351146,1.04431854473149,1.65795426713534,0,1.49114609697701,-0.00885390302299349,0.00885390302299349,0.00885390302299349,7.83915987405733e-05,1.4478290511916,1.63378297308563,1,1.7701033965232,-0.0298966034768,0.0298966034768,0.0298966034768,0.00089380689944901,1.71469458369698,1.800932905056,1
11,"n1000-b1_2-b2_2p5-b3_2p8",1000,10,110,1,1,0.6931472,0.9162907,1.029619,1.5,1.8,1,1.3,0.083,331,171,336,162,FALSE,NA,TRUE,NA,0.714454093665471,0.021306893665471,0.021306893665471,0.021306893665471,0.000453983717671688,0.469760744835332,0.961261078681417,1,0.864860152253217,-0.0514305477467831,0.0514305477467831,0.0514305477467831,0.00264510124153414,0.651042716125308,1.08628806818994,1,1.0486633855074,0.0190443855074041,0.0190443855074041,0.0190443855074041,0.000362688619354622,0.753131045287658,1.34761808164836,1,1.55003157824612,0.0500315782461174,0.0500315782461174,0.0500315782461174,0.00250315882179736,1.50452976879147,1.63276833268435,0,1.7915982569629,-0.00840174303710128,0.00840174303710128,0.00840174303710128,7.05892860614799e-05,1.74545429083116,1.86389612522136,1
12,"n1000-b1_2-b2_2p5-b3_2p8",1000,1,111,1,1,0.6931472,0.9162907,1.029619,1.5,1.8,1,1.3,0.072,317,175,321,187,FALSE,NA,TRUE,NA,0.806627943402025,0.113480743402025,0.113480743402025,0.113480743402025,0.0128778791230762,0.571777903040673,1.042606275709,1,1.08583313571236,0.16954243571236,0.16954243571236,0.16954243571236,0.0287446375072797,0.874514047697125,1.30209272990953,1,0.809840448073324,-0.219778551926676,0.219778551926676,0.219778551926676,0.0483026118869865,0.518435351081445,1.105151963639,1,1.51673351684084,0.0167335168408351,0.0167335168408351,0.0167335168408351,0.000280010585862513,1.49063758720809,1.57010139919983,1,1.8061731630563,0.006173163056298,0.006173163056298,0.006173163056298,3.81079421196425e-05,1.77545470480488,1.84951074991219,1
12,"n1000-b1_2-b2_2p5-b3_2p8",1000,2,112,1,1,0.6931472,0.9162907,1.029619,1.5,1.8,1,1.3,0.0620000000000001,332,172,345,151,FALSE,NA,TRUE,NA,0.596782111946034,-0.0963650880539663,0.0963650880539663,0.0963650880539663,0.00928623019564867,0.355419139409675,0.841185468122035,1,0.870947944632939,-0.0453427553670609,0.0453427553670609,0.0453427553670609,0.00205596546427713,0.658196865728273,1.08846727256393,1,1.15285528684404,0.123236286844042,0.123236286844042,0.123236286844042,0.0151871823951069,0.848919095571195,1.45473315001611,1,1.52056309939548,0.02056309939548,0.02056309939548,0.02056309939548,0.000422841056748388,1.47131235543397,1.6074023120427,1,1.86579198702417,0.0657919870241739,0.0657919870241739,0.0657919870241739,0.00432858555658906,1.81527073377599,1.94369469479746,0
12,"n1000-b1_2-b2_2p5-b3_2p8",1000,3,113,1,1,0.6931472,0.9162907,1.029619,1.5,1.8,1,1.3,0.073,314,179,326,181,FALSE,NA,TRUE,NA,0.639821867087535,-0.0533253329124647,0.0533253329124647,0.0533253329124647,0.00284359113022519,0.408615897752892,0.873198845777686,1,1.03891189067012,0.12262119067012,0.12262119067012,0.12262119067012,0.015035956401358,0.829381000658791,1.24844552363444,1,1.0493440581816,0.019725058181598,0.019725058181598,0.019725058181598,0.000389077920267425,0.759123571988445,1.34142762381748,1,1.53665185253276,0.0366518525327595,0.0366518525327595,0.0366518525327595,0.00134335829408315,1.47426846412708,1.59183265545593,1,1.79164884499759,-0.00835115500240691,0.00835115500240691,0.00835115500240691,6.97417898742259e-05,1.71926641373713,1.90243852313003,1
12,"n1000-b1_2-b2_2p5-b3_2p8",1000,4,114,1,1,0.6931472,0.9162907,1.029619,1.5,1.8,1,1.3,0.09,335,158,330,177,FALSE,NA,TRUE,NA,0.714309865471626,0.0211626654716256,0.0211626654716256,0.0211626654716256,0.000447858409863934,0.473405659337356,0.961749335720901,1,0.913699577220015,-0.00259112277998508,0.00259112277998508,0.00259112277998508,6.7139172609576e-06,0.701552987933287,1.13088893722082,1,1.04640516445701,0.0167861644570129,0.0167861644570129,0.0167861644570129,0.000281775317177882,0.746251035914323,1.34824456153828,1,1.49243993498432,-0.00756006501568329,0.00756006501568329,0.00756006501568329,5.71545830413584e-05,1.47358352356013,1.53953269884029,1,1.80879569175732,0.00879569175731687,0.00879569175731687,0.00879569175731687,7.73641934897319e-05,1.78266408933761,1.86231809763408,1
12,"n1000-b1_2-b2_2p5-b3_2p8",1000,5,115,1,1,0.6931472,0.9162907,1.029619,1.5,1.8,1,1.3,0.075,333,175,331,161,FALSE,NA,TRUE,NA,0.516710813531806,-0.176436386468194,0.176436386468194,0.176436386468194,0.0311297984699539,0.281377124971142,0.753480537218159,1,0.875901970342375,-0.0403887296576253,0.0403887296576253,0.0403887296576253,0.00163124948335674,0.661858303393844,1.09502233871396,1,1.25508640749374,0.225467407493743,0.225467407493743,0.225467407493743,0.0508355518419495,0.957606276106301,1.55214326978372,1,1.51891672534154,0.0189167253415439,0.0189167253415439,0.0189167253415439,0.000357842497647408,1.48340810738532,1.68789462120979,1,1.84373054180807,0.0437305418080749,0.0437305418080749,0.0437305418080749,0.00191236028682779,1.79227845667897,2.01752350312687,1
12,"n1000-b1_2-b2_2p5-b3_2p8",1000,6,116,1,1,0.6931472,0.9162907,1.029619,1.5,1.8,1,1.3,0.0580000000000001,345,131,350,174,FALSE,NA,TRUE,NA,0.511507455580535,-0.181639744419465,0.181639744419465,0.181639744419465,0.0329929967527686,0.263740808914601,0.757125362644947,1,0.765443458705083,-0.150847241294917,0.150847241294917,0.150847241294917,0.0227548902062869,0.559883923867679,0.970914862586336,1,1.23708788692727,0.207468886927265,0.207468886927265,0.207468886927265,0.0430433390428384,0.932974706541908,1.53906682522145,1,1.53125391605735,0.0312539160573515,0.0312539160573515,0.0312539160573515,0.000976807268919974,1.4763451351062,1.71566434033319,1,1.79403307993893,-0.00596692006106747,0.00596692006106747,0.00596692006106747,3.56041350151694e-05,1.69533452710416,1.91398002627546,1
12,"n1000-b1_2-b2_2p5-b3_2p8",1000,7,117,1,1,0.6931472,0.9162907,1.029619,1.5,1.8,1,1.3,0.0659999999999999,335,169,334,162,FALSE,NA,TRUE,NA,0.654593401463193,-0.0385537985368066,0.0385537985368066,0.0385537985368066,0.00148639538161667,0.418695835761917,0.893821783439437,1,0.826531768867317,-0.0897589311326826,0.0897589311326826,0.0897589311326826,0.00805666571808166,0.619675431305999,1.03929354381468,1,1.21652506863782,0.186906068637823,0.186906068637823,0.186906068637823,0.0349338784936468,0.926189139933195,1.5112546242152,1,1.41829528615957,-0.0817047138404252,0.0817047138404252,0.0817047138404252,0.00667566026374577,1.36846490769157,1.50350465954455,1,1.74928725228906,-0.0507127477109404,0.0507127477109404,0.0507127477109404,0.00257178278039349,1.67356653210672,1.87616742231214,1
12,"n1000-b1_2-b2_2p5-b3_2p8",1000,8,118,1,1,0.6931472,0.9162907,1.029619,1.5,1.8,1,1.3,0.0580000000000001,325,179,327,169,FALSE,NA,TRUE,NA,0.628141294700195,-0.0650059052998054,0.0650059052998054,0.0650059052998054,0.00422576772384727,0.394907687112777,0.858769161737008,1,0.920590701328597,0.00430000132859654,0.00430000132859654,0.00430000132859654,1.8490011425932e-05,0.710677887183145,1.13498723441875,1,1.11638300712663,0.0867640071266254,0.0867640071266254,0.0867640071266254,0.0075279929326691,0.82672941420161,1.40409328686317,1,1.50178811616314,0.00178811616314056,0.00178811616314056,0.00178811616314056,3.19735941288453e-06,1.48499846905918,1.52162924069162,1,1.79383295859702,-0.00616704140298352,0.00616704140298352,0.00616704140298352,3.80323996661129e-05,1.77144140265113,1.81885923247802,1
12,"n1000-b1_2-b2_2p5-b3_2p8",1000,9,119,1,1,0.6931472,0.9162907,1.029619,1.5,1.8,1,1.3,0.0669999999999999,344,149,338,169,FALSE,NA,TRUE,NA,0.634568216783027,-0.0585789832169727,0.0585789832169727,0.0585789832169727,0.00343149727473437,0.385546251993741,0.882132711291718,1,0.94427858316442,0.0279878831644204,0.0279878831644204,0.0279878831644204,0.000783321604025244,0.732377760332534,1.15756242482155,1,1.04720362096726,0.0175846209672612,0.0175846209672612,0.0175846209672612,0.000309218894562243,0.750848666652063,1.34916470433839,1,1.48764548281892,-0.0123545171810848,0.0123545171810848,0.0123545171810848,0.00015263409477772,1.45428758100274,1.53050343958527,1,1.8071720980162,0.00717209801619978,0.00717209801619978,0.00717209801619978,5.14389899539768e-05,1.76904615774494,1.84408774241391,1
12,"n1000-b1_2-b2_2p5-b3_2p8",1000,10,120,1,1,0.6931472,0.9162907,1.029619,1.5,1.8,1,1.3,0.073,313,171,357,159,FALSE,NA,TRUE,NA,0.46583303854964,-0.22731416145036,0.22731416145036,0.22731416145036,0.0516717279958802,0.233114070269771,0.702043001493428,1,0.66287609247173,-0.25341460752827,0.25341460752827,0.25341460752827,0.0642189633087073,0.457148825583883,0.874525532321245,0,1.32118173312586,0.291562733125856,0.291562733125856,0.291562733125856,0.0850088273478191,1.02806531462445,1.61340104592622,1,1.52756927066638,0.0275692706663826,0.0275692706663826,0.0275692706663826,0.000760064685076264,1.47128689006497,1.58007688230464,1,1.83060142996576,0.0306014299657569,0.0306014299657569,0.0306014299657569,0.000936447515949123,1.74430546945483,1.8959417493695,1
13,"n1000-b1_2-b2_2p5-b3_2p8",1000,1,121,1,1,0.6931472,0.9162907,1.029619,1.5,1.8,1,1.3,0.0629999999999999,337,163,348,152,FALSE,NA,TRUE,NA,0.613339227434865,-0.0798079725651345,0.0798079725651345,0.0798079725651345,0.00636931248495726,0.367268984687787,0.864154942481686,1,0.799539062178531,-0.116751637821469,0.116751637821469,0.116751637821469,0.0136309449339954,0.582302853811296,1.02668063289266,1,1.08735940144235,0.0577404014423542,0.0577404014423542,0.0577404014423542,0.00333395395872421,0.784177212311874,1.38716352885091,1,1.5034639931625,0.00346399316250068,0.00346399316250068,0.00346399316250068,1.19992486298514e-05,1.47781434191494,1.53139547605046,1,1.8047890243771,0.00478902437709738,0.00478902437709738,0.00478902437709738,2.2934754484433e-05,1.79344456098144,1.83709633419835,1
13,"n1000-b1_2-b2_2p5-b3_2p8",1000,2,122,1,1,0.6931472,0.9162907,1.029619,1.5,1.8,1,1.3,0.087,306,186,341,167,FALSE,NA,TRUE,NA,0.900219763837133,0.207072563837133,0.207072563837133,0.207072563837133,0.0428790466940837,0.665189563276861,1.143589832113,1,0.967638140571423,0.0513474405714235,0.0513474405714235,0.0513474405714235,0.00263655965323587,0.753123976265232,1.1883554347971,1,0.792995675710619,-0.236623324289381,0.236623324289381,0.236623324289381,0.0559905975977577,0.500178748791526,1.08478756632966,1,1.53075200170417,0.0307520017041749,0.0307520017041749,0.0307520017041749,0.000945685608813577,1.45490251547128,1.66479529732934,1,1.77931521422973,-0.0206847857702697,0.0206847857702697,0.0206847857702697,0.00042786036236195,1.71839848695773,1.86275447618375,1
13,"n1000-b1_2-b2_2p5-b3_2p8",1000,3,123,1,1,0.6931472,0.9162907,1.029619,1.5,1.8,1,1.3,0.071,338,169,320,173,FALSE,NA,TRUE,NA,0.662564433483421,-0.0305827665165791,0.0305827665165791,0.0305827665165791,0.000935305607807591,0.4263039686423,0.898751462524126,1,0.926614129121604,0.0103234291216038,0.0103234291216038,0.0103234291216038,0.000106573188828777,0.715438948387008,1.14025928561098,1,1.14821520135178,0.11859620135178,0.11859620135178,0.11859620135178,0.014065058975072,0.855409739727102,1.44462614128398,1,1.50007665533514,7.66553351398969e-05,7.66553351398969e-05,7.66553351398969e-05,5.87604040540991e-09,1.48092427406553,1.53336863361609,1,1.81335835909112,0.0133583590911233,0.0133583590911233,0.0133583590911233,0.000178445757607395,1.74347616750606,1.91336737227139,1
13,"n1000-b1_2-b2_2p5-b3_2p8",1000,4,124,1,1,0.6931472,0.9162907,1.029619,1.5,1.8,1,1.3,0.078,355,185,311,149,FALSE,NA,TRUE,NA,0.693152080615716,4.88061571612963e-06,4.88061571612963e-06,4.88061571612963e-06,2.38204097685316e-11,0.448179186717918,0.938617673036183,1,0.843400226940164,-0.0728904730598359,0.0728904730598359,0.0728904730598359,0.00531302106288666,0.620224636183223,1.07424964820044,1,1.05422735584681,0.0246083558468144,0.0246083558468144,0.0246083558468144,0.000605571177483446,0.752733979682131,1.35590262548315,1,1.46845790716503,-0.0315420928349692,0.0315420928349692,0.0315420928349692,0.000994903620409817,1.40986174769639,1.51710474114227,1,1.7984664478031,-0.00153355219689622,0.00153355219689622,0.00153355219689622,2.35178234060521e-06,1.71106424238864,1.86914495662829,1
13,"n1000-b1_2-b2_2p5-b3_2p8",1000,5,125,1,1,0.6931472,0.9162907,1.029619,1.5,1.8,1,1.3,0.079,343,154,349,154,FALSE,NA,TRUE,NA,0.618053790890967,-0.0750934091090329,0.0750934091090329,0.0750934091090329,0.00563902009161659,0.364422195633944,0.875923176660916,1,1.08515423710149,0.168863537101489,0.168863537101489,0.168863537101489,0.0285148941624261,0.856940911302229,1.31804185914727,1,1.15294803370784,0.123329033707844,0.123329033707844,0.123329033707844,0.0152100505553105,0.842126396698669,1.46062554062646,1,1.4618036331176,-0.0381963668824004,0.0381963668824004,0.0381963668824004,0.00145896244301493,1.42778968707124,1.50936528574058,1,1.77085366104596,-0.029146338954039,0.029146338954039,0.029146338954039,0.000849509074423728,1.7418264198695,1.80804058805245,1
13,"n1000-b1_2-b2_2p5-b3_2p8",1000,6,126,1,1,0.6931472,0.9162907,1.029619,1.5,1.8,1,1.3,0.0669999999999999,330,182,330,158,FALSE,NA,TRUE,NA,0.584971321527592,-0.108175878472408,0.108175878472408,0.108175878472408,0.0117020206832771,0.343788464204537,0.827640786932747,1,0.761838787849464,-0.154451912150536,0.154451912150536,0.154451912150536,0.0238553931669569,0.543613236511064,0.983856836583944,1,1.16668719994054,0.137068199940541,0.137068199940541,0.137068199940541,0.0187876914349401,0.86472999297112,1.47031536661345,1,1.44909860912061,-0.050901390879394,0.050901390879394,0.050901390879394,0.00259095159345686,1.26698778406729,1.59103658007151,1,1.82751084818315,0.027510848183145,0.027510848183145,0.027510848183145,0.000756846767756051,1.76179569371878,1.95097255232128,1
13,"n1000-b1_2-b2_2p5-b3_2p8",1000,7,127,1,1,0.6931472,0.9162907,1.029619,1.5,1.8,1,1.3,0.075,329,172,338,161,FALSE,NA,TRUE,NA,0.707423595895034,0.014276395895034,0.014276395895034,0.014276395895034,0.000203815479751745,0.464277632658317,0.954741036746555,1,1.02803314324177,0.111742443241771,0.111742443241771,0.111742443241771,0.0124863736216404,0.810863481893632,1.25122908011488,1,1.04149444924175,0.0118754492417541,0.0118754492417541,0.0118754492417541,0.000141026294693478,0.742555067229784,1.33658342029375,1,1.4939820231203,-0.00601797687969974,0.00601797687969974,0.00601797687969974,3.62160457246006e-05,1.444974585874,1.54672134564918,1,1.75933415618952,-0.0406658438104757,0.0406658438104757,0.0406658438104757,0.001653710852818,1.6718790710362,1.82148813088211,1
13,"n1000-b1_2-b2_2p5-b3_2p8",1000,8,128,1,1,0.6931472,0.9162907,1.029619,1.5,1.8,1,1.3,0.0620000000000001,325,163,334,178,FALSE,NA,TRUE,NA,0.670910289478805,-0.0222369105211948,0.0222369105211948,0.0222369105211948,0.000494480189527624,0.434675486346141,0.909557279272747,1,0.997867061889686,0.081576361889686,0.081576361889686,0.081576361889686,0.00665470281915701,0.787381281663481,1.21435811154941,1,0.972434466096499,-0.0571845339035011,0.0571845339035011,0.0571845339035011,0.00327007091776067,0.681019226689168,1.26080078910832,1,1.46347917007384,-0.0365208299261564,0.0365208299261564,0.0365208299261564,0.00133377101849524,1.41599652722092,1.55336548791365,1,1.76814208135826,-0.0318579186417391,0.0318579186417391,0.0318579186417391,0.00101492698018367,1.69135791789227,1.81943296658238,1
13,"n1000-b1_2-b2_2p5-b3_2p8",1000,9,129,1,1,0.6931472,0.9162907,1.029619,1.5,1.8,1,1.3,0.078,346,164,316,174,FALSE,NA,TRUE,NA,0.728922898247385,0.0357756982473852,0.0357756982473852,0.0357756982473852,0.00127990058508796,0.48507323497744,0.970633639384772,1,1.01738008841018,0.101089388410175,0.101089388410175,0.101089388410175,0.0102190644491433,0.806385705338253,1.23771774820546,1,1.04539378692709,0.0157747869270897,0.0157747869270897,0.0157747869270897,0.000248843902595079,0.744038004746448,1.34290939224153,1,1.37463850909768,-0.125361490902318,0.125361490902318,0.125361490902318,0.0157155034012518,1.33287201147797,1.46233811607029,0,1.79868531748687,-0.00131468251313227,0.00131468251313227,0.00131468251313227,1.72839011033578e-06,1.76744566702656,1.84084545322249,1
13,"n1000-b1_2-b2_2p5-b3_2p8",1000,10,130,1,1,0.6931472,0.9162907,1.029619,1.5,1.8,1,1.3,0.075,318,185,325,172,FALSE,NA,TRUE,NA,0.910138230776563,0.216991030776563,0.216991030776563,0.216991030776563,0.0470851074374755,0.675713755049068,1.1486057055325,1,1.09883938463161,0.182548684631608,0.182548684631608,0.182548684631608,0.0333240222607303,0.883080808267186,1.31693782995856,1,0.815073912720215,-0.214545087279785,0.214545087279785,0.214545087279785,0.0460295944758907,0.522111134152501,1.10526382205908,1,1.50316679670866,0.00316679670866016,0.00316679670866016,0.00316679670866016,1.00286013939808e-05,1.46858079183971,1.55769776140194,1,1.83434601565625,0.0343460156562516,0.0343460156562516,0.0343460156562516,0.00117964879145948,1.79276105915882,1.93591035900642,1
14,"n1000-b1_2-b2_2p5-b3_2p8",1000,1,131,1,1,0.6931472,0.9162907,1.029619,1.5,1.8,1,1.3,0.075,322,145,347,186,FALSE,NA,TRUE,NA,0.79812285060002,0.10497565060002,0.10497565060002,0.10497565060002,0.0110198872188976,0.560157613316394,1.03882714823373,1,0.956989059362474,0.0406983593624742,0.0406983593624742,0.0406983593624742,0.00165635645479709,0.75517519280092,1.16419172675724,1,0.873306158128396,-0.156312841871604,0.156312841871604,0.156312841871604,0.0244337045339772,0.579398112249129,1.16682729041534,1,1.54499137073503,0.0449913707350307,0.0449913707350307,0.0449913707350307,0.00202422344061698,1.49329715642782,1.62024550415817,1,1.88597442171851,0.0859744217185083,0.0859744217185083,0.0859744217185083,0.00739160118983192,1.75314474180866,1.9686832633839,1
14,"n1000-b1_2-b2_2p5-b3_2p8",1000,2,132,1,1,0.6931472,0.9162907,1.029619,1.5,1.8,1,1.3,0.0649999999999999,340,170,328,162,FALSE,NA,TRUE,NA,0.82131140401539,0.128164204015391,0.128164204015391,0.128164204015391,0.0164260631908986,0.579525292997648,1.05727933007491,1,0.909782906868313,-0.00650779313168659,0.00650779313168659,0.00650779313168659,4.23513714448272e-05,0.701710190815518,1.12460736949189,1,0.889159939223739,-0.140459060776261,0.140459060776261,0.140459060776261,0.0197287477541494,0.599610883489276,1.18397166429167,1,1.53982660980369,0.0398266098036895,0.0398266098036895,0.0398266098036895,0.00158615884845533,1.49192236796114,1.67139092189488,1,1.90619274288001,0.106192742880009,0.106192742880009,0.106192742880009,0.0112768986403798,1.80759182670799,2.0544016007743,0
14,"n1000-b1_2-b2_2p5-b3_2p8",1000,3,133,1,1,0.6931472,0.9162907,1.029619,1.5,1.8,1,1.3,0.1,349,161,318,172,FALSE,NA,TRUE,NA,0.646618971326966,-0.0465282286730342,0.0465282286730342,0.0465282286730342,0.00216487606345016,0.399347396942601,0.895083886649419,1,0.984545971562888,0.0682552715628881,0.0682552715628881,0.0682552715628881,0.0046587820961236,0.766501585453435,1.20469846773628,1,1.20082020341261,0.171201203412615,0.171201203412615,0.171201203412615,0.0293098520499275,0.893722016168573,1.50849704182301,1,1.51878920899212,0.0187892089921216,0.0187892089921216,0.0187892089921216,0.000353034374549621,1.48752504304299,1.57152734294462,1,1.81806601102862,0.0180660110286195,0.0180660110286195,0.0180660110286195,0.000326380754486201,1.77733868952756,1.86498684809374,1
14,"n1000-b1_2-b2_2p5-b3_2p8",1000,4,134,1,1,0.6931472,0.9162907,1.029619,1.5,1.8,1,1.3,0.069,326,191,327,156,FALSE,NA,TRUE,NA,0.738715916580059,0.0455687165800586,0.0455687165800586,0.0455687165800586,0.0020765079307537,0.496715517639203,0.989265585670918,1,1.05005697014669,0.133766270146692,0.133766270146692,0.133766270146692,0.0178934150289578,0.830878726266025,1.27672612119318,1,0.733047996717466,-0.296571003282534,0.296571003282534,0.296571003282534,0.0879543599880088,0.438997883329068,1.02624617123985,0,1.38285495533389,-0.117145044666115,0.117145044666115,0.117145044666115,0.013722961489826,1.24291326748839,1.52171023785217,1,1.74134962445,-0.0586503755500036,0.0586503755500036,0.0586503755500036,0.00343986655215646,1.61829005101887,1.86857802126565,1
14,"n1000-b1_2-b2_2p5-b3_2p8",1000,5,135,1,1,0.6931472,0.9162907,1.029619,1.5,1.8,1,1.3,0.0679999999999999,336,178,317,169,FALSE,NA,TRUE,NA,0.616508261851867,-0.0766389381481328,0.0766389381481328,0.0766389381481328,0.00587352684047333,0.379598724895229,0.849603923275766,1,0.788766840184988,-0.127523859815012,0.127523859815012,0.127523859815012,0.0162623348221188,0.579667167415282,1.0026113179521,1,1.0697541708797,0.0401351708796966,0.0401351708796966,0.0401351708796966,0.00161083194154245,0.780989342526307,1.35948715111285,1,1.4497001978601,-0.0502998021398953,0.0502998021398953,0.0502998021398953,0.00253007009531261,1.41913962296119,1.51393006163576,1,1.71022507996748,-0.0897749200325215,0.0897749200325215,0.0897749200325215,0.00805953626684563,1.6801739833207,1.82629144967789,1
14,"n1000-b1_2-b2_2p5-b3_2p8",1000,6,136,1,1,0.6931472,0.9162907,1.029619,1.5,1.8,1,1.3,0.07,368,150,335,147,FALSE,NA,TRUE,NA,0.604680240373067,-0.0884669596269332,0.0884669596269332,0.0884669596269332,0.00782640294563343,0.354614370680646,0.857542667075223,1,0.823658045693589,-0.0926326543064109,0.0926326543064109,0.0926326543064109,0.00858080864385102,0.605024274520254,1.05065771679109,1,1.24991812983308,0.220299129833077,0.220299129833077,0.220299129833077,0.0485317066052109,0.941936330330508,1.55442602263527,1,1.52189031718104,0.0218903171810361,0.0218903171810361,0.0218903171810361,0.000479185986286363,1.45030029950887,1.64699893708393,1,1.81807364848841,0.0180736484884114,0.0180736484884114,0.0180736484884114,0.000326656769682656,1.76189701932206,1.91091696477019,1
14,"n1000-b1_2-b2_2p5-b3_2p8",1000,7,137,1,1,0.6931472,0.9162907,1.029619,1.5,1.8,1,1.3,0.0669999999999999,331,169,342,158,FALSE,NA,TRUE,NA,0.790474031911094,0.0973268319110936,0.0973268319110936,0.0973268319110936,0.00947251220985027,0.547595890373178,1.0327818787129,1,0.888747240064129,-0.027543459935871,0.027543459935871,0.027543459935871,0.000758642185238933,0.678675669491387,1.10370222145083,1,1.00227700706333,-0.0273419929366749,0.0273419929366749,0.0273419929366749,0.000747584577749182,0.704050456552605,1.29953933101528,1,1.54020127764077,0.040201277640767,0.040201277640767,0.040201277640767,0.00161614272395003,1.47214814468826,1.62665789909915,1,1.83184793346452,0.0318479334645201,0.0318479334645201,0.0318479334645201,0.0010142908659605,1.77419340378125,1.9015102917965,1
14,"n1000-b1_2-b2_2p5-b3_2p8",1000,8,138,1,1,0.6931472,0.9162907,1.029619,1.5,1.8,1,1.3,0.079,354,165,303,178,FALSE,NA,TRUE,NA,0.72823475886739,0.03508755886739,0.03508755886739,0.03508755886739,0.00123113678727256,0.494740017976865,0.96581610056573,1,0.85460568157624,-0.0616850184237597,0.0616850184237597,0.0616850184237597,0.00380504149793958,0.645873159830572,1.06910236282719,1,0.994381428391323,-0.0352375716086775,0.0352375716086775,0.0352375716086775,0.00124168645287667,0.704521259345057,1.28206500588072,1,1.43598770439339,-0.0640122956066134,0.0640122956066134,0.0640122956066134,0.00409757398882845,1.39328706642651,1.51590523895877,1,1.81274908209496,0.0127490820949581,0.0127490820949581,0.0127490820949581,0.00016253909426398,1.74697783319237,1.90002415681478,1
14,"n1000-b1_2-b2_2p5-b3_2p8",1000,9,139,1,1,0.6931472,0.9162907,1.029619,1.5,1.8,1,1.3,0.0659999999999999,346,129,345,180,FALSE,NA,TRUE,NA,0.534418858853353,-0.158728341146647,0.158728341146647,0.158728341146647,0.0251946862831663,0.288954398428524,0.782059007575438,1,0.833337292972783,-0.0829534070272171,0.0829534070272171,0.0829534070272171,0.00688126773742315,0.629111655980439,1.04147278728303,1,1.26255882823893,0.232939828238931,0.232939828238931,0.232939828238931,0.0542609635799827,0.958779663244667,1.56537305974397,1,1.49099470022399,-0.00900529977600906,0.00900529977600906,0.00900529977600906,8.10954240557888e-05,1.43367067269687,1.55702938866981,1,1.82194051364062,0.0219405136406183,0.0219405136406183,0.0219405136406183,0.000481386138814159,1.72368050941133,1.97494341566656,1
14,"n1000-b1_2-b2_2p5-b3_2p8",1000,10,140,1,1,0.6931472,0.9162907,1.029619,1.5,1.8,1,1.3,0.073,349,153,323,175,FALSE,NA,TRUE,NA,0.680986486085233,-0.0121607139147665,0.0121607139147665,0.0121607139147665,0.000147882962916795,0.439594515973569,0.923396927885821,1,0.905068972225702,-0.0112217277742979,0.0112217277742979,0.0112217277742979,0.000125927174240448,0.695679010834873,1.11793175491817,1,1.03806338022316,0.00844438022316041,0.00844438022316041,0.00844438022316041,7.13075573533026e-05,0.743477316318166,1.3376103674563,1,1.49706855596885,-0.00293144403115275,0.00293144403115275,0.00293144403115275,8.5933641077811e-06,1.47364442552049,1.51984612367944,1,1.78069747232639,-0.0193025276736112,0.0193025276736112,0.0193025276736112,0.000372587574590525,1.7000966168594,1.82579303199291,1
15,"n1000-b1_2-b2_2p5-b3_2p8",1000,1,141,1,1,0.6931472,0.9162907,1.029619,1.5,1.8,1,1.3,0.088,333,166,347,154,FALSE,NA,TRUE,NA,0.693042591372859,-0.000104608627140568,0.000104608627140568,0.000104608627140568,1.09429648722343e-08,0.443337972419159,0.943556914988049,1,0.901676678113859,-0.0146140218861412,0.0146140218861412,0.0146140218861412,0.000213569635688615,0.676388684906456,1.13329107601182,1,1.16949910904571,0.139880109045707,0.139880109045707,0.139880109045707,0.0195664449066389,0.861958196983177,1.47587641753865,1,1.49498218454408,-0.00501781545592372,0.00501781545592372,0.00501781545592372,2.5178471949707e-05,1.44787758544411,1.55717455418569,1,1.77003920705221,-0.029960792947793,0.029960792947793,0.029960792947793,0.000897649114060521,1.73430792595344,1.81763639173914,1
15,"n1000-b1_2-b2_2p5-b3_2p8",1000,2,142,1,1,0.6931472,0.9162907,1.029619,1.5,1.8,1,1.3,0.082,329,160,338,173,FALSE,NA,TRUE,NA,0.642615838771639,-0.0505313612283609,0.0505313612283609,0.0505313612283609,0.00255341846759109,0.404901784604889,0.879349412211257,1,0.880546235230168,-0.0357444647698316,0.0357444647698316,0.0357444647698316,0.00127766676168173,0.671854581311219,1.09444314036092,1,1.02292307664164,-0.00669592335836167,0.00669592335836167,0.00669592335836167,4.48353896210534e-05,0.730260583360064,1.32024106340175,1,1.52152761649526,0.0215276164952629,0.0215276164952629,0.0215276164952629,0.000463438271967116,1.48534642737097,1.61379305467629,1,1.77800372151561,-0.0219962784843923,0.0219962784843923,0.0219962784843923,0.000483836267162941,1.73379203560972,1.85402613167911,1
15,"n1000-b1_2-b2_2p5-b3_2p8",1000,3,143,1,1,0.6931472,0.9162907,1.029619,1.5,1.8,1,1.3,0.084,331,189,328,152,FALSE,NA,TRUE,NA,0.696118181380845,0.00297098138084517,0.00297098138084517,0.00297098138084517,8.82673036532869e-06,0.455275465297054,0.937804033008451,1,0.894691223480675,-0.0215994765193254,0.0215994765193254,0.0215994765193254,0.000466537385908888,0.673636414138211,1.12029467294639,1,1.19287906106352,0.163260061063518,0.163260061063518,0.163260061063518,0.0266538475384637,0.895806232566886,1.49219638786702,1,1.48678544797637,-0.0132145520236271,0.0132145520236271,0.0132145520236271,0.000174624385185147,1.38637023678726,1.54987437115631,1,1.77471600336065,-0.025283996639353,0.025283996639353,0.025283996639353,0.000639280486058813,1.66557572532232,1.85115489984359,1
15,"n1000-b1_2-b2_2p5-b3_2p8",1000,4,144,1,1,0.6931472,0.9162907,1.029619,1.5,1.8,1,1.3,0.071,316,162,349,173,FALSE,NA,TRUE,NA,0.66742571101143,-0.0257214889885695,0.0257214889885695,0.0257214889885695,0.000661594995789103,0.434135369080482,0.904891181260256,1,0.621755681158663,-0.294535018841337,0.294535018841337,0.294535018841337,0.0867508773238665,0.420468795825081,0.832068673570358,0,1.23214249782405,0.202523497824045,0.202523497824045,0.202523497824045,0.041015767170886,0.93646203249603,1.5271334362389,1,1.52350634246228,0.0235063424622795,0.0235063424622795,0.0235063424622795,0.000552548135953962,1.41354667667048,1.6649559680215,1,1.83931207486764,0.039312074867635,0.039312074867635,0.039312074867635,0.00154543923039854,1.63549847243647,2.00165754668575,1
15,"n1000-b1_2-b2_2p5-b3_2p8",1000,5,145,1,1,0.6931472,0.9162907,1.029619,1.5,1.8,1,1.3,0.0600000000000001,331,162,346,161,FALSE,NA,TRUE,NA,0.435192919766166,-0.257954280233834,0.257954280233834,0.257954280233834,0.0665404106909552,0.199039119481199,0.674905041596749,0,0.654188940342402,-0.262101759657598,0.262101759657598,0.262101759657598,0.0686973324156095,0.449972288386108,0.863808229903637,0,1.25710316213625,0.227484162136249,0.227484162136249,0.227484162136249,0.0517490440228311,0.966988691994095,1.55022853518838,1,1.48777454206317,-0.0122254579368284,0.0122254579368284,0.0122254579368284,0.00014946182176516,1.29773417481182,1.6254918506791,1,1.81494547821407,0.0149454782140666,0.0149454782140666,0.0149454782140666,0.000223367319047138,1.68919587405213,1.93160143641761,1
15,"n1000-b1_2-b2_2p5-b3_2p8",1000,6,146,1,1,0.6931472,0.9162907,1.029619,1.5,1.8,1,1.3,0.052,360,175,330,135,FALSE,NA,TRUE,NA,0.671162642248189,-0.0219845577518106,0.0219845577518106,0.0219845577518106,0.000483320779542697,0.422426610609071,0.92274174296149,1,0.892451427324497,-0.0238392726755026,0.0238392726755026,0.0238392726755026,0.000568310921696963,0.666605721922439,1.12061798611557,1,0.973172123932012,-0.0564468760679884,0.0564468760679884,0.0564468760679884,0.00318624981783484,0.678630558186979,1.27046376791211,1,1.48568550650987,-0.0143144934901271,0.0143144934901271,0.0143144934901271,0.000204904723878892,1.43636140626954,1.57953395976471,1,1.80617214502089,0.00617214502089181,0.00617214502089181,0.00617214502089181,3.80953741589195e-05,1.76824280023282,1.87168731219726,1
15,"n1000-b1_2-b2_2p5-b3_2p8",1000,7,147,1,1,0.6931472,0.9162907,1.029619,1.5,1.8,1,1.3,0.0659999999999999,348,184,302,166,FALSE,NA,TRUE,NA,0.771797614725567,0.0786504147255673,0.0786504147255673,0.0786504147255673,0.00618588773650374,0.539320509763475,1.00598724304168,1,0.805807975515002,-0.110482724484998,0.110482724484998,0.110482724484998,0.0122064324096279,0.588489051287821,1.02235211987823,1,1.05472819115069,0.0251091911506893,0.0251091911506893,0.0251091911506893,0.000630471480241855,0.762770922335851,1.34625138034179,1,1.51166824575262,0.0116682457526176,0.0116682457526176,0.0116682457526176,0.000136147958943479,1.43038022509245,1.60653292782056,1,1.79181179969256,-0.00818820030744227,0.00818820030744227,0.00818820030744227,6.70466242747977e-05,1.72353074113418,1.8584107559595,1
15,"n1000-b1_2-b2_2p5-b3_2p8",1000,8,148,1,1,0.6931472,0.9162907,1.029619,1.5,1.8,1,1.3,0.081,317,173,344,166,FALSE,NA,TRUE,NA,0.677980656349425,-0.0151665436505749,0.0151665436505749,0.0151665436505749,0.000230024046304794,0.435468277382042,0.920159554973138,1,0.976869005650505,0.0605783056505054,0.0605783056505054,0.0605783056505054,0.00366973111548605,0.764505510340602,1.19706077455229,1,0.934799582861036,-0.0948194171389641,0.0948194171389641,0.0948194171389641,0.00899072186657288,0.636009517105305,1.23201456928913,1,1.48802174923981,-0.0119782507601929,0.0119782507601929,0.0119782507601929,0.000143478491274061,1.44644472963612,1.57964628120054,1,1.82620691847961,0.0262069184796141,0.0262069184796141,0.0262069184796141,0.000686802576197139,1.76354955013176,1.90978148238172,1
15,"n1000-b1_2-b2_2p5-b3_2p8",1000,9,149,1,1,0.6931472,0.9162907,1.029619,1.5,1.8,1,1.3,0.0639999999999999,339,148,352,161,FALSE,NA,TRUE,NA,0.521300841114651,-0.171846358885349,0.171846358885349,0.171846358885349,0.0295311710621522,0.27664801320639,0.768509294349411,1,0.755727301811213,-0.160563398188787,0.160563398188787,0.160563398188787,0.025780604837931,0.545932864115178,0.968914473663724,1,1.27690277429067,0.24728377429067,0.24728377429067,0.24728377429067,0.061149265027439,0.976404366364779,1.58059330675185,1,1.5021503512098,0.00215035120980445,0.00215035120980445,0.00215035120980445,4.62401032550745e-06,1.44114513968977,1.56349016023225,1,1.79852885686671,-0.00147114313329055,0.00147114313329055,0.00147114313329055,2.16426211862795e-06,1.74354420377308,1.8635600596819,1
15,"n1000-b1_2-b2_2p5-b3_2p8",1000,10,150,1,1,0.6931472,0.9162907,1.029619,1.5,1.8,1,1.3,0.085,308,191,336,165,FALSE,NA,TRUE,NA,0.715465387285044,0.022318187285044,0.022318187285044,0.022318187285044,0.000498101483690299,0.466117912917568,0.967826769085111,1,1.11534775420106,0.199057054201064,0.199057054201064,0.199057054201064,0.0396237108272055,0.893360928207049,1.34747988277289,1,0.867131945410919,-0.162487054589081,0.162487054589081,0.162487054589081,0.0264020429090351,0.565374517903803,1.1717645478348,1,1.48503356941856,-0.014966430581441,0.014966430581441,0.014966430581441,0.000223994044349092,1.44844522092603,1.55299491426086,1,1.79018616652488,-0.00981383347511677,0.00981383347511677,0.00981383347511677,9.63113274773226e-05,1.73671107810746,1.84348396084436,1
16,"n1000-b1_2-b2_2p5-b3_2p8",1000,1,151,1,1,0.6931472,0.9162907,1.029619,1.5,1.8,1,1.3,0.0629999999999999,332,193,319,156,FALSE,NA,TRUE,NA,0.589406672693288,-0.103740527306712,0.103740527306712,0.103740527306712,0.0107620970058746,0.355726338565237,0.827303886137394,1,0.832416929172687,-0.0838737708273128,0.0838737708273128,0.0838737708273128,0.00703480943279259,0.613027853151219,1.05351840893737,1,1.1349200303692,0.105301030369203,0.105301030369203,0.105301030369203,0.0110883069968159,0.840483485304642,1.43231330894901,1,1.57171107859432,0.0717110785943247,0.0717110785943247,0.0717110785943247,0.00514247879316141,1.4803736684019,1.71229071443112,1,1.85172100254818,0.0517210025481807,0.0517210025481807,0.0517210025481807,0.00267506210458891,1.7605603384914,2.02619727757234,1
16,"n1000-b1_2-b2_2p5-b3_2p8",1000,2,152,1,1,0.6931472,0.9162907,1.029619,1.5,1.8,1,1.3,0.0649999999999999,345,153,324,178,FALSE,NA,TRUE,NA,0.696951900481402,0.00380470048140225,0.00380470048140225,0.00380470048140225,1.44757457531825e-05,0.458262594232181,0.935319910705872,1,0.890468024506397,-0.0258226754936031,0.0258226754936031,0.0258226754936031,0.000666810569647928,0.680030828735129,1.10597866255286,1,1.0775020374116,0.047883037411601,0.047883037411601,0.047883037411601,0.00229278527176079,0.781632357086784,1.37908352047606,1,1.48500957112168,-0.0149904288783222,0.0149904288783222,0.0149904288783222,0.000224712957956038,1.39666758681268,1.5760282680574,1,1.8331611353335,0.0331611353335037,0.0331611353335037,0.0331611353335037,0.00109966089660695,1.7313493880707,1.97840322164728,1
16,"n1000-b1_2-b2_2p5-b3_2p8",1000,3,153,1,1,0.6931472,0.9162907,1.029619,1.5,1.8,1,1.3,0.072,351,160,323,166,FALSE,NA,TRUE,NA,0.855913781444085,0.162766581444085,0.162766581444085,0.162766581444085,0.026492960034994,0.610556658788054,1.10113155273159,1,0.883901882854547,-0.0323888171454527,0.0323888171454527,0.0323888171454527,0.00104903547608157,0.667820201284092,1.10598315991443,1,0.998449383274724,-0.0311696167252763,0.0311696167252763,0.0311696167252763,0.000971545006800624,0.694134881713492,1.29949105903542,1,1.49896450846062,-0.00103549153938443,0.00103549153938443,0.00103549153938443,1.07224272813673e-06,1.3796483718926,1.54847868182897,1,1.79601022612014,-0.00398977387985822,0.00398977387985822,0.00398977387985822,1.59182956123989e-05,1.68393182428187,1.877184569993,1
16,"n1000-b1_2-b2_2p5-b3_2p8",1000,4,154,1,1,0.6931472,0.9162907,1.029619,1.5,1.8,1,1.3,0.075,339,171,318,172,FALSE,NA,TRUE,NA,0.760474159719962,0.0673269597199622,0.0673269597199622,0.0673269597199622,0.00453291950513341,0.522373727561724,1.00025973850452,1,0.907734019505644,-0.00855668049435609,0.00855668049435609,0.00855668049435609,7.32167810824941e-05,0.69093791090022,1.12691336230264,1,1.04752541737507,0.0179064173750676,0.0179064173750676,0.0179064173750676,0.000320639783210123,0.743939721947161,1.34435205223914,1,1.50858915249378,0.00858915249378422,0.00858915249378422,0.00858915249378422,7.37735405614798e-05,1.45391348618896,1.64591596512858,1,1.78013390628121,-0.0198660937187944,0.0198660937187944,0.0198660937187944,0.000394661679643924,1.68569337942957,1.87943942963166,1
16,"n1000-b1_2-b2_2p5-b3_2p8",1000,5,155,1,1,0.6931472,0.9162907,1.029619,1.5,1.8,1,1.3,0.076,345,162,337,156,FALSE,NA,TRUE,NA,0.627290087884021,-0.0658571121159787,0.0658571121159787,0.0658571121159787,0.00433715921625658,0.376405129929117,0.877907440251674,1,1.04245191611581,0.126161216115813,0.126161216115813,0.126161216115813,0.0159166524518208,0.822893356829832,1.26761286312225,1,1.00795690082477,-0.0216620991752261,0.0216620991752261,0.0216620991752261,0.000469246540677331,0.702954665455648,1.31307934742508,1,1.49394894191922,-0.00605105808078243,0.00605105808078243,0.00605105808078243,3.66153038970024e-05,1.36995945858937,1.58062893906294,1,1.75509394382962,-0.04490605617038,0.04490605617038,0.04490605617038,0.00201655388077733,1.67272992653124,1.83687501761157,1
16,"n1000-b1_2-b2_2p5-b3_2p8",1000,6,156,1,1,0.6931472,0.9162907,1.029619,1.5,1.8,1,1.3,0.073,321,158,341,180,FALSE,NA,TRUE,NA,0.5109753197233,-0.1821718802767,0.1821718802767,0.1821718802767,0.0331865939635481,0.277279755675904,0.743336324248486,1,0.758698866756128,-0.157591833243872,0.157591833243872,0.157591833243872,0.0248351859051645,0.559667058693419,0.957502457266901,1,1.24991619480452,0.220297194804523,0.220297194804523,0.220297194804523,0.0485308540387421,0.953942904134026,1.53750171129709,1,1.47162244009656,-0.0283775599034444,0.0283775599034444,0.0283775599034444,0.000805285906073574,1.41589511073797,1.52530269475809,1,1.78850116100649,-0.0114988389935067,0.0114988389935067,0.0114988389935067,0.00013222329819859,1.75060087049536,1.83997782528221,1
16,"n1000-b1_2-b2_2p5-b3_2p8",1000,7,157,1,1,0.6931472,0.9162907,1.029619,1.5,1.8,1,1.3,0.073,335,174,315,176,FALSE,NA,TRUE,NA,0.720509869119644,0.0273626691196436,0.0273626691196436,0.0273626691196436,0.000748715661351096,0.476142321462431,0.963865321657415,1,1.02769364097831,0.111402940978314,0.111402940978314,0.111402940978314,0.0124106152586177,0.813138120791495,1.24525109486826,1,0.980378311048312,-0.0492406889516885,0.0492406889516885,0.0492406889516885,0.00242464544843694,0.680809612908238,1.27901477612495,1,1.43660727712346,-0.063392722876545,0.063392722876545,0.063392722876545,0.00401863731370243,1.39917834155004,1.50979543183071,1,1.81324696944219,0.0132469694421915,0.0132469694421915,0.0132469694421915,0.000175482199402355,1.77929942375013,1.86586373557071,1
16,"n1000-b1_2-b2_2p5-b3_2p8",1000,8,158,1,1,0.6931472,0.9162907,1.029619,1.5,1.8,1,1.3,0.0659999999999999,355,170,323,152,FALSE,NA,TRUE,NA,0.627992298226671,-0.0651549017733292,0.0651549017733292,0.0651549017733292,0.00424516122509217,0.38738656207776,0.866423330529338,1,0.815018683272235,-0.101272016727765,0.101272016727765,0.101272016727765,0.0102560213721088,0.603634644296507,1.03051463225265,1,1.13320220709425,0.103583207094254,0.103583207094254,0.103583207094254,0.0107294807919311,0.838131912090023,1.43347295710791,1,1.52938088644189,0.0293808864418883,0.0293808864418883,0.0293808864418883,0.000863236488111136,1.46807974481289,1.61337561323942,1,1.83960891842017,0.0396089184201687,0.0396089184201687,0.0396089184201687,0.00156886641841558,1.77803539157912,1.92378824008924,1
16,"n1000-b1_2-b2_2p5-b3_2p8",1000,9,159,1,1,0.6931472,0.9162907,1.029619,1.5,1.8,1,1.3,0.0590000000000001,337,157,325,181,FALSE,NA,TRUE,NA,0.58013635640154,-0.11301084359846,0.11301084359846,0.11301084359846,0.0127714507708356,0.349819038661692,0.81665883964262,1,0.84993735266799,-0.0663533473320096,0.0663533473320096,0.0663533473320096,0.0044027667021623,0.649949635223802,1.05327878953257,1,1.15697888211361,0.127359882113607,0.127359882113607,0.127359882113607,0.0162205395719919,0.86592677528951,1.45352084531942,1,1.52287784783514,0.0228778478351406,0.0228778478351406,0.0228778478351406,0.000523395921567846,1.40866922756858,1.62191262861073,1,1.78729366167204,-0.0127063383279646,0.0127063383279646,0.0127063383279646,0.000161451033704703,1.5855910771846,1.89783075227732,1
16,"n1000-b1_2-b2_2p5-b3_2p8",1000,10,160,1,1,0.6931472,0.9162907,1.029619,1.5,1.8,1,1.3,0.0610000000000001,342,160,347,151,FALSE,NA,TRUE,NA,0.377952675861585,-0.315194524138414,0.315194524138414,0.315194524138414,0.0993475880468415,0.137064623797201,0.623260378504571,0,0.755958821522145,-0.160331878477855,0.160331878477855,0.160331878477855,0.0257063112562378,0.543044874584727,0.976327006915722,1,1.44531598680694,0.415696986806941,0.415696986806941,0.415696986806941,0.17280398484037,1.14497357461533,1.75178663528062,0,1.51470462858978,0.0147046285897809,0.0147046285897809,0.0147046285897809,0.000216226101963403,1.46274864725854,1.61990402255029,1,1.76473498269374,-0.0352650173062592,0.0352650173062592,0.0352650173062592,0.00124362144561076,1.71436912209718,1.8875080456502,1
17,"n1000-b1_2-b2_2p5-b3_2p8",1000,1,161,1,1,0.6931472,0.9162907,1.029619,1.5,1.8,1,1.3,0.069,338,166,336,160,FALSE,NA,TRUE,NA,0.675246480681772,-0.0179007193182277,0.0179007193182277,0.0179007193182277,0.00032043575210997,0.424578760724825,0.92735207014908,1,1.04878133769631,0.132490637696308,0.132490637696308,0.132490637696308,0.0175537690771743,0.825958353731493,1.28150763021851,1,1.02230161733068,-0.00731738266932425,0.00731738266932425,0.00731738266932425,5.35440891293268e-05,0.715114249797165,1.32751507687146,1,1.46712263767659,-0.0328773623234064,0.0328773623234064,0.0328773623234064,0.00108092095334454,1.37620556894706,1.53284309583226,1,1.76689332343067,-0.0331066765693282,0.0331066765693282,0.0331066765693282,0.0010960520334661,1.69750527930437,1.8171764259188,1
17,"n1000-b1_2-b2_2p5-b3_2p8",1000,2,162,1,1,0.6931472,0.9162907,1.029619,1.5,1.8,1,1.3,0.0679999999999999,303,172,362,163,FALSE,NA,TRUE,NA,0.608749101896165,-0.0843980981038351,0.0843980981038351,0.0843980981038351,0.00712303896354458,0.371630519279392,0.847373138439239,1,0.900933500777365,-0.0153571992226353,0.0153571992226353,0.0153571992226353,0.000235843567963712,0.690436585883657,1.115608923153,1,1.29623216958535,0.266613169585346,0.266613169585346,0.266613169585346,0.0710825821963446,0.99861834849395,1.59250597215289,1,1.45288435258458,-0.0471156474154211,0.0471156474154211,0.0471156474154211,0.00221988423137427,1.35591114820391,1.62576078712179,1,1.796140840526,-0.00385915947399851,0.00385915947399851,0.00385915947399851,1.48931118457524e-05,1.73180679931788,1.91187675185034,1
17,"n1000-b1_2-b2_2p5-b3_2p8",1000,3,163,1,1,0.6931472,0.9162907,1.029619,1.5,1.8,1,1.3,0.0649999999999999,362,164,316,158,FALSE,NA,TRUE,NA,0.767196189248526,0.0740489892485255,0.0740489892485255,0.0740489892485255,0.00548325280872825,0.525649044307185,1.00916842310809,1,0.953725717224885,0.0374350172248851,0.0374350172248851,0.0374350172248851,0.00140138051462744,0.737355879869403,1.17828094165726,1,0.970208780443693,-0.0594102195563072,0.0594102195563072,0.0594102195563072,0.00352957418772863,0.670354006857761,1.26922131231656,1,1.49706378844869,-0.00293621155131474,0.00293621155131474,0.00293621155131474,8.6213382740741e-06,1.47412697709186,1.52576816356089,1,1.79542769570599,-0.00457230429400535,0.00457230429400535,0.00457230429400535,2.09059665569797e-05,1.66820029576853,1.86349629147309,1
17,"n1000-b1_2-b2_2p5-b3_2p8",1000,4,164,1,1,0.6931472,0.9162907,1.029619,1.5,1.8,1,1.3,0.0669999999999999,340,175,329,156,FALSE,NA,TRUE,NA,0.687954076730293,-0.00519312326970744,0.00519312326970744,0.00519312326970744,2.69685292943769e-05,0.451791941023422,0.924763095568681,1,0.889679467515968,-0.026611232484032,0.026611232484032,0.026611232484032,0.000708157694319198,0.676145269360266,1.105983397786,1,1.08454573331926,0.0549267333192558,0.0549267333192558,0.0549267333192558,0.00301694603312464,0.790285960572277,1.37768183884295,1,1.52143804876317,0.0214380487631693,0.0214380487631693,0.0214380487631693,0.000459589934772027,1.47927733858531,1.58077048259928,1,1.85354688260743,0.0535468826074332,0.0535468826074332,0.0535468826074332,0.00286726863697424,1.80068040672326,1.92116733855486,0
17,"n1000-b1_2-b2_2p5-b3_2p8",1000,5,165,1,1,0.6931472,0.9162907,1.029619,1.5,1.8,1,1.3,0.077,324,195,326,155,FALSE,NA,TRUE,NA,0.647386712080565,-0.0457604879194348,0.0457604879194348,0.0457604879194348,0.00209402225462474,0.40461142120283,0.887579628109601,1,0.997860877227757,0.0815701772277572,0.0815701772277572,0.0815701772277572,0.00665369381296771,0.777270862260554,1.22113647564349,1,0.99882032868345,-0.0307986713165498,0.0307986713165498,0.0307986713165498,0.000948558154864867,0.701660350278639,1.29582449426868,1,1.51086485506669,0.010864855066689,0.010864855066689,0.010864855066689,0.000118045075620158,1.45168600499448,1.56901038558705,1,1.82650436497798,0.0265043649779788,0.0265043649779788,0.0265043649779788,0.00070248136288591,1.75695959342727,1.88761979648927,1
17,"n1000-b1_2-b2_2p5-b3_2p8",1000,6,166,1,1,0.6931472,0.9162907,1.029619,1.5,1.8,1,1.3,0.0679999999999999,303,166,346,185,FALSE,NA,TRUE,NA,0.718466789488755,0.0253195894887548,0.0253195894887548,0.0253195894887548,0.000641081611879062,0.485082776848265,0.958225610261475,1,1.0563945632789,0.1401038632789,0.1401038632789,0.1401038632789,0.0196290925056726,0.853706932156937,1.26432695298955,1,0.870562151741287,-0.159056848258713,0.159056848258713,0.159056848258713,0.0252990809779953,0.57822929468646,1.16141908033625,1,1.52987717456077,0.0298771745607675,0.0298771745607675,0.0298771745607675,0.000892645559734576,1.48257773641937,1.58926151346656,1,1.80430007949524,0.00430007949523747,0.00430007949523747,0.00430007949523747,1.84906836653618e-05,1.74158374732182,1.91274163458359,1
17,"n1000-b1_2-b2_2p5-b3_2p8",1000,7,167,1,1,0.6931472,0.9162907,1.029619,1.5,1.8,1,1.3,0.074,349,163,322,166,FALSE,NA,TRUE,NA,0.743597539161759,0.0504503391617593,0.0504503391617593,0.0504503391617593,0.00254523672153655,0.50447408930151,0.983562114306192,1,0.808427435894178,-0.107863264105822,0.107863264105822,0.107863264105822,0.0116344837435624,0.596391676408394,1.02429514397605,1,1.05929178196515,0.0296727819651514,0.0296727819651514,0.0296727819651514,0.000880473989551417,0.762490356327252,1.35769713636981,1,1.48773471854724,-0.0122652814527571,0.0122652814527571,0.0122652814527571,0.000150437129115347,1.36259985245958,1.54505926339811,1,1.80505131106174,0.00505131106174339,0.00505131106174339,0.00505131106174339,2.55157434424911e-05,1.70778915678796,1.87927213099525,1
17,"n1000-b1_2-b2_2p5-b3_2p8",1000,8,168,1,1,0.6931472,0.9162907,1.029619,1.5,1.8,1,1.3,0.085,335,174,333,158,FALSE,NA,TRUE,NA,0.654701568686302,-0.0384456313136982,0.0384456313136982,0.0384456313136982,0.00147806656710881,0.413839752418376,0.899042811179513,1,0.896324938834987,-0.0199657611650135,0.0199657611650135,0.0199657611650135,0.00039863161889836,0.677863636150355,1.12165884864966,1,0.947471670060491,-0.0821473299395094,0.0821473299395094,0.0821473299395094,0.00674818381619061,0.651473568964388,1.24703658498705,1,1.49910171435838,-0.000898285641624419,0.000898285641624419,0.000898285641624419,8.06917093948594e-07,1.46073689239643,1.5452899738229,1,1.81868638964525,0.0186863896452456,0.0186863896452456,0.0186863896452456,0.000349181157973942,1.73476937362785,1.90117806782668,1
17,"n1000-b1_2-b2_2p5-b3_2p8",1000,9,169,1,1,0.6931472,0.9162907,1.029619,1.5,1.8,1,1.3,0.072,334,151,343,172,FALSE,NA,TRUE,NA,0.824220724014226,0.131073524014226,0.131073524014226,0.131073524014226,0.0171802686975079,0.5834860966584,1.06537301245033,1,0.900552789797996,-0.0157379102020037,0.0157379102020037,0.0157379102020037,0.000247681817526331,0.693249017214229,1.10962656711835,1,0.910136103627475,-0.119482896372525,0.119482896372525,0.119482896372525,0.0142761625255675,0.611970578742349,1.20622953437549,1,1.52899547525067,0.0289954752506651,0.0289954752506651,0.0289954752506651,0.000840737585011935,1.41714431500637,1.65880205465669,1,1.80236251320665,0.00236251320664849,0.00236251320664849,0.00236251320664849,5.58146865158851e-06,1.68732876466747,1.88556270039666,1
17,"n1000-b1_2-b2_2p5-b3_2p8",1000,10,170,1,1,0.6931472,0.9162907,1.029619,1.5,1.8,1,1.3,0.083,349,182,308,161,FALSE,NA,TRUE,NA,0.765742174349845,0.0725949743498454,0.0725949743498454,0.0725949743498454,0.00527003030085471,0.522506480911659,1.00928110430948,1,0.945276792904586,0.0289860929045855,0.0289860929045855,0.0289860929045855,0.000840193581873264,0.725568896905996,1.1707825315062,1,0.964224834528252,-0.065394165471748,0.065394165471748,0.065394165471748,0.00427639687774636,0.662842130282479,1.26588176101993,1,1.45275146889897,-0.0472485311010338,0.0472485311010338,0.0472485311010338,0.00223242369120536,1.41672647796119,1.50651749523561,1,1.7884859443389,-0.0115140556611044,0.0115140556611044,0.0115140556611044,0.000132573477767011,1.58532913700836,1.86380099017888,1
18,"n1000-b1_2-b2_2p5-b3_2p8",1000,1,171,1,1,0.6931472,0.9162907,1.029619,1.5,1.8,1,1.3,0.081,333,174,337,156,FALSE,NA,TRUE,NA,0.625593399469964,-0.0675538005300363,0.0675538005300363,0.0675538005300363,0.00456351596605194,0.384943859864679,0.870411430639557,1,0.838271300112299,-0.078019399887701,0.078019399887701,0.078019399887701,0.006087026758837,0.617890387647057,1.06294232220897,1,1.07597169856647,0.0463526985664704,0.0463526985664704,0.0463526985664704,0.00214857266439407,0.773071423337381,1.37334798020474,1,1.54665812504163,0.046658125041632,0.046658125041632,0.046658125041632,0.00217698063240057,1.48519864366449,1.64386289449357,1,1.822123848645,0.0221238486449982,0.0221238486449982,0.0221238486449982,0.000489464678866787,1.76303368664479,1.92084419347544,1
18,"n1000-b1_2-b2_2p5-b3_2p8",1000,2,172,1,1,0.6931472,0.9162907,1.029619,1.5,1.8,1,1.3,0.073,308,174,350,168,FALSE,NA,TRUE,NA,0.478751302023103,-0.214395897976897,0.214395897976897,0.214395897976897,0.0459656010693198,0.239873704913643,0.718560668912003,1,0.731807166496476,-0.184483533503524,0.184483533503524,0.184483533503524,0.0340341741339459,0.524400280278944,0.945547494961489,1,1.31889040877671,0.289271408776706,0.289271408776706,0.289271408776706,0.0836779479356599,1.01233969258612,1.61612483011977,1,1.45607470309991,-0.0439252969000858,0.0439252969000858,0.0439252969000858,0.00192943170776069,1.3909098713014,1.55797277906285,1,1.75825235628451,-0.0417476437154864,0.0417476437154864,0.0417476437154864,0.0017428657557952,1.68365374743954,1.8404340947245,1
18,"n1000-b1_2-b2_2p5-b3_2p8",1000,3,173,1,1,0.6931472,0.9162907,1.029619,1.5,1.8,1,1.3,0.07,332,158,344,166,FALSE,NA,TRUE,NA,0.443970207401456,-0.249176992598544,0.249176992598544,0.249176992598544,0.0620891736404548,0.207006790967564,0.682783538035573,0,0.820734871650943,-0.0955558283490565,0.0955558283490565,0.0955558283490565,0.00913091633147435,0.613453156421253,1.03100590170514,1,1.42042340364752,0.390804403647518,0.390804403647518,0.390804403647518,0.152728081910292,1.1238024691944,1.71422708586137,0,1.45514695202985,-0.0448530479701501,0.0448530479701501,0.0448530479701501,0.00201179591221259,1.40784717893262,1.50752789218505,1,1.86428928710869,0.0642892871086922,0.0642892871086922,0.0642892871086922,0.00413311243694386,1.77709430414603,1.97988230442577,1
18,"n1000-b1_2-b2_2p5-b3_2p8",1000,4,174,1,1,0.6931472,0.9162907,1.029619,1.5,1.8,1,1.3,0.076,353,132,346,169,FALSE,NA,TRUE,NA,0.637345107528531,-0.0558020924714693,0.0558020924714693,0.0558020924714693,0.00311387352419441,0.382251937326084,0.894507720976268,1,0.930567222052431,0.0142765220524309,0.0142765220524309,0.0142765220524309,0.000203819081913546,0.714991585837106,1.15278517704248,1,1.1314785613848,0.101859561384798,0.101859561384798,0.101859561384798,0.0103753702455034,0.817419618127554,1.44287400831999,1,1.44527781331896,-0.0547221866810386,0.0547221866810386,0.0547221866810386,0.00299451771515443,1.33534011115954,1.53876453213502,1,1.73143288183267,-0.0685671181673297,0.0685671181673297,0.0685671181673297,0.00470144969377256,1.62248293086183,1.84016221701331,1
18,"n1000-b1_2-b2_2p5-b3_2p8",1000,5,175,1,1,0.6931472,0.9162907,1.029619,1.5,1.8,1,1.3,0.0669999999999999,323,162,352,163,FALSE,NA,TRUE,NA,0.577073832287129,-0.116073367712871,0.116073367712871,0.116073367712871,0.0134730266922073,0.339538719845342,0.815563284016815,1,0.779776130559073,-0.136514569440927,0.136514569440927,0.136514569440927,0.0186362276696417,0.573471901162238,0.994712277256349,1,1.20211033701486,0.172491337014864,0.172491337014864,0.172491337014864,0.0297532613451753,0.902807471306041,1.4981349519076,1,1.463331050872,-0.0366689491280039,0.0366689491280039,0.0366689491280039,0.00134461183015214,1.39473080737535,1.62814311490104,1,1.76967358607446,-0.0303264139255368,0.0303264139255368,0.0303264139255368,0.000919691381582993,1.70609628758453,1.89966708301344,1
18,"n1000-b1_2-b2_2p5-b3_2p8",1000,6,176,1,1,0.6931472,0.9162907,1.029619,1.5,1.8,1,1.3,0.0580000000000001,355,137,346,162,FALSE,NA,TRUE,NA,0.615557684704867,-0.0775895152951326,0.0775895152951326,0.0775895152951326,0.00602013288373361,0.36808488719748,0.863221410643035,1,0.891324189373185,-0.0249665106268147,0.0249665106268147,0.0249665106268147,0.000623326652878849,0.682509226119642,1.10537780984259,1,1.1175362774778,0.0879172774778025,0.0879172774778025,0.0879172774778025,0.00772944767910892,0.8168252402125,1.41865157302126,1,1.41670002677984,-0.0832999732201563,0.0832999732201563,0.0832999732201563,0.00693888553847875,1.34713414243595,1.53083642123015,1,1.74046562932768,-0.0595343706723155,0.0595343706723155,0.0595343706723155,0.00354434129134866,1.6468152523526,1.87670833291673,1
18,"n1000-b1_2-b2_2p5-b3_2p8",1000,7,177,1,1,0.6931472,0.9162907,1.029619,1.5,1.8,1,1.3,0.072,356,158,301,185,FALSE,NA,TRUE,NA,0.503825343683016,-0.189321856316984,0.189321856316984,0.189321856316984,0.0358427652793088,0.270163379023669,0.735226016989184,1,0.84211375266276,-0.0741769473372403,0.0741769473372403,0.0741769473372403,0.00550221951627173,0.636747706143999,1.05002259059525,1,1.20249237437128,0.172873374371281,0.172873374371281,0.172873374371281,0.0298852035665132,0.909940534434455,1.49691130973935,1,1.52218434016019,0.0221843401601913,0.0221843401601913,0.0221843401601913,0.000492144948343078,1.47460538939647,1.60055408358072,1,1.81442938790583,0.0144293879058335,0.0144293879058335,0.0144293879058335,0.000208207235337013,1.77826722813609,1.86041410760106,1
18,"n1000-b1_2-b2_2p5-b3_2p8",1000,8,178,1,1,0.6931472,0.9162907,1.029619,1.5,1.8,1,1.3,0.0580000000000001,310,193,330,167,FALSE,NA,TRUE,NA,0.748682439778426,0.0555352397784257,0.0555352397784257,0.0555352397784257,0.00308416285724723,0.516753449685387,0.981890604010598,1,0.958009029800789,0.0417183298007889,0.0417183298007889,0.0417183298007889,0.00174041904136739,0.741529832386949,1.17671095417781,1,0.823866247997097,-0.205752752002903,0.205752752002903,0.205752752002903,0.0423341949567683,0.534446374992043,1.10908139735945,1,1.50418072639326,0.00418072639325651,0.00418072639325651,0.00418072639325651,1.74784731752716e-05,1.44753620548838,1.59952031325592,1,1.8188538616467,0.018853861646704,0.018853861646704,0.018853861646704,0.000355468098993056,1.75605402470167,1.96618631886455,1
18,"n1000-b1_2-b2_2p5-b3_2p8",1000,9,179,1,1,0.6931472,0.9162907,1.029619,1.5,1.8,1,1.3,0.0639999999999999,326,164,337,173,FALSE,NA,TRUE,NA,0.405331383722993,-0.287815816277007,0.287815816277007,0.287815816277007,0.0828379440991999,0.174925908953403,0.636646642576883,0,0.701441261771484,-0.214849438228516,0.214849438228516,0.214849438228516,0.0461602811071088,0.501969639782851,0.906160125388513,0,1.26717023849398,0.23755123849398,0.23755123849398,0.23755123849398,0.0564305909100239,0.974353272016065,1.55529466436285,1,1.51068308123209,0.0106830812320924,0.0106830812320924,0.0106830812320924,0.000114128224611485,1.47331878083908,1.5529172522082,1,1.82424217445317,0.024242174453174,0.024242174453174,0.024242174453174,0.000587683022218122,1.76747559236577,1.88476661316011,1
18,"n1000-b1_2-b2_2p5-b3_2p8",1000,10,180,1,1,0.6931472,0.9162907,1.029619,1.5,1.8,1,1.3,0.086,313,165,342,180,FALSE,NA,TRUE,NA,0.663864164043259,-0.029283035956741,0.029283035956741,0.029283035956741,0.000857496194843785,0.424957746673647,0.909757364392073,1,0.905714141842623,-0.0105765581573767,0.0105765581573767,0.0105765581573767,0.000111863582456371,0.699593998687553,1.11779222823405,1,1.2446216396281,0.215002639628105,0.215002639628105,0.215002639628105,0.0462261350470527,0.938752697790298,1.54520311807385,1,1.53854801190266,0.0385480119026584,0.0385480119026584,0.0385480119026584,0.0014859492216475,1.47612238098107,1.59646337924343,1,1.85320726269878,0.0532072626987807,0.0532072626987807,0.0532072626987807,0.00283101280389706,1.7993131539558,1.91802423836299,1
19,"n1000-b1_2-b2_2p5-b3_2p8",1000,1,181,1,1,0.6931472,0.9162907,1.029619,1.5,1.8,1,1.3,0.07,319,144,359,178,FALSE,NA,TRUE,NA,0.587209523678668,-0.105937676321332,0.105937676321332,0.105937676321332,0.0112227912643632,0.346753615323358,0.825852209549786,1,0.894505004127869,-0.021785695872131,0.021785695872131,0.021785695872131,0.000474616544632985,0.688022052891694,1.10248369304773,1,1.14010330961865,0.110484309618648,0.110484309618648,0.110484309618648,0.0122067826719092,0.844990153539344,1.43603778216975,1,1.47847575755857,-0.0215242424414304,0.0215242424414304,0.0215242424414304,0.000463293012677472,1.42568671167827,1.54219100385506,1,1.74723738138917,-0.0527626186108303,0.0527626186108303,0.0527626186108303,0.00278389392267194,1.66571916453665,1.82302122661471,1
19,"n1000-b1_2-b2_2p5-b3_2p8",1000,2,182,1,1,0.6931472,0.9162907,1.029619,1.5,1.8,1,1.3,0.08,348,171,321,160,FALSE,NA,TRUE,NA,0.820522363100537,0.127375163100537,0.127375163100537,0.127375163100537,0.0162244321748885,0.57944605831275,1.06206895364471,1,0.979752021657173,0.0634613216571726,0.0634613216571726,0.0634613216571726,0.00402733934647512,0.760101485815378,1.20114790572976,1,0.93829815684213,-0.0913208431578701,0.0913208431578701,0.0913208431578701,0.00833949639506432,0.641745070261328,1.23485071290343,1,1.51796025172502,0.0179602517250197,0.0179602517250197,0.0179602517250197,0.000322570642026073,1.45315749025785,1.58960031810475,1,1.81892839846006,0.0189283984600592,0.0189283984600592,0.0189283984600592,0.000358284268262772,1.78618760098076,1.88989698962923,1
19,"n1000-b1_2-b2_2p5-b3_2p8",1000,3,183,1,1,0.6931472,0.9162907,1.029619,1.5,1.8,1,1.3,0.071,330,163,335,172,FALSE,NA,TRUE,NA,0.591526483397654,-0.101620716602346,0.101620716602346,0.101620716602346,0.0103267700427742,0.357096478680652,0.828743073705824,1,0.76764612073368,-0.14864457926632,0.14864457926632,0.14864457926632,0.0220952109452613,0.563591105971437,0.977775670124534,1,1.08704011626582,0.0574211162658156,0.0574211162658156,0.0574211162658156,0.00329718459321231,0.795725089959784,1.37929812636613,1,1.55291231052483,0.0529123105248288,0.0529123105248288,0.0529123105248288,0.00279971260507591,1.45681802797211,1.68930861982344,1,1.68120251525152,-0.118797484748478,0.118797484748478,0.118797484748478,0.0141128423825649,1.63508749982623,1.82671216250153,1
19,"n1000-b1_2-b2_2p5-b3_2p8",1000,4,184,1,1,0.6931472,0.9162907,1.029619,1.5,1.8,1,1.3,0.074,314,159,353,174,FALSE,NA,TRUE,NA,0.649160183924213,-0.0439870160757871,0.0439870160757871,0.0439870160757871,0.00193485758325156,0.405961145239733,0.890950256914981,1,1.01213760095765,0.0958469009576535,0.0958469009576535,0.0958469009576535,0.00918662842318623,0.798625067694215,1.2277710566832,1,0.926957365010135,-0.102661634989865,0.102661634989865,0.102661634989865,0.0105394112987923,0.630163238455922,1.22565472725476,1,1.47458704174441,-0.0254129582555924,0.0254129582555924,0.0254129582555924,0.000645818447300483,1.44828100382891,1.52109261715499,1,1.69891877005982,-0.101081229940179,0.101081229940179,0.101081229940179,0.0102174150462193,1.66259098681184,1.77210154240199,0
19,"n1000-b1_2-b2_2p5-b3_2p8",1000,5,185,1,1,0.6931472,0.9162907,1.029619,1.5,1.8,1,1.3,0.074,353,162,320,165,FALSE,NA,TRUE,NA,0.668480697507871,-0.0246665024921291,0.0246665024921291,0.0246665024921291,0.000608436345194211,0.430490960538313,0.912116370975122,1,0.843502090952285,-0.0727886090477154,0.0727886090477154,0.0727886090477154,0.00529818160710116,0.628634388849318,1.05687723706122,1,1.20223480354614,0.172615803546145,0.172615803546145,0.172615803546145,0.0297962156338812,0.905171979779851,1.49991888308989,1,1.51770440882898,0.0177044088289844,0.0177044088289844,0.0177044088289844,0.00031344609198382,1.49618209775225,1.53695870731291,1,1.79276644512229,-0.0072335548777136,0.0072335548777136,0.0072335548777136,5.23243161688942e-05,1.7718750803874,1.82518444714827,1
19,"n1000-b1_2-b2_2p5-b3_2p8",1000,6,186,1,1,0.6931472,0.9162907,1.029619,1.5,1.8,1,1.3,0.091,304,169,330,197,FALSE,NA,TRUE,NA,1.00356491022973,0.310417710229726,0.310417710229726,0.310417710229726,0.0963591548242659,0.766329011871389,1.23958348291183,0,1.12460981598102,0.208319115981022,0.208319115981022,0.208319115981022,0.0433968540831146,0.914702956016518,1.33862944739466,1,0.737766148077352,-0.291852851922648,0.291852851922648,0.291852851922648,0.085178087175383,0.44734566384246,1.03123651817295,1,1.43273956260383,-0.0672604373961687,0.0672604373961687,0.0672604373961687,0.00452396643872393,1.39724219516897,1.51663616052312,1,1.76784984560904,-0.0321501543909626,0.0321501543909626,0.0321501543909626,0.00103363242736273,1.72328671852302,1.85641961531676,1
19,"n1000-b1_2-b2_2p5-b3_2p8",1000,7,187,1,1,0.6931472,0.9162907,1.029619,1.5,1.8,1,1.3,0.07,350,169,331,150,FALSE,NA,TRUE,NA,0.801193129728789,0.108045929728789,0.108045929728789,0.108045929728789,0.0116739229309583,0.550620855657235,1.05686764749296,1,1.04972373589644,0.133433035896442,0.133433035896442,0.133433035896442,0.017804375068541,0.821361513928563,1.28465282461115,1,0.839595588087194,-0.190023411912806,0.190023411912806,0.190023411912806,0.0361088970749839,0.533609581821521,1.14613951746062,1,1.47917161784673,-0.02082838215327,0.02082838215327,0.02082838215327,0.000433821503122656,1.40986508398246,1.562880605055,1,1.72409197765522,-0.0759080223447763,0.0759080223447763,0.0759080223447763,0.00576202785629506,1.63687672704662,1.82302594918571,1
19,"n1000-b1_2-b2_2p5-b3_2p8",1000,8,188,1,1,0.6931472,0.9162907,1.029619,1.5,1.8,1,1.3,0.0679999999999999,336,175,319,170,FALSE,NA,TRUE,NA,0.946525829080056,0.253378629080056,0.253378629080056,0.253378629080056,0.0642007296744884,0.707180742594868,1.18922301385388,0,1.02707929109686,0.110788591096858,0.110788591096858,0.110788591096858,0.0122741119172269,0.809223416502062,1.24782186984045,1,0.875939335144344,-0.153679664855656,0.153679664855656,0.153679664855656,0.0236174393901468,0.582359759630485,1.17016521461813,1,1.55742699735305,0.0574269973530537,0.0574269973530537,0.0574269973530537,0.00329786002498763,1.42940519026776,1.6074985715661,1,1.83209541988313,0.0320954198831302,0.0320954198831302,0.0320954198831302,0.00103011597747443,1.79820121845428,1.90794520717215,1
19,"n1000-b1_2-b2_2p5-b3_2p8",1000,9,189,1,1,0.6931472,0.9162907,1.029619,1.5,1.8,1,1.3,0.081,312,165,350,173,FALSE,NA,TRUE,NA,0.563563852951151,-0.129583347048849,0.129583347048849,0.129583347048849,0.0167918438323826,0.32246599840192,0.803785590954831,1,0.868847615809684,-0.047443084190316,0.047443084190316,0.047443084190316,0.00225084623748941,0.660088528563431,1.08311617014343,1,1.35993797981844,0.33031897981844,0.33031897981844,0.33031897981844,0.109110628428295,1.05679132049815,1.66744262551681,0,1.52440747130155,0.0244074713015461,0.0244074713015461,0.0244074713015461,0.000595724655335795,1.45358170406716,1.64612245314342,1,1.78200497528471,-0.0179950247152874,0.0179950247152874,0.0179950247152874,0.000323820914503803,1.71133477898049,1.87196310281949,1
19,"n1000-b1_2-b2_2p5-b3_2p8",1000,10,190,1,1,0.6931472,0.9162907,1.029619,1.5,1.8,1,1.3,0.079,332,180,335,153,FALSE,NA,TRUE,NA,0.621179481474394,-0.0719677185256059,0.0719677185256059,0.0719677185256059,0.00517935250978084,0.378899671135695,0.868000883076938,1,0.872130999488638,-0.0441597005113619,0.0441597005113619,0.0441597005113619,0.00195007914925317,0.658160414285267,1.09156196065894,1,1.2009870474249,0.171368047424895,0.171368047424895,0.171368047424895,0.0293670076782212,0.901885927856982,1.49793132940658,1,1.51211257450054,0.0121125745005439,0.0121125745005439,0.0121125745005439,0.000146714461031227,1.47771625137203,1.55773068590188,1,1.78745732444447,-0.0125426755555262,0.0125426755555262,0.0125426755555262,0.000157318710091195,1.74114923551026,1.87241129122353,1
20,"n1000-b1_2-b2_2p5-b3_2p8",1000,1,191,1,1,0.6931472,0.9162907,1.029619,1.5,1.8,1,1.3,0.083,350,162,325,163,FALSE,NA,TRUE,NA,0.891074442590284,0.197927242590284,0.197927242590284,0.197927242590284,0.0391751933593931,0.639352035408724,1.14894305226328,1,1.13268848542189,0.216397785421888,0.216397785421888,0.216397785421888,0.0468280015354974,0.905421828226652,1.36626024577357,1,0.864226204961632,-0.165392795038368,0.165392795038368,0.165392795038368,0.0273547766506038,0.556637900970898,1.17532112864698,1,1.52507962271853,0.0250796227185333,0.0250796227185333,0.0250796227185333,0.00062898747570397,1.49456732928586,1.56438353726754,1,1.77384393766232,-0.0261560623376809,0.0261560623376809,0.0261560623376809,0.000684139597012647,1.73897633684497,1.83407728438364,1
20,"n1000-b1_2-b2_2p5-b3_2p8",1000,2,192,1,1,0.6931472,0.9162907,1.029619,1.5,1.8,1,1.3,0.076,335,187,311,167,FALSE,NA,TRUE,NA,0.860136179799927,0.166988979799927,0.166988979799927,0.166988979799927,0.0278853193746205,0.618082529335373,1.10368915318145,1,0.997785700561169,0.0814950005611692,0.0814950005611692,0.0814950005611692,0.00664143511646497,0.77837760633887,1.22593571212884,1,1.03025768082782,0.000638680827822258,0.000638680827822258,0.000638680827822258,4.07913199827724e-07,0.732700530948363,1.33479032379472,1,1.5412813933536,0.0412813933535989,0.0412813933535989,0.0412813933535989,0.00170415343721456,1.45810916448475,1.6427676641047,1,1.73718852169141,-0.0628114783085894,0.0628114783085894,0.0628114783085894,0.00394528180731039,1.67117252470639,1.84768264753029,1
20,"n1000-b1_2-b2_2p5-b3_2p8",1000,3,193,1,1,0.6931472,0.9162907,1.029619,1.5,1.8,1,1.3,0.078,307,178,327,188,FALSE,NA,TRUE,NA,0.523727661106244,-0.169419538893756,0.169419538893756,0.169419538893756,0.0287029801589728,0.301722422858264,0.75108051943068,1,0.823136127335835,-0.0931545726641648,0.0931545726641648,0.0931545726641648,0.00867777440824316,0.621288221851413,1.02978740976726,1,1.17683175026301,0.147212750263013,0.147212750263013,0.147212750263013,0.0216715938400003,0.889128463435109,1.46719605604264,1,1.49160496763803,-0.00839503236197103,0.00839503236197103,0.00839503236197103,7.04765683585409e-05,1.44874904446266,1.53369597627199,1,1.81589303705794,0.0158930370579407,0.0158930370579407,0.0158930370579407,0.000252588626925075,1.77348299461337,1.90485988476153,1
20,"n1000-b1_2-b2_2p5-b3_2p8",1000,4,194,1,1,0.6931472,0.9162907,1.029619,1.5,1.8,1,1.3,0.077,318,171,345,166,FALSE,NA,TRUE,NA,0.69174644186197,-0.00140075813802965,0.00140075813802965,0.00140075813802965,1.96212336125628e-06,0.456602624173082,0.931033887486287,1,0.835661960748743,-0.0806287392512574,0.0806287392512574,0.0806287392512574,0.00650099359324725,0.625394616364142,1.04724477597974,1,1.11053506123435,0.0809160612343458,0.0809160612343458,0.0809160612343458,0.0065474089656804,0.810957666679834,1.40471239154311,1,1.55277038960124,0.0527703896012386,0.0527703896012386,0.0527703896012386,0.00278471401866651,1.48709593247096,1.65738539301814,1,1.85360545544865,0.0536054554486487,0.0536054554486487,0.0536054554486487,0.00287354485385706,1.76507263819428,1.96689342860725,1
20,"n1000-b1_2-b2_2p5-b3_2p8",1000,5,195,1,1,0.6931472,0.9162907,1.029619,1.5,1.8,1,1.3,0.08,313,181,334,172,FALSE,NA,TRUE,NA,0.815798977207578,0.122651777207578,0.122651777207578,0.122651777207578,0.0150434584521774,0.584877882947474,1.0487437186884,1,0.845472347426441,-0.0708183525735586,0.0708183525735586,0.0708183525735586,0.00501523906123286,0.63340325811619,1.058873948156,1,0.975526553205105,-0.054092446794895,0.054092446794895,0.054092446794895,0.00292599280025855,0.684356131389822,1.26778917394242,1,1.51062556316186,0.010625563161857,0.010625563161857,0.010625563161857,0.000112902592506613,1.45785532822915,1.59643600352136,1,1.79953689526176,-0.000463104738243514,0.000463104738243514,0.000463104738243514,2.14465998583593e-07,1.72760467996711,1.89015825442933,1
20,"n1000-b1_2-b2_2p5-b3_2p8",1000,6,196,1,1,0.6931472,0.9162907,1.029619,1.5,1.8,1,1.3,0.074,313,180,333,174,FALSE,NA,TRUE,NA,0.722580687265446,0.0294334872654458,0.0294334872654458,0.0294334872654458,0.000866330172605161,0.49235860371894,0.95581255664532,1,0.928247908232326,0.0119572082323257,0.0119572082323257,0.0119572082323257,0.000142974828711198,0.72014814906381,1.13693420822994,1,1.17395666108618,0.144337661086184,0.144337661086184,0.144337661086184,0.0208333604078301,0.882738551502661,1.46688366579186,1,1.47767591505131,-0.0223240849486939,0.0223240849486939,0.0223240849486939,0.0004983647687965,1.4108810017227,1.52896650135549,1,1.81599290884032,0.0159929088403166,0.0159929088403166,0.0159929088403166,0.000255773133174676,1.77126705013787,1.88916086446885,1
20,"n1000-b1_2-b2_2p5-b3_2p8",1000,7,197,1,1,0.6931472,0.9162907,1.029619,1.5,1.8,1,1.3,0.078,314,154,349,183,FALSE,NA,TRUE,NA,0.883478117834982,0.190330917834982,0.190330917834982,0.190330917834982,0.0362258582839068,0.64297156739846,1.12468725730594,1,0.974014184933089,0.0577234849330889,0.0577234849330889,0.0577234849330889,0.00333200071282054,0.760613860207787,1.18975966612956,1,0.799523564740379,-0.230095435259622,0.230095435259622,0.230095435259622,0.0529439093273147,0.503331979708756,1.0948082635783,1,1.49705214739938,-0.0029478526006208,0.0029478526006208,0.0029478526006208,8.68983495498684e-06,1.41971910903814,1.56550564305405,1,1.78744005069733,-0.0125599493026702,0.0125599493026702,0.0125599493026702,0.000157752326485647,1.6320484369363,1.85910846626076,1
20,"n1000-b1_2-b2_2p5-b3_2p8",1000,8,198,1,1,0.6931472,0.9162907,1.029619,1.5,1.8,1,1.3,0.074,349,175,331,145,FALSE,NA,TRUE,NA,0.639459614404963,-0.0536875855950366,0.0536875855950366,0.0536875855950366,0.00288235684702438,0.393242038711257,0.890609479410032,1,1.00050496513724,0.0842142651372377,0.0842142651372377,0.0842142651372377,0.00709204245260497,0.771279796688287,1.23260461615494,1,0.995322131724336,-0.034296868275664,0.034296868275664,0.034296868275664,0.00117627517351825,0.69490305377986,1.29501960521836,1,1.47423818976152,-0.0257618102384827,0.0257618102384827,0.0257618102384827,0.000663670866763591,1.43181497047713,1.58368924580547,1,1.81560337486679,0.015603374866793,0.015603374866793,0.015603374866793,0.000243465307233667,1.74195096810529,1.89833802886032,1
20,"n1000-b1_2-b2_2p5-b3_2p8",1000,9,199,1,1,0.6931472,0.9162907,1.029619,1.5,1.8,1,1.3,0.081,321,180,326,173,FALSE,NA,TRUE,NA,0.775540711281807,0.0823935112818068,0.0823935112818068,0.0823935112818068,0.00678869070134523,0.531229613084157,1.01492186280151,1,0.981893618677128,0.0656029186771284,0.0656029186771284,0.0656029186771284,0.00430374293895792,0.767216895440844,1.20474697431515,1,1.01099296589892,-0.0186260341010818,0.0186260341010818,0.0186260341010818,0.000346929146334661,0.712208795562473,1.31375392400971,1,1.46439543685903,-0.0356045631409687,0.0356045631409687,0.0356045631409687,0.00126768491645923,1.40271693844582,1.5251693617834,1,1.74333399067757,-0.0566660093224296,0.0566660093224296,0.0566660093224296,0.00321103661252968,1.62984765083077,1.81770698213774,1
20,"n1000-b1_2-b2_2p5-b3_2p8",1000,10,200,1,1,0.6931472,0.9162907,1.029619,1.5,1.8,1,1.3,0.075,347,149,344,160,FALSE,NA,TRUE,NA,0.793747590756895,0.100600390756895,0.100600390756895,0.100600390756895,0.01012043862044,0.541350771483109,1.04624703170206,1,0.913732283360035,-0.0025584166399647,0.0025584166399647,0.0025584166399647,6.54549570364827e-06,0.700626062280109,1.13153522433554,1,0.984372179672698,-0.0452468203273017,0.0452468203273017,0.0452468203273017,0.00204727474973112,0.682571175725471,1.28825018352655,1,1.50717708576299,0.00717708576299181,0.00717708576299181,0.00717708576299181,5.15105600493397e-05,1.45888914365303,1.57908640834241,1,1.80340431015618,0.00340431015618048,0.00340431015618048,0.00340431015618048,1.15893276394736e-05,1.77518562597548,1.86012740676617,1
21,"n1000-b1_2-b2_2p5-b3_2p8",1000,1,201,1,1,0.6931472,0.9162907,1.029619,1.5,1.8,1,1.3,0.074,321,163,348,168,FALSE,NA,TRUE,NA,0.644012305137389,-0.0491348948626105,0.0491348948626105,0.0491348948626105,0.00241423789315978,0.40131897059979,0.892409421928246,1,0.890792679622147,-0.0254980203778531,0.0254980203778531,0.0254980203778531,0.000650149043189412,0.680736780606237,1.10828006425796,1,1.1888815771079,0.1592625771079,0.1592625771079,0.1592625771079,0.0253645684670497,0.882194762900144,1.49616019215638,1,1.51870549818106,0.018705498181055,0.018705498181055,0.018705498181055,0.000349895662201454,1.4784170498295,1.58619100296584,1,1.80801405043893,0.00801405043893189,0.00801405043893189,0.00801405043893189,6.42250044377444e-05,1.75889079376089,1.87170087577113,1
21,"n1000-b1_2-b2_2p5-b3_2p8",1000,2,202,1,1,0.6931472,0.9162907,1.029619,1.5,1.8,1,1.3,0.079,364,144,316,176,FALSE,NA,TRUE,NA,0.769590121592241,0.0764429215922415,0.0764429215922415,0.0764429215922415,0.00584352026155759,0.524296653007065,1.01922235798293,1,1.00863633756802,0.0923456375680223,0.0923456375680223,0.0923456375680223,0.00852771677784453,0.795976369368529,1.22251265821363,1,1.05829631863572,0.028677318635715,0.028677318635715,0.028677318635715,0.000822388604134326,0.75224820751076,1.36375047819195,1,1.42802444123444,-0.0719755587655582,0.0719755587655582,0.0719755587655582,0.00518048105961432,1.37724366926396,1.49008917525839,0,1.7554965081326,-0.0445034918674028,0.0445034918674028,0.0445034918674028,0.00198056078839198,1.69191618686671,1.85603172128831,1
21,"n1000-b1_2-b2_2p5-b3_2p8",1000,3,203,1,1,0.6931472,0.9162907,1.029619,1.5,1.8,1,1.3,0.069,346,164,322,168,FALSE,NA,TRUE,NA,0.64576447776686,-0.0473827222331402,0.0473827222331402,0.0473827222331402,0.00224512236622292,0.409721795423164,0.881358094826334,1,0.839933664586836,-0.0763570354131641,0.0763570354131641,0.0763570354131641,0.00583039685708719,0.630579901779248,1.05251551894978,1,1.03440409409481,0.00478509409480643,0.00478509409480643,0.00478509409480643,2.28971254961514e-05,0.741825622364788,1.32493070167079,1,1.47172924814602,-0.0282707518539778,0.0282707518539778,0.0282707518539778,0.000799235410389187,1.43233383551851,1.53508016892775,1,1.79842126190097,-0.00157873809903375,0.00157873809903375,0.00157873809903375,2.4924139853407e-06,1.67650197792,1.90239707849012,1
21,"n1000-b1_2-b2_2p5-b3_2p8",1000,4,204,1,1,0.6931472,0.9162907,1.029619,1.5,1.8,1,1.3,0.0639999999999999,317,179,340,164,FALSE,NA,TRUE,NA,0.625784774587211,-0.0673624254127891,0.0673624254127891,0.0673624254127891,0.00453769635749358,0.396338848796517,0.860467380054298,1,0.814200596699911,-0.102090103300089,0.102090103300089,0.102090103300089,0.0104223891918228,0.605616023079126,1.02647474512815,1,1.00592798015793,-0.0236910198420655,0.0236910198420655,0.0236910198420655,0.000561264421157139,0.718046959354108,1.29327676451366,1,1.51500517155776,0.0150051715577604,0.0150051715577604,0.0150051715577604,0.000225155173477821,1.42712219158426,1.57698187395049,1,1.80966953116981,0.00966953116981295,0.00966953116981295,0.00966953116981295,9.34998330439842e-05,1.77648452203634,1.87438074072857,1
21,"n1000-b1_2-b2_2p5-b3_2p8",1000,5,205,1,1,0.6931472,0.9162907,1.029619,1.5,1.8,1,1.3,0.075,319,193,322,166,FALSE,NA,TRUE,NA,0.745567072202316,0.0524198722023164,0.0524198722023164,0.0524198722023164,0.00274784300170718,0.511794970352076,0.97816316795567,1,0.868629357779729,-0.0476613422202705,0.0476613422202705,0.0476613422202705,0.00227160354223774,0.65114149935018,1.09023628584035,1,1.06114306005602,0.0315240600560209,0.0315240600560209,0.0315240600560209,0.000993766362415614,0.767597927061219,1.3598081709008,1,1.51250535473256,0.012505354732558,0.012505354732558,0.012505354732558,0.00015638389698711,1.39161363290562,1.57964511994736,1,1.82445174393239,0.0244517439323888,0.0244517439323888,0.0244517439323888,0.000597887781335113,1.69013698505274,1.92152693531809,1
21,"n1000-b1_2-b2_2p5-b3_2p8",1000,6,206,1,1,0.6931472,0.9162907,1.029619,1.5,1.8,1,1.3,0.071,348,164,337,151,FALSE,NA,TRUE,NA,0.634937995601254,-0.0582092043987457,0.0582092043987457,0.0582092043987457,0.00338831147673495,0.382777822148159,0.890177737176619,1,1.06993245240261,0.153641752402609,0.153641752402609,0.153641752402609,0.0236057880813447,0.844968287804318,1.29722502376556,1,0.976393739967245,-0.0532252600327553,0.0532252600327553,0.0532252600327553,0.00283292830555442,0.664577986895717,1.28106152679311,1,1.37643039651918,-0.123569603480822,0.123569603480822,0.123569603480822,0.0152694469044075,1.3364060722737,1.46095358969209,0,1.81813506494707,0.0181350649470673,0.0181350649470673,0.0181350649470673,0.000328880580634349,1.76657451053659,1.91150094992441,1
21,"n1000-b1_2-b2_2p5-b3_2p8",1000,7,207,1,1,0.6931472,0.9162907,1.029619,1.5,1.8,1,1.3,0.083,326,159,333,182,FALSE,NA,TRUE,NA,0.783200720627555,0.0900535206275553,0.0900535206275553,0.0900535206275553,0.00810963657741754,0.542834252406958,1.0219909505157,1,0.999566496000682,0.0832757960006816,0.0832757960006816,0.0832757960006816,0.00693485819954713,0.790151091701427,1.21425321654748,1,0.913575918812209,-0.116043081187791,0.116043081187791,0.116043081187791,0.0134659966915562,0.61851000689356,1.20808363103022,1,1.46439329774351,-0.0356067022564948,0.0356067022564948,0.0356067022564948,0.00126783724558267,1.44156356545753,1.50579139395207,1,1.79108989934887,-0.00891010065112963,0.00891010065112963,0.00891010065112963,7.93898936132606e-05,1.74631509389298,1.84887028837772,1
21,"n1000-b1_2-b2_2p5-b3_2p8",1000,8,208,1,1,0.6931472,0.9162907,1.029619,1.5,1.8,1,1.3,0.0669999999999999,328,167,328,177,FALSE,NA,TRUE,NA,0.890323773336551,0.197176573336551,0.197176573336551,0.197176573336551,0.0388786010727444,0.65053192798177,1.13294064157114,1,1.02698860222842,0.110697902228422,0.110697902228422,0.110697902228422,0.0122540255577732,0.816763403711131,1.2397271781976,1,0.763425252417678,-0.266193747582322,0.266193747582322,0.266193747582322,0.0708591112519209,0.466390917496953,1.05751621233653,1,1.51423143556881,0.0142314355688107,0.0142314355688107,0.0142314355688107,0.00020253375834921,1.48098963185697,1.55633922080721,1,1.81792199032861,0.0179219903286127,0.0179219903286127,0.0179219903286127,0.000321197737338889,1.78392391077361,1.87226225916873,1
21,"n1000-b1_2-b2_2p5-b3_2p8",1000,9,209,1,1,0.6931472,0.9162907,1.029619,1.5,1.8,1,1.3,0.091,358,165,307,170,FALSE,NA,TRUE,NA,0.844611295717976,0.151464095717976,0.151464095717976,0.151464095717976,0.0229413722916643,0.598490436596517,1.09260489969776,1,1.10809236426319,0.191801664263195,0.191801664263195,0.191801664263195,0.0367878784141313,0.885461775699025,1.33585732009228,1,0.875687961626867,-0.153931038373133,0.153931038373133,0.153931038373133,0.0236947645746308,0.572317445305944,1.18203134903423,1,1.64244853357589,0.14244853357589,0.14244853357589,0.14244853357589,0.0202915847179213,1.51198935508013,1.74093560821238,0,1.82905179586412,0.0290517958641214,0.0290517958641214,0.0290517958641214,0.000844006842930583,1.70362505630416,1.93502530875191,1
21,"n1000-b1_2-b2_2p5-b3_2p8",1000,10,210,1,1,0.6931472,0.9162907,1.029619,1.5,1.8,1,1.3,0.071,325,176,336,163,FALSE,NA,TRUE,NA,0.762899225326727,0.069752025326727,0.069752025326727,0.069752025326727,0.00486534503718036,0.521057316351711,1.00553083974756,1,1.0100984586421,0.0938077586420984,0.0938077586420984,0.0938077586420984,0.0087998955814542,0.791701376285625,1.23424767557918,1,1.02546351067134,-0.00415548932865595,0.00415548932865595,0.00415548932865595,1.72680915605735e-05,0.723622008213503,1.32712839118519,1,1.55171857107668,0.0517185710766843,0.0517185710766843,0.0517185710766843,0.00267481059421405,1.45783812779316,1.65295184867035,1,1.83548739068006,0.0354873906800597,0.0354873906800597,0.0354873906800597,0.00125935489727919,1.76234222878436,1.93233573329078,1
22,"n1000-b1_2-b2_2p5-b3_2p8",1000,1,211,1,1,0.6931472,0.9162907,1.029619,1.5,1.8,1,1.3,0.0659999999999999,361,164,307,168,FALSE,NA,TRUE,NA,0.567839454361992,-0.125307745638008,0.125307745638008,0.125307745638008,0.0157020311168796,0.329999046441956,0.805053221600109,1,0.763581937726344,-0.152708762273656,0.152708762273656,0.152708762273656,0.023319966075152,0.553137172317278,0.978483001893758,1,1.20146430965259,0.17184530965259,0.17184530965259,0.17184530965259,0.0295308104495946,0.908952422066988,1.49120000213283,1,1.51656629416301,0.0165662941630131,0.0165662941630131,0.0165662941630131,0.000274442102295483,1.48892480169382,1.56520078119122,1,1.8179079254974,0.0179079254974046,0.0179079254974046,0.0179079254974046,0.000320693795620594,1.76111139731256,1.88834665076718,1
22,"n1000-b1_2-b2_2p5-b3_2p8",1000,2,212,1,1,0.6931472,0.9162907,1.029619,1.5,1.8,1,1.3,0.081,339,162,317,182,FALSE,NA,TRUE,NA,0.493891399511876,-0.199255800488124,0.199255800488124,0.199255800488124,0.0397028740281631,0.257275286739155,0.729178886653996,1,0.720720073140443,-0.195570626859557,0.195570626859557,0.195570626859557,0.0382478700902401,0.516187236597374,0.93035980601821,1,1.3882925005976,0.358673500597604,0.358673500597604,0.358673500597604,0.128646680030939,1.08974681797314,1.69088592163164,0,1.47072377330838,-0.029276226691624,0.029276226691624,0.029276226691624,0.000857097449299357,1.32424508532223,1.51047060504586,1,1.74170295265509,-0.0582970473449107,0.0582970473449107,0.0582970473449107,0.00339854572913476,1.42912995908815,1.82355178451521,1
22,"n1000-b1_2-b2_2p5-b3_2p8",1000,3,213,1,1,0.6931472,0.9162907,1.029619,1.5,1.8,1,1.3,0.082,326,152,345,177,FALSE,NA,TRUE,NA,0.838965215100046,0.145818015100046,0.145818015100046,0.145818015100046,0.0212628935277172,0.592570103796226,1.0850646709632,1,0.938073905644099,0.0217832056440991,0.0217832056440991,0.0217832056440991,0.00047450804813311,0.724399989583401,1.15404258020887,1,0.837165477386755,-0.192453522613245,0.192453522613245,0.192453522613245,0.037038358366247,0.537546618980421,1.13339291980109,1,1.47150423556449,-0.0284957644355133,0.0284957644355133,0.0284957644355133,0.000812008590764263,1.34611825446734,1.55216962291607,1,1.76030834868858,-0.0396916513114223,0.0396916513114223,0.0396916513114223,0.00157542718382753,1.68123756628289,1.87579847941428,1
22,"n1000-b1_2-b2_2p5-b3_2p8",1000,4,214,1,1,0.6931472,0.9162907,1.029619,1.5,1.8,1,1.3,0.083,312,163,361,164,FALSE,NA,TRUE,NA,0.886646258880406,0.193499058880406,0.193499058880406,0.193499058880406,0.0374418857876029,0.642085673025095,1.13286491845012,1,1.0190055582386,0.102714858238604,0.102714858238604,0.102714858238604,0.0105503421029765,0.802130925943425,1.24188251690155,1,0.833440512136233,-0.196178487863767,0.196178487863767,0.196178487863767,0.0384859991005143,0.538127300325457,1.13316814799802,1,1.52864710796449,0.0286471079644908,0.0286471079644908,0.0286471079644908,0.000820656794729191,1.49132264423804,1.58597788616769,1,1.82574648872711,0.0257464887271059,0.0257464887271059,0.0257464887271059,0.000662881681774993,1.79227615396014,1.88737644992464,1
22,"n1000-b1_2-b2_2p5-b3_2p8",1000,5,215,1,1,0.6931472,0.9162907,1.029619,1.5,1.8,1,1.3,0.072,318,183,342,157,FALSE,NA,TRUE,NA,0.726614810753182,0.0334676107531819,0.0334676107531819,0.0334676107531819,0.0011200809695265,0.488064620064072,0.966093282306759,1,1.07544364960783,0.159152949607833,0.159152949607833,0.159152949607833,0.0253296613688736,0.852630158305072,1.29929781387452,1,0.932065167190736,-0.0975538328092641,0.0975538328092641,0.0975538328092641,0.00951675029577785,0.63614018476847,1.23052523555244,1,1.53461984474051,0.0346198447405088,0.0346198447405088,0.0346198447405088,0.00119853364985694,1.49196413783257,1.60351666718199,1,1.87293702978301,0.0729370297830096,0.0729370297830096,0.0729370297830096,0.00531981031356764,1.77570878866954,2.00378475549164,1
22,"n1000-b1_2-b2_2p5-b3_2p8",1000,6,216,1,1,0.6931472,0.9162907,1.029619,1.5,1.8,1,1.3,0.073,327,184,340,149,FALSE,NA,TRUE,NA,0.655514822043779,-0.0376323779562211,0.0376323779562211,0.0376323779562211,0.00141619587063988,0.414460087998692,0.902295870083459,1,0.795222968439437,-0.121067731560563,0.121067731560563,0.121067731560563,0.0146573956252204,0.575040172944234,1.01835720160994,1,1.10107759704543,0.0714585970454329,0.0714585970454329,0.0714585970454329,0.00510633109170155,0.795570458085428,1.39958418174549,1,1.51880004876593,0.0188000487659252,0.0188000487659252,0.0188000487659252,0.000353441833601167,1.47924126760098,1.58011608127994,1,1.78691465981223,-0.0130853401877666,0.0130853401877666,0.0130853401877666,0.000171226127829581,1.74942132265846,1.83131101844407,1
22,"n1000-b1_2-b2_2p5-b3_2p8",1000,7,217,1,1,0.6931472,0.9162907,1.029619,1.5,1.8,1,1.3,0.0639999999999999,323,158,349,170,FALSE,NA,TRUE,NA,0.837590488684266,0.144443288684266,0.144443288684266,0.144443288684266,0.0208638636459262,0.595304037272069,1.08127717527722,1,0.888520297336141,-0.0277704026638586,0.0277704026638586,0.0277704026638586,0.000771195264112842,0.67835713877224,1.1025565648927,1,0.889101563977503,-0.140517436022497,0.140517436022497,0.140517436022497,0.0197451498263364,0.593609404843066,1.18670481176151,1,1.47446855684132,-0.0255314431586802,0.0255314431586802,0.0255314431586802,0.000651854589764916,1.37784086572766,1.61037491275748,1,1.77146474660248,-0.0285352533975183,0.0285352533975183,0.0285352533975183,0.000814260686460579,1.68650478402087,1.88647338361034,1
22,"n1000-b1_2-b2_2p5-b3_2p8",1000,8,218,1,1,0.6931472,0.9162907,1.029619,1.5,1.8,1,1.3,0.0610000000000001,328,187,328,157,FALSE,NA,TRUE,NA,0.505995622923037,-0.187151577076963,0.187151577076963,0.187151577076963,0.0350257128023944,0.270849044400692,0.739959259966117,1,0.878930804956298,-0.0373598950437021,0.0373598950437021,0.0373598950437021,0.00139576175767643,0.667135012232386,1.09402242744031,1,1.28647946305471,0.256860463054708,0.256860463054708,0.256860463054708,0.0659772974806792,0.990620379634299,1.582669906233,1,1.45866797636152,-0.0413320236384811,0.0413320236384811,0.0413320236384811,0.00170833617805196,1.36388807959858,1.51534306500323,1,1.74973977202221,-0.0502602279777928,0.0502602279777928,0.0502602279777928,0.00252609051637971,1.57416409406896,1.81280828269931,1
22,"n1000-b1_2-b2_2p5-b3_2p8",1000,9,219,1,1,0.6931472,0.9162907,1.029619,1.5,1.8,1,1.3,0.0679999999999999,344,173,327,156,FALSE,NA,TRUE,NA,0.743441749953006,0.0502945499530064,0.0502945499530064,0.0502945499530064,0.00252954175497546,0.500744603213357,0.993693772285826,1,0.975604930715697,0.0593142307156974,0.0593142307156974,0.0593142307156974,0.00351817796539498,0.755894922768771,1.20154141497407,1,1.02179038747667,-0.00782861252333023,0.00782861252333023,0.00782861252333023,6.12871740404428e-05,0.721024560985298,1.32214943142151,1,1.48530368858745,-0.014696311412548,0.014696311412548,0.014696311412548,0.000215981569134589,1.43721331182868,1.54749130229334,1,1.78514537304612,-0.0148546269538807,0.0148546269538807,0.0148546269538807,0.00022065994193896,1.71881943372802,1.8517053146281,1
22,"n1000-b1_2-b2_2p5-b3_2p8",1000,10,220,1,1,0.6931472,0.9162907,1.029619,1.5,1.8,1,1.3,0.077,323,178,322,177,FALSE,NA,TRUE,NA,0.610731906940638,-0.082415293059362,0.082415293059362,0.082415293059362,0.00679228053006052,0.380369380299076,0.840669056418533,1,0.771006545858518,-0.145284154141482,0.145284154141482,0.145284154141482,0.021107485444606,0.563309029614091,0.979099119207799,1,1.05782559196696,0.0282065919669583,0.0282065919669583,0.0282065919669583,0.000795611830390476,0.768809399254535,1.34832955586846,1,1.54141630096998,0.0414163009699808,0.0414163009699808,0.0414163009699808,0.00171530998603604,1.48223901858819,1.61726062060022,1,1.79944177821424,-0.000558221785757151,0.000558221785757151,0.000558221785757151,3.11611562093903e-07,1.72716409662119,1.90738866378137,1
23,"n1000-b1_2-b2_2p5-b3_2p8",1000,1,221,1,1,0.6931472,0.9162907,1.029619,1.5,1.8,1,1.3,0.077,328,158,340,174,FALSE,NA,TRUE,NA,0.714340808008382,0.0211936080083819,0.0211936080083819,0.0211936080083819,0.000449169020412949,0.47339390234479,0.955085050522259,1,0.827690096297356,-0.0886006037026444,0.0886006037026444,0.0886006037026444,0.00785006697647305,0.623268477846104,1.03950600694629,1,1.09776301222216,0.0681440122221622,0.0681440122221622,0.0681440122221622,0.00464360640173418,0.80270723551543,1.39528065869775,1,1.5525977982096,0.0525977982096015,0.0525977982096015,0.0525977982096015,0.00276652837649796,1.48734277294176,1.65402320758942,1,1.83534474648422,0.0353447464842198,0.0353447464842198,0.0353447464842198,0.00124925110403377,1.79494040984409,1.92173207975133,1
23,"n1000-b1_2-b2_2p5-b3_2p8",1000,2,222,1,1,0.6931472,0.9162907,1.029619,1.5,1.8,1,1.3,0.069,341,158,349,152,FALSE,NA,TRUE,NA,0.693267394777937,0.000120194777936788,0.000120194777936788,0.000120194777936788,1.44467846432739e-08,0.439633012396089,0.946042098151414,1,0.831296113817374,-0.0849945861826259,0.0849945861826259,0.0849945861826259,0.00722407968035582,0.617242472944789,1.05208755777396,1,1.1281522482661,0.0985332482661008,0.0985332482661008,0.0985332482661008,0.00970880101386905,0.824947642840262,1.43094774697815,1,1.46209890751492,-0.0379010924850816,0.0379010924850816,0.0379010924850816,0.00143649281156271,1.40541002246857,1.52530856058039,1,1.7815338743921,-0.0184661256078993,0.0184661256078993,0.0184661256078993,0.000340997794966714,1.74291594425758,1.84066205938551,1
23,"n1000-b1_2-b2_2p5-b3_2p8",1000,3,223,1,1,0.6931472,0.9162907,1.029619,1.5,1.8,1,1.3,0.076,366,157,314,163,FALSE,NA,TRUE,NA,0.741911144707649,0.0487639447076486,0.0487639447076486,0.0487639447076486,0.00237792230345061,0.494609041012404,0.992050270125709,1,0.89872804032871,-0.0175626596712897,0.0175626596712897,0.0175626596712897,0.000308447014729545,0.680423783261633,1.12659948573792,1,0.971446715779201,-0.0581722842207987,0.0581722842207987,0.0581722842207987,0.00338401465146538,0.670176248576105,1.27569415702861,1,1.56460085704024,0.0646008570402421,0.0646008570402421,0.0646008570402421,0.0041732707303338,1.48986303229638,1.63374772135321,1,1.85989807223316,0.0598980722331586,0.0598980722331586,0.0598980722331586,0.00358777905724868,1.75403270072384,1.92254739930008,1
23,"n1000-b1_2-b2_2p5-b3_2p8",1000,4,224,1,1,0.6931472,0.9162907,1.029619,1.5,1.8,1,1.3,0.075,317,169,355,159,FALSE,NA,TRUE,NA,0.724169395292665,0.0310221952926648,0.0310221952926648,0.0310221952926648,0.000962376600776235,0.481356036871092,0.966629934004722,1,0.767717496883274,-0.148573203116726,0.148573203116726,0.148573203116726,0.0220739966843639,0.558690429109798,0.980648924702462,1,1.07486051377548,0.0452415137754785,0.0452415137754785,0.0452415137754785,0.00204679456869681,0.777476032545138,1.37498076623502,1,1.5170122732545,0.0170122732544973,0.0170122732544973,0.0170122732544973,0.000289417441285683,1.48142609543533,1.60668469008198,1,1.80704581177104,0.00704581177103969,0.00704581177103969,0.00704581177103969,4.96434635129214e-05,1.76783746510794,1.94996603700247,1
23,"n1000-b1_2-b2_2p5-b3_2p8",1000,5,225,1,1,0.6931472,0.9162907,1.029619,1.5,1.8,1,1.3,0.076,305,161,354,180,FALSE,NA,TRUE,NA,0.744713979037411,0.0515667790374115,0.0515667790374115,0.0515667790374115,0.00265913270029322,0.503923322689828,0.981932607651571,1,0.895154533934916,-0.0211361660650844,0.0211361660650844,0.0211361660650844,0.000446737515930825,0.687080452234316,1.1076572177518,1,0.996883268507334,-0.0327357314926656,0.0327357314926656,0.0327357314926656,0.0010716281163599,0.702493131734398,1.28840665651672,1,1.52871033024167,0.0287103302416709,0.0287103302416709,0.0287103302416709,0.000824283062585803,1.47199437884947,1.63295394234897,1,1.8610911507795,0.0610911507795013,0.0610911507795013,0.0610911507795013,0.00373212870356377,1.79624554945021,2.06004265387922,1
23,"n1000-b1_2-b2_2p5-b3_2p8",1000,6,226,1,1,0.6931472,0.9162907,1.029619,1.5,1.8,1,1.3,0.077,318,176,328,178,FALSE,NA,TRUE,NA,0.692450886378997,-0.000696313621002531,0.000696313621002531,0.000696313621002531,4.84852658793657e-07,0.456999306657806,0.934696528339969,1,1.05510948588446,0.138818785884455,0.138818785884455,0.138818785884455,0.0192706553144343,0.842552227023692,1.27224236961667,1,1.02695626174524,-0.00266273825476215,0.00266273825476215,0.00266273825476215,7.0901750133738e-06,0.728035520735237,1.32298179298594,1,1.50041205016252,0.000412050162521549,0.000412050162521549,0.000412050162521549,1.69785336434035e-07,1.48581942129556,1.56515616698022,1,1.80259674449348,0.00259674449348024,0.00259674449348024,0.00259674449348024,6.74308196441995e-06,1.77794914901504,1.91554318450733,1
23,"n1000-b1_2-b2_2p5-b3_2p8",1000,7,227,1,1,0.6931472,0.9162907,1.029619,1.5,1.8,1,1.3,0.084,332,169,319,180,FALSE,NA,TRUE,NA,0.714645195790512,0.0214979957905125,0.0214979957905125,0.0214979957905125,0.000462163823008892,0.479794794617869,0.948301399771631,1,0.879435244035529,-0.0368554559644713,0.0368554559644713,0.0368554559644713,0.00135832463434908,0.672179762760996,1.09111888507792,1,0.995117861070269,-0.0345011389297315,0.0345011389297315,0.0345011389297315,0.00119032858744863,0.70530954751293,1.28748447273775,1,1.5199002890201,0.0199002890200952,0.0199002890200952,0.0199002890200952,0.000396021503083322,1.49650668292708,1.57814742215146,1,1.79199123566956,-0.00800876433043918,0.00800876433043918,0.00800876433043918,6.41403061005149e-05,1.7511057789008,1.8304767808624,1
23,"n1000-b1_2-b2_2p5-b3_2p8",1000,8,228,1,1,0.6931472,0.9162907,1.029619,1.5,1.8,1,1.3,0.075,355,173,304,168,FALSE,NA,TRUE,NA,0.782244457580934,0.089097257580934,0.089097257580934,0.089097257580934,0.0079383213084433,0.545779168061664,1.02070642804298,1,0.973660018260064,0.0573693182600641,0.0573693182600641,0.0573693182600641,0.00329123867762452,0.76113727222682,1.19489740268533,1,0.989886051428216,-0.0397329485717838,0.0397329485717838,0.0397329485717838,0.00157870720220801,0.691233990442458,1.28628888301727,1,1.51635182813425,0.0163518281342496,0.0163518281342496,0.0163518281342496,0.000267382283332038,1.47333194751801,1.55115346127127,1,1.78169751661881,-0.0183024833811887,0.0183024833811887,0.0183024833811887,0.000334980897918688,1.7445994034176,1.81549525772512,1
23,"n1000-b1_2-b2_2p5-b3_2p8",1000,9,229,1,1,0.6931472,0.9162907,1.029619,1.5,1.8,1,1.3,0.07,346,155,336,163,FALSE,NA,TRUE,NA,0.604060353057746,-0.0890868469422543,0.0890868469422543,0.0890868469422543,0.00793646629811265,0.355610675145109,0.851492424628079,1,0.888142971999077,-0.0281477280009226,0.0281477280009226,0.0281477280009226,0.000792294591613921,0.677736579241092,1.10334512498259,1,1.07368333700529,0.0440643370052898,0.0440643370052898,0.0440643370052898,0.00194166579571575,0.771682873813069,1.37539300010628,1,1.53984099591282,0.0398409959128176,0.0398409959128176,0.0398409959128176,0.00158730495532515,1.49641549676616,1.64031453969416,1,1.8136863703596,0.0136863703596011,0.0136863703596011,0.0136863703596011,0.000187316733620167,1.7883949542805,1.85990271932194,1
23,"n1000-b1_2-b2_2p5-b3_2p8",1000,10,230,1,1,0.6931472,0.9162907,1.029619,1.5,1.8,1,1.3,0.0659999999999999,370,146,329,155,FALSE,NA,TRUE,NA,0.691637355719401,-0.00150984428059864,0.00150984428059864,0.00150984428059864,2.27962975165642e-06,0.436505486258479,0.946473907357398,1,0.990830294287008,0.0745395942870076,0.0745395942870076,0.0745395942870076,0.0055561511164717,0.770652500672464,1.21148591709121,1,0.832735858359474,-0.196883141640526,0.196883141640526,0.196883141640526,0.0387629714622433,0.529888259802924,1.1353592689477,1,1.47173808458683,-0.0282619154131729,0.0282619154131729,0.0282619154131729,0.000798735862821341,1.40594402547665,1.55365380021746,1,1.80341426287772,0.00341426287772406,0.00341426287772406,0.00341426287772406,1.16571909982046e-05,1.7261675743129,1.93458538844338,1
24,"n1000-b1_2-b2_2p5-b3_2p8",1000,1,231,1,1,0.6931472,0.9162907,1.029619,1.5,1.8,1,1.3,0.069,324,161,338,177,FALSE,NA,TRUE,NA,0.645997627081174,-0.0471495729188257,0.0471495729188257,0.0471495729188257,0.00222308222642766,0.410127016245994,0.884813140109832,1,0.893182028070503,-0.0231086719294966,0.0231086719294966,0.0231086719294966,0.000534010718345105,0.685617506696468,1.10415264067052,1,1.10188143571881,0.0722624357188115,0.0722624357188115,0.0722624357188115,0.00522185961601537,0.807515911209486,1.39367188080356,1,1.5051286137941,0.00512861379409912,0.00512861379409912,0.00512861379409912,2.63026794490238e-05,1.45767358900509,1.62943140322662,1,1.82548416696696,0.0254841669669579,0.0254841669669579,0.0254841669669579,0.000649442765999787,1.76874948560968,1.92315668529217,1
24,"n1000-b1_2-b2_2p5-b3_2p8",1000,2,232,1,1,0.6931472,0.9162907,1.029619,1.5,1.8,1,1.3,0.0679999999999999,352,160,333,155,FALSE,NA,TRUE,NA,0.64309941985634,-0.0500477801436598,0.0500477801436598,0.0500477801436598,0.00250478029730811,0.396603296252512,0.886073558792882,1,0.73915438419592,-0.17713631580408,0.17713631580408,0.17713631580408,0.0313772743766428,0.526764440703407,0.955421362972222,1,1.17495206581482,0.145333065814822,0.145333065814822,0.145333065814822,0.0211217000191354,0.873041742025524,1.4764774537193,1,1.51521521848828,0.0152152184882779,0.0152152184882779,0.0152152184882779,0.000231502873646033,1.48147899147632,1.56429474490679,1,1.80037046254679,0.000370462546788408,0.000370462546788408,0.000370462546788408,1.37242498572954e-07,1.75032338902781,1.89453486020091,1
24,"n1000-b1_2-b2_2p5-b3_2p8",1000,3,233,1,1,0.6931472,0.9162907,1.029619,1.5,1.8,1,1.3,0.0639999999999999,350,153,316,181,FALSE,NA,TRUE,NA,0.697214089253307,0.00406688925330734,0.00406688925330734,0.00406688925330734,1.65395881986667e-05,0.463479215505614,0.929997943776484,1,0.875760563331415,-0.0405301366685852,0.0405301366685852,0.0405301366685852,0.00164269197837419,0.67001552576256,1.08046977181195,1,1.10196479244783,0.0723457924478268,0.0723457924478268,0.0723457924478268,0.00523391368490403,0.813755810536947,1.39806731637683,1,1.50043014664564,0.000430146645635343,0.000430146645635343,0.000430146645635343,1.85026136751337e-07,1.43435659938992,1.55643379102196,1,1.80497066363234,0.00497066363234167,0.00497066363234167,0.00497066363234167,2.4707496945884e-05,1.74782653412866,1.8570739190351,1
24,"n1000-b1_2-b2_2p5-b3_2p8",1000,4,234,1,1,0.6931472,0.9162907,1.029619,1.5,1.8,1,1.3,0.0570000000000001,330,182,320,168,FALSE,NA,TRUE,NA,0.763059899618646,0.0699126996186461,0.0699126996186461,0.0699126996186461,0.00488778556796704,0.532351825495192,0.997754317828904,1,1.00419464273074,0.0879039427307393,0.0879039427307393,0.0879039427307393,0.0077271031476091,0.787177250386285,1.22223282963779,1,0.821913168883776,-0.207705831116224,0.207705831116224,0.207705831116224,0.0431417122796813,0.533097004189935,1.10819495190778,1,1.50632089580254,0.00632089580254291,0.00632089580254291,0.00632089580254291,3.99537237466046e-05,1.44462344911785,1.63300598202183,1,1.76790583307329,-0.032094166926707,0.032094166926707,0.032094166926707,0.00103003555071933,1.70207922977438,1.8540696083196,1
24,"n1000-b1_2-b2_2p5-b3_2p8",1000,5,235,1,1,0.6931472,0.9162907,1.029619,1.5,1.8,1,1.3,0.0620000000000001,316,168,341,175,FALSE,NA,TRUE,NA,0.613059733055101,-0.0800874669448989,0.0800874669448989,0.0800874669448989,0.00641400236165027,0.377337597310124,0.844747382351039,1,0.847753932601019,-0.0685367673989806,0.0685367673989806,0.0685367673989806,0.00469728848550197,0.644288582079943,1.05706584480239,1,1.07241982826828,0.0428008282682768,0.0428008282682768,0.0428008282682768,0.00183191090045052,0.779245695647428,1.36225447844626,1,1.47971410405964,-0.0202858959403647,0.0202858959403647,0.0202858959403647,0.000411517574103304,1.42336180493491,1.60468860489555,1,1.87086217650006,0.0708621765000568,0.0708621765000568,0.0708621765000568,0.0050214480583252,1.78016707128336,2.09944271645806,1
24,"n1000-b1_2-b2_2p5-b3_2p8",1000,6,236,1,1,0.6931472,0.9162907,1.029619,1.5,1.8,1,1.3,0.0669999999999999,362,164,314,160,FALSE,NA,TRUE,NA,0.865150886062157,0.172003686062157,0.172003686062157,0.172003686062157,0.029585268018969,0.619210129514519,1.11451640179296,1,1.14919952269499,0.232908822694986,0.232908822694986,0.232908822694986,0.0542465196891642,0.931360153202668,1.37274663985206,0,0.824570137838756,-0.205048862161244,0.205048862161244,0.205048862161244,0.0420450358736207,0.523506772224045,1.12577587187688,1,1.5617822159418,0.0617822159417964,0.0617822159417964,0.0617822159417964,0.00381704220667877,1.41540986303333,1.80855188161068,1,1.8360085262102,0.0360085262102001,0.0360085262102001,0.0360085262102001,0.00129661395983067,1.76171832102418,1.97299533158149,1
24,"n1000-b1_2-b2_2p5-b3_2p8",1000,7,237,1,1,0.6931472,0.9162907,1.029619,1.5,1.8,1,1.3,0.093,345,173,320,162,FALSE,NA,TRUE,NA,0.642035283170199,-0.0511119168298007,0.0511119168298007,0.0511119168298007,0.00261242804201646,0.398575109187916,0.893203155587244,1,0.917127101302508,0.00083640130250795,0.00083640130250795,0.00083640130250795,6.99567138836995e-07,0.694476468574932,1.14525224375634,1,1.12868567070352,0.0990666707035193,0.0990666707035193,0.0990666707035193,0.00981420524427952,0.818310649637387,1.43026436784144,1,1.50937183858444,0.00937183858444257,0.00937183858444257,0.00937183858444257,8.78313584528465e-05,1.47016082677793,1.5722114724698,1,1.79919352415951,-0.000806475840488874,0.000806475840488874,0.000806475840488874,6.50403281292236e-07,1.74994532066713,1.87075365455612,1
24,"n1000-b1_2-b2_2p5-b3_2p8",1000,8,238,1,1,0.6931472,0.9162907,1.029619,1.5,1.8,1,1.3,0.07,352,181,312,155,FALSE,NA,TRUE,NA,0.704069442075069,0.0109222420750693,0.0109222420750693,0.0109222420750693,0.000119295371946414,0.463119086748964,0.947884211066245,1,0.900211234387159,-0.0160794656128406,0.0160794656128406,0.0160794656128406,0.000258549214394522,0.673566504431891,1.13136529326283,1,1.11299707296319,0.0833780729631892,0.0833780729631892,0.0833780729631892,0.0069519030510549,0.81168139648869,1.41399693117341,1,1.53297736475582,0.0329773647558163,0.0329773647558163,0.0329773647558163,0.00108750658623815,1.43544830401478,1.62736536219349,1,1.8108112396971,0.010811239697101,0.010811239697101,0.010811239697101,0.000116882903788172,1.75124436303424,1.87175327913837,1
24,"n1000-b1_2-b2_2p5-b3_2p8",1000,9,239,1,1,0.6931472,0.9162907,1.029619,1.5,1.8,1,1.3,0.078,343,165,334,158,FALSE,NA,TRUE,NA,0.664740647108451,-0.0284065528915487,0.0284065528915487,0.0284065528915487,0.000806932247180354,0.417499276376339,0.911208034710124,1,0.92294777917961,0.00665707917960989,0.00665707917960989,0.00665707917960989,4.43167032035955e-05,0.709261161208861,1.145929995351,1,1.17619273726356,0.146573737263558,0.146573737263558,0.146573737263558,0.0214838604554067,0.872333713119096,1.48110709094983,1,1.53204975341066,0.0320497534106636,0.0320497534106636,0.0320497534106636,0.00102718669368434,1.43895186582217,1.72984888514355,1,1.78837856549602,-0.0116214345039758,0.0116214345039758,0.0116214345039758,0.000135057739930199,1.69511370942176,1.96341464686798,1
24,"n1000-b1_2-b2_2p5-b3_2p8",1000,10,240,1,1,0.6931472,0.9162907,1.029619,1.5,1.8,1,1.3,0.0620000000000001,331,151,344,174,FALSE,NA,TRUE,NA,0.678969975153187,-0.0141772248468127,0.0141772248468127,0.0141772248468127,0.000200993704357084,0.436895151792945,0.920453205268797,1,0.876691885109155,-0.0395988148908452,0.0395988148908452,0.0395988148908452,0.00156806614075942,0.67139143760908,1.0885581906761,1,0.998813056746919,-0.0308059432530814,0.0308059432530814,0.0308059432530814,0.000949006139712071,0.705791397044915,1.29460433462645,1,1.47046863495029,-0.0295313650497111,0.0295313650497111,0.0295313650497111,0.000872101521699298,1.44240160428173,1.52560250269335,1,1.74182599563563,-0.0581740043643655,0.0581740043643655,0.0581740043643655,0.00338421478378521,1.68588055914822,1.80751185127354,1
25,"n1000-b1_2-b2_2p5-b3_2p8",1000,1,241,1,1,0.6931472,0.9162907,1.029619,1.5,1.8,1,1.3,0.0679999999999999,297,179,350,174,FALSE,NA,TRUE,NA,0.779577895121268,0.0864306951212684,0.0864306951212684,0.0864306951212684,0.00747026505914566,0.549269436237888,1.00957340139043,1,1.09019406644906,0.173903366449056,0.173903366449056,0.173903366449056,0.0302423808623147,0.878743293499596,1.30090702977002,1,1.02373710545204,-0.00588189454796462,0.00588189454796462,0.00588189454796462,3.45966834733759e-05,0.728261990175265,1.31729884899841,1,1.56478922577438,0.0647892257743772,0.0647892257743772,0.0647892257743772,0.00419764377644322,1.50967969973992,1.61404122735758,0,1.87493497932782,0.0749349793278182,0.0749349793278182,0.0749349793278182,0.00561525112686055,1.851051029239,1.91735702677283,0
25,"n1000-b1_2-b2_2p5-b3_2p8",1000,2,242,1,1,0.6931472,0.9162907,1.029619,1.5,1.8,1,1.3,0.0679999999999999,372,185,292,151,FALSE,NA,TRUE,NA,0.764398255076607,0.0712510550766072,0.0712510550766072,0.0712510550766072,0.00507671284952972,0.520661026004892,1.01054893391509,1,1.01940332774347,0.103112627743471,0.103112627743471,0.103112627743471,0.0106322140001636,0.79100482709081,1.2502397372904,1,1.03889705516538,0.0092780551653795,0.0092780551653795,0.0092780551653795,8.60823076518251e-05,0.736001318097837,1.33515938895652,1,1.46327801992639,-0.03672198007361,0.03672198007361,0.03672198007361,0.00134850382052661,1.40011198711212,1.53496503174668,1,1.86065768243362,0.0606576824336165,0.0606576824336165,0.0606576824336165,0.00367935443821746,1.78815662571087,1.93271036506349,1
25,"n1000-b1_2-b2_2p5-b3_2p8",1000,3,243,1,1,0.6931472,0.9162907,1.029619,1.5,1.8,1,1.3,0.081,373,159,314,154,FALSE,NA,TRUE,NA,0.700257318961004,0.00711011896100411,0.00711011896100411,0.00711011896100411,5.05537916396301e-05,0.447963232803167,0.951428466760014,1,0.872391481076504,-0.0438992189234962,0.0438992189234962,0.0438992189234962,0.00192714142209305,0.65254104544359,1.0946494315272,1,1.01956348916546,-0.010055510834543,0.010055510834543,0.010055510834543,0.000101113298143612,0.719540797328945,1.32184204087086,1,1.51158321864401,0.0115832186440066,0.0115832186440066,0.0115832186440066,0.000134170954154862,1.46424733461392,1.5492501737631,1,1.80683902595722,0.00683902595721886,0.00683902595721886,0.00683902595721886,4.67722760435133e-05,1.6721664404817,1.87903418439086,1
25,"n1000-b1_2-b2_2p5-b3_2p8",1000,4,244,1,1,0.6931472,0.9162907,1.029619,1.5,1.8,1,1.3,0.0659999999999999,328,172,335,165,FALSE,NA,TRUE,NA,0.705440589276155,0.0122933892761548,0.0122933892761548,0.0122933892761548,0.000151127419895077,0.47098975188802,0.941564828637536,1,1.0023318714343,0.0860411714343037,0.0860411714343037,0.0860411714343037,0.00740308318178723,0.790139215399985,1.22144797025968,1,0.858411441646083,-0.171207558353917,0.171207558353917,0.171207558353917,0.0293120280375098,0.566759160813692,1.14585578547432,1,1.5716770339382,0.0716770339381991,0.0716770339381991,0.0716770339381991,0.00513759719417775,1.48485888615115,1.69928542474555,1,1.82427760252367,0.0242776025236664,0.0242776025236664,0.0242776025236664,0.000589401984297133,1.75562360160596,1.95476795726549,1
25,"n1000-b1_2-b2_2p5-b3_2p8",1000,5,245,1,1,0.6931472,0.9162907,1.029619,1.5,1.8,1,1.3,0.0629999999999999,361,164,345,130,FALSE,NA,TRUE,NA,0.836671426212537,0.143524226212537,0.143524226212537,0.143524226212537,0.0205992035099074,0.575680561785515,1.0985290921844,1,1.03698183521292,0.120691135212919,0.120691135212919,0.120691135212919,0.0145663501189831,0.794489051723701,1.28376164780813,1,0.782122600743626,-0.247496399256374,0.247496399256374,0.247496399256374,0.0612544676448707,0.470206570605705,1.09560872509777,1,1.49093035891944,-0.00906964108055996,0.00906964108055996,0.00906964108055996,8.22583893301809e-05,1.43039294539122,1.54202643260606,1,1.8087780142524,0.00877801425240277,0.00877801425240277,0.00877801425240277,7.70535342153861e-05,1.77313646213193,1.86601681005125,1
25,"n1000-b1_2-b2_2p5-b3_2p8",1000,6,246,1,1,0.6931472,0.9162907,1.029619,1.5,1.8,1,1.3,0.083,349,174,312,165,FALSE,NA,TRUE,NA,0.835460871783706,0.142313671783706,0.142313671783706,0.142313671783706,0.0202531811765605,0.596004867498267,1.08107870792957,1,1.02512440855933,0.108833708559328,0.108833708559328,0.108833708559328,0.0118447761187767,0.804363260427373,1.25051986324287,1,0.899245393145905,-0.130373606854095,0.130373606854095,0.130373606854095,0.0169972773641461,0.600478113123761,1.19827093695753,1,1.48465803867439,-0.0153419613256061,0.0153419613256061,0.0153419613256061,0.000235375777316392,1.44007341840929,1.53554323641516,1,1.75699700900226,-0.043002990997741,0.043002990997741,0.043002990997741,0.00184925723475179,1.72078473396396,1.79401828764578,0
25,"n1000-b1_2-b2_2p5-b3_2p8",1000,7,247,1,1,0.6931472,0.9162907,1.029619,1.5,1.8,1,1.3,0.055,331,165,333,171,FALSE,NA,TRUE,NA,0.575076424937554,-0.118070775062446,0.118070775062446,0.118070775062446,0.0139407079238468,0.344184672271532,0.809241989461208,1,0.835799950340437,-0.080490749659563,0.080490749659563,0.080490749659563,0.00647876078075845,0.630874303171149,1.0455158338856,1,1.03001958217048,0.000400582170484887,0.000400582170484887,0.000400582170484887,1.60466075310383e-07,0.741272303285912,1.31551168388259,1,1.50845206411958,0.00845206411958044,0.00845206411958044,0.00845206411958044,7.1437387881499e-05,1.45671337713871,1.58089475192639,1,1.88941587969867,0.0894158796986748,0.0894158796986748,0.0894158796986748,0.00799519954228789,1.79422787533453,1.99638078158165,1
25,"n1000-b1_2-b2_2p5-b3_2p8",1000,8,248,1,1,0.6931472,0.9162907,1.029619,1.5,1.8,1,1.3,0.08,325,195,334,146,FALSE,NA,TRUE,NA,0.752578875437396,0.0594316754373957,0.0594316754373957,0.0594316754373957,0.00353212404529594,0.505292084494134,1.00063934320408,1,0.981639838854271,0.0653491388542714,0.0653491388542714,0.0653491388542714,0.00427050994899484,0.755376805586753,1.21267288855074,1,1.04273295230883,0.0131139523088339,0.0131139523088339,0.0131139523088339,0.000171975745158371,0.734787900533497,1.34593249577128,1,1.50751325815125,0.00751325815125048,0.00751325815125048,0.00751325815125048,5.64490480473318e-05,1.46932456021953,1.60883937605694,1,1.79833975257304,-0.00166024742696469,0.00166024742696469,0.00166024742696469,2.75642151874287e-06,1.75924315046603,1.87274291363588,1
25,"n1000-b1_2-b2_2p5-b3_2p8",1000,9,249,1,1,0.6931472,0.9162907,1.029619,1.5,1.8,1,1.3,0.079,301,192,326,181,FALSE,NA,TRUE,NA,0.628685795178705,-0.0644614048212954,0.0644614048212954,0.0644614048212954,0.00415527271153492,0.402811623147804,0.857230539750645,1,0.949816189570754,0.0335254895707539,0.0335254895707539,0.0335254895707539,0.00112395845095873,0.744631093637918,1.16098899370097,1,1.0751401340317,0.0455211340317008,0.0455211340317008,0.0455211340317008,0.00207217364353207,0.78984386865099,1.36213511012689,1,1.53648417596455,0.0364841759645496,0.0364841759645496,0.0364841759645496,0.00133109509581222,1.49110250406046,1.60676081328749,1,1.87439009607824,0.074390096078244,0.074390096078244,0.074390096078244,0.00553388639453037,1.75483190366939,1.97498791211041,1
25,"n1000-b1_2-b2_2p5-b3_2p8",1000,10,250,1,1,0.6931472,0.9162907,1.029619,1.5,1.8,1,1.3,0.0649999999999999,338,187,313,162,FALSE,NA,TRUE,NA,0.531304488000072,-0.161842711999928,0.161842711999928,0.161842711999928,0.0261930634274915,0.298932940079052,0.764707513153083,1,0.859364589912454,-0.0569261100875459,0.0569261100875459,0.0569261100875459,0.00324058200969939,0.647866219160385,1.07718794946356,1,1.13695879742242,0.107339797422416,0.107339797422416,0.107339797422416,0.0115218321106853,0.842806887293377,1.42801798233481,1,1.51645465806611,0.0164546580661051,0.0164546580661051,0.0164546580661051,0.000270755772072439,1.48064877447665,1.56403081815169,1,1.81530986133256,0.0153098613325562,0.0153098613325562,0.0153098613325562,0.000234391854022099,1.70762374142371,1.87900866190577,1
26,"n1000-b1_2-b2_2p5-b3_2p8",1000,1,251,1,1,0.6931472,0.9162907,1.029619,1.5,1.8,1,1.3,0.053,353,163,328,156,FALSE,NA,TRUE,NA,0.64116129258775,-0.0519859074122496,0.0519859074122496,0.0519859074122496,0.00270253456947499,0.398252814508372,0.889805181718274,1,0.933459643019632,0.0171689430196317,0.0171689430196317,0.0171689430196317,0.000294772604411359,0.722170017076905,1.15230632778227,1,1.22284972922612,0.193230729226118,0.193230729226118,0.193230729226118,0.0373381147172574,0.915994198721809,1.52443555240052,1,1.50084027419708,0.000840274197083879,0.000840274197083879,0.000840274197083879,7.06060726284957e-07,1.45997937291885,1.56989785469558,1,1.80879938015271,0.00879938015271042,0.00879938015271042,0.00879938015271042,7.74290910719141e-05,1.78140078861528,1.84994266609253,1
26,"n1000-b1_2-b2_2p5-b3_2p8",1000,2,252,1,1,0.6931472,0.9162907,1.029619,1.5,1.8,1,1.3,0.077,328,174,326,172,FALSE,NA,TRUE,NA,0.768310833676722,0.075163633676722,0.075163633676722,0.075163633676722,0.00564957182748845,0.536459596551144,1.00177697075814,1,0.824979602246082,-0.0913110977539181,0.0913110977539181,0.0913110977539181,0.00833771657302559,0.614568667305756,1.03615533689103,1,1.08904068285743,0.0594216828574319,0.0594216828574319,0.0594216828574319,0.00353093639360921,0.794083394989885,1.38727824989368,1,1.50359573888164,0.003595738881639,0.003595738881639,0.003595738881639,1.29293381049305e-05,1.47339356215288,1.59701837216664,1,1.8003995703664,0.000399570366402369,0.000399570366402369,0.000399570366402369,1.59656477706923e-07,1.76013838672845,1.88049490012778,1
26,"n1000-b1_2-b2_2p5-b3_2p8",1000,3,253,1,1,0.6931472,0.9162907,1.029619,1.5,1.8,1,1.3,0.08,334,172,327,167,FALSE,NA,TRUE,NA,0.753088799777255,0.0599415997772546,0.0599415997772546,0.0599415997772546,0.00359299538385656,0.513235681168384,0.989762885824487,1,0.853435092429054,-0.0628556075709462,0.0628556075709462,0.0628556075709462,0.00395082740311279,0.639547468146888,1.07127275117461,1,0.810071443865618,-0.219547556134382,0.219547556134382,0.219547556134382,0.0482011294045795,0.518631969390015,1.10004307817181,1,1.46275439502279,-0.0372456049772065,0.0372456049772065,0.0372456049772065,0.00138723509011811,1.4121537853426,1.5432509882385,1,1.78228079293366,-0.0177192070663443,0.0177192070663443,0.0177192070663443,0.000313970299059987,1.74211368359361,1.85355627110593,1
26,"n1000-b1_2-b2_2p5-b3_2p8",1000,4,254,1,1,0.6931472,0.9162907,1.029619,1.5,1.8,1,1.3,0.0669999999999999,318,151,350,181,FALSE,NA,TRUE,NA,0.811227951523217,0.118080751523217,0.118080751523217,0.118080751523217,0.0139430638802877,0.565765186537013,1.05609368425139,1,0.894597817322754,-0.0216928826772457,0.0216928826772457,0.0216928826772457,0.000470581158848745,0.691837851232575,1.10254704571708,1,0.901733726994659,-0.127885273005341,0.127885273005341,0.127885273005341,0.0163546430516505,0.606666506953038,1.20046051492921,1,1.48118218029365,-0.0188178197063502,0.0188178197063502,0.0188178197063502,0.000354110338500702,1.44423174950163,1.54782872028241,1,1.7586654719374,-0.0413345280626036,0.0413345280626036,0.0413345280626036,0.00170854321015817,1.67956519331155,1.88770912389052,1
26,"n1000-b1_2-b2_2p5-b3_2p8",1000,5,255,1,1,0.6931472,0.9162907,1.029619,1.5,1.8,1,1.3,0.071,328,180,320,172,FALSE,NA,TRUE,NA,0.754495777356747,0.0613485773567468,0.0613485773567468,0.0613485773567468,0.00376364794369675,0.526343115885481,0.988874397992266,1,1.01607274269423,0.0997820426942284,0.0997820426942284,0.0997820426942284,0.00995645604423282,0.801177650082991,1.23810250790235,1,0.784098692201105,-0.245520307798895,0.245520307798895,0.245520307798895,0.0602802215416641,0.494783455392054,1.07624787510058,1,1.58494459977761,0.0849445997776073,0.0849445997776073,0.0849445997776073,0.00721558503137788,1.48457528021557,1.7142485099606,1,1.81318266909198,0.0131826690919821,0.0131826690919821,0.0131826690919821,0.000173782764388699,1.75884196351685,1.89908557840699,1
26,"n1000-b1_2-b2_2p5-b3_2p8",1000,6,256,1,1,0.6931472,0.9162907,1.029619,1.5,1.8,1,1.3,0.083,345,186,312,157,FALSE,NA,TRUE,NA,0.765299022336178,0.0721518223361785,0.0721518223361785,0.0721518223361785,0.00520588546643146,0.51872147479031,1.01180696577415,1,0.978496198428516,0.0622054984285159,0.0622054984285159,0.0622054984285159,0.00386952403474009,0.752268168374557,1.20664766426914,1,1.1104443130282,0.0808253130282042,0.0808253130282042,0.0808253130282042,0.00653273122610719,0.805573411432593,1.42026126746711,1,1.60234607919539,0.102346079195389,0.102346079195389,0.102346079195389,0.0104747199266688,1.51560929769165,1.70805678423008,0,1.86789110747568,0.0678911074756836,0.0678911074756836,0.0678911074756836,0.00460920247427482,1.78583887496879,1.99233667173451,1
26,"n1000-b1_2-b2_2p5-b3_2p8",1000,7,257,1,1,0.6931472,0.9162907,1.029619,1.5,1.8,1,1.3,0.077,330,180,335,155,FALSE,NA,TRUE,NA,1.15355734226982,0.460410142269817,0.460410142269817,0.460410142269817,0.211977499104913,0.887768709076165,1.42309242617009,0,1.30075370356651,0.384463003566513,0.384463003566513,0.384463003566513,0.147811801111385,1.05967503181395,1.55136242703013,0,0.566314741478082,-0.463304258521918,0.463304258521918,0.463304258521918,0.214650835964545,0.257421236909825,0.879513550713524,0,1.46373331979452,-0.0362666802054803,0.0362666802054803,0.0362666802054803,0.00131527209312658,1.41675967161746,1.56618756841845,1,1.84794211725936,0.0479421172593641,0.0479421172593641,0.0479421172593641,0.00229844660731062,1.79662886676043,1.92047522316759,1
26,"n1000-b1_2-b2_2p5-b3_2p8",1000,8,258,1,1,0.6931472,0.9162907,1.029619,1.5,1.8,1,1.3,0.071,330,167,342,161,FALSE,NA,TRUE,NA,0.541711402090844,-0.151435797909156,0.151435797909156,0.151435797909156,0.0229328008883826,0.30311611805371,0.786059670687394,1,0.757400583049719,-0.158890116950281,0.158890116950281,0.158890116950281,0.0252460692644741,0.546502932609252,0.971696275713562,1,1.35003930010088,0.320420300100881,0.320420300100881,0.320420300100881,0.102669168716738,1.04235360083205,1.64879491761017,0,1.53960117642122,0.0396011764212201,0.0396011764212201,0.0396011764212201,0.0015682531739446,1.49099101836483,1.63098083103579,1,1.86446818936381,0.0644681893638146,0.0644681893638146,0.0644681893638146,0.00415614743984866,1.78806064190731,2.00506279040104,1
26,"n1000-b1_2-b2_2p5-b3_2p8",1000,9,259,1,1,0.6931472,0.9162907,1.029619,1.5,1.8,1,1.3,0.078,327,150,358,165,FALSE,NA,TRUE,NA,0.966715805886586,0.273568605886586,0.273568605886586,0.273568605886586,0.0748397821267305,0.713296314838849,1.22263082010891,0,0.992169349883281,0.0758786498832809,0.0758786498832809,0.0758786498832809,0.00575756950810952,0.773784231627492,1.21704834738967,1,0.781968937141841,-0.247650062858159,0.247650062858159,0.247650062858159,0.0613305536336503,0.475341226561479,1.08577061731149,1,1.54917831075553,0.0491783107555324,0.0491783107555324,0.0491783107555324,0.00241850624876771,1.47926756883551,1.61166606882022,1,1.78470168021372,-0.0152983197862784,0.0152983197862784,0.0152983197862784,0.000234038588283237,1.71037912574016,1.87277435816708,1
26,"n1000-b1_2-b2_2p5-b3_2p8",1000,10,260,1,1,0.6931472,0.9162907,1.029619,1.5,1.8,1,1.3,0.069,332,178,327,163,FALSE,NA,TRUE,NA,0.484926745270197,-0.208220454729803,0.208220454729803,0.208220454729803,0.043355757767886,0.254179619459911,0.718727691447684,1,0.908762007047059,-0.00752869295294056,0.00752869295294056,0.00752869295294056,5.66812175796569e-05,0.700271030283937,1.12828388381376,1,1.15258910775021,0.122970107750208,0.122970107750208,0.122970107750208,0.0151216474000977,0.857389060230157,1.43809659075827,1,1.53004985484475,0.0300498548447492,0.0300498548447492,0.0300498548447492,0.000902993776190497,1.48258457354025,1.59282895376545,1,1.83648783444888,0.0364878344488757,0.0364878344488757,0.0364878344488757,0.00133136206276856,1.79126685606811,1.89500663835837,1
27,"n1000-b1_2-b2_2p5-b3_2p8",1000,1,261,1,1,0.6931472,0.9162907,1.029619,1.5,1.8,1,1.3,0.0669999999999999,342,156,338,164,FALSE,NA,TRUE,NA,0.784711958366567,0.0915647583665675,0.0915647583665675,0.0915647583665675,0.0083841049747279,0.542552744341597,1.02860190105416,1,1.03341716092441,0.117126460924406,0.117126460924406,0.117126460924406,0.0137186078486764,0.820838628231309,1.25115559085998,1,0.826495012895893,-0.203123987104107,0.203123987104107,0.203123987104107,0.0412593541370695,0.526026640438538,1.12117007647367,1,1.54886646334255,0.0488664633425453,0.0488664633425453,0.0488664633425453,0.00238793123960832,1.4791861014989,1.7268203529448,1,1.83968423329281,0.0396842332928138,0.0396842332928138,0.0396842332928138,0.00157483837203847,1.74483317401675,1.99624231712273,1
27,"n1000-b1_2-b2_2p5-b3_2p8",1000,2,262,1,1,0.6931472,0.9162907,1.029619,1.5,1.8,1,1.3,0.0610000000000001,344,174,333,149,FALSE,NA,TRUE,NA,0.658678632204926,-0.0344685677950741,0.0344685677950741,0.0344685677950741,0.00118808216584362,0.420477955817339,0.90053758886759,1,0.889636376259667,-0.0266543237403329,0.0266543237403329,0.0266543237403329,0.000710452974054476,0.673726565350015,1.10692634654787,1,1.08916402056158,0.0595450205615848,0.0595450205615848,0.0595450205615848,0.00354560947367956,0.789482338930745,1.38652456034257,1,1.50192851139185,0.00192851139184858,0.00192851139184858,0.00192851139184858,3.71915618848973e-06,1.4642711277203,1.5409955385256,1,1.79528058822773,-0.00471941177227131,0.00471941177227131,0.00471941177227131,2.2272847476253e-05,1.7527168289748,1.84822449659654,1
27,"n1000-b1_2-b2_2p5-b3_2p8",1000,3,263,1,1,0.6931472,0.9162907,1.029619,1.5,1.8,1,1.3,0.07,331,165,334,170,FALSE,NA,TRUE,NA,0.680580170251405,-0.0125670297485945,0.0125670297485945,0.0125670297485945,0.000157930236702058,0.441028379957709,0.922194195706721,1,0.80899225856763,-0.10729844143237,0.10729844143237,0.10729844143237,0.0115129555338157,0.594839207699771,1.02197530152271,1,1.23929966998115,0.209680669981154,0.209680669981154,0.209680669981154,0.0439659833637454,0.938772267965214,1.53927893924795,1,1.44951736649679,-0.0504826335032142,0.0504826335032142,0.0504826335032142,0.00254849628541985,1.33085592039644,1.53223643271291,1,1.77047978634704,-0.0295202136529622,0.0295202136529622,0.0295202136529622,0.000871443014116536,1.66971144453024,1.87397179604077,1
27,"n1000-b1_2-b2_2p5-b3_2p8",1000,4,264,1,1,0.6931472,0.9162907,1.029619,1.5,1.8,1,1.3,0.075,323,157,343,177,FALSE,NA,TRUE,NA,0.865796205678827,0.172649005678827,0.172649005678827,0.172649005678827,0.0298076791618875,0.627223452673679,1.10586517482395,1,0.905981363950621,-0.0103093360493793,0.0103093360493793,0.0103093360493793,0.000106282409779032,0.695282092103728,1.12263906616167,1,0.900597946174715,-0.129021053825285,0.129021053825285,0.129021053825285,0.0166464323301871,0.606869912661736,1.19433411383472,1,1.50442984380942,0.00442984380942302,0.00442984380942302,0.00442984380942302,1.96235161758834e-05,1.46777721644397,1.55220905336516,1,1.80178216297323,0.00178216297323441,0.00178216297323441,0.00178216297323441,3.17610486316773e-06,1.76022336304341,1.84247053978639,1
27,"n1000-b1_2-b2_2p5-b3_2p8",1000,5,265,1,1,0.6931472,0.9162907,1.029619,1.5,1.8,1,1.3,0.095,318,187,316,179,FALSE,NA,TRUE,NA,0.548768422569487,-0.144378777430513,0.144378777430513,0.144378777430513,0.0208452313723295,0.319742017050107,0.777558284601716,1,0.766121162602299,-0.150169537397701,0.150169537397701,0.150169537397701,0.0225508899622396,0.556559785238494,0.980258673607697,1,1.34039989875231,0.31078089875231,0.31078089875231,0.31078089875231,0.0965847670292934,1.0381995763382,1.64037490005072,0,1.49863397675931,-0.0013660232406858,0.0013660232406858,0.0013660232406858,1.86601949409373e-06,1.39038783512667,1.55048838383047,1,1.80884097121047,0.00884097121046534,0.00884097121046534,0.00884097121046534,7.8162771944277e-05,1.71495055176263,1.88038979057854,1
27,"n1000-b1_2-b2_2p5-b3_2p8",1000,6,266,1,1,0.6931472,0.9162907,1.029619,1.5,1.8,1,1.3,0.082,325,156,359,160,FALSE,NA,TRUE,NA,0.795300406252824,0.102153206252824,0.102153206252824,0.102153206252824,0.010435277547732,0.533811216437132,1.0541320156317,1,1.1618799889444,0.2455892889444,0.2455892889444,0.2455892889444,0.060314098844216,0.937019877090269,1.38905765524883,0,0.870007408392023,-0.159611591607977,0.159611591607977,0.159611591607977,0.0254758601756315,0.563428352013307,1.17849198365038,1,1.48123705595839,-0.0187629440416139,0.0187629440416139,0.0187629440416139,0.000352048069108736,1.43962063457063,1.53530833786549,1,1.79620984978062,-0.00379015021937557,0.00379015021937557,0.00379015021937557,1.43652386854326e-05,1.72972210275892,1.86134693828254,1
27,"n1000-b1_2-b2_2p5-b3_2p8",1000,7,267,1,1,0.6931472,0.9162907,1.029619,1.5,1.8,1,1.3,0.076,332,157,335,176,FALSE,NA,TRUE,NA,0.83216376514493,0.13901656514493,0.13901656514493,0.13901656514493,0.0193256053846945,0.584197931490722,1.08337164444758,1,0.976130183914416,0.0598394839144156,0.0598394839144156,0.0598394839144156,0.00358076383514361,0.759125420850646,1.19889834670338,1,0.901585455035302,-0.128033544964699,0.128033544964699,0.128033544964699,0.0163925886362275,0.595523890515912,1.20120836416354,1,1.5385931980187,0.0385931980187033,0.0385931980187033,0.0385931980187033,0.00148943493331085,1.45327865268527,1.68136290295023,1,1.85304364605488,0.0530436460548758,0.0530436460548758,0.0530436460548758,0.00281362838679494,1.77771976893264,1.96531444192464,1
27,"n1000-b1_2-b2_2p5-b3_2p8",1000,8,268,1,1,0.6931472,0.9162907,1.029619,1.5,1.8,1,1.3,0.073,347,176,320,157,FALSE,NA,TRUE,NA,0.602026025718637,-0.0911211742813633,0.0911211742813633,0.0911211742813633,0.00830306840241459,0.357462552100595,0.840342639896183,1,0.85965939064843,-0.0566313093515696,0.0566313093515696,0.0566313093515696,0.00320710519887317,0.642067827686616,1.07779374103972,1,1.22421972028117,0.194600720281169,0.194600720281169,0.194600720281169,0.0378694403339496,0.92221649858385,1.52309236707023,1,1.48088172944177,-0.0191182705582289,0.0191182705582289,0.0191182705582289,0.000365508269137642,1.44608217822871,1.51911447352784,1,1.79382764813465,-0.00617235186534759,0.00617235186534759,0.00617235186534759,3.80979275496599e-05,1.75566834346771,1.83258269147803,1
27,"n1000-b1_2-b2_2p5-b3_2p8",1000,9,269,1,1,0.6931472,0.9162907,1.029619,1.5,1.8,1,1.3,0.0649999999999999,341,170,326,163,FALSE,NA,TRUE,NA,0.653012988660954,-0.0401342113390457,0.0401342113390457,0.0401342113390457,0.00161075491980719,0.416409462823444,0.893661848601297,1,0.861954188929779,-0.054336511070221,0.054336511070221,0.054336511070221,0.00295245643528425,0.646360507001625,1.08032482068089,1,1.16277610632493,0.13315710632493,0.13315710632493,0.13315710632493,0.0177308149648288,0.859271021620256,1.46220226205418,1,1.47715958692184,-0.0228404130781619,0.0228404130781619,0.0228404130781619,0.000521684469581068,1.40042824816797,1.57891025470836,1,1.8791392112033,0.0791392112033034,0.0791392112033034,0.0791392112033034,0.00626301474988106,1.79130528223681,2.02232027896128,1
27,"n1000-b1_2-b2_2p5-b3_2p8",1000,10,270,1,1,0.6931472,0.9162907,1.029619,1.5,1.8,1,1.3,0.075,328,166,344,162,FALSE,NA,TRUE,NA,0.791829296916195,0.0986820969161952,0.0986820969161952,0.0986820969161952,0.00973815625177735,0.542065640538767,1.04006530303662,1,0.999999109789871,0.0837084097898707,0.0837084097898707,0.0837084097898707,0.00700709786954892,0.779794652488177,1.22693575670095,1,0.902408634124918,-0.127210365875082,0.127210365875082,0.127210365875082,0.0161824771860722,0.605038164458411,1.20616818048158,1,1.46736562606067,-0.0326343739393289,0.0326343739393289,0.0326343739393289,0.00106500236241195,1.36817393029856,1.52860663066412,1,1.80148132791117,0.00148132791117028,0.00148132791117028,0.00148132791117028,2.19433238041211e-06,1.72581435924844,1.86181776871511,1
28,"n1000-b1_2-b2_2p5-b3_2p8",1000,1,271,1,1,0.6931472,0.9162907,1.029619,1.5,1.8,1,1.3,0.069,329,163,355,153,FALSE,NA,TRUE,NA,0.695161201573898,0.00201400157389797,0.00201400157389797,0.00201400157389797,4.05620233966351e-06,0.454536514718103,0.94310772016401,1,1.01617953930719,0.0998888393071931,0.0998888393071931,0.0998888393071931,0.00997778021813824,0.802541077778116,1.23282958407031,1,1.06916476582086,0.0395457658208642,0.0395457658208642,0.0395457658208642,0.00156386759435863,0.767141736921607,1.36401379246765,1,1.51218249338291,0.0121824933829058,0.0121824933829058,0.0121824933829058,0.000148413145024543,1.46045266544642,1.60812736786473,1,1.82444444094127,0.0244444409412734,0.0244444409412734,0.0244444409412734,0.000597530692931403,1.76896892080936,1.89946675452056,1
28,"n1000-b1_2-b2_2p5-b3_2p8",1000,2,272,1,1,0.6931472,0.9162907,1.029619,1.5,1.8,1,1.3,0.0639999999999999,358,161,319,162,FALSE,NA,TRUE,NA,0.621554333215341,-0.0715928667846585,0.0715928667846585,0.0715928667846585,0.00512553857444586,0.379304001236423,0.865244588366103,1,0.872026333284549,-0.0442643667154506,0.0442643667154506,0.0442643667154506,0.00195933416071989,0.659492030935828,1.09142243364312,1,1.08509364767094,0.055474647670942,0.055474647670942,0.055474647670942,0.00307743653421515,0.785813180516801,1.37903447721103,1,1.53030939279114,0.0303093927911375,0.0303093927911375,0.0303093927911375,0.00091865929136746,1.44782079688612,1.65138895276085,1,1.7775164806929,-0.0224835193071016,0.0224835193071016,0.0224835193071016,0.000505508640432809,1.6718696330288,1.84228645930327,1
28,"n1000-b1_2-b2_2p5-b3_2p8",1000,3,273,1,1,0.6931472,0.9162907,1.029619,1.5,1.8,1,1.3,0.096,329,157,333,181,FALSE,NA,TRUE,NA,0.835651449833276,0.142504249833276,0.142504249833276,0.142504249833276,0.0203074612205448,0.590339549500605,1.08536443580852,1,1.01648077539339,0.100190075393391,0.100190075393391,0.100190075393391,0.0100380512073333,0.803321167056821,1.23311081828385,1,0.90790904114582,-0.12170995885418,0.12170995885418,0.12170995885418,0.0148133140842861,0.601167516007557,1.20866239368972,1,1.49551278152597,-0.00448721847403144,0.00448721847403144,0.00448721847403144,2.0135129633689e-05,1.46958476193775,1.53753999762647,1,1.79654872566805,-0.0034512743319477,0.0034512743319477,0.0034512743319477,1.1911294514361e-05,1.7489180904853,1.86236803246699,1
28,"n1000-b1_2-b2_2p5-b3_2p8",1000,4,274,1,1,0.6931472,0.9162907,1.029619,1.5,1.8,1,1.3,0.071,347,157,340,156,FALSE,NA,TRUE,NA,0.511506378342062,-0.181640821657937,0.181640821657937,0.181640821657937,0.0329933880925707,0.270120747578032,0.756151437157497,1,0.856832943528656,-0.0594577564713443,0.0594577564713443,0.0594577564713443,0.00353522480460569,0.646733646855945,1.07123865411371,1,1.27930949384427,0.249690493844271,0.249690493844271,0.249690493844271,0.0623453427161962,0.976734102688273,1.58156864268486,1,1.52347005342893,0.0234700534289332,0.0234700534289332,0.0234700534289332,0.000550843407956977,1.48482631929912,1.56141398836748,1,1.87098352489608,0.0709835248960753,0.0709835248960753,0.0709835248960753,0.00503866080667174,1.80174902018976,1.92252983799589,0
28,"n1000-b1_2-b2_2p5-b3_2p8",1000,5,275,1,1,0.6931472,0.9162907,1.029619,1.5,1.8,1,1.3,0.0669999999999999,345,189,314,152,FALSE,NA,TRUE,NA,0.629520405888463,-0.0636267941115368,0.0636267941115368,0.0636267941115368,0.0040483689289119,0.391503306278307,0.86790076303779,1,0.77646410161431,-0.13982659838569,0.13982659838569,0.13982659838569,0.019551477616113,0.561469718333058,0.998502594033837,1,1.25194659466836,0.222327594668363,0.222327594668363,0.222327594668363,0.0494295593510201,0.952083329499062,1.55382390458072,1,1.49612168810703,-0.0038783118929675,0.0038783118929675,0.0038783118929675,1.50413031391332e-05,1.44475824468425,1.5659269574577,1,1.74901888791845,-0.0509811120815495,0.0509811120815495,0.0509811120815495,0.00259907378907152,1.66578213119514,1.84619754278385,1
28,"n1000-b1_2-b2_2p5-b3_2p8",1000,6,276,1,1,0.6931472,0.9162907,1.029619,1.5,1.8,1,1.3,0.074,325,184,350,141,FALSE,NA,TRUE,NA,0.658125053276584,-0.0350221467234163,0.0350221467234163,0.0350221467234163,0.0012265507611165,0.41230328835606,0.906736093718266,1,0.786792746801006,-0.129497953198994,0.129497953198994,0.129497953198994,0.016769719882729,0.562094689100583,1.02040317974607,1,1.08846783640198,0.0588488364019766,0.0588488364019766,0.0588488364019766,0.0034631855458666,0.786067206746052,1.39144883669149,1,1.54162162088469,0.0416216208846911,0.0416216208846911,0.0416216208846911,0.00173235932506896,1.49067925645859,1.62704030314544,1,1.85567486058718,0.0556748605871822,0.0556748605871822,0.0556748605871822,0.00309969010140217,1.75093797419731,1.99083763108433,1
28,"n1000-b1_2-b2_2p5-b3_2p8",1000,7,277,1,1,0.6931472,0.9162907,1.029619,1.5,1.8,1,1.3,0.079,345,156,348,151,FALSE,NA,TRUE,NA,0.6763908799562,-0.0167563200438005,0.0167563200438005,0.0167563200438005,0.000280774261410269,0.422998769867751,0.935085978055149,1,0.833918908443145,-0.0823717915568547,0.0823717915568547,0.0823717915568547,0.00678511204428592,0.612707332661652,1.06031726028811,1,1.0294997473341,-0.000119252665899294,0.000119252665899294,0.000119252665899294,1.42211983240887e-08,0.723523959923471,1.33475372319078,1,1.50020858259097,0.000208582590965012,0.000208582590965012,0.000208582590965012,4.35066972536774e-08,1.47044375495111,1.53447386168006,1,1.79815579648572,-0.00184420351428249,0.00184420351428249,0.00184420351428249,3.4010866020919e-06,1.77659488645169,1.82824562586422,1
28,"n1000-b1_2-b2_2p5-b3_2p8",1000,8,278,1,1,0.6931472,0.9162907,1.029619,1.5,1.8,1,1.3,0.078,322,166,339,173,FALSE,NA,TRUE,NA,0.668007291509701,-0.0251399084902989,0.0251399084902989,0.0251399084902989,0.000632014998900603,0.42328983120347,0.916337978524811,1,0.938369572084575,0.0220788720845754,0.0220788720845754,0.0220788720845754,0.000487476592527042,0.722107169929697,1.15522813593276,1,1.05163037005371,0.0220113700537101,0.0220113700537101,0.0220113700537101,0.000484500411641367,0.754085517615109,1.34768045507987,1,1.55490438497323,0.0549043849732322,0.0549043849732322,0.0549043849732322,0.00301449148928889,1.46404161594537,1.63980976786613,1,1.77770008698733,-0.0222999130126691,0.0222999130126691,0.0222999130126691,0.000497286120372608,1.72785426321227,1.83672714700607,1
28,"n1000-b1_2-b2_2p5-b3_2p8",1000,9,279,1,1,0.6931472,0.9162907,1.029619,1.5,1.8,1,1.3,0.072,334,157,363,146,FALSE,NA,TRUE,NA,0.757221853081847,0.0640746530818473,0.0640746530818473,0.0640746530818473,0.00410556116755909,0.505990917854768,1.01663164681622,1,1.09711136239359,0.180820662393593,0.180820662393593,0.180820662393593,0.0326961119484578,0.871545915497147,1.32314192224046,1,1.02676798990644,-0.00285101009356237,0.00285101009356237,0.00285101009356237,8.1282585535945e-06,0.71918688171893,1.33430462408859,1,1.46559841643712,-0.0344015835628753,0.0344015835628753,0.0344015835628753,0.00118346895163349,1.43115578056922,1.50965102945987,1,1.78510244333317,-0.0148975566668261,0.0148975566668261,0.0148975566668261,0.000221937194641296,1.75473492754893,1.82998993778582,1
28,"n1000-b1_2-b2_2p5-b3_2p8",1000,10,280,1,1,0.6931472,0.9162907,1.029619,1.5,1.8,1,1.3,0.074,327,163,340,170,FALSE,NA,TRUE,NA,0.580340496812497,-0.112806703187503,0.112806703187503,0.112806703187503,0.0127253522840333,0.348895329948061,0.814156014528275,1,0.785968141333387,-0.130322558666613,0.130322558666613,0.130322558666613,0.0169839692974128,0.581809004449174,0.993864044860529,1,1.09360611753377,0.0639871175337741,0.0639871175337741,0.0639871175337741,0.00409435121028102,0.806028308189615,1.38656243360376,1,1.52571294958628,0.0257129495862847,0.0257129495862847,0.0257129495862847,0.000661155776426817,1.48091037837639,1.57607835317965,1,1.82445381389897,0.0244538138989709,0.0244538138989709,0.0244538138989709,0.000597989014205505,1.79371220518404,1.85501174738924,1
29,"n1000-b1_2-b2_2p5-b3_2p8",1000,1,281,1,1,0.6931472,0.9162907,1.029619,1.5,1.8,1,1.3,0.071,363,162,311,164,FALSE,NA,TRUE,NA,0.98184814301655,0.28870094301655,0.28870094301655,0.28870094301655,0.0833482344986453,0.729186426662695,1.23387893648076,0,1.14330720541181,0.227016505411812,0.227016505411812,0.227016505411812,0.0515364937293913,0.92161682793146,1.37326049465384,0,0.552950500723423,-0.476668499276577,0.476668499276577,0.476668499276577,0.227212858202584,0.252609531894359,0.85398456044995,0,1.50323493466344,0.00323493466343638,0.00323493466343638,0.00323493466343638,1.04648022767023e-05,1.46148577672618,1.61179428361083,1,1.77987804933416,-0.020121950665839,0.020121950665839,0.020121950665839,0.000404892898598458,1.73132886254699,1.90855035897798,1
29,"n1000-b1_2-b2_2p5-b3_2p8",1000,2,282,1,1,0.6931472,0.9162907,1.029619,1.5,1.8,1,1.3,0.0649999999999999,336,179,318,167,FALSE,NA,TRUE,NA,0.555610854350754,-0.137536345649246,0.137536345649246,0.137536345649246,0.0189162463745489,0.327974021312223,0.785974020568932,1,0.85337912981259,-0.0629115701874097,0.0629115701874097,0.0629115701874097,0.00395786566344537,0.6469758351998,1.06105345363615,1,1.12951097635363,0.0998919763536299,0.0998919763536299,0.0998919763536299,0.00997840693983415,0.842869129691397,1.41649727874738,1,1.52157163701771,0.0215716370177088,0.0215716370177088,0.0215716370177088,0.000465335523623785,1.49628794063157,1.56290806800931,1,1.84359018530315,0.043590185303152,0.043590185303152,0.043590185303152,0.00190010425476312,1.805822430386,1.91162114447462,0
29,"n1000-b1_2-b2_2p5-b3_2p8",1000,3,283,1,1,0.6931472,0.9162907,1.029619,1.5,1.8,1,1.3,0.053,350,160,338,152,FALSE,NA,TRUE,NA,0.484800958243679,-0.208346241756321,0.208346241756321,0.208346241756321,0.0434081564539832,0.244806525044113,0.725226240198586,1,0.81960505245042,-0.0966856475495802,0.0966856475495802,0.0966856475495802,0.00934811444208164,0.606225316109741,1.03870284757788,1,1.39020568835959,0.360586688359586,0.360586688359586,0.360586688359586,0.130022759822133,1.08572505308045,1.69521775998492,0,1.53012870094561,0.0301287009456066,0.0301287009456066,0.0301287009456066,0.000907738620669796,1.48121835269464,1.5819944041921,1,1.82657164473232,0.0265716447323179,0.0265716447323179,0.0265716447323179,0.000706052303780516,1.78210540878744,1.89919784017882,1
29,"n1000-b1_2-b2_2p5-b3_2p8",1000,4,284,1,1,0.6931472,0.9162907,1.029619,1.5,1.8,1,1.3,0.075,329,172,337,162,FALSE,NA,TRUE,NA,0.564920800501411,-0.128226399498588,0.128226399498588,0.128226399498588,0.0164420095283716,0.324344519034346,0.812753557007912,1,0.850426480529927,-0.0658642194700731,0.0658642194700731,0.0658642194700731,0.00433809540640196,0.635786232949442,1.06786748295338,1,1.13800866944809,0.108389669448092,0.108389669448092,0.108389669448092,0.0117483204430667,0.836465985971621,1.43408480850621,1,1.49159948848186,-0.00840051151814136,0.00840051151814136,0.00840051151814136,7.05685937664257e-05,1.37501446277303,1.7535467085631,1,1.79453119130728,-0.00546880869271771,0.00546880869271771,0.00546880869271771,2.99078685175448e-05,1.63126981307512,1.9878249721574,1
29,"n1000-b1_2-b2_2p5-b3_2p8",1000,5,285,1,1,0.6931472,0.9162907,1.029619,1.5,1.8,1,1.3,0.081,286,187,359,168,FALSE,NA,TRUE,NA,0.62670809973906,-0.0664391002609398,0.0664391002609398,0.0664391002609398,0.00441415404348321,0.392644714786912,0.863716967092454,1,0.869846867524293,-0.0464438324757072,0.0464438324757072,0.0464438324757072,0.00215702957503155,0.658445722199522,1.08591244011622,1,1.11102829548667,0.0814092954866683,0.0814092954866683,0.0814092954866683,0.00662747339163567,0.817590969897418,1.40353614911432,1,1.42107780080178,-0.0789221991982221,0.0789221991982221,0.0789221991982221,0.00622871352628384,1.37500959449516,1.48223839263345,0,1.82931661894537,0.0293166189453662,0.0293166189453662,0.0293166189453662,0.000859464146387804,1.77060071515239,1.92366882832855,1
29,"n1000-b1_2-b2_2p5-b3_2p8",1000,6,286,1,1,0.6931472,0.9162907,1.029619,1.5,1.8,1,1.3,0.071,341,165,330,164,FALSE,NA,TRUE,NA,0.680741015900673,-0.0124061840993266,0.0124061840993266,0.0124061840993266,0.000153913403906384,0.438853277740994,0.921055109615749,1,0.932557273506302,0.016266573506302,0.016266573506302,0.016266573506302,0.000264601413635926,0.720345755489026,1.14533325669422,1,1.07414053770266,0.0445215377026575,0.0445215377026575,0.0445215377026575,0.00198216731940916,0.780495393610267,1.37279489624128,1,1.45769719869159,-0.0423028013084126,0.0423028013084126,0.0423028013084126,0.00178952699853903,1.38445343820392,1.55563645709689,1,1.77379383618408,-0.0262061638159179,0.0262061638159179,0.0262061638159179,0.000686763021946724,1.68057943040799,1.88266581185917,1
29,"n1000-b1_2-b2_2p5-b3_2p8",1000,7,287,1,1,0.6931472,0.9162907,1.029619,1.5,1.8,1,1.3,0.075,336,160,317,187,FALSE,NA,TRUE,NA,0.7093237583007,0.0161765583006998,0.0161765583006998,0.0161765583006998,0.000261681038455938,0.471604181469278,0.948878736797532,1,1.06597631007389,0.14968561007389,0.14968561007389,0.14968561007389,0.0224057818631927,0.863480427270016,1.27557757667891,1,1.05399503307862,0.0243760330786214,0.0243760330786214,0.0243760330786214,0.000594190988650042,0.758253296062545,1.3487001194727,1,1.4994140056518,-0.000585994348202057,0.000585994348202057,0.000585994348202057,3.43389376124753e-07,1.43528540121245,1.52749747802204,1,1.8054952003034,0.00549520030339679,0.00549520030339679,0.00549520030339679,3.01972263744521e-05,1.7548971174025,1.84861963784549,1
29,"n1000-b1_2-b2_2p5-b3_2p8",1000,8,288,1,1,0.6931472,0.9162907,1.029619,1.5,1.8,1,1.3,0.07,334,164,342,160,FALSE,NA,TRUE,NA,0.62354582604432,-0.0696013739556802,0.0696013739556802,0.0696013739556802,0.00484435125651844,0.382557491499778,0.867576020439415,1,0.792539087180691,-0.123751612819309,0.123751612819309,0.123751612819309,0.0153144616753801,0.58040908243267,1.01055163129199,1,1.16703912097672,0.137420120976724,0.137420120976724,0.137420120976724,0.0188842896492574,0.866689385912373,1.4673243697855,1,1.50367283846144,0.00367283846144306,0.00367283846144306,0.00367283846144306,1.34897423638554e-05,1.38014596567107,1.59080752800908,1,1.83363665219243,0.0336366521924296,0.0336366521924296,0.0336366521924296,0.00113142437071448,1.77724906844813,1.9313652172602,1
29,"n1000-b1_2-b2_2p5-b3_2p8",1000,9,289,1,1,0.6931472,0.9162907,1.029619,1.5,1.8,1,1.3,0.0669999999999999,332,171,331,166,FALSE,NA,TRUE,NA,0.614722130728517,-0.0784250692714829,0.0784250692714829,0.0784250692714829,0.00615049149023688,0.377857068755822,0.852063633757438,1,0.810257572421101,-0.106033127578899,0.106033127578899,0.106033127578899,0.011243024144163,0.598735749904977,1.02399660687672,1,1.11568338476659,0.0860643847665905,0.0860643847665905,0.0860643847665905,0.00740707832525174,0.822076074379331,1.409359134089,1,1.52187067977011,0.0218706797701056,0.0218706797701056,0.0218706797701056,0.000478326633606506,1.44755964977414,1.59777551815038,1,1.78871597408355,-0.0112840259164455,0.0112840259164455,0.0112840259164455,0.000127329240883014,1.71931168752753,1.93990712797074,1
29,"n1000-b1_2-b2_2p5-b3_2p8",1000,10,290,1,1,0.6931472,0.9162907,1.029619,1.5,1.8,1,1.3,0.071,339,177,332,152,FALSE,NA,TRUE,NA,0.746159757481826,0.0530125574818262,0.0530125574818262,0.0530125574818262,0.00281033125076393,0.504774304417193,0.993173280286847,1,0.935761985912711,0.0194712859127111,0.0194712859127111,0.0194712859127111,0.000379130975094541,0.715997996189999,1.1606440316588,1,1.04789255441507,0.0182735544150738,0.0182735544150738,0.0182735544150738,0.000333922790960664,0.747539786853504,1.34633035329963,1,1.48010080178256,-0.0198991982174384,0.0198991982174384,0.0198991982174384,0.000395978089696902,1.42603311264305,1.5218608252083,1,1.81361249206712,0.0136124920671181,0.0136124920671181,0.0136124920671181,0.000185299940277354,1.76746271415287,1.88351033799937,1
30,"n1000-b1_2-b2_2p5-b3_2p8",1000,1,291,1,1,0.6931472,0.9162907,1.029619,1.5,1.8,1,1.3,0.081,316,186,347,151,FALSE,NA,TRUE,NA,0.778630382231313,0.0854831822313133,0.0854831822313133,0.0854831822313133,0.00730737444439193,0.535988270058208,1.02742823470024,1,0.91561233923535,-0.000678360764649666,0.000678360764649666,0.000678360764649666,4.60173327016079e-07,0.695469141273192,1.14333988535312,1,0.986890662933031,-0.0427283370669691,0.0427283370669691,0.0427283370669691,0.00182571078850853,0.686219448898204,1.2855516333579,1,1.50900171922963,0.00900171922963389,0.00900171922963389,0.00900171922963389,8.10309490891605e-05,1.49171451794853,1.53682017012869,1,1.82150904139709,0.0215090413970858,0.0215090413970858,0.0215090413970858,0.000462638861821549,1.78166425638198,1.86234446141656,1
30,"n1000-b1_2-b2_2p5-b3_2p8",1000,2,292,1,1,0.6931472,0.9162907,1.029619,1.5,1.8,1,1.3,0.081,325,166,335,174,FALSE,NA,TRUE,NA,0.66512297391043,-0.0280242260895704,0.0280242260895704,0.0280242260895704,0.000785357247919361,0.431998992645307,0.903584554582193,1,0.833827621453997,-0.0824630785460033,0.0824630785460033,0.0824630785460033,0.00680015932328431,0.626464172016647,1.04338742005481,1,1.05602230580612,0.0264033058061184,0.0264033058061184,0.0264033058061184,0.000697134557491405,0.762414927170941,1.34793642560657,1,1.49425663750994,-0.00574336249006002,0.00574336249006002,0.00574336249006002,3.29862126922285e-05,1.45422118962715,1.56852159914033,1,1.75655856054531,-0.0434414394546858,0.0434414394546858,0.0434414394546858,0.00188715866189513,1.69417620808909,1.84525841189322,1
30,"n1000-b1_2-b2_2p5-b3_2p8",1000,3,293,1,1,0.6931472,0.9162907,1.029619,1.5,1.8,1,1.3,0.069,326,194,324,156,FALSE,NA,TRUE,NA,0.626530829972559,-0.0666163700274409,0.0666163700274409,0.0666163700274409,0.00443774075563293,0.393010661849828,0.862771623262638,1,0.9356562744103,0.0193655744103002,0.0193655744103002,0.0193655744103002,0.000375025472240873,0.718876972053727,1.15903506199328,1,1.09645470601416,0.0668357060141633,0.0668357060141633,0.0668357060141633,0.00446701159841167,0.806678624722104,1.38701144023134,1,1.51946105104988,0.0194610510498847,0.0194610510498847,0.0194610510498847,0.000378732507966219,1.43648910470279,1.66882964663319,1,1.82770695999275,0.0277069599927491,0.0277069599927491,0.0277069599927491,0.000767675632039798,1.77077606435951,1.91261690902381,1
30,"n1000-b1_2-b2_2p5-b3_2p8",1000,4,294,1,1,0.6931472,0.9162907,1.029619,1.5,1.8,1,1.3,0.0679999999999999,320,179,325,176,FALSE,NA,TRUE,NA,0.57769433119608,-0.11545286880392,0.11545286880392,0.11545286880392,0.0133293649150552,0.345616976488457,0.805027588049991,1,0.808801491059023,-0.107489208940977,0.107489208940977,0.107489208940977,0.011553930038757,0.604162164391139,1.0161693820214,1,0.966596231002299,-0.063022768997701,0.063022768997701,0.063022768997701,0.00397186941213758,0.674668241343493,1.25643363177314,1,1.5045845340601,0.00458453406009918,0.00458453406009918,0.00458453406009918,2.10179525482094e-05,1.47275957195333,1.5953843694429,1,1.80047162918474,0.000471629184743527,0.000471629184743527,0.000471629184743527,2.22434087901844e-07,1.76227668594151,1.86972817981122,1
30,"n1000-b1_2-b2_2p5-b3_2p8",1000,5,295,1,1,0.6931472,0.9162907,1.029619,1.5,1.8,1,1.3,0.0629999999999999,323,161,352,164,FALSE,NA,TRUE,NA,0.513265334588641,-0.179881865411359,0.179881865411359,0.179881865411359,0.0323574855038701,0.270346246248927,0.750196950301299,1,0.797768696236896,-0.118522003763104,0.118522003763104,0.118522003763104,0.0140474653760212,0.586411929174309,1.01304744944027,1,1.1758053045952,0.146186304595195,0.146186304595195,0.146186304595195,0.0213704356511991,0.880521092931665,1.47530485168852,1,1.48706141303699,-0.0129385869630123,0.0129385869630123,0.0129385869630123,0.000167407032599432,1.42840458823214,1.61215962555769,1,1.82308908459648,0.023089084596482,0.023089084596482,0.023089084596482,0.0005331058275035,1.78353873111001,1.92066595715411,1
30,"n1000-b1_2-b2_2p5-b3_2p8",1000,6,296,1,1,0.6931472,0.9162907,1.029619,1.5,1.8,1,1.3,0.076,333,155,335,177,FALSE,NA,TRUE,NA,0.780641403789101,0.0874942037891007,0.0874942037891007,0.0874942037891007,0.00765523569668868,0.542996010958905,1.021114723819,1,0.842247780350316,-0.0740429196496837,0.0740429196496837,0.0740429196496837,0.00548235395024951,0.635363836548344,1.05509359503557,1,1.02146517043484,-0.00815382956516486,0.00815382956516486,0.00815382956516486,6.64849365777566e-05,0.724788124629486,1.31609481132222,1,1.50261483645459,0.00261483645458527,0.00261483645458527,0.00261483645458527,6.83736968422805e-06,1.4748915825534,1.56629222388365,1,1.81940579204062,0.019405792040621,0.019405792040621,0.019405792040621,0.000376584764723829,1.78735992949582,1.86597076459991,1
30,"n1000-b1_2-b2_2p5-b3_2p8",1000,7,297,1,1,0.6931472,0.9162907,1.029619,1.5,1.8,1,1.3,0.072,341,153,334,172,FALSE,NA,TRUE,NA,0.851431043720149,0.158283843720149,0.158283843720149,0.158283843720149,0.0250537751828247,0.600877120487064,1.10235601913364,1,0.995546058124742,0.0792553581247418,0.0792553581247418,0.0792553581247418,0.00628141179148108,0.781429450640242,1.21740980397779,1,0.750020414111259,-0.279598585888741,0.279598585888741,0.279598585888741,0.0781753692309837,0.451657401711782,1.05251350420494,1,1.49759958856374,-0.00240041143626368,0.00240041143626368,0.00240041143626368,5.76197506334548e-06,1.46910776615652,1.5417692117753,1,1.80534633789123,0.0053463378912284,0.0053463378912284,0.0053463378912284,2.85833288471846e-05,1.7072502890967,1.90079337074019,1
30,"n1000-b1_2-b2_2p5-b3_2p8",1000,8,298,1,1,0.6931472,0.9162907,1.029619,1.5,1.8,1,1.3,0.074,302,171,352,175,FALSE,NA,TRUE,NA,0.631396655356364,-0.0617505446436361,0.0617505446436361,0.0617505446436361,0.00381312976378569,0.398537493746593,0.864452202139507,1,0.94027747558662,0.0239867755866204,0.0239867755866204,0.0239867755866204,0.00057536540304289,0.733981291334765,1.14583814450083,1,0.95090890441428,-0.0787100955857198,0.0787100955857198,0.0787100955857198,0.00619527914711315,0.66250225626378,1.24184599042402,1,1.50416705763436,0.00416705763435909,0.00416705763435909,0.00416705763435909,1.73643693280704e-05,1.37109618877405,1.59138753870902,1,1.82033538215617,0.020335382156174,0.020335382156174,0.020335382156174,0.000413527767437641,1.69283254345889,1.92018256394006,1
30,"n1000-b1_2-b2_2p5-b3_2p8",1000,9,299,1,1,0.6931472,0.9162907,1.029619,1.5,1.8,1,1.3,0.072,330,162,348,160,FALSE,NA,TRUE,NA,0.650616848359482,-0.0425303516405175,0.0425303516405175,0.0425303516405175,0.00180883081066607,0.40913618093855,0.896298325420574,1,0.84571383369195,-0.0705768663080504,0.0705768663080504,0.0705768663080504,0.00498109405786442,0.62845518733124,1.06847995050959,1,1.11762049977136,0.0880014997713572,0.0880014997713572,0.0880014997713572,0.00774426396200818,0.813158848726726,1.42130172385272,1,1.49511976155612,-0.00488023844387842,0.00488023844387842,0.00488023844387842,2.38167272691088e-05,1.36904279139402,1.52130307238537,1,1.79821286652549,-0.00178713347450832,0.00178713347450832,0.00178713347450832,3.19384605570817e-06,1.74964034585029,1.82702269282485,1
30,"n1000-b1_2-b2_2p5-b3_2p8",1000,10,300,1,1,0.6931472,0.9162907,1.029619,1.5,1.8,1,1.3,0.081,340,171,338,151,FALSE,NA,TRUE,NA,0.750567311922458,0.0574201119224576,0.0574201119224576,0.0574201119224576,0.00329706925318755,0.500547068952006,0.996182529326036,1,0.923373315877654,0.0070826158776538,0.0070826158776538,0.0070826158776538,5.01634476703937e-05,0.697939201141446,1.15113977592939,1,1.01626217703335,-0.0133568229666523,0.0133568229666523,0.0133568229666523,0.00017840471976249,0.709536120648895,1.32412506698195,1,1.52109167596905,0.0210916759690498,0.0210916759690498,0.0210916759690498,0.000444858795183394,1.46484040766915,1.609164739804,1,1.84871020539147,0.0487102053914661,0.0487102053914661,0.0487102053914661,0.00237268410927881,1.79566132132062,1.97830040096525,1
31,"n1000-b1_2-b2_2p5-b3_2p8",1000,1,301,1,1,0.6931472,0.9162907,1.029619,1.5,1.8,1,1.3,0.072,361,162,318,159,FALSE,NA,TRUE,NA,0.808527920147625,0.115380720147625,0.115380720147625,0.115380720147625,0.0133127105817845,0.557842969682491,1.06304017754993,1,1.06652236965846,0.150231669658463,0.150231669658463,0.150231669658463,0.0225695545683696,0.842719195414281,1.29852141444231,1,0.942212027467669,-0.0874069725323315,0.0874069725323315,0.0874069725323315,0.00763997884726776,0.636867592410702,1.24532456557736,1,1.50315671325098,0.00315671325098354,0.00315671325098354,0.00315671325098354,9.9648385489351e-06,1.47336315905786,1.54111068936466,1,1.81324544553473,0.0132454455347282,0.0132454455347282,0.0132454455347282,0.000175441827413451,1.76305289160545,1.86891421409658,1
31,"n1000-b1_2-b2_2p5-b3_2p8",1000,2,302,1,1,0.6931472,0.9162907,1.029619,1.5,1.8,1,1.3,0.07,343,169,314,174,FALSE,NA,TRUE,NA,0.819030050014699,0.125882850014699,0.125882850014699,0.125882850014699,0.0158464919278232,0.581761424856207,1.06145609054451,1,1.03867252220588,0.122381822205879,0.122381822205879,0.122381822205879,0.0149773104064315,0.820134003163616,1.25699873151867,1,0.889296769818407,-0.140322230181593,0.140322230181593,0.140322230181593,0.019690328283136,0.598454647285518,1.18142197932176,1,1.45451806721532,-0.0454819327846758,0.0454819327846758,0.0454819327846758,0.00206860620982977,1.44077967712295,1.50041785184113,1,1.7155982684043,-0.0844017315957029,0.0844017315957029,0.0844017315957029,0.00712365229635307,1.67631445481674,1.81429381148866,1
31,"n1000-b1_2-b2_2p5-b3_2p8",1000,3,303,1,1,0.6931472,0.9162907,1.029619,1.5,1.8,1,1.3,0.0639999999999999,340,166,333,161,FALSE,NA,TRUE,NA,0.898246455889462,0.205099255889462,0.205099255889462,0.205099255889462,0.0420657047664111,0.656973203131333,1.14625375982919,1,0.997794264485491,0.0815035644854909,0.0815035644854909,0.0815035644854909,0.00664283102384057,0.779669370616624,1.22527881070216,1,0.785211783971913,-0.244407216028087,0.244407216028087,0.244407216028087,0.0597348872466002,0.486222978736061,1.08317398391464,1,1.50329044593878,0.00329044593877814,0.00329044593877814,0.00329044593877814,1.08270344760216e-05,1.4629865699529,1.55498629885098,1,1.82862902199429,0.0286290219942915,0.0286290219942915,0.0286290219942915,0.000819620900349627,1.7541732968996,1.89031459864389,1
31,"n1000-b1_2-b2_2p5-b3_2p8",1000,4,304,1,1,0.6931472,0.9162907,1.029619,1.5,1.8,1,1.3,0.0669999999999999,357,166,318,159,FALSE,NA,TRUE,NA,0.622092187177164,-0.071055012822836,0.071055012822836,0.071055012822836,0.00504881484725339,0.3842529019357,0.863435362840807,1,0.88392596586978,-0.0323647341302196,0.0323647341302196,0.0323647341302196,0.0010474760153198,0.662330532580925,1.10371672338381,1,1.07134700521705,0.0417280052170537,0.0417280052170537,0.0417280052170537,0.00174122641939446,0.777144908800695,1.3667419873054,1,1.48949952494239,-0.0105004750576096,0.0105004750576096,0.0105004750576096,0.000110259976435482,1.44807014900842,1.5221616387297,1,1.80370759232712,0.00370759232711548,0.00370759232711548,0.00370759232711548,1.37462408640856e-05,1.76155273998582,1.83240577483614,1
31,"n1000-b1_2-b2_2p5-b3_2p8",1000,5,305,1,1,0.6931472,0.9162907,1.029619,1.5,1.8,1,1.3,0.071,319,166,350,165,FALSE,NA,TRUE,NA,0.76493823778139,0.0717910377813897,0.0717910377813897,0.0717910377813897,0.00515395310572893,0.525610713997433,1.0015700371126,1,0.866703806931151,-0.0495868930688486,0.0495868930688486,0.0495868930688486,0.00245885996422142,0.655896928773215,1.08270338509982,1,0.973669561597608,-0.0559494384023919,0.0559494384023919,0.0559494384023919,0.00313033965754304,0.681350101029152,1.27151125148701,1,1.51127446590822,0.0112744659082153,0.0112744659082153,0.0112744659082153,0.00012711358151551,1.45256323963964,1.61482214188434,1,1.84146094975521,0.0414609497552054,0.0414609497552054,0.0414609497552054,0.00171901035460367,1.78960445600027,1.95285477405198,1
31,"n1000-b1_2-b2_2p5-b3_2p8",1000,6,306,1,1,0.6931472,0.9162907,1.029619,1.5,1.8,1,1.3,0.07,353,174,318,155,FALSE,NA,TRUE,NA,0.710384970136108,0.0172377701361081,0.0172377701361081,0.0172377701361081,0.000297140719265299,0.4689525637589,0.955738549164169,1,0.91830671264651,0.0020160126465103,0.0020160126465103,0.0020160126465103,4.06430699088947e-06,0.696133280333548,1.14569437173967,1,1.02128984694002,-0.00832915305998028,0.00832915305998028,0.00832915305998028,6.93747906965788e-05,0.719006076439452,1.32335209023321,1,1.54168975323564,0.0416897532356357,0.0416897532356357,0.0416897532356357,0.0017380355248482,1.4971869332495,1.59827242019831,1,1.7951894592406,-0.00481054075939835,0.00481054075939835,0.00481054075939835,2.31413023978329e-05,1.7564768994524,1.84402265513106,1
31,"n1000-b1_2-b2_2p5-b3_2p8",1000,7,307,1,1,0.6931472,0.9162907,1.029619,1.5,1.8,1,1.3,0.0649999999999999,327,166,339,168,FALSE,NA,TRUE,NA,0.645794563472677,-0.0473526365273226,0.0473526365273226,0.0473526365273226,0.00224227218608872,0.409769685500507,0.879444075275177,1,0.873344407284218,-0.0429462927157817,0.0429462927157817,0.0429462927157817,0.0018443840580296,0.660961260715009,1.08846869344351,1,1.40224599275024,0.372626992750235,0.372626992750235,0.372626992750235,0.138850875726084,1.09861820644001,1.70255769366223,0,1.48461595103317,-0.0153840489668315,0.0153840489668315,0.0153840489668315,0.000236668962613871,1.40922857360213,1.54865804157752,1,1.82584401635943,0.0258440163594273,0.0258440163594273,0.0258440163594273,0.000667913181586348,1.72949171812488,1.93696409645517,1
31,"n1000-b1_2-b2_2p5-b3_2p8",1000,8,308,1,1,0.6931472,0.9162907,1.029619,1.5,1.8,1,1.3,0.0669999999999999,318,161,336,185,FALSE,NA,TRUE,NA,0.860398476065471,0.167251276065471,0.167251276065471,0.167251276065471,0.0279729893455284,0.623842718348248,1.09570747792039,1,0.932350315509118,0.0160596155091177,0.0160596155091177,0.0160596155091177,0.000257911250300694,0.72512243014505,1.14299895486594,1,0.821203174769633,-0.208415825230367,0.208415825230367,0.208415825230367,0.0434371562064548,0.533094753318741,1.11191138811084,1,1.46544087159207,-0.0345591284079252,0.0345591284079252,0.0345591284079252,0.00119433335631546,1.40815141394262,1.5670941066438,1,1.74936027397121,-0.0506397260287941,0.0506397260287941,0.0506397260287941,0.00256438185227132,1.68355276830104,1.87728669223353,1
31,"n1000-b1_2-b2_2p5-b3_2p8",1000,9,309,1,1,0.6931472,0.9162907,1.029619,1.5,1.8,1,1.3,0.08,327,190,310,173,FALSE,NA,TRUE,NA,0.694355840175727,0.00120864017572664,0.00120864017572664,0.00120864017572664,1.46081107438052e-06,0.459991608243021,0.930950207921839,1,1.0101157050853,0.093825005085298,0.093825005085298,0.093825005085298,0.0088031315792562,0.798613540445854,1.22919329238782,1,0.991966743934021,-0.0376522560659794,0.0376522560659794,0.0376522560659794,0.00141769238685809,0.692798803419248,1.28681560215075,1,1.43055564785408,-0.0694443521459169,0.0694443521459169,0.0694443521459169,0.00482251804496612,1.38404441123454,1.49209919121544,0,1.76256063645892,-0.0374393635410766,0.0374393635410766,0.0374393635410766,0.00140170594236089,1.71475865279476,1.85590868189574,1
31,"n1000-b1_2-b2_2p5-b3_2p8",1000,10,310,1,1,0.6931472,0.9162907,1.029619,1.5,1.8,1,1.3,0.072,313,179,349,159,FALSE,NA,TRUE,NA,0.694747719230236,0.00160051923023607,0.00160051923023607,0.00160051923023607,2.56166180635548e-06,0.459167766064266,0.934470919424418,1,0.840442429530924,-0.0758482704690762,0.0758482704690762,0.0758482704690762,0.00575296013315013,0.633281688159498,1.05480495602775,1,1.12421952069789,0.0946005206978922,0.0946005206978922,0.0946005206978922,0.00894925851631232,0.827923303057633,1.41295294069259,1,1.53940747894386,0.039407478943861,0.039407478943861,0.039407478943861,0.00155294939671085,1.48028009588165,1.68678832684125,1,1.8307211794987,0.0307211794986952,0.0307211794986952,0.0307211794986952,0.000943790869791053,1.77437518304285,1.93310884505299,1
32,"n1000-b1_2-b2_2p5-b3_2p8",1000,1,311,1,1,0.6931472,0.9162907,1.029619,1.5,1.8,1,1.3,0.073,317,168,355,160,FALSE,NA,TRUE,NA,0.632133142103245,-0.0610140578967554,0.0610140578967554,0.0610140578967554,0.00372271526102862,0.394419735507296,0.877141067077285,1,0.998086704759404,0.0817960047594041,0.0817960047594041,0.0817960047594041,0.00669058639460045,0.784003404062706,1.21606148007656,1,0.935004430901136,-0.0946145690988643,0.0946145690988643,0.0946145690988643,0.00895191668576377,0.642000941561876,1.23142251251071,1,1.53307087944092,0.0330708794409198,0.0330708794409198,0.0330708794409198,0.00109368306699585,1.48972508430285,1.61370571110399,1,1.80608315202865,0.00608315202864507,0.00608315202864507,0.00608315202864507,3.70047386036086e-05,1.78634786927898,1.84526970312444,1
32,"n1000-b1_2-b2_2p5-b3_2p8",1000,2,312,1,1,0.6931472,0.9162907,1.029619,1.5,1.8,1,1.3,0.07,329,156,361,154,FALSE,NA,TRUE,NA,0.537910010308219,-0.155237189691781,0.155237189691781,0.155237189691781,0.0240985850634021,0.288786073302362,0.789969891026509,1,0.736325120333896,-0.179965579666104,0.179965579666104,0.179965579666104,0.032387609864557,0.522443229809542,0.956739767401462,1,1.22635837867697,0.196739378676973,0.196739378676973,0.196739378676973,0.0387063831222014,0.91966135049877,1.53036543532713,1,1.3552298811533,-0.144770118846697,0.144770118846697,0.144770118846697,0.0209583873108867,1.25696447876281,1.47857187659682,0,1.79506209477735,-0.00493790522265414,0.00493790522265414,0.00493790522265414,2.4382907987915e-05,1.68418261510162,1.91764111787179,1
32,"n1000-b1_2-b2_2p5-b3_2p8",1000,3,313,1,1,0.6931472,0.9162907,1.029619,1.5,1.8,1,1.3,0.073,326,160,348,166,FALSE,NA,TRUE,NA,0.829944376906691,0.136797176906691,0.136797176906691,0.136797176906691,0.0187134676096405,0.582911278881162,1.07653927679899,1,0.920638432188875,0.00434773218887519,0.00434773218887519,0.00434773218887519,1.89027751861814e-05,0.707110864861335,1.13774099691198,1,0.934424535904509,-0.0951944640954913,0.0951944640954913,0.0951944640954913,0.00906198599442777,0.639826681174894,1.23544354322524,1,1.493613050827,-0.00638694917299798,0.00638694917299798,0.00638694917299798,4.07931197384596e-05,1.46568533797574,1.54631725541558,1,1.74599977417122,-0.0540002258287844,0.0540002258287844,0.0540002258287844,0.00291602438955971,1.67420736044347,1.82807404202077,1
32,"n1000-b1_2-b2_2p5-b3_2p8",1000,4,314,1,1,0.6931472,0.9162907,1.029619,1.5,1.8,1,1.3,0.087,321,164,344,171,FALSE,NA,TRUE,NA,0.699433549467955,0.00628634946795481,0.00628634946795481,0.00628634946795481,3.95181896332557e-05,0.450641777633034,0.949630887415619,1,0.793767215157725,-0.122523484842275,0.122523484842275,0.122523484842275,0.0150120043378952,0.578840286098225,1.01687086788401,1,1.10339914237241,0.0737801423724085,0.0737801423724085,0.0737801423724085,0.00544350940849287,0.792841618957818,1.40587813465751,1,1.46774768571502,-0.0322523142849827,0.0322523142849827,0.0322523142849827,0.0010402117767373,1.42169208139052,1.56953995139748,1,1.69219546819806,-0.107804531801939,0.107804531801939,0.107804531801939,0.0116218170770352,1.60902286301233,1.82165983861898,1
32,"n1000-b1_2-b2_2p5-b3_2p8",1000,5,315,1,1,0.6931472,0.9162907,1.029619,1.5,1.8,1,1.3,0.072,342,165,332,161,FALSE,NA,TRUE,NA,0.679257196802718,-0.0138900031972817,0.0138900031972817,0.0138900031972817,0.000192932188820497,0.437531899550421,0.921787589820098,1,0.871096013197563,-0.0451946868024371,0.0451946868024371,0.0451946868024371,0.00204255971517038,0.654953984654681,1.09063657278743,1,1.11443347440967,0.0848144744096713,0.0848144744096713,0.0848144744096713,0.00719349506938878,0.814671622320498,1.41502154209917,1,1.46619274241824,-0.0338072575817634,0.0338072575817634,0.0338072575817634,0.0011429306651997,1.40090827364028,1.51909739380178,1,1.77687828755478,-0.0231217124452205,0.0231217124452205,0.0231217124452205,0.000534613586399467,1.7277657126255,1.82680409838765,1
32,"n1000-b1_2-b2_2p5-b3_2p8",1000,6,316,1,1,0.6931472,0.9162907,1.029619,1.5,1.8,1,1.3,0.074,321,173,340,166,FALSE,NA,TRUE,NA,0.699948373828168,0.00680117382816769,0.00680117382816769,0.00680117382816769,4.62559654409532e-05,0.462452265989934,0.935155069077956,1,0.82001832160449,-0.0962723783955099,0.0962723783955099,0.0962723783955099,0.00926837084192825,0.607937402537658,1.03447110801135,1,0.984589882789918,-0.0450291172100817,0.0450291172100817,0.0450291172100817,0.00202762139671928,0.691927968250047,1.2761501779091,1,1.48787627387209,-0.0121237261279086,0.0121237261279086,0.0121237261279086,0.000146984735224533,1.4597836036179,1.5200424185103,1,1.78246352122478,-0.0175364787752192,0.0175364787752192,0.0175364787752192,0.000307528087833715,1.68316110869181,1.82049339694738,1
32,"n1000-b1_2-b2_2p5-b3_2p8",1000,7,317,1,1,0.6931472,0.9162907,1.029619,1.5,1.8,1,1.3,0.078,353,162,294,191,FALSE,NA,TRUE,NA,0.579897818730671,-0.113249381269329,0.113249381269329,0.113249381269329,0.0128254223578859,0.346788340252738,0.810079630548418,1,0.870802362204303,-0.0454883377956968,0.0454883377956968,0.0454883377956968,0.00206918887541542,0.664825472873132,1.07939252365302,1,1.18426955736174,0.15465055736174,0.15465055736174,0.15465055736174,0.023916794892297,0.899469154359241,1.47812430667213,1,1.50230833100328,0.00230833100327588,0.00230833100327588,0.00230833100327588,5.32839202068461e-06,1.44530841304581,1.60512014245642,1,1.78469160381044,-0.0153083961895597,0.0153083961895597,0.0153083961895597,0.000234346993896526,1.73068620947113,1.85138692215921,1
32,"n1000-b1_2-b2_2p5-b3_2p8",1000,8,318,1,1,0.6931472,0.9162907,1.029619,1.5,1.8,1,1.3,0.073,321,176,358,145,FALSE,NA,TRUE,NA,0.727629356182004,0.0344821561820036,0.0344821561820036,0.0344821561820036,0.00118901909496009,0.481853595265172,0.976804579559231,1,0.894597435501411,-0.0216932644985887,0.0216932644985887,0.0216932644985887,0.000470597724605727,0.670486397375694,1.1209297151492,1,1.10872240150742,0.0791034015074212,0.0791034015074212,0.0791034015074212,0.00625734813004429,0.807078779557958,1.41213249329038,1,1.47053504942097,-0.029464950579029,0.029464950579029,0.029464950579029,0.00086818331262462,1.3426342594341,1.56644660415715,1,1.83456729716734,0.0345672971673414,0.0345672971673414,0.0345672971673414,0.00119489803345529,1.79068724928782,1.91967281967539,1
32,"n1000-b1_2-b2_2p5-b3_2p8",1000,9,319,1,1,0.6931472,0.9162907,1.029619,1.5,1.8,1,1.3,0.082,328,171,319,182,FALSE,NA,TRUE,NA,0.794271720600325,0.101124520600325,0.101124520600325,0.101124520600325,0.0102261686666456,0.560225589086169,1.03088438624247,1,0.886441953409955,-0.0298487465900451,0.0298487465900451,0.0298487465900451,0.000890947672996729,0.677668956959522,1.09709241457147,1,0.982779495790144,-0.0468395042098563,0.0468395042098563,0.0468395042098563,0.00219393915462514,0.68832389759162,1.27308604743806,1,1.56281987319217,0.0628198731921727,0.0628198731921727,0.0628198731921727,0.00394633646788066,1.46004655013103,1.65674738549476,1,1.85077998878015,0.0507799887801512,0.0507799887801512,0.0507799887801512,0.00257860726051228,1.75272280767426,1.93371218487125,1
32,"n1000-b1_2-b2_2p5-b3_2p8",1000,10,320,1,1,0.6931472,0.9162907,1.029619,1.5,1.8,1,1.3,0.084,350,169,309,172,FALSE,NA,TRUE,NA,1.01163583501901,0.318488635019014,0.318488635019014,0.318488635019014,0.101435010636275,0.764081351300764,1.25691492964058,0,1.01065562610541,0.0943649261054091,0.0943649261054091,0.0943649261054091,0.00890473927887933,0.787928471096517,1.23908387372448,1,0.789561683190185,-0.240057316809815,0.240057316809815,0.240057316809815,0.0576275153539279,0.491020240361923,1.09210249294198,1,1.44362243655667,-0.0563775634433326,0.0563775634433326,0.0563775634433326,0.00317842965980699,1.34385345162067,1.51452047508964,1,1.76347926843291,-0.0365207315670921,0.0365207315670921,0.0365207315670921,0.0013337638341956,1.68457651379999,1.94982003906562,1
33,"n1000-b1_2-b2_2p5-b3_2p8",1000,1,321,1,1,0.6931472,0.9162907,1.029619,1.5,1.8,1,1.3,0.074,326,187,303,184,FALSE,NA,TRUE,NA,0.898710629934394,0.205563429934394,0.205563429934394,0.205563429934394,0.0422563237263926,0.67258099887746,1.12919994950675,1,0.962195470093917,0.0459047700939169,0.0459047700939169,0.0459047700939169,0.00210724791737537,0.752649638754356,1.17599586206293,1,0.901695690566884,-0.127923309433116,0.127923309433116,0.127923309433116,0.0163643730963207,0.615851473743872,1.18825829262315,1,1.53686954749807,0.0368695474980718,0.0368695474980718,0.0368695474980718,0.00135936353271257,1.4441304493521,1.620068665587,1,1.83037540461303,0.030375404613026,0.030375404613026,0.030375404613026,0.000922665205405042,1.76540168626492,1.8954654037236,1
33,"n1000-b1_2-b2_2p5-b3_2p8",1000,2,322,1,1,0.6931472,0.9162907,1.029619,1.5,1.8,1,1.3,0.074,333,177,322,168,FALSE,NA,TRUE,NA,0.778411968269401,0.0852647682694007,0.0852647682694007,0.0852647682694007,0.00727008070803459,0.540047984085274,1.02185768737374,1,0.828382970834286,-0.0879077291657138,0.0879077291657138,0.0879077291657138,0.00772776884707248,0.614053249974949,1.0490153802429,1,0.957560329474573,-0.0720586705254266,0.0720586705254266,0.0720586705254266,0.00519245199789198,0.657063374619335,1.24701686209301,1,1.47786265865498,-0.0221373413450177,0.0221373413450177,0.0221373413450177,0.000490061881825828,1.4287119463662,1.54970046380221,1,1.7818985033158,-0.0181014966842032,0.0181014966842032,0.0181014966842032,0.000327664182208221,1.75070300209714,1.84044591208093,1
33,"n1000-b1_2-b2_2p5-b3_2p8",1000,3,323,1,1,0.6931472,0.9162907,1.029619,1.5,1.8,1,1.3,0.07,330,147,357,166,FALSE,NA,TRUE,NA,0.821335438258998,0.128188238258998,0.128188238258998,0.128188238258998,0.0164322244279456,0.572674956464944,1.06881743661025,1,1.04216507545635,0.125874375456348,0.125874375456348,0.125874375456348,0.0158443583965258,0.827913958022615,1.26207617621311,1,0.935300571179479,-0.094318428820521,0.094318428820521,0.094318428820521,0.00889596601517169,0.637808736978474,1.23723371690471,1,1.50631576675086,0.00631576675085777,0.00631576675085777,0.00631576675085777,3.98889096512405e-05,1.47542822200182,1.56424982568265,1,1.78990385511751,-0.0100961448824863,0.0100961448824863,0.0100961448824863,0.000101932141488155,1.74496591914908,1.82625325339495,1
33,"n1000-b1_2-b2_2p5-b3_2p8",1000,4,324,1,1,0.6931472,0.9162907,1.029619,1.5,1.8,1,1.3,0.08,325,169,334,172,FALSE,NA,TRUE,NA,0.83117605936334,0.13802885936334,0.13802885936334,0.13802885936334,0.0190519660171446,0.588070993420958,1.07743210130354,1,1.03105451648641,0.114763816486405,0.114763816486405,0.114763816486405,0.0131707335745253,0.814376308145266,1.25166727044571,1,0.805242567387689,-0.224376432612311,0.224376432612311,0.224376432612311,0.050344783511827,0.506611123971513,1.10520885092929,1,1.52980516656983,0.0298051665698302,0.0298051665698302,0.0298051665698302,0.000888347954255326,1.4734674709228,1.64159803389984,1,1.79115734014151,-0.0088426598584892,0.0088426598584892,0.0088426598584892,7.81926333729362e-05,1.70733755878681,1.87218335644533,1
33,"n1000-b1_2-b2_2p5-b3_2p8",1000,5,325,1,1,0.6931472,0.9162907,1.029619,1.5,1.8,1,1.3,0.069,353,162,328,157,FALSE,NA,TRUE,NA,0.972549924979718,0.279402724979718,0.279402724979718,0.279402724979718,0.0780658827260922,0.727143787985087,1.21762322444256,0,0.881622558119127,-0.0346681418808733,0.0346681418808733,0.0346681418808733,0.00120188006147236,0.663158156645419,1.10647726522113,1,0.818058763113061,-0.211560236886939,0.211560236886939,0.211560236886939,0.0447577338316576,0.517342629649026,1.11551245481485,1,1.53639355008176,0.03639355008176,0.03639355008176,0.03639355008176,0.00132449048755358,1.49092761258092,1.64539654396162,1,1.78007339738417,-0.0199266026158302,0.0199266026158302,0.0199266026158302,0.000397069491809212,1.67069698402502,1.99643266831887,1
33,"n1000-b1_2-b2_2p5-b3_2p8",1000,6,326,1,1,0.6931472,0.9162907,1.029619,1.5,1.8,1,1.3,0.072,332,168,324,176,FALSE,NA,TRUE,NA,0.691391775866293,-0.00175542413370666,0.00175542413370666,0.00175542413370666,3.08151388919979e-06,0.454107968706182,0.934049471200218,1,0.954344257891517,0.0380535578915174,0.0380535578915174,0.0380535578915174,0.00144807326820307,0.745256975781835,1.16759556606367,1,1.02396385593347,-0.00565514406652756,0.00565514406652756,0.00565514406652756,3.19806544131819e-05,0.720749058804441,1.31767736241975,1,1.44281770283659,-0.0571822971634062,0.0571822971634062,0.0571822971634062,0.00326981510888409,1.39839562370253,1.52213239560628,1,1.74754005626069,-0.052459943739315,0.052459943739315,0.052459943739315,0.00275204569713209,1.70297859603037,1.86388110562042,1
33,"n1000-b1_2-b2_2p5-b3_2p8",1000,7,327,1,1,0.6931472,0.9162907,1.029619,1.5,1.8,1,1.3,0.0669999999999999,352,161,314,173,FALSE,NA,TRUE,NA,0.66475508761004,-0.02839211238996,0.02839211238996,0.02839211238996,0.000806112045964119,0.430307567609134,0.907686673044814,1,0.798125488939099,-0.118165211060901,0.118165211060901,0.118165211060901,0.0139630171050673,0.584735397219326,1.01342038507617,1,1.16253442470139,0.132915424701388,0.132915424701388,0.132915424701388,0.0176665101235502,0.862959986761993,1.46132738019332,1,1.52820679450493,0.0282067945049291,0.0282067945049291,0.0282067945049291,0.0007956232562433,1.49433853765734,1.58915563212676,1,1.81795893491151,0.0179589349115077,0.0179589349115077,0.0179589349115077,0.00032252334315577,1.78796813613259,1.91100781418236,1
33,"n1000-b1_2-b2_2p5-b3_2p8",1000,8,328,1,1,0.6931472,0.9162907,1.029619,1.5,1.8,1,1.3,0.0659999999999999,304,187,357,152,FALSE,NA,TRUE,NA,0.633109839581954,-0.0600373604180463,0.0600373604180463,0.0600373604180463,0.00360448464596639,0.396667401324592,0.87376756632078,1,0.946855012863933,0.0305643128639334,0.0305643128639334,0.0305643128639334,0.000934177220844402,0.734337267601157,1.16537468549432,1,0.932129084239065,-0.0974899157609352,0.0974899157609352,0.0974899157609352,0.00950428367507425,0.635709867159399,1.22382426175664,1,1.54630713668468,0.0463071366846843,0.0463071366846843,0.0463071366846843,0.00214435090793404,1.49716904616456,1.65584360633421,1,1.88035266642745,0.080352666427453,0.080352666427453,0.080352666427453,0.00645655100200153,1.79658288790771,2.04985987462614,1
33,"n1000-b1_2-b2_2p5-b3_2p8",1000,9,329,1,1,0.6931472,0.9162907,1.029619,1.5,1.8,1,1.3,0.075,332,174,338,156,FALSE,NA,TRUE,NA,0.694434744981733,0.001287544981733,0.001287544981733,0.001287544981733,1.65777207998584e-06,0.44868190553473,0.942290379166561,1,0.960951791781912,0.0446610917819125,0.0446610917819125,0.0446610917819125,0.00199461311915241,0.738302100040464,1.19081478386413,1,0.951216977339063,-0.0784020226609375,0.0784020226609375,0.0784020226609375,0.00614687715732616,0.651486024608276,1.25356108935308,1,1.46693925249756,-0.0330607475024403,0.0330607475024403,0.0330607475024403,0.00109301302542011,1.37086927223295,1.53449977051321,1,1.83532053003461,0.0353205300346062,0.0353205300346062,0.0353205300346062,0.00124753984192552,1.77416671347139,1.93222472192964,1
33,"n1000-b1_2-b2_2p5-b3_2p8",1000,10,330,1,1,0.6931472,0.9162907,1.029619,1.5,1.8,1,1.3,0.0620000000000001,340,167,324,169,FALSE,NA,TRUE,NA,0.806437251758794,0.113290051758794,0.113290051758794,0.113290051758794,0.0128346358275103,0.568814743173594,1.04765819352321,1,1.06610250565512,0.149811805655122,0.149811805655122,0.149811805655122,0.0224435771136481,0.850279835192278,1.28676181455302,1,0.736001730940498,-0.293617269059502,0.293617269059502,0.293617269059502,0.0862111006899599,0.437907021315698,1.02721205180052,0,1.42782327792943,-0.0721767220705689,0.0721767220705689,0.0721767220705689,0.00520947920885215,1.32289411158878,1.52078274138954,1,1.82914801198,0.0291480119799963,0.0291480119799963,0.0291480119799963,0.000849606602386007,1.73769193655685,1.88398928033227,1
34,"n1000-b1_2-b2_2p5-b3_2p8",1000,1,331,1,1,0.6931472,0.9162907,1.029619,1.5,1.8,1,1.3,0.081,317,174,353,156,FALSE,NA,TRUE,NA,0.740133916373276,0.0469867163732759,0.0469867163732759,0.0469867163732759,0.00220775151554267,0.495329086440054,0.983407230608765,1,0.938331703322531,0.0220410033225312,0.0220410033225312,0.0220410033225312,0.000485805827463833,0.720642051090603,1.1620595422378,1,1.0151345140006,-0.0144844859993996,0.0144844859993996,0.0144844859993996,0.000209800334666802,0.717958707383022,1.31433924811329,1,1.4765721848018,-0.0234278151981973,0.0234278151981973,0.0234278151981973,0.000548862524960882,1.44376543406371,1.51093956696557,1,1.78337318172754,-0.0166268182724614,0.0166268182724614,0.0166268182724614,0.000276451085865455,1.75832860675647,1.81127947689409,1
34,"n1000-b1_2-b2_2p5-b3_2p8",1000,2,332,1,1,0.6931472,0.9162907,1.029619,1.5,1.8,1,1.3,0.069,339,195,309,157,FALSE,NA,TRUE,NA,0.677949631380804,-0.0151975686191956,0.0151975686191956,0.0151975686191956,0.00023096609193516,0.444521916181915,0.910833442155964,1,0.946895457082748,0.0306047570827482,0.0306047570827482,0.0306047570827482,0.000936651156094028,0.729331495726035,1.1663471297945,1,1.0306945806846,0.00107558068460412,0.00107558068460412,0.00107558068460412,1.15687380909346e-06,0.742040263414457,1.32445496691401,1,1.50092181228886,0.000921812288864565,0.000921812288864565,0.000921812288864565,8.49737895901729e-07,1.45751812348748,1.57406912366769,1,1.82316778833363,0.0231677883336265,0.0231677883336265,0.0231677883336265,0.000536746416271722,1.76647435324287,1.91008249781385,1
34,"n1000-b1_2-b2_2p5-b3_2p8",1000,3,333,1,1,0.6931472,0.9162907,1.029619,1.5,1.8,1,1.3,0.073,324,161,356,159,FALSE,NA,TRUE,NA,0.841599879377194,0.148452679377194,0.148452679377194,0.148452679377194,0.0220381980142679,0.593383420828025,1.08874482618834,1,1.0938351840738,0.1775444840738,0.1775444840738,0.1775444840738,0.0315220438250319,0.87783972593108,1.31571486578394,1,0.794271698363443,-0.235347301636557,0.235347301636557,0.235347301636557,0.0553883523876084,0.490959179849452,1.09512854001111,1,1.49876468460161,-0.00123531539838573,0.00123531539838573,0.00123531539838573,1.52600413348889e-06,1.46129198493531,1.58706086412814,1,1.79257423920114,-0.00742576079885771,0.00742576079885771,0.00742576079885771,5.51419234418518e-05,1.74798345621253,1.89425798926719,1
34,"n1000-b1_2-b2_2p5-b3_2p8",1000,4,334,1,1,0.6931472,0.9162907,1.029619,1.5,1.8,1,1.3,0.0610000000000001,343,169,307,181,FALSE,NA,TRUE,NA,0.718726304691679,0.0255791046916788,0.0255791046916788,0.0255791046916788,0.000654290596827864,0.489685568123839,0.953266292366826,1,0.971362448641512,0.0550717486415118,0.0550717486415118,0.0550717486415118,0.00303289749843385,0.763275473573257,1.18436195807558,1,0.778988784470183,-0.250630215529817,0.250630215529817,0.250630215529817,0.0628155049365228,0.490628182133794,1.0610523761534,1,1.51459036152105,0.0145903615210468,0.0145903615210468,0.0145903615210468,0.000212878649314842,1.48837084002815,1.55024500013384,1,1.80015735175259,0.000157351752591239,0.000157351752591239,0.000157351752591239,2.47595740435346e-08,1.76766718025969,1.84136722410952,1
34,"n1000-b1_2-b2_2p5-b3_2p8",1000,5,335,1,1,0.6931472,0.9162907,1.029619,1.5,1.8,1,1.3,0.089,351,167,315,167,FALSE,NA,TRUE,NA,0.599115169649482,-0.0940320303505177,0.0940320303505177,0.0940320303505177,0.00884202273184067,0.35486683230621,0.84633416862466,1,0.812945258887651,-0.103345441112349,0.103345441112349,0.103345441112349,0.0106802801987059,0.592298491396323,1.03724074781469,1,1.20100594615516,0.171386946155157,0.171386946155157,0.171386946155157,0.0293734853123907,0.894420594514225,1.50537899744265,1,1.4761635296635,-0.0238364703365037,0.0238364703365037,0.0238364703365037,0.000568177318103021,1.4120923050479,1.56670194891502,1,1.78577807535463,-0.0142219246453679,0.0142219246453679,0.0142219246453679,0.000202263140618522,1.71869325729342,1.8888587579065,1
34,"n1000-b1_2-b2_2p5-b3_2p8",1000,6,336,1,1,0.6931472,0.9162907,1.029619,1.5,1.8,1,1.3,0.077,334,168,326,172,FALSE,NA,TRUE,NA,0.719516111017424,0.0263689110174244,0.0263689110174244,0.0263689110174244,0.000695319468244848,0.484471287478924,0.95643645251367,1,0.892695180475392,-0.0235955195246079,0.0235955195246079,0.0235955195246079,0.000556748541636154,0.679266120702538,1.11195270839477,1,0.86582776046522,-0.16379123953478,0.16379123953478,0.16379123953478,0.0268275701483395,0.578318610064335,1.1582853383001,1,1.52592071117795,0.0259207111779529,0.0259207111779529,0.0259207111779529,0.000671883267970853,1.4895116191847,1.58054542109545,1,1.80147715792546,0.0014771579254591,0.0014771579254591,0.0014771579254591,2.18199553674665e-06,1.7588336982075,1.86504495558438,1
34,"n1000-b1_2-b2_2p5-b3_2p8",1000,7,337,1,1,0.6931472,0.9162907,1.029619,1.5,1.8,1,1.3,0.07,336,166,324,174,FALSE,NA,TRUE,NA,0.699934088996741,0.00678688899674129,0.00678688899674129,0.00678688899674129,4.6061862254088e-05,0.459921950109224,0.936635116166525,1,0.892395763616135,-0.0238949363838649,0.0238949363838649,0.0238949363838649,0.000570967984788949,0.684585307406796,1.10384551652163,1,0.954058862331787,-0.0755601376682126,0.0755601376682126,0.0755601376682126,0.00570933440443924,0.663310785975264,1.24559467079234,1,1.52865281217196,0.0286528121719567,0.0286528121719567,0.0286528121719567,0.00082098364536143,1.48156130700732,1.6737756946152,1,1.81467341782524,0.0146734178252421,0.0146734178252421,0.0146734178252421,0.000215309190674133,1.7787555869137,1.87891715948373,1
34,"n1000-b1_2-b2_2p5-b3_2p8",1000,8,338,1,1,0.6931472,0.9162907,1.029619,1.5,1.8,1,1.3,0.071,347,164,338,151,FALSE,NA,TRUE,NA,0.721946903041697,0.0287997030416967,0.0287997030416967,0.0287997030416967,0.000829422895289912,0.477402057714769,0.969473539302667,1,0.901488694429875,-0.0148020055701255,0.0148020055701255,0.0148020055701255,0.000219099368898025,0.683075471833124,1.12843382564143,1,1.02693549671585,-0.00268350328414924,0.00268350328414924,0.00268350328414924,7.20118987603973e-06,0.72242691343715,1.32820514192065,1,1.50473829395089,0.00473829395088687,0.00473829395088687,0.00473829395088687,2.24514295650111e-05,1.46319589489602,1.54909903832364,1,1.80571304792177,0.00571304792177463,0.00571304792177463,0.00571304792177463,3.26389165564934e-05,1.75890757155566,1.87145164574734,1
34,"n1000-b1_2-b2_2p5-b3_2p8",1000,9,339,1,1,0.6931472,0.9162907,1.029619,1.5,1.8,1,1.3,0.09,346,161,335,158,FALSE,NA,TRUE,NA,0.637203054339497,-0.0559441456605028,0.0559441456605028,0.0559441456605028,0.00312974743368355,0.384524428875191,0.888157915592714,1,0.902809366599528,-0.0134813334004721,0.0134813334004721,0.0134813334004721,0.000181746350254684,0.677694047606761,1.13074812778901,1,1.1800461538376,0.150427153837602,0.150427153837602,0.150427153837602,0.0226283286116817,0.869640215688002,1.49007102215236,1,1.51874903830078,0.0187490383007844,0.0187490383007844,0.0187490383007844,0.000351526437204282,1.4480773840156,1.5736981706546,1,1.81117196043078,0.0111719604307783,0.0111719604307783,0.0111719604307783,0.000124812699866876,1.75161415033556,1.86390080949937,1
34,"n1000-b1_2-b2_2p5-b3_2p8",1000,10,340,1,1,0.6931472,0.9162907,1.029619,1.5,1.8,1,1.3,0.077,315,181,330,174,FALSE,NA,TRUE,NA,0.650598027892132,-0.0425491721078676,0.0425491721078676,0.0425491721078676,0.00181043204706494,0.417033016584807,0.885041429916709,1,0.886190756785453,-0.030099943214547,0.030099943214547,0.030099943214547,0.000906006581518955,0.678717990047403,1.09948614027951,1,1.07664121746925,0.0470222174692458,0.0470222174692458,0.0470222174692458,0.00221108893572505,0.782888873847613,1.36880768893291,1,1.45201601087249,-0.0479839891275149,0.0479839891275149,0.0479839891275149,0.00230246321258947,1.40700289034509,1.52595111481713,1,1.77146974869912,-0.0285302513008754,0.0285302513008754,0.0285302513008754,0.000813975239291102,1.73576039859873,1.81965508626018,1
35,"n1000-b1_2-b2_2p5-b3_2p8",1000,1,341,1,1,0.6931472,0.9162907,1.029619,1.5,1.8,1,1.3,0.082,336,166,352,146,FALSE,NA,TRUE,NA,0.690857252787508,-0.00228994721249232,0.00228994721249232,0.00228994721249232,5.24385823600133e-06,0.436038257965924,0.949484160732667,1,0.929707037313491,0.0134163373134908,0.0134163373134908,0.0134163373134908,0.000179998106909365,0.70959715158754,1.16345053226903,1,1.16194193335349,0.132322933353489,0.132322933353489,0.132322933353489,0.0175093586912719,0.848408898703122,1.46860234221569,1,1.58729879156752,0.0872987915675234,0.0872987915675234,0.0872987915675234,0.0076210790091499,1.49247046119545,1.69908492451492,1,1.8032500581671,0.00325005816710311,0.00325005816710311,0.00325005816710311,1.05628780895536e-05,1.67585657894851,1.95991177580957,1
35,"n1000-b1_2-b2_2p5-b3_2p8",1000,2,342,1,1,0.6931472,0.9162907,1.029619,1.5,1.8,1,1.3,0.083,337,171,328,164,FALSE,NA,TRUE,NA,0.444791417211755,-0.248355782788245,0.248355782788245,0.248355782788245,0.0616805948443621,0.202205773572272,0.685870687266211,0,0.915789994733073,-0.000500705266926915,0.000500705266926915,0.000500705266926915,2.50705764328353e-07,0.694888243906134,1.13955510631921,1,1.32386298058668,0.294243980586675,0.294243980586675,0.294243980586675,0.0865795201114916,1.02165924771358,1.62612427699774,1,1.49171870987393,-0.00828129012606849,0.00828129012606849,0.00828129012606849,6.85797661521194e-05,1.45238703392117,1.54124051322707,1,1.81672864148115,0.0167286414811521,0.0167286414811521,0.0167286414811521,0.000279847445804921,1.75885556056509,1.91744752581473,1
35,"n1000-b1_2-b2_2p5-b3_2p8",1000,3,343,1,1,0.6931472,0.9162907,1.029619,1.5,1.8,1,1.3,0.0570000000000001,331,177,320,172,FALSE,NA,TRUE,NA,0.608746388628992,-0.0844008113710083,0.0844008113710083,0.0844008113710083,0.00712349696008452,0.379497647743767,0.837174361099686,1,0.811081352523979,-0.105209347476021,0.105209347476021,0.105209347476021,0.0110690067963302,0.608263681347357,1.01978548956251,1,1.07899590784495,0.049376907844952,0.049376907844952,0.049376907844952,0.00243807902832888,0.789201256282801,1.37039863436084,1,1.49454852705377,-0.00545147294623183,0.00545147294623183,0.00545147294623183,2.97185572834975e-05,1.41620393206475,1.62171796447116,1,1.75613068879766,-0.0438693112023421,0.0438693112023421,0.0438693112023421,0.00192451646536793,1.6495095784057,1.86087925717035,1
35,"n1000-b1_2-b2_2p5-b3_2p8",1000,4,344,1,1,0.6931472,0.9162907,1.029619,1.5,1.8,1,1.3,0.0620000000000001,344,164,323,169,FALSE,NA,TRUE,NA,0.685703377055009,-0.00744382294499091,0.00744382294499091,0.00744382294499091,5.54105000363731e-05,0.451427545284127,0.923039837206073,1,0.925862193369016,0.00957149336901597,0.00957149336901597,0.00957149336901597,9.16134853131167e-05,0.716771745912585,1.13817746705062,1,0.894475378999116,-0.135143621000884,0.135143621000884,0.135143621000884,0.0182637982972306,0.605703121054717,1.18548860728203,1,1.52560747702685,0.0256074770268491,0.0256074770268491,0.0256074770268491,0.000655742879680603,1.48427050386276,1.59652390893481,1,1.77553778017173,-0.0244622198282667,0.0244622198282667,0.0244622198282667,0.000598400198926444,1.72421831815391,1.88213985904404,1
35,"n1000-b1_2-b2_2p5-b3_2p8",1000,5,345,1,1,0.6931472,0.9162907,1.029619,1.5,1.8,1,1.3,0.077,349,149,332,170,FALSE,NA,TRUE,NA,0.877750438131499,0.184603238131499,0.184603238131499,0.184603238131499,0.0340783555286351,0.617748864846137,1.13172384200581,1,1.14150404272549,0.225213342725486,0.225213342725486,0.225213342725486,0.0507210497415873,0.916355365250853,1.36787739827376,0,0.812388588073676,-0.217230411926324,0.217230411926324,0.217230411926324,0.0471890518656806,0.504856564751373,1.12101131489816,1,1.44332280852876,-0.0566771914712383,0.0566771914712383,0.0566771914712383,0.00321230403306741,1.38594776970798,1.54198892373849,1,1.76860204291828,-0.031397957081724,0.031397957081724,0.031397957081724,0.000985831708905782,1.6917873237144,1.83466384028518,1
35,"n1000-b1_2-b2_2p5-b3_2p8",1000,6,346,1,1,0.6931472,0.9162907,1.029619,1.5,1.8,1,1.3,0.07,333,179,312,176,FALSE,NA,TRUE,NA,0.776244181331823,0.0830969813318228,0.0830969813318228,0.0830969813318228,0.0069051083064613,0.540972539724535,1.0161670890698,1,0.952059633496381,0.035768933496381,0.035768933496381,0.035768933496381,0.00127941660346853,0.736958367796969,1.17229199996183,1,1.06409749295123,0.0344784929512343,0.0344784929512343,0.0344784929512343,0.00118876647618831,0.767006496448508,1.36655899164191,1,1.51209121613895,0.0120912161389504,0.0120912161389504,0.0120912161389504,0.000146197507718814,1.47400595448132,1.57644515325497,1,1.80857526450608,0.0085752645060817,0.0085752645060817,0.0085752645060817,7.35351613492647e-05,1.77297317393893,1.84960298304766,1
35,"n1000-b1_2-b2_2p5-b3_2p8",1000,7,347,1,1,0.6931472,0.9162907,1.029619,1.5,1.8,1,1.3,0.074,318,166,350,166,FALSE,NA,TRUE,NA,0.726286339216628,0.0331391392166281,0.0331391392166281,0.0331391392166281,0.00109820254801906,0.477658486719343,0.977882704510946,1,1.04702511395647,0.130734413956465,0.130734413956465,0.130734413956465,0.0170914869925404,0.832754986028195,1.26498715600701,1,0.954373815892032,-0.0752451841079678,0.0752451841079678,0.0752451841079678,0.00566183773144196,0.655659060019051,1.2556326975418,1,1.53910214791262,0.0391021479126152,0.0391021479126152,0.0391021479126152,0.00152897797138004,1.48953012191048,1.62576514889697,1,1.89550699085839,0.0955069908583936,0.0955069908583936,0.0955069908583936,0.00912158530282529,1.81363277881632,1.96903271029434,0
35,"n1000-b1_2-b2_2p5-b3_2p8",1000,8,348,1,1,0.6931472,0.9162907,1.029619,1.5,1.8,1,1.3,0.0629999999999999,342,159,341,158,FALSE,NA,TRUE,NA,0.645403469607872,-0.0477437303921284,0.0477437303921284,0.0477437303921284,0.00227946379175625,0.400612749473201,0.893880160814465,1,0.847681436800611,-0.068609263199389,0.068609263199389,0.068609263199389,0.00470723099676303,0.635356716499494,1.06823108641169,1,1.08613785205418,0.0565188520541802,0.0565188520541802,0.0565188520541802,0.00319438063752231,0.785356767176155,1.38275673659116,1,1.50226650032752,0.0022665003275173,0.0022665003275173,0.0022665003275173,5.13702373463601e-06,1.47073169375878,1.56910242961599,1,1.79804753281787,-0.00195246718212982,0.00195246718212982,0.00195246718212982,3.81212809729398e-06,1.74033825608522,1.86261754218169,1
35,"n1000-b1_2-b2_2p5-b3_2p8",1000,9,349,1,1,0.6931472,0.9162907,1.029619,1.5,1.8,1,1.3,0.09,330,162,340,168,FALSE,NA,TRUE,NA,0.77672300408793,0.0835758040879305,0.0835758040879305,0.0835758040879305,0.00698491502894415,0.527465164205355,1.02597122470187,1,1.16064852688681,0.244357826886808,0.244357826886808,0.244357826886808,0.0597107475608434,0.936142091896925,1.38862270289281,0,0.833553998263071,-0.196065001736929,0.196065001736929,0.196065001736929,0.0384414849061019,0.528308947109554,1.13487653473893,1,1.50282747691841,0.00282747691841312,0.00282747691841312,0.00282747691841312,7.99462572415895e-06,1.42270146065031,1.60884105110209,1,1.80374806248184,0.00374806248183912,0.00374806248183912,0.00374806248183912,1.404797236777e-05,1.7180247548966,1.86756152507324,1
35,"n1000-b1_2-b2_2p5-b3_2p8",1000,10,350,1,1,0.6931472,0.9162907,1.029619,1.5,1.8,1,1.3,0.07,338,167,360,135,FALSE,NA,TRUE,NA,0.662941745707469,-0.0302054542925311,0.0302054542925311,0.0302054542925311,0.000912369469018184,0.410661581216183,0.922884022901222,1,0.920497496440839,0.00420679644083854,0.00420679644083854,0.00420679644083854,1.76971362946519e-05,0.696936842562893,1.15016063154982,1,0.962888018672965,-0.0667309813270346,0.0667309813270346,0.0667309813270346,0.00445302386886904,0.658153995204944,1.26607558886648,1,1.53150363693998,0.0315036369399833,0.0315036369399833,0.0315036369399833,0.000992479140446278,1.49409909439588,1.65553173678372,1,1.72351607196842,-0.0764839280315772,0.0764839280315772,0.0764839280315772,0.00584979124713948,1.672433866897,1.7943985339973,0
36,"n1000-b1_2-b2_2p5-b3_2p8",1000,1,351,1,1,0.6931472,0.9162907,1.029619,1.5,1.8,1,1.3,0.094,333,161,324,182,FALSE,NA,TRUE,NA,0.64623073810289,-0.0469164618971103,0.0469164618971103,0.0469164618971103,0.002201154396943,0.404478730739993,0.887914174432911,1,1.05865620769747,0.142365507697467,0.142365507697467,0.142365507697467,0.0202679377819574,0.846688459961276,1.27727369625259,1,1.03460794013852,0.0049889401385248,0.0049889401385248,0.0049889401385248,2.48895237057838e-05,0.730946971171536,1.34076382208703,1,1.51235317539717,0.0123531753971686,0.0123531753971686,0.0123531753971686,0.000152600942393212,1.4850552660016,1.56465139313989,1,1.80762343353853,0.00762343353853234,0.00762343353853234,0.00762343353853234,5.81167389164198e-05,1.77724961861416,1.84868404968019,1
36,"n1000-b1_2-b2_2p5-b3_2p8",1000,2,352,1,1,0.6931472,0.9162907,1.029619,1.5,1.8,1,1.3,0.072,342,170,330,158,FALSE,NA,TRUE,NA,0.749123135880743,0.0559759358807428,0.0559759358807428,0.0559759358807428,0.00313330539772503,0.49394033055759,1.00658700876374,1,0.968621713611761,0.0523310136117613,0.0523310136117613,0.0523310136117613,0.00273853498563435,0.743408027197652,1.20036286055737,1,1.03129979089532,0.00168079089531936,0.00168079089531936,0.00168079089531936,2.82505803378846e-06,0.719461051107586,1.34010204080065,1,1.42225686104806,-0.0777431389519365,0.0777431389519365,0.0777431389519365,0.00604399565410011,1.39960615813862,1.44812007533681,0,1.74943603325824,-0.0505639667417592,0.0505639667417592,0.0505639667417592,0.00255671473266173,1.72829384913582,1.77867469322114,0
36,"n1000-b1_2-b2_2p5-b3_2p8",1000,3,353,1,1,0.6931472,0.9162907,1.029619,1.5,1.8,1,1.3,0.076,328,168,343,161,FALSE,NA,TRUE,NA,0.591491391948392,-0.101655808051608,0.101655808051608,0.101655808051608,0.0103339033106253,0.349858960590828,0.832994801019348,1,0.764136447557408,-0.152154252442592,0.152154252442592,0.152154252442592,0.0231509165363641,0.551296370581383,0.978985562879778,1,1.22796520437886,0.198346204378858,0.198346204378858,0.198346204378858,0.0393412167914995,0.93196723056939,1.52352558481986,1,1.4353528754041,-0.0646471245958953,0.0646471245958953,0.0646471245958953,0.00417925071851721,1.37964475670285,1.52222966777586,1,1.78250011874261,-0.0174998812573903,0.0174998812573903,0.0174998812573903,0.000306245844022761,1.74708254801924,1.84387349461834,1
36,"n1000-b1_2-b2_2p5-b3_2p8",1000,4,354,1,1,0.6931472,0.9162907,1.029619,1.5,1.8,1,1.3,0.079,329,179,323,169,FALSE,NA,TRUE,NA,0.667730812486336,-0.0254163875136635,0.0254163875136635,0.0254163875136635,0.000645992754244709,0.433520407844359,0.905220224435236,1,0.900986676780018,-0.0153040232199816,0.0153040232199816,0.0153040232199816,0.000234213126717736,0.691570926949567,1.11782385874705,1,0.987548002323409,-0.0420709976765909,0.0420709976765909,0.0420709976765909,0.00176996884550372,0.691905367214977,1.28186342778706,1,1.52590268424914,0.0259026842491419,0.0259026842491419,0.0259026842491419,0.000670949051310743,1.44663648550411,1.64219932965995,1,1.79342007330993,-0.00657992669007479,0.00657992669007479,0.00657992669007479,4.32954352467586e-05,1.70582243598675,1.90950850003796,1
36,"n1000-b1_2-b2_2p5-b3_2p8",1000,5,355,1,1,0.6931472,0.9162907,1.029619,1.5,1.8,1,1.3,0.077,341,167,316,176,FALSE,NA,TRUE,NA,0.708730866630787,0.0155836666307875,0.0155836666307875,0.0155836666307875,0.000242850665659519,0.470993523798541,0.943800532009838,1,0.852599073709859,-0.0636916262901406,0.0636916262901406,0.0636916262901406,0.00405662325948293,0.64095920422793,1.06488158956823,1,0.969330394860486,-0.0602886051395145,0.0602886051395145,0.0602886051395145,0.00363471590966829,0.678307093911625,1.25954392889716,1,1.51964053686838,0.0196405368683772,0.0196405368683772,0.0196405368683772,0.000385750688478084,1.46057520569715,1.57551013024475,1,1.79946929085582,-0.000530709144176189,0.000530709144176189,0.000530709144176189,2.81652195712223e-07,1.70741488833555,1.89786769453037,1
36,"n1000-b1_2-b2_2p5-b3_2p8",1000,6,356,1,1,0.6931472,0.9162907,1.029619,1.5,1.8,1,1.3,0.0669999999999999,329,188,353,130,FALSE,NA,TRUE,NA,0.53685473685507,-0.15629246314493,0.15629246314493,0.15629246314493,0.0244273340359093,0.290077707241684,0.787441194100879,1,0.858962325674666,-0.0573283743253342,0.0573283743253342,0.0573283743253342,0.00328654250278564,0.629365097278537,1.09401283183514,1,1.2661567462417,0.236537746241697,0.236537746241697,0.236537746241697,0.0559501053971014,0.962867906782184,1.5726130460387,1,1.47696335586829,-0.0230366441317122,0.0230366441317122,0.0230366441317122,0.000530686972851152,1.36504947030569,1.52791026161807,1,1.80065745141934,0.000657451419344701,0.000657451419344701,0.000657451419344701,4.32242368798362e-07,1.71483313905231,1.87280170772041,1
36,"n1000-b1_2-b2_2p5-b3_2p8",1000,7,357,1,1,0.6931472,0.9162907,1.029619,1.5,1.8,1,1.3,0.07,330,164,343,163,FALSE,NA,TRUE,NA,0.666460724910778,-0.0266864750892223,0.0266864750892223,0.0266864750892223,0.000712167952687681,0.425071476928739,0.909535054865214,1,0.934128136879226,0.017837436879226,0.017837436879226,0.017837436879226,0.000318174154420372,0.722375232158268,1.1502455221023,1,1.07610716449266,0.0464881644926609,0.0464881644926609,0.0464881644926609,0.0021611494378967,0.774743962941394,1.37041782713359,1,1.53339684849093,0.0333968484909297,0.0333968484909297,0.0333968484909297,0.00111534948912611,1.4574973349657,1.68445787981592,1,1.84537007655034,0.0453700765503438,0.0453700765503438,0.0453700765503438,0.00205844384618405,1.77873172365212,1.96703706823843,1
36,"n1000-b1_2-b2_2p5-b3_2p8",1000,8,358,1,1,0.6931472,0.9162907,1.029619,1.5,1.8,1,1.3,0.085,334,188,307,171,FALSE,NA,TRUE,NA,0.597972963349041,-0.0951742366509585,0.0951742366509585,0.0951742366509585,0.00905813532209265,0.365172040471237,0.835408900872257,1,0.874704144198545,-0.0415865558014548,0.0415865558014548,0.0415865558014548,0.00172944162342751,0.659754502431005,1.09501238964236,1,1.15394158172581,0.124322581725807,0.124322581725807,0.124322581725807,0.01545610432697,0.859638359962995,1.444476174854,1,1.49840111760092,-0.00159888239907868,0.00159888239907868,0.00159888239907868,2.5564249260836e-06,1.40747274524658,1.60337882520666,1,1.75188202393516,-0.04811797606484,0.04811797606484,0.04811797606484,0.00231533962057652,1.64932523320307,1.89395766647529,1
36,"n1000-b1_2-b2_2p5-b3_2p8",1000,9,359,1,1,0.6931472,0.9162907,1.029619,1.5,1.8,1,1.3,0.0639999999999999,343,161,342,154,FALSE,NA,TRUE,NA,0.661994119923593,-0.0311530800764065,0.0311530800764065,0.0311530800764065,0.000970514398246995,0.416021020688355,0.907456375213513,1,0.863335327263687,-0.0529553727363132,0.0529553727363132,0.0529553727363132,0.00280427150164187,0.647985415578929,1.08500713289742,1,0.954927621609022,-0.0746913783909784,0.0746913783909784,0.0746913783909784,0.00557880200594431,0.651280591049974,1.24960117864147,1,1.52859179193023,0.0285917919302348,0.0285917919302348,0.0285917919302348,0.000817490565781837,1.48789897185343,1.60643498359662,1,1.82190364696773,0.0219036469677276,0.0219036469677276,0.0219036469677276,0.000479769750486843,1.78524254394651,1.88238261566638,1
36,"n1000-b1_2-b2_2p5-b3_2p8",1000,10,360,1,1,0.6931472,0.9162907,1.029619,1.5,1.8,1,1.3,0.08,358,151,329,162,FALSE,NA,TRUE,NA,0.700801561604302,0.00765436160430233,0.00765436160430233,0.00765436160430233,5.85892515694177e-05,0.447311629518564,0.955289040612904,1,0.981650471101957,0.0653597711019571,0.0653597711019571,0.0653597711019571,0.00427189967850023,0.762280743759526,1.20136494258443,1,0.910624719221515,-0.118994280778485,0.118994280778485,0.118994280778485,0.014159638857989,0.608906354707623,1.21080406028553,1,1.55193088416929,0.0519308841692878,0.0519308841692878,0.0519308841692878,0.00269681673060399,1.48547929731414,1.6925588137603,1,1.8258208377501,0.0258208377501008,0.0258208377501008,0.0258208377501008,0.000666715662117031,1.77786992449598,1.90701136523396,1
37,"n1000-b1_2-b2_2p5-b3_2p8",1000,1,361,1,1,0.6931472,0.9162907,1.029619,1.5,1.8,1,1.3,0.071,361,161,319,159,FALSE,NA,TRUE,NA,0.764482233697712,0.0713350336977119,0.0713350336977119,0.0713350336977119,0.00508868703265369,0.515763887742557,1.01687859275693,1,1.05324997960596,0.136959279605962,0.136959279605962,0.136959279605962,0.0187578442701841,0.832141370084596,1.2809528675169,1,0.849514872234868,-0.180104127765132,0.180104127765132,0.180104127765132,0.032437496838039,0.55088630035575,1.14817239594794,1,1.49777300361839,-0.00222699638161017,0.00222699638161017,0.00222699638161017,4.95951288370479e-06,1.44196298567743,1.59164991644701,1,1.77488617087762,-0.0251138291223767,0.0251138291223767,0.0251138291223767,0.000630704413187936,1.72055793395728,1.83218089121896,1
37,"n1000-b1_2-b2_2p5-b3_2p8",1000,2,362,1,1,0.6931472,0.9162907,1.029619,1.5,1.8,1,1.3,0.079,318,172,328,182,FALSE,NA,TRUE,NA,0.714439258829977,0.0212920588299766,0.0212920588299766,0.0212920588299766,0.000453351769219186,0.480589001927935,0.947168401219193,1,0.980368071804313,0.0640773718043131,0.0640773718043131,0.0640773718043131,0.00410590957734817,0.768135681953863,1.19478294641544,1,1.15244341684801,0.122824416848007,0.122824416848007,0.122824416848007,0.0150858373740529,0.856879773600153,1.44573659878508,1,1.51490707896858,0.0149070789685788,0.0149070789685788,0.0149070789685788,0.000222221003375444,1.48546061498502,1.55852799876706,1,1.81639395809648,0.0163939580964787,0.0163939580964787,0.0163939580964787,0.0002687618620691,1.78106795730592,1.89081417787322,1
37,"n1000-b1_2-b2_2p5-b3_2p8",1000,3,363,1,1,0.6931472,0.9162907,1.029619,1.5,1.8,1,1.3,0.081,335,165,326,174,FALSE,NA,TRUE,NA,0.717035470365582,0.0238882703655816,0.0238882703655816,0.0238882703655816,0.000570649461059125,0.475174178504555,0.95888039245105,1,1.01262390914678,0.0963332091467812,0.0963332091467812,0.0963332091467812,0.00928008718451749,0.799219910634199,1.23053320084183,1,1.04049777710063,0.0108787771006311,0.0108787771006311,0.0108787771006311,0.000118347791205216,0.738355524963042,1.3357774787877,1,1.51334487147049,0.0133448714704874,0.0133448714704874,0.0133448714704874,0.000178085594563827,1.49278306592735,1.54026594456332,1,1.80573573603839,0.00573573603839117,0.00573573603839117,0.00573573603839117,3.28986679020992e-05,1.76698143347724,1.83843821967193,1
37,"n1000-b1_2-b2_2p5-b3_2p8",1000,4,364,1,1,0.6931472,0.9162907,1.029619,1.5,1.8,1,1.3,0.078,351,172,324,153,FALSE,NA,TRUE,NA,0.785216425844766,0.0920692258447663,0.0920692258447663,0.0920692258447663,0.00847674234765458,0.53696268101207,1.03257724258645,1,0.963513464188558,0.0472227641885579,0.0472227641885579,0.0472227641885579,0.00222998945760814,0.738875969695549,1.18994485415934,1,1.03033111497059,0.000712114970585764,0.000712114970585764,0.000712114970585764,5.07107731332364e-07,0.727312510801389,1.33626760926021,1,1.48640985749878,-0.0135901425012155,0.0135901425012155,0.0135901425012155,0.000184691973203343,1.40027881568198,1.55706241234282,1,1.79073517081757,-0.00926482918242511,0.00926482918242511,0.00926482918242511,8.58370597795158e-05,1.65598812207722,1.91615031772208,1
37,"n1000-b1_2-b2_2p5-b3_2p8",1000,5,365,1,1,0.6931472,0.9162907,1.029619,1.5,1.8,1,1.3,0.075,330,164,346,160,FALSE,NA,TRUE,NA,0.965277881258776,0.272130681258776,0.272130681258776,0.272130681258776,0.0740551076823656,0.714349508879133,1.21519966526501,0,1.08273005786312,0.16643935786312,0.16643935786312,0.16643935786312,0.0277020598458877,0.856539215140755,1.30695162564038,1,0.657212376704339,-0.372406623295661,0.372406623295661,0.372406623295661,0.138686693074476,0.356352669868592,0.957423687805409,0,1.46551691877048,-0.0344830812295174,0.0344830812295174,0.0344830812295174,0.00118908289108149,1.41167168554334,1.53107029045665,1,1.80059654272641,0.000596542726405414,0.000596542726405414,0.000596542726405414,3.55863224427204e-07,1.74741118693931,1.91240611583039,1
37,"n1000-b1_2-b2_2p5-b3_2p8",1000,6,366,1,1,0.6931472,0.9162907,1.029619,1.5,1.8,1,1.3,0.07,323,163,326,188,FALSE,NA,TRUE,NA,0.759338562416742,0.0661913624167418,0.0661913624167418,0.0661913624167418,0.00438129645858446,0.524183741456055,0.99542493433826,1,0.807828210283922,-0.108462489716078,0.108462489716078,0.108462489716078,0.0117641116754102,0.60551426782364,1.01358557056633,1,0.869916618998792,-0.159702381001208,0.159702381001208,0.159702381001208,0.0255048504974549,0.580075485610757,1.16186802562318,1,1.43341571918465,-0.0665842808153454,0.0665842808153454,0.0665842808153454,0.00443346645169677,1.34436849512485,1.54926973094028,1,1.6860594184072,-0.113940581592804,0.113940581592804,0.113940581592804,0.0129824561337063,1.61511264791497,1.80863478840246,1
37,"n1000-b1_2-b2_2p5-b3_2p8",1000,7,367,1,1,0.6931472,0.9162907,1.029619,1.5,1.8,1,1.3,0.07,321,176,337,166,FALSE,NA,TRUE,NA,0.691576999456722,-0.00157020054327828,0.00157020054327828,0.00157020054327828,2.4655297461114e-06,0.453764827817039,0.932043193349102,1,0.971434612934767,0.0551439129347671,0.0551439129347671,0.0551439129347671,0.00304085113375717,0.756402362905651,1.18928693013264,1,1.10458744908219,0.0749684490821914,0.0749684490821914,0.0749684490821914,0.00562026835778912,0.808365582378891,1.39956619267466,1,1.50005131001432,5.13100143249012e-05,5.13100143249012e-05,5.13100143249012e-05,2.63271757002157e-09,1.47315778907769,1.56036927258744,1,1.79184029716623,-0.00815970283376877,0.00815970283376877,0.00815970283376877,6.6580750335414e-05,1.74555010570393,1.90364994591124,1
37,"n1000-b1_2-b2_2p5-b3_2p8",1000,8,368,1,1,0.6931472,0.9162907,1.029619,1.5,1.8,1,1.3,0.078,368,161,323,148,FALSE,NA,TRUE,NA,0.819036629338963,0.125889429338963,0.125889429338963,0.125889429338963,0.0158481484192898,0.565796940417092,1.07748230501125,1,0.945820093937635,0.0295293939376352,0.0295293939376352,0.0295293939376352,0.000871985106324047,0.718027227815307,1.17833882493701,1,1.04932614476074,0.019707144760742,0.019707144760742,0.019707144760742,0.00038837155462084,0.737905995247273,1.36171970211553,1,1.53856189877609,0.0385618987760927,0.0385618987760927,0.0385618987760927,0.00148702003721762,1.5053794398694,1.58525629242371,0,1.87519788244324,0.0751978824432364,0.0751978824432364,0.0751978824432364,0.00565472152394681,1.80796093549528,1.94950795862126,0
37,"n1000-b1_2-b2_2p5-b3_2p8",1000,9,369,1,1,0.6931472,0.9162907,1.029619,1.5,1.8,1,1.3,0.074,324,159,356,161,FALSE,NA,TRUE,NA,0.711399906714299,0.0182527067142991,0.0182527067142991,0.0182527067142991,0.00033316130239822,0.46556298398691,0.960982329262297,1,0.966788040240708,0.0504973402407075,0.0504973402407075,0.0504973402407075,0.00254998137138578,0.750459379658875,1.18446380237106,1,0.860743578260888,-0.168875421739112,0.168875421739112,0.168875421739112,0.0285189080675629,0.558208300857039,1.15863771490131,1,1.51291184853839,0.0129118485383866,0.0129118485383866,0.0129118485383866,0.000166715832678235,1.45641347111901,1.55795091514466,1,1.79960981519958,-0.000390184800419524,0.000390184800419524,0.000390184800419524,1.52244178478424e-07,1.73851129074904,1.83224076079964,1
37,"n1000-b1_2-b2_2p5-b3_2p8",1000,10,370,1,1,0.6931472,0.9162907,1.029619,1.5,1.8,1,1.3,0.079,307,169,350,174,FALSE,NA,TRUE,NA,0.617973246963372,-0.0751739530366277,0.0751739530366277,0.0751739530366277,0.0056511232151531,0.381138038778003,0.860169151465856,1,0.921955779795102,0.005665079795102,0.005665079795102,0.005665079795102,3.20931290848729e-05,0.713657833373287,1.13430647322025,1,0.923912585632558,-0.105706414367442,0.105706414367442,0.105706414367442,0.0111738460384214,0.632189189635262,1.21794014229126,1,1.44290655379108,-0.0570934462089179,0.0570934462089179,0.0570934462089179,0.0032596616000106,1.37026267640197,1.57862530809429,1,1.70032306741441,-0.0996769325855906,0.0996769325855906,0.0996769325855906,0.00993549088967238,1.60210890145529,1.85571236613836,1
38,"n1000-b1_2-b2_2p5-b3_2p8",1000,1,371,1,1,0.6931472,0.9162907,1.029619,1.5,1.8,1,1.3,0.071,349,153,322,176,FALSE,NA,TRUE,NA,0.408271590562835,-0.284875609437165,0.284875609437165,0.284875609437165,0.0811541128521963,0.171453274451038,0.64542701775855,0,0.83955986459586,-0.0767308354041398,0.0767308354041398,0.0767308354041398,0.0058876211018172,0.6326412529543,1.0508874861432,1,1.45727927149448,0.427660271494481,0.427660271494481,0.427660271494481,0.182893307814733,1.15699393742514,1.75274349082611,0,1.52905920548365,0.0290592054836496,0.0290592054836496,0.0290592054836496,0.000844437423340971,1.48440441683185,1.58651691474946,1,1.84138549390865,0.0413854939086482,0.0413854939086482,0.0413854939086482,0.00171275910606276,1.75861334451967,1.93818381401611,1
38,"n1000-b1_2-b2_2p5-b3_2p8",1000,2,372,1,1,0.6931472,0.9162907,1.029619,1.5,1.8,1,1.3,0.08,314,175,329,182,FALSE,NA,TRUE,NA,0.795660772650677,0.102513572650677,0.102513572650677,0.102513572650677,0.0105090325776056,0.561309922712981,1.03373597246552,1,1.04939161230435,0.133100912304355,0.133100912304355,0.133100912304355,0.0177158528562515,0.831684765067002,1.267823113748,1,0.911378975109279,-0.118240024890721,0.118240024890721,0.118240024890721,0.0139807034861584,0.611558381598187,1.20854529981016,1,1.50310773815736,0.00310773815736187,0.00310773815736187,0.00310773815736187,9.65803645472296e-06,1.48953953015423,1.52458215310317,1,1.81012674960678,0.0101267496067754,0.0101267496067754,0.0101267496067754,0.000102551057598326,1.79207671456369,1.85204222522769,1
38,"n1000-b1_2-b2_2p5-b3_2p8",1000,3,373,1,1,0.6931472,0.9162907,1.029619,1.5,1.8,1,1.3,0.074,343,175,319,163,FALSE,NA,TRUE,NA,0.72745070207185,0.0343035020718498,0.0343035020718498,0.0343035020718498,0.00117673025439341,0.484346465016325,0.972619198204423,1,0.833995150641438,-0.0822955493585618,0.0822955493585618,0.0822955493585618,0.00677255744422747,0.616814515392006,1.05364900106819,1,1.14557389974242,0.115954899742424,0.115954899742424,0.115954899742424,0.0134455387742757,0.842321512474291,1.44479533286257,1,1.41677673190415,-0.0832232680958496,0.0832232680958496,0.0832232680958496,0.00692611235255365,1.32960941515945,1.52929307463821,1,1.72634187130075,-0.0736581286992517,0.0736581286992517,0.0736581286992517,0.00542551992347553,1.6673933210054,1.82508100538138,1
38,"n1000-b1_2-b2_2p5-b3_2p8",1000,4,374,1,1,0.6931472,0.9162907,1.029619,1.5,1.8,1,1.3,0.0659999999999999,366,167,313,154,FALSE,NA,TRUE,NA,0.579465798894869,-0.113681401105131,0.113681401105131,0.113681401105131,0.0129234609572257,0.340392670825126,0.819966044522124,1,0.799204792797868,-0.117085907202132,0.117085907202132,0.117085907202132,0.0137091096653463,0.584459565812187,1.01746518914194,1,1.09287641634596,0.0632574163459549,0.0632574163459549,0.0632574163459549,0.00400150072276549,0.792421204839069,1.3853856338492,1,1.50490906683533,0.00490906683532755,0.00490906683532755,0.00490906683532755,2.40989371937128e-05,1.4462951274756,1.57537929864308,1,1.80166367971198,0.00166367971197601,0.00166367971197601,0.00166367971197601,2.76783018404057e-06,1.71966084821333,1.89516892932068,1
38,"n1000-b1_2-b2_2p5-b3_2p8",1000,5,375,1,1,0.6931472,0.9162907,1.029619,1.5,1.8,1,1.3,0.0629999999999999,335,159,345,161,FALSE,NA,TRUE,NA,0.797160635324658,0.104013435324658,0.104013435324658,0.104013435324658,0.0108187947280369,0.557974837201319,1.03902622406679,1,0.954403705993642,0.0381130059936415,0.0381130059936415,0.0381130059936415,0.00145260122587136,0.739308560386159,1.17530187944629,1,0.978050077785244,-0.0515689222147561,0.0515689222147561,0.0515689222147561,0.00265935373839156,0.675030300532627,1.28045099252898,1,1.52422748771598,0.0242274877159756,0.0242274877159756,0.0242274877159756,0.000586971161027749,1.49108376614328,1.61420127598167,1,1.82311426310721,0.0231142631072148,0.0231142631072148,0.0231142631072148,0.000534269158989549,1.7836848586458,1.89847416755376,1
38,"n1000-b1_2-b2_2p5-b3_2p8",1000,6,376,1,1,0.6931472,0.9162907,1.029619,1.5,1.8,1,1.3,0.072,325,163,353,159,FALSE,NA,TRUE,NA,0.659646489386728,-0.0335007106132721,0.0335007106132721,0.0335007106132721,0.0011222976115942,0.418395263486614,0.901131029667181,1,0.798281670861099,-0.118009029138901,0.118009029138901,0.118009029138901,0.013926130958306,0.59110122494633,1.0114168870076,1,1.14031036447143,0.110691364471426,0.110691364471426,0.110691364471426,0.012252578168546,0.847111270896678,1.43188966675042,1,1.52954753113967,0.0295475311396656,0.0295475311396656,0.0295475311396656,0.000873056596449507,1.49803071488934,1.56136197965033,1,1.81035126819459,0.0103512681945932,0.0103512681945932,0.0103512681945932,0.000107148753236397,1.78076906503713,1.86036552324844,1
38,"n1000-b1_2-b2_2p5-b3_2p8",1000,7,377,1,1,0.6931472,0.9162907,1.029619,1.5,1.8,1,1.3,0.073,343,164,345,148,FALSE,NA,TRUE,NA,0.651828782097848,-0.0413184179021524,0.0413184179021524,0.0413184179021524,0.00170721165793691,0.402264121434194,0.900513493459846,1,0.977715809702628,0.061425109702628,0.061425109702628,0.061425109702628,0.00377304410197989,0.754329188084773,1.20460826372364,1,1.07861994028494,0.0490009402849367,0.0490009402849367,0.0490009402849367,0.00240109214880794,0.778899116272839,1.38153301829691,1,1.53680220580082,0.0368022058008177,0.0368022058008177,0.0368022058008177,0.00135440235180574,1.49066491678533,1.61735888001377,1,1.88702268137814,0.0870226813781407,0.0870226813781407,0.0870226813781407,0.0075729470742414,1.74173718613551,2.09415269124658,1
38,"n1000-b1_2-b2_2p5-b3_2p8",1000,8,378,1,1,0.6931472,0.9162907,1.029619,1.5,1.8,1,1.3,0.076,324,183,328,165,FALSE,NA,TRUE,NA,0.817659843432057,0.124512643432057,0.124512643432057,0.124512643432057,0.0155033983744386,0.580675595452845,1.05615216825969,1,0.969711510288279,0.0534208102882789,0.0534208102882789,0.0534208102882789,0.00285378297185629,0.751551070239339,1.19328638533866,1,0.7859910253403,-0.243627974659701,0.243627974659701,0.243627974659701,0.0593545900367877,0.494013730458798,1.0776996459362,1,1.54594832261116,0.0459483226111632,0.0459483226111632,0.0459483226111632,0.00211124835077953,1.48086157265235,1.72993892164035,1,1.81620180173051,0.0162018017305143,0.0162018017305143,0.0162018017305143,0.000262498379314897,1.75842816271825,1.96023467997335,1
38,"n1000-b1_2-b2_2p5-b3_2p8",1000,9,379,1,1,0.6931472,0.9162907,1.029619,1.5,1.8,1,1.3,0.0659999999999999,332,145,355,168,FALSE,NA,TRUE,NA,0.562862066350213,-0.130285133649787,0.130285133649787,0.130285133649787,0.0169742160501428,0.31966287049593,0.806226909677666,1,0.785711484356028,-0.130579215643972,0.130579215643972,0.130579215643972,0.0170509315581951,0.582883669009449,0.993538791041717,1,1.17651788835837,0.146898888358368,0.146898888358368,0.146898888358368,0.0215792834009242,0.882009917249406,1.47243804278856,1,1.47059768342072,-0.0294023165792756,0.0294023165792756,0.0294023165792756,0.000864496220227945,1.43727342961148,1.5438912394101,1,1.79985232164023,-0.000147678359773362,0.000147678359773362,0.000147678359773362,2.18088979453506e-08,1.71330058244125,1.87094857948447,1
38,"n1000-b1_2-b2_2p5-b3_2p8",1000,10,380,1,1,0.6931472,0.9162907,1.029619,1.5,1.8,1,1.3,0.0600000000000001,350,154,330,166,FALSE,NA,TRUE,NA,0.728682798051332,0.0355355980513318,0.0355355980513318,0.0355355980513318,0.00126277872886581,0.488084545549736,0.975250944679534,1,0.743773299901265,-0.172517400098735,0.172517400098735,0.172517400098735,0.0297622533368269,0.535380322446306,0.954671234782783,1,1.09508816734611,0.0654691673461134,0.0654691673461134,0.0654691673461134,0.0042862118729934,0.792590781351192,1.39319183255792,1,1.47706943702061,-0.0229305629793879,0.0229305629793879,0.0229305629793879,0.000525810718551674,1.43169551997269,1.53861074811534,1,1.76493695396158,-0.0350630460384196,0.0350630460384196,0.0350630460384196,0.00122941719749233,1.69370967633501,1.85036812563266,1
39,"n1000-b1_2-b2_2p5-b3_2p8",1000,1,381,1,1,0.6931472,0.9162907,1.029619,1.5,1.8,1,1.3,0.072,312,164,352,172,FALSE,NA,TRUE,NA,0.833771012543374,0.140623812543374,0.140623812543374,0.140623812543374,0.019775056654234,0.591937833595626,1.07750847954609,1,0.99820196188845,0.0819112618884501,0.0819112618884501,0.0819112618884501,0.00670945482415826,0.788102940625082,1.21063819819074,1,0.855761455292731,-0.173857544707269,0.173857544707269,0.173857544707269,0.0302264458516401,0.560107286015583,1.15126931379815,1,1.49492673092827,-0.00507326907173056,0.00507326907173056,0.00507326907173056,2.57380590741778e-05,1.45842948819983,1.57179787001208,1,1.78913800296659,-0.0108619970334114,0.0108619970334114,0.0108619970334114,0.000117982979553838,1.75911172683127,1.84642842274537,1
39,"n1000-b1_2-b2_2p5-b3_2p8",1000,2,382,1,1,0.6931472,0.9162907,1.029619,1.5,1.8,1,1.3,0.0679999999999999,338,177,319,166,FALSE,NA,TRUE,NA,0.69464913741561,0.00150193741560978,0.00150193741560978,0.00150193741560978,2.25581600040858e-06,0.457487380905474,0.932270131497046,1,0.91874114483382,0.00245044483381984,0.00245044483381984,0.00245044483381984,6.00467988359436e-06,0.705258797667692,1.13584314861995,1,1.08257416976127,0.052955169761274,0.052955169761274,0.052955169761274,0.00280425000444535,0.78229046130999,1.37932606789499,1,1.42411442970564,-0.0758855702943648,0.0758855702943648,0.0758855702943648,0.00575861977890098,1.39738990478941,1.48036204055281,0,1.75077430293284,-0.049225697067161,0.049225697067161,0.049225697067161,0.0024231692517479,1.7015234005621,1.83421199921297,1
39,"n1000-b1_2-b2_2p5-b3_2p8",1000,3,383,1,1,0.6931472,0.9162907,1.029619,1.5,1.8,1,1.3,0.087,330,176,329,165,FALSE,NA,TRUE,NA,0.799922826485884,0.106775626485884,0.106775626485884,0.106775626485884,0.0114010344114531,0.549667680870588,1.05039652832446,1,1.23047691150974,0.314186211509739,0.314186211509739,0.314186211509739,0.0987129755028425,1.00490074519209,1.46305134284072,0,0.859941815015204,-0.169677184984796,0.169677184984796,0.169677184984796,0.0287903471043648,0.557377540330263,1.16313433508048,1,1.50112081214583,0.00112081214582815,0.00112081214582815,0.00112081214582815,1.25621986623591e-06,1.45403362069335,1.5891962651493,1,1.78847720615854,-0.0115227938414584,0.0115227938414584,0.0115227938414584,0.000132774777912751,1.70745626453184,1.86089132518892,1
39,"n1000-b1_2-b2_2p5-b3_2p8",1000,4,384,1,1,0.6931472,0.9162907,1.029619,1.5,1.8,1,1.3,0.081,326,180,315,179,FALSE,NA,TRUE,NA,0.663442011596734,-0.0297051884032662,0.0297051884032662,0.0297051884032662,0.00088239821807354,0.430845904704552,0.894124464702655,1,0.699752705401098,-0.216537994598902,0.216537994598902,0.216537994598902,0.0468887031049143,0.490630747236545,0.907738524000879,0,1.15112333579829,0.12150433579829,0.12150433579829,0.12150433579829,0.0147633036177837,0.856802406366699,1.44455300338776,1,1.51641845940171,0.0164184594017076,0.0164184594017076,0.0164184594017076,0.000269565809125521,1.44210829522224,1.60755063728399,1,1.83595253301908,0.0359525330190822,0.0359525330190822,0.0359525330190822,0.0012925846304882,1.67329105013131,1.93181553076852,1
39,"n1000-b1_2-b2_2p5-b3_2p8",1000,5,385,1,1,0.6931472,0.9162907,1.029619,1.5,1.8,1,1.3,0.0610000000000001,354,166,322,158,FALSE,NA,TRUE,NA,0.536667946326143,-0.156479253673857,0.156479253673857,0.156479253673857,0.0244857568303273,0.298195278268182,0.775509451712264,1,0.902774204169057,-0.0135164958309427,0.0135164958309427,0.0135164958309427,0.000182695659547892,0.691016910399588,1.12067548951557,1,1.19591418648773,0.16629518648773,0.16629518648773,0.16629518648773,0.0276540890489889,0.899081368477159,1.49255157543567,1,1.47744091465279,-0.0225590853472148,0.0225590853472148,0.0225590853472148,0.000508912331702924,1.34615720757647,1.56911627515448,1,1.84366007514011,0.0436600751401059,0.0436600751401059,0.0436600751401059,0.0019062021612397,1.74483571973671,1.97526941253853,1
39,"n1000-b1_2-b2_2p5-b3_2p8",1000,6,386,1,1,0.6931472,0.9162907,1.029619,1.5,1.8,1,1.3,0.069,341,150,339,170,FALSE,NA,TRUE,NA,0.783444509108881,0.0902973091088811,0.0902973091088811,0.0902973091088811,0.00815360403230483,0.531287061880506,1.03326397608317,1,1.04103311870935,0.124742418709348,0.124742418709348,0.124742418709348,0.0155606710254582,0.825108487925619,1.26015101459966,1,1.00416719657515,-0.0254518034248516,0.0254518034248516,0.0254518034248516,0.00064779429757729,0.696001131723313,1.31009914573822,1,1.44522921853666,-0.0547707814633425,0.0547707814633425,0.0547707814633425,0.00299983850210522,1.33803941098085,1.5357117620691,1,1.74570201977031,-0.0542979802296883,0.0542979802296883,0.0542979802296883,0.00294827065702363,1.65604267858902,1.85354385517833,1
39,"n1000-b1_2-b2_2p5-b3_2p8",1000,7,387,1,1,0.6931472,0.9162907,1.029619,1.5,1.8,1,1.3,0.0629999999999999,320,164,339,177,FALSE,NA,TRUE,NA,0.530717954351093,-0.162429245648907,0.162429245648907,0.162429245648907,0.0263832598420729,0.30309345093492,0.760832891744073,1,0.725852743641494,-0.190437956358506,0.190437956358506,0.190437956358506,0.0362666152220041,0.528845647196305,0.929308593085273,1,1.14038804415117,0.110769044151172,0.110769044151172,0.110769044151172,0.0122697811421643,0.852698345674929,1.42818751537651,1,1.55951916479912,0.0595191647991211,0.0595191647991211,0.0595191647991211,0.00354253097838494,1.47775817357291,1.68548893682715,1,1.82509520419076,0.0250952041907602,0.0250952041907602,0.0250952041907602,0.000629769273375947,1.72283358543948,1.98653270064719,1
39,"n1000-b1_2-b2_2p5-b3_2p8",1000,8,388,1,1,0.6931472,0.9162907,1.029619,1.5,1.8,1,1.3,0.077,338,174,321,167,FALSE,NA,TRUE,NA,0.722972172507096,0.029824972507096,0.029824972507096,0.029824972507096,0.000889528985049034,0.479000071240177,0.96974296904131,1,0.954423722163161,0.0381330221631612,0.0381330221631612,0.0381330221631612,0.00145412737929614,0.732728439625854,1.17621586757329,1,0.883947485357069,-0.145671514642931,0.145671514642931,0.145671514642931,0.0212201901783658,0.581559750671788,1.181613501528,1,1.47795303971792,-0.0220469602820752,0.0220469602820752,0.0220469602820752,0.000486068457679401,1.44876561313955,1.53925135106355,1,1.7403767884674,-0.0596232115325988,0.0596232115325988,0.0596232115325988,0.00355492735346102,1.66584946885428,1.85981333323562,1
39,"n1000-b1_2-b2_2p5-b3_2p8",1000,9,389,1,1,0.6931472,0.9162907,1.029619,1.5,1.8,1,1.3,0.071,318,175,337,170,FALSE,NA,TRUE,NA,0.51890755057751,-0.17423964942249,0.17423964942249,0.17423964942249,0.0303594554308721,0.285862380094555,0.74955343331807,1,0.736940415206526,-0.179350284793474,0.179350284793474,0.179350284793474,0.0321665246555003,0.531378246984744,0.949158368670179,1,1.19418717764518,0.164568177645183,0.164568177645183,0.164568177645183,0.0270826850934565,0.898903912391554,1.48857942786317,1,1.46291573223491,-0.0370842677650884,0.0370842677650884,0.0370842677650884,0.00137524291567278,1.42607153028736,1.50943590892917,1,1.78737085218976,-0.0126291478102352,0.0126291478102352,0.0126291478102352,0.000159495374412768,1.74432682465609,1.85145400565481,1
39,"n1000-b1_2-b2_2p5-b3_2p8",1000,10,390,1,1,0.6931472,0.9162907,1.029619,1.5,1.8,1,1.3,0.072,348,139,361,152,FALSE,NA,TRUE,NA,0.703224390230775,0.0100771902307747,0.0100771902307747,0.0100771902307747,0.000101549762947221,0.44205650458613,0.964750364294798,1,0.957570836841477,0.0412801368414769,0.0412801368414769,0.0412801368414769,0.00170404969765106,0.737745081789648,1.18632866994744,1,1.03765059448613,0.00803159448613133,0.00803159448613133,0.00803159448613133,6.45065099896552e-05,0.724468517553695,1.34715638511958,1,1.48358323988701,-0.0164167601129852,0.0164167601129852,0.0164167601129852,0.000269510012607302,1.43442874782508,1.59960311580796,1,1.75141892263352,-0.0485810773664812,0.0485810773664812,0.0485810773664812,0.00236012107808803,1.701393086578,1.84504374782997,1
40,"n1000-b1_2-b2_2p5-b3_2p8",1000,1,391,1,1,0.6931472,0.9162907,1.029619,1.5,1.8,1,1.3,0.052,333,173,338,156,FALSE,NA,TRUE,NA,0.687891598265003,-0.00525560173499728,0.00525560173499728,0.00525560173499728,2.76213495969065e-05,0.45075928619247,0.924054547059642,1,0.792746380654655,-0.123544319345345,0.123544319345345,0.123544319345345,0.0152631988425046,0.584411124501515,1.00164765270322,1,1.05570460365556,0.0260856036555628,0.0260856036555628,0.0260856036555628,0.00068045871807511,0.769019752493937,1.34307530569537,1,1.48852116144438,-0.0114788385556204,0.0114788385556204,0.0114788385556204,0.000131763734585997,1.45131760031182,1.57298381190316,1,1.78034074835661,-0.0196592516433867,0.0196592516433867,0.0196592516433867,0.000386486175178001,1.73601029150103,1.84242156402138,1
40,"n1000-b1_2-b2_2p5-b3_2p8",1000,2,392,1,1,0.6931472,0.9162907,1.029619,1.5,1.8,1,1.3,0.073,354,156,297,193,FALSE,NA,TRUE,NA,0.503386214768486,-0.189760985231514,0.189760985231514,0.189760985231514,0.0360092315160347,0.273947861153128,0.732498600421992,1,0.903062115418096,-0.0132285845819043,0.0132285845819043,0.0132285845819043,0.000174995450040597,0.699338932282682,1.11473647658439,1,1.18226984535487,0.152650845354871,0.152650845354871,0.152650845354871,0.0233022805875567,0.88624643640504,1.47421572923168,1,1.51952636059491,0.0195263605949094,0.0195263605949094,0.0195263605949094,0.000381278758082431,1.4865865215103,1.56213886666865,1,1.83592249912477,0.0359224991247713,0.0359224991247713,0.0359224991247713,0.00129042594336919,1.78868125864985,1.90073242986274,1
40,"n1000-b1_2-b2_2p5-b3_2p8",1000,3,393,1,1,0.6931472,0.9162907,1.029619,1.5,1.8,1,1.3,0.0669999999999999,360,169,296,175,FALSE,NA,TRUE,NA,0.660168271224148,-0.0329789287758523,0.0329789287758523,0.0329789287758523,0.00108760974320274,0.429417228020983,0.894238505424421,1,0.878503787658549,-0.0377869123414506,0.0377869123414506,0.0377869123414506,0.00142785074430047,0.664980529578461,1.09373105227708,1,1.01852035430937,-0.0110986456906275,0.0110986456906275,0.0110986456906275,0.000123179936166084,0.728076047347079,1.31287729012833,1,1.59524840657294,0.0952484065729422,0.0952484065729422,0.0952484065729422,0.0090722589546845,1.45487423438257,1.72119589215537,1,1.8264736867417,0.0264736867416999,0.0264736867416999,0.0264736867416999,0.000700856089697658,1.6917654487849,1.95043540811637,1
40,"n1000-b1_2-b2_2p5-b3_2p8",1000,4,394,1,1,0.6931472,0.9162907,1.029619,1.5,1.8,1,1.3,0.086,345,164,307,184,FALSE,NA,TRUE,NA,0.740449698545347,0.0473024985453472,0.0473024985453472,0.0473024985453472,0.00223752636863257,0.505791601516811,0.976332149941638,1,1.01898792927217,0.102697229272169,0.102697229272169,0.102697229272169,0.0105467209001805,0.810726680076624,1.23081664359243,1,0.932501968722759,-0.0971170312772414,0.0971170312772414,0.0971170312772414,0.00943171776410468,0.637607352246978,1.22699094041571,1,1.53036853190069,0.0303685319006857,0.0303685319006857,0.0303685319006857,0.000922247729802963,1.4675580929489,1.59692164448245,1,1.85119532271328,0.0511953227132798,0.0511953227132798,0.0511953227132798,0.00262096106771686,1.78856747637092,1.97613132309906,1
40,"n1000-b1_2-b2_2p5-b3_2p8",1000,5,395,1,1,0.6931472,0.9162907,1.029619,1.5,1.8,1,1.3,0.073,322,171,322,185,FALSE,NA,TRUE,NA,0.68221204031751,-0.0109351596824899,0.0109351596824899,0.0109351596824899,0.000119577717281553,0.455340701300009,0.917120074049665,1,0.701484935750346,-0.214805764249654,0.214805764249654,0.214805764249654,0.0461415163548778,0.500235883275575,0.907979757526052,0,1.1694793024581,0.139860302458096,0.139860302458096,0.139860302458096,0.0195609042036702,0.877078354690223,1.46121521566305,1,1.47398131642975,-0.0260186835702469,0.0260186835702469,0.0260186835702469,0.000676971894728638,1.39051385396694,1.56741323164365,1,1.776734186015,-0.0232658139850015,0.0232658139850015,0.0232658139850015,0.000541298100384691,1.72903080704565,1.83787131712559,1
40,"n1000-b1_2-b2_2p5-b3_2p8",1000,6,396,1,1,0.6931472,0.9162907,1.029619,1.5,1.8,1,1.3,0.077,316,179,315,190,FALSE,NA,TRUE,NA,0.783273951368421,0.0901267513684206,0.0901267513684206,0.0901267513684206,0.00812283131222511,0.557782601037595,1.00917478039971,1,0.888069031606199,-0.028221668393801,0.028221668393801,0.028221668393801,0.000796462566929668,0.683923307386442,1.09374512764525,1,1.04403307902023,0.0144140790202252,0.0144140790202252,0.0144140790202252,0.000207765674001296,0.75378650114998,1.33681247463572,1,1.53496113560185,0.0349611356018471,0.0349611356018471,0.0349611356018471,0.00122228100257074,1.47815028729758,1.622460030535,1,1.85935396742838,0.0593539674283823,0.0593539674283823,0.0593539674283823,0.00352289344948946,1.75927950955903,2.03341247978084,1
40,"n1000-b1_2-b2_2p5-b3_2p8",1000,7,397,1,1,0.6931472,0.9162907,1.029619,1.5,1.8,1,1.3,0.079,335,167,325,173,FALSE,NA,TRUE,NA,0.820855147448062,0.127707947448062,0.127707947448062,0.127707947448062,0.0163093198413969,0.583652836083441,1.05903908759794,1,1.0216659730766,0.105375273076599,0.105375273076599,0.105375273076599,0.0111039481759678,0.807541095719613,1.24122440552243,1,0.864338408732426,-0.165280591267574,0.165280591267574,0.165280591267574,0.0273176738497589,0.568530335676663,1.15299433790233,1,1.53144085709828,0.0314408570982831,0.0314408570982831,0.0314408570982831,0.000988527495074662,1.46828756627295,1.62959189433554,1,1.80014749604809,0.000147496048090945,0.000147496048090945,0.000147496048090945,2.17550842024463e-08,1.73650404956449,1.86624052243141,1
40,"n1000-b1_2-b2_2p5-b3_2p8",1000,8,398,1,1,0.6931472,0.9162907,1.029619,1.5,1.8,1,1.3,0.081,328,151,361,160,FALSE,NA,TRUE,NA,0.690451541215176,-0.00269565878482414,0.00269565878482414,0.00269565878482414,7.26657628419956e-06,0.444751682141254,0.940470034805307,1,0.813324117244079,-0.102966582755921,0.102966582755921,0.102966582755921,0.0106021171644319,0.598904781365771,1.03105253490783,1,1.08121640133991,0.0515974013399139,0.0515974013399139,0.0515974013399139,0.00266229182503214,0.779335687346759,1.3854864427306,1,1.53952809852018,0.0395280985201836,0.0395280985201836,0.0395280985201836,0.00156247057262134,1.46272727080814,1.59234274281046,1,1.84920213594187,0.0492021359418695,0.0492021359418695,0.0492021359418695,0.00242085018124221,1.7749837543223,1.93587344144555,1
40,"n1000-b1_2-b2_2p5-b3_2p8",1000,9,399,1,1,0.6931472,0.9162907,1.029619,1.5,1.8,1,1.3,0.079,315,175,337,173,FALSE,NA,TRUE,NA,0.64133648470201,-0.0518107152979896,0.0518107152979896,0.0518107152979896,0.00268435021968934,0.406392709373957,0.881788674731109,1,0.857546951860823,-0.0587437481391768,0.0587437481391768,0.0587437481391768,0.00345082794543904,0.651104852678357,1.06969238779163,1,1.12022240412034,0.0906034041203394,0.0906034041203394,0.0906034041203394,0.00820897683819354,0.822362291421618,1.41402892202648,1,1.4669437551194,-0.0330562448805991,0.0330562448805991,0.0330562448805991,0.00109271532560613,1.38507783481932,1.51325965671761,1,1.78728855155649,-0.0127114484435142,0.0127114484435142,0.0127114484435142,0.000161580921532121,1.72704522847566,1.86021543954336,1
40,"n1000-b1_2-b2_2p5-b3_2p8",1000,10,400,1,1,0.6931472,0.9162907,1.029619,1.5,1.8,1,1.3,0.08,281,185,336,198,FALSE,NA,TRUE,NA,0.873538392440252,0.180391192440252,0.180391192440252,0.180391192440252,0.0325409823100159,0.649660021630875,1.09930811099954,1,1.14489547729038,0.228604777290375,0.228604777290375,0.228604777290375,0.052260144199982,0.937891396787034,1.3563961459246,0,0.757557357110212,-0.272061642889788,0.272061642889788,0.272061642889788,0.0740175375318905,0.469411054695037,1.04510333968286,1,1.49936643251015,-0.000633567489848108,0.000633567489848108,0.000633567489848108,4.01407764192433e-07,1.47740809669588,1.53544132313461,1,1.7887813945269,-0.0112186054730967,0.0112186054730967,0.0112186054730967,0.000125857108760996,1.76159434478358,1.83441961576991,1
41,"n1000-b1_2-b2_2p5-b3_2p8",1000,1,401,1,1,0.6931472,0.9162907,1.029619,1.5,1.8,1,1.3,0.076,306,198,347,149,FALSE,NA,TRUE,NA,0.611854226754669,-0.0812929732453312,0.0812929732453312,0.0812929732453312,0.00660854749906614,0.369372580484021,0.854667821763243,1,0.783640667193333,-0.132650032806667,0.132650032806667,0.132650032806667,0.0175960312036099,0.565283188179643,1.00881153713409,1,1.1934741824579,0.163855182457904,0.163855182457904,0.163855182457904,0.0268485208183129,0.887584806394088,1.48927564706172,1,1.5182657613187,0.0182657613186965,0.0182657613186965,0.0182657613186965,0.000333638036551589,1.47921893163904,1.56605610361129,1,1.77659360518559,-0.0234063948144096,0.0234063948144096,0.0234063948144096,0.000547859318208023,1.73409974058205,1.83425118726434,1
41,"n1000-b1_2-b2_2p5-b3_2p8",1000,2,402,1,1,0.6931472,0.9162907,1.029619,1.5,1.8,1,1.3,0.056,338,160,342,160,FALSE,NA,TRUE,NA,0.536782421064013,-0.156364778935987,0.156364778935987,0.156364778935987,0.0244499440917002,0.294741747781031,0.778929823402352,1,0.701698199570129,-0.214592500429871,0.214592500429871,0.214592500429871,0.046049941240744,0.489484013852529,0.92264798649645,1,1.22662170703456,0.197002707034559,0.197002707034559,0.197002707034559,0.0388100665789444,0.924601960485043,1.52818033345401,1,1.50495614376948,0.00495614376948161,0.00495614376948161,0.00495614376948161,2.45633610637714e-05,1.38264882016957,1.62913449178701,1,1.84584317369446,0.04584317369446,0.04584317369446,0.04584317369446,0.00210159657438043,1.75022224888794,2.01489806301729,1
41,"n1000-b1_2-b2_2p5-b3_2p8",1000,3,403,1,1,0.6931472,0.9162907,1.029619,1.5,1.8,1,1.3,0.095,309,159,331,201,FALSE,NA,TRUE,NA,0.595477596460384,-0.0976696035396157,0.0976696035396157,0.0976696035396157,0.00953935145558572,0.361372397552537,0.830365661428457,1,0.885081395387733,-0.0312093046122668,0.0312093046122668,0.0312093046122668,0.000974020694381257,0.682527174593113,1.08936404584586,1,1.08865335648113,0.0590343564811271,0.0590343564811271,0.0590343564811271,0.00348505524514079,0.80131331125671,1.37913133266156,1,1.51410287640916,0.0141028764091615,0.0141028764091615,0.0141028764091615,0.000198891123012085,1.4586125999109,1.59611655215839,1,1.8410835520584,0.0410835520584023,0.0410835520584023,0.0410835520584023,0.00168785824973545,1.76586839675629,1.94034663710687,1
41,"n1000-b1_2-b2_2p5-b3_2p8",1000,4,404,1,1,0.6931472,0.9162907,1.029619,1.5,1.8,1,1.3,0.076,332,166,336,166,FALSE,NA,TRUE,NA,0.879310365717768,0.186163165717768,0.186163165717768,0.186163165717768,0.0346567242700613,0.63601003071869,1.12241833209636,1,1.00493847190876,0.0886477719087566,0.0886477719087566,0.0886477719087566,0.00785842746438694,0.791332174492442,1.22324157749918,1,0.782388495209423,-0.247230504790577,0.247230504790577,0.247230504790577,0.0611229224990035,0.488723334394676,1.07785258433128,1,1.53708632121209,0.0370863212120878,0.0370863212120878,0.0370863212120878,0.00137539522104615,1.48902535542178,1.59318262495611,1,1.85045831312182,0.0504583131218157,0.0504583131218157,0.0504583131218157,0.0025460413630992,1.76234952654895,1.92960464033151,1
41,"n1000-b1_2-b2_2p5-b3_2p8",1000,5,405,1,1,0.6931472,0.9162907,1.029619,1.5,1.8,1,1.3,0.07,335,187,328,150,FALSE,NA,TRUE,NA,0.746079690675852,0.0529324906758522,0.0529324906758522,0.0529324906758522,0.00280184856914917,0.504517311746716,0.996412028178341,1,0.965838531414438,0.0495478314144381,0.0495478314144381,0.0495478314144381,0.00245498759787358,0.742651469473297,1.19843035364915,1,0.868947676662511,-0.160671323337489,0.160671323337489,0.160671323337489,0.0258152741430199,0.567811575838416,1.16520508013637,1,1.50793577559793,0.00793577559793168,0.00793577559793168,0.00793577559793168,6.2976534340728e-05,1.47396158589148,1.54321468233869,1,1.79318162834014,-0.00681837165985577,0.00681837165985577,0.00681837165985577,4.64901920919243e-05,1.67965893381558,1.8464616820399,1
41,"n1000-b1_2-b2_2p5-b3_2p8",1000,6,406,1,1,0.6931472,0.9162907,1.029619,1.5,1.8,1,1.3,0.0629999999999999,322,164,328,186,FALSE,NA,TRUE,NA,0.748387544243276,0.0552403442432764,0.0552403442432764,0.0552403442432764,0.00305149563211568,0.514277875097512,0.98467249162708,1,0.906378951125208,-0.00991174887479163,0.00991174887479163,0.00991174887479163,9.82427657569331e-05,0.701178889369588,1.11538363934768,1,0.984302704178193,-0.0453162958218075,0.0453162958218075,0.0453162958218075,0.00205356666700957,0.690119149303986,1.27270425479865,1,1.48336859805675,-0.0166314019432467,0.0166314019432467,0.0166314019432467,0.000276603530597832,1.41810859963687,1.54987031611427,1,1.78723595586853,-0.0127640441314651,0.0127640441314651,0.0127640441314651,0.00016292082258999,1.73502234438302,1.87277125367837,1
41,"n1000-b1_2-b2_2p5-b3_2p8",1000,7,407,1,1,0.6931472,0.9162907,1.029619,1.5,1.8,1,1.3,0.0620000000000001,312,173,356,159,FALSE,NA,TRUE,NA,0.605065797776184,-0.0880814022238157,0.0880814022238157,0.0880814022238157,0.0077583334177136,0.368830193175182,0.841448057863237,1,0.838965803537298,-0.0773248964627018,0.0773248964627018,0.0773248964627018,0.00597913961296755,0.62428370699825,1.05344440351604,1,1.01385565582659,-0.0157633441734135,0.0157633441734135,0.0157633441734135,0.00024848301952949,0.723663295086183,1.3042122481947,1,1.5147250381997,0.0147250381996993,0.0147250381996993,0.0147250381996993,0.000216826749982603,1.43043950785411,1.58601318476835,1,1.81636428855176,0.0163642885517608,0.0163642885517608,0.0163642885517608,0.000267789939805288,1.72998947450314,1.91736701314451,1
41,"n1000-b1_2-b2_2p5-b3_2p8",1000,8,408,1,1,0.6931472,0.9162907,1.029619,1.5,1.8,1,1.3,0.085,326,173,342,159,FALSE,NA,TRUE,NA,0.796081659958532,0.102934459958532,0.102934459958532,0.102934459958532,0.0105955030469547,0.550331877376153,1.03974678840943,1,0.979900757111698,0.0636100571116978,0.0636100571116978,0.0636100571116978,0.00404623936575345,0.752997796064966,1.20649377894127,1,0.859971409736729,-0.169647590263271,0.169647590263271,0.169647590263271,0.0287803048821345,0.553396726751435,1.16758494742811,1,1.54796191655679,0.0479619165567864,0.0479619165567864,0.0479619165567864,0.00230034543980014,1.43707717756951,1.70031018019274,1,1.95575443040883,0.155754430408828,0.155754430408828,0.155754430408828,0.0242594425919783,1.73008420693821,2.18191703870243,1
41,"n1000-b1_2-b2_2p5-b3_2p8",1000,9,409,1,1,0.6931472,0.9162907,1.029619,1.5,1.8,1,1.3,0.072,340,179,311,170,FALSE,NA,TRUE,NA,0.593155395660493,-0.0999918043395065,0.0999918043395065,0.0999918043395065,0.00999836093507015,0.358847971172241,0.828308862809771,1,0.95392125787619,0.03763055787619,0.03763055787619,0.03763055787619,0.00141605888607328,0.738976710316576,1.17219864359305,1,0.990186341109395,-0.0394326588906055,0.0394326588906055,0.0394326588906055,0.00155493458718285,0.695603852197108,1.28273891783726,1,1.54429262601938,0.0442926260193821,0.0442926260193821,0.0442926260193821,0.00196183671969285,1.49123104790907,1.64931357311063,1,1.8625117981361,0.062511798136101,0.062511798136101,0.062511798136101,0.00390772490620864,1.79488540928688,1.97424565854957,1
41,"n1000-b1_2-b2_2p5-b3_2p8",1000,10,410,1,1,0.6931472,0.9162907,1.029619,1.5,1.8,1,1.3,0.071,366,150,332,152,FALSE,NA,TRUE,NA,0.792019788335025,0.0988725883350254,0.0988725883350254,0.0988725883350254,0.00977578872406741,0.529831310422313,1.05486332435922,1,1.19862584740117,0.282335147401174,0.282335147401174,0.282335147401174,0.0797131354580427,0.965976328033178,1.43533361483507,0,0.794790404405708,-0.234828595594292,0.234828595594292,0.234828595594292,0.0551444693087876,0.485783671102086,1.10620655730496,1,1.5037681377593,0.00376813775929929,0.00376813775929929,0.00376813775929929,1.41988621730571e-05,1.4775275187329,1.57065937597221,1,1.78423774986456,-0.0157622501354395,0.0157622501354395,0.0157622501354395,0.000248448529332163,1.76231423452013,1.82044319560988,1
42,"n1000-b1_2-b2_2p5-b3_2p8",1000,1,411,1,1,0.6931472,0.9162907,1.029619,1.5,1.8,1,1.3,0.08,324,174,343,159,FALSE,NA,TRUE,NA,0.668279684869365,-0.0248675151306346,0.0248675151306346,0.0248675151306346,0.000618393308772339,0.427342083991484,0.909902507714476,1,0.969093570638666,0.0528028706386664,0.0528028706386664,0.0528028706386664,0.00278814314768374,0.754137374805272,1.18830249259594,1,1.01491148808233,-0.0147075119176729,0.0147075119176729,0.0147075119176729,0.000216310906808492,0.721743907507526,1.3098824326205,1,1.50933563426684,0.0093356342668387,0.0093356342668387,0.0093356342668387,8.71540671641729e-05,1.4493747437648,1.67742292275977,1,1.80837323375836,0.0083732337583573,0.0083732337583573,0.0083732337583573,7.01110435720943e-05,1.77996055276832,1.91626522114502,1
42,"n1000-b1_2-b2_2p5-b3_2p8",1000,2,412,1,1,0.6931472,0.9162907,1.029619,1.5,1.8,1,1.3,0.079,338,166,331,165,FALSE,NA,TRUE,NA,0.631221667035025,-0.0619255329649752,0.0619255329649752,0.0619255329649752,0.00383477163299623,0.39013246760298,0.873739678888494,1,0.775405982714779,-0.140884717285221,0.140884717285221,0.140884717285221,0.0198485035645367,0.560614789890115,0.992618536496925,1,1.14174420913311,0.112125209133109,0.112125209133109,0.112125209133109,0.0125720625231434,0.842069539935768,1.4448287723313,1,1.53023225736454,0.0302322573645357,0.0302322573645357,0.0302322573645357,0.000913989385355524,1.47625802129586,1.60812993383502,1,1.85351850697875,0.0535185069787503,0.0535185069787503,0.0535185069787503,0.00286423058923454,1.79440386081947,1.94194076775957,1
42,"n1000-b1_2-b2_2p5-b3_2p8",1000,3,413,1,1,0.6931472,0.9162907,1.029619,1.5,1.8,1,1.3,0.079,311,168,340,181,FALSE,NA,TRUE,NA,0.689182197372261,-0.00396500262773891,0.00396500262773891,0.00396500262773891,1.57212458379765e-05,0.4539432079201,0.9240299644137,1,0.833789344077186,-0.0825013559228138,0.0825013559228138,0.0825013559228138,0.00680647372910281,0.630170221844289,1.0405562384278,1,1.10062691543919,0.0710079154391923,0.0710079154391923,0.0710079154391923,0.00504212405501948,0.804404168112708,1.39273285149127,1,1.51552027902395,0.0155202790239453,0.0155202790239453,0.0155202790239453,0.000240879060981115,1.47942792548834,1.58877131022261,1,1.81644111800544,0.0164411180054402,0.0164411180054402,0.0164411180054402,0.000270310361268811,1.77289888849335,1.92358946682328,1
42,"n1000-b1_2-b2_2p5-b3_2p8",1000,4,414,1,1,0.6931472,0.9162907,1.029619,1.5,1.8,1,1.3,0.075,322,167,334,177,FALSE,NA,TRUE,NA,0.596353819216136,-0.0967933807838645,0.0967933807838645,0.0967933807838645,0.00936895856357018,0.360150113290499,0.8316580747926,1,0.930247391962929,0.0139566919629295,0.0139566919629295,0.0139566919629295,0.0001947892505481,0.718421854462872,1.14154699677225,1,1.23997396160658,0.210354961606583,0.210354961606583,0.210354961606583,0.0442492098725069,0.939831716857319,1.53722492527339,1,1.5097290758405,0.00972907584050375,0.00972907584050375,0.00972907584050375,9.46549167102738e-05,1.46101043238429,1.60147503726199,1,1.83180230608713,0.0318023060871337,0.0318023060871337,0.0318023060871337,0.00101138667245974,1.75929783299381,1.89567462320956,1
42,"n1000-b1_2-b2_2p5-b3_2p8",1000,5,415,1,1,0.6931472,0.9162907,1.029619,1.5,1.8,1,1.3,0.077,342,175,314,169,FALSE,NA,TRUE,NA,1.11582092885581,0.422673728855813,0.422673728855813,0.422673728855813,0.178653081064878,0.863705977727181,1.36514405403264,0,1.2248610095095,0.308570309509504,0.308570309509504,0.308570309509504,0.0952156359107914,1.00192608955776,1.45398353922776,0,0.436257678305774,-0.593361321694226,0.593361321694226,0.593361321694226,0.352077658082719,0.139059111448853,0.733990704099981,0,1.51130803142735,0.0113080314273524,0.0113080314273524,0.0113080314273524,0.000127871574761989,1.41481697671253,1.64453353659294,1,1.70831193792948,-0.091688062070522,0.091688062070522,0.091688062070522,0.0084067007262479,1.47691533407023,1.9262004588843,1
42,"n1000-b1_2-b2_2p5-b3_2p8",1000,6,416,1,1,0.6931472,0.9162907,1.029619,1.5,1.8,1,1.3,0.074,335,155,346,164,FALSE,NA,TRUE,NA,0.722976864859156,0.0298296648591558,0.0298296648591558,0.0298296648591558,0.000889808905609556,0.476652032443322,0.972086778312476,1,0.883095665129689,-0.0331950348703114,0.0331950348703114,0.0331950348703114,0.00110191034004119,0.667014037824679,1.10140888514673,1,0.947238774344101,-0.0823802256558989,0.0823802256558989,0.0823802256558989,0.00678650157911682,0.643404549184257,1.24711133047696,1,1.52810801253813,0.0281080125381326,0.0281080125381326,0.0281080125381326,0.000790060368843817,1.44305400930725,1.71408909104244,1,1.81925629753252,0.0192562975325248,0.0192562975325248,0.0192562975325248,0.00037080499466112,1.72412781352627,1.91949816915165,1
42,"n1000-b1_2-b2_2p5-b3_2p8",1000,7,417,1,1,0.6931472,0.9162907,1.029619,1.5,1.8,1,1.3,0.082,308,183,354,155,FALSE,NA,TRUE,NA,0.853185785899892,0.160038585899892,0.160038585899892,0.160038585899892,0.0256123489768371,0.606589349345176,1.10672377694238,1,1.10978319552555,0.193492495525551,0.193492495525551,0.193492495525551,0.0374393458247054,0.882370069625969,1.34355890918497,1,1.03140356337599,0.00178456337599475,0.00178456337599475,0.00178456337599475,3.18466644294179e-06,0.722136490613822,1.33572128235847,1,1.51911650981525,0.0191165098152475,0.0191165098152475,0.0191165098152475,0.000365440947516453,1.48772365236297,1.54581600887614,1,1.8364046521339,0.0364046521339005,0.0364046521339005,0.0364046521339005,0.00132529869699031,1.810586894994,1.89745226971873,0
42,"n1000-b1_2-b2_2p5-b3_2p8",1000,8,418,1,1,0.6931472,0.9162907,1.029619,1.5,1.8,1,1.3,0.073,327,171,314,188,FALSE,NA,TRUE,NA,0.755697575244641,0.0625503752446407,0.0625503752446407,0.0625503752446407,0.00391254944324536,0.525393023121941,0.98781178453316,1,0.827497983169704,-0.0887927168302962,0.0887927168302962,0.0887927168302962,0.00788414656210517,0.621115190175554,1.03424408698736,1,1.03180887472574,0.00218987472574272,0.00218987472574272,0.00218987472574272,4.79555131444677e-06,0.743843623160905,1.32068892171638,1,1.4939549675038,-0.00604503249619737,0.00604503249619737,0.00604503249619737,3.65424178800822e-05,1.46091968797823,1.57162958236608,1,1.74991770069973,-0.0500822993002741,0.0500822993002741,0.0500822993002741,0.00250823670320223,1.70682526838468,1.89051244146445,1
42,"n1000-b1_2-b2_2p5-b3_2p8",1000,9,419,1,1,0.6931472,0.9162907,1.029619,1.5,1.8,1,1.3,0.086,332,158,342,168,FALSE,NA,TRUE,NA,0.631345548472035,-0.061801651527965,0.061801651527965,0.061801651527965,0.00381944413158402,0.388265157555002,0.875234855350326,1,0.874378343402021,-0.0419123565979791,0.0419123565979791,0.0419123565979791,0.00175664563559616,0.661580574316855,1.09119083566307,1,1.05637238689919,0.0267533868991874,0.0267533868991874,0.0267533868991874,0.000715743710577611,0.756225379172249,1.35496262392583,1,1.51476332564582,0.0147633256458199,0.0147633256458199,0.0147633256458199,0.000217955784124525,1.49742693502859,1.55582507081837,1,1.81503319069001,0.0150331906900116,0.0150331906900116,0.0150331906900116,0.000225996822322252,1.79455500124584,1.84567668694866,1
42,"n1000-b1_2-b2_2p5-b3_2p8",1000,10,420,1,1,0.6931472,0.9162907,1.029619,1.5,1.8,1,1.3,0.072,332,173,316,179,FALSE,NA,TRUE,NA,0.734605779830973,0.0414585798309733,0.0414585798309733,0.0414585798309733,0.00171881384160119,0.505230866506513,0.964702366735617,1,0.917339944317061,0.00104924431706122,0.00104924431706122,0.00104924431706122,1.10091363688526e-06,0.706477798917949,1.12961773205338,1,1.01193786791396,-0.0176811320860384,0.0176811320860384,0.0176811320860384,0.000312622431843936,0.723602533628254,1.29952910862438,1,1.51104605016633,0.0110460501663276,0.0110460501663276,0.0110460501663276,0.000122015224277027,1.48475034449222,1.53709726017958,1,1.80902713895726,0.00902713895725848,0.00902713895725848,0.00902713895725848,8.14892377536538e-05,1.78886025231212,1.82495318302833,1
43,"n1000-b1_2-b2_2p5-b3_2p8",1000,1,421,1,1,0.6931472,0.9162907,1.029619,1.5,1.8,1,1.3,0.072,335,139,345,181,FALSE,NA,TRUE,NA,0.601087200289662,-0.0920599997103376,0.0920599997103376,0.0920599997103376,0.00847504354666736,0.348529526309713,0.85594995361943,1,0.801693335689353,-0.114597364310647,0.114597364310647,0.114597364310647,0.0131325559069472,0.595523149624814,1.01373181516378,1,1.1126023815964,0.0829833815963967,0.0829833815963967,0.0829833815963967,0.0068862416211732,0.807589728262712,1.41801690182179,1,1.52086621980805,0.0208662198080509,0.0208662198080509,0.0208662198080509,0.000435399129077897,1.47300527314293,1.62702815261574,1,1.75404723688995,-0.0459527631100536,0.0459527631100536,0.0459527631100536,0.0021116564374487,1.69570196311449,1.83690790844659,1
43,"n1000-b1_2-b2_2p5-b3_2p8",1000,2,422,1,1,0.6931472,0.9162907,1.029619,1.5,1.8,1,1.3,0.079,335,177,313,175,FALSE,NA,TRUE,NA,0.679201680486711,-0.0139455195132888,0.0139455195132888,0.0139455195132888,0.000194477514495519,0.442479527054376,0.91412944913911,1,0.799302299223475,-0.116988400776525,0.116988400776525,0.116988400776525,0.0136862859162489,0.58913893642188,1.01649725476936,1,1.1874190745325,0.157800074532502,0.157800074532502,0.157800074532502,0.0249008635224633,0.895083413635556,1.48308482103695,1,1.52321851563834,0.023218515638336,0.023218515638336,0.023218515638336,0.000539099468447653,1.49299212214165,1.61134745241324,1,1.82930573823178,0.0293057382317816,0.0293057382317816,0.0293057382317816,0.000858826293309707,1.78328788434656,1.9133645675579,1
43,"n1000-b1_2-b2_2p5-b3_2p8",1000,3,423,1,1,0.6931472,0.9162907,1.029619,1.5,1.8,1,1.3,0.0679999999999999,328,158,339,175,FALSE,NA,TRUE,NA,0.678898825341627,-0.0142483746583729,0.0142483746583729,0.0142483746583729,0.000203016180405364,0.440449159448499,0.920612611400483,1,0.860480205248017,-0.0558104947519826,0.0558104947519826,0.0558104947519826,0.00311481132446108,0.653977065977125,1.07098952635672,1,1.24417303537606,0.214554035376057,0.214554035376057,0.214554035376057,0.0460334340961504,0.942477064536242,1.54529184471638,1,1.51251654434372,0.012516544343725,0.012516544343725,0.012516544343725,0.000156663882308433,1.43780560004123,1.58811176036779,1,1.79127178702381,-0.00872821297618787,0.00872821297618787,0.00872821297618787,7.61817017576942e-05,1.65705970575701,1.88213232290263,1
43,"n1000-b1_2-b2_2p5-b3_2p8",1000,4,424,1,1,0.6931472,0.9162907,1.029619,1.5,1.8,1,1.3,0.073,356,148,320,176,FALSE,NA,TRUE,NA,0.683164963310022,-0.00998223668997844,0.00998223668997844,0.00998223668997844,9.96450493347517e-05,0.43809931946553,0.92715653426558,1,0.836222972892312,-0.0800677271076879,0.0800677271076879,0.0800677271076879,0.00641084092419119,0.624021998453533,1.04965577314721,1,1.22011106571398,0.190492065713981,0.190492065713981,0.190492065713981,0.0362872270999795,0.920719109405122,1.52778442036365,1,1.50956349612029,0.00956349612029461,0.00956349612029461,0.00956349612029461,9.14604580428901e-05,1.48566713202456,1.56025948872319,1,1.82747095930308,0.0274709593030797,0.0274709593030797,0.0274709593030797,0.000754653605031464,1.79419115337704,1.91749291603376,1
43,"n1000-b1_2-b2_2p5-b3_2p8",1000,5,425,1,1,0.6931472,0.9162907,1.029619,1.5,1.8,1,1.3,0.086,330,169,333,168,FALSE,NA,TRUE,NA,0.674603758986503,-0.0185434410134969,0.0185434410134969,0.0185434410134969,0.00034385920462104,0.430925945577427,0.921310511811432,1,1.00106993827985,0.0847792382798451,0.0847792382798451,0.0847792382798451,0.00718751924331076,0.784483335565484,1.22174595106198,1,1.08313068635715,0.0535116863571499,0.0535116863571499,0.0535116863571499,0.00286350057678598,0.776282457620051,1.38238987174615,1,1.43786662744289,-0.0621333725571145,0.0621333725571145,0.0621333725571145,0.00386055598532119,1.3217348408117,1.51206995879417,1,1.75298701895528,-0.0470129810447171,0.0470129810447171,0.0470129810447171,0.00221022038671093,1.67624482464497,1.80172805131374,1
43,"n1000-b1_2-b2_2p5-b3_2p8",1000,6,426,1,1,0.6931472,0.9162907,1.029619,1.5,1.8,1,1.3,0.069,341,165,340,154,FALSE,NA,TRUE,NA,0.689821058244989,-0.00332614175501078,0.00332614175501078,0.00332614175501078,1.10632189744262e-05,0.440189044803207,0.943238189331102,1,1.00160382093782,0.0853131209378193,0.0853131209378193,0.0853131209378193,0.00727832860415098,0.782533857892201,1.22951088279297,1,0.983157856481062,-0.0464611435189379,0.0464611435189379,0.0464611435189379,0.00215863785708735,0.678165484068453,1.28600308198919,1,1.48267507509527,-0.0173249249047336,0.0173249249047336,0.0173249249047336,0.000300153022954658,1.45763923876104,1.5765027433345,1,1.78215812223879,-0.0178418777612113,0.0178418777612113,0.0178418777612113,0.000318332602046005,1.73969783228807,1.84829946012109,1
43,"n1000-b1_2-b2_2p5-b3_2p8",1000,7,427,1,1,0.6931472,0.9162907,1.029619,1.5,1.8,1,1.3,0.0639999999999999,327,180,337,156,FALSE,NA,TRUE,NA,0.825360409699316,0.132213209699316,0.132213209699316,0.132213209699316,0.0174803328189953,0.585510129967184,1.06895463562651,1,0.873960051271231,-0.042330648728769,0.042330648728769,0.042330648728769,0.00179188382179843,0.660677968502326,1.09241357456182,1,0.909283238800926,-0.120335761199074,0.120335761199074,0.120335761199074,0.0144806954233607,0.61590293627681,1.20262580494003,1,1.53787520877582,0.0378752087758207,0.0378752087758207,0.0378752087758207,0.00143453143981201,1.50509200240459,1.61858157033724,0,1.77445913269099,-0.0255408673090054,0.0255408673090054,0.0255408673090054,0.000652335902896221,1.73516671309886,1.80648129915893,1
43,"n1000-b1_2-b2_2p5-b3_2p8",1000,8,428,1,1,0.6931472,0.9162907,1.029619,1.5,1.8,1,1.3,0.075,324,169,327,180,FALSE,NA,TRUE,NA,0.502597450076759,-0.190549749923241,0.190549749923241,0.190549749923241,0.0363092071958098,0.265796626053074,0.743284179038688,1,0.973816759117379,0.0575260591173788,0.0575260591173788,0.0575260591173788,0.00330924747757617,0.765063457326251,1.19155385570482,1,1.21801238059053,0.188393380590526,0.188393380590526,0.188393380590526,0.0354920658503268,0.917862537376973,1.52024072829161,1,1.47341007709389,-0.0265899229061086,0.0265899229061086,0.0265899229061086,0.0007070240001528,1.4232019728424,1.61229659943075,1,1.68295044438136,-0.117049555618638,0.117049555618638,0.117049555618638,0.0137005984705206,1.60938078434115,1.78213852862421,0
43,"n1000-b1_2-b2_2p5-b3_2p8",1000,9,429,1,1,0.6931472,0.9162907,1.029619,1.5,1.8,1,1.3,0.0639999999999999,344,165,318,173,FALSE,NA,TRUE,NA,0.748376104662133,0.0552289046621328,0.0552289046621328,0.0552289046621328,0.00305023191017896,0.506112891506176,0.992339556462789,1,0.973951109702718,0.0576604097027176,0.0576604097027176,0.0576604097027176,0.00332472284708525,0.763994871444551,1.18921496527589,1,1.01848096276449,-0.0111380372355132,0.0111380372355132,0.0111380372355132,0.000124055873459679,0.716768976380466,1.31625906196547,1,1.51307317532642,0.0130731753264219,0.0130731753264219,0.0130731753264219,0.000170907913115367,1.48706506979427,1.54927774388868,1,1.85759906160377,0.0575990616037683,0.0575990616037683,0.0575990616037683,0.00331765189763469,1.78576204335354,1.93314924567861,1
43,"n1000-b1_2-b2_2p5-b3_2p8",1000,10,430,1,1,0.6931472,0.9162907,1.029619,1.5,1.8,1,1.3,0.085,320,160,340,180,FALSE,NA,TRUE,NA,0.619966705225558,-0.073180494774442,0.073180494774442,0.073180494774442,0.00535538481543213,0.380988845132248,0.860597874920648,1,0.955794166729117,0.0395034667291174,0.0395034667291174,0.0395034667291174,0.00156052388361849,0.746912326883466,1.17096742182269,1,0.933820898420437,-0.0957981015795635,0.0957981015795635,0.0957981015795635,0.00917727626624836,0.643531843670043,1.22705723360027,1,1.49223526913378,-0.00776473086622498,0.00776473086622498,0.00776473086622498,6.02910454249069e-05,1.37169031952949,1.6357557405849,1,1.84905592305769,0.0490559230576899,0.0490559230576899,0.0490559230576899,0.00240648358704199,1.77807354959882,1.98455382251423,1
44,"n1000-b1_2-b2_2p5-b3_2p8",1000,1,431,1,1,0.6931472,0.9162907,1.029619,1.5,1.8,1,1.3,0.069,335,187,319,159,FALSE,NA,TRUE,NA,0.700670688358488,0.00752348835848815,0.00752348835848815,0.00752348835848815,5.66028770803067e-05,0.464293435295371,0.940501878774218,1,0.828511584657347,-0.0877791153426535,0.0877791153426535,0.0877791153426535,0.00770517309033886,0.611732431902354,1.05389656619927,1,1.12869293333672,0.0990739333367168,0.0990739333367168,0.0990739333367168,0.0098156442668082,0.830776980243417,1.427593713369,1,1.40563881542371,-0.0943611845762919,0.0943611845762919,0.0943611845762919,0.00890403315464104,1.33995467453577,1.50289322773953,1,1.66689318679379,-0.133106813206206,0.133106813206206,0.133106813206206,0.0177174237219117,1.53612733443901,1.79578019969432,0
44,"n1000-b1_2-b2_2p5-b3_2p8",1000,2,432,1,1,0.6931472,0.9162907,1.029619,1.5,1.8,1,1.3,0.082,303,144,359,194,FALSE,NA,TRUE,NA,0.764404940259249,0.0712577402592495,0.0712577402592495,0.0712577402592495,0.00507766554685466,0.52266050031517,1.00576150806312,1,1.00759878887966,0.0913080888796554,0.0913080888796554,0.0913080888796554,0.00833716709485504,0.80703896699718,1.21279922658847,1,0.978343193441378,-0.0512758065586219,0.0512758065586219,0.0512758065586219,0.00262920833823721,0.682003228514761,1.27408786908545,1,1.48199349731699,-0.0180065026830052,0.0180065026830052,0.0180065026830052,0.000324234138873073,1.42696838614767,1.54962824146108,1,1.79299009092091,-0.00700990907909116,0.00700990907909116,0.00700990907909116,4.91388252971247e-05,1.7370243435068,1.85609338764332,1
44,"n1000-b1_2-b2_2p5-b3_2p8",1000,3,433,1,1,0.6931472,0.9162907,1.029619,1.5,1.8,1,1.3,0.08,328,181,324,167,FALSE,NA,TRUE,NA,0.498735212705275,-0.194411987294725,0.194411987294725,0.194411987294725,0.0377960208038843,0.269681949003686,0.73152456901368,1,0.848076928168988,-0.0682137718310115,0.0682137718310115,0.0682137718310115,0.0046531186674133,0.637707559927207,1.06516808138748,1,1.19430662019279,0.164687620192786,0.164687620192786,0.164687620192786,0.0271220122447634,0.901788447044144,1.48377506081181,1,1.51582363457256,0.0158236345725564,0.0158236345725564,0.0158236345725564,0.000250387411085803,1.48094599829609,1.56794309811888,1,1.81110022464834,0.0111002246483398,0.0111002246483398,0.0111002246483398,0.000123214987243611,1.77181596678911,1.86679713033766,1
44,"n1000-b1_2-b2_2p5-b3_2p8",1000,4,434,1,1,0.6931472,0.9162907,1.029619,1.5,1.8,1,1.3,0.072,339,169,337,155,FALSE,NA,TRUE,NA,0.570155534964293,-0.122991665035707,0.122991665035707,0.122991665035707,0.0151269496682554,0.328247581620599,0.809114185576952,1,0.777475478049869,-0.138815221950131,0.138815221950131,0.138815221950131,0.0192696658450642,0.565512685171736,0.994380248794354,1,1.12598679968773,0.0963677996877335,0.0963677996877335,0.0963677996877335,0.00928675281665512,0.833505143055064,1.42338489039372,1,1.53104761920277,0.0310476192027687,0.0310476192027687,0.0310476192027687,0.000963954658160129,1.49439232820321,1.59495459554559,1,1.83161926963721,0.0316192696372144,0.0316192696372144,0.0316192696372144,0.000999778212390868,1.7943933458537,1.87661343090221,1
44,"n1000-b1_2-b2_2p5-b3_2p8",1000,5,435,1,1,0.6931472,0.9162907,1.029619,1.5,1.8,1,1.3,0.071,331,176,334,159,FALSE,NA,TRUE,NA,0.692824807612525,-0.000322392387475334,0.000322392387475334,0.000322392387475334,1.03936851502046e-07,0.455883008067479,0.938627573571672,1,0.930449239611451,0.0141585396114506,0.0141585396114506,0.0141585396114506,0.000200464243929017,0.709858878440384,1.15934267273058,1,0.924724310072998,-0.104894689927002,0.104894689927002,0.104894689927002,0.0110028959748819,0.627130494045772,1.21795365575449,1,1.43541335748141,-0.0645866425185884,0.0645866425185884,0.0645866425185884,0.00417143439182393,1.35340727923113,1.52602469429922,1,1.75525491088298,-0.0447450891170187,0.0447450891170187,0.0447450891170187,0.00200212300008994,1.6510059207005,1.83692613642097,1
44,"n1000-b1_2-b2_2p5-b3_2p8",1000,6,436,1,1,0.6931472,0.9162907,1.029619,1.5,1.8,1,1.3,0.0600000000000001,320,173,345,162,FALSE,NA,TRUE,NA,0.772583397833752,0.0794361978337524,0.0794361978337524,0.0794361978337524,0.00631010952628306,0.530031586781414,1.01724580601773,1,0.92103440276706,0.00474370276705971,0.00474370276705971,0.00474370276705971,2.25027159422099e-05,0.709788540671205,1.136410482368,1,0.913920928593478,-0.115698071406522,0.115698071406522,0.115698071406522,0.0133860437271886,0.615569081926132,1.20782654197237,1,1.48178700178524,-0.0182129982147596,0.0182129982147596,0.0182129982147596,0.000331713303970838,1.43076932028307,1.56533672853151,1,1.82330964525658,0.0233096452565784,0.0233096452565784,0.0233096452565784,0.000543339561987529,1.79597157825448,1.88170550658287,1
44,"n1000-b1_2-b2_2p5-b3_2p8",1000,7,437,1,1,0.6931472,0.9162907,1.029619,1.5,1.8,1,1.3,0.077,322,170,344,164,FALSE,NA,TRUE,NA,0.71415163303836,0.0210044330383605,0.0210044330383605,0.0210044330383605,0.000441186207262971,0.478039630638014,0.95196472439634,1,0.822829356799229,-0.0934613432007706,0.0934613432007706,0.0934613432007706,0.00873502267289223,0.609978217875912,1.04281163371082,1,0.994766828677203,-0.0348521713227975,0.0348521713227975,0.0348521713227975,0.00121467384591363,0.694267417519819,1.29507615915047,1,1.54443064202459,0.0444306420245857,0.0444306420245857,0.0444306420245857,0.00197408195071688,1.48424495527824,1.65203430807198,1,1.8158696151062,0.0158696151062001,0.0158696151062001,0.0158696151062001,0.000251844683618935,1.69479841076742,1.96500718944467,1
44,"n1000-b1_2-b2_2p5-b3_2p8",1000,8,438,1,1,0.6931472,0.9162907,1.029619,1.5,1.8,1,1.3,0.069,327,174,345,154,FALSE,NA,TRUE,NA,0.473705005621243,-0.219442194378757,0.219442194378757,0.219442194378757,0.048154876673764,0.233635253563409,0.713574369724044,1,0.817438651743455,-0.098852048256545,0.098852048256545,0.098852048256545,0.00977172744451431,0.60010953474221,1.03522293693641,1,1.17436575931066,0.144746759310657,0.144746759310657,0.144746759310657,0.0209516243309373,0.877443642459906,1.46970949875473,1,1.46499339977451,-0.0350066002254901,0.0350066002254901,0.0350066002254901,0.00122546205934728,1.42113753564972,1.53478612092207,1,1.75685042504447,-0.0431495749555322,0.0431495749555322,0.0431495749555322,0.00186188581884309,1.70537946679331,1.81792049792183,1
44,"n1000-b1_2-b2_2p5-b3_2p8",1000,9,439,1,1,0.6931472,0.9162907,1.029619,1.5,1.8,1,1.3,0.055,365,156,321,158,FALSE,NA,TRUE,NA,0.426479317895594,-0.266667882104406,0.266667882104406,0.266667882104406,0.0711117593460494,0.186676078073511,0.664820474783465,0,0.689599254756868,-0.226691445243132,0.226691445243132,0.226691445243132,0.05138901134642,0.481039832839892,0.906254137774878,0,1.34608796485302,0.316468964853017,0.316468964853017,0.316468964853017,0.10015260571514,1.04517686923871,1.6409646174586,0,1.51062693610819,0.0106269361081917,0.0106269361081917,0.0106269361081917,0.000112931771047588,1.48965477330626,1.54481357664542,1,1.81179698730468,0.0117969873046839,0.0117969873046839,0.0117969873046839,0.000139168909466874,1.77614357399076,1.8585492951277,1
44,"n1000-b1_2-b2_2p5-b3_2p8",1000,10,440,1,1,0.6931472,0.9162907,1.029619,1.5,1.8,1,1.3,0.085,336,156,332,176,FALSE,NA,TRUE,NA,0.753870541375343,0.0607233413753433,0.0607233413753433,0.0607233413753433,0.00368732418778648,0.510367222063361,1.0027015567099,1,1.0610383619583,0.144747661958299,0.144747661958299,0.144747661958299,0.0209518856423939,0.844279897278692,1.27894607433996,1,0.783778533823537,-0.245840466176463,0.245840466176463,0.245840466176463,0.0604375348098608,0.487202560263358,1.08191366157315,1,1.55388935861876,0.0538893586187621,0.0538893586187621,0.0538893586187621,0.00290406297234155,1.48866397535924,1.63599870232384,1,1.81350035286728,0.0135003528672786,0.0135003528672786,0.0135003528672786,0.000182259527541037,1.67052014701497,1.97147001195034,1
45,"n1000-b1_2-b2_2p5-b3_2p8",1000,1,441,1,1,0.6931472,0.9162907,1.029619,1.5,1.8,1,1.3,0.0600000000000001,326,144,366,164,FALSE,NA,TRUE,NA,0.448266528693412,-0.244880671306588,0.244880671306588,0.244880671306588,0.059966543179565,0.200923256034715,0.693615307752173,1,0.895514264617617,-0.0207764353823832,0.0207764353823832,0.0207764353823832,0.000431660267198343,0.682208023962891,1.11464896524879,1,1.40636395989772,0.37674495989772,0.37674495989772,0.37674495989772,0.141936764808335,1.09819308426163,1.71514590338688,0,1.4770893924529,-0.0229106075470955,0.0229106075470955,0.0229106075470955,0.00052489593817703,1.43423524648871,1.51491870438708,1,1.8049708512528,0.00497085125280461,0.00497085125280461,0.00497085125280461,2.47093621775092e-05,1.77395740024267,1.85500567119325,1
45,"n1000-b1_2-b2_2p5-b3_2p8",1000,2,442,1,1,0.6931472,0.9162907,1.029619,1.5,1.8,1,1.3,0.071,315,173,345,167,FALSE,NA,TRUE,NA,0.716127455812592,0.0229802558125924,0.0229802558125924,0.0229802558125924,0.000528092157212189,0.481246357363296,0.955670730100159,1,0.829386138369949,-0.0869045616300511,0.0869045616300511,0.0869045616300511,0.00755240283211135,0.621580011553747,1.03861836057787,1,1.02399830415477,-0.0056206958452345,0.0056206958452345,0.0056206958452345,3.15922217846364e-05,0.730505735575799,1.31827784937273,1,1.48550453829218,-0.0144954617078217,0.0144954617078217,0.0144954617078217,0.000210118410122925,1.4145029210128,1.55114103226508,1,1.82031171696514,0.020311716965141,0.020311716965141,0.020311716965141,0.000412565846071997,1.72507010716652,1.89722019682935,1
45,"n1000-b1_2-b2_2p5-b3_2p8",1000,3,443,1,1,0.6931472,0.9162907,1.029619,1.5,1.8,1,1.3,0.082,334,175,321,170,FALSE,NA,TRUE,NA,0.773362217100782,0.080215017100782,0.080215017100782,0.080215017100782,0.00643444896847876,0.528827363540649,1.01938343450479,1,1.11543827946949,0.199147579469493,0.199147579469493,0.199147579469493,0.0396597584085582,0.898893281618557,1.33845234436198,1,0.899755625788641,-0.129863374211359,0.129863374211359,0.129863374211359,0.0168644959615596,0.600728694279297,1.19947400024415,1,1.45342755763904,-0.0465724423609628,0.0465724423609628,0.0465724423609628,0.0021689923874652,1.42012276931111,1.51329021791959,1,1.74013835812625,-0.0598616418737472,0.0598616418737472,0.0598616418737472,0.00358341616782076,1.69049216790493,1.81181242086587,1
45,"n1000-b1_2-b2_2p5-b3_2p8",1000,4,444,1,1,0.6931472,0.9162907,1.029619,1.5,1.8,1,1.3,0.07,338,174,339,149,FALSE,NA,TRUE,NA,0.884113099063069,0.190965899063069,0.190965899063069,0.190965899063069,0.0364679746049662,0.639290874583157,1.13464073420823,1,0.972942289518894,0.056651589518894,0.056651589518894,0.056651589518894,0.00320940259501727,0.745785839909762,1.2026726510915,1,0.81903109873645,-0.21058790126355,0.21058790126355,0.21058790126355,0.0443472641585867,0.516663248852417,1.11885753716344,1,1.51933368995506,0.0193336899550591,0.0193336899550591,0.0193336899550591,0.000373791567278354,1.4617391220921,1.57177270399077,1,1.80439366335717,0.00439366335716795,0.00439366335716795,0.00439366335716795,1.93042776961204e-05,1.74886623739762,1.85531979620195,1
45,"n1000-b1_2-b2_2p5-b3_2p8",1000,5,445,1,1,0.6931472,0.9162907,1.029619,1.5,1.8,1,1.3,0.0679999999999999,350,161,327,162,FALSE,NA,TRUE,NA,0.536147166100174,-0.157000033899826,0.157000033899826,0.157000033899826,0.0246490106445464,0.294481298842968,0.778449227425492,1,0.785304303346112,-0.130986396653888,0.130986396653888,0.130986396653888,0.0171574361083697,0.576694672110679,0.995807233375304,1,1.25804919039786,0.228430190397864,0.228430190397864,0.228430190397864,0.0521803518852042,0.96513814710949,1.55568601716855,1,1.49163442231563,-0.00836557768436785,0.00836557768436785,0.00836557768436785,6.99828899931934e-05,1.4424301673818,1.52424752707642,1,1.79589509129346,-0.00410490870654057,0.00410490870654057,0.00410490870654057,1.68502754890325e-05,1.76964709061969,1.82923618272364,1
45,"n1000-b1_2-b2_2p5-b3_2p8",1000,6,446,1,1,0.6931472,0.9162907,1.029619,1.5,1.8,1,1.3,0.0669999999999999,344,161,338,157,FALSE,NA,TRUE,NA,0.403436003114596,-0.289711196885404,0.289711196885404,0.289711196885404,0.0839325776007732,0.16231047960205,0.646885799730661,0,0.738200667771132,-0.178090032228868,0.178090032228868,0.178090032228868,0.0317160595792793,0.526587672306261,0.958303778405103,1,1.282471007328,0.252852007328,0.252852007328,0.252852007328,0.0639341376097991,0.983180472892987,1.58248570505857,1,1.41726104363658,-0.0827389563634233,0.0827389563634233,0.0827389563634233,0.00684573490010847,1.33247158023808,1.51987970676877,1,1.79087136683937,-0.00912863316062928,0.00912863316062928,0.00912863316062928,8.33319433813406e-05,1.7135768114964,1.90674083657263,1
45,"n1000-b1_2-b2_2p5-b3_2p8",1000,7,447,1,1,0.6931472,0.9162907,1.029619,1.5,1.8,1,1.3,0.079,324,182,333,161,FALSE,NA,TRUE,NA,0.726685930027402,0.0335387300274019,0.0335387300274019,0.0335387300274019,0.00112484641185095,0.48597663482593,0.976390807131103,1,1.05188482307722,0.135594123077222,0.135594123077222,0.135594123077222,0.0183857662130808,0.831750022865104,1.2795061604751,1,0.998030435334457,-0.0315885646655428,0.0315885646655428,0.0315885646655428,0.000997837417629181,0.697270695853533,1.29921582692212,1,1.4985200546671,-0.00147994533289642,0.00147994533289642,0.00147994533289642,2.19023818836188e-06,1.47935168955856,1.53528208609623,1,1.78073155720937,-0.0192684427906331,0.0192684427906331,0.0192684427906331,0.000371272887575901,1.76275566373636,1.81031858956583,1
45,"n1000-b1_2-b2_2p5-b3_2p8",1000,8,448,1,1,0.6931472,0.9162907,1.029619,1.5,1.8,1,1.3,0.081,342,156,324,178,FALSE,NA,TRUE,NA,0.820414908282131,0.127267708282131,0.127267708282131,0.127267708282131,0.0161970695713856,0.570123338423829,1.07165428992012,1,0.960685373351884,0.0443946733518844,0.0443946733518844,0.0443946733518844,0.00197088702202052,0.741091371627999,1.18067053030487,1,0.893730223231525,-0.135888776768475,0.135888776768475,0.135888776768475,0.0184657596516325,0.588432854476364,1.19358706550936,1,1.48904159320369,-0.0109584067963135,0.0109584067963135,0.0109584067963135,0.000120086679513491,1.46640103291923,1.5186808416558,1,1.79112103622321,-0.00887896377678699,0.00887896377678699,0.00887896377678699,7.88359977494954e-05,1.76446952915293,1.81842652399284,1
45,"n1000-b1_2-b2_2p5-b3_2p8",1000,9,449,1,1,0.6931472,0.9162907,1.029619,1.5,1.8,1,1.3,0.0600000000000001,338,177,301,184,FALSE,NA,TRUE,NA,0.885776422587988,0.192629222587989,0.192629222587989,0.192629222587989,0.0371060173948528,0.656017872748119,1.11966463475357,1,0.933453925877158,0.0171632258771578,0.0171632258771578,0.0171632258771578,0.000294576322510339,0.725281536215068,1.14770926474519,1,0.829289460667778,-0.200329539332222,0.200329539332222,0.200329539332222,0.0401319243290603,0.537521694863443,1.11937050276354,1,1.48070975320089,-0.0192902467991054,0.0192902467991054,0.0192902467991054,0.000372113621570396,1.45003310518216,1.53375195169189,1,1.80215985925779,0.00215985925779094,0.00215985925779094,0.00215985925779094,4.66499201346524e-06,1.77158348361814,1.86049902741764,1
45,"n1000-b1_2-b2_2p5-b3_2p8",1000,10,450,1,1,0.6931472,0.9162907,1.029619,1.5,1.8,1,1.3,0.075,348,169,307,176,FALSE,NA,TRUE,NA,0.8580442591165,0.1648970591165,0.1648970591165,0.1648970591165,0.0271910401052704,0.618529157652139,1.09888190038607,1,1.03968917453521,0.123398474535205,0.123398474535205,0.123398474535205,0.0152271835176157,0.824650975586983,1.25873713726975,1,0.727579480779652,-0.302039519220348,0.302039519220348,0.302039519220348,0.091227871170859,0.43155023898231,1.02324783808819,0,1.51036032735625,0.0103603273562496,0.0103603273562496,0.0103603273562496,0.000107336382928654,1.4377787029414,1.57296078852937,1,1.7935144667089,-0.00648553329110024,0.00648553329110024,0.00648553329110024,4.20621420699695e-05,1.69047745984592,1.87022556121419,1
46,"n1000-b1_2-b2_2p5-b3_2p8",1000,1,451,1,1,0.6931472,0.9162907,1.029619,1.5,1.8,1,1.3,0.071,329,169,337,165,FALSE,NA,TRUE,NA,0.724286965450478,0.0311397654504785,0.0311397654504785,0.0311397654504785,0.000969684992310813,0.483552486261348,0.965214812678708,1,0.89874042076936,-0.0175502792306397,0.0175502792306397,0.0175502792306397,0.000308012301073422,0.686450059303804,1.11428117351139,1,1.04570797990296,0.016088979902958,0.016088979902958,0.016088979902958,0.000258855274317786,0.74943509649405,1.33984118474669,1,1.52052626877216,0.0205262687721626,0.0205262687721626,0.0205262687721626,0.000421327709707056,1.4779199496737,1.57542459568508,1,1.80424619754454,0.00424619754454203,0.00424619754454203,0.00424619754454203,1.80301935872748e-05,1.74022297983579,1.85607528879409,1
46,"n1000-b1_2-b2_2p5-b3_2p8",1000,2,452,1,1,0.6931472,0.9162907,1.029619,1.5,1.8,1,1.3,0.0610000000000001,335,166,331,168,FALSE,NA,TRUE,NA,0.707572994103976,0.0144257941039764,0.0144257941039764,0.0144257941039764,0.00020810353553032,0.471718609258162,0.94204921020743,1,0.805174242110973,-0.111116457889027,0.111116457889027,0.111116457889027,0.0123468672138039,0.597384738877485,1.01446688338826,1,1.12322760257537,0.0936086025753744,0.0936086025753744,0.0936086025753744,0.00876257047611439,0.826575285214447,1.41840148944821,1,1.52113769469345,0.0211376946934494,0.0211376946934494,0.0211376946934494,0.000446802136953479,1.45993911349531,1.58534161053211,1,1.806399741596,0.00639974159600287,0.00639974159600287,0.00639974159600287,4.09566924956094e-05,1.76979906435347,1.84742136828103,1
46,"n1000-b1_2-b2_2p5-b3_2p8",1000,3,453,1,1,0.6931472,0.9162907,1.029619,1.5,1.8,1,1.3,0.078,326,154,361,159,FALSE,NA,TRUE,NA,0.650558746869672,-0.0425884531303278,0.0425884531303278,0.0425884531303278,0.00181377634003413,0.405331756083177,0.898406209904096,1,1.05714130825993,0.140850608259933,0.140850608259933,0.140850608259933,0.0198388938471931,0.83934776388533,1.27944223417593,1,0.990198950333332,-0.0394200496666685,0.0394200496666685,0.0394200496666685,0.00155394031572261,0.686071198578979,1.28648788525245,1,1.51788593052963,0.0178859305296282,0.0178859305296282,0.0178859305296282,0.000319906510910685,1.45855602502277,1.58978644746011,1,1.7666426339472,-0.0333573660527955,0.0333573660527955,0.0333573660527955,0.00111271386998019,1.7013776461512,1.91753741200155,1
46,"n1000-b1_2-b2_2p5-b3_2p8",1000,4,454,1,1,0.6931472,0.9162907,1.029619,1.5,1.8,1,1.3,0.072,335,166,318,181,FALSE,NA,TRUE,NA,0.620591417673595,-0.0725557823264049,0.0725557823264049,0.0725557823264049,0.00526434154899665,0.385345538184006,0.858849181048903,1,0.986470094625376,0.0701793946253761,0.0701793946253761,0.0701793946253761,0.00492514742998427,0.776008592614934,1.19791536803181,1,1.09522413463971,0.0656051346397057,0.0656051346397057,0.0656051346397057,0.00430403369109392,0.795745272449266,1.38853868867999,1,1.51821972792846,0.0182197279284584,0.0182197279284584,0.0182197279284584,0.000331958485787046,1.49486567127639,1.5472010384668,1,1.81792211061327,0.0179221106132736,0.0179221106132736,0.0179221106132736,0.000321202048834416,1.78084784794736,1.85553492982091,1
46,"n1000-b1_2-b2_2p5-b3_2p8",1000,5,455,1,1,0.6931472,0.9162907,1.029619,1.5,1.8,1,1.3,0.0679999999999999,356,159,317,168,FALSE,NA,TRUE,NA,0.620427280675054,-0.0727199193249455,0.0727199193249455,0.0727199193249455,0.00528818666662658,0.378526410348613,0.86347031704952,1,0.95285409700947,0.0365633970094699,0.0365633970094699,0.0365633970094699,0.00133688200087211,0.738044488143405,1.16963284609936,1,1.1032735934191,0.0736545934190973,0.0736545934190973,0.0736545934190973,0.00542499913173253,0.805042487623247,1.40532464889877,1,1.51457208568071,0.0145720856807086,0.0145720856807086,0.0145720856807086,0.000212345681085911,1.47379979400965,1.55652058612504,1,1.8097736570083,0.00977365700829869,0.00977365700829869,0.00977365700829869,9.5524371315866e-05,1.76505131582894,1.85903960815598,1
46,"n1000-b1_2-b2_2p5-b3_2p8",1000,6,456,1,1,0.6931472,0.9162907,1.029619,1.5,1.8,1,1.3,0.0620000000000001,323,171,330,176,FALSE,NA,TRUE,NA,0.503097221947668,-0.190049978052332,0.190049978052332,0.190049978052332,0.0361189941576917,0.268435379332645,0.739763778650562,1,0.778337690737676,-0.137953009262324,0.137953009262324,0.137953009262324,0.0190310327645308,0.568966827983353,0.989928297438777,1,1.23064199560962,0.201022995609616,0.201022995609616,0.201022995609616,0.0404102447638636,0.932145924277264,1.52507374633239,1,1.45372060851636,-0.0462793914836372,0.0462793914836372,0.0462793914836372,0.00214178207609576,1.35889915148837,1.51611828877075,1,1.77861982989133,-0.0213801701086735,0.0213801701086735,0.0213801701086735,0.000457111673875818,1.65001881817452,1.86999512251909,1
46,"n1000-b1_2-b2_2p5-b3_2p8",1000,7,457,1,1,0.6931472,0.9162907,1.029619,1.5,1.8,1,1.3,0.076,339,188,301,172,FALSE,NA,TRUE,NA,0.710122287489681,0.0169750874896809,0.0169750874896809,0.0169750874896809,0.000288153595282321,0.484874396648471,0.939284988531785,1,0.904394956419085,-0.0118957435809152,0.0118957435809152,0.0118957435809152,0.000141508715342884,0.693489388140614,1.12064730134559,1,0.90280192819524,-0.12681707180476,0.12681707180476,0.12681707180476,0.0160825697011336,0.612061701104992,1.19006294577136,1,1.48615318416774,-0.0138468158322596,0.0138468158322596,0.0138468158322596,0.000191734308692514,1.42881764794693,1.58004391456585,1,1.81633301093025,0.0163330109302504,0.0163330109302504,0.0163330109302504,0.000266767246047679,1.77237404250371,1.85785963792851,1
46,"n1000-b1_2-b2_2p5-b3_2p8",1000,8,458,1,1,0.6931472,0.9162907,1.029619,1.5,1.8,1,1.3,0.076,314,173,352,161,FALSE,NA,TRUE,NA,0.807176697905847,0.114029497905847,0.114029497905847,0.114029497905847,0.0130027263926595,0.559091673471275,1.05108829756164,1,0.967618612122369,0.0513279121223692,0.0513279121223692,0.0513279121223692,0.00263455456284166,0.750399083497893,1.18866784509326,1,0.867330727072426,-0.162288272927574,0.162288272927574,0.162288272927574,0.0263374835298147,0.571801877796167,1.15998927074458,1,1.52097352976377,0.0209735297637712,0.0209735297637712,0.0209735297637712,0.000439888950751797,1.48987589046548,1.57798855045353,1,1.82776113345129,0.0277611334512931,0.0277611334512931,0.0277611334512931,0.000770680530500502,1.79196061785186,1.92887971137583,1
46,"n1000-b1_2-b2_2p5-b3_2p8",1000,9,459,1,1,0.6931472,0.9162907,1.029619,1.5,1.8,1,1.3,0.076,338,163,329,170,FALSE,NA,TRUE,NA,0.82453149485446,0.13138429485446,0.13138429485446,0.13138429485446,0.0172618329344037,0.578612641041564,1.07297931946765,1,1.02781071947681,0.111520019476813,0.111520019476813,0.111520019476813,0.0124367147441087,0.810720143718789,1.24778342860265,1,0.726821133677026,-0.302797866322974,0.302797866322974,0.302797866322974,0.0916865478497458,0.431282985924,1.02692513914118,0,1.43190613115904,-0.068093868840962,0.068093868840962,0.068093868840962,0.00463677497373014,1.35252759455049,1.55021728689783,1,1.62326476479618,-0.176735235203818,0.176735235203818,0.176735235203818,0.031235343362549,1.4974245170933,1.85163219533934,1
46,"n1000-b1_2-b2_2p5-b3_2p8",1000,10,460,1,1,0.6931472,0.9162907,1.029619,1.5,1.8,1,1.3,0.073,359,156,319,166,FALSE,NA,TRUE,NA,0.890744075641903,0.197596875641903,0.197596875641903,0.197596875641903,0.0390445252634417,0.64100863139951,1.13790560274455,1,0.994894131452024,0.0786034314520238,0.0786034314520238,0.0786034314520238,0.006178499436033,0.776233951279942,1.21752202124202,1,1.04946855076018,0.0198495507601799,0.0198495507601799,0.0198495507601799,0.000394004665380959,0.74353106257446,1.35571495348446,1,1.4897030150243,-0.0102969849757006,0.0102969849757006,0.0102969849757006,0.000106027899589805,1.43434954697807,1.53203075402535,1,1.80530930715705,0.00530930715705136,0.00530930715705136,0.00530930715705136,2.81887424879168e-05,1.77357323982947,1.84909501607319,1
47,"n1000-b1_2-b2_2p5-b3_2p8",1000,1,461,1,1,0.6931472,0.9162907,1.029619,1.5,1.8,1,1.3,0.0620000000000001,347,166,329,158,FALSE,NA,TRUE,NA,0.633681883651024,-0.059465316348976,0.059465316348976,0.059465316348976,0.00353612384848379,0.392389378517353,0.877838611187744,1,0.876330064914631,-0.0399606350853687,0.0399606350853687,0.0399606350853687,0.001596852356426,0.664764957591089,1.09679199617654,1,1.13504941479261,0.105430414792613,0.105430414792613,0.105430414792613,0.0111155723633425,0.834864381146553,1.43274890418411,1,1.47222547674402,-0.0277745232559845,0.0277745232559845,0.0277745232559845,0.000771424142097224,1.43183052913242,1.53163032847475,1,1.68594630017456,-0.114053699825441,0.114053699825441,0.114053699825441,0.0130082464438719,1.6069537518522,1.83393521453252,1
47,"n1000-b1_2-b2_2p5-b3_2p8",1000,2,462,1,1,0.6931472,0.9162907,1.029619,1.5,1.8,1,1.3,0.071,310,161,359,170,FALSE,NA,TRUE,NA,0.511218042091592,-0.181929157908407,0.181929157908407,0.181929157908407,0.0330982184972623,0.277038507775563,0.751129169272186,1,0.810898570073051,-0.105392129926949,0.105392129926949,0.105392129926949,0.0111075010505388,0.608979488007385,1.02338996197751,1,1.36038592450951,0.330766924509507,0.330766924509507,0.330766924509507,0.109406758349478,1.06068136473731,1.66343976648642,0,1.51488961079241,0.0148896107924066,0.0148896107924066,0.0148896107924066,0.000221700509549351,1.47156468780555,1.57015268401622,1,1.78554708773957,-0.0144529122604276,0.0144529122604276,0.0144529122604276,0.000208886672807617,1.75174308228679,1.84184508579502,1
47,"n1000-b1_2-b2_2p5-b3_2p8",1000,3,463,1,1,0.6931472,0.9162907,1.029619,1.5,1.8,1,1.3,0.0659999999999999,354,171,339,136,FALSE,NA,TRUE,NA,1.01397021012411,0.320823010124111,0.320823010124111,0.320823010124111,0.102927403825095,0.755723995622209,1.27062626598066,0,1.08554175096881,0.169251050968813,0.169251050968813,0.169251050968813,0.0286459182540477,0.856371039758765,1.32218931068893,1,0.748685813407686,-0.280933186592314,0.280933186592314,0.280933186592314,0.0789234553289122,0.442464639969224,1.05337454178303,1,1.53345246343252,0.0334524634325235,0.0334524634325235,0.0334524634325235,0.00111906730970432,1.46378194809129,1.6048577892627,1,1.79670906805634,-0.00329093194366492,0.00329093194366492,0.00329093194366492,1.08302330578342e-05,1.69508213104056,1.87103926312649,1
47,"n1000-b1_2-b2_2p5-b3_2p8",1000,4,464,1,1,0.6931472,0.9162907,1.029619,1.5,1.8,1,1.3,0.073,350,141,323,186,FALSE,NA,TRUE,NA,0.815091755585653,0.121944555585654,0.121944555585654,0.121944555585654,0.0148704746369825,0.568954386167809,1.05983256672368,1,1.04382876985242,0.127538069852422,0.127538069852422,0.127538069852422,0.0162659592616812,0.832645130284461,1.2607426243646,1,0.933760405637163,-0.0958585943628366,0.0958585943628366,0.0958585943628366,0.00918887011321885,0.630982666367475,1.23545619935821,1,1.406991005676,-0.0930089943240013,0.0930089943240013,0.0930089943240013,0.00865067302516211,1.32395192426999,1.56497526778156,1,1.66303895780535,-0.13696104219465,0.13696104219465,0.13696104219465,0.0187583270790448,1.53625874476989,1.88161240178728,1
47,"n1000-b1_2-b2_2p5-b3_2p8",1000,5,465,1,1,0.6931472,0.9162907,1.029619,1.5,1.8,1,1.3,0.0679999999999999,329,150,354,167,FALSE,NA,TRUE,NA,0.625794981058789,-0.0673522189412111,0.0673522189412111,0.0673522189412111,0.00453632139630484,0.379988200239431,0.870300831752024,1,0.884727062549743,-0.0315636374502575,0.0315636374502575,0.0315636374502575,0.000996263209091296,0.671612853260249,1.10129667983914,1,1.08882630506144,0.059207305061439,0.059207305061439,0.059207305061439,0.0035055049726383,0.787182249352302,1.39126332090777,1,1.4716697903844,-0.0283302096156006,0.0283302096156006,0.0283302096156006,0.00080260077686387,1.42938601435975,1.51183939917892,1,1.76017992897545,-0.0398200710245509,0.0398200710245509,0.0398200710245509,0.00158563805640028,1.69343797026384,1.81829887464164,1
47,"n1000-b1_2-b2_2p5-b3_2p8",1000,6,466,1,1,0.6931472,0.9162907,1.029619,1.5,1.8,1,1.3,0.077,330,175,323,172,FALSE,NA,TRUE,NA,0.942263410752848,0.249116210752848,0.249116210752848,0.249116210752848,0.0620588864598576,0.699390357260612,1.18718325955547,0,1.02717836947764,0.110887669477636,0.110887669477636,0.110887669477636,0.0122960752421814,0.812444817085478,1.2520272457019,1,0.796442456793228,-0.233176543206772,0.233176543206772,0.233176543206772,0.0543713003018597,0.504081977654097,1.0923969737679,1,1.46964702589764,-0.0303529741023569,0.0303529741023569,0.0303529741023569,0.000921303036858351,1.41906972788076,1.5539885139277,1,1.80420155791364,0.00420155791364163,0.00420155791364163,0.00420155791364163,1.76530889016846e-05,1.71006413023933,2.00134174049965,1
47,"n1000-b1_2-b2_2p5-b3_2p8",1000,7,467,1,1,0.6931472,0.9162907,1.029619,1.5,1.8,1,1.3,0.079,342,154,320,184,FALSE,NA,TRUE,NA,0.722019667503516,0.0288724675035159,0.0288724675035159,0.0288724675035159,0.000833619379741582,0.479311205292658,0.96161201598582,1,0.924016689148062,0.00772598914806211,0.00772598914806211,0.00772598914806211,5.96909083159734e-05,0.717009104557184,1.13720501597082,1,0.951493193508552,-0.0781258064914477,0.0781258064914477,0.0781258064914477,0.00610364163993914,0.657430459761278,1.24773122974145,1,1.48393215926008,-0.0160678407399202,0.0160678407399202,0.0160678407399202,0.000258175506043439,1.41892858935779,1.55528048503513,1,1.8310966595636,0.0310966595636011,0.0310966595636011,0.0310966595636011,0.000967002236014503,1.78911242769812,1.94705852692579,1
47,"n1000-b1_2-b2_2p5-b3_2p8",1000,8,468,1,1,0.6931472,0.9162907,1.029619,1.5,1.8,1,1.3,0.073,350,161,323,166,FALSE,NA,TRUE,NA,0.611065152102418,-0.0820820478975817,0.0820820478975817,0.0820820478975817,0.00673746258706089,0.370129892060142,0.850168189022847,1,0.852720757717845,-0.0635699422821553,0.0635699422821553,0.0635699422821553,0.00404113756175655,0.641627179950065,1.069119721594,1,1.11294497744502,0.0833259774450215,0.0833259774450215,0.0833259774450215,0.00694321851716823,0.815929272494599,1.41440837381296,1,1.54024756219397,0.0402475621939651,0.0402475621939651,0.0402475621939651,0.00161986626255709,1.47275056823297,1.63227768284018,1,1.8582798316695,0.0582798316695006,0.0582798316695006,0.0582798316695006,0.00339653877942532,1.74373818846753,2.01851012757722,1
47,"n1000-b1_2-b2_2p5-b3_2p8",1000,9,469,1,1,0.6931472,0.9162907,1.029619,1.5,1.8,1,1.3,0.073,322,187,324,167,FALSE,NA,TRUE,NA,0.666487782506926,-0.0266594174930744,0.0266594174930744,0.0266594174930744,0.000710724541070043,0.440334303836764,0.896425556498311,1,0.928107355692926,0.0118166556929257,0.0118166556929257,0.0118166556929257,0.000139633351765153,0.719260617260859,1.1424785215531,1,1.13664690719459,0.10702790719459,0.10702790719459,0.10702790719459,0.0114549729184537,0.843184930330772,1.42719118048284,1,1.50813138348855,0.00813138348854592,0.00813138348854592,0.00813138348854592,6.61193974377972e-05,1.45960491771563,1.55033436191611,1,1.82066934480651,0.0206693448065107,0.0206693448065107,0.0206693448065107,0.000427221814730432,1.78650091995294,1.86050638274655,1
47,"n1000-b1_2-b2_2p5-b3_2p8",1000,10,470,1,1,0.6931472,0.9162907,1.029619,1.5,1.8,1,1.3,0.076,342,161,328,169,FALSE,NA,TRUE,NA,0.83251122058589,0.13936402058589,0.13936402058589,0.13936402058589,0.0194223302338645,0.592674494959696,1.0781515624897,1,0.869667685716997,-0.046623014283003,0.046623014283003,0.046623014283003,0.0021737054608331,0.661328713973838,1.08575328152461,1,0.874115221747264,-0.155503778252736,0.155503778252736,0.155503778252736,0.0241814250508762,0.579305750203462,1.16768017259273,1,1.45287566775576,-0.0471243322442434,0.0471243322442434,0.0471243322442434,0.00222070268946584,1.39902436789528,1.5202866610953,1,1.7455345789043,-0.0544654210957027,0.0544654210957027,0.0544654210957027,0.00296648209513222,1.69551696778742,1.84215527230239,1
48,"n1000-b1_2-b2_2p5-b3_2p8",1000,1,471,1,1,0.6931472,0.9162907,1.029619,1.5,1.8,1,1.3,0.077,330,162,339,169,FALSE,NA,TRUE,NA,1.0286365564097,0.3354893564097,0.3354893564097,0.3354893564097,0.112553108264195,0.777667279935864,1.28098518590382,0,1.19170709499876,0.275416394998756,0.275416394998756,0.275416394998756,0.0758541906341107,0.968165132467344,1.42193587399599,0,0.613895137618577,-0.415723862381423,0.415723862381423,0.415723862381423,0.172826329753328,0.310586755705062,0.918157063312106,0,1.46794810018891,-0.0320518998110868,0.0320518998110868,0.0320518998110868,0.00102732428149995,1.40071563593388,1.51761317777642,1,1.80193448684763,0.00193448684763009,0.00193448684763009,0.00193448684763009,3.7422393636538e-06,1.76007029412034,1.90073904728337,1
48,"n1000-b1_2-b2_2p5-b3_2p8",1000,2,472,1,1,0.6931472,0.9162907,1.029619,1.5,1.8,1,1.3,0.071,290,193,329,188,FALSE,NA,TRUE,NA,0.627898260240771,-0.0652489397592285,0.0652489397592285,0.0652489397592285,0.00425742413970343,0.408184848367516,0.849983295979001,1,0.852030760248335,-0.0642599397516652,0.0642599397516652,0.0642599397516652,0.00412933985688764,0.651290096060855,1.05606793096034,1,1.09452658314981,0.0649075831498083,0.0649075831498083,0.0649075831498083,0.00421299435034927,0.804265483021977,1.3798800143875,1,1.54338936505297,0.0433893650529664,0.0433893650529664,0.0433893650529664,0.00188263699969958,1.48587938830886,1.63602836581856,1,1.80650764709101,0.00650764709101015,0.00650764709101015,0.00650764709101015,4.23494706611329e-05,1.7072867313344,1.90759479197795,1
48,"n1000-b1_2-b2_2p5-b3_2p8",1000,3,473,1,1,0.6931472,0.9162907,1.029619,1.5,1.8,1,1.3,0.081,352,160,339,149,FALSE,NA,TRUE,NA,0.760030159573049,0.066882959573049,0.066882959573049,0.066882959573049,0.00447333028125011,0.510355371997595,1.01261111375295,1,1.00673203443695,0.0904413344369484,0.0904413344369484,0.0904413344369484,0.00817963497473594,0.785107649159569,1.23828320830615,1,1.00498800598915,-0.0246309940108522,0.0246309940108522,0.0246309940108522,0.000606685865962638,0.694484019285413,1.31180616052324,1,1.49202282326212,-0.00797717673788312,0.00797717673788312,0.00797717673788312,6.36353487074235e-05,1.44013479334917,1.53180530774383,1,1.81291757433055,0.0129175743305492,0.0129175743305492,0.0129175743305492,0.000166863726585263,1.75118911605257,1.8942455398749,1
48,"n1000-b1_2-b2_2p5-b3_2p8",1000,4,474,1,1,0.6931472,0.9162907,1.029619,1.5,1.8,1,1.3,0.0620000000000001,364,159,323,154,FALSE,NA,TRUE,NA,0.633908514808114,-0.0592386851918864,0.0592386851918864,0.0592386851918864,0.00350922182326342,0.387127463358512,0.880913363426814,1,0.899929282738077,-0.0163614172619229,0.0163614172619229,0.0163614172619229,0.000267695974818747,0.684842847697697,1.12020973310128,1,1.08651835157602,0.0568993515760208,0.0568993515760208,0.0568993515760208,0.00323753620977162,0.782353330031586,1.39109245558815,1,1.51805154677492,0.0180515467749216,0.0180515467749216,0.0180515467749216,0.000325858340967182,1.46416123146645,1.58530483164843,1,1.82721974895714,0.0272197489571431,0.0272197489571431,0.0272197489571431,0.000740914733289892,1.75161677046146,1.92066781662577,1
48,"n1000-b1_2-b2_2p5-b3_2p8",1000,5,475,1,1,0.6931472,0.9162907,1.029619,1.5,1.8,1,1.3,0.077,333,187,311,169,FALSE,NA,TRUE,NA,0.797082899037761,0.103935699037761,0.103935699037761,0.103935699037761,0.0108026295344681,0.563724450338553,1.03244805823506,1,1.05749557109677,0.141204871096775,0.141204871096775,0.141204871096775,0.0199388156214568,0.840258200579878,1.28260297316718,1,1.0585257730004,0.0289067730003973,0.0289067730003973,0.0289067730003973,0.000835601525296501,0.767621376532122,1.35268186082879,1,1.57518025973926,0.0751802597392586,0.0751802597392586,0.0751802597392586,0.00565207145446238,1.4921336681257,1.64420274166366,1,1.84323973628452,0.0432397362845185,0.0432397362845185,0.0432397362845185,0.00186967479395471,1.74465179908704,1.92214697358893,1
48,"n1000-b1_2-b2_2p5-b3_2p8",1000,6,476,1,1,0.6931472,0.9162907,1.029619,1.5,1.8,1,1.3,0.074,335,174,327,164,FALSE,NA,TRUE,NA,0.738132172119468,0.0449849721194676,0.0449849721194676,0.0449849721194676,0.00202364771658928,0.498542390215017,0.977719632813558,1,0.921322184720375,0.00503148472037518,0.00503148472037518,0.00503148472037518,2.53158384913689e-05,0.704301301066953,1.14010983109419,1,0.966526573554317,-0.0630924264456826,0.0630924264456826,0.0630924264456826,0.00398065427480387,0.673162275001601,1.26469888015458,1,1.54130973554931,0.0413097355493099,0.0413097355493099,0.0413097355493099,0.00170649425115392,1.49400654168855,1.59934253132678,1,1.8058804684135,0.00588046841349854,0.00588046841349854,0.00588046841349854,3.4579908762154e-05,1.75499922761749,1.90230312573399,1
48,"n1000-b1_2-b2_2p5-b3_2p8",1000,7,477,1,1,0.6931472,0.9162907,1.029619,1.5,1.8,1,1.3,0.074,312,174,333,181,FALSE,NA,TRUE,NA,0.715647920489132,0.0225007204891318,0.0225007204891318,0.0225007204891318,0.000506282422530034,0.484510655276093,0.947278133820533,1,0.961885079660237,0.0455943796602366,0.0455943796602366,0.0455943796602366,0.0020788474566018,0.756754034276831,1.16829216723072,1,0.906931901538955,-0.122687098461045,0.122687098461045,0.122687098461045,0.0150521241287901,0.622782244488167,1.19492287142942,1,1.52755162637002,0.0275516263700244,0.0275516263700244,0.0275516263700244,0.000759092115633424,1.49968118067645,1.56435916717953,1,1.89916255465728,0.0991625546572783,0.0991625546572783,0.0991625546572783,0.00983321224615771,1.78747160421805,1.99176084804688,1
48,"n1000-b1_2-b2_2p5-b3_2p8",1000,8,478,1,1,0.6931472,0.9162907,1.029619,1.5,1.8,1,1.3,0.072,325,179,331,165,FALSE,NA,TRUE,NA,0.794199192659784,0.101051992659784,0.101051992659784,0.101051992659784,0.010211505220513,0.552671739230387,1.03846670154341,1,1.13817883300614,0.221888133006138,0.221888133006138,0.221888133006138,0.0492343435689497,0.917720669183905,1.36492283652565,0,0.878790380639426,-0.150828619360574,0.150828619360574,0.150828619360574,0.0227492724182168,0.583949144642736,1.17817549619581,1,1.51364624354547,0.0136462435454663,0.0136462435454663,0.0136462435454663,0.00018621996290218,1.42347610813147,1.59416546847854,1,1.81346042994105,0.0134604299410506,0.0134604299410506,0.0134604299410506,0.000181183174197931,1.78124009860305,1.88115086042301,1
48,"n1000-b1_2-b2_2p5-b3_2p8",1000,9,479,1,1,0.6931472,0.9162907,1.029619,1.5,1.8,1,1.3,0.071,331,146,347,176,FALSE,NA,TRUE,NA,0.81502461857913,0.12187741857913,0.12187741857913,0.12187741857913,0.0148541051595124,0.563864551730671,1.06716017047414,1,1.11056343268446,0.194272732684462,0.194272732684462,0.194272732684462,0.0377418946646886,0.896690657054846,1.33004626997423,1,0.953587122894577,-0.0760318771054227,0.0760318771054227,0.0760318771054227,0.0057808463361741,0.647461113104816,1.25948453028173,1,1.54264681805217,0.0426468180521697,0.0426468180521697,0.0426468180521697,0.00181875108997487,1.48378246179985,1.587429638792,1,1.84424493721575,0.044244937215755,0.044244937215755,0.044244937215755,0.0019576144692261,1.80020888055445,1.91223229619952,0
48,"n1000-b1_2-b2_2p5-b3_2p8",1000,10,480,1,1,0.6931472,0.9162907,1.029619,1.5,1.8,1,1.3,0.073,326,168,338,168,FALSE,NA,TRUE,NA,0.809734061630119,0.116586861630119,0.116586861630119,0.116586861630119,0.0135924963047605,0.571134442219883,1.05076039969821,1,0.96743642449526,0.05114572449526,0.05114572449526,0.05114572449526,0.00261588513414504,0.751166246615992,1.1858191972179,1,1.05345463372131,0.0238356337213081,0.0238356337213081,0.0238356337213081,0.000568137434896362,0.753719132190476,1.35144479665842,1,1.49709138205527,-0.00290861794472841,0.00290861794472841,0.00290861794472841,8.46005834839611e-06,1.43184262077216,1.60725355152618,1,1.78353403498884,-0.016465965011156,0.016465965011156,0.016465965011156,0.000271128003748615,1.71664226463818,1.90133315217364,1
49,"n1000-b1_2-b2_2p5-b3_2p8",1000,1,481,1,1,0.6931472,0.9162907,1.029619,1.5,1.8,1,1.3,0.0620000000000001,339,168,330,163,FALSE,NA,TRUE,NA,0.541809555656154,-0.151337644343846,0.151337644343846,0.151337644343846,0.0229030825955444,0.304303267352495,0.780105266903463,1,0.733959231778561,-0.182331468221439,0.182331468221439,0.182331468221439,0.0332447643037856,0.52894526258687,0.946039275684818,1,1.27399150158066,0.244372501580662,0.244372501580662,0.244372501580662,0.0597179195287907,0.974867095563834,1.56961343908355,1,1.50429141024686,0.00429141024686119,0.00429141024686119,0.00429141024686119,1.84162019068653e-05,1.43833440083953,1.57732848598851,1,1.82386583578063,0.0238658357806298,0.0238658357806298,0.0238658357806298,0.000569578117507992,1.66643466572332,1.91882628083703,1
49,"n1000-b1_2-b2_2p5-b3_2p8",1000,2,482,1,1,0.6931472,0.9162907,1.029619,1.5,1.8,1,1.3,0.072,340,169,321,170,FALSE,NA,TRUE,NA,0.740335714817968,0.0471885148179676,0.0471885148179676,0.0471885148179676,0.00222675593072555,0.496599182415088,0.983407950325684,1,0.867295564959353,-0.0489951350406467,0.0489951350406467,0.0489951350406467,0.0024005232576512,0.653216041824578,1.08648265268745,1,0.905477168005375,-0.124141831994625,0.124141831994625,0.124141831994625,0.0154111944509817,0.602947324229046,1.20561658314435,1,1.49168077935566,-0.00831922064434454,0.00831922064434454,0.00831922064434454,6.92094321292884e-05,1.43880615740082,1.5873448846118,1,1.75854344769291,-0.0414565523070882,0.0414565523070882,0.0414565523070882,0.00171864572919034,1.68692151111089,1.95081011700509,1
49,"n1000-b1_2-b2_2p5-b3_2p8",1000,3,483,1,1,0.6931472,0.9162907,1.029619,1.5,1.8,1,1.3,0.0610000000000001,354,170,319,157,FALSE,NA,TRUE,NA,0.721400463840554,0.028253263840554,0.028253263840554,0.028253263840554,0.000798246917643959,0.487584704840777,0.958114158894545,1,0.917801050922005,0.00151035092200469,0.00151035092200469,0.00151035092200469,2.28115990760041e-06,0.701803608691048,1.13870519313677,1,0.941758273406905,-0.0878607265930947,0.0878607265930947,0.0878607265930947,0.00771950727746654,0.643675374963038,1.23306385284876,1,1.53510586656681,0.035105866566808,0.035105866566808,0.035105866566808,0.00123242186740653,1.46345415311436,1.67184331567106,1,1.81813261492935,0.0181326149293481,0.0181326149293481,0.0181326149293481,0.000328791724176019,1.76000625036159,1.88419817543488,1
49,"n1000-b1_2-b2_2p5-b3_2p8",1000,4,484,1,1,0.6931472,0.9162907,1.029619,1.5,1.8,1,1.3,0.0570000000000001,357,169,317,157,FALSE,NA,TRUE,NA,0.666620938850014,-0.0265262611499857,0.0265262611499857,0.0265262611499857,0.00070364253059724,0.427438737334796,0.91068399542529,1,0.774572199907474,-0.141718500092526,0.141718500092526,0.141718500092526,0.0200841332684754,0.557163612394817,0.99732976880887,1,1.07442730584178,0.044808305841781,0.044808305841781,0.044808305841781,0.00200778427241058,0.771873964402069,1.36442366884096,1,1.49616853308617,-0.00383146691382552,0.00383146691382552,0.00383146691382552,1.46801387117397e-05,1.44281101470536,1.60872776544239,1,1.79564200128063,-0.00435799871936937,0.00435799871936937,0.00435799871936937,1.89921528380251e-05,1.72509370776733,1.8811577751902,1
49,"n1000-b1_2-b2_2p5-b3_2p8",1000,5,485,1,1,0.6931472,0.9162907,1.029619,1.5,1.8,1,1.3,0.08,332,168,323,177,FALSE,NA,TRUE,NA,0.787674333919824,0.0945271339198238,0.0945271339198238,0.0945271339198238,0.00893537904709631,0.545914597407612,1.03075785675142,1,0.992239309746979,0.0759486097469787,0.0759486097469787,0.0759486097469787,0.00576819132249887,0.77910960777271,1.20781520197336,1,0.90195371874278,-0.127665281257221,0.127665281257221,0.127665281257221,0.0162984240384852,0.609483023970912,1.19711729393327,1,1.47005129858856,-0.0299487014114355,0.0299487014114355,0.0299487014114355,0.000896924716231317,1.39525123743123,1.52475419756151,1,1.78334308153043,-0.0166569184695748,0.0166569184695748,0.0166569184695748,0.000277452932902064,1.61407429107975,1.8890752319599,1
49,"n1000-b1_2-b2_2p5-b3_2p8",1000,6,486,1,1,0.6931472,0.9162907,1.029619,1.5,1.8,1,1.3,0.072,312,176,333,179,FALSE,NA,TRUE,NA,0.78033308640942,0.0871858864094198,0.0871858864094198,0.0871858864094198,0.00760137878899626,0.550431989281403,1.01724768422216,1,1.02926777111556,0.112977071115561,0.112977071115561,0.112977071115561,0.0127638185978505,0.821578678103383,1.24530368182269,1,0.891012169459151,-0.138606830540849,0.138606830540849,0.138606830540849,0.0192118534725796,0.597226522317658,1.18295864832713,1,1.49480502683607,-0.00519497316392847,0.00519497316392847,0.00519497316392847,2.6987746173937e-05,1.44608012909741,1.5612818197513,1,1.79296024186096,-0.00703975813903712,0.00703975813903712,0.00703975813903712,4.95581946561394e-05,1.75662010707335,1.84856608186292,1
49,"n1000-b1_2-b2_2p5-b3_2p8",1000,7,487,1,1,0.6931472,0.9162907,1.029619,1.5,1.8,1,1.3,0.097,321,165,347,167,FALSE,NA,TRUE,NA,0.700344478640198,0.00719727864019826,0.00719727864019826,0.00719727864019826,5.18008198246541e-05,0.45202278426102,0.947796496146813,1,0.911388590982882,-0.00490210901711785,0.00490210901711785,0.00490210901711785,2.40306728157081e-05,0.695775712504998,1.13183634542873,1,1.06068393247751,0.0310649324775099,0.0310649324775099,0.0310649324775099,0.000965030029832247,0.75596165917532,1.36330318006833,1,1.50825241611275,0.00825241611275018,0.00825241611275018,0.00825241611275018,6.81023716979788e-05,1.47417555669723,1.55950878804459,1,1.7892179150433,-0.0107820849567004,0.0107820849567004,0.0107820849567004,0.000116253356013505,1.75177765689794,1.84165839793962,1
49,"n1000-b1_2-b2_2p5-b3_2p8",1000,8,488,1,1,0.6931472,0.9162907,1.029619,1.5,1.8,1,1.3,0.071,345,165,324,166,FALSE,NA,TRUE,NA,0.729228004503181,0.0360808045031807,0.0360808045031807,0.0360808045031807,0.00130182445359675,0.48560161523256,0.974261401849908,1,1.02046122400117,0.104170524001168,0.104170524001168,0.104170524001168,0.0108514980706779,0.80123153211946,1.24310802200803,1,0.996658892459699,-0.032960107540301,0.032960107540301,0.032960107540301,0.00108636868906821,0.699647165702653,1.29854244336848,1,1.45214180960935,-0.0478581903906532,0.0478581903906532,0.0478581903906532,0.00229040638746801,1.39779968411015,1.56832950849909,1,1.77706983904581,-0.022930160954189,0.022930160954189,0.022930160954189,0.000525792281385013,1.72321089611852,1.86196704438771,1
49,"n1000-b1_2-b2_2p5-b3_2p8",1000,9,489,1,1,0.6931472,0.9162907,1.029619,1.5,1.8,1,1.3,0.0679999999999999,336,152,349,163,FALSE,NA,TRUE,NA,0.629929815422351,-0.0632173845776492,0.0632173845776492,0.0632173845776492,0.0039964377128384,0.382566216566762,0.880383638871079,1,0.948193071917416,0.031902371917416,0.031902371917416,0.031902371917416,0.00101776133395713,0.73854436593669,1.1632422172366,1,1.11115827968361,0.0815392796836099,0.0815392796836099,0.0815392796836099,0.00664865413132195,0.809092875073233,1.41160338632243,1,1.46158742120369,-0.0384125787963099,0.0384125787963099,0.0384125787963099,0.00147552620978272,1.39327083532707,1.51039424251143,1,1.76554521921026,-0.0344547807897373,0.0344547807897373,0.0344547807897373,0.00118713191926885,1.69192799275806,1.87643091404685,1
49,"n1000-b1_2-b2_2p5-b3_2p8",1000,10,490,1,1,0.6931472,0.9162907,1.029619,1.5,1.8,1,1.3,0.0659999999999999,348,159,333,160,FALSE,NA,TRUE,NA,0.761784099365378,0.0686368993653776,0.0686368993653776,0.0686368993653776,0.00471102395449298,0.513723347281818,1.01569341064463,1,0.959695267692166,0.0434045676921661,0.0434045676921661,0.0434045676921661,0.00188395649654382,0.737841086434926,1.18671745916586,1,1.13456305772831,0.104944057728314,0.104944057728314,0.104944057728314,0.0110132552524838,0.82567598081907,1.43863918859152,1,1.5100943631993,0.0100943631993005,0.0100943631993005,0.0100943631993005,0.000101896168399391,1.45055842137733,1.56309148576561,1,1.82065619863299,0.0206561986329876,0.0206561986329876,0.0206561986329876,0.00042667854196544,1.77203716233291,1.89132847946956,1
50,"n1000-b1_2-b2_2p5-b3_2p8",1000,1,491,1,1,0.6931472,0.9162907,1.029619,1.5,1.8,1,1.3,0.078,337,185,321,157,FALSE,NA,TRUE,NA,0.781937659677316,0.0887904596773156,0.0887904596773156,0.0887904596773156,0.007883745729709,0.5411102912505,1.0278137501492,1,1.04792029415642,0.131629594156416,0.131629594156416,0.131629594156416,0.0173263500577829,0.824104356843143,1.27774856803281,1,0.941713163535114,-0.0879058364648863,0.0879058364648863,0.0879058364648863,0.00772743608459133,0.642123080281646,1.2406906606467,1,1.52783303868048,0.027833038680481,0.027833038680481,0.027833038680481,0.000774678042189154,1.49639120561497,1.60417055102512,1,1.82650232019747,0.0265023201974672,0.0265023201974672,0.0265023201974672,0.00070237297584908,1.78159234328477,1.89308286030699,1
50,"n1000-b1_2-b2_2p5-b3_2p8",1000,2,492,1,1,0.6931472,0.9162907,1.029619,1.5,1.8,1,1.3,0.0639999999999999,312,185,331,172,FALSE,NA,TRUE,NA,0.564400593638095,-0.128746606361905,0.128746606361905,0.128746606361905,0.0165756886497073,0.339129606407182,0.791709813211965,1,0.72163074210088,-0.19465995789912,0.19465995789912,0.19465995789912,0.037892499209287,0.522034131322068,0.925525443144014,1,1.33177727594117,0.302158275941168,0.302158275941168,0.302158275941168,0.0912996237197392,1.04307531965438,1.62147520319281,0,1.50784757792754,0.00784757792753599,0.00784757792753599,0.00784757792753599,6.158447932875e-05,1.47003412497686,1.56804121418081,1,1.81548383876119,0.0154838387611944,0.0154838387611944,0.0154838387611944,0.000239749262782667,1.75190469951832,1.88832783030633,1
50,"n1000-b1_2-b2_2p5-b3_2p8",1000,3,493,1,1,0.6931472,0.9162907,1.029619,1.5,1.8,1,1.3,0.077,346,167,317,170,FALSE,NA,TRUE,NA,0.702679253041783,0.00953205304178273,0.00953205304178273,0.00953205304178273,9.08600351913594e-05,0.456049064367357,0.945546655566574,1,0.933464351370379,0.0171736513703792,0.0171736513703792,0.0171736513703792,0.000294934301391327,0.717976662580319,1.15262598601051,1,1.01093058340722,-0.0186884165927845,0.0186884165927845,0.0186884165927845,0.000349256914745464,0.712832049361367,1.30590447370258,1,1.49279536824607,-0.00720463175393204,0.00720463175393204,0.00720463175393204,5.19067187097659e-05,1.47624851968383,1.51370272443198,1,1.79594177088505,-0.0040582291149498,0.0040582291149498,0.0040582291149498,1.64692235494262e-05,1.77059428418045,1.8455398482129,1
50,"n1000-b1_2-b2_2p5-b3_2p8",1000,4,494,1,1,0.6931472,0.9162907,1.029619,1.5,1.8,1,1.3,0.072,316,172,331,181,FALSE,NA,TRUE,NA,0.744263761140305,0.0511165611403052,0.0511165611403052,0.0511165611403052,0.00261290282281056,0.509921737802577,0.979337337925788,1,0.940155211282422,0.0238645112824224,0.0238645112824224,0.0238645112824224,0.000569514898748866,0.73269735130844,1.15461104237024,1,1.13278011710773,0.103161117107732,0.103161117107732,0.103161117107732,0.0106422160829152,0.836759613682612,1.43032901162696,1,1.5168400032083,0.0168400032082969,0.0168400032082969,0.0168400032082969,0.000283585708055451,1.49208366577201,1.59619471099179,1,1.82394625424912,0.0239462542491224,0.0239462542491224,0.0239462542491224,0.000573423092563615,1.73753181972409,1.93088515715278,1
50,"n1000-b1_2-b2_2p5-b3_2p8",1000,5,495,1,1,0.6931472,0.9162907,1.029619,1.5,1.8,1,1.3,0.083,331,177,329,163,FALSE,NA,TRUE,NA,0.627075236589929,-0.0660719634100714,0.0660719634100714,0.0660719634100714,0.00436550434886181,0.387208148120824,0.868321008497266,1,0.872999993523915,-0.0432907064760846,0.0432907064760846,0.0432907064760846,0.00187408526719851,0.658141803472013,1.09147882662514,1,1.12878847647324,0.0991694764732438,0.0991694764732438,0.0991694764732438,0.00983458506397726,0.829913363684704,1.42297164430001,1,1.4940089760449,-0.00599102395509599,0.00599102395509599,0.00599102395509599,3.5892368030534e-05,1.4119635063704,1.55976270623688,1,1.73537223217058,-0.0646277678294178,0.0646277678294178,0.0646277678294178,0.00417674837461313,1.68847476824201,1.81460467635017,1
50,"n1000-b1_2-b2_2p5-b3_2p8",1000,6,496,1,1,0.6931472,0.9162907,1.029619,1.5,1.8,1,1.3,0.07,338,171,323,168,FALSE,NA,TRUE,NA,0.740045510573459,0.0468983105734592,0.0468983105734592,0.0468983105734592,0.00219945153464463,0.506352670417342,0.978987468510464,1,0.927671882741481,0.0113811827414808,0.0113811827414808,0.0113811827414808,0.000129531320594981,0.714901661252423,1.14483662983022,1,1.03823195133773,0.00861295133772688,0.00861295133772688,0.00861295133772688,7.41829307460513e-05,0.742843571233187,1.32993038393557,1,1.47027045429195,-0.029729545708048,0.029729545708048,0.029729545708048,0.000883845888006914,1.43223980228958,1.55775911879341,1,1.80790698186116,0.00790698186116301,0.00790698186116301,0.00790698186116301,6.25203621527608e-05,1.71985017074204,1.99104636528629,1
50,"n1000-b1_2-b2_2p5-b3_2p8",1000,7,497,1,1,0.6931472,0.9162907,1.029619,1.5,1.8,1,1.3,0.086,329,183,328,160,FALSE,NA,TRUE,NA,0.482597608120659,-0.210549591879341,0.210549591879341,0.210549591879341,0.044331130640557,0.246585176859599,0.721791144708029,1,0.817752923122881,-0.0985377768771191,0.0985377768771191,0.0985377768771191,0.0097096934718849,0.601402080766803,1.03656010353621,1,1.28875616112852,0.259137161128521,0.259137161128521,0.259137161128521,0.0671520682777492,0.988189106977168,1.59014274887008,1,1.53392949872513,0.0339294987251344,0.0339294987251344,0.0339294987251344,0.0011512108837389,1.47184343668814,1.64314944137667,1,1.84815539556226,0.048155395562262,0.048155395562262,0.048155395562262,0.00231894212175792,1.74484546569083,1.96449426505877,1
50,"n1000-b1_2-b2_2p5-b3_2p8",1000,8,498,1,1,0.6931472,0.9162907,1.029619,1.5,1.8,1,1.3,0.086,337,187,333,143,FALSE,NA,TRUE,NA,0.61309602283161,-0.0800511771683899,0.0800511771683899,0.0800511771683899,0.00640819096604496,0.357660336445449,0.868079440585363,1,1.0659666459738,0.149675945973795,0.149675945973795,0.149675945973795,0.0224028888031504,0.829735838698934,1.30497203670165,1,1.23660808374457,0.20698908374457,0.20698908374457,0.20698908374457,0.0428444807894167,0.925480998023239,1.55254883387969,1,1.4965501525595,-0.00344984744050358,0.00344984744050358,0.00344984744050358,1.19014473627491e-05,1.47312993976409,1.53878099355641,1,1.80100507370221,0.00100507370220848,0.00100507370220848,0.00100507370220848,1.01017314687106e-06,1.76984526953217,1.86567613524876,1
50,"n1000-b1_2-b2_2p5-b3_2p8",1000,9,499,1,1,0.6931472,0.9162907,1.029619,1.5,1.8,1,1.3,0.078,340,155,337,168,FALSE,NA,TRUE,NA,0.805637050400195,0.112489850400195,0.112489850400195,0.112489850400195,0.0126539664430583,0.548412185969644,1.06011387160334,1,1.00390339300093,0.0876126930009262,0.0876126930009262,0.0876126930009262,0.00767598397487455,0.785839522819205,1.22503872593837,1,0.773637566240744,-0.255981433759256,0.255981433759256,0.255981433759256,0.0655264944294445,0.471642934091638,1.07796848201601,1,1.36726491973672,-0.132735080263282,0.132735080263282,0.132735080263282,0.0176186015324999,1.12472469980549,1.54567164026388,1,1.74671703834562,-0.053282961654384,0.053282961654384,0.053282961654384,0.00283907400266255,1.56122663203774,1.95578206568552,1
50,"n1000-b1_2-b2_2p5-b3_2p8",1000,10,500,1,1,0.6931472,0.9162907,1.029619,1.5,1.8,1,1.3,0.0669999999999999,330,170,350,150,FALSE,NA,TRUE,NA,0.781171797142115,0.0880245971421146,0.0880245971421146,0.0880245971421146,0.00774832970203158,0.532720648082968,1.0290283562953,1,1.1022109889847,0.1859202889847,0.1859202889847,0.1859202889847,0.0345663538561544,0.877047381923727,1.33509932709672,1,0.92257802409692,-0.10704097590308,0.10704097590308,0.10704097590308,0.0114577705222837,0.618054005601799,1.22338416275483,1,1.40559688237811,-0.0944031176218922,0.0944031176218922,0.0944031176218922,0.00891194861673282,1.36960472729385,1.49603398015449,0,1.75685179761312,-0.0431482023868814,0.0431482023868814,0.0431482023868814,0.00186176736921928,1.70902391008157,1.82900768718888,1
