"replicate_index","scenario_label","data_n","data_set_index","global_data_set_index","data_set_attempt","start_index","true_beta_1","true_beta_2","true_beta_3","true_gamma_1","true_gamma_2","gamma_start_1","gamma_start_2","censoring_proportion","treated_above","treated_below","control_above","control_below","skipped","skip_reason","converged","error","beta_1_value","beta_1_bias","beta_1_absolute_bias","beta_1_rmse","beta_1_squared_bias","beta_1_interval_lower","beta_1_interval_upper","beta_1_covered","beta_2_value","beta_2_bias","beta_2_absolute_bias","beta_2_rmse","beta_2_squared_bias","beta_2_interval_lower","beta_2_interval_upper","beta_2_covered","beta_3_value","beta_3_bias","beta_3_absolute_bias","beta_3_rmse","beta_3_squared_bias","beta_3_interval_lower","beta_3_interval_upper","beta_3_covered","gamma_1_value","gamma_1_bias","gamma_1_absolute_bias","gamma_1_rmse","gamma_1_squared_bias","gamma_1_interval_lower","gamma_1_interval_upper","gamma_1_covered","gamma_2_value","gamma_2_bias","gamma_2_absolute_bias","gamma_2_rmse","gamma_2_squared_bias","gamma_2_interval_lower","gamma_2_interval_upper","gamma_2_covered"
1,"n1000-b1_1-b2_2p5-b3_2p5",1000,1,1,1,1,0,0.9162907,0.9162907,1.5,1.8,1,1.3,0.101,311,160,347,182,FALSE,NA,TRUE,NA,0.0618037135788435,0.0618037135788435,0.0618037135788435,0.0618037135788435,0.00381969901213573,-0.179790263695782,0.307376363204291,1,0.86529765282514,-0.0509930471748604,0.0509930471748604,0.0509930471748604,0.00260029086017754,0.657335886239364,1.07493439788582,1,0.95595930159803,0.0396686015980297,0.0396686015980297,0.0396686015980297,0.0015735979527432,0.657504704560349,1.24698399370122,1,1.48701103388087,-0.0129889661191316,0.0129889661191316,0.0129889661191316,0.000168713240843948,1.43433488245335,1.54906111656332,1,1.79977326153875,-0.000226738461246878,0.000226738461246878,0.000226738461246878,5.14103298086021e-08,1.75429886092773,1.87199859599469,1
1,"n1000-b1_1-b2_2p5-b3_2p5",1000,2,2,1,1,0,0.9162907,0.9162907,1.5,1.8,1,1.3,0.113,288,184,358,170,FALSE,NA,TRUE,NA,-0.0386279152902475,-0.0386279152902475,0.0386279152902475,0.0386279152902475,0.00149211583967054,-0.280574289435271,0.201759383876505,1,0.863355480567108,-0.0529352194328921,0.0529352194328921,0.0529352194328921,0.00280213745640844,0.654168942720214,1.07784640031391,1,1.01176191991303,0.0954712199130268,0.0954712199130268,0.0954712199130268,0.00911475383168152,0.714048422825321,1.30530952000086,1,1.52481298291994,0.0248129829199355,0.0248129829199355,0.0248129829199355,0.000615684121385011,1.47763074528737,1.63044283702403,1,1.79386674132383,-0.00613325867617198,0.00613325867617198,0.00613325867617198,3.76168619888389e-05,1.75559935344645,1.87189665370464,1
1,"n1000-b1_1-b2_2p5-b3_2p5",1000,3,3,1,1,0,0.9162907,0.9162907,1.5,1.8,1,1.3,0.097,333,164,356,147,FALSE,NA,TRUE,NA,-0.0527101481863286,-0.0527101481863286,0.0527101481863286,0.0527101481863286,0.00277835972182472,-0.306963744020107,0.205470711890954,1,1.07700038462709,0.160709684627095,0.160709684627095,0.160709684627095,0.0258276027329403,0.85628444318153,1.30184923225674,1,0.997547978671471,0.0812572786714708,0.0812572786714708,0.0812572786714708,0.00660274533709307,0.689067894640577,1.30024813878708,1,1.50973413065482,0.00973413065481799,0.00973413065481799,0.00973413065481799,9.47532996050672e-05,1.44351653258071,1.57300592664418,1,1.75008210894934,-0.0499178910506637,0.0499178910506637,0.0499178910506637,0.00249179584694593,1.67988773458006,1.85326012317803,1
1,"n1000-b1_1-b2_2p5-b3_2p5",1000,4,4,1,1,0,0.9162907,0.9162907,1.5,1.8,1,1.3,0.099,321,160,350,169,FALSE,NA,TRUE,NA,0.17201424289159,0.17201424289159,0.17201424289159,0.17201424289159,0.0295888997575668,-0.0751739252178904,0.417529731143388,1,0.977921419365905,0.0616307193659048,0.0616307193659048,0.0616307193659048,0.00379834556955891,0.764258106443287,1.19255129644847,1,0.778408286032721,-0.137882413967279,0.137882413967279,0.137882413967279,0.0190115600814441,0.481604604033416,1.07687752949691,1,1.51841635743424,0.0184163574342375,0.0184163574342375,0.0184163574342375,0.000339162221145596,1.50078799869797,1.54940166754026,0,1.80328641815317,0.00328641815316866,0.00328641815316866,0.00328641815316866,1.08005442774765e-05,1.78838003150141,1.82314461623507,1
1,"n1000-b1_1-b2_2p5-b3_2p5",1000,5,5,1,1,0,0.9162907,0.9162907,1.5,1.8,1,1.3,0.093,352,156,322,170,FALSE,NA,TRUE,NA,0.105404003738686,0.105404003738686,0.105404003738686,0.105404003738686,0.0111100040041449,-0.14627712232785,0.354885514178394,1,0.873122887138438,-0.0431678128615618,0.0431678128615618,0.0431678128615618,0.00186346006725082,0.66102021761535,1.08632455079366,1,0.970876308545838,0.0545856085458383,0.0545856085458383,0.0545856085458383,0.00297958866031949,0.671690001027507,1.27353882164852,1,1.4522983501807,-0.0477016498193046,0.0477016498193046,0.0477016498193046,0.00227544739548356,1.36038376289477,1.58701039883479,1,1.76934227278916,-0.0306577272108395,0.0306577272108395,0.0306577272108395,0.000939896237734248,1.66996838175125,1.84030045886637,1
1,"n1000-b1_1-b2_2p5-b3_2p5",1000,6,6,1,1,0,0.9162907,0.9162907,1.5,1.8,1,1.3,0.088,321,180,338,161,FALSE,NA,TRUE,NA,0.0492109537781631,0.0492109537781631,0.0492109537781631,0.0492109537781631,0.00242171797175651,-0.194082956630124,0.28768525196177,1,0.987354006955459,0.0710633069554587,0.0710633069554587,0.0710633069554587,0.00504999359544575,0.776694909416258,1.19814914876086,1,0.75315382823414,-0.16313687176586,0.16313687176586,0.16313687176586,0.0266136389295505,0.470058941854866,1.04515648383387,1,1.51902811024828,0.0190281102482768,0.0190281102482768,0.0190281102482768,0.000362068979620576,1.47900838514147,1.60484676577926,1,1.83630268607255,0.0363026860725542,0.0363026860725542,0.0363026860725542,0.00131788501608242,1.69928915110513,1.92822030386486,1
1,"n1000-b1_1-b2_2p5-b3_2p5",1000,7,7,1,1,0,0.9162907,0.9162907,1.5,1.8,1,1.3,0.084,348,150,333,169,FALSE,NA,TRUE,NA,-0.00686096224173879,-0.00686096224173879,0.00686096224173879,0.00686096224173879,4.70728028825653e-05,-0.249056574254836,0.237520277182028,1,0.773324157096035,-0.142966542903965,0.142966542903965,0.142966542903965,0.0204394323899112,0.566777679796269,0.978833472417097,1,0.905755957435684,-0.0105347425643159,0.0105347425643159,0.0105347425643159,0.000110980800896408,0.616857553543443,1.19803979961955,1,1.46318006801675,-0.0368199319832456,0.0368199319832456,0.0368199319832456,0.00135570739125083,1.37283532074605,1.54116036210449,1,1.78637475329064,-0.0136252467093583,0.0136252467093583,0.0136252467093583,0.000185647347890878,1.73281173684056,1.84327876905358,1
1,"n1000-b1_1-b2_2p5-b3_2p5",1000,8,8,1,1,0,0.9162907,0.9162907,1.5,1.8,1,1.3,0.098,343,164,315,178,FALSE,NA,TRUE,NA,0.132913885873652,0.132913885873652,0.132913885873652,0.132913885873652,0.0176661010580341,-0.113225581169724,0.372132517607017,1,1.02389423263479,0.107603532634793,0.107603532634793,0.107603532634793,0.0115785202354869,0.80976094438816,1.23929928992428,1,0.624847291875235,-0.291443408124765,0.291443408124765,0.291443408124765,0.0849392601393783,0.334300109410696,0.914843548454552,0,1.48812636550356,-0.0118736344964405,0.0118736344964405,0.0118736344964405,0.000140983196155062,1.43715746541214,1.56677632057582,1,1.79663901396263,-0.00336098603736912,0.00336098603736912,0.00336098603736912,1.12962271433902e-05,1.75609655978246,1.85055426913138,1
1,"n1000-b1_1-b2_2p5-b3_2p5",1000,9,9,1,1,0,0.9162907,0.9162907,1.5,1.8,1,1.3,0.107,346,162,326,166,FALSE,NA,TRUE,NA,-0.159074257560943,-0.159074257560943,0.159074257560943,0.159074257560943,0.0253046194185653,-0.417607526013495,0.0969595838608536,1,0.875885081638666,-0.0404056183613343,0.0404056183613343,0.0404056183613343,0.00163261399516179,0.662218643877283,1.09526931911847,1,1.097547173414,0.181256473414004,0.181256473414004,0.181256473414004,0.0328539091544815,0.793251125611481,1.40540246107031,1,1.48879490294508,-0.0112050970549151,0.0112050970549151,0.0112050970549151,0.000125554200010068,1.42267780335118,1.56007075186959,1,1.8124730508163,0.0124730508162991,0.0124730508162991,0.0124730508162991,0.00015557699666598,1.76217727182083,1.87807623417642,1
1,"n1000-b1_1-b2_2p5-b3_2p5",1000,10,10,1,1,0,0.9162907,0.9162907,1.5,1.8,1,1.3,0.1,379,150,313,158,FALSE,NA,TRUE,NA,0.0416587918691982,0.0416587918691982,0.0416587918691982,0.0416587918691982,0.00173545494000118,-0.217745423051911,0.301007667704717,1,0.993318976973334,0.0770282769733343,0.0770282769733343,0.0770282769733343,0.0059333554534807,0.776098434353561,1.21679621581061,1,0.891645153384725,-0.0246455466152751,0.0246455466152751,0.0246455466152751,0.000607402967965696,0.588926428417215,1.19923660284187,1,1.51709667077199,0.0170966707719917,0.0170966707719917,0.0170966707719917,0.000292296151485876,1.46743488016486,1.57510520869758,1,1.84385884640097,0.0438588464009728,0.0438588464009728,0.0438588464009728,0.00192359840762413,1.79651065669009,1.95849320581826,1
2,"n1000-b1_1-b2_2p5-b3_2p5",1000,1,11,1,1,0,0.9162907,0.9162907,1.5,1.8,1,1.3,0.1,339,178,306,177,FALSE,NA,TRUE,NA,-0.0644062921763815,-0.0644062921763815,0.0644062921763815,0.0644062921763815,0.00414817047190942,-0.306798882212012,0.17356481941837,1,0.860777524345395,-0.0555131756546046,0.0555131756546046,0.0555131756546046,0.00308171267125898,0.645483504644558,1.07550202320283,1,0.9956353474505,0.0793446474505003,0.0793446474505003,0.0793446474505003,0.00629557307904418,0.70226490569563,1.28607281441969,1,1.48895172312244,-0.011048276877563,0.011048276877563,0.011048276877563,0.000122064421963294,1.39921870192596,1.6201092643321,1,1.78147056454096,-0.018529435459038,0.018529435459038,0.018529435459038,0.000343339978430653,1.70707922994939,1.87503270952832,1
2,"n1000-b1_1-b2_2p5-b3_2p5",1000,2,12,1,1,0,0.9162907,0.9162907,1.5,1.8,1,1.3,0.113,336,185,299,180,FALSE,NA,TRUE,NA,0.054383549235034,0.054383549235034,0.054383549235034,0.054383549235034,0.00295757042739937,-0.181762666182553,0.29368680215722,1,1.01542476148964,0.099134061489635,0.099134061489635,0.099134061489635,0.00982756214743073,0.798134301823389,1.23576097384605,1,0.880783484793547,-0.0355072152064531,0.0355072152064531,0.0355072152064531,0.00126076233171737,0.584581690126332,1.17011752443349,1,1.48333355401526,-0.0166664459847401,0.0166664459847401,0.0166664459847401,0.000277770421762259,1.43084724152727,1.52773411196382,1,1.76755382447591,-0.0324461755240946,0.0324461755240946,0.0324461755240946,0.00105275430614035,1.70266579440008,1.81435089313624,1
2,"n1000-b1_1-b2_2p5-b3_2p5",1000,3,13,1,1,0,0.9162907,0.9162907,1.5,1.8,1,1.3,0.102,348,153,336,163,FALSE,NA,TRUE,NA,0.0207927304152499,0.0207927304152499,0.0207927304152499,0.0207927304152499,0.000432337638121256,-0.23818509707266,0.282957733266192,1,0.964322531547788,0.0480318315477878,0.0480318315477878,0.0480318315477878,0.00230705684183506,0.747949678763715,1.18890110187713,1,1.00646882666671,0.0901781266667068,0.0901781266667068,0.0901781266667068,0.00813209452911661,0.703491084072386,1.31478366770629,1,1.45231513511764,-0.0476848648823609,0.0476848648823609,0.0476848648823609,0.00227384633884902,1.33435033049523,1.54525435036913,1,1.84047753954892,0.0404775395489214,0.0404775395489214,0.0404775395489214,0.0016384312079345,1.78063979456326,1.92810846069539,1
2,"n1000-b1_1-b2_2p5-b3_2p5",1000,4,14,1,1,0,0.9162907,0.9162907,1.5,1.8,1,1.3,0.086,324,172,366,138,FALSE,NA,TRUE,NA,0.0897271808307626,0.0897271808307626,0.0897271808307626,0.0897271808307626,0.00805096697983638,-0.159901474988771,0.340709272623213,1,0.85348831796108,-0.0628023820389199,0.0628023820389199,0.0628023820389199,0.00394413918976244,0.631273253186232,1.08187527937478,1,0.824798207349221,-0.0914924926507785,0.0914924926507785,0.0914924926507785,0.00837087621145276,0.524326993691813,1.12014010418358,1,1.45937036756002,-0.0406296324399782,0.0406296324399782,0.0406296324399782,0.00165076703220773,1.38862790404825,1.54182883544465,1,1.82382493801623,0.0238249380162259,0.0238249380162259,0.0238249380162259,0.000567627671477005,1.75710126210648,2.02821750753392,1
2,"n1000-b1_1-b2_2p5-b3_2p5",1000,5,15,1,1,0,0.9162907,0.9162907,1.5,1.8,1,1.3,0.102,343,181,334,142,FALSE,NA,TRUE,NA,-0.311648167004682,-0.311648167004682,0.311648167004682,0.311648167004682,0.0971245799973784,-0.568373148806537,-0.0542888892533997,0,0.695785683912403,-0.220505016087597,0.220505016087597,0.220505016087597,0.0486224621197916,0.476775322943866,0.916728779247615,1,1.27940759728488,0.363116897284882,0.363116897284882,0.363116897284882,0.131853881093799,0.976600057663818,1.58460211818478,0,1.45437437405362,-0.0456256259463823,0.0456256259463823,0.0456256259463823,0.00208169774299919,1.33859458207877,1.55218802099279,1,1.76416965213152,-0.0358303478684825,0.0358303478684825,0.0358303478684825,0.00128381382837647,1.68356046278492,1.8332366460048,1
2,"n1000-b1_1-b2_2p5-b3_2p5",1000,6,16,1,1,0,0.9162907,0.9162907,1.5,1.8,1,1.3,0.097,335,168,334,163,FALSE,NA,TRUE,NA,-0.0548337205927561,-0.0548337205927561,0.0548337205927561,0.0548337205927561,0.00300673691404444,-0.300534597160096,0.193815468310853,1,0.776094443909351,-0.140196256090649,0.140196256090649,0.140196256090649,0.0196549902218347,0.566110444805939,0.993494885027907,1,1.0780373707849,0.161746670784902,0.161746670784902,0.161746670784902,0.0261619855099995,0.775173852041567,1.37836698891768,1,1.49296958270427,-0.00703041729573384,0.00703041729573384,0.00703041729573384,4.94267673521535e-05,1.45637212737051,1.56336919397026,1,1.77575132522677,-0.0242486747732285,0.0242486747732285,0.0242486747732285,0.000587998228257806,1.72387780491036,1.84913685443894,1
2,"n1000-b1_1-b2_2p5-b3_2p5",1000,7,17,1,1,0,0.9162907,0.9162907,1.5,1.8,1,1.3,0.109,350,167,312,171,FALSE,NA,TRUE,NA,0.019873204129298,0.019873204129298,0.019873204129298,0.019873204129298,0.000394944242364748,-0.229394174668518,0.270044478045424,1,0.948383763400516,0.0320930634005159,0.0320930634005159,0.0320930634005159,0.00102996471842953,0.736823383892303,1.16845356554043,1,0.825881570312065,-0.0904091296879348,0.0904091296879348,0.0904091296879348,0.00817381073092981,0.525407543916241,1.12226243906808,1,1.4622535696871,-0.0377464303129023,0.0377464303129023,0.0377464303129023,0.00142479300136679,1.36762701054168,1.56302217769289,1,1.73850948730958,-0.0614905126904177,0.0614905126904177,0.0614905126904177,0.00378108315093042,1.66950890417851,1.82213962205795,1
2,"n1000-b1_1-b2_2p5-b3_2p5",1000,8,18,1,1,0,0.9162907,0.9162907,1.5,1.8,1,1.3,0.092,309,191,344,156,FALSE,NA,TRUE,NA,-0.107645160868584,-0.107645160868584,0.107645160868584,0.107645160868584,0.0115874806584234,-0.341025295587179,0.129036698725839,1,0.789650102910598,-0.126640597089402,0.126640597089402,0.126640597089402,0.0160378408311603,0.583393490665778,1.00482693142341,1,1.01038512669773,0.0940944266977348,0.0940944266977348,0.0940944266977348,0.00885376113557539,0.721971812191982,1.29976198630575,1,1.50493103035682,0.00493103035681997,0.00493103035681997,0.00493103035681997,2.431506037988e-05,1.42546204389064,1.54756371750243,1,1.8075246414547,0.00752464145470433,0.00752464145470433,0.00752464145470433,5.66202290218549e-05,1.7031087465506,1.90221669323391,1
2,"n1000-b1_1-b2_2p5-b3_2p5",1000,9,19,1,1,0,0.9162907,0.9162907,1.5,1.8,1,1.3,0.114,330,170,332,168,FALSE,NA,TRUE,NA,-0.20233350479753,-0.20233350479753,0.20233350479753,0.20233350479753,0.0409388471636521,-0.459110004101422,0.0509098469951011,1,0.981649892726142,0.0653591927261418,0.0653591927261418,0.0653591927261418,0.00427182407381294,0.771879912951355,1.19728463372494,1,1.01230525672684,0.0960145567268438,0.0960145567268438,0.0960145567268438,0.0092187951034523,0.713444216793018,1.31512670945283,1,1.47867757400794,-0.0213224259920646,0.0213224259920646,0.0213224259920646,0.000454645850187071,1.43915947478948,1.51355075998487,1,1.81417019833876,0.0141701983387561,0.0141701983387561,0.0141701983387561,0.000200794520959686,1.78452907181536,1.86601793726758,1
2,"n1000-b1_1-b2_2p5-b3_2p5",1000,10,20,1,1,0,0.9162907,0.9162907,1.5,1.8,1,1.3,0.09,329,169,343,159,FALSE,NA,TRUE,NA,-0.0561192958182306,-0.0561192958182306,0.0561192958182306,0.0561192958182306,0.00314937536313407,-0.297899313960313,0.185785407404727,1,0.889945346146265,-0.0263453538537346,0.0263453538537346,0.0263453538537346,0.000694077669678489,0.675124362790679,1.10981617067303,1,0.908929378723272,-0.00736132127672851,0.00736132127672851,0.00736132127672851,5.41890509392158e-05,0.617003758883276,1.20186966175644,1,1.51384935657422,0.0138493565742177,0.0138493565742177,0.0138493565742177,0.000191804677519827,1.46961871006427,1.56829812444819,1,1.82178606696472,0.0217860669647219,0.0217860669647219,0.0217860669647219,0.000474632713791345,1.7672788310241,1.90142942153064,1
3,"n1000-b1_1-b2_2p5-b3_2p5",1000,1,21,1,1,0,0.9162907,0.9162907,1.5,1.8,1,1.3,0.099,330,156,339,175,FALSE,NA,TRUE,NA,-0.0253559476538176,-0.0253559476538176,0.0253559476538176,0.0253559476538176,0.000642924081423138,-0.274795282267594,0.226231613460749,1,0.998643132818334,0.0823524328183343,0.0823524328183343,0.0823524328183343,0.00678192319109826,0.793482546781551,1.20827721419513,1,0.888598237707694,-0.0276924622923056,0.0276924622923056,0.0276924622923056,0.000766872467810767,0.589899563932033,1.18346586319634,1,1.50084023573614,0.000840235736140782,0.000840235736140782,0.000840235736140782,7.05996092288042e-07,1.47529956925758,1.56771928265998,1,1.78706193258164,-0.0129380674183606,0.0129380674183606,0.0129380674183606,0.000167393588522043,1.75546344290802,1.86121493863269,1
3,"n1000-b1_1-b2_2p5-b3_2p5",1000,2,22,1,1,0,0.9162907,0.9162907,1.5,1.8,1,1.3,0.096,339,168,311,182,FALSE,NA,TRUE,NA,0.100259764880957,0.100259764880957,0.100259764880957,0.100259764880957,0.0100520204539848,-0.14590520948369,0.34463578192714,1,0.985949096612372,0.0696583966123718,0.0696583966123718,0.0696583966123718,0.0048522922186065,0.779100904591018,1.19731575197656,1,0.810099573016138,-0.106191126983862,0.106191126983862,0.106191126983862,0.0112765554501027,0.517040935501747,1.10073674902382,1,1.52464034139939,0.0246403413993928,0.0246403413993928,0.0246403413993928,0.000607146424278628,1.49443918647098,1.55210211158399,1,1.75512758797862,-0.0448724120213844,0.0448724120213844,0.0448724120213844,0.00201353336061688,1.72879558814764,1.81449506055392,1
3,"n1000-b1_1-b2_2p5-b3_2p5",1000,3,23,1,1,0,0.9162907,0.9162907,1.5,1.8,1,1.3,0.098,330,167,335,168,FALSE,NA,TRUE,NA,0.0195917143670551,0.0195917143670551,0.0195917143670551,0.0195917143670551,0.000383835271840273,-0.228764714063272,0.265202228325198,1,0.994527707517673,0.0782370075176732,0.0782370075176732,0.0782370075176732,0.00612102934532045,0.782549290898034,1.20725837768857,1,0.834371948354406,-0.081918751645594,0.081918751645594,0.081918751645594,0.00671068187117252,0.539546322658801,1.13069656538602,1,1.53970228408256,0.0397022840825572,0.0397022840825572,0.0397022840825572,0.00157627136137207,1.46441072118375,1.6307018410926,1,1.85797454227106,0.0579745422710634,0.0579745422710634,0.0579745422710634,0.00336104755153931,1.7874725165928,1.98142302134919,1
3,"n1000-b1_1-b2_2p5-b3_2p5",1000,4,24,1,1,0,0.9162907,0.9162907,1.5,1.8,1,1.3,0.109,347,179,324,150,FALSE,NA,TRUE,NA,-0.213618712526662,-0.213618712526662,0.213618712526662,0.213618712526662,0.0456329543415485,-0.464536149418918,0.0394708847774051,1,0.647674795722254,-0.268615904277746,0.268615904277746,0.268615904277746,0.072154504030951,0.433320342674287,0.868467545319094,0,1.30336826843754,0.387077568437544,0.387077568437544,0.387077568437544,0.149829043987522,1.00496189046694,1.60913089964168,0,1.45439848005113,-0.0456015199488689,0.0456015199488689,0.0456015199488689,0.00207949862164708,1.41341476415242,1.51736506491531,1,1.75297620763008,-0.0470237923699164,0.0470237923699164,0.0470237923699164,0.00221123704884901,1.71133401270681,1.80962969251085,1
3,"n1000-b1_1-b2_2p5-b3_2p5",1000,5,25,1,1,0,0.9162907,0.9162907,1.5,1.8,1,1.3,0.094,331,167,345,157,FALSE,NA,TRUE,NA,-0.217029061984999,-0.217029061984999,0.217029061984999,0.217029061984999,0.0471016137460884,-0.465530585600427,0.0309084688025023,1,0.862777312435031,-0.0535133875649687,0.0535133875649687,0.0535133875649687,0.00286368264867855,0.650331244904808,1.07971876820747,1,1.01539448139452,0.0991037813945201,0.0991037813945201,0.0991037813945201,0.00982155948669284,0.717471398757702,1.31123311628003,1,1.43448731484705,-0.0655126851529473,0.0655126851529473,0.0655126851529473,0.0042919119159492,1.3091470384027,1.54340193213117,1,1.79441358669095,-0.00558641330905219,0.00558641330905219,0.00558641330905219,3.12080136595554e-05,1.74993535993919,1.88253876063674,1
3,"n1000-b1_1-b2_2p5-b3_2p5",1000,6,26,1,1,0,0.9162907,0.9162907,1.5,1.8,1,1.3,0.108,314,178,324,184,FALSE,NA,TRUE,NA,-0.0112457856856515,-0.0112457856856515,0.0112457856856515,0.0112457856856515,0.000126467695687605,-0.254088306848711,0.229465014684948,1,0.771980749311315,-0.144309950688685,0.144309950688685,0.144309950688685,0.0208253618677706,0.570164776781446,0.978008320345786,1,0.969326246454929,0.0530355464549291,0.0530355464549291,0.0530355464549291,0.00281276918777295,0.677240271933083,1.26396305531394,1,1.35149323468912,-0.148506765310884,0.148506765310884,0.148506765310884,0.0220542593431021,1.28097935155621,1.46464146739635,0,1.72933485192514,-0.070665148074861,0.070665148074861,0.070665148074861,0.00499356315244203,1.54979955832651,1.879763913084,1
3,"n1000-b1_1-b2_2p5-b3_2p5",1000,7,27,1,1,0,0.9162907,0.9162907,1.5,1.8,1,1.3,0.098,328,162,328,182,FALSE,NA,TRUE,NA,-0.216190533938219,-0.216190533938219,0.216190533938219,0.216190533938219,0.0467383469644921,-0.462090072445604,0.0264057517306974,1,0.871340670078804,-0.0449500299211962,0.0449500299211962,0.0449500299211962,0.00202050518991644,0.667646069392741,1.0785410171027,1,1.01213740090491,0.0958467009049135,0.0958467009049135,0.0958467009049135,0.00918659007435595,0.715220935180344,1.30354516276488,1,1.48006186434367,-0.0199381356563268,0.0199381356563268,0.0199381356563268,0.000397529253450092,1.44019910837642,1.5309784208311,1,1.78531598565273,-0.014684014347274,0.014684014347274,0.014684014347274,0.000215620277350947,1.74613449652952,1.82260228282737,1
3,"n1000-b1_1-b2_2p5-b3_2p5",1000,8,28,1,1,0,0.9162907,0.9162907,1.5,1.8,1,1.3,0.103,350,183,318,149,FALSE,NA,TRUE,NA,-0.0648680236843882,-0.0648680236843882,0.0648680236843882,0.0648680236843882,0.00420786049671835,-0.310011942127461,0.18116123636345,1,0.893475563545086,-0.0228151364549137,0.0228151364549137,0.0228151364549137,0.000520530451456334,0.67838104020596,1.11710527475075,1,1.1332824168241,0.216991716824104,0.216991716824104,0.216991716824104,0.0470854051702723,0.840054252405672,1.42996761867107,1,1.52054386263177,0.0205438626317729,0.0205438626317729,0.0205438626317729,0.000422050291833154,1.45010482669474,1.58454344489562,1,1.81928078029837,0.0192807802983743,0.0192807802983743,0.0192807802983743,0.000371748488914179,1.74731042031526,1.90305888197962,1
3,"n1000-b1_1-b2_2p5-b3_2p5",1000,9,29,1,1,0,0.9162907,0.9162907,1.5,1.8,1,1.3,0.089,328,171,337,164,FALSE,NA,TRUE,NA,0.0351482603018086,0.0351482603018086,0.0351482603018086,0.0351482603018086,0.00123540020224369,-0.204215647757622,0.275027085964596,1,0.826820767593205,-0.0894699324067948,0.0894699324067948,0.0894699324067948,0.00800486880487643,0.614647192250129,1.04561853086861,1,0.962022843600196,0.0457321436001964,0.0457321436001964,0.0457321436001964,0.00209142895826898,0.67072380819412,1.2536882197508,1,1.52399535666679,0.0239953566667943,0.0239953566667943,0.0239953566667943,0.00057577714156667,1.43134925890445,1.69785773660169,1,1.78063857116336,-0.0193614288366395,0.0193614288366395,0.0193614288366395,0.000374864926596255,1.68578129369333,1.92788884323312,1
3,"n1000-b1_1-b2_2p5-b3_2p5",1000,10,30,1,1,0,0.9162907,0.9162907,1.5,1.8,1,1.3,0.106,332,176,310,182,FALSE,NA,TRUE,NA,-0.268359978826194,-0.268359978826194,0.268359978826194,0.268359978826194,0.0720170782355953,-0.504862866242035,-0.0322560529111691,0,0.780747103182454,-0.135543596817546,0.135543596817546,0.135543596817546,0.0183720666382374,0.574554447903393,0.989625543229488,1,1.19975174034966,0.283461040349659,0.283461040349659,0.283461040349659,0.0803501613961111,0.909155798530468,1.49022453685783,1,1.51032805406856,0.010328054068564,0.010328054068564,0.010328054068564,0.000106668700843181,1.48690185380457,1.55643934204014,1,1.80818582769592,0.00818582769591658,0.00818582769591658,0.00818582769591658,6.7007775067235e-05,1.78855873453509,1.8910895548407,1
4,"n1000-b1_1-b2_2p5-b3_2p5",1000,1,31,1,1,0,0.9162907,0.9162907,1.5,1.8,1,1.3,0.089,343,144,337,176,FALSE,NA,TRUE,NA,0.136418297377837,0.136418297377837,0.136418297377837,0.136418297377837,0.0186099518594681,-0.115821390658592,0.384358232627002,1,0.903391157465781,-0.0128995425342187,0.0128995425342187,0.0128995425342187,0.000166398197592116,0.693915621118621,1.11633000118431,1,0.772810037767772,-0.143480662232228,0.143480662232228,0.143480662232228,0.0205867004345986,0.475002253429179,1.0704896277464,1,1.54539525926765,0.0453952592676481,0.0453952592676481,0.0453952592676481,0.00206072956397699,1.46559893047224,1.64984859389607,1,1.79546051959133,-0.00453948040867092,0.00453948040867092,0.00453948040867092,2.06068823807071e-05,1.71606947061333,1.86861950052174,1
4,"n1000-b1_1-b2_2p5-b3_2p5",1000,2,32,1,1,0,0.9162907,0.9162907,1.5,1.8,1,1.3,0.122,321,170,326,183,FALSE,NA,TRUE,NA,-0.162709129896831,-0.162709129896831,0.162709129896831,0.162709129896831,0.0264742609517838,-0.415882464815401,0.0857204997201532,1,0.979865408168695,0.0635747081686949,0.0635747081686949,0.0635747081686949,0.00404174351873473,0.77224585425967,1.18873149776851,1,1.1793557598079,0.263065059807901,0.263065059807901,0.263065059807901,0.0692032256917343,0.881435424587284,1.48480132988454,1,1.56326839777047,0.063268397770468,0.063268397770468,0.063268397770468,0.00400289015644216,1.49603097081081,1.62580051522901,1,1.88134973088031,0.0813497308803122,0.0813497308803122,0.0813497308803122,0.00661777871429921,1.77588424616315,2.01850937608799,1
4,"n1000-b1_1-b2_2p5-b3_2p5",1000,3,33,1,1,0,0.9162907,0.9162907,1.5,1.8,1,1.3,0.093,294,172,360,174,FALSE,NA,TRUE,NA,-0.210451068910003,-0.210451068910003,0.210451068910003,0.210451068910003,0.0442896524053627,-0.451506950238043,0.0295306767655692,1,0.954170882847894,0.0378801828478943,0.0378801828478943,0.0378801828478943,0.00143490825258991,0.752948412288612,1.15783819934987,1,1.18055278085089,0.264262080850888,0.264262080850888,0.264262080850888,0.0698344473756414,0.885898568569399,1.47916415996101,1,1.51142318874679,0.0114231887467913,0.0114231887467913,0.0114231887467913,0.000130489241144819,1.4767498162902,1.57854371770506,1,1.82199587753701,0.0219958775370062,0.0219958775370062,0.0219958775370062,0.000483818628622972,1.78525726006372,1.9175586936043,1
4,"n1000-b1_1-b2_2p5-b3_2p5",1000,4,34,1,1,0,0.9162907,0.9162907,1.5,1.8,1,1.3,0.081,353,156,324,167,FALSE,NA,TRUE,NA,-0.194914001468553,-0.194914001468553,0.194914001468553,0.194914001468553,0.037991467968483,-0.442421713594228,0.0486836647454384,1,0.757252698072268,-0.159038001927732,0.159038001927732,0.159038001927732,0.0252930860571654,0.554696809738506,0.965963412013697,1,1.1181925451813,0.201901845181305,0.201901845181305,0.201901845181305,0.0407643550876155,0.824375155796895,1.41430786417171,1,1.50675044939922,0.00675044939922143,0.00675044939922143,0.00675044939922143,4.55685670914489e-05,1.45529839312812,1.60127560833008,1,1.77167687031619,-0.0283231296838145,0.0283231296838145,0.0283231296838145,0.000802199675086171,1.70587819254982,1.83000251733751,1
4,"n1000-b1_1-b2_2p5-b3_2p5",1000,5,35,1,1,0,0.9162907,0.9162907,1.5,1.8,1,1.3,0.099,332,193,334,141,FALSE,NA,TRUE,NA,-0.0443609345361515,-0.0443609345361515,0.0443609345361515,0.0443609345361515,0.00196789251292072,-0.296231575838561,0.210254591843137,1,0.983280326812247,0.0669896268122473,0.0669896268122473,0.0669896268122473,0.00448761010044416,0.75528629000173,1.21435214242171,1,0.908371453453719,-0.00791924654628073,0.00791924654628073,0.00791924654628073,6.27144658607793e-05,0.603878217420481,1.20819016727767,1,1.48434651525494,-0.0156534847450618,0.0156534847450618,0.0156534847450618,0.000245031584663882,1.39383140259647,1.54628206882913,1,1.73110820774079,-0.068891792259212,0.068891792259212,0.068891792259212,0.00474607904068643,1.67555962800837,1.81453151055322,1
4,"n1000-b1_1-b2_2p5-b3_2p5",1000,6,36,1,1,0,0.9162907,0.9162907,1.5,1.8,1,1.3,0.105,317,175,326,182,FALSE,NA,TRUE,NA,-0.00511969870900639,-0.00511969870900639,0.00511969870900639,0.00511969870900639,2.62113148710017e-05,-0.244777599017284,0.235560740267455,1,1.06344524067906,0.14715454067906,0.14715454067906,0.14715454067906,0.0216544588424652,0.853186952417342,1.27676875494958,1,0.897904330549685,-0.0183863694503151,0.0183863694503151,0.0183863694503151,0.000338058581563482,0.60940089712379,1.18902703670669,1,1.52789467702841,0.0278946770284121,0.0278946770284121,0.0278946770284121,0.000778113006519421,1.49266051478435,1.57453391607153,1,1.77411579450299,-0.0258842054970136,0.0258842054970136,0.0258842054970136,0.000669992094211631,1.71413889804738,1.82868467805535,1
4,"n1000-b1_1-b2_2p5-b3_2p5",1000,7,37,1,1,0,0.9162907,0.9162907,1.5,1.8,1,1.3,0.099,322,157,352,169,FALSE,NA,TRUE,NA,0.335216530231935,0.335216530231935,0.335216530231935,0.335216530231935,0.112370122140738,0.0826480456093415,0.587414280701442,0,1.04261932499261,0.12632862499261,0.12632862499261,0.12632862499261,0.0159589214925235,0.831409777600257,1.26268004499772,1,0.57559321207577,-0.34069748792423,0.34069748792423,0.34069748792423,0.116074778277881,0.277837263556146,0.874634601751646,0,1.49252818936638,-0.00747181063362024,0.00747181063362024,0.00747181063362024,5.58279541446804e-05,1.47119073399575,1.52953131681313,1,1.82426277907651,0.024262779076512,0.024262779076512,0.024262779076512,0.000588682448515627,1.79076605181207,1.89505600198329,1
4,"n1000-b1_1-b2_2p5-b3_2p5",1000,8,38,1,1,0,0.9162907,0.9162907,1.5,1.8,1,1.3,0.099,324,159,357,160,FALSE,NA,TRUE,NA,0.0831233813538413,0.0831233813538413,0.0831233813538413,0.0831233813538413,0.00690949652769613,-0.179902932034677,0.348615521746495,1,1.0985582425813,0.182267542581298,0.182267542581298,0.182267542581298,0.0332214570786252,0.868257552313938,1.33321655087184,1,0.817923569476211,-0.0983671305237888,0.0983671305237888,0.0983671305237888,0.00967609236748409,0.511535220203394,1.12686992804064,1,1.38073907149799,-0.119260928502008,0.119260928502008,0.119260928502008,0.014223169067161,1.29765564115352,1.49328294161489,0,1.73445520137665,-0.0655447986233517,0.0655447986233517,0.0655447986233517,0.00429612062657573,1.7112910914313,1.79134523109661,0
4,"n1000-b1_1-b2_2p5-b3_2p5",1000,9,39,1,1,0,0.9162907,0.9162907,1.5,1.8,1,1.3,0.096,350,156,346,148,FALSE,NA,TRUE,NA,0.0727156851176478,0.0727156851176478,0.0727156851176478,0.0727156851176478,0.00528757086212891,-0.182834309557627,0.326584964732512,1,0.862054286851144,-0.0542364131488564,0.0542364131488564,0.0542364131488564,0.00294158851125344,0.643049747638402,1.08363606623718,1,0.891460892605615,-0.0248298073943846,0.0248298073943846,0.0248298073943846,0.000616519335242234,0.588407045683631,1.19630021509799,1,1.49538539876333,-0.00461460123666835,0.00461460123666835,0.00461460123666835,2.1294544573461e-05,1.39934085165062,1.56860716309711,1,1.80200928410832,0.00200928410831791,0.00200928410831791,0.00200928410831791,4.0372226279389e-06,1.74135224323866,1.87061133138815,1
4,"n1000-b1_1-b2_2p5-b3_2p5",1000,10,40,1,1,0,0.9162907,0.9162907,1.5,1.8,1,1.3,0.106,341,172,313,174,FALSE,NA,TRUE,NA,-0.149768501084783,-0.149768501084783,0.149768501084783,0.149768501084783,0.0224306039171827,-0.388096288177039,0.0950784289624423,1,0.822181014256211,-0.0941096857437885,0.0941096857437885,0.0941096857437885,0.00885663295079463,0.609651580438916,1.03394191389234,1,1.18623942067144,0.269948720671444,0.269948720671444,0.269948720671444,0.0728723117921493,0.890072986931545,1.48172785205231,1,1.4242134698911,-0.0757865301088971,0.0757865301088971,0.0757865301088971,0.00574359814594677,1.31861514783095,1.56034298790072,1,1.83645543011197,0.0364554301119717,0.0364554301119717,0.0364554301119717,0.00132899838464885,1.74124117593894,1.94310797809971,1
5,"n1000-b1_1-b2_2p5-b3_2p5",1000,1,41,1,1,0,0.9162907,0.9162907,1.5,1.8,1,1.3,0.096,346,148,335,171,FALSE,NA,TRUE,NA,-0.173105601802501,-0.173105601802501,0.173105601802501,0.173105601802501,0.029965549375406,-0.432007773903026,0.083315411516497,1,0.791286046173569,-0.125004653826431,0.125004653826431,0.125004653826431,0.0156261634782658,0.577506426967681,1.00476584911595,1,1.13198490871836,0.215694208718364,0.215694208718364,0.215694208718364,0.046523991674641,0.828565214367867,1.4396695922704,1,1.50271204214075,0.00271204214074539,0.00271204214074539,0.00271204214074539,7.35517257317881e-06,1.44799566419851,1.59896819250617,1,1.79565447813033,-0.00434552186967374,0.00434552186967374,0.00434552186967374,1.88835603198128e-05,1.68685074198816,1.87830585141301,1
5,"n1000-b1_1-b2_2p5-b3_2p5",1000,2,42,1,1,0,0.9162907,0.9162907,1.5,1.8,1,1.3,0.097,337,170,322,171,FALSE,NA,TRUE,NA,-0.0459725360762203,-0.0459725360762203,0.0459725360762203,0.0459725360762203,0.00211347407327938,-0.292203360130553,0.199824308771965,1,1.0085285057322,0.0922378057322029,0.0922378057322029,0.0922378057322029,0.00850781280629159,0.794045434541517,1.22755793955688,1,0.780995384633938,-0.135295315366062,0.135295315366062,0.135295315366062,0.0183048223600022,0.482578011030486,1.07365587596782,1,1.49943242587342,-0.000567574126580261,0.000567574126580261,0.000567574126580261,3.22140389163347e-07,1.46439509740325,1.54287247078647,1,1.8429808007977,0.0429808007977015,0.0429808007977015,0.0429808007977015,0.0018473492372117,1.79883680932734,1.92091572097115,1
5,"n1000-b1_1-b2_2p5-b3_2p5",1000,3,43,1,1,0,0.9162907,0.9162907,1.5,1.8,1,1.3,0.116,326,188,332,154,FALSE,NA,TRUE,NA,0.179719299159489,0.179719299159489,0.179719299159489,0.179719299159489,0.0322990264903779,-0.0722604994829659,0.436464875920126,1,1.09192842695907,0.175637726959075,0.175637726959075,0.175637726959075,0.0308486111313504,0.867217718584095,1.32755712115183,1,0.844649917692957,-0.0716407823070426,0.0716407823070426,0.0716407823070426,0.00513240168956507,0.542972497703752,1.14776729066823,1,1.48827511428344,-0.0117248857165648,0.0117248857165648,0.0117248857165648,0.000137472945066506,1.46757826926541,1.52108900554808,1,1.85132341693828,0.0513234169382846,0.0513234169382846,0.0513234169382846,0.002634093126221,1.79699096153484,1.90672653573122,1
5,"n1000-b1_1-b2_2p5-b3_2p5",1000,4,44,1,1,0,0.9162907,0.9162907,1.5,1.8,1,1.3,0.095,350,177,323,150,FALSE,NA,TRUE,NA,-0.11336996980204,-0.11336996980204,0.11336996980204,0.11336996980204,0.0128527500529155,-0.365615765922974,0.140267017255095,1,0.811087157677075,-0.105203542322925,0.105203542322925,0.105203542322925,0.0110677853172914,0.593211797660598,1.03654609286384,1,1.02461349851559,0.10832279851559,0.10832279851559,0.10832279851559,0.0117338286782492,0.72121916190299,1.32717883211407,1,1.38414156870379,-0.115858431296214,0.115858431296214,0.115858431296214,0.0134231761024195,1.3231027635987,1.48689398040908,0,1.81219623646371,0.0121962364637145,0.0121962364637145,0.0121962364637145,0.000148748183878839,1.72052958127078,1.90813936244992,1
5,"n1000-b1_1-b2_2p5-b3_2p5",1000,5,45,1,1,0,0.9162907,0.9162907,1.5,1.8,1,1.3,0.099,323,164,325,188,FALSE,NA,TRUE,NA,-0.0252995211992007,-0.0252995211992007,0.0252995211992007,0.0252995211992007,0.000640065772908805,-0.264634041739035,0.213453913874153,1,0.94456702557558,0.0282763255755799,0.0282763255755799,0.0282763255755799,0.000799550588056194,0.740353779396306,1.15162882058229,1,0.993965594337145,0.0776748943371448,0.0776748943371448,0.0776748943371448,0.00603338921028661,0.707963395356131,1.28904593734708,1,1.51037143574197,0.0103714357419662,0.0103714357419662,0.0103714357419662,0.000107566679349734,1.4513757833056,1.56829700513283,1,1.80518100967897,0.00518100967897084,0.00518100967897084,0.00518100967897084,2.68428612935895e-05,1.75144844289895,1.85112236743358,1
5,"n1000-b1_1-b2_2p5-b3_2p5",1000,6,46,1,1,0,0.9162907,0.9162907,1.5,1.8,1,1.3,0.103,337,141,330,192,FALSE,NA,TRUE,NA,-0.125439192051433,-0.125439192051433,0.125439192051433,0.125439192051433,0.0157349909025162,-0.374937684860834,0.127518469682773,1,0.930576947420471,0.0142862474204706,0.0142862474204706,0.0142862474204706,0.000204096865358902,0.727539888972838,1.13756468806442,1,1.13433731261539,0.218046612615391,0.218046612615391,0.218046612615391,0.0475443252730463,0.832841450628795,1.44032252585293,1,1.50090258690392,0.000902586903922975,0.000902586903922975,0.000902586903922975,8.14663119133262e-07,1.4669105330925,1.55430500622802,1,1.81464662173511,0.0146466217351147,0.0146466217351147,0.0146466217351147,0.000214523528251533,1.77287319294368,1.89298394318405,1
5,"n1000-b1_1-b2_2p5-b3_2p5",1000,7,47,1,1,0,0.9162907,0.9162907,1.5,1.8,1,1.3,0.104,335,181,317,167,FALSE,NA,TRUE,NA,-0.0899667355136761,-0.0899667355136761,0.0899667355136761,0.0899667355136761,0.00809401349898775,-0.332642471990516,0.153392775690582,1,0.932265147240015,0.0159744472400147,0.0159744472400147,0.0159744472400147,0.000255182964624014,0.721354821697424,1.15070125640815,1,0.886596167862818,-0.0296945321371821,0.0296945321371821,0.0296945321371821,0.00088176523884614,0.595789352383374,1.17605499330246,1,1.50738339691519,0.00738339691518952,0.00738339691518952,0.00738339691518952,5.45145500072301e-05,1.47750781022073,1.53261652838066,1,1.81292244473395,0.0129224447339484,0.0129224447339484,0.0129224447339484,0.000166989577901952,1.78969300879374,1.84298177708289,1
5,"n1000-b1_1-b2_2p5-b3_2p5",1000,8,48,1,1,0,0.9162907,0.9162907,1.5,1.8,1,1.3,0.1,319,173,331,177,FALSE,NA,TRUE,NA,-0.108387392292891,-0.108387392292891,0.108387392292891,0.108387392292891,0.011747826808053,-0.351959572701012,0.132941597986424,1,0.972565683049904,0.0562749830499044,0.0562749830499044,0.0562749830499044,0.00316687371726703,0.76567373303232,1.18224547121769,1,0.941899339597503,0.0256086395975029,0.0256086395975029,0.0256086395975029,0.000655802422034795,0.647385406014767,1.23553539468338,1,1.50802770006579,0.00802770006579445,0.00802770006579445,0.00802770006579445,6.44439683463562e-05,1.44610722831558,1.56104853252732,1,1.80085518378944,0.000855183789441938,0.000855183789441938,0.000855183789441938,7.31339313724273e-07,1.64039362655309,1.86930540312205,1
5,"n1000-b1_1-b2_2p5-b3_2p5",1000,9,49,1,1,0,0.9162907,0.9162907,1.5,1.8,1,1.3,0.087,331,167,360,142,FALSE,NA,TRUE,NA,0.0876779124891431,0.0876779124891431,0.0876779124891431,0.0876779124891431,0.00768741633845384,-0.173172854733855,0.347989351147783,1,1.05500251783172,0.138711817831715,0.138711817831715,0.138711817831715,0.019240968406179,0.827110279080121,1.29108672220161,1,0.821372009347736,-0.0949186906522638,0.0949186906522638,0.0949186906522638,0.00900955783514015,0.517997402617829,1.12954923268466,1,1.46599572012824,-0.0340042798717564,0.0340042798717564,0.0340042798717564,0.00115629104959673,1.41621885320059,1.5207624435241,1,1.78724505222051,-0.0127549477794857,0.0127549477794857,0.0127549477794857,0.000162688692857408,1.74903143847257,1.82896804500405,1
5,"n1000-b1_1-b2_2p5-b3_2p5",1000,10,50,1,1,0,0.9162907,0.9162907,1.5,1.8,1,1.3,0.08,312,169,352,167,FALSE,NA,TRUE,NA,0.00420878223587237,0.00420878223587237,0.00420878223587237,0.00420878223587237,1.77138479089948e-05,-0.236189060732477,0.238642506645107,1,0.909928200126748,-0.00636249987325199,0.00636249987325199,0.00636249987325199,4.04814046371316e-05,0.70556409199699,1.11843179644076,1,0.899778368782909,-0.0165123312170914,0.0165123312170914,0.0165123312170914,0.000272657082222931,0.613688595708009,1.18935644814994,1,1.44497493970292,-0.0550250602970783,0.0550250602970783,0.0550250602970783,0.0030277572606971,1.42099141235914,1.51094247614764,1,1.80388471559577,0.00388471559577219,0.00388471559577219,0.00388471559577219,1.50910152600357e-05,1.75804139713105,1.87273544731222,1
6,"n1000-b1_1-b2_2p5-b3_2p5",1000,1,51,1,1,0,0.9162907,0.9162907,1.5,1.8,1,1.3,0.115,329,154,334,183,FALSE,NA,TRUE,NA,-0.287590697318048,-0.287590697318048,0.287590697318048,0.287590697318048,0.0827084091838812,-0.545747960311651,-0.0334327549826226,0,0.790669433881728,-0.125621266118272,0.125621266118272,0.125621266118272,0.0157807025011577,0.590459659970029,0.996270612160507,1,1.16636785496946,0.25007715496946,0.25007715496946,0.25007715496946,0.0625385834376195,0.862998789879241,1.47180235511133,1,1.47256495391853,-0.0274350460814667,0.0274350460814667,0.0274350460814667,0.000752681753492204,1.4202390672609,1.53279339638209,1,1.77394640906426,-0.0260535909357389,0.0260535909357389,0.0260535909357389,0.000678789600646816,1.68069826486243,1.8668119989956,1
6,"n1000-b1_1-b2_2p5-b3_2p5",1000,2,52,1,1,0,0.9162907,0.9162907,1.5,1.8,1,1.3,0.076,329,148,368,155,FALSE,NA,TRUE,NA,-0.13867018143901,-0.13867018143901,0.13867018143901,0.13867018143901,0.0192294192203279,-0.393921232223353,0.110436455394859,1,0.802706901403157,-0.113583798596843,0.113583798596843,0.113583798596843,0.0129012793036881,0.591272024147719,1.01605378903311,1,1.05224217750373,0.135951477503726,0.135951477503726,0.135951477503726,0.018482804235446,0.755506085625979,1.3568081142109,1,1.53348162828292,0.0334816282829196,0.0334816282829196,0.0334816282829196,0.0011210194324756,1.48366099299318,1.59979667515777,1,1.86247122791582,0.0624712279158159,0.0624712279158159,0.0624712279158159,0.00390265431730982,1.76784732764583,1.94272590186687,1
6,"n1000-b1_1-b2_2p5-b3_2p5",1000,3,53,1,1,0,0.9162907,0.9162907,1.5,1.8,1,1.3,0.096,332,184,333,151,FALSE,NA,TRUE,NA,0.0702338241479015,0.0702338241479015,0.0702338241479015,0.0702338241479015,0.00493279005443835,-0.165325860413423,0.313741254500445,1,0.832498574863108,-0.083792125136892,0.083792125136892,0.083792125136892,0.00702112023495658,0.6212140983535,1.05197194780972,1,0.960283564508489,0.043992864508489,0.043992864508489,0.043992864508489,0.00193537212766228,0.668722648758658,1.25388371930532,1,1.54044338154315,0.0404433815431531,0.0404433815431531,0.0404433815431531,0.00163566711064506,1.48340514602739,1.61536225694522,1,1.92084869027221,0.120848690272205,0.120848690272205,0.120848690272205,0.0146044059405074,1.82407256518182,2.04255834687811,0
6,"n1000-b1_1-b2_2p5-b3_2p5",1000,4,54,1,1,0,0.9162907,0.9162907,1.5,1.8,1,1.3,0.109,306,166,353,175,FALSE,NA,TRUE,NA,-0.0569769073834842,-0.0569769073834842,0.0569769073834842,0.0569769073834842,0.00324636797498614,-0.302573644123363,0.188139118388294,1,0.931609699017137,0.0153189990171374,0.0153189990171374,0.0153189990171374,0.000234671730887057,0.722556349258701,1.14210410902513,1,1.00791028036702,0.0916195803670208,0.0916195803670208,0.0916195803670208,0.00839414750662898,0.706519339048225,1.30523961592301,1,1.50542153087784,0.0054215308778427,0.0054215308778427,0.0054215308778427,2.93929970594018e-05,1.42529052940131,1.61309097372069,1,1.78445550302924,-0.0155444969707599,0.0155444969707599,0.0155444969707599,0.000241631386073963,1.72315914297391,1.82809461823509,1
6,"n1000-b1_1-b2_2p5-b3_2p5",1000,5,55,1,1,0,0.9162907,0.9162907,1.5,1.8,1,1.3,0.115,326,176,320,178,FALSE,NA,TRUE,NA,-0.0542064091186578,-0.0542064091186578,0.0542064091186578,0.0542064091186578,0.00293833478953931,-0.300573602920522,0.191234611285829,1,0.960845656284703,0.0445549562847026,0.0445549562847026,0.0445549562847026,0.00198514412953176,0.750871375109952,1.17365943785216,1,0.962794952060235,0.046504252060235,0.046504252060235,0.046504252060235,0.00216264545968187,0.670000041888798,1.25522643455483,1,1.53905994102808,0.0390599410280781,0.0390599410280781,0.0390599410280781,0.00152567899311694,1.48820293581724,1.61464660230585,1,1.84286335046418,0.0428633504641771,0.0428633504641771,0.0428633504641771,0.00183726681301487,1.76864262407227,1.95322111604382,1
6,"n1000-b1_1-b2_2p5-b3_2p5",1000,6,56,1,1,0,0.9162907,0.9162907,1.5,1.8,1,1.3,0.114,334,187,321,158,FALSE,NA,TRUE,NA,0.086918206196944,0.086918206196944,0.086918206196944,0.086918206196944,0.00755477456849448,-0.15789025480524,0.336599091903556,1,0.950619069140911,0.0343283691409108,0.0343283691409108,0.0343283691409108,0.00117843692787463,0.73085364343091,1.17346204577042,1,0.947552245127467,0.0312615451274666,0.0312615451274666,0.0312615451274666,0.00097728420375663,0.650430709040684,1.23926806942193,1,1.53522062902097,0.0352206290209669,0.0352206290209669,0.0352206290209669,0.00124049270863258,1.46769366151441,1.62097944944573,1,1.79677596054127,-0.00322403945873262,0.00322403945873262,0.00322403945873262,1.03944304314649e-05,1.74152538183409,1.88619433582202,1
6,"n1000-b1_1-b2_2p5-b3_2p5",1000,7,57,1,1,0,0.9162907,0.9162907,1.5,1.8,1,1.3,0.119,335,174,338,153,FALSE,NA,TRUE,NA,0.0661132805866949,0.0661132805866949,0.0661132805866949,0.0661132805866949,0.00437096586993505,-0.192178387655256,0.322666411017073,1,1.09775924206935,0.181468542069354,0.181468542069354,0.181468542069354,0.0329308317607768,0.869860504409599,1.33162564376876,1,0.954215473737382,0.0379247737373817,0.0379247737373817,0.0379247737373817,0.0014382884630316,0.646758670043658,1.25946243173394,1,1.50259861405514,0.00259861405513861,0.00259861405513861,0.00259861405513861,6.75279500756396e-06,1.48586675593716,1.52876326995175,1,1.82719277324043,0.0271927732404302,0.0271927732404302,0.0271927732404302,0.000739446916505459,1.7942390119457,1.86366737674716,1
6,"n1000-b1_1-b2_2p5-b3_2p5",1000,8,58,1,1,0,0.9162907,0.9162907,1.5,1.8,1,1.3,0.104,336,161,334,169,FALSE,NA,TRUE,NA,0.0272026914538754,0.0272026914538754,0.0272026914538754,0.0272026914538754,0.000739986422334745,-0.220371230131671,0.277737717012071,1,0.843591818903387,-0.0726988810966129,0.0726988810966129,0.0726988810966129,0.00528512731269946,0.633826854723047,1.05854119359959,1,0.996126974378289,0.0798362743782894,0.0798362743782894,0.0798362743782894,0.00637383070660552,0.697420620479534,1.29411172342311,1,1.52115106045252,0.0211510604525169,0.0211510604525169,0.0211510604525169,0.000447367358266025,1.46360219258828,1.59151934740496,1,1.77619294965846,-0.0238070503415391,0.0238070503415391,0.0238070503415391,0.000566775645964576,1.66041062274704,1.9336902471352,1
6,"n1000-b1_1-b2_2p5-b3_2p5",1000,9,59,1,1,0,0.9162907,0.9162907,1.5,1.8,1,1.3,0.114,316,161,350,173,FALSE,NA,TRUE,NA,0.16915494064826,0.16915494064826,0.16915494064826,0.16915494064826,0.0286133939457163,-0.081560585300721,0.416387154662167,1,0.958337520071685,0.0420468200716849,0.0420468200716849,0.0420468200716849,0.00176793507814065,0.747916983241635,1.16899219534697,1,0.822221891350414,-0.0940688086495859,0.0940688086495859,0.0940688086495859,0.00884894076075241,0.527220773427202,1.12386012708668,1,1.5157420204923,0.0157420204922973,0.0157420204922973,0.0157420204922973,0.000247811209179909,1.46870845251689,1.56779847349608,1,1.81245556966793,0.0124555696679278,0.0124555696679278,0.0124555696679278,0.000155141215752604,1.70758516033658,1.86965404070648,1
6,"n1000-b1_1-b2_2p5-b3_2p5",1000,10,60,1,1,0,0.9162907,0.9162907,1.5,1.8,1,1.3,0.1,324,176,335,165,FALSE,NA,TRUE,NA,0.280337500270426,0.280337500270426,0.280337500270426,0.280337500270426,0.0785891140578712,0.0331708193526389,0.52045447643729,0,1.05156033217559,0.13526963217559,0.13526963217559,0.13526963217559,0.0182978733889193,0.833310404071998,1.27285371600113,1,0.653891026033654,-0.262399673966346,0.262399673966346,0.262399673966346,0.0688535888976446,0.360835464375821,0.950692250083765,1,1.51917724989595,0.0191772498959457,0.0191772498959457,0.0191772498959457,0.00036776691357155,1.49898245380981,1.56140670327894,1,1.82409328527593,0.0240932852759304,0.0240932852759304,0.0240932852759304,0.000580486395387362,1.79444499529903,1.87893416951585,1
7,"n1000-b1_1-b2_2p5-b3_2p5",1000,1,61,1,1,0,0.9162907,0.9162907,1.5,1.8,1,1.3,0.106,330,152,341,177,FALSE,NA,TRUE,NA,-0.0515662455007964,-0.0515662455007964,0.0515662455007964,0.0515662455007964,0.00265907767504841,-0.299676363574646,0.197395564701459,1,0.78745960911615,-0.12883109088385,0.12883109088385,0.12883109088385,0.0165974499783228,0.582651865542069,0.998509877009762,1,0.99696875200774,0.0806780520077398,0.0806780520077398,0.0806780520077398,0.00650894807576357,0.701010467626577,1.29249541004001,1,1.48877096074033,-0.0112290392596708,0.0112290392596708,0.0112290392596708,0.000126091322695228,1.40448679572662,1.57656689927071,1,1.81611447197126,0.0161144719712563,0.0161144719712563,0.0161144719712563,0.000259676206912404,1.70855697743179,2.04886022753041,1
7,"n1000-b1_1-b2_2p5-b3_2p5",1000,2,62,1,1,0,0.9162907,0.9162907,1.5,1.8,1,1.3,0.1,324,186,337,153,FALSE,NA,TRUE,NA,0.0646956789700163,0.0646956789700163,0.0646956789700163,0.0646956789700163,0.00418553087739141,-0.180661034242841,0.31179616631265,1,1.01082146295395,0.094530762953954,0.094530762953954,0.094530762953954,0.00893606514465665,0.788890801104678,1.23703175894349,1,0.894088720413066,-0.0222019795869338,0.0222019795869338,0.0222019795869338,0.000492927897578626,0.598278212276687,1.1895304237916,1,1.49321451142321,-0.0067854885767884,0.0067854885767884,0.0067854885767884,4.60428552257259e-05,1.40622202233821,1.5592331008509,1,1.80715407829085,0.00715407829084991,0.00715407829084991,0.00715407829084991,5.11808361916099e-05,1.75588427774594,1.8642911235868,1
7,"n1000-b1_1-b2_2p5-b3_2p5",1000,3,63,1,1,0,0.9162907,0.9162907,1.5,1.8,1,1.3,0.092,337,173,324,166,FALSE,NA,TRUE,NA,-0.0755990207049998,-0.0755990207049998,0.0755990207049998,0.0755990207049998,0.00571521193155499,-0.3150607522733,0.162767955658876,1,0.86058699832702,-0.0557037016729796,0.0557037016729796,0.0557037016729796,0.00310290238007231,0.649877342276004,1.07651625674475,1,1.06598205749031,0.149691357490305,0.149691357490305,0.149691357490305,0.0224075025072904,0.773610800628839,1.35523322190143,1,1.51161432211136,0.0116143221113629,0.0116143221113629,0.0116143221113629,0.000134892478106494,1.46509361000594,1.56147527750281,1,1.79122862244229,-0.00877137755770563,0.00877137755770563,0.00877137755770563,7.6937064259822e-05,1.74085461859729,1.88774873259676,1
7,"n1000-b1_1-b2_2p5-b3_2p5",1000,4,64,1,1,0,0.9162907,0.9162907,1.5,1.8,1,1.3,0.087,377,160,309,154,FALSE,NA,TRUE,NA,0.200764849033519,0.200764849033519,0.200764849033519,0.200764849033519,0.0403065246074516,-0.0565519866663496,0.453161936477642,1,0.953160228034659,0.0368695280346594,0.0368695280346594,0.0368695280346594,0.00135936209749853,0.731165797886976,1.17939395428497,1,0.909249612235023,-0.00704108776497714,0.00704108776497714,0.00704108776497714,4.95769169141108e-05,0.610748048587712,1.2099768858273,1,1.48037785169862,-0.0196221483013801,0.0196221483013801,0.0196221483013801,0.000385028703961354,1.35732124756205,1.60559586373581,1,1.80860737169457,0.00860737169457271,0.00860737169457271,0.00860737169457271,7.40868474885314e-05,1.70059679906042,1.95266783526601,1
7,"n1000-b1_1-b2_2p5-b3_2p5",1000,5,65,1,1,0,0.9162907,0.9162907,1.5,1.8,1,1.3,0.086,334,166,333,167,FALSE,NA,TRUE,NA,-0.130043920902466,-0.130043920902466,0.130043920902466,0.130043920902466,0.0169114213636867,-0.372119814197541,0.108991020626116,1,0.743603491292177,-0.172687208707823,0.172687208707823,0.172687208707823,0.0298208720512994,0.539090536419234,0.950007294934331,1,1.08562839804595,0.16933769804595,0.16933769804595,0.16933769804595,0.0286752559795013,0.790841858098779,1.38057989635676,1,1.52835869682466,0.0283586968246639,0.0283586968246639,0.0283586968246639,0.0008042156855932,1.48714101383722,1.64627197899033,1,1.8604092509128,0.0604092509128007,0.0604092509128007,0.0604092509128007,0.00364927759584571,1.78481215832847,1.97937950582168,1
7,"n1000-b1_1-b2_2p5-b3_2p5",1000,6,66,1,1,0,0.9162907,0.9162907,1.5,1.8,1,1.3,0.076,347,140,352,161,FALSE,NA,TRUE,NA,-0.0854635547343823,-0.0854635547343823,0.0854635547343823,0.0854635547343823,0.00730401918783676,-0.33732139636446,0.169819101416055,1,0.987241299094673,0.0709505990946726,0.0709505990946726,0.0709505990946726,0.00503398751189296,0.775449661016354,1.20759767982481,1,0.957233880853716,0.0409431808537156,0.0409431808537156,0.0409431808537156,0.00167634405842007,0.657045353501875,1.25831878644431,1,1.48896020982619,-0.0110397901738064,0.0110397901738064,0.0110397901738064,0.000121876967081673,1.4332716728629,1.57143680243822,1,1.79945064252715,-0.000549357472851453,0.000549357472851453,0.000549357472851453,3.01793632977735e-07,1.72128353352817,1.90386068843566,1
7,"n1000-b1_1-b2_2p5-b3_2p5",1000,7,67,1,1,0,0.9162907,0.9162907,1.5,1.8,1,1.3,0.104,336,193,315,156,FALSE,NA,TRUE,NA,-0.0584222624116152,-0.0584222624116152,0.0584222624116152,0.0584222624116152,0.00341316074529162,-0.29742942738697,0.180120958835371,1,0.863881085179405,-0.0524096148205953,0.0524096148205953,0.0524096148205953,0.00274676772564316,0.652148895834879,1.08049286744369,1,0.991518597423723,0.0752278974237228,0.0752278974237228,0.0752278974237228,0.00565923655079416,0.699076898439183,1.28170728467197,1,1.52351420282279,0.0235142028227893,0.0235142028227893,0.0235142028227893,0.000552917734391271,1.44092360922795,1.63862482228159,1,1.83436754693448,0.0343675469344777,0.0343675469344777,0.0343675469344777,0.00118112828229353,1.76245181554102,1.97483514689482,1
7,"n1000-b1_1-b2_2p5-b3_2p5",1000,8,68,1,1,0,0.9162907,0.9162907,1.5,1.8,1,1.3,0.101,345,149,357,149,FALSE,NA,TRUE,NA,0.109018719811205,0.109018719811205,0.109018719811205,0.109018719811205,0.011885081269274,-0.164491344849513,0.37795565354077,1,0.989038883371057,0.0727481833710573,0.0727481833710573,0.0727481833710573,0.00529229818378897,0.759753405672839,1.2192471742034,1,0.941030287280244,0.0247395872802443,0.0247395872802443,0.0247395872802443,0.000612047178796825,0.626254015594315,1.26035688849079,1,1.43306585394049,-0.0669341460595128,0.0669341460595128,0.0669341460595128,0.00448017990871619,1.36841870735348,1.49960079300484,0,1.72061632309449,-0.0793836769055101,0.0793836769055101,0.0793836769055101,0.00630176815903841,1.63191646179451,1.81079797303735,1
7,"n1000-b1_1-b2_2p5-b3_2p5",1000,9,69,1,1,0,0.9162907,0.9162907,1.5,1.8,1,1.3,0.102,360,162,304,174,FALSE,NA,TRUE,NA,0.115186857653875,0.115186857653875,0.115186857653875,0.115186857653875,0.0132680121761741,-0.135331184661336,0.362320803356566,1,1.18619496785315,0.269904267853148,0.269904267853148,0.269904267853148,0.072848313805344,0.96680751130124,1.4072405813742,0,0.619288423461367,-0.297002276538633,0.297002276538633,0.297002276538633,0.0882103522691303,0.328070344469048,0.912109595154085,0,1.50792721694557,0.00792721694557463,0.00792721694557463,0.00792721694557463,6.28407685022056e-05,1.4914391703572,1.55463207327679,1,1.80293819205461,0.00293819205461321,0.00293819205461321,0.00293819205461321,8.63297254979219e-06,1.77626008410292,1.84719645478324,1
7,"n1000-b1_1-b2_2p5-b3_2p5",1000,10,70,1,1,0,0.9162907,0.9162907,1.5,1.8,1,1.3,0.109,322,179,329,170,FALSE,NA,TRUE,NA,-0.0530719580054318,-0.0530719580054318,0.0530719580054318,0.0530719580054318,0.00281663272653031,-0.296449907351739,0.190588129491249,1,0.939345158269169,0.0230544582691694,0.0230544582691694,0.0230544582691694,0.000531508046084874,0.730808001115866,1.15372973526659,1,1.05448586121139,0.138195161211393,0.138195161211393,0.138195161211393,0.0190979025822428,0.756173969189198,1.34814490870559,1,1.52998501801352,0.0299850180135179,0.0299850180135179,0.0299850180135179,0.000899101305270995,1.46700193977938,1.64894786152501,1,1.83494678235052,0.0349467823505203,0.0349467823505203,0.0349467823505203,0.00122127759665464,1.79413859393478,1.91748243526304,1
8,"n1000-b1_1-b2_2p5-b3_2p5",1000,1,71,1,1,0,0.9162907,0.9162907,1.5,1.8,1,1.3,0.092,367,156,327,150,FALSE,NA,TRUE,NA,-0.145030673195961,-0.145030673195961,0.145030673195961,0.145030673195961,0.0210338961676736,-0.403632932858132,0.106407399600329,1,0.792017270314082,-0.124273429685918,0.124273429685918,0.124273429685918,0.0154438853259009,0.577646860084869,1.01176097211051,1,1.16153917467378,0.245248474673781,0.245248474673781,0.245248474673781,0.0601468143298162,0.863077350938892,1.46352079207957,1,1.5328859903246,0.0328859903245977,0.0328859903245977,0.0328859903245977,0.00108148835962953,1.44935804190952,1.64938541295467,1,1.80455037629563,0.0045503762956276,0.0045503762956276,0.0045503762956276,2.07059244318096e-05,1.73435075394352,1.88167638186641,1
8,"n1000-b1_1-b2_2p5-b3_2p5",1000,2,72,1,1,0,0.9162907,0.9162907,1.5,1.8,1,1.3,0.087,361,174,320,145,FALSE,NA,TRUE,NA,0.106490499831813,0.106490499831813,0.106490499831813,0.106490499831813,0.0113402265544294,-0.143141060770941,0.35682598826567,1,1.01470606018676,0.0984153601867586,0.0984153601867586,0.0984153601867586,0.00968558312068942,0.788750742424457,1.24048198023746,1,0.816982305201806,-0.0993083947981942,0.0993083947981942,0.0993083947981942,0.00986215727739401,0.51970348222146,1.11500883121508,1,1.52606239120148,0.0260623912014768,0.0260623912014768,0.0260623912014768,0.000679248235138815,1.48741933270411,1.66970145046733,1,1.82173403168255,0.0217340316825505,0.0217340316825505,0.0217340316825505,0.000472368133178109,1.74690046993802,1.91373788127725,1
8,"n1000-b1_1-b2_2p5-b3_2p5",1000,3,73,1,1,0,0.9162907,0.9162907,1.5,1.8,1,1.3,0.082,339,161,319,181,FALSE,NA,TRUE,NA,0.127188193945577,0.127188193945577,0.127188193945577,0.127188193945577,0.0161768366791377,-0.109660553935756,0.369050796122923,1,0.857075548244809,-0.0592151517551912,0.0592151517551912,0.0592151517551912,0.00350643419739032,0.652149258154253,1.06123168638557,1,0.794865380024188,-0.121425319975812,0.121425319975812,0.121425319975812,0.0147441083312283,0.506056230480112,1.07915157102932,1,1.50264907024866,0.0026490702486579,0.0026490702486579,0.0026490702486579,7.01757318232444e-06,1.44052801563324,1.57396533097386,1,1.72602306724359,-0.0739769327564139,0.0739769327564139,0.0739769327564139,0.00547258658004699,1.63809533655889,1.7981902046663,0
8,"n1000-b1_1-b2_2p5-b3_2p5",1000,4,74,1,1,0,0.9162907,0.9162907,1.5,1.8,1,1.3,0.112,369,162,314,155,FALSE,NA,TRUE,NA,0.0779394666294012,0.0779394666294012,0.0779394666294012,0.0779394666294012,0.00607456045847554,-0.182106293005238,0.336650898991342,1,0.991382097732311,0.0750913977323105,0.0750913977323105,0.0750913977323105,0.00563871801339205,0.768442969837254,1.22082529752627,1,0.921725023572357,0.00543432357235729,0.00543432357235729,0.00543432357235729,2.95318726890781e-05,0.615831432133776,1.23029618528371,1,1.50442099954686,0.0044209995468647,0.0044209995468647,0.0044209995468647,1.95452369933779e-05,1.48093759149338,1.54169792595311,1,1.81052443910471,0.0105244391047081,0.0105244391047081,0.0105244391047081,0.00011076381846871,1.76662022060807,1.85994102406613,1
8,"n1000-b1_1-b2_2p5-b3_2p5",1000,5,75,1,1,0,0.9162907,0.9162907,1.5,1.8,1,1.3,0.095,330,169,344,157,FALSE,NA,TRUE,NA,-0.170285086379548,-0.170285086379548,0.170285086379548,0.170285086379548,0.0289970106432901,-0.423796167894679,0.0815879273399555,1,0.855531693519622,-0.0607590064803785,0.0607590064803785,0.0607590064803785,0.00369165686848267,0.645111500524848,1.06912919434934,1,0.928682302324767,0.0123916023247668,0.0123916023247668,0.0123916023247668,0.000153551808175165,0.631725805796075,1.2258492386428,1,1.50407940388198,0.00407940388198424,0.00407940388198424,0.00407940388198424,1.66415360323481e-05,1.42918290500049,1.58000372138953,1,1.7504735804457,-0.0495264195542988,0.0495264195542988,0.0495264195542988,0.00245286623386843,1.560254906411,1.8723436311731,1
8,"n1000-b1_1-b2_2p5-b3_2p5",1000,6,76,1,1,0,0.9162907,0.9162907,1.5,1.8,1,1.3,0.108,332,163,325,180,FALSE,NA,TRUE,NA,0.313682144964714,0.313682144964714,0.313682144964714,0.313682144964714,0.0983964880696639,0.0701405976650336,0.556640328087511,0,1.01213052593067,0.0958398259306665,0.0958398259306665,0.0958398259306665,0.00918527223442046,0.798721366315051,1.23065009772175,1,0.583199296632133,-0.333091403367867,0.333091403367867,0.333091403367867,0.110949882997575,0.290285710703973,0.875836643752282,0,1.51383361062598,0.0138336106259811,0.0138336106259811,0.0138336106259811,0.000191368782951257,1.46591973220459,1.55031754890886,1,1.80816883360587,0.00816883360586518,0.00816883360586518,0.00816883360586518,6.67298424803123e-05,1.78792113786415,1.88042024877196,1
8,"n1000-b1_1-b2_2p5-b3_2p5",1000,7,77,1,1,0,0.9162907,0.9162907,1.5,1.8,1,1.3,0.094,336,157,334,173,FALSE,NA,TRUE,NA,-0.301877053905996,-0.301877053905996,0.301877053905996,0.301877053905996,0.0911297556749636,-0.557283773749681,-0.0527841678701745,0,0.791393336490551,-0.124897363509449,0.124897363509449,0.124897363509449,0.0155993514116115,0.588327742919174,0.998122384071772,1,1.06318588832318,0.146895188323175,0.146895188323175,0.146895188323175,0.0215781963525012,0.766801477050001,1.36248544910361,1,1.4664857725355,-0.0335142274645004,0.0335142274645004,0.0335142274645004,0.00112320344254227,1.44527964573351,1.49843186676774,0,1.78812753054765,-0.01187246945235,0.01187246945235,0.01187246945235,0.000140955530896984,1.73370095990494,1.86298578095454,1
8,"n1000-b1_1-b2_2p5-b3_2p5",1000,8,78,1,1,0,0.9162907,0.9162907,1.5,1.8,1,1.3,0.108,334,166,309,191,FALSE,NA,TRUE,NA,-0.0982893994115453,-0.0982893994115453,0.0982893994115453,0.0982893994115453,0.00966080603668228,-0.341739483651538,0.144559648318601,1,1.03693006357636,0.120639363576357,0.120639363576357,0.120639363576357,0.0145538560441083,0.834510813262344,1.2466036333199,1,0.994027093792211,0.0777363937922108,0.0777363937922108,0.0777363937922108,0.00604294691981766,0.701121792660092,1.28740970260194,1,1.50042606939827,0.000426069398272722,0.000426069398272722,0.000426069398272722,1.81535132144479e-07,1.47765292382727,1.5723693392204,1,1.82266699713623,0.0226669971362283,0.0226669971362283,0.0226669971362283,0.000513792759173783,1.77828054484463,1.93613472694568,1
8,"n1000-b1_1-b2_2p5-b3_2p5",1000,9,79,1,1,0,0.9162907,0.9162907,1.5,1.8,1,1.3,0.109,338,148,325,189,FALSE,NA,TRUE,NA,-0.0063665116780353,-0.0063665116780353,0.0063665116780353,0.0063665116780353,4.05324709465599e-05,-0.251824754970243,0.239569254316823,1,0.756031030789574,-0.160259669210426,0.160259669210426,0.160259669210426,0.0256831615754353,0.553509468908567,0.961611257769549,1,1.10960225100749,0.193311551007491,0.193311551007491,0.193311551007491,0.037369355752922,0.811613459733922,1.40982129905977,1,1.50435841549009,0.00435841549009219,0.00435841549009219,0.00435841549009219,1.89957855842756e-05,1.4742406916991,1.60304489496672,1,1.79966653853566,-0.000333461464342655,0.000333461464342655,0.000333461464342655,1.11196548201548e-07,1.77006303575427,1.85785118218466,1
8,"n1000-b1_1-b2_2p5-b3_2p5",1000,10,80,1,1,0,0.9162907,0.9162907,1.5,1.8,1,1.3,0.098,332,165,344,159,FALSE,NA,TRUE,NA,-0.134049875355227,-0.134049875355227,0.134049875355227,0.134049875355227,0.017969369082752,-0.389523278810507,0.12062810345345,1,0.860815706047438,-0.0554749939525616,0.0554749939525616,0.0554749939525616,0.00307747495403675,0.655396592334438,1.07721969577083,1,0.994940681757508,0.0786499817575083,0.0786499817575083,0.0786499817575083,0.00618581963045638,0.694752472618776,1.30029579726362,1,1.48519648326354,-0.0148035167364631,0.0148035167364631,0.0148035167364631,0.000219144107766742,1.40657312289934,1.59896114998449,1,1.78801957531302,-0.0119804246869819,0.0119804246869819,0.0119804246869819,0.000143530575680445,1.69353722960587,1.90360095759436,1
9,"n1000-b1_1-b2_2p5-b3_2p5",1000,1,81,1,1,0,0.9162907,0.9162907,1.5,1.8,1,1.3,0.106,344,151,339,166,FALSE,NA,TRUE,NA,-0.248083248345163,-0.248083248345163,0.248083248345163,0.248083248345163,0.0615452981094876,-0.512167136188075,0.0115456801033899,1,0.929556236264096,0.0132655362640964,0.0132655362640964,0.0132655362640964,0.000175974452374058,0.717882608913622,1.14389647477419,1,1.02710550661616,0.110814806616165,0.110814806616165,0.110814806616165,0.012279921365378,0.721993675670242,1.3344313517319,1,1.53227126714301,0.0322712671430143,0.0322712671430143,0.0322712671430143,0.0010414346830158,1.42793394675645,1.60253061834774,1,1.80308175059538,0.00308175059538307,0.00308175059538307,0.00308175059538307,9.49718673214391e-06,1.70228612259603,1.86128288508726,1
9,"n1000-b1_1-b2_2p5-b3_2p5",1000,2,82,1,1,0,0.9162907,0.9162907,1.5,1.8,1,1.3,0.11,350,151,337,162,FALSE,NA,TRUE,NA,0.0290098616763872,0.0290098616763872,0.0290098616763872,0.0290098616763872,0.000841572074483119,-0.230973297419753,0.288078915417451,1,0.954806086779599,0.0385153867795992,0.0385153867795992,0.0385153867795992,0.00148343501878213,0.739771124611917,1.17333439210751,1,0.876565861182186,-0.039724838817814,0.039724838817814,0.039724838817814,0.0015780628191013,0.573781895481582,1.18269261828658,1,1.53265364108128,0.0326536410812845,0.0326536410812845,0.0326536410812845,0.00106626027586535,1.48327991289289,1.61227103603989,1,1.85172223806938,0.0517222380693796,0.0517222380693796,0.0517222380693796,0.00267518991090558,1.77954692460999,1.98518638749232,1
9,"n1000-b1_1-b2_2p5-b3_2p5",1000,3,83,1,1,0,0.9162907,0.9162907,1.5,1.8,1,1.3,0.1,365,168,304,163,FALSE,NA,TRUE,NA,0.259333766273339,0.259333766273339,0.259333766273339,0.259333766273339,0.0672540023295148,0.00874161766325485,0.512212394749013,0,0.978518469541048,0.0622277695410479,0.0622277695410479,0.0622277695410479,0.00387229530205377,0.758810672133463,1.20444492978405,1,0.576278323616825,-0.340012376383175,0.340012376383175,0.340012376383175,0.115608416093734,0.277520569512446,0.874654480798291,0,1.55036301157892,0.0503630115789215,0.0503630115789215,0.0503630115789215,0.00253643293529858,1.40901602859044,1.63029291188504,1,1.80499557405776,0.00499557405776452,0.00499557405776452,0.00499557405776452,2.49557601666099e-05,1.76880385545816,1.88431709114163,1
9,"n1000-b1_1-b2_2p5-b3_2p5",1000,4,84,1,1,0,0.9162907,0.9162907,1.5,1.8,1,1.3,0.097,339,164,329,168,FALSE,NA,TRUE,NA,-0.0279785342950894,-0.0279785342950894,0.0279785342950894,0.0279785342950894,0.000782798381301494,-0.277397702696706,0.221078186625012,1,0.869804429147521,-0.046486270852479,0.046486270852479,0.046486270852479,0.00216097337777004,0.656832947159949,1.08871704516685,1,0.984326915416414,0.068036215416414,0.068036215416414,0.068036215416414,0.00462892660818869,0.687253170754186,1.28025392751288,1,1.47476844075962,-0.025231559240382,0.025231559240382,0.025231559240382,0.000636631581700907,1.43147923816979,1.54199225269718,1,1.74067055174819,-0.0593294482518136,0.0593294482518136,0.0593294482518136,0.00351998342986463,1.65031730915695,1.83290505106444,1
9,"n1000-b1_1-b2_2p5-b3_2p5",1000,5,85,1,1,0,0.9162907,0.9162907,1.5,1.8,1,1.3,0.093,304,174,364,158,FALSE,NA,TRUE,NA,0.148352705242894,0.148352705242894,0.148352705242894,0.148352705242894,0.0220085251528851,-0.0898791306775082,0.392794905220546,1,1.01508962858161,0.0987989285816133,0.0987989285816133,0.0987989285816133,0.00976122828887473,0.799547834836951,1.23598363061986,1,0.788118315594088,-0.128172384405912,0.128172384405912,0.128172384405912,0.0164281601242968,0.497329994567876,1.08163113644797,1,1.53810722889935,0.0381072288993529,0.0381072288993529,0.0381072288993529,0.00145216089438768,1.47386570557962,1.60072687884862,1,1.88494189751225,0.0849418975122513,0.0849418975122513,0.0849418975122513,0.00721512595298181,1.81127479756144,1.99339276688302,0
9,"n1000-b1_1-b2_2p5-b3_2p5",1000,6,86,1,1,0,0.9162907,0.9162907,1.5,1.8,1,1.3,0.113,337,166,333,164,FALSE,NA,TRUE,NA,-0.171141382443224,-0.171141382443224,0.171141382443224,0.171141382443224,0.029289372784578,-0.42672150549469,0.0826173674081705,1,1.01166011093741,0.095369410937407,0.095369410937407,0.095369410937407,0.00909532454254801,0.797884577095019,1.22738690691098,1,0.898144578029999,-0.0181461219700011,0.0181461219700011,0.0181461219700011,0.000329281742550156,0.60086868206452,1.19859620912762,1,1.53508222475857,0.0350822247585687,0.0350822247585687,0.0350822247585687,0.00123076249401073,1.48717086315003,1.59219609341772,1,1.81694415418687,0.0169441541868682,0.0169441541868682,0.0169441541868682,0.000287104361108364,1.77394471336553,1.9474455981958,1
9,"n1000-b1_1-b2_2p5-b3_2p5",1000,7,87,1,1,0,0.9162907,0.9162907,1.5,1.8,1,1.3,0.097,322,155,345,178,FALSE,NA,TRUE,NA,0.0716916969415285,0.0716916969415285,0.0716916969415285,0.0716916969415285,0.00513969941035596,-0.180919570221524,0.3185105544773,1,0.88891697999759,-0.0273737200024103,0.0273737200024103,0.0273737200024103,0.00074932054677036,0.683819885194135,1.09690311432741,1,0.752474102222914,-0.163816597777086,0.163816597777086,0.163816597777086,0.0268358777072595,0.458634358939527,1.05336859039168,1,1.51358148740357,0.0135814874035745,0.0135814874035745,0.0135814874035745,0.000184456800093452,1.45209209498389,1.62557830979331,1,1.80846564175761,0.00846564175760744,0.00846564175760744,0.00846564175760744,7.16670903681469e-05,1.74161130316751,1.87430065110391,1
9,"n1000-b1_1-b2_2p5-b3_2p5",1000,8,88,1,1,0,0.9162907,0.9162907,1.5,1.8,1,1.3,0.103,320,173,341,166,FALSE,NA,TRUE,NA,-0.153071997473303,-0.153071997473303,0.153071997473303,0.153071997473303,0.0234310364104669,-0.397171470145186,0.096459074070853,1,0.828674466144339,-0.0876162338556606,0.0876162338556606,0.0876162338556606,0.00767660443504981,0.618189034996605,1.04075598636556,1,0.978685180985684,0.0623944809856843,0.0623944809856843,0.0623944809856843,0.00389307125747293,0.686707365874663,1.27121864553044,1,1.56474692082089,0.0647469208208933,0.0647469208208933,0.0647469208208933,0.00419216375578702,1.4518142684047,1.78488167152867,1,1.79320013534353,-0.00679986465646865,0.00679986465646865,0.00679986465646865,4.62381593462915e-05,1.57922545034411,1.97329056054145,1
9,"n1000-b1_1-b2_2p5-b3_2p5",1000,9,89,1,1,0,0.9162907,0.9162907,1.5,1.8,1,1.3,0.087,298,178,346,178,FALSE,NA,TRUE,NA,0.185940851921388,0.185940851921388,0.185940851921388,0.185940851921388,0.0345740004132517,-0.0453857057047368,0.414609851381828,1,0.922228984490886,0.00593828449088629,0.00593828449088629,0.00593828449088629,3.52632226947007e-05,0.715883983313436,1.13204878599027,1,0.729543150016008,-0.186747549983992,0.186747549983992,0.186747549983992,0.0348746474250238,0.446244557753989,1.00818814148981,1,1.53578222128997,0.0357822212899652,0.0357822212899652,0.0357822212899652,0.00128036736044404,1.47620272986789,1.67924947295808,1,1.8140703177823,0.0140703177823014,0.0140703177823014,0.0140703177823014,0.000197973842494947,1.75746161290731,1.87663596426201,1
9,"n1000-b1_1-b2_2p5-b3_2p5",1000,10,90,1,1,0,0.9162907,0.9162907,1.5,1.8,1,1.3,0.096,366,171,308,155,FALSE,NA,TRUE,NA,0.00592597437359965,0.00592597437359965,0.00592597437359965,0.00592597437359965,3.51171722765598e-05,-0.2441901983758,0.260764968349398,1,0.992812841623856,0.0765221416238564,0.0765221416238564,0.0765221416238564,0.00585563815870154,0.768885479614464,1.21862760483316,1,0.918605211559095,0.00231451155909501,0.00231451155909501,0.00231451155909501,5.35696375718442e-06,0.620010463482092,1.21848082962743,1,1.49813381998856,-0.0018661800114439,0.0018661800114439,0.0018661800114439,3.48262783511274e-06,1.44768638088178,1.53904482674515,1,1.81241520644038,0.0124152064403775,0.0124152064403775,0.0124152064403775,0.000154137350957192,1.76966502730001,1.89252458581937,1
10,"n1000-b1_1-b2_2p5-b3_2p5",1000,1,91,1,1,0,0.9162907,0.9162907,1.5,1.8,1,1.3,0.106,368,183,283,166,FALSE,NA,TRUE,NA,0.00539300445160532,0.00539300445160532,0.00539300445160532,0.00539300445160532,2.90844970150348e-05,-0.241638469871278,0.25335843703694,1,1.08862700321594,0.172336303215937,0.172336303215937,0.172336303215937,0.0296998014061355,0.868592942970783,1.31448733823923,1,0.863156294503844,-0.0531344054961556,0.0531344054961556,0.0531344054961556,0.00282326504742989,0.562379923410745,1.16061009553128,1,1.48359812278669,-0.0164018772133059,0.0164018772133059,0.0164018772133059,0.000269021576120363,1.42829327794636,1.5564453076238,1,1.84996315694217,0.0499631569421735,0.0499631569421735,0.0499631569421735,0.00249631705162826,1.77806746234574,1.98434999868607,1
10,"n1000-b1_1-b2_2p5-b3_2p5",1000,2,92,1,1,0,0.9162907,0.9162907,1.5,1.8,1,1.3,0.091,320,168,327,185,FALSE,NA,TRUE,NA,0.0219719597276984,0.0219719597276984,0.0219719597276984,0.0219719597276984,0.0004827670142756,-0.213040154737474,0.258631908369015,1,0.929721236449805,0.0134305364498047,0.0134305364498047,0.0134305364498047,0.000180379309329534,0.731415626385276,1.13443612243382,1,0.914170927488966,-0.00211977251103435,0.00211977251103435,0.00211977251103435,4.49343549853686e-06,0.626114339504511,1.20232677749354,1,1.58834075107209,0.0883407510720902,0.0883407510720902,0.0883407510720902,0.007804088299981,1.5094623535009,1.74609553789386,0,1.87280901819634,0.0728090181963397,0.0728090181963397,0.0728090181963397,0.00530115313071492,1.80683498203519,2.01395700773759,0
10,"n1000-b1_1-b2_2p5-b3_2p5",1000,3,93,1,1,0,0.9162907,0.9162907,1.5,1.8,1,1.3,0.11,319,157,339,185,FALSE,NA,TRUE,NA,-0.119930699120264,-0.119930699120264,0.119930699120264,0.119930699120264,0.0143833725914754,-0.369937752515434,0.126457430280126,1,0.967777595692198,0.0514868956921979,0.0514868956921979,0.0514868956921979,0.00265090042801927,0.762220827313887,1.17694786072183,1,0.866368841535753,-0.0499218584642475,0.0499218584642475,0.0499218584642475,0.00249219195252436,0.569482391160013,1.16018398714803,1,1.47644380901445,-0.0235561909855462,0.0235561909855462,0.0235561909855462,0.000554894133747527,1.4559814042639,1.50271361853106,1,1.76779977969383,-0.0322002203061726,0.0322002203061726,0.0322002203061726,0.00103685418776605,1.74176421671381,1.80380804950859,1
10,"n1000-b1_1-b2_2p5-b3_2p5",1000,4,94,1,1,0,0.9162907,0.9162907,1.5,1.8,1,1.3,0.097,345,183,334,138,FALSE,NA,TRUE,NA,0.104816836329318,0.104816836329318,0.104816836329318,0.104816836329318,0.0109865691780871,-0.1486338527917,0.355295872393158,1,0.910729121622646,-0.00556157837735427,0.00556157837735427,0.00556157837735427,3.09311540474546e-05,0.684499893978084,1.14159779750949,1,0.717454946025438,-0.198835753974562,0.198835753974562,0.198835753974562,0.0395356570586324,0.421743215432396,1.01860725353001,1,1.62191899306069,0.121918993060688,0.121918993060688,0.121918993060688,0.0148642408689322,1.53572280339048,1.70697920113466,0,1.71403789368878,-0.0859621063112246,0.0859621063112246,0.0859621063112246,0.00738948372146228,1.65011072864356,1.80629427780746,1
10,"n1000-b1_1-b2_2p5-b3_2p5",1000,5,95,1,1,0,0.9162907,0.9162907,1.5,1.8,1,1.3,0.088,324,172,317,187,FALSE,NA,TRUE,NA,-0.0754535467877978,-0.0754535467877978,0.0754535467877978,0.0754535467877978,0.00569323772285839,-0.313378207064117,0.157873818614864,1,0.923111891970958,0.00682119197095776,0.00682119197095776,0.00682119197095776,4.65286599046586e-05,0.72111032684941,1.12687079619203,1,0.959761294108686,0.0434705941086863,0.0434705941086863,0.0434705941086863,0.00188969255216215,0.669903256942648,1.24651333374253,1,1.48132961926653,-0.0186703807334694,0.0186703807334694,0.0186703807334694,0.000348583116732705,1.41475919307106,1.66286162230714,1,1.77826412621595,-0.0217358737840521,0.0217358737840521,0.0217358737840521,0.000472448209156242,1.71512454513326,1.88135562435798,1
10,"n1000-b1_1-b2_2p5-b3_2p5",1000,6,96,1,1,0,0.9162907,0.9162907,1.5,1.8,1,1.3,0.099,326,172,343,159,FALSE,NA,TRUE,NA,0.293779316322556,0.293779316322556,0.293779316322556,0.293779316322556,0.0863062866989483,0.0459443737664974,0.54227037834118,0,1.11419605912844,0.197905359128436,0.197905359128436,0.197905359128436,0.0391665311717554,0.892070851650047,1.33867700191727,1,0.70246590402268,-0.21382479597732,0.21382479597732,0.21382479597732,0.0457210433747427,0.4112687309021,0.995982142146411,1,1.45481773089527,-0.0451822691047254,0.0451822691047254,0.0451822691047254,0.00204143744145183,1.42163511945684,1.48388647378494,0,1.81273768810634,0.0127376881063359,0.0127376881063359,0.0127376881063359,0.000162248698294291,1.80030275420759,1.83627140883867,0
10,"n1000-b1_1-b2_2p5-b3_2p5",1000,7,97,1,1,0,0.9162907,0.9162907,1.5,1.8,1,1.3,0.113,342,163,312,183,FALSE,NA,TRUE,NA,-0.0879280204615203,-0.0879280204615203,0.0879280204615203,0.0879280204615203,0.00773133678228154,-0.33890841324562,0.163886124642984,1,0.862076934751888,-0.0542137652481119,0.0542137652481119,0.0542137652481119,0.00293913234237739,0.655156685003209,1.07594969132512,1,1.16294583626608,0.246655136266076,0.246655136266076,0.246655136266076,0.0608387562464363,0.860153400794861,1.46221651931669,1,1.47855953245493,-0.0214404675450672,0.0214404675450672,0.0214404675450672,0.000459693648551081,1.31788379128861,1.57457030537039,1,1.79752503317831,-0.00247496682168924,0.00247496682168924,0.00247496682168924,6.12546076846254e-06,1.67762052836817,1.86264881138118,1
10,"n1000-b1_1-b2_2p5-b3_2p5",1000,8,98,1,1,0,0.9162907,0.9162907,1.5,1.8,1,1.3,0.11,314,166,336,184,FALSE,NA,TRUE,NA,-0.0755321334859259,-0.0755321334859259,0.0755321334859259,0.0755321334859259,0.00570510318893572,-0.330498333769972,0.170239864910113,1,1.02344637737865,0.107155677378655,0.107155677378655,0.107155677378655,0.0114823391944783,0.811866150384511,1.23865705611118,1,1.14135702336651,0.225066323366507,0.225066323366507,0.225066323366507,0.0506548499137169,0.839316402976835,1.444848843026,1,1.45177694692516,-0.04822305307484,0.04822305307484,0.04822305307484,0.00232546284785883,1.34819207964754,1.56190122836293,1,1.71082951652685,-0.0891704834731526,0.0891704834731526,0.0891704834731526,0.00795137512283578,1.6492039431409,1.84306882957168,1
10,"n1000-b1_1-b2_2p5-b3_2p5",1000,9,99,1,1,0,0.9162907,0.9162907,1.5,1.8,1,1.3,0.093,316,153,350,181,FALSE,NA,TRUE,NA,-0.0615758236133952,-0.0615758236133952,0.0615758236133952,0.0615758236133952,0.00379158205366796,-0.304583113054998,0.181595773621409,1,0.986356920098163,0.0700662200981632,0.0700662200981632,0.0700662200981632,0.00490927519884425,0.784305975550075,1.19417512724897,1,0.909526823787562,-0.0067638762124379,0.0067638762124379,0.0067638762124379,4.57500214171833e-05,0.616622266152134,1.20234557156433,1,1.54601993447939,0.0460199344793939,0.0460199344793939,0.0460199344793939,0.00211783436948771,1.454425380243,1.59931639707704,1,1.89765806387008,0.0976580638700806,0.0976580638700806,0.0976580638700806,0.00953709743885274,1.75239426017069,1.96629255370087,1
10,"n1000-b1_1-b2_2p5-b3_2p5",1000,10,100,1,1,0,0.9162907,0.9162907,1.5,1.8,1,1.3,0.114,329,160,339,172,FALSE,NA,TRUE,NA,-0.0530397657035629,-0.0530397657035629,0.0530397657035629,0.0530397657035629,0.00281321674588884,-0.311238742866089,0.203829869806175,1,0.925023932180473,0.00873323218047328,0.00873323218047328,0.00873323218047328,7.62693443180541e-05,0.71018271967208,1.14250168084231,1,0.864431419227841,-0.0518592807721592,0.0518592807721592,0.0518592807721592,0.00268938500220564,0.559296462833514,1.17218967587581,1,1.47785810690191,-0.0221418930980899,0.0221418930980899,0.0221418930980899,0.000490263429967241,1.41486466473242,1.54004666770869,1,1.7935340742231,-0.00646592577690352,0.00646592577690352,0.00646592577690352,4.18081961524255e-05,1.72307711288129,1.87622323232174,1
11,"n1000-b1_1-b2_2p5-b3_2p5",1000,1,101,1,1,0,0.9162907,0.9162907,1.5,1.8,1,1.3,0.106,335,164,320,181,FALSE,NA,TRUE,NA,-0.0892426846737561,-0.0892426846737561,0.0892426846737561,0.0892426846737561,0.00796425676777945,-0.336554504581971,0.155270255606565,1,0.959805796879315,0.0435150968793149,0.0435150968793149,0.0435150968793149,0.00189356365641616,0.754120693482392,1.16822164382024,1,0.953638869263129,0.037348169263129,0.037348169263129,0.037348169263129,0.00139488574730733,0.660941348296898,1.24680058449185,1,1.5325999956503,0.0325999956503036,0.0325999956503036,0.0325999956503036,0.00106275971639981,1.47405185689557,1.62504583518015,1,1.81093548386808,0.0109354838680766,0.0109354838680766,0.0109354838680766,0.000119584807428964,1.71768495046345,1.95200090770768,1
11,"n1000-b1_1-b2_2p5-b3_2p5",1000,2,102,1,1,0,0.9162907,0.9162907,1.5,1.8,1,1.3,0.103,344,176,313,167,FALSE,NA,TRUE,NA,0.171100887837908,0.171100887837908,0.171100887837908,0.171100887837908,0.0292755138189203,-0.0761263833505213,0.41815069722906,1,1.07564910064703,0.159358400647027,0.159358400647027,0.159358400647027,0.0253950998567785,0.858570691212741,1.29647163329747,1,0.793080950858858,-0.123209749141142,0.123209749141142,0.123209749141142,0.0151806422834232,0.495701502499357,1.09142099519221,1,1.51124032791558,0.0112403279155751,0.0112403279155751,0.0112403279155751,0.000126344971649656,1.45924833440771,1.60204862841737,1,1.76185552056634,-0.0381444794336643,0.0381444794336643,0.0381444794336643,0.00145500131126524,1.69632141522016,1.89885124624025,1
11,"n1000-b1_1-b2_2p5-b3_2p5",1000,3,103,1,1,0,0.9162907,0.9162907,1.5,1.8,1,1.3,0.102,326,178,328,168,FALSE,NA,TRUE,NA,0.069675215519849,0.069675215519849,0.069675215519849,0.069675215519849,0.00485463565773741,-0.175298724417791,0.31195612505307,1,0.973941787439769,0.0576510874397692,0.0576510874397692,0.0576510874397692,0.00332364788298792,0.75958582206647,1.18993570091247,1,1.00371798787111,0.0874272878711126,0.0874272878711126,0.0874272878711126,0.0076435306644984,0.710647915465275,1.30047300108169,1,1.47192389193384,-0.0280761080661571,0.0280761080661571,0.0280761080661571,0.000788267844142533,1.41529586878852,1.53321287760753,1,1.81573583038216,0.0157358303821562,0.0157358303821562,0.0157358303821562,0.00024761635781599,1.76169970341561,1.8677683255407,1
11,"n1000-b1_1-b2_2p5-b3_2p5",1000,4,104,1,1,0,0.9162907,0.9162907,1.5,1.8,1,1.3,0.094,356,181,316,147,FALSE,NA,TRUE,NA,-0.23645702857977,-0.23645702857977,0.23645702857977,0.23645702857977,0.0559119263647743,-0.485799905804125,0.0155411832928705,1,0.779546602970189,-0.136744097029811,0.136744097029811,0.136744097029811,0.0186989480724983,0.564294335581027,1.00154837650792,1,1.2369956610726,0.3207049610726,0.3207049610726,0.3207049610726,0.102851672056578,0.932323552269461,1.53367851185645,0,1.47382268468987,-0.026177315310131,0.026177315310131,0.026177315310131,0.000685251836846019,1.31867703238533,1.54588768588248,1,1.78901277664586,-0.0109872233541415,0.0109872233541415,0.0109872233541415,0.000120719077033792,1.72215415751913,1.88029614728222,1
11,"n1000-b1_1-b2_2p5-b3_2p5",1000,5,105,1,1,0,0.9162907,0.9162907,1.5,1.8,1,1.3,0.112,304,171,349,176,FALSE,NA,TRUE,NA,-0.0558366005783774,-0.0558366005783774,0.0558366005783774,0.0558366005783774,0.00311772596414926,-0.30582122974067,0.191612624251091,1,0.966083658857006,0.0497929588570057,0.0497929588570057,0.0497929588570057,0.00247933875173547,0.758818449029219,1.18255282559882,1,0.992316690301375,0.076025990301375,0.076025990301375,0.076025990301375,0.00577995120130477,0.695358046674671,1.29205553332453,1,1.45766428778916,-0.042335712210841,0.042335712210841,0.042335712210841,0.00179231252839915,1.38907195041851,1.52604036029564,1,1.78086185119244,-0.0191381488075584,0.0191381488075584,0.0191381488075584,0.000366268739780248,1.72084035230644,1.85668538810398,1
11,"n1000-b1_1-b2_2p5-b3_2p5",1000,6,106,1,1,0,0.9162907,0.9162907,1.5,1.8,1,1.3,0.102,310,164,335,191,FALSE,NA,TRUE,NA,0.00781058570406769,0.00781058570406769,0.00781058570406769,0.00781058570406769,6.10052490405866e-05,-0.230557233893528,0.245378873820618,1,0.995548740064964,0.0792580400649641,0.0792580400649641,0.0792580400649641,0.00628183691493945,0.79598998837499,1.19988971180882,1,0.850167035080026,-0.0661236649199743,0.0661236649199743,0.0661236649199743,0.00437233906244905,0.558288437178831,1.14449607841563,1,1.44710904517814,-0.0528909548218623,0.0528909548218623,0.0528909548218623,0.00279745310196828,1.3814667127934,1.50361206775161,1,1.6857126481416,-0.114287351858403,0.114287351858403,0.114287351858403,0.0130615987948063,1.59084288267792,1.84667958181877,1
11,"n1000-b1_1-b2_2p5-b3_2p5",1000,7,107,1,1,0,0.9162907,0.9162907,1.5,1.8,1,1.3,0.103,354,165,336,145,FALSE,NA,TRUE,NA,0.0161153363869783,0.0161153363869783,0.0161153363869783,0.0161153363869783,0.000259704066865467,-0.243053784283491,0.275004924767639,1,0.972148847717106,0.0558581477171064,0.0558581477171064,0.0558581477171064,0.00312013266638608,0.744979763491829,1.20295397234686,1,0.94609193962238,0.0298012396223801,0.0298012396223801,0.0298012396223801,0.000888113883030519,0.641754172111309,1.24739130479142,1,1.52424234503798,0.0242423450379845,0.0242423450379845,0.0242423450379845,0.000587691292940692,1.49325429688888,1.57623173104521,1,1.80237462917586,0.00237462917586018,0.00237462917586018,0.00237462917586018,5.63886372284638e-06,1.76149375427918,1.8675363033375,1
11,"n1000-b1_1-b2_2p5-b3_2p5",1000,8,108,1,1,0,0.9162907,0.9162907,1.5,1.8,1,1.3,0.114,358,173,322,147,FALSE,NA,TRUE,NA,-0.244565732167265,-0.244565732167265,0.244565732167265,0.244565732167265,0.0598123973505105,-0.511199488722895,0.0230453345819141,1,1.03348280217352,0.117192102173524,0.117192102173524,0.117192102173524,0.0137339888118498,0.809107020207562,1.26467266469547,1,1.045569914885,0.129279214884999,0.129279214884999,0.129279214884999,0.0167131154012818,0.733904099253198,1.35156867851503,1,1.50105781140619,0.00105781140618655,0.00105781140618655,0.00105781140618655,1.11896497105836e-06,1.4495495823021,1.53995383958186,1,1.81183810332002,0.0118381033200179,0.0118381033200179,0.0118381033200179,0.000140140690215419,1.74602257787195,1.8975762860441,1
11,"n1000-b1_1-b2_2p5-b3_2p5",1000,9,109,1,1,0,0.9162907,0.9162907,1.5,1.8,1,1.3,0.096,320,177,360,143,FALSE,NA,TRUE,NA,-0.181226559911085,-0.181226559911085,0.181226559911085,0.181226559911085,0.0328430660172059,-0.437386604734688,0.0796685786531583,1,0.793463202565393,-0.122827497434607,0.122827497434607,0.122827497434607,0.0150865941260483,0.57654366994622,1.01832020944261,1,1.17210968041159,0.255818980411588,0.255818980411588,0.255818980411588,0.0654433507388242,0.86519994282788,1.4742448706692,1,1.50171558933303,0.00171558933303362,0.00171558933303362,0.00171558933303362,2.94324675961873e-06,1.44333829277861,1.65368896370813,1,1.76450466697751,-0.035495333022487,0.035495333022487,0.035495333022487,0.00125991866637725,1.70158422999396,1.80139584704668,1
11,"n1000-b1_1-b2_2p5-b3_2p5",1000,10,110,1,1,0,0.9162907,0.9162907,1.5,1.8,1,1.3,0.106,331,171,336,162,FALSE,NA,TRUE,NA,0.0916157792961917,0.0916157792961917,0.0916157792961917,0.0916157792961917,0.00839345101604852,-0.161165412413737,0.341343602695785,1,0.884414551973383,-0.031876148026617,0.031876148026617,0.031876148026617,0.0010160888130148,0.673039019665538,1.10095828244137,1,0.870334674555743,-0.0459560254442568,0.0459560254442568,0.0459560254442568,0.00211195627463318,0.574422204568632,1.16914900208009,1,1.55398692485967,0.0539869248596727,0.0539869248596727,0.0539869248596727,0.00291458805580395,1.49632231248784,1.66579102320472,1,1.78868476817376,-0.0113152318262428,0.0113152318262428,0.0113152318262428,0.000128034471281619,1.71831165367986,1.87216202014292,1
12,"n1000-b1_1-b2_2p5-b3_2p5",1000,1,111,1,1,0,0.9162907,0.9162907,1.5,1.8,1,1.3,0.096,317,175,321,187,FALSE,NA,TRUE,NA,0.102813801375232,0.102813801375232,0.102813801375232,0.102813801375232,0.0105706777532256,-0.133099268311236,0.338097295156091,1,1.07809481180233,0.161804111802334,0.161804111802334,0.161804111802334,0.0261805705961421,0.871828429033336,1.29187563044265,1,0.711674816317546,-0.204615883682454,0.204615883682454,0.204615883682454,0.0418676598551515,0.426276713909167,0.997601877570133,1,1.51738921611226,0.0173892161122569,0.0173892161122569,0.0173892161122569,0.000302384836998773,1.49115107890593,1.57357903175594,1,1.80679028525094,0.00679028525094272,0.00679028525094272,0.00679028525094272,4.61079737891702e-05,1.77397557774461,1.85290333451376,1
12,"n1000-b1_1-b2_2p5-b3_2p5",1000,2,112,1,1,0,0.9162907,0.9162907,1.5,1.8,1,1.3,0.092,332,172,345,151,FALSE,NA,TRUE,NA,-0.134808822372315,-0.134808822372315,0.134808822372315,0.134808822372315,0.0181734185894103,-0.381133916735338,0.112972288918513,1,0.860409026781316,-0.0558816732186836,0.0558816732186836,0.0558816732186836,0.00312276140171975,0.645025339191496,1.07423135123095,1,1.09804518795614,0.181754487956136,0.181754487956136,0.181754487956136,0.0330346938921971,0.802917269673691,1.39407534748272,1,1.51850520099191,0.0185052009919064,0.0185052009919064,0.0185052009919064,0.000342442463750855,1.46831845658846,1.61045474813919,1,1.86553155425679,0.0655315542567949,0.0655315542567949,0.0655315542567949,0.00429438460331126,1.81887309022527,1.94871531104716,0
12,"n1000-b1_1-b2_2p5-b3_2p5",1000,3,113,1,1,0,0.9162907,0.9162907,1.5,1.8,1,1.3,0.116,314,179,326,181,FALSE,NA,TRUE,NA,-0.154457229680956,-0.154457229680956,0.154457229680956,0.154457229680956,0.0238570358007157,-0.396447879180185,0.092185301936189,1,1.03324642039907,0.116955720399073,0.116955720399073,0.116955720399073,0.0136786405340662,0.823469126995625,1.24570385085364,1,1.02710154600912,0.110810846009125,0.110810846009125,0.110810846009125,0.012279043593258,0.732698099294074,1.31944734366006,1,1.53715937552981,0.0371593755298145,0.0371593755298145,0.0371593755298145,0.00138081918976578,1.47498068849971,1.59461821922097,1,1.79285349522052,-0.00714650477948298,0.00714650477948298,0.00714650477948298,5.1072530563173e-05,1.71918317968372,1.90901537447857,1
12,"n1000-b1_1-b2_2p5-b3_2p5",1000,4,114,1,1,0,0.9162907,0.9162907,1.5,1.8,1,1.3,0.119,335,158,330,177,FALSE,NA,TRUE,NA,-0.0098958370851831,-0.0098958370851831,0.0098958370851831,0.0098958370851831,9.79275916164851e-05,-0.267050164508277,0.245430251141659,1,0.891506359837265,-0.0247843401627351,0.0247843401627351,0.0247843401627351,0.000614263517302165,0.682114820957472,1.10836892906617,1,0.996373601972435,0.0800829019724354,0.0800829019724354,0.0800829019724354,0.0064132711883267,0.691593781950311,1.29906840984102,1,1.49312429653619,-0.00687570346380739,0.00687570346380739,0.00687570346380739,4.7275298122213e-05,1.47140468812032,1.54488748834716,1,1.8067329507501,0.00673295075010372,0.00673295075010372,0.00673295075010372,4.53326258033222e-05,1.770890678234,1.86362426118678,1
12,"n1000-b1_1-b2_2p5-b3_2p5",1000,5,115,1,1,0,0.9162907,0.9162907,1.5,1.8,1,1.3,0.104,333,175,331,161,FALSE,NA,TRUE,NA,-0.189104357736844,-0.189104357736844,0.189104357736844,0.189104357736844,0.0357604581150642,-0.435319197279195,0.0560923414642123,1,0.883127571061621,-0.0331631289383786,0.0331631289383786,0.0331631289383786,0.00109979312098352,0.672964142557524,1.10266761672206,1,1.12270206788336,0.206411367883357,0.206411367883357,0.206411367883357,0.0426056527914785,0.82814468604782,1.41814113380897,1,1.55139140150443,0.0513914015044254,0.0513914015044254,0.0513914015044254,0.00264107614858906,1.48223176410631,1.71844870098727,1,1.8807674531438,0.0807674531438014,0.0807674531438014,0.0807674531438014,0.00652338148733616,1.79444256715221,2.04973314862078,1
12,"n1000-b1_1-b2_2p5-b3_2p5",1000,6,116,1,1,0,0.9162907,0.9162907,1.5,1.8,1,1.3,0.078,345,131,350,174,FALSE,NA,TRUE,NA,-0.218497874871749,-0.218497874871749,0.218497874871749,0.218497874871749,0.0477413213234706,-0.480998900203246,0.0407578776913832,1,0.75521979376503,-0.16107090623497,0.16107090623497,0.16107090623497,0.0259438368353544,0.552606491761123,0.958192520636303,1,1.15979950018982,0.243508800189823,0.243508800189823,0.243508800189823,0.059296535769887,0.853911648274305,1.46637370772998,1,1.53856273574103,0.0385627357410341,0.0385627357410341,0.0385627357410341,0.00148708458783283,1.47253429782448,1.73270267054436,1,1.79828258445951,-0.00171741554049354,0.00171741554049354,0.00171741554049354,2.94951613872871e-06,1.70203204361149,1.92390221073005,1
12,"n1000-b1_1-b2_2p5-b3_2p5",1000,7,117,1,1,0,0.9162907,0.9162907,1.5,1.8,1,1.3,0.094,335,169,334,162,FALSE,NA,TRUE,NA,-0.063888088420442,-0.063888088420442,0.063888088420442,0.063888088420442,0.00408168784201821,-0.307010536901582,0.181099603854027,1,0.823632952717031,-0.0926577472829694,0.0926577472829694,0.0926577472829694,0.00858545813155462,0.613382736351637,1.03749667392377,1,1.11946899147297,0.203178291472965,0.203178291472965,0.203178291472965,0.0412814181258732,0.826044296972103,1.41355614337163,1,1.42013159214711,-0.0798684078528935,0.0798684078528935,0.0798684078528935,0.00637896257295614,1.36635558501498,1.51656661421192,1,1.7526415210816,-0.0473584789183996,0.0473584789183996,0.0473584789183996,0.0022428255254645,1.67115674532536,1.88715115779569,1
12,"n1000-b1_1-b2_2p5-b3_2p5",1000,8,118,1,1,0,0.9162907,0.9162907,1.5,1.8,1,1.3,0.086,325,179,327,169,FALSE,NA,TRUE,NA,-0.103397752307985,-0.103397752307985,0.103397752307985,0.103397752307985,0.0106910951823433,-0.33931958074272,0.131982181738687,1,0.931523500441854,0.015232800441854,0.015232800441854,0.015232800441854,0.000232038209301349,0.722155037439457,1.14322986745193,1,0.994988969243775,0.0786982692437747,0.0786982692437747,0.0786982692437747,0.00619341758196565,0.709490755786466,1.27948650422869,1,1.50196843318801,0.00196843318800632,0.00196843318800632,0.00196843318800632,3.87472921564474e-06,1.48460807326996,1.52195791451945,1,1.79418502114696,-0.00581497885304172,0.00581497885304172,0.00581497885304172,3.38139790613224e-05,1.7714483685675,1.81931977251734,1
12,"n1000-b1_1-b2_2p5-b3_2p5",1000,9,119,1,1,0,0.9162907,0.9162907,1.5,1.8,1,1.3,0.091,344,149,338,169,FALSE,NA,TRUE,NA,-0.101270581395792,-0.101270581395792,0.101270581395792,0.101270581395792,0.0102557306562418,-0.361661388179724,0.15151794021827,1,0.935050294742386,0.0187595947423864,0.0187595947423864,0.0187595947423864,0.000351922394898572,0.724381019092142,1.14498780194763,1,0.966878640134196,0.0505879401341961,0.0505879401341961,0.0505879401341961,0.00255913968702101,0.665961281053217,1.2704877527175,1,1.47867233926193,-0.0213276607380717,0.0213276607380717,0.0213276607380717,0.000454869112558284,1.36328212303314,1.52953621629187,1,1.80170537944231,0.00170537944231164,0.00170537944231164,0.00170537944231164,2.90831904225916e-06,1.70033065911956,1.84462373711283,1
12,"n1000-b1_1-b2_2p5-b3_2p5",1000,10,120,1,1,0,0.9162907,0.9162907,1.5,1.8,1,1.3,0.095,313,171,357,159,FALSE,NA,TRUE,NA,-0.129368635453634,-0.129368635453634,0.129368635453634,0.129368635453634,0.0167362438391352,-0.370148539752219,0.113061832227804,1,0.677998571104352,-0.238292128895648,0.238292128895648,0.238292128895648,0.0567831386936203,0.469403825066349,0.888088361676433,0,1.10596245713804,0.189671757138045,0.189671757138045,0.189671757138045,0.0359753754558334,0.817150582334855,1.39654281140088,1,1.5304440414606,0.0304440414606049,0.0304440414606049,0.0304440414606049,0.000926839660455028,1.47092835367643,1.58623654727146,1,1.83461464087364,0.0346146408736374,0.0346146408736374,0.0346146408736374,0.00119817336281089,1.74428337454135,1.89903692778616,1
13,"n1000-b1_1-b2_2p5-b3_2p5",1000,1,121,1,1,0,0.9162907,0.9162907,1.5,1.8,1,1.3,0.099,337,163,348,152,FALSE,NA,TRUE,NA,-0.183931052430247,-0.183931052430247,0.183931052430247,0.183931052430247,0.0338306320480981,-0.439145870863431,0.0769042242192478,1,0.781493326660848,-0.134797373339152,0.134797373339152,0.134797373339152,0.0181703318591348,0.56484730690638,1.00458464397715,1,1.068903584883,0.152612884883003,0.152612884883003,0.152612884883003,0.0232906926323127,0.767020175549945,1.37244347483595,1,1.50135947280014,0.00135947280013693,0.00135947280013693,0.00135947280013693,1.84816629431214e-06,1.451851173113,1.53580107544942,1,1.80540809101429,0.00540809101429107,0.00540809101429107,0.00540809101429107,2.92474484188558e-05,1.77809567893848,1.84160073325804,1
13,"n1000-b1_1-b2_2p5-b3_2p5",1000,2,122,1,1,0,0.9162907,0.9162907,1.5,1.8,1,1.3,0.114,306,186,341,167,FALSE,NA,TRUE,NA,0.261190893956361,0.261190893956361,0.261190893956361,0.261190893956361,0.0682206830857228,0.017653950829038,0.506404913342889,0,0.983949427071235,0.067658727071235,0.067658727071235,0.067658727071235,0.00457770334889987,0.767753854840972,1.20333695968349,1,0.631564476957136,-0.284726223042864,0.284726223042864,0.284726223042864,0.0810690220882549,0.338606868609575,0.924753018170719,1,1.53849828230196,0.0384982823019591,0.0384982823019591,0.0384982823019591,0.00148211774020133,1.43767674129542,1.68161489219081,1,1.77919465189109,-0.0208053481089086,0.0208053481089086,0.0208053481089086,0.000432862509932865,1.71068328427569,1.87414538149876,1
13,"n1000-b1_1-b2_2p5-b3_2p5",1000,3,123,1,1,0,0.9162907,0.9162907,1.5,1.8,1,1.3,0.105,338,169,320,173,FALSE,NA,TRUE,NA,-0.0185267922513354,-0.0185267922513354,0.0185267922513354,0.0185267922513354,0.000343242031124142,-0.260750898534702,0.228231772112542,1,0.933383517571525,0.0170928175715251,0.0170928175715251,0.0170928175715251,0.000292164412533439,0.721694279902927,1.14709194247699,1,0.996808666391136,0.0805179663911364,0.0805179663911364,0.0805179663911364,0.00648314291176417,0.70250868707596,1.29198960528286,1,1.48582819524758,-0.0141718047524215,0.0141718047524215,0.0141718047524215,0.000200840049940757,1.40685054397387,1.53527549593733,1,1.80316720688175,0.00316720688175343,0.00316720688175343,0.00316720688175343,1.00311994318263e-05,1.72415229605467,1.91312665340963,1
13,"n1000-b1_1-b2_2p5-b3_2p5",1000,4,124,1,1,0,0.9162907,0.9162907,1.5,1.8,1,1.3,0.109,355,185,311,149,FALSE,NA,TRUE,NA,-0.0431370753813258,-0.0431370753813258,0.0431370753813258,0.0431370753813258,0.00186080727245418,-0.290493529646057,0.210260727067982,1,0.838520295556942,-0.0777704044430578,0.0777704044430578,0.0777704044430578,0.00604823580723679,0.614065496512814,1.07135589843334,1,0.986844369567818,0.0705536695678176,0.0705536695678176,0.0705536695678176,0.00497782028948479,0.683743846774301,1.2881308206009,1,1.46698173844812,-0.0330182615518753,0.0330182615518753,0.0330182615518753,0.00109020559590804,1.40461643938361,1.52065612841134,1,1.79118075063269,-0.00881924936730871,0.00881924936730871,0.00881924936730871,7.77791594027751e-05,1.6962556000999,1.87154757718372,1
13,"n1000-b1_1-b2_2p5-b3_2p5",1000,5,125,1,1,0,0.9162907,0.9162907,1.5,1.8,1,1.3,0.113,343,154,349,154,FALSE,NA,TRUE,NA,-0.0976006702842258,-0.0976006702842258,0.0976006702842258,0.0976006702842258,0.00952589083993016,-0.367517864151261,0.170340589939609,1,1.07193843833022,0.155647738330218,0.155647738330218,0.155647738330218,0.0242262184473119,0.847684648687659,1.30306705689044,1,1.04138701267947,0.125096312679468,0.125096312679468,0.125096312679468,0.0156490874459992,0.725977828936096,1.35400859532116,1,1.45836710475296,-0.0416328952470393,0.0416328952470393,0.0416328952470393,0.00173329796665095,1.42755659273175,1.50756161189685,1,1.76868894159766,-0.0313110584023366,0.0313110584023366,0.0313110584023366,0.000980382378274534,1.74035466611562,1.80823171805333,1
13,"n1000-b1_1-b2_2p5-b3_2p5",1000,6,126,1,1,0,0.9162907,0.9162907,1.5,1.8,1,1.3,0.088,330,182,330,158,FALSE,NA,TRUE,NA,-0.0919844941950678,-0.0919844941950678,0.0919844941950678,0.0919844941950678,0.00846114717232246,-0.335204115476078,0.14817029288242,1,0.765597792861965,-0.150692907138035,0.150692907138035,0.150692907138035,0.0227083522617123,0.553124924165784,0.982816694528995,1,1.01510993648775,0.0988192364877527,0.0988192364877527,0.0988192364877527,0.0097652415000224,0.72094340178391,1.30804342151734,1,1.41851126293264,-0.0814887370673596,0.0814887370673596,0.0814887370673596,0.00664041426883327,1.2601368565174,1.58903891174547,1,1.8288270943194,0.0288270943194049,0.0288270943194049,0.0288270943194049,0.000831001366899866,1.7189712276616,1.98007111677512,1
13,"n1000-b1_1-b2_2p5-b3_2p5",1000,7,127,1,1,0,0.9162907,0.9162907,1.5,1.8,1,1.3,0.1,329,172,338,161,FALSE,NA,TRUE,NA,0.012069796591855,0.012069796591855,0.012069796591855,0.012069796591855,0.000145679989768754,-0.238123112839294,0.266319668523953,1,1.04267245727911,0.126381757279114,0.126381757279114,0.126381757279114,0.0159723485729569,0.825602183562282,1.2654427865217,1,0.931579601234663,0.0152889012346629,0.0152889012346629,0.0152889012346629,0.000233750500963276,0.635452343308113,1.23016193738335,1,1.4938691991267,-0.0061308008732992,0.0061308008732992,0.0061308008732992,3.75867193480463e-05,1.44656367320593,1.54527030877178,1,1.75819532671327,-0.0418046732867272,0.0418046732867272,0.0418046732867272,0.00174763070861,1.67560778505206,1.81962682320525,1
13,"n1000-b1_1-b2_2p5-b3_2p5",1000,8,128,1,1,0,0.9162907,0.9162907,1.5,1.8,1,1.3,0.091,325,163,334,178,FALSE,NA,TRUE,NA,-0.0112323487457364,-0.0112323487457364,0.0112323487457364,0.0112323487457364,0.000126165658345847,-0.256318853799569,0.236461705046018,1,1.0173169305958,0.101026230595797,0.101026230595797,0.101026230595797,0.0102062992683952,0.809317879127611,1.23281275753739,1,0.825840425815016,-0.0904502741849839,0.0904502741849839,0.0904502741849839,0.00818125210013876,0.53417557717191,1.11415795603123,1,1.46297892131228,-0.0370210786877154,0.0370210786877154,0.0370210786877154,0.00137056026720202,1.41298703383525,1.55497004839707,1,1.76941006908171,-0.0305899309182938,0.0305899309182938,0.0305899309182938,0.000935743873585985,1.69197385874231,1.82233199760936,1
13,"n1000-b1_1-b2_2p5-b3_2p5",1000,9,129,1,1,0,0.9162907,0.9162907,1.5,1.8,1,1.3,0.105,346,164,316,174,FALSE,NA,TRUE,NA,0.0482619341647601,0.0482619341647601,0.0482619341647601,0.0482619341647601,0.00232921428932363,-0.203460365913031,0.299501070060634,1,1.0422148401228,0.125924140122799,0.125924140122799,0.125924140122799,0.0158568890656663,0.829506997353357,1.26043210323934,1,0.944101602911785,0.0278109029117851,0.0278109029117851,0.0278109029117851,0.000773446320768738,0.644183809306321,1.24586133308329,1,1.37158443067949,-0.12841556932051,0.12841556932051,0.12841556932051,0.0164905584439106,1.33231489946305,1.44919986847861,0,1.79719493679256,-0.0028050632074399,0.0028050632074399,0.0028050632074399,7.86837959773299e-06,1.76632565580181,1.83619671656724,1
13,"n1000-b1_1-b2_2p5-b3_2p5",1000,10,130,1,1,0,0.9162907,0.9162907,1.5,1.8,1,1.3,0.112,318,185,325,172,FALSE,NA,TRUE,NA,0.0824079223833245,0.0824079223833245,0.0824079223833245,0.0824079223833245,0.00679106567153604,-0.158937472674012,0.325360507226058,1,1.06560866106259,0.149317961062593,0.149317961062593,0.149317961062593,0.0222958534958899,0.85454928474171,1.28146626225237,1,0.824951029214103,-0.0913396707858969,0.0913396707858969,0.0913396707858969,0.00834293545927602,0.531643551617498,1.11409450645693,1,1.50197837947062,0.00197837947062274,0.00197837947062274,0.00197837947062274,3.9139853297815e-06,1.46942895988161,1.5558888196303,1,1.83589180498525,0.035891804985253,0.035891804985253,0.035891804985253,0.00128822166509943,1.79126999555627,1.93640496950979,1
14,"n1000-b1_1-b2_2p5-b3_2p5",1000,1,131,1,1,0,0.9162907,0.9162907,1.5,1.8,1,1.3,0.095,322,145,347,186,FALSE,NA,TRUE,NA,0.0891532689868776,0.0891532689868776,0.0891532689868776,0.0891532689868776,0.00794830537104654,-0.152853694818536,0.334772541908488,1,0.944348344586336,0.0280576445863356,0.0280576445863356,0.0280576445863356,0.00078723141973313,0.742659462985726,1.14876382457231,1,0.805514809828653,-0.110775890171347,0.110775890171347,0.110775890171347,0.0122712978432543,0.511756197315657,1.09614436879255,1,1.54681731600229,0.0468173160022924,0.0468173160022924,0.0468173160022924,0.00219186107765851,1.49189401706493,1.62205936381716,1,1.88988271193423,0.08988271193423,0.08988271193423,0.08988271193423,0.00807890190465178,1.75354719993787,1.97439224305588,1
14,"n1000-b1_1-b2_2p5-b3_2p5",1000,2,132,1,1,0,0.9162907,0.9162907,1.5,1.8,1,1.3,0.095,340,170,328,162,FALSE,NA,TRUE,NA,0.163361169853606,0.163361169853606,0.163361169853606,0.163361169853606,0.0266868718159386,-0.0829024466783614,0.406573961249768,1,0.92148131762338,0.00519061762337958,0.00519061762337958,0.00519061762337958,2.69425113121387e-05,0.714264597048139,1.13592423773634,1,0.771079877551726,-0.145210822448274,0.145210822448274,0.145210822448274,0.0210861829561042,0.476824359016925,1.06531766430931,1,1.55165489539707,0.0516548953970735,0.0516548953970735,0.0516548953970735,0.0026682282184826,1.49235945783713,1.71640432089951,1,1.95684154411856,0.156841544118559,0.156841544118559,0.156841544118559,0.0245992699614939,1.82372402410627,2.10524021009253,0
14,"n1000-b1_1-b2_2p5-b3_2p5",1000,3,133,1,1,0,0.9162907,0.9162907,1.5,1.8,1,1.3,0.122,349,161,318,172,FALSE,NA,TRUE,NA,0.0150288296275148,0.0150288296275148,0.0150288296275148,0.0150288296275148,0.000225865719972868,-0.237381318704275,0.269246875097617,1,1.00510469001437,0.0888139900143674,0.0888139900143674,0.0888139900143674,0.00788792482227215,0.785606093090837,1.22677732766207,1,0.984587318578419,0.0682966185784191,0.0682966185784191,0.0682966185784191,0.00466442810924606,0.682869043558263,1.28770015252993,1,1.52325982871528,0.0232598287152805,0.0232598287152805,0.0232598287152805,0.000541019631864189,1.48777279043176,1.5804592648215,1,1.82118398147068,0.021183981470676,0.021183981470676,0.021183981470676,0.000448761070949945,1.77687935069864,1.88930980661998,1
14,"n1000-b1_1-b2_2p5-b3_2p5",1000,4,134,1,1,0,0.9162907,0.9162907,1.5,1.8,1,1.3,0.097,326,191,327,156,FALSE,NA,TRUE,NA,0.0523956632751176,0.0523956632751176,0.0523956632751176,0.0523956632751176,0.00274530553003951,-0.197651591318004,0.303473981763885,1,1.05436872282368,0.138078022823681,0.138078022823681,0.138078022823681,0.0190655403868971,0.839161567359217,1.27945546475169,1,0.613003104000699,-0.303287595999301,0.303287595999301,0.303287595999301,0.0919833658870351,0.31844106814514,0.906720417556184,0,1.34795851044284,-0.152041489557158,0.152041489557158,0.152041489557158,0.0231166145467594,1.24035142257291,1.51530378724308,1,1.73764913072151,-0.0623508692784853,0.0623508692784853,0.0623508692784853,0.00388763089978276,1.62168197671883,1.86979413756172,1
14,"n1000-b1_1-b2_2p5-b3_2p5",1000,5,135,1,1,0,0.9162907,0.9162907,1.5,1.8,1,1.3,0.09,336,178,317,169,FALSE,NA,TRUE,NA,-0.0556031024782218,-0.0556031024782218,0.0556031024782218,0.0556031024782218,0.00309170500520364,-0.29357746685159,0.182861677971859,1,0.790544771345352,-0.125745928654648,0.125745928654648,0.125745928654648,0.0158120385732199,0.584092822287332,1.00288983551545,1,0.967148451329699,0.0508577513296986,0.0508577513296986,0.0508577513296986,0.00258651087031346,0.676168021366114,1.25094553395468,1,1.45139654705048,-0.0486034529495167,0.0486034529495167,0.0486034529495167,0.00236229563861589,1.41750177862153,1.52256300924492,1,1.71211668143956,-0.0878833185604404,0.0878833185604404,0.0878833185604404,0.00772347768119585,1.67743385447518,1.82812556736659,1
14,"n1000-b1_1-b2_2p5-b3_2p5",1000,6,136,1,1,0,0.9162907,0.9162907,1.5,1.8,1,1.3,0.098,368,150,335,147,FALSE,NA,TRUE,NA,-0.0816109646119869,-0.0816109646119869,0.0816109646119869,0.0816109646119869,0.00666034954489898,-0.341630495457545,0.179803736666582,1,0.805316396663649,-0.110974303336351,0.110974303336351,0.110974303336351,0.0123152960009884,0.588442717604983,1.03084085042338,1,1.09097759448331,0.174686894483312,0.174686894483312,0.174686894483312,0.0305155111042238,0.780756819294638,1.39534116549111,1,1.52469700483367,0.0246970048336705,0.0246970048336705,0.0246970048336705,0.000609942047754346,1.44899346195264,1.66500870509944,1,1.82068924852442,0.0206892485244166,0.0206892485244166,0.0206892485244166,0.000428045004505073,1.76267051432083,1.93041257757354,1
14,"n1000-b1_1-b2_2p5-b3_2p5",1000,7,137,1,1,0,0.9162907,0.9162907,1.5,1.8,1,1.3,0.094,331,169,342,158,FALSE,NA,TRUE,NA,0.0682628275121347,0.0682628275121347,0.0682628275121347,0.0682628275121347,0.00465981361995145,-0.178675247758634,0.314633002363431,1,0.887624195942398,-0.0286665040576021,0.0286665040576021,0.0286665040576021,0.000821768454884516,0.677157213711968,1.10392683718187,1,0.918820179790742,0.00252947979074181,0.00252947979074181,0.00252947979074181,6.39826801177121e-06,0.623328357752428,1.2164264916401,1,1.53937181978835,0.0393718197883528,0.0393718197883528,0.0393718197883528,0.00155014019344653,1.46886219647974,1.62741304169008,1,1.83129349052421,0.0312934905242126,0.0312934905242126,0.0312934905242126,0.000979282549188984,1.77194424681847,1.90228893942883,1
14,"n1000-b1_1-b2_2p5-b3_2p5",1000,8,138,1,1,0,0.9162907,0.9162907,1.5,1.8,1,1.3,0.104,354,165,303,178,FALSE,NA,TRUE,NA,0.0321194459191298,0.0321194459191298,0.0321194459191298,0.0321194459191298,0.0010316588061519,-0.208538606626759,0.276188009283216,1,0.84813961365627,-0.0681510863437302,0.0681510863437302,0.0681510863437302,0.00464457056983057,0.635463624614191,1.05757150941559,1,0.896136800738985,-0.0201538992610153,0.0201538992610153,0.0201538992610153,0.000406179655423153,0.604320078307786,1.1873195120542,1,1.43461421771738,-0.0653857822826165,0.0653857822826165,0.0653857822826165,0.00427530052470972,1.39021381684546,1.51684139335777,1,1.80997561321991,0.00997561321990825,0.00997561321990825,0.00997561321990825,9.95128591132083e-05,1.73288825515037,1.90278943853063,1
14,"n1000-b1_1-b2_2p5-b3_2p5",1000,9,139,1,1,0,0.9162907,0.9162907,1.5,1.8,1,1.3,0.085,346,129,345,180,FALSE,NA,TRUE,NA,-0.230012267903381,-0.230012267903381,0.230012267903381,0.230012267903381,0.0529056433860567,-0.486816191408589,0.0269951602862246,1,0.827174034805596,-0.0891166651944036,0.0891166651944036,0.0891166651944036,0.00794178001537143,0.62600173625049,1.03297466010767,1,1.2081436544218,0.291852954421805,0.291852954421805,0.291852954421805,0.0851781470047361,0.90103487028202,1.512322861705,1,1.49161388939673,-0.00838611060326833,0.00838611060326833,0.00838611060326833,7.03268510502495e-05,1.4390929676964,1.55619685541656,1,1.82333191700763,0.0233319170076283,0.0233319170076283,0.0233319170076283,0.000544378351250853,1.72770915365819,1.97439736054798,1
14,"n1000-b1_1-b2_2p5-b3_2p5",1000,10,140,1,1,0,0.9162907,0.9162907,1.5,1.8,1,1.3,0.092,349,153,323,175,FALSE,NA,TRUE,NA,-0.014240019155316,-0.014240019155316,0.014240019155316,0.014240019155316,0.000202778145543765,-0.263083010103812,0.234961466795987,1,0.911554167519673,-0.00473653248032668,0.00473653248032668,0.00473653248032668,2.24347399371896e-05,0.704763920547723,1.12246389876785,1,0.875642216332811,-0.0406484836671893,0.0406484836671893,0.0406484836671893,0.00165229922444176,0.579235098921208,1.17151697143626,1,1.49413420357559,-0.00586579642440976,0.00586579642440976,0.00586579642440976,3.44075676926184e-05,1.45890059498579,1.52068765657744,1,1.75853750106688,-0.0414624989331189,0.0414624989331189,0.0414624989331189,0.00171913881777889,1.6918254716958,1.82044540754234,1
15,"n1000-b1_1-b2_2p5-b3_2p5",1000,1,141,1,1,0,0.9162907,0.9162907,1.5,1.8,1,1.3,0.122,333,166,347,154,FALSE,NA,TRUE,NA,-0.0419620392720994,-0.0419620392720994,0.0419620392720994,0.0419620392720994,0.00176081273987321,-0.303831201875163,0.220254588434492,1,0.882450466746982,-0.0338402332530181,0.0338402332530181,0.0338402332530181,0.00114516138661867,0.663235400191298,1.10928189464529,1,1.12086157592412,0.204570875924118,0.204570875924118,0.204570875924118,0.0418492432763609,0.807899948885114,1.43143093337377,1,1.49519942457612,-0.00480057542388446,0.00480057542388446,0.00480057542388446,2.30455244004034e-05,1.44723341861393,1.55715350951758,1,1.77033828223586,-0.0296617177641363,0.0296617177641363,0.0296617177641363,0.000879817500719278,1.73343849369831,1.81925081518394,1
15,"n1000-b1_1-b2_2p5-b3_2p5",1000,2,142,1,1,0,0.9162907,0.9162907,1.5,1.8,1,1.3,0.101,329,160,338,173,FALSE,NA,TRUE,NA,0.0228151406868006,0.0228151406868006,0.0228151406868006,0.0228151406868006,0.000520530644558504,-0.223310279818051,0.269042853979692,1,0.886818347403394,-0.0294723525966061,0.0294723525966061,0.0294723525966061,0.000868619567578673,0.681349399805889,1.09608389538523,1,0.865973983997223,-0.0503167160027769,0.0503167160027769,0.0503167160027769,0.0025317719093041,0.571102257343369,1.16365457706607,1,1.52395688072731,0.0239568807273138,0.0239568807273138,0.0239568807273138,0.000573932134182741,1.48486635575741,1.6184937875228,1,1.77861981105304,-0.0213801889469578,0.0213801889469578,0.0213801889469578,0.000457112479407617,1.73352831899786,1.85885320577319,1
15,"n1000-b1_1-b2_2p5-b3_2p5",1000,3,143,1,1,0,0.9162907,0.9162907,1.5,1.8,1,1.3,0.119,331,189,328,152,FALSE,NA,TRUE,NA,-0.0287100074387879,-0.0287100074387879,0.0287100074387879,0.0287100074387879,0.000824264527135254,-0.277309357676254,0.222900754060274,1,0.876087928223209,-0.040202771776791,0.040202771776791,0.040202771776791,0.00161626285853674,0.653012675455282,1.10442911836327,1,1.07801782034501,0.161727120345007,0.161727120345007,0.161727120345007,0.0261556614550885,0.778839016432054,1.37700038590663,1,1.50813199173314,0.00813199173314127,0.00813199173314127,0.00813199173314127,6.6129289547878e-05,1.40470027073251,1.55786458137476,1,1.78243090664501,-0.0175690933549935,0.0175690933549935,0.0175690933549935,0.000308673041316475,1.67527119321572,1.86400585715201,1
15,"n1000-b1_1-b2_2p5-b3_2p5",1000,4,144,1,1,0,0.9162907,0.9162907,1.5,1.8,1,1.3,0.086,316,162,349,173,FALSE,NA,TRUE,NA,0.0320183084094272,0.0320183084094272,0.0320183084094272,0.0320183084094272,0.0010251720734012,-0.206119801979594,0.273561010647131,1,0.651053137548606,-0.265237562451394,0.265237562451394,0.265237562451394,0.0703509645351574,0.448695238206224,0.858288650497041,0,1.00680992574107,0.090519225741075,0.090519225741075,0.090519225741075,0.00819373022876369,0.718476675144484,1.29289653598073,1,1.51255832248272,0.0125583224827162,0.0125583224827162,0.0125583224827162,0.000157711463579894,1.36584395603746,1.67542002984096,1,1.82158034456405,0.0215803445640474,0.0215803445640474,0.0215803445640474,0.000465711271503012,1.58443518029836,2.00461473248621,1
15,"n1000-b1_1-b2_2p5-b3_2p5",1000,5,145,1,1,0,0.9162907,0.9162907,1.5,1.8,1,1.3,0.088,331,162,346,161,FALSE,NA,TRUE,NA,-0.209289204773288,-0.209289204773288,0.209289204773288,0.209289204773288,0.0438019712346354,-0.454490872546623,0.0397156906616311,1,0.663838549767358,-0.252452150232642,0.252452150232642,0.252452150232642,0.0637320881570844,0.462221065127949,0.873958889849784,0,1.09737144320761,0.181080743207611,0.181080743207611,0.181080743207611,0.0327902355606208,0.803002270903192,1.3898396734438,1,1.47982189349398,-0.0201781065060178,0.0201781065060178,0.0201781065060178,0.000407155982168198,1.2838922301117,1.63311524820945,1,1.81169255658317,0.0116925565831734,0.0116925565831734,0.0116925565831734,0.000136715879450711,1.67950191477296,1.93432170176495,1
15,"n1000-b1_1-b2_2p5-b3_2p5",1000,6,146,1,1,0,0.9162907,0.9162907,1.5,1.8,1,1.3,0.08,360,175,330,135,FALSE,NA,TRUE,NA,-0.0367339401232479,-0.0367339401232479,0.0367339401232479,0.0367339401232479,0.00134938235697836,-0.288090774757866,0.220722388322716,1,0.90267252607991,-0.0136181739200901,0.0136181739200901,0.0136181739200901,0.000185454660917823,0.677154448663363,1.13072542387963,1,0.858565580548976,-0.0577251194510243,0.0577251194510243,0.0577251194510243,0.00333218941563503,0.560121536497828,1.15724154273176,1,1.48712801566003,-0.0128719843399676,0.0128719843399676,0.0128719843399676,0.000165687980848371,1.42933214408756,1.58326652946397,1,1.81357612338209,0.0135761233820944,0.0135761233820944,0.0135761233820944,0.000184311126085849,1.76320171073442,1.8737210044986,1
15,"n1000-b1_1-b2_2p5-b3_2p5",1000,7,147,1,1,0,0.9162907,0.9162907,1.5,1.8,1,1.3,0.097,348,184,302,166,FALSE,NA,TRUE,NA,0.0608713974767679,0.0608713974767679,0.0608713974767679,0.0608713974767679,0.00370532703077467,-0.179758810029075,0.304660125138224,1,0.788274159180617,-0.128016540819383,0.128016540819383,0.128016540819383,0.0163882347233608,0.577928507528895,1.00475800735347,1,0.97019050933105,0.05389980933105,0.05389980933105,0.05389980933105,0.00290518944592354,0.67919017890932,1.26161805529947,1,1.51642256743085,0.0164225674308536,0.0164225674308536,0.0164225674308536,0.000269700721020933,1.43195537314411,1.61484740188428,1,1.79095777233959,-0.0090422276604134,0.0090422276604134,0.0090422276604134,8.17618810627453e-05,1.72069783937398,1.86051668753822,1
15,"n1000-b1_1-b2_2p5-b3_2p5",1000,8,148,1,1,0,0.9162907,0.9162907,1.5,1.8,1,1.3,0.107,317,173,344,166,FALSE,NA,TRUE,NA,0.0357998704412535,0.0357998704412535,0.0357998704412535,0.0357998704412535,0.00128163072361053,-0.208488438374509,0.285139084021312,1,0.977573154078239,0.0612824540782386,0.0612824540782386,0.0612824540782386,0.00375553917785143,0.76265488549846,1.19574079253041,1,0.774952162455521,-0.141338537544479,0.141338537544479,0.141338537544479,0.019976582195212,0.479442362703196,1.07328708463534,1,1.49027998432073,-0.00972001567927494,0.00972001567927494,0.00972001567927494,9.44787048053507e-05,1.44668940947703,1.58270516334193,1,1.82168017858219,0.0216801785821943,0.0216801785821943,0.0216801785821943,0.000470030143355836,1.74818767932197,1.90917947598669,1
15,"n1000-b1_1-b2_2p5-b3_2p5",1000,9,149,1,1,0,0.9162907,0.9162907,1.5,1.8,1,1.3,0.088,339,148,352,161,FALSE,NA,TRUE,NA,-0.164635457189455,-0.164635457189455,0.164635457189455,0.164635457189455,0.0271048337639807,-0.42277509286651,0.0922517940905506,1,0.768439928461492,-0.147850771538508,0.147850771538508,0.147850771538508,0.0218598506445322,0.560578629574623,0.980692939219945,1,1.13164240590131,0.215351705901313,0.215351705901313,0.215351705901313,0.0463763572346055,0.826738520588149,1.43318394226305,1,1.50105009090356,0.00105009090356201,0.00105009090356201,0.00105009090356201,1.10269090574367e-06,1.43750212386362,1.56460667419711,1,1.79893597402551,-0.00106402597449451,0.00106402597449451,0.00106402597449451,1.13215127439899e-06,1.74367963054561,1.86389479653953,1
15,"n1000-b1_1-b2_2p5-b3_2p5",1000,10,150,1,1,0,0.9162907,0.9162907,1.5,1.8,1,1.3,0.115,308,191,336,165,FALSE,NA,TRUE,NA,0.0527962386780081,0.0527962386780081,0.0527962386780081,0.0527962386780081,0.0027874428185452,-0.197005234809547,0.30401866067262,1,1.12381043423002,0.207519734230021,0.207519734230021,0.207519734230021,0.0430644400948987,0.904180817540203,1.34861934829115,1,0.718403519226706,-0.197887180773294,0.197887180773294,0.197887180773294,0.0391593363144025,0.419531943638528,1.01868716500033,1,1.48341841124816,-0.0165815887518355,0.0165815887518355,0.0165815887518355,0.000274949085534996,1.43710060668916,1.55610092993229,1,1.7848242447745,-0.0151757552255027,0.0151757552255027,0.0151757552255027,0.000230303546664374,1.7227199692318,1.84431065609795,1
16,"n1000-b1_1-b2_2p5-b3_2p5",1000,1,151,1,1,0,0.9162907,0.9162907,1.5,1.8,1,1.3,0.091,332,193,319,156,FALSE,NA,TRUE,NA,-0.10001438911417,-0.10001438911417,0.10001438911417,0.10001438911417,0.0100028780298806,-0.339980195944404,0.142777840656848,1,0.836926601830154,-0.0793640981698461,0.0793640981698461,0.0793640981698461,0.00629866007831297,0.62274957009122,1.05443852846516,1,1.03297479220796,0.116684092207958,0.116684092207958,0.116684092207958,0.0136151773743953,0.738654867390468,1.32589410499469,1,1.57793620284989,0.077936202849888,0.077936202849888,0.077936202849888,0.00607405171465889,1.47821222479246,1.72255317789309,1,1.86043856867401,0.0604385686740085,0.0604385686740085,0.0604385686740085,0.00365282058336285,1.75609520627902,2.03294117918429,1
16,"n1000-b1_1-b2_2p5-b3_2p5",1000,2,152,1,1,0,0.9162907,0.9162907,1.5,1.8,1,1.3,0.09,345,153,324,178,FALSE,NA,TRUE,NA,-0.0536411395857889,-0.0536411395857889,0.0536411395857889,0.0536411395857889,0.00287737185606209,-0.300393605621936,0.191927541436703,1,0.897691941174832,-0.0185987588251683,0.0185987588251683,0.0185987588251683,0.000345913829836774,0.689083229969319,1.10812500730411,1,0.980998869185245,0.0647081691852455,0.0647081691852455,0.0647081691852455,0.00418714715930635,0.692120673891409,1.28235140831588,1,1.47843323443416,-0.0215667655658416,0.0215667655658416,0.0215667655658416,0.00046512537697197,1.36121431400122,1.57602294263856,1,1.83117079684825,0.0311707968482526,0.0311707968482526,0.0311707968482526,0.000971618576155036,1.72856785459917,1.9774397402829,1
16,"n1000-b1_1-b2_2p5-b3_2p5",1000,3,153,1,1,0,0.9162907,0.9162907,1.5,1.8,1,1.3,0.096,351,160,323,166,FALSE,NA,TRUE,NA,0.12894375936527,0.12894375936527,0.12894375936527,0.12894375936527,0.0166264930792486,-0.120878864976219,0.378732604333901,1,0.885056148852482,-0.0312345511475179,0.0312345511475179,0.0312345511475179,0.000975597185386914,0.671060493994103,1.10264032431953,1,0.888507126335218,-0.0277835736647821,0.0277835736647821,0.0277835736647821,0.000771926965586375,0.592482232912212,1.18600099759808,1,1.49629527389536,-0.00370472610463524,0.00370472610463524,0.00370472610463524,1.37249955103658e-05,1.37782492144458,1.5518155875849,1,1.79175062788368,-0.00824937211631949,0.00824937211631949,0.00824937211631949,6.80521403135094e-05,1.68403100605994,1.87851003815442,1
16,"n1000-b1_1-b2_2p5-b3_2p5",1000,4,154,1,1,0,0.9162907,0.9162907,1.5,1.8,1,1.3,0.103,339,171,318,172,FALSE,NA,TRUE,NA,0.0877225068002199,0.0877225068002199,0.0877225068002199,0.0877225068002199,0.00769523819931462,-0.159586833206665,0.339075521228811,1,0.92989695638428,0.0136062563842804,0.0136062563842804,0.0136062563842804,0.00018513021279477,0.71659791955734,1.15065613794023,1,0.909124179536766,-0.00716652046323363,0.00716652046323363,0.00716652046323363,5.13590155499463e-05,0.612110024105122,1.2087838137066,1,1.52235040221322,0.0223504022132204,0.0223504022132204,0.0223504022132204,0.000499540479092726,1.45074410364842,1.66400733391659,1,1.76464881102118,-0.0353511889788194,0.0353511889788194,0.0353511889788194,0.0012497065622162,1.6353777000112,1.87122680547498,1
16,"n1000-b1_1-b2_2p5-b3_2p5",1000,5,155,1,1,0,0.9162907,0.9162907,1.5,1.8,1,1.3,0.103,345,162,337,156,FALSE,NA,TRUE,NA,-0.0813944671189844,-0.0813944671189844,0.0813944671189844,0.0813944671189844,0.00662505927758344,-0.342876883793323,0.180028305195896,1,1.03797622363749,0.121685523637486,0.121685523637486,0.121685523637486,0.0148073666629292,0.818016335017812,1.26209282349066,1,0.942669091027787,0.0263783910277874,0.0263783910277874,0.0263783910277874,0.000695819513214854,0.628638823779328,1.24699993132278,1,1.48519554940871,-0.0148044505912921,0.0148044505912921,0.0148044505912921,0.000219171757310009,1.36030283019068,1.58392672371239,1,1.74705548163549,-0.0529445183645076,0.0529445183645076,0.0529445183645076,0.00280312202484969,1.66498973304194,1.8361977596074,1
16,"n1000-b1_1-b2_2p5-b3_2p5",1000,6,156,1,1,0,0.9162907,0.9162907,1.5,1.8,1,1.3,0.1,321,158,341,180,FALSE,NA,TRUE,NA,-0.157392694039651,-0.157392694039651,0.157392694039651,0.157392694039651,0.0247724601370592,-0.401997831686717,0.0893241190043094,1,0.758837311342495,-0.157453388657505,0.157453388657505,0.157453388657505,0.0247915695997313,0.556893299560438,0.962719801770426,1,1.07648460753518,0.16019390753518,0.16019390753518,0.16019390753518,0.0256620880113897,0.778358516766059,1.36865459132303,1,1.47072768447593,-0.029272315524066,0.029272315524066,0.029272315524066,0.000856868456140472,1.41044326977303,1.52828939699194,1,1.78833222220791,-0.0116677777920906,0.0116677777920906,0.0116677777920906,0.000136137038605603,1.74619966507491,1.84607391492265,1
16,"n1000-b1_1-b2_2p5-b3_2p5",1000,7,157,1,1,0,0.9162907,0.9162907,1.5,1.8,1,1.3,0.105,335,174,315,176,FALSE,NA,TRUE,NA,-0.0463060929057159,-0.0463060929057159,0.0463060929057159,0.0463060929057159,0.00214425424019279,-0.298489505243115,0.199370327050942,1,1.02703896415147,0.11074826415147,0.11074826415147,0.11074826415147,0.0122651780125638,0.815511244348173,1.24094621394363,1,0.917434633043177,0.00114393304317684,0.00114393304317684,0.00114393304317684,1.30858280727182e-06,0.622063189974511,1.21437577661711,1,1.43463500118468,-0.0653649988153178,0.0653649988153178,0.0653649988153178,0.00427258307012649,1.39935286681508,1.50813513806924,1,1.81432334188869,0.0143233418886899,0.0143233418886899,0.0143233418886899,0.000205158122860298,1.77801398441738,1.87077844456845,1
16,"n1000-b1_1-b2_2p5-b3_2p5",1000,8,158,1,1,0,0.9162907,0.9162907,1.5,1.8,1,1.3,0.095,355,170,323,152,FALSE,NA,TRUE,NA,-0.00909047615444598,-0.00909047615444598,0.00909047615444598,0.00909047615444598,8.2636756714551e-05,-0.257092166884419,0.238125349355796,1,0.82481543235122,-0.0914752676487796,0.0914752676487796,0.0914752676487796,0.00836772459141586,0.614537554295024,1.03843128843104,1,0.987400951088508,0.071110251088508,0.071110251088508,0.071110251088508,0.00505666780987065,0.693890101686171,1.28274478849226,1,1.52890049437695,0.0289004943769455,0.0289004943769455,0.0289004943769455,0.00083523857523186,1.46584315904938,1.61974660612292,1,1.84269225661753,0.042692256617531,0.042692256617531,0.042692256617531,0.00182262877509712,1.7782820765016,1.93370002083422,1
16,"n1000-b1_1-b2_2p5-b3_2p5",1000,9,159,1,1,0,0.9162907,0.9162907,1.5,1.8,1,1.3,0.083,337,157,325,181,FALSE,NA,TRUE,NA,-0.105846020545321,-0.105846020545321,0.105846020545321,0.105846020545321,0.0112033800652805,-0.348531781820088,0.137714942338196,1,0.848771861339993,-0.0675188386600066,0.0675188386600066,0.0675188386600066,0.00455879357399601,0.650883473803769,1.0498457405123,1,1.04716128965933,0.130870589659328,0.130870589659328,0.130870589659328,0.0171271112377803,0.754259365913167,1.34106737419431,1,1.51807411797116,0.0180741179711625,0.0180741179711625,0.0180741179711625,0.000326673740435501,1.40431520253922,1.62738397177108,1,1.76678262194549,-0.0332173780545086,0.0332173780545086,0.0332173780545086,0.00110339420481615,1.58311784490736,1.89809660526998,1
16,"n1000-b1_1-b2_2p5-b3_2p5",1000,10,160,1,1,0,0.9162907,0.9162907,1.5,1.8,1,1.3,0.088,342,160,347,151,FALSE,NA,TRUE,NA,-0.350526867659561,-0.350526867659561,0.350526867659561,0.350526867659561,0.122869084951223,-0.604743633861149,-0.089053912687566,0,0.746121411804375,-0.170169288195625,0.170169288195625,0.170169288195625,0.0289575866450058,0.534926746637362,0.963461060397556,1,1.32213476414755,0.405844064147548,0.405844064147548,0.405844064147548,0.164709404403799,1.0136643588972,1.62656327426288,0,1.51603981678985,0.0160398167898455,0.0160398167898455,0.0160398167898455,0.000257275722651808,1.46365649276321,1.62070285801301,1,1.76617862833554,-0.0338213716644595,0.0338213716644595,0.0338213716644595,0.00114388518126551,1.71386586045513,1.89579891721656,1
17,"n1000-b1_1-b2_2p5-b3_2p5",1000,1,161,1,1,0,0.9162907,0.9162907,1.5,1.8,1,1.3,0.098,338,166,336,160,FALSE,NA,TRUE,NA,-0.0907904315889729,-0.0907904315889729,0.0907904315889729,0.0907904315889729,0.00824290246811197,-0.342934680820588,0.166170000636716,1,1.04792517899476,0.131634478994758,0.131634478994758,0.131634478994758,0.0173276360602214,0.825173516296439,1.27652401133787,1,0.911066342723406,-0.00522435727659387,0.00522435727659387,0.00522435727659387,2.72939089534993e-05,0.6075678286907,1.21061706621601,1,1.46995769376252,-0.0300423062374819,0.0300423062374819,0.0300423062374819,0.000902540164066646,1.36979815453949,1.53602753934293,1,1.77132646801085,-0.0286735319891536,0.0286735319891536,0.0286735319891536,0.000822171436733013,1.68996152875131,1.82170181757543,1
17,"n1000-b1_1-b2_2p5-b3_2p5",1000,2,162,1,1,0,0.9162907,0.9162907,1.5,1.8,1,1.3,0.103,303,172,362,163,FALSE,NA,TRUE,NA,-0.155657296484591,-0.155657296484591,0.155657296484591,0.155657296484591,0.0242291939488919,-0.407447479271795,0.0950422026522962,1,0.882492847482227,-0.0337978525177733,0.0337978525177733,0.0337978525177733,0.00114229483481316,0.673679840188144,1.09720644603325,1,1.25490541766009,0.338614717660094,0.338614717660094,0.338614717660094,0.114659927016025,0.954708879480343,1.55431814172705,0,1.44775112785789,-0.0522488721421088,0.0522488721421088,0.0522488721421088,0.00272994464012244,1.35330110849023,1.62650807394866,1,1.79476906994863,-0.00523093005137132,0.00523093005137132,0.00523093005137132,2.73626292023395e-05,1.7253205573492,1.91621356621225,1
17,"n1000-b1_1-b2_2p5-b3_2p5",1000,3,163,1,1,0,0.9162907,0.9162907,1.5,1.8,1,1.3,0.093,362,164,316,158,FALSE,NA,TRUE,NA,0.112970717693117,0.112970717693117,0.112970717693117,0.112970717693117,0.012762383056098,-0.13889293116403,0.366462894728309,1,0.952116860554848,0.0358261605548482,0.0358261605548482,0.0358261605548482,0.00128351378010176,0.735171906266635,1.17534261971529,1,0.798872505534979,-0.117418194465021,0.117418194465021,0.117418194465021,0.0137870323914255,0.49874029223459,1.09859755096755,1,1.49946266370289,-0.000537336297110169,0.000537336297110169,0.000537336297110169,2.88730296192068e-07,1.47278206922383,1.54432280765891,1,1.79023061770019,-0.00976938229981172,0.00976938229981172,0.00976938229981172,9.54408305198746e-05,1.66233477059938,1.88024647322059,1
17,"n1000-b1_1-b2_2p5-b3_2p5",1000,4,164,1,1,0,0.9162907,0.9162907,1.5,1.8,1,1.3,0.094,340,175,329,156,FALSE,NA,TRUE,NA,-0.0125214750002328,-0.0125214750002328,0.0125214750002328,0.0125214750002328,0.000156787336181456,-0.252491139225562,0.229913094946011,1,0.890661613284326,-0.0256290867156742,0.0256290867156742,0.0256290867156742,0.000656850085879548,0.674374356376482,1.10580194082916,1,0.953653961855504,0.0373632618555041,0.0373632618555041,0.0373632618555041,0.00139601333648297,0.66347951117031,1.24909203151059,1,1.5213432721246,0.0213432721245985,0.0213432721245985,0.0213432721245985,0.000455535264984664,1.4744502887572,1.58417346469646,1,1.85837433887719,0.0583743388771865,0.0583743388771865,0.0583743388771865,0.0034075634393486,1.79957749192261,1.92651877000592,1
17,"n1000-b1_1-b2_2p5-b3_2p5",1000,5,165,1,1,0,0.9162907,0.9162907,1.5,1.8,1,1.3,0.097,324,195,326,155,FALSE,NA,TRUE,NA,-0.0151259583199961,-0.0151259583199961,0.0151259583199961,0.0151259583199961,0.000228794615098259,-0.258591173262164,0.228044128059579,1,0.987268617008276,0.0709779170082762,0.0709779170082762,0.0709779170082762,0.00503786470283374,0.770887130012183,1.21278728960876,1,0.852743785109124,-0.0635469148908757,0.0635469148908757,0.0635469148908757,0.0040382103921482,0.561027116048658,1.14310127723467,1,1.51167593435378,0.0116759343537798,0.0116759343537798,0.0116759343537798,0.000136327443033775,1.44699220204624,1.58520229645735,1,1.82793778593927,0.02793778593927,0.02793778593927,0.02793778593927,0.000780519883188472,1.75672407822662,1.90411207265972,1
17,"n1000-b1_1-b2_2p5-b3_2p5",1000,6,166,1,1,0,0.9162907,0.9162907,1.5,1.8,1,1.3,0.097,303,166,346,185,FALSE,NA,TRUE,NA,0.00229512787625621,0.00229512787625621,0.00229512787625621,0.00229512787625621,5.26761196836835e-06,-0.245464453645518,0.242329601009066,1,1.0486328463867,0.132342146386703,0.132342146386703,0.132342146386703,0.0175144437102395,0.845315303545945,1.25509047504456,1,0.791535685303663,-0.124755014696337,0.124755014696337,0.124755014696337,0.0155638136918833,0.502319836163418,1.08385812041005,1,1.53110863056899,0.0311086305689923,0.0311086305689923,0.0311086305689923,0.00096774689587804,1.48427194633246,1.59111538454048,1,1.80657694636557,0.00657694636556627,0.00657694636556627,0.00657694636556627,4.32562234955354e-05,1.74539584416849,1.91487742870089,1
17,"n1000-b1_1-b2_2p5-b3_2p5",1000,7,167,1,1,0,0.9162907,0.9162907,1.5,1.8,1,1.3,0.097,349,163,322,166,FALSE,NA,TRUE,NA,0.00580240381486074,0.00580240381486074,0.00580240381486074,0.00580240381486074,3.36678900307105e-05,-0.238480976054575,0.252764216698983,1,0.80248518050596,-0.11380551949404,0.11380551949404,0.11380551949404,0.0129516962673084,0.589612290574335,1.01630896481035,1,0.992098318568685,0.0758076185686851,0.0758076185686851,0.0758076185686851,0.00574679503305525,0.694139929650728,1.28738745843886,1,1.47449487166403,-0.0255051283359657,0.0255051283359657,0.0255051283359657,0.000650511571434083,1.32398447877193,1.54491988307389,1,1.79549475050484,-0.00450524949516407,0.00450524949516407,0.00450524949516407,2.02972730136761e-05,1.67812438653208,1.88031259626104,1
17,"n1000-b1_1-b2_2p5-b3_2p5",1000,8,168,1,1,0,0.9162907,0.9162907,1.5,1.8,1,1.3,0.115,335,174,333,158,FALSE,NA,TRUE,NA,-0.0450150139501356,-0.0450150139501356,0.0450150139501356,0.0450150139501356,0.00202635148093091,-0.29283176630662,0.201885005266857,1,0.887526347248163,-0.0287643527518366,0.0287643527518366,0.0287643527518366,0.000827387989232092,0.67270269518632,1.10957469674537,1,0.874573029238642,-0.041717670761358,0.041717670761358,0.041717670761358,0.00174036405375307,0.574384358495229,1.1732920099692,1,1.49872823595937,-0.00127176404062546,0.00127176404062546,0.00127176404062546,1.61738377502799e-06,1.45993123850134,1.54960287252079,1,1.81808807251136,0.0180880725113552,0.0180880725113552,0.0180880725113552,0.000327178367176045,1.73246199403678,1.9000584824488,1
17,"n1000-b1_1-b2_2p5-b3_2p5",1000,9,169,1,1,0,0.9162907,0.9162907,1.5,1.8,1,1.3,0.089,334,151,343,172,FALSE,NA,TRUE,NA,0.208335108538863,0.208335108538863,0.208335108538863,0.208335108538863,0.0434035174498997,-0.0358761235557138,0.452452198236408,1,0.918437509794036,0.00214680979403625,0.00214680979403625,0.00214680979403625,4.60879229176998e-06,0.713368967653122,1.12523409068497,1,0.747852365143688,-0.168438334856312,0.168438334856312,0.168438334856312,0.0283714726491672,0.45484754236718,1.03622777936945,1,1.54072902388947,0.0407290238894746,0.0407290238894746,0.0407290238894746,0.0016588533869894,1.4284800195253,1.66312558351055,1,1.80571894876044,0.0057189487604421,0.0057189487604421,0.0057189487604421,3.27063749245622e-05,1.68410457415388,1.88934740232562,1
17,"n1000-b1_1-b2_2p5-b3_2p5",1000,10,170,1,1,0,0.9162907,0.9162907,1.5,1.8,1,1.3,0.113,349,182,308,161,FALSE,NA,TRUE,NA,0.113457613614214,0.113457613614214,0.113457613614214,0.113457613614214,0.0128726300870324,-0.136272745897718,0.365675252401977,1,0.959085795586781,0.0427950955867809,0.0427950955867809,0.0427950955867809,0.00183142020628171,0.740570292092199,1.18526645542629,1,0.808754591632253,-0.107536108367747,0.107536108367747,0.107536108367747,0.0115640146028799,0.502974356660602,1.11046462713412,1,1.45036735401555,-0.0496326459844498,0.0496326459844498,0.0496326459844498,0.00246339954741772,1.36319834362879,1.50968449566799,1,1.77129318419085,-0.0287068158091528,0.0287068158091528,0.0287068158091528,0.000824081273900625,1.52447091872492,1.87337484850463,1
18,"n1000-b1_1-b2_2p5-b3_2p5",1000,1,171,1,1,0,0.9162907,0.9162907,1.5,1.8,1,1.3,0.113,333,174,337,156,FALSE,NA,TRUE,NA,-0.154036984568412,-0.154036984568412,0.154036984568412,0.154036984568412,0.0237273926149291,-0.401676123230506,0.0925627154159131,1,0.812056584465378,-0.104234115534622,0.104234115534622,0.104234115534622,0.0108647508412848,0.595835177348543,1.029619215106,1,1.08160699552132,0.165316295521319,0.165316295521319,0.165316295521319,0.0273294775648919,0.785987707305513,1.37628398687315,1,1.54782899692022,0.0478289969202237,0.0478289969202237,0.0478289969202237,0.00228761294639477,1.47886863421726,1.65182989836571,1,1.82246253017565,0.022462530175652,0.022462530175652,0.022462530175652,0.000504565261892078,1.75664848911699,1.92524688679033,1
18,"n1000-b1_1-b2_2p5-b3_2p5",1000,2,172,1,1,0,0.9162907,0.9162907,1.5,1.8,1,1.3,0.111,308,174,350,168,FALSE,NA,TRUE,NA,-0.280777939413177,-0.280777939413177,0.280777939413177,0.280777939413177,0.0788362512611098,-0.52984417871542,-0.0319392862989342,0,0.710709261168262,-0.205581438831738,0.205581438831738,0.205581438831738,0.0422637279921278,0.5028454977222,0.921611395325044,1,1.23738514580068,0.32109444580068,0.32109444580068,0.32109444580068,0.103101643124046,0.932711988151544,1.53837697019506,0,1.45404643455707,-0.0459535654429293,0.0459535654429293,0.0459535654429293,0.00211173017691758,1.39024117011949,1.55686360706889,1,1.75857995021923,-0.0414200497807695,0.0414200497807695,0.0414200497807695,0.00171562052384143,1.68363734643718,1.85258830748023,1
18,"n1000-b1_1-b2_2p5-b3_2p5",1000,3,173,1,1,0,0.9162907,0.9162907,1.5,1.8,1,1.3,0.096,332,158,344,166,FALSE,NA,TRUE,NA,-0.221419433209481,-0.221419433209481,0.221419433209481,0.221419433209481,0.0490265654028078,-0.472462234445909,0.030284277965253,1,0.833120598739285,-0.0831701012607154,0.0831701012607154,0.0831701012607154,0.00691726574371766,0.625659531650994,1.04292411402166,1,1.22973664717035,0.313445947170347,0.313445947170347,0.313445947170347,0.0982483617975163,0.930279242943379,1.52802930116796,0,1.44914958657789,-0.0508504134221126,0.0508504134221126,0.0508504134221126,0.00258576454519977,1.40661274708973,1.50835283457081,1,1.87646583721008,0.0764658372100844,0.0764658372100844,0.0764658372100844,0.00584702426023912,1.78201818992938,1.98368768449428,1
18,"n1000-b1_1-b2_2p5-b3_2p5",1000,4,174,1,1,0,0.9162907,0.9162907,1.5,1.8,1,1.3,0.098,353,132,346,169,FALSE,NA,TRUE,NA,-0.0843792367780007,-0.0843792367780007,0.0843792367780007,0.0843792367780007,0.0071198555992379,-0.349478677190355,0.176560650348781,1,0.932512135973615,0.0162214359736154,0.0162214359736154,0.0162214359736154,0.000263134985046103,0.71601040986703,1.14869028123977,1,0.995676450883197,0.0793857508831971,0.0793857508831971,0.0793857508831971,0.00630209744328903,0.687959760757345,1.30736550782923,1,1.44672170094367,-0.0532782990563303,0.0532782990563303,0.0532782990563303,0.00283857715033577,1.33458468014274,1.56340765398123,1,1.73019258832114,-0.0698074116788647,0.0698074116788647,0.0698074116788647,0.0048730747253025,1.62099820235126,1.85083127639698,1
18,"n1000-b1_1-b2_2p5-b3_2p5",1000,5,175,1,1,0,0.9162907,0.9162907,1.5,1.8,1,1.3,0.092,323,162,352,163,FALSE,NA,TRUE,NA,-0.10234778485067,-0.10234778485067,0.10234778485067,0.10234778485067,0.010475069063839,-0.347326320555172,0.145870662801807,1,0.7865570714414,-0.1297336285586,0.1297336285586,0.1297336285586,0.0168308143789807,0.57944641543249,0.997369232094956,1,1.05200697200094,0.13571627200094,0.13571627200094,0.13571627200094,0.0184189064858331,0.756597265501328,1.34742607564905,1,1.45143463672953,-0.0485653632704726,0.0485653632704726,0.0485653632704726,0.00235859450959297,1.38979884019736,1.61416845544479,1,1.76073379903504,-0.0392662009649567,0.0392662009649567,0.0392662009649567,0.00154183453822037,1.70111126951317,1.89356728499073,1
18,"n1000-b1_1-b2_2p5-b3_2p5",1000,6,176,1,1,0,0.9162907,0.9162907,1.5,1.8,1,1.3,0.084,355,137,346,162,FALSE,NA,TRUE,NA,-0.10620213944654,-0.10620213944654,0.10620213944654,0.10620213944654,0.0112788944230222,-0.36494968541023,0.153546244464541,1,0.888162725494144,-0.0281279745058564,0.0281279745058564,0.0281279745058564,0.000791182949802105,0.68370539135759,1.09768550635335,1,0.994118922289505,0.0778282222895051,0.0778282222895051,0.0778282222895051,0.00605723218474463,0.689090469617918,1.29474735526558,1,1.41801820633131,-0.0819817936686864,0.0819817936686864,0.0819817936686864,0.00672101449313507,1.34649016145483,1.53283580182478,1,1.73816671569504,-0.06183328430496,0.06183328430496,0.06183328430496,0.00382335504793802,1.64305961105585,1.90307992505669,1
18,"n1000-b1_1-b2_2p5-b3_2p5",1000,7,177,1,1,0,0.9162907,0.9162907,1.5,1.8,1,1.3,0.099,356,158,301,185,FALSE,NA,TRUE,NA,-0.168429187499656,-0.168429187499656,0.168429187499656,0.168429187499656,0.0283683912017942,-0.413576337992446,0.0768345966575813,1,0.848734143902111,-0.0675565560978889,0.0675565560978889,0.0675565560978889,0.00456388827180721,0.64534097226173,1.055961449034,1,1.03978363825844,0.123492938258439,0.123492938258439,0.123492938258439,0.0152505057997026,0.74691349423824,1.33503317118978,1,1.5298282872134,0.0298282872134012,0.0298282872134012,0.0298282872134012,0.000889726718085157,1.47498182284643,1.66421129915223,1,1.81777830401285,0.0177783040128459,0.0177783040128459,0.0177783040128459,0.000316068093573171,1.77681273601822,1.88688714107521,1
18,"n1000-b1_1-b2_2p5-b3_2p5",1000,8,178,1,1,0,0.9162907,0.9162907,1.5,1.8,1,1.3,0.089,310,193,330,167,FALSE,NA,TRUE,NA,0.0461860847023895,0.0461860847023895,0.0461860847023895,0.0461860847023895,0.0021331544201363,-0.190215932436211,0.28003246282906,1,0.931682924662923,0.0153922246629231,0.0153922246629231,0.0153922246629231,0.000236920580073899,0.724517547375526,1.14538966510627,1,0.699347250234728,-0.216943449765272,0.216943449765272,0.216943449765272,0.0470644603960573,0.412056439956653,0.981957612227132,1,1.50378452222715,0.00378452222714754,0.00378452222714754,0.00378452222714754,1.43226084877737e-05,1.39599450982004,1.60844562550201,1,1.82866608816535,0.0286660881653515,0.0286660881653515,0.0286660881653515,0.000821744610703708,1.74233516756666,1.98007558151009,1
18,"n1000-b1_1-b2_2p5-b3_2p5",1000,9,179,1,1,0,0.9162907,0.9162907,1.5,1.8,1,1.3,0.094,326,164,337,173,FALSE,NA,TRUE,NA,-0.266711189124285,-0.266711189124285,0.266711189124285,0.266711189124285,0.0711348584040903,-0.510612385349521,-0.0235999998023682,0,0.694102569730673,-0.222188130269327,0.222188130269327,0.222188130269327,0.0493675652325796,0.493544188439111,0.899099929260548,0,1.14950443802727,0.233213738027271,0.233213738027271,0.233213738027271,0.0543886476046526,0.858329540238971,1.44166353318582,1,1.51306407581838,0.0130640758183806,0.0130640758183806,0.0130640758183806,0.000170670076988398,1.47670611882989,1.55575042419466,1,1.82784750325136,0.0278475032513608,0.0278475032513608,0.0278475032513608,0.000775483437334548,1.7693266819987,1.88844923848089,1
18,"n1000-b1_1-b2_2p5-b3_2p5",1000,10,180,1,1,0,0.9162907,0.9162907,1.5,1.8,1,1.3,0.103,313,165,342,180,FALSE,NA,TRUE,NA,0.0369053995160128,0.0369053995160128,0.0369053995160128,0.0369053995160128,0.00136200851343652,-0.202688512451821,0.281338249400136,1,0.945156937817743,0.0288662378177434,0.0288662378177434,0.0288662378177434,0.000833259685750522,0.739740434836057,1.1533112504109,1,1.01518832337242,0.0988976233724221,0.0988976233724221,0.0988976233724221,0.00978073990871346,0.721016632940506,1.30845175401334,1,1.54005727147828,0.0400572714782792,0.0400572714782792,0.0400572714782792,0.00160458499828456,1.47401912255047,1.59946519315673,1,1.85498549116345,0.0549854911634517,0.0549854911634517,0.0549854911634517,0.00302340423848603,1.80065199885916,1.925158642019,0
19,"n1000-b1_1-b2_2p5-b3_2p5",1000,1,181,1,1,0,0.9162907,0.9162907,1.5,1.8,1,1.3,0.094,319,144,359,178,FALSE,NA,TRUE,NA,-0.114566986511337,-0.114566986511337,0.114566986511337,0.114566986511337,0.013125594398289,-0.370673836817848,0.139940370499505,1,0.868761031552519,-0.0475296684474814,0.0475296684474814,0.0475296684474814,0.00225906938272751,0.662872174792242,1.07410392287534,1,1.00929208942431,0.0930013894243131,0.0930013894243131,0.0930013894243131,0.00864925843485274,0.706765702492515,1.31145943538948,1,1.47183705776795,-0.0281629422320535,0.0281629422320535,0.0281629422320535,0.000793151315165983,1.41515161775328,1.54224735870327,1,1.7380573687649,-0.061942631235103,0.061942631235103,0.061942631235103,0.00383688956432796,1.66440026493873,1.82275407562819,1
19,"n1000-b1_1-b2_2p5-b3_2p5",1000,2,182,1,1,0,0.9162907,0.9162907,1.5,1.8,1,1.3,0.104,348,171,321,160,FALSE,NA,TRUE,NA,0.161354139593817,0.161354139593817,0.161354139593817,0.161354139593817,0.026035158364061,-0.0868288979525786,0.408051536089844,1,0.975976142071569,0.059685442071569,0.059685442071569,0.059685442071569,0.00356235199527862,0.761253509502027,1.19800900469116,1,0.815915613280971,-0.100375086719029,0.100375086719029,0.100375086719029,0.0100751580338526,0.522007375951014,1.11007995598184,1,1.51722287723863,0.0172228772386318,0.0172228772386318,0.0172228772386318,0.000296627500376982,1.4484750828589,1.59291547142902,1,1.82069561713965,0.0206956171396491,0.0206956171396491,0.0206956171396491,0.000428308568790936,1.78493425657359,1.89429524780625,1
19,"n1000-b1_1-b2_2p5-b3_2p5",1000,3,183,1,1,0,0.9162907,0.9162907,1.5,1.8,1,1.3,0.104,330,163,335,172,FALSE,NA,TRUE,NA,-0.132606092987451,-0.132606092987451,0.132606092987451,0.132606092987451,0.0175843758973965,-0.383364333590419,0.115682688059898,1,0.759448113697754,-0.156842586302246,0.156842586302246,0.156842586302246,0.0245995968779776,0.554665756208099,0.966954070012096,1,1.04174288026001,0.125452180260007,0.125452180260007,0.125452180260007,0.0157382495319894,0.746909331987719,1.34293311180638,1,1.55457521089047,0.0545752108904694,0.0545752108904694,0.0545752108904694,0.0029784536437392,1.4536171422405,1.69145523739888,1,1.67919863587945,-0.12080136412055,0.12080136412055,0.12080136412055,0.0145929695733858,1.63447290629073,1.82187226818994,1
19,"n1000-b1_1-b2_2p5-b3_2p5",1000,4,184,1,1,0,0.9162907,0.9162907,1.5,1.8,1,1.3,0.102,314,159,353,174,FALSE,NA,TRUE,NA,-0.0817784571060465,-0.0817784571060465,0.0817784571060465,0.0817784571060465,0.00668771604664549,-0.333562993280783,0.168084849360693,1,0.979274326313379,0.0629836263133787,0.0629836263133787,0.0629836263133787,0.00396693718358333,0.768791169076477,1.19337806785636,1,0.855284092993567,-0.0610066070064331,0.0610066070064331,0.0610066070064331,0.00372180609843737,0.558678756403236,1.15420695398331,1,1.47684444475723,-0.0231555552427669,0.0231555552427669,0.0231555552427669,0.00053617973860083,1.44831111374782,1.53214017229136,1,1.70158345109522,-0.0984165489047777,0.0984165489047777,0.0984165489047777,0.0096858170983265,1.66251308992234,1.78261961189754,0
19,"n1000-b1_1-b2_2p5-b3_2p5",1000,5,185,1,1,0,0.9162907,0.9162907,1.5,1.8,1,1.3,0.107,353,162,320,165,FALSE,NA,TRUE,NA,-0.018374678269289,-0.018374678269289,0.018374678269289,0.018374678269289,0.000337628801499882,-0.268568155335518,0.234051641146034,1,0.864869095831679,-0.0514216041683206,0.0514216041683206,0.0514216041683206,0.00264418137524345,0.648610604636642,1.08192452440942,1,1.03384442990871,0.117553729908715,0.117553729908715,0.117553729908715,0.0138188794154511,0.733468567073184,1.33042050266902,1,1.51723453798054,0.0172345379805428,0.0172345379805428,0.0172345379805428,0.000297029299402771,1.49462706511077,1.53761933832388,1,1.79339500106469,-0.00660499893530853,0.00660499893530853,0.00660499893530853,4.36260109354268e-05,1.77237480467457,1.82817507312231,1
19,"n1000-b1_1-b2_2p5-b3_2p5",1000,6,186,1,1,0,0.9162907,0.9162907,1.5,1.8,1,1.3,0.113,304,169,330,197,FALSE,NA,TRUE,NA,0.323094552968144,0.323094552968144,0.323094552968144,0.323094552968144,0.104390090157685,0.0812509861538199,0.559914943032305,0,1.14068475189668,0.224394051896681,0.224394051896681,0.224394051896681,0.0503526905266103,0.932573749782442,1.35734056774629,0,0.611608692162698,-0.304682007837302,0.304682007837302,0.304682007837302,0.0928311258997698,0.324828767364751,0.900083313221361,0,1.43357516012853,-0.06642483987147,0.06642483987147,0.06642483987147,0.00441225935195043,1.39720506732388,1.51702872310624,1,1.76888719472418,-0.0311128052758183,0.0311128052758183,0.0311128052758183,0.000968006652130986,1.72450399227595,1.86750918060656,1
19,"n1000-b1_1-b2_2p5-b3_2p5",1000,7,187,1,1,0,0.9162907,0.9162907,1.5,1.8,1,1.3,0.101,350,169,331,150,FALSE,NA,TRUE,NA,0.14479471325521,0.14479471325521,0.14479471325521,0.14479471325521,0.0209655089866585,-0.115681573514984,0.406375422444496,1,1.03732402530854,0.121033325308542,0.121033325308542,0.121033325308542,0.0146490658352434,0.808143572726543,1.27001798070415,1,0.73053330648319,-0.18575739351681,0.18575739351681,0.18575739351681,0.0345058092461591,0.424300961470876,1.03582561882499,1,1.47863385481462,-0.0213661451853773,0.0213661451853773,0.0213661451853773,0.00045651216008262,1.40757774013543,1.56882392054748,1,1.72013543567601,-0.0798645643239875,0.0798645643239875,0.0798645643239875,0.00637834863466033,1.63260385339086,1.82827091787941,1
19,"n1000-b1_1-b2_2p5-b3_2p5",1000,8,188,1,1,0,0.9162907,0.9162907,1.5,1.8,1,1.3,0.091,336,175,319,170,FALSE,NA,TRUE,NA,0.279050513930039,0.279050513930039,0.279050513930039,0.279050513930039,0.0778691893246188,0.0369859405490291,0.522460020272827,0,1.03333283460132,0.117042134601323,0.117042134601323,0.117042134601323,0.0136988612720342,0.81718039637529,1.25142099758972,1,0.724035454730502,-0.192255245269498,0.192255245269498,0.192255245269498,0.0369620793336347,0.431981553771352,1.0186703793108,1,1.55795074367185,0.0579507436718549,0.0579507436718549,0.0579507436718549,0.00335828869212103,1.42635370321415,1.60963707987093,1,1.8348496860012,0.0348496860011993,0.0348496860011993,0.0348496860011993,0.00121450061438219,1.79951269006855,1.92282818372113,1
19,"n1000-b1_1-b2_2p5-b3_2p5",1000,9,189,1,1,0,0.9162907,0.9162907,1.5,1.8,1,1.3,0.103,312,165,350,173,FALSE,NA,TRUE,NA,-0.09713257129852,-0.09713257129852,0.09713257129852,0.09713257129852,0.00943473640706207,-0.346572638946007,0.148210158551017,1,0.869175696604064,-0.0471150033959357,0.0471150033959357,0.0471150033959357,0.00221982354499903,0.663832637493765,1.08261388466536,1,1.21264320449597,0.296352504495974,0.296352504495974,0.296352504495974,0.0878248069210361,0.914168080557248,1.51382406415278,1,1.53330006425223,0.0333000642522328,0.0333000642522328,0.0333000642522328,0.00110889427920283,1.4538255037525,1.65558559352082,1,1.78401586848494,-0.01598413151506,0.01598413151506,0.01598413151506,0.000255492460290733,1.71013581606875,1.88473040297551,1
19,"n1000-b1_1-b2_2p5-b3_2p5",1000,10,190,1,1,0,0.9162907,0.9162907,1.5,1.8,1,1.3,0.105,332,180,335,153,FALSE,NA,TRUE,NA,-0.0066504580811292,-0.0066504580811292,0.0066504580811292,0.0066504580811292,4.42285926888567e-05,-0.255876293519805,0.24821206052016,1,0.898958766746154,-0.0173319332538461,0.0173319332538461,0.0173319332538461,0.000300395910315775,0.681504888353924,1.12075302508911,1,0.958521040371643,0.0422303403716431,0.0422303403716431,0.0422303403716431,0.00178340164790483,0.657690312821197,1.25761964150879,1,1.50888771485325,0.00888771485324669,0.00888771485324669,0.00888771485324669,7.89914753126218e-05,1.42484069024602,1.57559143346486,1,1.78869525745512,-0.0113047425448827,0.0113047425448827,0.0113047425448827,0.00012779720400608,1.72485275707755,1.89609702680307,1
20,"n1000-b1_1-b2_2p5-b3_2p5",1000,1,191,1,1,0,0.9162907,0.9162907,1.5,1.8,1,1.3,0.103,350,162,325,163,FALSE,NA,TRUE,NA,0.180607673547957,0.180607673547957,0.180607673547957,0.180607673547957,0.0326191317444053,-0.0685672785974449,0.435645661398963,1,1.13116862575177,0.21487792575177,0.21487792575177,0.21487792575177,0.046172522975383,0.90724065623897,1.36237346956787,1,0.766038875652652,-0.150251824347348,0.150251824347348,0.150251824347348,0.0225756107197062,0.462139236052125,1.06508393463549,1,1.52670558221382,0.0267055822138247,0.0267055822138247,0.0267055822138247,0.000713188121379349,1.49486905559925,1.57218833666572,1,1.77823952569846,-0.0217604743015385,0.0217604743015385,0.0217604743015385,0.000473518241827917,1.73864309391002,1.85921814444653,1
20,"n1000-b1_1-b2_2p5-b3_2p5",1000,2,192,1,1,0,0.9162907,0.9162907,1.5,1.8,1,1.3,0.119,335,187,311,167,FALSE,NA,TRUE,NA,-0.0132480339291026,-0.0132480339291026,0.0132480339291026,0.0132480339291026,0.000175510402986653,-0.261735580754086,0.238287409660489,1,0.961381406311607,0.0450907063116073,0.0450907063116073,0.0450907063116073,0.00203317179567962,0.74486929102707,1.182816877948,1,1.04091025632743,0.124619556327428,0.124619556327428,0.124619556327428,0.0155300338192451,0.737063413727316,1.34472504931385,1,1.54374341264517,0.0437434126451663,0.0437434126451663,0.0437434126451663,0.0019134861498453,1.45490588834649,1.65952445426327,1,1.738630060967,-0.0613699390329967,0.0613699390329967,0.0613699390329967,0.00376626941691373,1.66697781482084,1.85913345287135,1
20,"n1000-b1_1-b2_2p5-b3_2p5",1000,3,193,1,1,0,0.9162907,0.9162907,1.5,1.8,1,1.3,0.106,307,178,327,188,FALSE,NA,TRUE,NA,-0.112256211198948,-0.112256211198948,0.112256211198948,0.112256211198948,0.0126014569527428,-0.346712133725916,0.123366442058327,1,0.833102587142366,-0.0831881128576337,0.0831881128576337,0.0831881128576337,0.00692026212081441,0.627992466757248,1.04162510106862,1,1.045335647493,0.129044947492995,0.129044947492995,0.129044947492995,0.0166525984734699,0.753500028500757,1.33780902652596,1,1.49243886706042,-0.00756113293957683,0.00756113293957683,0.00756113293957683,5.71707313299538e-05,1.44705029976144,1.53916489486019,1,1.8178652852724,0.0178652852724026,0.0178652852724026,0.0178652852724026,0.000319168417864326,1.77351927745839,1.91586724734988,1
20,"n1000-b1_1-b2_2p5-b3_2p5",1000,4,194,1,1,0,0.9162907,0.9162907,1.5,1.8,1,1.3,0.095,318,171,345,166,FALSE,NA,TRUE,NA,0.0155619182548759,0.0155619182548759,0.0155619182548759,0.0155619182548759,0.000242173299771441,-0.221969862811222,0.261343846329442,1,0.829012211905719,-0.0872784880942805,0.0872784880942805,0.0872784880942805,0.00761753448402347,0.62234487775579,1.04056272257521,1,0.990853409841401,0.0745627098414006,0.0745627098414006,0.0745627098414006,0.00555959769889289,0.695341710541577,1.28148662307008,1,1.5527751808329,0.0527751808329002,0.0527751808329002,0.0527751808329002,0.00278521971194532,1.48339279866538,1.66931001190776,1,1.85332022499089,0.0533202249908857,0.0533202249908857,0.0533202249908857,0.00284304639307868,1.76443274641666,1.97761215065498,1
20,"n1000-b1_1-b2_2p5-b3_2p5",1000,5,195,1,1,0,0.9162907,0.9162907,1.5,1.8,1,1.3,0.099,313,181,334,172,FALSE,NA,TRUE,NA,0.197564553974658,0.197564553974658,0.197564553974658,0.197564553974658,0.0390317529872057,-0.0330960261547762,0.431333344404457,1,0.881597846412375,-0.0346928535876253,0.0346928535876253,0.0346928535876253,0.00120359409005241,0.666352681863263,1.09735504691433,1,0.768069708787061,-0.148220991212939,0.148220991212939,0.148220991212939,0.0219694622361462,0.479763134226849,1.05851536418232,1,1.51436148351879,0.0143614835187866,0.0143614835187866,0.0143614835187866,0.00020625220886038,1.45865148848945,1.62257575598229,1,1.80296002802399,0.00296002802398698,0.00296002802398698,0.00296002802398698,8.76176590278828e-06,1.72955024705744,1.89676297797725,1
20,"n1000-b1_1-b2_2p5-b3_2p5",1000,6,196,1,1,0,0.9162907,0.9162907,1.5,1.8,1,1.3,0.102,313,180,333,174,FALSE,NA,TRUE,NA,0.00445444587317953,0.00445444587317953,0.00445444587317953,0.00445444587317953,1.98420880370861e-05,-0.233968472722798,0.244808761339096,1,0.938087241552705,0.0217965415527048,0.0217965415527048,0.0217965415527048,0.000475089223658788,0.727732780234669,1.15054942318731,1,1.03789163755698,0.12160093755698,0.12160093755698,0.12160093755698,0.0147867880147366,0.743361441181765,1.3335693497292,1,1.47619984703632,-0.0238001529636829,0.0238001529636829,0.0238001529636829,0.000566447281094703,1.40089444452243,1.52901769263594,1,1.81595925643591,0.0159592564359068,0.0159592564359068,0.0159592564359068,0.000254697865987032,1.76693375396691,1.89305055682938,1
20,"n1000-b1_1-b2_2p5-b3_2p5",1000,7,197,1,1,0,0.9162907,0.9162907,1.5,1.8,1,1.3,0.096,314,154,349,183,FALSE,NA,TRUE,NA,0.20219784728003,0.20219784728003,0.20219784728003,0.20219784728003,0.0408839694446784,-0.0393370015446428,0.441333268979915,1,0.955245976658182,0.0389552766581822,0.0389552766581822,0.0389552766581822,0.00151751357951552,0.748192627483632,1.16193365886411,1,0.682019608412223,-0.234271091587777,0.234271091587777,0.234271091587777,0.0548829443537286,0.390919970654728,0.969475089146221,1,1.50394636281858,0.00394636281858407,0.00394636281858407,0.00394636281858407,1.55737794959028e-05,1.43425884096279,1.57130933842955,1,1.79908011645026,-0.000919883549741041,0.000919883549741041,0.000919883549741041,8.46185745084178e-07,1.65730409472383,1.86304793607351,1
20,"n1000-b1_1-b2_2p5-b3_2p5",1000,8,198,1,1,0,0.9162907,0.9162907,1.5,1.8,1,1.3,0.097,349,175,331,145,FALSE,NA,TRUE,NA,-0.0030472538123589,-0.0030472538123589,0.0030472538123589,0.0030472538123589,9.28575579693586e-06,-0.252396857706308,0.247974694802822,1,1.01818372126259,0.101893021262595,0.101893021262595,0.101893021262595,0.0103821877820196,0.791439805492829,1.24938943377692,1,0.842782388482275,-0.0735083115177251,0.0735083115177251,0.0735083115177251,0.00540347186218691,0.544780612599829,1.13698489792418,1,1.47283439915492,-0.0271656008450802,0.0271656008450802,0.0271656008450802,0.000737969869274224,1.43167172629377,1.58612815489131,1,1.81893218768402,0.0189321876840214,0.0189321876840214,0.0189321876840214,0.000358427730503011,1.74646560419606,1.90573747125883,1
20,"n1000-b1_1-b2_2p5-b3_2p5",1000,9,199,1,1,0,0.9162907,0.9162907,1.5,1.8,1,1.3,0.109,321,180,326,173,FALSE,NA,TRUE,NA,0.063496303481175,0.063496303481175,0.063496303481175,0.063496303481175,0.00403178055577347,-0.185550206448403,0.307611856017763,1,0.973096185040241,0.0568054850402407,0.0568054850402407,0.0568054850402407,0.00322686313065702,0.759869114044925,1.19135796109174,1,0.93441095661593,0.0181202566159303,0.0181202566159303,0.0181202566159303,0.000328343699827166,0.637257183626996,1.22859263213691,1,1.4623103652165,-0.0376896347835036,0.0376896347835036,0.0376896347835036,0.00142050857011389,1.40190064201159,1.52616934495317,1,1.73837833669648,-0.0616216633035154,0.0616216633035154,0.0616216633035154,0.00379722938829181,1.62587747123194,1.8170708322929,1
20,"n1000-b1_1-b2_2p5-b3_2p5",1000,10,200,1,1,0,0.9162907,0.9162907,1.5,1.8,1,1.3,0.097,347,149,344,160,FALSE,NA,TRUE,NA,0.0770961586190596,0.0770961586190596,0.0770961586190596,0.0770961586190596,0.0059438176738152,-0.18054688793117,0.33406285359509,1,0.90893887477156,-0.00735182522844002,0.00735182522844002,0.00735182522844002,5.40493341895272e-05,0.696494187916307,1.12523629998411,1,0.893457910848526,-0.0228327891514738,0.0228327891514738,0.0228327891514738,0.00052133626043566,0.5868116945529,1.19594651128657,1,1.50721950898051,0.00721950898051271,0.00721950898051271,0.00721950898051271,5.21213099197037e-05,1.4596274764159,1.5800468923646,1,1.80423966050504,0.00423966050504276,0.00423966050504276,0.00423966050504276,1.79747211980195e-05,1.77498732097374,1.8673574989251,1
21,"n1000-b1_1-b2_2p5-b3_2p5",1000,1,201,1,1,0,0.9162907,0.9162907,1.5,1.8,1,1.3,0.093,321,163,348,168,FALSE,NA,TRUE,NA,-0.0346176482542582,-0.0346176482542582,0.0346176482542582,0.0346176482542582,0.00119838157065555,-0.285831495212831,0.212229959831629,1,0.915409075824349,-0.000881624175650519,0.000881624175650519,0.000881624175650519,7.77261187091458e-07,0.705881310744339,1.13036728698884,1,1.04088578218849,0.124595082188492,0.124595082188492,0.124595082188492,0.0155239345055572,0.745086273874871,1.34096967381918,1,1.51387522228403,0.0138752222840313,0.0138752222840313,0.0138752222840313,0.000192521793431278,1.4800343415633,1.58350797413029,1,1.82715425387937,0.0271542538793683,0.0271542538793683,0.0271542538793683,0.000737353503745189,1.76169795247366,1.89727443186073,1
21,"n1000-b1_1-b2_2p5-b3_2p5",1000,2,202,1,1,0,0.9162907,0.9162907,1.5,1.8,1,1.3,0.104,364,144,316,176,FALSE,NA,TRUE,NA,0.0766455002311318,0.0766455002311318,0.0766455002311318,0.0766455002311318,0.00587453270568043,-0.180180646182221,0.331649651087131,1,1.0166573440786,0.100366644078602,0.100366644078602,0.100366644078602,0.0100734632436007,0.800413555691871,1.23530060992364,1,0.889247026848977,-0.0270436731510229,0.0270436731510229,0.0270436731510229,0.000731360257499354,0.581659759148765,1.19689309137269,1,1.42590106235518,-0.0740989376448191,0.0740989376448191,0.0740989376448191,0.00549065256009079,1.37341511842292,1.48672584214044,0,1.74961827320658,-0.0503817267934246,0.0503817267934246,0.0503817267934246,0.00253831839468727,1.66710239457461,1.85470605295409,1
21,"n1000-b1_1-b2_2p5-b3_2p5",1000,3,203,1,1,0,0.9162907,0.9162907,1.5,1.8,1,1.3,0.094,346,164,322,168,FALSE,NA,TRUE,NA,-0.0559151057929722,-0.0559151057929722,0.0559151057929722,0.0559151057929722,0.00312649905583928,-0.304154850389996,0.188396314219713,1,0.852307483939095,-0.0639832160609055,0.0639832160609055,0.0639832160609055,0.00409385193749652,0.642314858989931,1.06480390184525,1,0.936818049342545,0.0205273493425449,0.0205273493425449,0.0205273493425449,0.000421372071030877,0.643215466602549,1.23314421175379,1,1.46826252310866,-0.031737476891339,0.031737476891339,0.031737476891339,0.00100726743942828,1.43164617017503,1.53219316720959,1,1.78761280435513,-0.0123871956448725,0.0123871956448725,0.0123871956448725,0.000153442615944347,1.67522525646634,1.89902732272837,1
21,"n1000-b1_1-b2_2p5-b3_2p5",1000,4,204,1,1,0,0.9162907,0.9162907,1.5,1.8,1,1.3,0.092,317,179,340,164,FALSE,NA,TRUE,NA,-0.0677047759741219,-0.0677047759741219,0.0677047759741219,0.0677047759741219,0.00458393668970604,-0.309106214549979,0.173130483670063,1,0.814009424191616,-0.102281275808384,0.102281275808384,0.102281275808384,0.0104614593809907,0.607144837625588,1.02426486083055,1,0.892619581231375,-0.0236711187686254,0.0236711187686254,0.0236711187686254,0.000560321863758369,0.600138888748694,1.18195701603934,1,1.51550301616377,0.0155030161637748,0.0155030161637748,0.0155030161637748,0.000240343510174263,1.42640228826935,1.581050449529,1,1.81091775275388,0.0109177527538762,0.0109177527538762,0.0109177527538762,0.000119197325194771,1.77670239859546,1.88138821854525,1
21,"n1000-b1_1-b2_2p5-b3_2p5",1000,5,205,1,1,0,0.9162907,0.9162907,1.5,1.8,1,1.3,0.103,319,193,322,166,FALSE,NA,TRUE,NA,0.0908502637230791,0.0908502637230791,0.0908502637230791,0.0908502637230791,0.00825377041855303,-0.140273265672149,0.322111919978973,1,0.89568877110197,-0.0206019288980305,0.0206019288980305,0.0206019288980305,0.000424439474319503,0.680707842694558,1.11702560855145,1,0.947452006902689,0.0311613069026889,0.0311613069026889,0.0311613069026889,0.000971027047883568,0.65999336368824,1.2373913231115,1,1.51515740862806,0.0151574086280597,0.0151574086280597,0.0151574086280597,0.000229747036317979,1.37871226559772,1.58427960160749,1,1.83485193668923,0.0348519366892293,0.0348519366892293,0.0348519366892293,0.00121465749099004,1.70244884782014,1.93223416145769,1
21,"n1000-b1_1-b2_2p5-b3_2p5",1000,6,206,1,1,0,0.9162907,0.9162907,1.5,1.8,1,1.3,0.105,348,164,337,151,FALSE,NA,TRUE,NA,-0.0766269464927588,-0.0766269464927588,0.0766269464927588,0.0766269464927588,0.00587168892880412,-0.341806286150026,0.185953516513045,1,1.07631035297847,0.160019652978474,0.160019652978474,0.160019652978474,0.0256062893393513,0.850828731178085,1.3018377149786,1,0.8708392881905,-0.0454514118095003,0.0454514118095003,0.0454514118095003,0.00206583083547678,0.55598519271365,1.17836028969207,1,1.37291817664208,-0.12708182335792,0.12708182335792,0.12708182335792,0.0161497898279737,1.32872770767721,1.4608431463063,0,1.82076771335975,0.0207677133597455,0.0207677133597455,0.0207677133597455,0.000431297918192551,1.76643181219132,1.91388851325185,1
21,"n1000-b1_1-b2_2p5-b3_2p5",1000,7,207,1,1,0,0.9162907,0.9162907,1.5,1.8,1,1.3,0.104,326,159,333,182,FALSE,NA,TRUE,NA,0.128260297945817,0.128260297945817,0.128260297945817,0.128260297945817,0.0164507040291497,-0.118774793569773,0.372227666184065,1,1.00232389351765,0.0860331935176459,0.0860331935176459,0.0860331935176459,0.00740171038684471,0.790651929208977,1.21737138292568,1,0.746128102865629,-0.170162597134371,0.170162597134371,0.170162597134371,0.0289553094635142,0.452907550803858,1.04107987375993,1,1.46527100761511,-0.0347289923848915,0.0347289923848915,0.0347289923848915,0.00120610291206985,1.44143776342087,1.51136135403984,1,1.79394295960486,-0.00605704039514032,0.00605704039514032,0.00605704039514032,3.66877383483616e-05,1.74593975790903,1.85733986460427,1
21,"n1000-b1_1-b2_2p5-b3_2p5",1000,8,208,1,1,0,0.9162907,0.9162907,1.5,1.8,1,1.3,0.091,328,167,328,177,FALSE,NA,TRUE,NA,0.179171101637579,0.179171101637579,0.179171101637579,0.179171101637579,0.0321022836620238,-0.0615069596073026,0.418815245637519,1,1.03114251607529,0.114851816075294,0.114851816075294,0.114851816075294,0.0131909396557931,0.82134748014738,1.24395115391166,1,0.630410205740059,-0.285880494259941,0.285880494259941,0.285880494259941,0.0817276569983083,0.34317455258023,0.923044148493148,1,1.51461341450104,0.0146134145010377,0.0146134145010377,0.0146134145010377,0.000213551883379139,1.44348346091832,1.55786496469124,1,1.81737370956626,0.0173737095662614,0.0173737095662614,0.0173737095662614,0.000301845784092802,1.75668968440231,1.87366779923505,1
21,"n1000-b1_1-b2_2p5-b3_2p5",1000,9,209,1,1,0,0.9162907,0.9162907,1.5,1.8,1,1.3,0.117,358,165,307,170,FALSE,NA,TRUE,NA,0.175353183642473,0.175353183642473,0.175353183642473,0.175353183642473,0.030748739013551,-0.0789539577780591,0.432779315577229,1,1.12934022710293,0.213049527102929,0.213049527102929,0.213049527102929,0.0453901009987815,0.905695080806874,1.36107784107248,1,0.71669127472508,-0.19959942527492,0.19959942527492,0.19959942527492,0.0398399305700783,0.413619396999384,1.0201777066457,1,1.63610756382742,0.13610756382742,0.13610756382742,0.13610756382742,0.0185252689310352,1.50778173399001,1.74362066436659,0,1.82312480704155,0.0231248070415462,0.0231248070415462,0.0231248070415462,0.000534756700708744,1.69879467112697,1.94017731274422,1
21,"n1000-b1_1-b2_2p5-b3_2p5",1000,10,210,1,1,0,0.9162907,0.9162907,1.5,1.8,1,1.3,0.102,325,176,336,163,FALSE,NA,TRUE,NA,0.0369489692552322,0.0369489692552322,0.0369489692552322,0.0369489692552322,0.0013652263290241,-0.208055724750184,0.284739090337748,1,0.994703995176474,0.0784132951764736,0.0784132951764736,0.0784132951764736,0.00614864486043277,0.782339161733771,1.21514252733548,1,0.956854944001759,0.0405642440017586,0.0405642440017586,0.0405642440017586,0.00164545789143421,0.662390677208588,1.25874858970432,1,1.55712891278704,0.057128912787042,0.057128912787042,0.057128912787042,0.00326371267622945,1.45813830385147,1.6597531305879,1,1.83398906034952,0.033989060349519,0.033989060349519,0.033989060349519,0.00115525622344324,1.75710049958591,1.93087567410539,1
22,"n1000-b1_1-b2_2p5-b3_2p5",1000,1,211,1,1,0,0.9162907,0.9162907,1.5,1.8,1,1.3,0.085,361,164,307,168,FALSE,NA,TRUE,NA,-0.0922445043936087,-0.0922445043936087,0.0922445043936087,0.0922445043936087,0.0085090485908225,-0.335165706967025,0.146772095356537,1,0.765579572414226,-0.150711127585774,0.150711127585774,0.150711127585774,0.0227138439781755,0.557497203647621,0.977482103699689,1,1.06859275475395,0.152302054753954,0.152302054753954,0.152302054753954,0.0231959158822765,0.778342018924705,1.3594621751494,1,1.52178853092729,0.0217885309272929,0.0217885309272929,0.0217885309272929,0.000474740079969601,1.48880389084934,1.57873562607482,1,1.82563242147392,0.0256324214739228,0.0256324214739228,0.0256324214739228,0.000657021030616816,1.76109378049278,1.90866298985419,1
22,"n1000-b1_1-b2_2p5-b3_2p5",1000,2,212,1,1,0,0.9162907,0.9162907,1.5,1.8,1,1.3,0.103,339,162,317,182,FALSE,NA,TRUE,NA,-0.181170969046681,-0.181170969046681,0.181170969046681,0.181170969046681,0.0328229200253136,-0.432943111169942,0.0669001285491541,1,0.719276287537765,-0.197014412462235,0.197014412462235,0.197014412462235,0.0388146787178398,0.514680501481653,0.927018173453479,1,1.23776788786586,0.321477187865858,0.321477187865858,0.321477187865858,0.10334758231814,0.937231027860207,1.54650930160886,0,1.44454207084664,-0.0554579291533575,0.0554579291533575,0.0554579291533575,0.00307558190597881,1.30468884444065,1.51331790743888,1,1.68381376377506,-0.116186236224938,0.116186236224938,0.116186236224938,0.0134992414881172,1.41100265374645,1.82525941034134,1
22,"n1000-b1_1-b2_2p5-b3_2p5",1000,3,213,1,1,0,0.9162907,0.9162907,1.5,1.8,1,1.3,0.101,326,152,345,177,FALSE,NA,TRUE,NA,0.169984301245542,0.169984301245542,0.169984301245542,0.169984301245542,0.0288946626699351,-0.0807542441861493,0.422486145449905,1,0.963502320237865,0.0472116202378651,0.0472116202378651,0.0472116202378651,0.00222893708548439,0.74900021918735,1.18295318411262,1,0.688114488188282,-0.228176211811718,0.228176211811718,0.228176211811718,0.0520643836367459,0.388224072601971,0.985077160788726,1,1.46092126774077,-0.0390787322592274,0.0390787322592274,0.0390787322592274,0.00152714731498838,1.34203848065912,1.55590400732536,1,1.74517727561102,-0.0548227243889803,0.0548227243889803,0.0548227243889803,0.00300553110943009,1.66654951875491,1.87965038493164,1
22,"n1000-b1_1-b2_2p5-b3_2p5",1000,4,214,1,1,0,0.9162907,0.9162907,1.5,1.8,1,1.3,0.106,312,163,361,164,FALSE,NA,TRUE,NA,0.212837371341514,0.212837371341514,0.212837371341514,0.212837371341514,0.0452997466395657,-0.0378469358580372,0.46657689798134,1,1.01833502557918,0.102044325579182,0.102044325579182,0.102044325579182,0.01041304438291,0.805330156928864,1.24024836631879,1,0.698486956820751,-0.217803743179249,0.217803743179249,0.217803743179249,0.0474384705428924,0.401895722429107,0.993209487384693,1,1.5211195946538,0.0211195946537952,0.0211195946537952,0.0211195946537952,0.000446037278340615,1.43925084532938,1.58841831812259,1,1.81339628487098,0.0133962848709812,0.0133962848709812,0.0133962848709812,0.00017946044834448,1.66647708592102,1.89078703366895,1
22,"n1000-b1_1-b2_2p5-b3_2p5",1000,5,215,1,1,0,0.9162907,0.9162907,1.5,1.8,1,1.3,0.112,318,183,342,157,FALSE,NA,TRUE,NA,-0.0209450059163923,-0.0209450059163923,0.0209450059163923,0.0209450059163923,0.000438693272837707,-0.271601724361503,0.23059707018325,1,1.04207477377856,0.125784073778562,0.125784073778562,0.125784073778562,0.0158216332163309,0.82613359752653,1.26057194631556,1,0.871799726640935,-0.0444909733590654,0.0444909733590654,0.0444909733590654,0.00197944671043707,0.569217564921508,1.1749094348879,1,1.53946698594913,0.0394669859491328,0.0394669859491328,0.0394669859491328,0.00155764297990904,1.49265628194805,1.60877440569472,1,1.87920290503818,0.0792029050381799,0.0792029050381799,0.0792029050381799,0.00627310016648695,1.77478665098111,2.01712831136082,1
22,"n1000-b1_1-b2_2p5-b3_2p5",1000,6,216,1,1,0,0.9162907,0.9162907,1.5,1.8,1,1.3,0.098,327,184,340,149,FALSE,NA,TRUE,NA,-0.0167726319716182,-0.0167726319716182,0.0167726319716182,0.0167726319716182,0.00028132118325535,-0.264495467516294,0.230335062287108,1,0.803122774864716,-0.113167925135284,0.113167925135284,0.113167925135284,0.0128069792794253,0.585725909477767,1.02693820306822,1,0.960549713690281,0.0442590136902807,0.0442590136902807,0.0442590136902807,0.00195886029283646,0.667818685394662,1.25720461074832,1,1.52004503943495,0.0200450394349481,0.0200450394349481,0.0200450394349481,0.000401803605948623,1.47964905010588,1.5840313910458,1,1.78753325678579,-0.0124667432142116,0.0124667432142116,0.0124667432142116,0.000155419686369091,1.74965227363414,1.83674738018528,1
22,"n1000-b1_1-b2_2p5-b3_2p5",1000,7,217,1,1,0,0.9162907,0.9162907,1.5,1.8,1,1.3,0.088,323,158,349,170,FALSE,NA,TRUE,NA,0.137228517070694,0.137228517070694,0.137228517070694,0.137228517070694,0.0188316658974218,-0.111088841383833,0.38343287747064,1,0.895836325164581,-0.0204543748354188,0.0204543748354188,0.0204543748354188,0.000418381449907813,0.689411721419727,1.10655572486713,1,0.751349182894761,-0.164941517105239,0.164941517105239,0.164941517105239,0.027205704064978,0.455745505139355,1.04471261851385,1,1.51756442261997,0.0175644226199687,0.0175644226199687,0.0175644226199687,0.000308508941972869,1.39136754324882,1.63295359397439,1,1.81001910549412,0.0100191054941214,0.0100191054941214,0.0100191054941214,0.000100382474902334,1.69929912263505,1.91342390739389,1
22,"n1000-b1_1-b2_2p5-b3_2p5",1000,8,218,1,1,0,0.9162907,0.9162907,1.5,1.8,1,1.3,0.105,328,187,328,157,FALSE,NA,TRUE,NA,-0.310919556084879,-0.310919556084879,0.310919556084879,0.310919556084879,0.0966709703560184,-0.559237291927183,-0.0605580606979051,0,0.849602377638724,-0.0666883223612761,0.0666883223612761,0.0666883223612761,0.00444733233936148,0.638762294425201,1.06523127616909,1,1.28307277573833,0.366782075738332,0.366782075738332,0.366782075738332,0.134529091082919,0.983452218285972,1.58032665787701,0,1.4464544855289,-0.0535455144710983,0.0535455144710983,0.0535455144710983,0.0028671221199746,1.34650874572421,1.51502686202376,1,1.72617285445818,-0.0738271455418171,0.0738271455418171,0.0738271455418171,0.00545044741885265,1.55989726205557,1.81335213416895,1
22,"n1000-b1_1-b2_2p5-b3_2p5",1000,9,219,1,1,0,0.9162907,0.9162907,1.5,1.8,1,1.3,0.094,344,173,327,156,FALSE,NA,TRUE,NA,0.0493670253529389,0.0493670253529389,0.0493670253529389,0.0493670253529389,0.00243710319219771,-0.198484738397636,0.302213502084507,1,0.95645989610593,0.0401691961059299,0.0401691961059299,0.0401691961059299,0.00161356431579666,0.738846266104454,1.18116641805563,1,0.920975648886854,0.00468494888685411,0.00468494888685411,0.00468494888685411,2.19487460724356e-05,0.621499868184329,1.22117234346028,1,1.48540209393672,-0.0145979060632833,0.0145979060632833,0.0145979060632833,0.000213098861432442,1.43609468849458,1.54894401874542,1,1.78361128497082,-0.016388715029177,0.016388715029177,0.016388715029177,0.000268589980307574,1.71471966246195,1.85432811051305,1
22,"n1000-b1_1-b2_2p5-b3_2p5",1000,10,220,1,1,0,0.9162907,0.9162907,1.5,1.8,1,1.3,0.109,323,178,322,177,FALSE,NA,TRUE,NA,-0.0790360651825473,-0.0790360651825473,0.0790360651825473,0.0790360651825473,0.00624669959953987,-0.317408671841226,0.154853131759181,1,0.763965411917765,-0.152325288082235,0.152325288082235,0.152325288082235,0.0232029933893358,0.561098105691321,0.972799536335275,1,1.00896876484514,0.0926780648451448,0.0926780648451448,0.0926780648451448,0.00858922370344087,0.715095001675534,1.30258259078603,1,1.54221323071804,0.0422132307180443,0.0422132307180443,0.0422132307180443,0.00178195684765484,1.48206498561567,1.618924034156,1,1.79473732437874,-0.00526267562125748,0.00526267562125748,0.00526267562125748,2.76957546945778e-05,1.72549257034582,1.90863296260279,1
23,"n1000-b1_1-b2_2p5-b3_2p5",1000,1,221,1,1,0,0.9162907,0.9162907,1.5,1.8,1,1.3,0.104,328,158,340,174,FALSE,NA,TRUE,NA,0.0324707268958575,0.0324707268958575,0.0324707268958575,0.0324707268958575,0.00105434810514536,-0.217855770526737,0.281524827309135,1,0.819218449555492,-0.0970722504445078,0.0970722504445078,0.0970722504445078,0.00942302180636125,0.613478572813746,1.03069370844796,1,0.957276047770942,0.0409853477709416,0.0409853477709416,0.0409853477709416,0.00167979873190503,0.660172350332794,1.2596436360938,1,1.55298275705313,0.0529827570531314,0.0529827570531314,0.0529827570531314,0.00280717254495114,1.47573731582239,1.67481919609308,1,1.83518040072505,0.0351804007250518,0.0351804007250518,0.0351804007250518,0.00123766059517523,1.76279090677294,1.93923000401525,1
23,"n1000-b1_1-b2_2p5-b3_2p5",1000,2,222,1,1,0,0.9162907,0.9162907,1.5,1.8,1,1.3,0.097,341,158,349,152,FALSE,NA,TRUE,NA,0.0125944542594649,0.0125944542594649,0.0125944542594649,0.0125944542594649,0.000158620278093754,-0.242096018213365,0.272962209764468,1,0.84899207224475,-0.0672986277552499,0.0672986277552499,0.0672986277552499,0.00452910529773969,0.634348469835048,1.07127039645023,1,0.965857661948278,0.0495669619482779,0.0495669619482779,0.0495669619482779,0.00245688371678203,0.664559154903089,1.26885071353726,1,1.46308404056735,-0.0369159594326531,0.0369159594326531,0.0369159594326531,0.00136278806083329,1.41156274247832,1.52234773281277,1,1.78415341652614,-0.015846583473865,0.015846583473865,0.015846583473865,0.000251114207794172,1.74475949171552,1.84820030085932,1
23,"n1000-b1_1-b2_2p5-b3_2p5",1000,3,223,1,1,0,0.9162907,0.9162907,1.5,1.8,1,1.3,0.105,366,157,314,163,FALSE,NA,TRUE,NA,0.0858632847675434,0.0858632847675434,0.0858632847675434,0.0858632847675434,0.00737250367107225,-0.168193764221185,0.340177624662941,1,0.91544732151482,-0.00084337848517968,0.00084337848517968,0.00084337848517968,7.11287269263972e-07,0.69771295699627,1.14040637005795,1,0.83535151467195,-0.0809391853280501,0.0809391853280501,0.0809391853280501,0.00655115172156844,0.53538547728892,1.13749669502831,1,1.558648305275,0.0586483052750024,0.0586483052750024,0.0586483052750024,0.00343962371162988,1.48364820645171,1.63430161483831,1,1.85018141734788,0.0501814173478803,0.0501814173478803,0.0501814173478803,0.00251817464704214,1.7475089261835,1.91792878473262,1
23,"n1000-b1_1-b2_2p5-b3_2p5",1000,4,224,1,1,0,0.9162907,0.9162907,1.5,1.8,1,1.3,0.1,317,169,355,159,FALSE,NA,TRUE,NA,0.0977552327138399,0.0977552327138399,0.0977552327138399,0.0977552327138399,0.00955608552293699,-0.148467805997524,0.345480138674759,1,0.7795532413705,-0.1367374586295,0.1367374586295,0.1367374586295,0.0186971325924544,0.567029436046604,0.995986710020327,1,0.903488329827279,-0.0128023701727208,0.0128023701727208,0.0128023701727208,0.000163900682039371,0.604353522580726,1.20536373851338,1,1.54280802674893,0.0428080267489348,0.0428080267489348,0.0428080267489348,0.00183252715413752,1.48158411566656,1.69044154902898,1,1.85134012534189,0.0513401253418897,0.0513401253418897,0.0513401253418897,0.00263580847012094,1.76654465202205,1.9999581881686,1
23,"n1000-b1_1-b2_2p5-b3_2p5",1000,5,225,1,1,0,0.9162907,0.9162907,1.5,1.8,1,1.3,0.102,305,161,354,180,FALSE,NA,TRUE,NA,0.0662428601842781,0.0662428601842781,0.0662428601842781,0.0662428601842781,0.00438811652539382,-0.173761650865785,0.306307351721987,1,0.895997091566413,-0.0202936084335866,0.0202936084335866,0.0202936084335866,0.000411830543255738,0.688713983314613,1.1055594458791,1,0.855476846855473,-0.0608138531445266,0.0608138531445266,0.0608138531445266,0.00369832473428405,0.566850988264459,1.14728152970651,1,1.53183707484688,0.0318370748468837,0.0318370748468837,0.0318370748468837,0.00101359933480607,1.47276420571276,1.64604415024426,1,1.87009518612967,0.0700951861296668,0.0700951861296668,0.0700951861296668,0.00491333511855263,1.79716190451129,2.07569743623858,1
23,"n1000-b1_1-b2_2p5-b3_2p5",1000,6,226,1,1,0,0.9162907,0.9162907,1.5,1.8,1,1.3,0.113,318,176,328,178,FALSE,NA,TRUE,NA,0.0268600002813492,0.0268600002813492,0.0268600002813492,0.0268600002813492,0.000721459615114078,-0.223100274799844,0.27719814851336,1,1.05968589462211,0.143395194622114,0.143395194622114,0.143395194622114,0.0205621818407141,0.846473781086873,1.27497558013955,1,0.86616581209797,-0.0501248879020298,0.0501248879020298,0.0501248879020298,0.00251250438719106,0.566271645376896,1.1619743639287,1,1.50536222591117,0.00536222591116942,0.00536222591116942,0.00536222591116942,2.87534667224167e-05,1.48601879177912,1.58008491391407,1,1.80994282535149,0.00994282535149127,0.00994282535149127,0.00994282535149127,9.88597759702575e-05,1.77841601027115,1.94621015376281,1
23,"n1000-b1_1-b2_2p5-b3_2p5",1000,7,227,1,1,0,0.9162907,0.9162907,1.5,1.8,1,1.3,0.106,332,169,319,180,FALSE,NA,TRUE,NA,0.0461712788093996,0.0461712788093996,0.0461712788093996,0.0461712788093996,0.00213178698689531,-0.1934311495954,0.285822347076838,1,0.88078265782834,-0.03550804217166,0.03550804217166,0.03550804217166,0.00126082105886439,0.67519349504388,1.09016690675278,1,0.855194798150543,-0.0610959018494573,0.0610959018494573,0.0610959018494573,0.00373270922279853,0.562656814711813,1.14718303062613,1,1.52225968545524,0.0222596854552397,0.0222596854552397,0.0222596854552397,0.00049549359656621,1.49519115496,1.58265910939429,1,1.79324663617461,-0.00675336382538627,0.00675336382538627,0.00675336382538627,4.56079229580359e-05,1.74995775481006,1.83348312146722,1
23,"n1000-b1_1-b2_2p5-b3_2p5",1000,8,228,1,1,0,0.9162907,0.9162907,1.5,1.8,1,1.3,0.101,355,173,304,168,FALSE,NA,TRUE,NA,0.0626732732272997,0.0626732732272997,0.0626732732272997,0.0626732732272997,0.00392793917702376,-0.176683000082934,0.307216346442823,1,0.967503856751307,0.0512131567513069,0.0512131567513069,0.0512131567513069,0.00262278742443393,0.753410759777783,1.18397958097183,1,0.909958183290705,-0.00633251670929547,0.00633251670929547,0.00633251670929547,4.01007678735063e-05,0.611693217680366,1.20353912422484,1,1.51971145615838,0.0197114561583751,0.0197114561583751,0.0197114561583751,0.000388541503883544,1.48651104912556,1.55563508844253,1,1.7836749479926,-0.0163250520073952,0.0163250520073952,0.0163250520073952,0.000266507323044158,1.75301863638393,1.81720257184912,1
23,"n1000-b1_1-b2_2p5-b3_2p5",1000,9,229,1,1,0,0.9162907,0.9162907,1.5,1.8,1,1.3,0.091,346,155,336,163,FALSE,NA,TRUE,NA,-0.00185508895121318,-0.00185508895121318,0.00185508895121318,0.00185508895121318,3.44135501691323e-06,-0.256327231206074,0.251598080652875,1,0.912473740829887,-0.00381695917011282,0.00381695917011282,0.00381695917011282,1.45691773063084e-05,0.704554249989547,1.12890689019241,1,0.888475578650274,-0.0278151213497259,0.0278151213497259,0.0278151213497259,0.000773680975699975,0.591191913720496,1.18640761754082,1,1.5359311530217,0.0359311530217041,0.0359311530217041,0.0359311530217041,0.00129104775746912,1.49571867358594,1.63464080930615,1,1.8106649456213,0.0106649456213002,0.0106649456213002,0.0106649456213002,0.000113741065105289,1.77380884534551,1.85637750357019,1
23,"n1000-b1_1-b2_2p5-b3_2p5",1000,10,230,1,1,0,0.9162907,0.9162907,1.5,1.8,1,1.3,0.091,370,146,329,155,FALSE,NA,TRUE,NA,-0.0188999540446026,-0.0188999540446026,0.0188999540446026,0.0188999540446026,0.000357208262888091,-0.281032877436101,0.243245618061501,1,0.964862381062898,0.0485716810628978,0.0485716810628978,0.0485716810628978,0.00235920820127586,0.747048710243035,1.18568039356343,1,0.757257861228343,-0.159032838771657,0.159032838771657,0.159032838771657,0.0252914438077717,0.455666073507019,1.06197696493203,1,1.47222506298205,-0.0277749370179547,0.0277749370179547,0.0277749370179547,0.000771447126351353,1.40644452855341,1.5553665372192,1,1.8016444326302,0.00164443263019498,0.00164443263019498,0.00164443263019498,2.70415867524998e-06,1.72555829603888,1.93249496685719,1
24,"n1000-b1_1-b2_2p5-b3_2p5",1000,1,231,1,1,0,0.9162907,0.9162907,1.5,1.8,1,1.3,0.095,324,161,338,177,FALSE,NA,TRUE,NA,-0.0438204900742582,-0.0438204900742582,0.0438204900742582,0.0438204900742582,0.00192023535034816,-0.287295645081275,0.199124153997237,1,0.904395951072227,-0.0118947489277733,0.0118947489277733,0.0118947489277733,0.000141485052054764,0.700883276466713,1.11692912178562,1,1.00109416327507,0.0848034632750669,0.0848034632750669,0.0848034632750669,0.00719162738344563,0.704452576882776,1.29324432652035,1,1.5112010987908,0.0112010987908011,0.0112010987908011,0.0112010987908011,0.000125464614121286,1.45689811153925,1.6340577597305,1,1.82998139452159,0.0299813945215903,0.0299813945215903,0.0299813945215903,0.000898884017459246,1.77134874047104,1.93534052646584,1
24,"n1000-b1_1-b2_2p5-b3_2p5",1000,2,232,1,1,0,0.9162907,0.9162907,1.5,1.8,1,1.3,0.096,352,160,333,155,FALSE,NA,TRUE,NA,-0.0621556499205906,-0.0621556499205906,0.0621556499205906,0.0621556499205906,0.00386332481705101,-0.31836253914584,0.190996528020102,1,0.739201778081408,-0.177088921918592,0.177088921918592,0.177088921918592,0.0313604862662893,0.526794485128221,0.958045815018888,1,1.07231409277739,0.156023392777387,0.156023392777387,0.156023392777387,0.0243432990937669,0.768307015925289,1.37803280405364,1,1.51429477719371,0.0142947771937096,0.0142947771937096,0.0142947771937096,0.000204340655017801,1.4621806863249,1.56756215568595,1,1.80039274726601,0.000392747266009907,0.000392747266009907,0.000392747266009907,1.54250414958257e-07,1.7452721253425,1.90011641946726,1
24,"n1000-b1_1-b2_2p5-b3_2p5",1000,3,233,1,1,0,0.9162907,0.9162907,1.5,1.8,1,1.3,0.086,350,153,316,181,FALSE,NA,TRUE,NA,-0.00499535421808059,-0.00499535421808059,0.00499535421808059,0.00499535421808059,2.49535637640956e-05,-0.253513576057056,0.23296578300012,1,0.87817333517352,-0.0381173648264799,0.0381173648264799,0.0381173648264799,0.00145293350131496,0.674442990432082,1.0862174788957,1,0.978693439180877,0.0624027391808772,0.0624027391808772,0.0624027391808772,0.00389410185727659,0.682974860059091,1.27273207623091,1,1.49516464636783,-0.00483535363217347,0.00483535363217347,0.00483535363217347,2.33806447481731e-05,1.42342910002933,1.62343103139337,1,1.75722269393195,-0.0427773060680454,0.0427773060680454,0.0427773060680454,0.00182989791443924,1.62191269683771,1.85081376985778,1
24,"n1000-b1_1-b2_2p5-b3_2p5",1000,4,234,1,1,0,0.9162907,0.9162907,1.5,1.8,1,1.3,0.081,330,182,320,168,FALSE,NA,TRUE,NA,0.0855971349057513,0.0855971349057513,0.0855971349057513,0.0855971349057513,0.00732686950407339,-0.146463687753857,0.319158413694793,1,0.991918857949106,0.0756281579491055,0.0756281579491055,0.0756281579491055,0.00571961827477485,0.781509887061596,1.20710417113223,1,0.720611784173433,-0.195678915826567,0.195678915826567,0.195678915826567,0.0382902380990609,0.434517539687653,0.99853236469253,1,1.51727397646386,0.0172739764638585,0.0172739764638585,0.0172739764638585,0.000298390262873938,1.44043456333031,1.66695031159123,1,1.77340835499641,-0.0265916450035919,0.0265916450035919,0.0265916450035919,0.000707115583997054,1.70217057781057,1.90154331378869,1
24,"n1000-b1_1-b2_2p5-b3_2p5",1000,5,235,1,1,0,0.9162907,0.9162907,1.5,1.8,1,1.3,0.085,316,168,341,175,FALSE,NA,TRUE,NA,-0.0116744916922968,-0.0116744916922968,0.0116744916922968,0.0116744916922968,0.000136293756273507,-0.25049703198894,0.227587133836708,1,0.87065539694963,-0.0456353030503698,0.0456353030503698,0.0456353030503698,0.00208258088449909,0.670695396815307,1.08051811892028,1,0.863246749647248,-0.0530439503527522,0.0530439503527522,0.0530439503527522,0.00281366066902524,0.569824829234307,1.15176991444684,1,1.49368762879744,-0.00631237120256012,0.00631237120256012,0.00631237120256012,3.98460301989103e-05,1.42357234836148,1.62974404698394,1,1.90111892871272,0.101118928712716,0.101118928712716,0.101118928712716,0.0102250377440074,1.78110825315951,2.12806184713663,1
24,"n1000-b1_1-b2_2p5-b3_2p5",1000,6,236,1,1,0,0.9162907,0.9162907,1.5,1.8,1,1.3,0.088,362,164,314,160,FALSE,NA,TRUE,NA,0.230572936545146,0.230572936545146,0.230572936545146,0.230572936545146,0.053163879067052,-0.0218116287175684,0.479718002979317,1,1.18140390990521,0.265113209905214,0.265113209905214,0.265113209905214,0.070285014066246,0.962677241917961,1.40583894949626,0,0.648608606470328,-0.267682093529672,0.267682093529672,0.267682093529672,0.0716537031964282,0.348502820495829,0.947768496204807,1,1.54752583556221,0.0475258355622088,0.0475258355622088,0.0475258355622088,0.00225870504588611,1.42709461648956,1.80144370036173,1,1.82951415517045,0.0295141551704516,0.0295141551704516,0.0295141551704516,0.000871085355425497,1.7651215329431,1.96854972572655,1
24,"n1000-b1_1-b2_2p5-b3_2p5",1000,7,237,1,1,0,0.9162907,0.9162907,1.5,1.8,1,1.3,0.114,345,173,320,162,FALSE,NA,TRUE,NA,0.0195751759295384,0.0195751759295384,0.0195751759295384,0.0195751759295384,0.000383187512672378,-0.229045600624017,0.271995077755894,1,0.934339041790347,0.0180483417903469,0.0180483417903469,0.0180483417903469,0.000325742641381181,0.712223631955169,1.15908526549134,1,0.960346350491586,0.0440556504915863,0.0440556504915863,0.0440556504915863,0.00194090034023681,0.660970836962991,1.25969904519545,1,1.50954931331911,0.00954931331910558,0.00954931331910558,0.00954931331910558,9.11893848664472e-05,1.46130983279181,1.57809560364201,1,1.7983366465848,-0.00166335341520263,0.00166335341520263,0.00166335341520263,2.76674458386625e-06,1.72450591512085,1.87853936531036,1
24,"n1000-b1_1-b2_2p5-b3_2p5",1000,8,238,1,1,0,0.9162907,0.9162907,1.5,1.8,1,1.3,0.101,352,181,312,155,FALSE,NA,TRUE,NA,-0.0236622147518561,-0.0236622147518561,0.0236622147518561,0.0236622147518561,0.000559900406962955,-0.273769928202135,0.224399883158375,1,0.882599894226572,-0.0336908057734275,0.0336908057734275,0.0336908057734275,0.00113507039366282,0.662469555548568,1.11033589840441,1,1.04839559555545,0.132104895555446,0.132104895555446,0.132104895555446,0.0174517034297152,0.752352586096909,1.34417742620519,1,1.53443500465697,0.034435004656965,0.034435004656965,0.034435004656965,0.0011857695457252,1.43340609726655,1.63187931313979,1,1.81103508314484,0.0110350831448447,0.0110350831448447,0.0110350831448447,0.000121773060013635,1.7470807912297,1.87534422036975,1
24,"n1000-b1_1-b2_2p5-b3_2p5",1000,9,239,1,1,0,0.9162907,0.9162907,1.5,1.8,1,1.3,0.1,343,165,334,158,FALSE,NA,TRUE,NA,0.029883507176365,0.029883507176365,0.029883507176365,0.029883507176365,0.000893024001159857,-0.221450527316254,0.28231533237078,1,0.942480445877458,0.0261897458774581,0.0261897458774581,0.0261897458774581,0.000685902789125836,0.726731738119134,1.16553297743483,1,0.967463473060126,0.0511727730601265,0.0511727730601265,0.0511727730601265,0.0026186527026632,0.666236157788656,1.26649971220843,1,1.53150977971179,0.0315097797117918,0.0315097797117918,0.0315097797117918,0.000992866217485647,1.43770076050554,1.74651581796648,1,1.78929290961117,-0.0107070903888262,0.0107070903888262,0.0107070903888262,0.000114641784594495,1.69385780705332,1.95841848336636,1
24,"n1000-b1_1-b2_2p5-b3_2p5",1000,10,240,1,1,0,0.9162907,0.9162907,1.5,1.8,1,1.3,0.091,331,151,344,174,FALSE,NA,TRUE,NA,-0.0994402776749424,-0.0994402776749424,0.0994402776749424,0.0994402776749424,0.00988836882406964,-0.348510907232413,0.149989398600168,1,0.847955088692676,-0.068335611307324,0.068335611307324,0.068335611307324,0.00466975577274567,0.641696051349661,1.05464712951768,1,0.98122124152289,0.0649305415228902,0.0649305415228902,0.0649305415228902,0.00421597522245577,0.688896204038357,1.27737560156702,1,1.47041250762955,-0.0295874923704471,0.0295874923704471,0.0295874923704471,0.000875419704771266,1.4416628268481,1.53007001473914,1,1.74308501622962,-0.0569149837703757,0.0569149837703757,0.0569149837703757,0.00323931537758213,1.68570458121976,1.81461495928997,1
25,"n1000-b1_1-b2_2p5-b3_2p5",1000,1,241,1,1,0,0.9162907,0.9162907,1.5,1.8,1,1.3,0.108,297,179,350,174,FALSE,NA,TRUE,NA,-0.00779803072482249,-0.00779803072482249,0.00779803072482249,0.00779803072482249,6.08092831852756e-05,-0.247357645751504,0.232443154132156,1,1.07297794878871,0.156687248788711,0.156687248788711,0.156687248788711,0.0245508939329756,0.864761517558204,1.28567335456066,1,0.92021275856105,0.00392205856104977,0.00392205856104977,0.00392205856104977,1.53825433563038e-05,0.626286883689819,1.21376898244091,1,1.56494810656437,0.0649481065643744,0.0649481065643744,0.0649481065643744,0.00421825654629734,1.50953560707479,1.61946947832427,0,1.87620263956334,0.0762026395633439,0.0762026395633439,0.0762026395633439,0.00580684227642091,1.85170272882235,1.92106986103271,0
25,"n1000-b1_1-b2_2p5-b3_2p5",1000,2,242,1,1,0,0.9162907,0.9162907,1.5,1.8,1,1.3,0.099,372,185,292,151,FALSE,NA,TRUE,NA,0.0947093320335387,0.0947093320335387,0.0947093320335387,0.0947093320335387,0.00896985757423909,-0.151727731882682,0.345825098698548,1,1.00753387174992,0.0912431717499209,0.0912431717499209,0.0912431717499209,0.00832531639098557,0.783573001436846,1.23412256586264,1,0.902943148917704,-0.0133475510822963,0.0133475510822963,0.0133475510822963,0.00017815711989451,0.607397855533769,1.19956354691077,1,1.46227938285898,-0.0377206171410212,0.0377206171410212,0.0377206171410212,0.0014228449574995,1.39667890335291,1.53645880864575,1,1.86354043544344,0.0635404354434448,0.0635404354434448,0.0635404354434448,0.00403738693634257,1.78979369103503,1.93393331994157,1
25,"n1000-b1_1-b2_2p5-b3_2p5",1000,3,243,1,1,0,0.9162907,0.9162907,1.5,1.8,1,1.3,0.103,373,159,314,154,FALSE,NA,TRUE,NA,0.0757190102714667,0.0757190102714667,0.0757190102714667,0.0757190102714667,0.00573336851649048,-0.185069207156711,0.33345931757094,1,0.890693940268879,-0.025596759731121,0.025596759731121,0.025596759731121,0.000655194108732736,0.670738048681248,1.11560914147686,1,0.894937322548028,-0.0213533774519719,0.0213533774519719,0.0213533774519719,0.00045596672860638,0.59027421626464,1.20299620130642,1,1.50862927254666,0.00862927254666435,0.00862927254666435,0.00862927254666435,7.4464344684615e-05,1.46317317387044,1.54876074866382,1,1.79419414024756,-0.00580585975244485,0.00580585975244485,0.00580585975244485,3.3708007465059e-05,1.66440254419932,1.8793456509022,1
25,"n1000-b1_1-b2_2p5-b3_2p5",1000,4,244,1,1,0,0.9162907,0.9162907,1.5,1.8,1,1.3,0.092,328,172,335,165,FALSE,NA,TRUE,NA,0.0270621808635611,0.0270621808635611,0.0270621808635611,0.0270621808635611,0.000732361633092091,-0.210565230877392,0.264429951293538,1,1.00677213182072,0.0904814318207163,0.0904814318207163,0.0904814318207163,0.00818688950432694,0.794809751000695,1.22176966085776,1,0.754899881446653,-0.161390818553347,0.161390818553347,0.161390818553347,0.0260469963133192,0.467907118323854,1.04203043985128,1,1.57943597102954,0.0794359710295394,0.0794359710295394,0.0794359710295394,0.00631007349340582,1.48474607154883,1.70569742651341,1,1.83120741174518,0.0312074117451819,0.0312074117451819,0.0312074117451819,0.000973902547833319,1.74952733365037,1.96541307697379,1
25,"n1000-b1_1-b2_2p5-b3_2p5",1000,5,245,1,1,0,0.9162907,0.9162907,1.5,1.8,1,1.3,0.088,361,164,345,130,FALSE,NA,TRUE,NA,0.14053573070032,0.14053573070032,0.14053573070032,0.14053573070032,0.019750291603473,-0.12018050269505,0.404671806748821,1,1.02579344093825,0.109502740938248,0.109502740938248,0.109502740938248,0.0119908502729891,0.789516076562688,1.26720102125333,1,0.689979721938355,-0.226310978061645,0.226310978061645,0.226310978061645,0.0512166587912184,0.379287884168226,0.994207113823923,1,1.49097672835687,-0.00902327164312977,0.00902327164312977,0.00902327164312977,8.14194311457098e-05,1.42898117974682,1.54561941617357,1,1.81026323707487,0.0102632370748681,0.0102632370748681,0.0102632370748681,0.000105334035254947,1.77324804843722,1.87079336297774,1
25,"n1000-b1_1-b2_2p5-b3_2p5",1000,6,246,1,1,0,0.9162907,0.9162907,1.5,1.8,1,1.3,0.103,349,174,312,165,FALSE,NA,TRUE,NA,0.222070367683418,0.222070367683418,0.222070367683418,0.222070367683418,0.0493152482030486,-0.0206918301847083,0.467737179919079,1,1.05615285401737,0.139862154017367,0.139862154017367,0.139862154017367,0.0195614221263778,0.838378217025509,1.27784204018009,1,0.71991782253739,-0.19637287746261,0.19637287746261,0.19637287746261,0.0385623070029452,0.427300597596074,1.01229378830919,1,1.48596033928472,-0.0140396607152766,0.0140396607152766,0.0140396607152766,0.000197112073000082,1.44162504311714,1.54683032598524,1,1.75719713933878,-0.0428028606612174,0.0428028606612174,0.0428028606612174,0.00183208488078359,1.72118934264317,1.79427015748177,0
25,"n1000-b1_1-b2_2p5-b3_2p5",1000,7,247,1,1,0,0.9162907,0.9162907,1.5,1.8,1,1.3,0.09,331,165,333,171,FALSE,NA,TRUE,NA,-0.181977323884413,-0.181977323884413,0.181977323884413,0.181977323884413,0.0331157464081325,-0.426794324152893,0.0583243012865076,1,0.817750895728571,-0.0985398042714295,0.0985398042714295,0.0985398042714295,0.00971009302585163,0.614237202901263,1.02348477430206,1,0.959061054666682,0.0427703546666823,0.0427703546666823,0.0427703546666823,0.0018293032383138,0.670306315120387,1.2542825695898,1,1.50675519418772,0.00675519418772441,0.00675519418772441,0.00675519418772441,4.56326485138657e-05,1.45335666743162,1.58266408745918,1,1.89413892975794,0.094138929757942,0.094138929757942,0.094138929757942,0.00886213809597074,1.79791429650995,2.00268762140581,1
25,"n1000-b1_1-b2_2p5-b3_2p5",1000,8,248,1,1,0,0.9162907,0.9162907,1.5,1.8,1,1.3,0.109,325,195,334,146,FALSE,NA,TRUE,NA,0.0723936091879161,0.0723936091879161,0.0723936091879161,0.0723936091879161,0.00524083465125274,-0.179225766205978,0.329549250445445,1,0.992034713229255,0.0757440132292554,0.0757440132292554,0.0757440132292554,0.00573715554007362,0.769033037311125,1.22374895544185,1,0.895184704737509,-0.0211059952624912,0.0211059952624912,0.0211059952624912,0.000445463036020303,0.588342843711582,1.19345776479668,1,1.50988134109676,0.00988134109676264,0.00988134109676264,0.00988134109676264,9.76409018705703e-05,1.46919030322525,1.61295957514975,1,1.80018826604851,0.000188266048505747,0.000188266048505747,0.000188266048505747,3.54441050199685e-08,1.75952852679971,1.878508102563,1
25,"n1000-b1_1-b2_2p5-b3_2p5",1000,9,249,1,1,0,0.9162907,0.9162907,1.5,1.8,1,1.3,0.115,301,192,326,181,FALSE,NA,TRUE,NA,-0.110666029390444,-0.110666029390444,0.110666029390444,0.110666029390444,0.0122469700610465,-0.343061325397598,0.125675902045488,1,0.94745714322279,0.0311664432227899,0.0311664432227899,0.0311664432227899,0.000971347183159389,0.743672301262785,1.15804865803478,1,0.993239671243219,0.0769489712432185,0.0769489712432185,0.0769489712432185,0.00592114417538967,0.704981720737124,1.27798300434934,1,1.54085257121096,0.0408525712109624,0.0408525712109624,0.0408525712109624,0.00166893257454676,1.49608475645306,1.61616446081996,1,1.89373196053141,0.0937319605314109,0.0937319605314109,0.0937319605314109,0.00878568042506196,1.802270240144,1.98424890445265,0
25,"n1000-b1_1-b2_2p5-b3_2p5",1000,10,250,1,1,0,0.9162907,0.9162907,1.5,1.8,1,1.3,0.095,338,187,313,162,FALSE,NA,TRUE,NA,-0.129948696224859,-0.129948696224859,0.129948696224859,0.129948696224859,0.0168866636505407,-0.367362689710204,0.109145631962883,1,0.868359706319999,-0.0479309936800009,0.0479309936800009,0.0479309936800009,0.00229738015515228,0.657898343338344,1.08254909255448,1,0.972027192378645,0.0557364923786451,0.0557364923786451,0.0557364923786451,0.00310655658267476,0.685297568746803,1.26392016226188,1,1.51852041218497,0.0185204121849727,0.0185204121849727,0.0185204121849727,0.000343005667501285,1.47972920890912,1.58077928684255,1,1.81102978511673,0.0110297851167289,0.0110297851167289,0.0110297851167289,0.000121656159721215,1.70597522174766,1.88390455190699,1
26,"n1000-b1_1-b2_2p5-b3_2p5",1000,1,251,1,1,0,0.9162907,0.9162907,1.5,1.8,1,1.3,0.078,353,163,328,156,FALSE,NA,TRUE,NA,-0.103061727712241,-0.103061727712241,0.103061727712241,0.103061727712241,0.010621719719032,-0.349703934316034,0.148393891630159,1,0.940836339921896,0.0245456399218964,0.0245456399218964,0.0245456399218964,0.000602488439175394,0.72678087342642,1.1597464094892,1,1.11567802241345,0.199387322413454,0.199387322413454,0.199387322413454,0.0397553043392067,0.817250086159667,1.41377457732853,1,1.49927478301142,-0.0007252169885823,0.0007252169885823,0.0007252169885823,5.2593968052838e-07,1.45697644103239,1.57068348959334,1,1.80460531165287,0.00460531165286948,0.00460531165286948,0.00460531165286948,2.12088954200554e-05,1.75432250960582,1.84878812226024,1
26,"n1000-b1_1-b2_2p5-b3_2p5",1000,2,252,1,1,0,0.9162907,0.9162907,1.5,1.8,1,1.3,0.107,328,174,326,172,FALSE,NA,TRUE,NA,0.0688844342763964,0.0688844342763964,0.0688844342763964,0.0688844342763964,0.00474506528557917,-0.174486626681806,0.309847137460993,1,0.85141621741386,-0.0648744825861405,0.0648744825861405,0.0648744825861405,0.00420869849081944,0.640416795199579,1.06085337654488,1,0.981543743878485,0.0652530438784854,0.0652530438784854,0.0652530438784854,0.00425795973540754,0.6872295141939,1.2783569770729,1,1.50209596213816,0.00209596213815866,0.00209596213815866,0.00209596213815866,4.39305728459461e-06,1.47233883508033,1.61777216100748,1,1.79545329625254,-0.0045467037474638,0.0045467037474638,0.0045467037474638,2.06725149672013e-05,1.72733824121585,1.88900521803738,1
26,"n1000-b1_1-b2_2p5-b3_2p5",1000,3,253,1,1,0,0.9162907,0.9162907,1.5,1.8,1,1.3,0.104,334,172,327,167,FALSE,NA,TRUE,NA,0.100548301163967,0.100548301163967,0.100548301163967,0.100548301163967,0.0101099608669598,-0.140437756590619,0.339024884625072,1,0.851631172211794,-0.0646595277882057,0.0646595277882057,0.0646595277882057,0.00418085453379375,0.638790461386359,1.07098059003913,1,0.70909926403314,-0.20719143596686,0.20719143596686,0.20719143596686,0.0429282911380095,0.416130793527293,1.00132922400965,1,1.46413612791262,-0.0358638720873841,0.0358638720873841,0.0358638720873841,0.00128621732110025,1.41214178706376,1.5471935774864,1,1.7832376005899,-0.0167623994101036,0.0167623994101036,0.0167623994101036,0.000280978033983842,1.74226618071697,1.85719994205006,1
26,"n1000-b1_1-b2_2p5-b3_2p5",1000,4,254,1,1,0,0.9162907,0.9162907,1.5,1.8,1,1.3,0.087,318,151,350,181,FALSE,NA,TRUE,NA,0.120031890542094,0.120031890542094,0.120031890542094,0.120031890542094,0.0144076547471093,-0.13018008121524,0.365557672476358,1,0.887627774125164,-0.0286629258748358,0.0286629258748358,0.0286629258748358,0.00082156331970633,0.685682178531531,1.09383707273725,1,0.772224420587067,-0.144066279412933,0.144066279412933,0.144066279412933,0.0207550928638854,0.480489528851433,1.06557851946465,1,1.48184020468842,-0.0181597953115804,0.0181597953115804,0.0181597953115804,0.000329778165758498,1.44380925748614,1.55105853263287,1,1.75747447518369,-0.0425255248163099,0.0425255248163099,0.0425255248163099,0.00180842026090259,1.6734200482788,1.90059137080384,1
26,"n1000-b1_1-b2_2p5-b3_2p5",1000,5,255,1,1,0,0.9162907,0.9162907,1.5,1.8,1,1.3,0.105,328,180,320,172,FALSE,NA,TRUE,NA,0.0483558650965456,0.0483558650965456,0.0483558650965456,0.0483558650965456,0.00233828968923531,-0.1900698870182,0.2848431212038,1,1.00923373629144,0.0929430362914438,0.0929430362914438,0.0929430362914438,0.00863840799507265,0.797072058836075,1.22690188848033,1,0.700797124407789,-0.215493575592211,0.215493575592211,0.215493575592211,0.0464374811215159,0.410592962949464,0.992604417067635,1,1.58499117473426,0.0849911747342567,0.0849911747342567,0.0849911747342567,0.00722349978270895,1.48483839277822,1.72069040796897,1,1.81541220993364,0.0154122099336389,0.0154122099336389,0.0154122099336389,0.000237536215038558,1.75773063255874,1.92111191797461,1
26,"n1000-b1_1-b2_2p5-b3_2p5",1000,6,256,1,1,0,0.9162907,0.9162907,1.5,1.8,1,1.3,0.112,345,186,312,157,FALSE,NA,TRUE,NA,0.0835501330435969,0.0835501330435969,0.0835501330435969,0.0835501330435969,0.00698062473160274,-0.165006354707504,0.337803507086178,1,1.00200170400744,0.0857110040074414,0.0857110040074414,0.0857110040074414,0.00734637620796363,0.780344647180126,1.23043335905053,1,0.967755659447058,0.0514649594470583,0.0514649594470583,0.0514649594470583,0.00264864205088736,0.662877141070572,1.26676203934012,1,1.60000436551398,0.100004365513979,0.100004365513979,0.100004365513979,0.0100008731218536,1.51500737629997,1.70634038016476,0,1.86533175986459,0.0653317598645875,0.0653317598645875,0.0653317598645875,0.00426823884700413,1.78580921624928,1.98962938447824,1
26,"n1000-b1_1-b2_2p5-b3_2p5",1000,7,257,1,1,0,0.9162907,0.9162907,1.5,1.8,1,1.3,0.1,330,180,335,155,FALSE,NA,TRUE,NA,0.408110724713847,0.408110724713847,0.408110724713847,0.408110724713847,0.166554363626462,0.155500258930185,0.665783748417847,0,1.28685086926816,0.370560169268161,0.370560169268161,0.370560169268161,0.137314839048048,1.05427397070343,1.52657719564245,0,0.480940551232307,-0.435350148767693,0.435350148767693,0.435350148767693,0.189529752032052,0.177095997955301,0.785112762300142,0,1.47166290548411,-0.0283370945158889,0.0283370945158889,0.0283370945158889,0.000802990925602424,1.41670045272294,1.57632266124273,1,1.84993207709977,0.0499320770997695,0.0499320770997695,0.0499320770997695,0.00249321232349733,1.79282587018443,1.92447196358541,1
26,"n1000-b1_1-b2_2p5-b3_2p5",1000,8,258,1,1,0,0.9162907,0.9162907,1.5,1.8,1,1.3,0.1,330,167,342,161,FALSE,NA,TRUE,NA,-0.143048399710538,-0.143048399710538,0.143048399710538,0.143048399710538,0.0204628446597457,-0.392562304442702,0.109949579697565,1,0.762330556634354,-0.153960143365646,0.153960143365646,0.153960143365646,0.0237037257451704,0.547978579186066,0.976769913409846,1,1.27697941148339,0.360688711483389,0.360688711483389,0.360688711483389,0.130096346591547,0.976659297775974,1.5804124953969,0,1.54052631913464,0.0405263191346406,0.0405263191346406,0.0405263191346406,0.00164238254260273,1.4921739070246,1.63300326327771,1,1.86661906785787,0.0666190678578744,0.0666190678578744,0.0666190678578744,0.00443810020225208,1.78921196553137,1.99794628976982,1
26,"n1000-b1_1-b2_2p5-b3_2p5",1000,9,259,1,1,0,0.9162907,0.9162907,1.5,1.8,1,1.3,0.096,327,150,358,165,FALSE,NA,TRUE,NA,0.313269026466849,0.313269026466849,0.313269026466849,0.313269026466849,0.0981374829434875,0.0622097757762868,0.569742542558927,0,0.988257484103876,0.071966784103876,0.071966784103876,0.071966784103876,0.0051792180142539,0.769853240262964,1.20730190955466,1,0.642056702875834,-0.274233997124166,0.274233997124166,0.274233997124166,0.0752042851786969,0.34305561918913,0.943480674960642,1,1.55118315286334,0.0511831528633373,0.0511831528633373,0.0511831528633373,0.00261971513703175,1.4384392139977,1.62561088976592,1,1.78128698583777,-0.0187130141622305,0.0187130141622305,0.0187130141622305,0.000350176899035838,1.67941807684682,1.87048594436866,1
26,"n1000-b1_1-b2_2p5-b3_2p5",1000,10,260,1,1,0,0.9162907,0.9162907,1.5,1.8,1,1.3,0.101,332,178,327,163,FALSE,NA,TRUE,NA,-0.153725934461246,-0.153725934461246,0.153725934461246,0.153725934461246,0.0236316629259832,-0.3956530102013,0.0889808311843482,1,0.918028228730543,0.00173752873054345,0.00173752873054345,0.00173752873054345,3.01900608946392e-06,0.710820138737192,1.13619177794297,1,0.96408300937782,0.0477923093778202,0.0477923093778202,0.0477923093778202,0.00228410483566528,0.674762800227309,1.25300790452368,1,1.52910656141854,0.0291065614185426,0.0291065614185426,0.0291065614185426,0.000847191917611394,1.48111324662599,1.59415213186814,1,1.83584586091202,0.0358458609120245,0.0358458609120245,0.0358458609120245,0.0012849257445242,1.78921942414308,1.89720759508297,1
27,"n1000-b1_1-b2_2p5-b3_2p5",1000,1,261,1,1,0,0.9162907,0.9162907,1.5,1.8,1,1.3,0.086,342,156,338,164,FALSE,NA,TRUE,NA,0.170617276734916,0.170617276734916,0.170617276734916,0.170617276734916,0.0291102551204389,-0.0780362466450863,0.417189371739332,1,1.04316338238232,0.126872682382316,0.126872682382316,0.126872682382316,0.0160966775348839,0.833045212020141,1.25883811155748,1,0.65845423132399,-0.25783646867601,0.25783646867601,0.25783646867601,0.0664796445793151,0.36350129275665,0.953628400112944,1,1.57764345204934,0.0776434520493363,0.0776434520493363,0.0776434520493363,0.00602850564613759,1.47853662058875,1.73923773681649,1,1.85934536808585,0.0593453680858549,0.0593453680858549,0.0593453680858549,0.0035218727132456,1.74649568792155,2.04571620405913,1
27,"n1000-b1_1-b2_2p5-b3_2p5",1000,2,262,1,1,0,0.9162907,0.9162907,1.5,1.8,1,1.3,0.088,344,174,333,149,FALSE,NA,TRUE,NA,-0.0533815068677092,-0.0533815068677092,0.0533815068677092,0.0533815068677092,0.00284958527546728,-0.300774383826718,0.194585698003729,1,0.898559160669838,-0.0177315393301622,0.0177315393301622,0.0177315393301622,0.000314407487017091,0.684517704242793,1.12260415156027,1,1.01170755571994,0.0954168557199415,0.0954168557199415,0.0954168557199415,0.00910437635548014,0.713854066354903,1.30877198882112,1,1.50097998793994,0.000979987939935256,0.000979987939935256,0.000979987939935256,9.60376362418547e-07,1.45985752264677,1.54082363609138,1,1.79393981072265,-0.00606018927735308,0.00606018927735308,0.00606018927735308,3.67258940773452e-05,1.74677808951541,1.85062635349754,1
27,"n1000-b1_1-b2_2p5-b3_2p5",1000,3,263,1,1,0,0.9162907,0.9162907,1.5,1.8,1,1.3,0.091,331,165,334,170,FALSE,NA,TRUE,NA,-0.0775566398009352,-0.0775566398009352,0.0775566398009352,0.0775566398009352,0.006015032377212,-0.321173643385349,0.168892648212955,1,0.793661364643432,-0.122629335356568,0.122629335356568,0.122629335356568,0.0150379538899937,0.587296869398038,1.00329199412586,1,1.15860752539724,0.242316825397236,0.242316825397236,0.242316825397236,0.0587174438705944,0.858763453700826,1.45613820017641,1,1.43910633521393,-0.0608936647860707,0.0608936647860707,0.0608936647860707,0.00370803841107835,1.30864627052645,1.52977042443739,1,1.76237747612532,-0.037622523874679,0.037622523874679,0.037622523874679,0.00141545430270079,1.64597585340115,1.87020882175202,1
27,"n1000-b1_1-b2_2p5-b3_2p5",1000,4,264,1,1,0,0.9162907,0.9162907,1.5,1.8,1,1.3,0.099,323,157,343,177,FALSE,NA,TRUE,NA,0.160136889120915,0.160136889120915,0.160136889120915,0.160136889120915,0.0256438232573243,-0.0863024458981826,0.411312462024652,1,0.868371988935243,-0.0479187110647574,0.0479187110647574,0.0479187110647574,0.00229620287010771,0.662220591647759,1.08342014380192,1,0.821523986119467,-0.0947667138805327,0.0947667138805327,0.0947667138805327,0.00898073005971475,0.52800457132807,1.12209651358975,1,1.50400141649158,0.00400141649157693,0.00400141649157693,0.00400141649157693,1.60113339390638e-05,1.46278243728089,1.55714186093392,1,1.80217266500976,0.00217266500976243,0.00217266500976243,0.00217266500976243,4.72047324464599e-06,1.75782575041322,1.84442113990377,1
27,"n1000-b1_1-b2_2p5-b3_2p5",1000,5,265,1,1,0,0.9162907,0.9162907,1.5,1.8,1,1.3,0.13,318,187,316,179,FALSE,NA,TRUE,NA,-0.153380826168595,-0.153380826168595,0.153380826168595,0.153380826168595,0.0235256778361607,-0.398702296790587,0.0898546116171752,1,0.787149362973002,-0.129141337026998,0.129141337026998,0.129141337026998,0.0166774849291208,0.576925003384343,1.00382825867641,1,1.20460339035452,0.288312690354519,0.288312690354519,0.288312690354519,0.0831242074194606,0.9055320336793,1.50923460025117,1,1.50979613394,0.0097961339399999,0.0097961339399999,0.0097961339399999,9.59642401704179e-05,1.43199582007077,1.55171032369395,1,1.81796208053775,0.0179620805377518,0.0179620805377518,0.0179620805377518,0.000322636337244683,1.75163122320993,1.88555984443196,1
27,"n1000-b1_1-b2_2p5-b3_2p5",1000,6,266,1,1,0,0.9162907,0.9162907,1.5,1.8,1,1.3,0.107,325,156,359,160,FALSE,NA,TRUE,NA,0.0788746771207115,0.0788746771207115,0.0788746771207115,0.0788746771207115,0.00622121469089649,-0.181862349493018,0.339131668855395,1,1.16360549386378,0.247314793863784,0.247314793863784,0.247314793863784,0.061164607263886,0.941101819548715,1.38852475700952,0,0.772836597645985,-0.143454102354015,0.143454102354015,0.143454102354015,0.0205790794821961,0.465480873442486,1.08033505110187,1,1.48341314674225,-0.0165868532577476,0.0165868532577476,0.0165868532577476,0.000275123700994051,1.43940933946944,1.54370901435198,1,1.80015122729269,0.000151227292688905,0.000151227292688905,0.000151227292688905,2.28696940540156e-08,1.72780979693758,1.87838041560119,1
27,"n1000-b1_1-b2_2p5-b3_2p5",1000,7,267,1,1,0,0.9162907,0.9162907,1.5,1.8,1,1.3,0.105,332,157,335,176,FALSE,NA,TRUE,NA,0.0579235693951277,0.0579235693951277,0.0579235693951277,0.0579235693951277,0.00335513989147218,-0.195072197332027,0.309173988620059,1,0.96355745259759,0.0472667525975899,0.0472667525975899,0.0472667525975899,0.00223414590112178,0.748027794175287,1.18280857142313,1,0.863303088467824,-0.0529876115321765,0.0529876115321765,0.0529876115321765,0.00280768697588484,0.561193073466908,1.16049445294923,1,1.5427855311351,0.0427855311351013,0.0427855311351013,0.0427855311351013,0.00183060167451272,1.4545821281158,1.68380603927034,1,1.85606978425733,0.0560697842573317,0.0560697842573317,0.0560697842573317,0.00314382070666372,1.77720273286776,1.97030078147764,1
27,"n1000-b1_1-b2_2p5-b3_2p5",1000,8,268,1,1,0,0.9162907,0.9162907,1.5,1.8,1,1.3,0.108,347,176,320,157,FALSE,NA,TRUE,NA,-0.168236880375614,-0.168236880375614,0.168236880375614,0.168236880375614,0.0283036479185185,-0.420326575492288,0.0812315951274391,1,0.840161950504434,-0.0761287494955663,0.0761287494955663,0.0761287494955663,0.00579558649975868,0.620886132176682,1.06186917868651,1,1.16364199504228,0.247351295042284,0.247351295042284,0.247351295042284,0.0611826631590953,0.864664568149268,1.46198460650759,1,1.47893484556153,-0.0210651544384659,0.0210651544384659,0.0210651544384659,0.00044374073151642,1.4439320369141,1.51719204955179,1,1.79214763176459,-0.00785236823541191,0.00785236823541191,0.00785236823541191,6.1659686904506e-05,1.75260316287855,1.83612322249843,1
27,"n1000-b1_1-b2_2p5-b3_2p5",1000,9,269,1,1,0,0.9162907,0.9162907,1.5,1.8,1,1.3,0.09,341,170,326,163,FALSE,NA,TRUE,NA,-0.0453987931549229,-0.0453987931549229,0.0453987931549229,0.0453987931549229,0.00206105041992348,-0.292330403188431,0.203416076387588,1,0.848562504167626,-0.0677281958323739,0.0677281958323739,0.0677281958323739,0.00458710851070839,0.637518368471219,1.06691016022926,1,1.03266919250164,0.116378492501641,0.116378492501641,0.116378492501641,0.0135439535169545,0.732216918198719,1.33096431940112,1,1.47399344211584,-0.0260065578841555,0.0260065578841555,0.0260065578841555,0.000676341052981931,1.37838996645578,1.58805859804155,1,1.88614228169636,0.0861422816963575,0.0861422816963575,0.0861422816963575,0.00742049269585461,1.79197576616966,2.03565278907353,1
27,"n1000-b1_1-b2_2p5-b3_2p5",1000,10,270,1,1,0,0.9162907,0.9162907,1.5,1.8,1,1.3,0.102,328,166,344,162,FALSE,NA,TRUE,NA,0.123415944359044,0.123415944359044,0.123415944359044,0.123415944359044,0.0152314953220348,-0.133986243252575,0.374402416650158,1,1.01970018054025,0.10340948054025,0.10340948054025,0.10340948054025,0.0106935206656044,0.800382704842822,1.24380360403125,1,0.753546714037715,-0.162743985962285,0.162743985962285,0.162743985962285,0.0264856049668924,0.454567186938078,1.05858086543078,1,1.47053084811184,-0.0294691518881589,0.0294691518881589,0.0294691518881589,0.00086843091300738,1.35806973179201,1.5328292770895,1,1.80419126887767,0.00419126887766774,0.00419126887766774,0.00419126887766774,1.75667348049062e-05,1.71961074868482,1.86402001345719,1
28,"n1000-b1_1-b2_2p5-b3_2p5",1000,1,271,1,1,0,0.9162907,0.9162907,1.5,1.8,1,1.3,0.105,329,163,355,153,FALSE,NA,TRUE,NA,-0.0628333989837159,-0.0628333989837159,0.0628333989837159,0.0628333989837159,0.00394803602784684,-0.320991128839949,0.20048778479616,1,0.992388222026839,0.0760975220268392,0.0760975220268392,0.0760975220268392,0.00579083285862527,0.781088759933536,1.21126041415972,1,1.04548870069926,0.129198000699256,0.129198000699256,0.129198000699256,0.016692123384685,0.733789231919619,1.35359452889231,1,1.51225338351679,0.0122533835167917,0.0122533835167917,0.0122533835167917,0.000150145407609583,1.46045398901657,1.60944260531875,1,1.82204004630275,0.0220400463027459,0.0220400463027459,0.0220400463027459,0.000485763641027184,1.76771253865375,1.90041502731805,1
28,"n1000-b1_1-b2_2p5-b3_2p5",1000,2,272,1,1,0,0.9162907,0.9162907,1.5,1.8,1,1.3,0.096,358,161,319,162,FALSE,NA,TRUE,NA,-0.108158618291652,-0.108158618291652,0.108158618291652,0.108158618291652,0.0116982867107592,-0.358916926149877,0.143455393328197,1,0.840378331637045,-0.0759123683629549,0.0759123683629549,0.0759123683629549,0.00576268767047296,0.627626053531969,1.05763481514709,1,1.01686786520216,0.100577165202165,0.100577165202165,0.100577165202165,0.0101157661601035,0.718789565248382,1.31684684669831,1,1.54363620589278,0.0436362058927833,0.0436362058927833,0.0436362058927833,0.00190411846471737,1.45521157145555,1.66783652483672,1,1.78916101033519,-0.0108389896648133,0.0108389896648133,0.0108389896648133,0.00011748369695393,1.70290019037345,1.84731218713463,1
28,"n1000-b1_1-b2_2p5-b3_2p5",1000,3,273,1,1,0,0.9162907,0.9162907,1.5,1.8,1,1.3,0.125,329,157,333,181,FALSE,NA,TRUE,NA,0.0579432319812334,0.0579432319812334,0.0579432319812334,0.0579432319812334,0.00335741813243103,-0.193940583912099,0.31240470495159,1,1.00221592739646,0.085925227396457,0.085925227396457,0.085925227396457,0.00738314470313285,0.793730437405082,1.21343002060772,1,0.89858407695125,-0.0177066230487496,0.0177066230487496,0.0177066230487496,0.00031352449979051,0.593184700727228,1.20005821647315,1,1.49504207527044,-0.00495792472955792,0.00495792472955792,0.00495792472955792,2.45810176239619e-05,1.46311462472281,1.54233369691821,1,1.79707293329402,-0.00292706670597709,0.00292706670597709,0.00292706670597709,8.56771950123956e-06,1.74875715884027,1.86839313666674,1
28,"n1000-b1_1-b2_2p5-b3_2p5",1000,4,274,1,1,0,0.9162907,0.9162907,1.5,1.8,1,1.3,0.098,347,157,340,156,FALSE,NA,TRUE,NA,-0.239713790855684,-0.239713790855684,0.239713790855684,0.239713790855684,0.0574627015264024,-0.492094381402592,0.0139446311996275,1,0.84290226539903,-0.0733884346009696,0.0733884346009696,0.0733884346009696,0.00538586233318078,0.635738188099363,1.05394049259835,1,1.23341450292779,0.317123802927795,0.317123802927795,0.317123802927795,0.100567506383387,0.929771100861112,1.53315941999139,0,1.52422051479692,0.0242205147969214,0.0242205147969214,0.0242205147969214,0.000586633337027891,1.48383169471982,1.56259848280085,1,1.87150170735222,0.0715017073522162,0.0715017073522162,0.0715017073522162,0.00511249415428196,1.80026358463743,1.92412769424977,0
28,"n1000-b1_1-b2_2p5-b3_2p5",1000,5,275,1,1,0,0.9162907,0.9162907,1.5,1.8,1,1.3,0.096,345,189,314,152,FALSE,NA,TRUE,NA,-0.0737662811434839,-0.0737662811434839,0.0737662811434839,0.0737662811434839,0.0054414642337395,-0.314682902773591,0.167803435131599,1,0.764172237505381,-0.152118462494619,0.152118462494619,0.152118462494619,0.0231400266317268,0.552867763790522,0.981724124366803,1,1.11375616792657,0.197465467926574,0.197465467926574,0.197465467926574,0.0389926110234608,0.818234937554238,1.40934503515772,1,1.50083938572739,0.000839385727392505,0.000839385727392505,0.000839385727392505,7.04568399350245e-07,1.44465960127422,1.57537887225675,1,1.75051117469044,-0.0494888253095562,0.0494888253095562,0.0494888253095562,0.00244914383051977,1.67165355305998,1.85253089245413,1
28,"n1000-b1_1-b2_2p5-b3_2p5",1000,6,276,1,1,0,0.9162907,0.9162907,1.5,1.8,1,1.3,0.103,325,184,350,141,FALSE,NA,TRUE,NA,0.0119286415800148,0.0119286415800148,0.0119286415800148,0.0119286415800148,0.000142292489944458,-0.241606543592234,0.269235308403786,1,0.798621315965565,-0.117669384034435,0.117669384034435,0.117669384034435,0.0138460839390433,0.577014100759837,1.02913127430717,1,0.940938676581933,0.0246479765819333,0.0246479765819333,0.0246479765819333,0.000607522749583532,0.63936221548593,1.24568187972089,1,1.54667525336585,0.0466752533658497,0.0466752533658497,0.0466752533658497,0.00217857927676626,1.49299503923245,1.63743128008062,1,1.86382521798655,0.0638252179865531,0.0638252179865531,0.0638252179865531,0.00407365845103102,1.75344776247356,2.03319504799661,1
28,"n1000-b1_1-b2_2p5-b3_2p5",1000,7,277,1,1,0,0.9162907,0.9162907,1.5,1.8,1,1.3,0.105,345,156,348,151,FALSE,NA,TRUE,NA,-0.0237925321010753,-0.0237925321010753,0.0237925321010753,0.0237925321010753,0.0005660845837807,-0.28270306572711,0.23880494091252,1,0.789694613514611,-0.126596086485389,0.126596086485389,0.126596086485389,0.016026569113416,0.57309582646815,1.01236912140877,1,0.982980140763873,0.0666894407638726,0.0666894407638726,0.0666894407638726,0.00444748150939808,0.675368929454771,1.28561093853858,1,1.49915025038559,-0.000849749614409756,0.000849749614409756,0.000849749614409756,7.22074407189529e-07,1.47105128674211,1.53318242307871,1,1.79750589961331,-0.00249410038669429,0.00249410038669429,0.00249410038669429,6.22053673890859e-06,1.7761318958605,1.82832780780515,1
28,"n1000-b1_1-b2_2p5-b3_2p5",1000,8,278,1,1,0,0.9162907,0.9162907,1.5,1.8,1,1.3,0.112,322,166,339,173,FALSE,NA,TRUE,NA,-0.0735131148902343,-0.0735131148902343,0.0735131148902343,0.0735131148902343,0.00540417806086479,-0.332930301288951,0.183523846464868,1,0.904288135336667,-0.0120025646633333,0.0120025646633333,0.0120025646633333,0.000144061558497497,0.692020128254812,1.11763179924391,1,1.03142163190704,0.115130931907038,0.115130931907038,0.115130931907038,0.0132551314817831,0.729453042452351,1.33809513280627,1,1.54873512479249,0.0487351247924879,0.0487351247924879,0.0487351247924879,0.00237511238853937,1.4569250128697,1.64118476212573,1,1.7788495547216,-0.0211504452784004,0.0211504452784004,0.0211504452784004,0.000447341335474609,1.62963915786588,1.84532124524706,1
28,"n1000-b1_1-b2_2p5-b3_2p5",1000,9,279,1,1,0,0.9162907,0.9162907,1.5,1.8,1,1.3,0.093,334,157,363,146,FALSE,NA,TRUE,NA,0.116141552122218,0.116141552122218,0.116141552122218,0.116141552122218,0.0134888601293578,-0.143672230250657,0.378244932994979,1,1.12204120786662,0.20575050786662,0.20575050786662,0.20575050786662,0.0423332714873722,0.897965772528118,1.34746848633188,1,0.851970773836623,-0.0643199261633769,0.0643199261633769,0.0643199261633769,0.00413705290166226,0.549185467076863,1.15639982840279,1,1.46541582561222,-0.0345841743877793,0.0345841743877793,0.0345841743877793,0.00119606511808433,1.43216896482943,1.51009244231844,1,1.78485003890288,-0.0151499610971215,0.0151499610971215,0.0151499610971215,0.000229521321244296,1.75517838851656,1.82940279468583,1
28,"n1000-b1_1-b2_2p5-b3_2p5",1000,10,280,1,1,0,0.9162907,0.9162907,1.5,1.8,1,1.3,0.1,327,163,340,170,FALSE,NA,TRUE,NA,-0.0686349407139101,-0.0686349407139101,0.0686349407139101,0.0686349407139101,0.00471075508680196,-0.311449401344737,0.173350462469363,1,0.794770716827272,-0.121519983172728,0.121519983172728,0.121519983172728,0.0147671063103,0.59016813382777,1.00100635977106,1,0.953580703869945,0.0372900038699446,0.0372900038699446,0.0372900038699446,0.00139054438862049,0.661486249372966,1.24709313879474,1,1.52503147576818,0.025031475768176,0.025031475768176,0.025031475768176,0.000626574779132782,1.47845618340345,1.57712412891513,1,1.82539564767388,0.0253956476738821,0.0253956476738821,0.0253956476738821,0.000644938920775955,1.79308237876064,1.85552851588332,1
29,"n1000-b1_1-b2_2p5-b3_2p5",1000,1,281,1,1,0,0.9162907,0.9162907,1.5,1.8,1,1.3,0.095,363,162,311,164,FALSE,NA,TRUE,NA,0.31652651680612,0.31652651680612,0.31652651680612,0.31652651680612,0.100189035841415,0.0643462527534295,0.573513669892993,0,1.13208447782348,0.215793777823482,0.215793777823482,0.215793777823482,0.0465669545473304,0.911608453070116,1.35570656172529,1,0.479591120893564,-0.436699579106436,0.436699579106436,0.436699579106436,0.190706522391738,0.180805132751236,0.776829096420612,0,1.50436870420444,0.00436870420444158,0.00436870420444158,0.00436870420444158,1.90855764259055e-05,1.4593383365801,1.61924082442683,1,1.78291627523312,-0.0170837247668776,0.0170837247668776,0.0170837247668776,0.000291853651910427,1.73213517420324,1.91800455031449,1
29,"n1000-b1_1-b2_2p5-b3_2p5",1000,2,282,1,1,0,0.9162907,0.9162907,1.5,1.8,1,1.3,0.093,336,179,318,167,FALSE,NA,TRUE,NA,-0.183572946136327,-0.183572946136327,0.183572946136327,0.183572946136327,0.0336990265531707,-0.41896747335878,0.0541247778505178,1,0.841416835189703,-0.0748738648102967,0.0748738648102967,0.0748738648102967,0.00560609563163058,0.635167117018783,1.05165994827117,1,1.0792043858317,0.162913685831703,0.162913685831703,0.162913685831703,0.0265408690312708,0.792098465754971,1.37200144386275,1,1.52268064332534,0.0226806433253444,0.0226806433253444,0.0226806433253444,0.000514411581651488,1.49684942938809,1.56528756423064,1,1.84628214801775,0.0462821480177502,0.0462821480177502,0.0462821480177502,0.00214203722513694,1.80553346728784,1.91550772907621,0
29,"n1000-b1_1-b2_2p5-b3_2p5",1000,3,283,1,1,0,0.9162907,0.9162907,1.5,1.8,1,1.3,0.076,350,160,338,152,FALSE,NA,TRUE,NA,-0.206120912008219,-0.206120912008219,0.206120912008219,0.206120912008219,0.0424858303671,-0.455235176958196,0.0439581559193001,1,0.831635854179722,-0.0846548458202778,0.0846548458202778,0.0846548458202778,0.00716644292085501,0.620724181541483,1.04990206465171,1,1.24843230179557,0.332141601795573,0.332141601795573,0.332141601795573,0.110318043643329,0.951265795679877,1.54923827282004,0,1.53262984917954,0.0326298491795387,0.0326298491795387,0.0326298491795387,0.00106470705747944,1.48433473434642,1.58464588345445,1,1.82905535945475,0.0290553594547498,0.0290553594547498,0.0290553594547498,0.000844213913044718,1.78385795613182,1.91369745188998,1
29,"n1000-b1_1-b2_2p5-b3_2p5",1000,4,284,1,1,0,0.9162907,0.9162907,1.5,1.8,1,1.3,0.105,329,172,337,162,FALSE,NA,TRUE,NA,-0.12310455172135,-0.12310455172135,0.12310455172135,0.12310455172135,0.0151547306545144,-0.371143852221051,0.126261732611369,1,0.841019304905478,-0.0752713950945217,0.0752713950945217,0.0752713950945217,0.00566578291947559,0.627953945963912,1.05493175666655,1,1.02432309045634,0.10803239045634,0.10803239045634,0.10803239045634,0.0116709973877112,0.728882037941208,1.32529660128383,1,1.50493421397088,0.00493421397087701,0.00493421397087701,0.00493421397087701,2.43464675103979e-05,1.369279335825,1.78881953368854,1,1.78764503600747,-0.0123549639925267,0.0123549639925267,0.0123549639925267,0.000152645135256631,1.61282124669573,2.00680421316054,1
29,"n1000-b1_1-b2_2p5-b3_2p5",1000,5,285,1,1,0,0.9162907,0.9162907,1.5,1.8,1,1.3,0.115,286,187,359,168,FALSE,NA,TRUE,NA,-0.0461725088301497,-0.0461725088301497,0.0461725088301497,0.0461725088301497,0.00213190057167025,-0.287619475540594,0.199560396816222,1,0.873016412861816,-0.0432742871381838,0.0432742871381838,0.0432742871381838,0.00187266392731798,0.665651778932611,1.0849558008689,1,0.988184394847781,0.0718936948477807,0.0718936948477807,0.0718936948477807,0.00516870335886581,0.692115222264923,1.28488893459621,1,1.41994458139429,-0.0800554186057101,0.0800554186057101,0.0800554186057101,0.00640887004813547,1.37454905509303,1.48134664128975,0,1.83298444474235,0.0329844447423524,0.0329844447423524,0.0329844447423524,0.0010879735949613,1.76973548919732,1.93678176792484,1
29,"n1000-b1_1-b2_2p5-b3_2p5",1000,6,286,1,1,0,0.9162907,0.9162907,1.5,1.8,1,1.3,0.097,341,165,330,164,FALSE,NA,TRUE,NA,0.00332759864537518,0.00332759864537518,0.00332759864537518,0.00332759864537518,1.10729127447027e-05,-0.245968291219984,0.250872068315007,1,0.918404303443304,0.00211360344330436,0.00211360344330436,0.00211360344330436,4.46731951554803e-06,0.708338597356401,1.13327869265317,1,0.93093582439874,0.0146451243987398,0.0146451243987398,0.0146451243987398,0.000214479668654563,0.634951161555092,1.23040027512734,1,1.45035435335448,-0.0496456466455171,0.0496456466455171,0.0496456466455171,0.00246469023085154,1.38407501509045,1.55559955517009,1,1.76928918941484,-0.0307108105851572,0.0307108105851572,0.0307108105851572,0.000943153886797406,1.68054711647767,1.88742137737919,1
29,"n1000-b1_1-b2_2p5-b3_2p5",1000,7,287,1,1,0,0.9162907,0.9162907,1.5,1.8,1,1.3,0.102,336,160,317,187,FALSE,NA,TRUE,NA,-0.00106015900519136,-0.00106015900519136,0.00106015900519136,0.00106015900519136,1.12393711628833e-06,-0.251007241049318,0.243859603193668,1,1.07890075471476,0.162610054714756,0.162610054714756,0.162610054714756,0.0264420298943361,0.87430702055333,1.2876225195291,1,0.935959357637777,0.0196686576377768,0.0196686576377768,0.0196686576377768,0.000386856093272076,0.638711569331876,1.23339094605765,1,1.50024996023968,0.000249960239678604,0.000249960239678604,0.000249960239678604,6.24801214201851e-08,1.43475302615835,1.54224840259767,1,1.80579868234688,0.00579868234688452,0.00579868234688452,0.00579868234688452,3.36247169600702e-05,1.70835457923528,1.85592683358654,1
29,"n1000-b1_1-b2_2p5-b3_2p5",1000,8,288,1,1,0,0.9162907,0.9162907,1.5,1.8,1,1.3,0.094,334,164,342,160,FALSE,NA,TRUE,NA,-0.0340493056955299,-0.0340493056955299,0.0340493056955299,0.0340493056955299,0.00115935521834764,-0.284376486385172,0.2193879819748,1,0.805316415339419,-0.110974284660581,0.110974284660581,0.110974284660581,0.0123152918559278,0.591898452938347,1.02344010059684,1,1.00281168362407,0.0865209836240668,0.0865209836240668,0.0865209836240668,0.00748588060727603,0.700475791618414,1.30466423012868,1,1.50008664046128,8.66404612829275e-05,8.66404612829275e-05,8.66404612829275e-05,7.50656953131845e-09,1.3678265692167,1.59622367894713,1,1.83630589371066,0.0363058937106631,0.0363058937106631,0.0363058937106631,0.00131811791812996,1.77709620600369,1.93864569235754,1
29,"n1000-b1_1-b2_2p5-b3_2p5",1000,9,289,1,1,0,0.9162907,0.9162907,1.5,1.8,1,1.3,0.102,332,171,331,166,FALSE,NA,TRUE,NA,-0.110497174823651,-0.110497174823651,0.110497174823651,0.110497174823651,0.0122096256440084,-0.357173432373956,0.140211146515595,1,0.794252271255853,-0.122038428744147,0.122038428744147,0.122038428744147,0.0148933780903402,0.584317907240987,1.00666995408338,1,0.990384411859962,0.0740937118599621,0.0740937118599621,0.0740937118599621,0.00548987813718708,0.692337550033035,1.28750121236625,1,1.52060996659131,0.0206099665913113,0.0206099665913113,0.0206099665913113,0.000424770722894968,1.43647496656012,1.59969642217855,1,1.7951520241174,-0.00484797588259767,0.00484797588259767,0.00484797588259767,2.35028701582486e-05,1.71847544969065,1.95511349004649,1
29,"n1000-b1_1-b2_2p5-b3_2p5",1000,10,290,1,1,0,0.9162907,0.9162907,1.5,1.8,1,1.3,0.092,339,177,332,152,FALSE,NA,TRUE,NA,0.092927518218337,0.092927518218337,0.092927518218337,0.092927518218337,0.00863552364221935,-0.151481936963567,0.342334778150016,1,0.950844139906438,0.0345534399064379,0.0345534399064379,0.0345534399064379,0.00119394020936781,0.729233814237677,1.17349453677121,1,0.88060222388032,-0.0356884761196797,0.0356884761196797,0.0356884761196797,0.00127366732774495,0.585841237863639,1.17550827071518,1,1.48382069278302,-0.0161793072169769,0.0161793072169769,0.0161793072169769,0.000261769982021321,1.42670484808691,1.5244525987631,1,1.81081510034344,0.0108151003434447,0.0108151003434447,0.0108151003434447,0.000116966395438777,1.76611402553041,1.8852762376448,1
30,"n1000-b1_1-b2_2p5-b3_2p5",1000,1,291,1,1,0,0.9162907,0.9162907,1.5,1.8,1,1.3,0.103,316,186,347,151,FALSE,NA,TRUE,NA,0.119202311473795,0.119202311473795,0.119202311473795,0.119202311473795,0.0142091910606958,-0.127539598939815,0.365980706576278,1,0.934567821061429,0.0182771210614291,0.0182771210614291,0.0182771210614291,0.000334053154294135,0.717031251067101,1.16127805085967,1,0.889389811789625,-0.0269008882103752,0.0269008882103752,0.0269008882103752,0.000723657786507102,0.591991615819967,1.18450855573443,1,1.51043226051816,0.0104322605181568,0.0104322605181568,0.0104322605181568,0.000108832059518694,1.49278896164617,1.53783745517114,1,1.8246297083422,0.0246297083422047,0.0246297083422047,0.0246297083422047,0.000606622533022067,1.78519953298131,1.86263531023323,1
30,"n1000-b1_1-b2_2p5-b3_2p5",1000,2,292,1,1,0,0.9162907,0.9162907,1.5,1.8,1,1.3,0.107,325,166,335,174,FALSE,NA,TRUE,NA,0.0121287842998862,0.0121287842998862,0.0121287842998862,0.0121287842998862,0.000147107408593165,-0.230519734547333,0.256006992841409,1,0.869155963782151,-0.0471347362178489,0.0471347362178489,0.0471347362178489,0.0022216833583262,0.660655881417569,1.07921292037225,1,0.890201848429351,-0.0260888515706492,0.0260888515706492,0.0260888515706492,0.000680628176275366,0.59420761348703,1.18458144716577,1,1.49608443389305,-0.00391556610694987,0.00391556610694987,0.00391556610694987,1.53316579378946e-05,1.4535633413201,1.57475234146078,1,1.75755798518064,-0.0424420148193603,0.0424420148193603,0.0424420148193603,0.0018013246219268,1.6931576363265,1.8496679164109,1
30,"n1000-b1_1-b2_2p5-b3_2p5",1000,3,293,1,1,0,0.9162907,0.9162907,1.5,1.8,1,1.3,0.106,326,194,324,156,FALSE,NA,TRUE,NA,-0.118878562358036,-0.118878562358036,0.118878562358036,0.118878562358036,0.0141321125883134,-0.359161850639384,0.123087718857822,1,0.909352092892388,-0.00693860710761207,0.00693860710761207,0.00693860710761207,4.81442685938048e-05,0.690595733895028,1.13152467028229,1,1.07157699724157,0.155286297241565,0.155286297241565,0.155286297241565,0.0241138341109957,0.780427308218923,1.36619884909155,1,1.52092985186382,0.0209298518638248,0.0209298518638248,0.0209298518638248,0.00043805869904165,1.42847430163656,1.69233025873644,1,1.82868909657115,0.0286890965711457,0.0286890965711457,0.0286890965711457,0.000823064262068525,1.76484138296236,1.92538647292358,1
30,"n1000-b1_1-b2_2p5-b3_2p5",1000,4,294,1,1,0,0.9162907,0.9162907,1.5,1.8,1,1.3,0.1,320,179,325,176,FALSE,NA,TRUE,NA,-0.11514685292674,-0.11514685292674,0.11514685292674,0.11514685292674,0.0132587977389324,-0.353908385908157,0.125785928744869,1,0.811587713163132,-0.104702986836868,0.104702986836868,0.104702986836868,0.0109627154525613,0.605874388016782,1.01905948516825,1,0.834890750618947,-0.0813999493810531,0.0813999493810531,0.0813999493810531,0.00662595175923801,0.542994759865107,1.12606757182978,1,1.50584591233193,0.00584591233192722,0.00584591233192722,0.00584591233192722,3.41746909925787e-05,1.47143570289916,1.60427255942685,1,1.80094782309725,0.000947823097251943,0.000947823097251943,0.000947823097251943,8.98368623684266e-07,1.76078406300614,1.88195155711437,1
30,"n1000-b1_1-b2_2p5-b3_2p5",1000,5,295,1,1,0,0.9162907,0.9162907,1.5,1.8,1,1.3,0.093,323,161,352,164,FALSE,NA,TRUE,NA,-0.290646664152361,-0.290646664152361,0.290646664152361,0.290646664152361,0.0844754833828952,-0.539155567212465,-0.0412415100441801,0,0.775185341955748,-0.141105358044252,0.141105358044252,0.141105358044252,0.0199107220687967,0.568202578767631,0.985220588051271,1,1.19287077819434,0.276580078194344,0.276580078194344,0.276580078194344,0.0764965396539894,0.896136598540689,1.49384880532626,1,1.48096758690099,-0.0190324130990125,0.0190324130990125,0.0190324130990125,0.000362232748371462,1.42639508154153,1.60497343060544,1,1.817952056027,0.0179520560270019,0.0179520560270019,0.0179520560270019,0.000322276315596615,1.77427616417836,1.90999385307977,1
30,"n1000-b1_1-b2_2p5-b3_2p5",1000,6,296,1,1,0,0.9162907,0.9162907,1.5,1.8,1,1.3,0.095,333,155,335,177,FALSE,NA,TRUE,NA,0.132433547152118,0.132433547152118,0.132433547152118,0.132433547152118,0.0175386444112922,-0.112311177119921,0.374310351542975,1,0.861317448471159,-0.0549732515288411,0.0549732515288411,0.0549732515288411,0.00302205838365323,0.654494068291775,1.07522728592491,1,0.886195248840706,-0.0300954511592942,0.0300954511592942,0.0300954511592942,0.000905736180481465,0.589625852217025,1.18401414640818,1,1.50504253008235,0.00504253008235289,0.00504253008235289,0.00504253008235289,2.54271096314339e-05,1.47483580505496,1.5804989583712,1,1.81238870290277,0.0123887029027654,0.0123887029027654,0.0123887029027654,0.000153479959612988,1.66646860414243,1.87334363667238,1
30,"n1000-b1_1-b2_2p5-b3_2p5",1000,7,297,1,1,0,0.9162907,0.9162907,1.5,1.8,1,1.3,0.097,341,153,334,172,FALSE,NA,TRUE,NA,0.187755065185205,0.187755065185205,0.187755065185205,0.187755065185205,0.0352519645027007,-0.067297793764817,0.440761074287647,1,0.969595182438149,0.0533044824381494,0.0533044824381494,0.0533044824381494,0.00284136784799898,0.755884688246035,1.18871522084149,1,0.624790954131202,-0.291499745868798,0.291499745868798,0.291499745868798,0.0849721018415736,0.328327709571827,0.928439520184473,1,1.4978905282706,-0.00210947172940013,0.00210947172940013,0.00210947172940013,4.44987097713836e-06,1.46746312054227,1.54755840755272,1,1.80373006614275,0.0037300661427484,0.0037300661427484,0.0037300661427484,1.39133934292779e-05,1.67986503892078,1.91100671284418,1
30,"n1000-b1_1-b2_2p5-b3_2p5",1000,8,298,1,1,0,0.9162907,0.9162907,1.5,1.8,1,1.3,0.102,302,171,352,175,FALSE,NA,TRUE,NA,-0.0245332202746345,-0.0245332202746345,0.0245332202746345,0.0245332202746345,0.000601878897043736,-0.267388748463588,0.218855864041716,1,0.942669893500633,0.0263791935006331,0.0263791935006331,0.0263791935006331,0.000695861849743844,0.738131214797482,1.14841815083809,1,0.825028248950443,-0.0912624510495569,0.0912624510495569,0.0912624510495569,0.00832883497157277,0.533702181227824,1.11926213946949,1,1.4984050235233,-0.00159497647669937,0.00159497647669937,0.00159497647669937,2.54394996122434e-06,1.37006853271073,1.59352422341566,1,1.81751313965987,0.0175131396598658,0.0175131396598658,0.0175131396598658,0.000306710060745964,1.68737808266191,1.92024176881503,1
30,"n1000-b1_1-b2_2p5-b3_2p5",1000,9,299,1,1,0,0.9162907,0.9162907,1.5,1.8,1,1.3,0.094,330,162,348,160,FALSE,NA,TRUE,NA,-0.0770134583754052,-0.0770134583754052,0.0770134583754052,0.0770134583754052,0.00593107277094026,-0.328529739448834,0.174732125502722,1,0.854927424179566,-0.0613632758204343,0.0613632758204343,0.0613632758204343,0.0037654516194147,0.640031600843495,1.07279109340027,1,1.01457429788515,0.0982835978851497,0.0982835978851497,0.0982835978851497,0.00965966561324981,0.712144939673294,1.31901570044664,1,1.49933237007953,-0.00066762992046776,0.00066762992046776,0.00066762992046776,4.45729710703788e-07,1.4404998557488,1.52484040023619,1,1.79862486586704,-0.00137513413296353,0.00137513413296353,0.00137513413296353,1.89099388364136e-06,1.76215918341632,1.83004886842256,1
30,"n1000-b1_1-b2_2p5-b3_2p5",1000,10,300,1,1,0,0.9162907,0.9162907,1.5,1.8,1,1.3,0.11,340,171,338,151,FALSE,NA,TRUE,NA,0.0626261977312118,0.0626261977312118,0.0626261977312118,0.0626261977312118,0.00392204064226884,-0.189471960112536,0.314821126685931,1,0.907175068493696,-0.00911563150630434,0.00911563150630434,0.00911563150630434,8.30947377587284e-05,0.683082337203891,1.13671581111627,1,0.915363284430482,-0.000927415569518475,0.000927415569518475,0.000927415569518475,8.60099638585277e-07,0.61218769439645,1.2193385930856,1,1.52210657288166,0.0221065728816559,0.0221065728816559,0.0221065728816559,0.000488700564571962,1.46371525615933,1.61304020501861,1,1.85067970044788,0.0506797004478814,0.0506797004478814,0.0506797004478814,0.00256843203748699,1.79584341320476,1.97874313311694,1
31,"n1000-b1_1-b2_2p5-b3_2p5",1000,1,301,1,1,0,0.9162907,0.9162907,1.5,1.8,1,1.3,0.1,361,162,318,159,FALSE,NA,TRUE,NA,0.130940609371064,0.130940609371064,0.130940609371064,0.130940609371064,0.0171454431824656,-0.127210092147926,0.390226586258829,1,1.07044354736781,0.15415284736781,0.15415284736781,0.15415284736781,0.0237631003516034,0.850690651797742,1.30002181830699,1,0.792564394396118,-0.123726305603882,0.123726305603882,0.123726305603882,0.0153081986983853,0.490564967920646,1.09740006174942,1,1.49854127418105,-0.00145872581894602,0.00145872581894602,0.00145872581894602,2.12788101485973e-06,1.46276022405387,1.54177682323635,1,1.80977372888236,0.00977372888236228,0.00977372888236228,0.00977372888236228,9.55257762659225e-05,1.75434636161042,1.8688473812878,1
31,"n1000-b1_1-b2_2p5-b3_2p5",1000,2,302,1,1,0,0.9162907,0.9162907,1.5,1.8,1,1.3,0.097,343,169,314,174,FALSE,NA,TRUE,NA,0.136402077187297,0.136402077187297,0.136402077187297,0.136402077187297,0.0186055266610094,-0.112206570941957,0.3810918306028,1,1.04507135125154,0.128780651251538,0.128780651251538,0.128780651251538,0.0165844561367703,0.826250553014874,1.26375775749553,1,0.768002588213348,-0.148288111786652,0.148288111786652,0.148288111786652,0.0219893640972505,0.475526624474498,1.06031615831857,1,1.4557532540299,-0.0442467459700984,0.0442467459700984,0.0442467459700984,0.00195777452894242,1.44035483840354,1.51321242347042,1,1.71715466485933,-0.0828453351406719,0.0828453351406719,0.0828453351406719,0.00686334955457025,1.67354989023924,1.82732892913575,1
31,"n1000-b1_1-b2_2p5-b3_2p5",1000,3,303,1,1,0,0.9162907,0.9162907,1.5,1.8,1,1.3,0.081,340,166,333,161,FALSE,NA,TRUE,NA,0.200985879418301,0.200985879418301,0.200985879418301,0.200985879418301,0.0403953237255477,-0.0410414047635124,0.447332068254818,1,1.01047938848978,0.0941886884897769,0.0941886884897769,0.0941886884897769,0.00887150903942423,0.795377327817597,1.23299779551616,1,0.664492949566007,-0.251797750433993,0.251797750433993,0.251797750433993,0.0634021071236194,0.367034918755927,0.958333318190557,1,1.50092558352451,0.000925583524513884,0.000925583524513884,0.000925583524513884,8.56704860851544e-07,1.45604647467292,1.56394183316007,1,1.82999403452334,0.0299940345233394,0.0299940345233394,0.0299940345233394,0.000899642106987274,1.73645815304502,1.9035725351222,1
31,"n1000-b1_1-b2_2p5-b3_2p5",1000,4,304,1,1,0,0.9162907,0.9162907,1.5,1.8,1,1.3,0.099,357,166,318,159,FALSE,NA,TRUE,NA,-0.0852368124292702,-0.0852368124292702,0.0852368124292702,0.0852368124292702,0.0072653141931026,-0.335974364490277,0.168280156628602,1,0.867729290321563,-0.0485614096784367,0.0485614096784367,0.0485614096784367,0.00235821050995697,0.653022101734793,1.08714177868111,1,0.980173545965566,0.0638828459655661,0.0638828459655661,0.0638828459655661,0.00408101800866025,0.687133129537837,1.27626754051641,1,1.48934737360171,-0.0106526263982947,0.0106526263982947,0.0106526263982947,0.000113478449181645,1.44760912293792,1.52261101943253,1,1.8027485693281,0.00274856932809553,0.00274856932809553,0.00274856932809553,7.55463335134751e-06,1.74681420154163,1.83266949149627,1
31,"n1000-b1_1-b2_2p5-b3_2p5",1000,5,305,1,1,0,0.9162907,0.9162907,1.5,1.8,1,1.3,0.101,319,166,350,165,FALSE,NA,TRUE,NA,0.0865668624317345,0.0865668624317345,0.0865668624317345,0.0865668624317345,0.00749382167127485,-0.158971465958205,0.334390175870756,1,0.868139445497056,-0.0481512545029442,0.0481512545029442,0.0481512545029442,0.00231854331020731,0.658827458048347,1.08350799794629,1,0.899184255407139,-0.0171064445928608,0.0171064445928608,0.0171064445928608,0.000292630446608617,0.600496321767088,1.19645482623564,1,1.50973525321404,0.00973525321404289,0.00973525321404289,0.00973525321404289,9.47751551415325e-05,1.45153022860169,1.61963229211709,1,1.84457761501021,0.0445776150102131,0.0445776150102131,0.0445776150102131,0.00198716375999877,1.78744325009492,1.96436012344418,1
31,"n1000-b1_1-b2_2p5-b3_2p5",1000,6,306,1,1,0,0.9162907,0.9162907,1.5,1.8,1,1.3,0.1,353,174,318,155,FALSE,NA,TRUE,NA,-0.0317313502515097,-0.0317313502515097,0.0317313502515097,0.0317313502515097,0.00100687858878398,-0.281326133817361,0.216487533224879,1,0.88710822821649,-0.0291824717835104,0.0291824717835104,0.0291824717835104,0.000851616659395381,0.66848538731231,1.10720389832615,1,0.937377003855185,0.0210863038551854,0.0210863038551854,0.0210863038551854,0.000444632210273206,0.640645211814526,1.24030652845308,1,1.54352863486456,0.0435286348645634,0.0435286348645634,0.0435286348645634,0.00189474205317248,1.49635039068976,1.61897172052596,1,1.79518496342786,-0.00481503657214466,0.00481503657214466,0.00481503657214466,2.31845771910906e-05,1.75486416838324,1.84678740207692,1
31,"n1000-b1_1-b2_2p5-b3_2p5",1000,7,307,1,1,0,0.9162907,0.9162907,1.5,1.8,1,1.3,0.098,327,166,339,168,FALSE,NA,TRUE,NA,-0.169387589053619,-0.169387589053619,0.169387589053619,0.169387589053619,0.0286921553253977,-0.416788528032043,0.0790369219080746,1,0.861733680665906,-0.0545570193340944,0.0545570193340944,0.0545570193340944,0.00297646835862075,0.650024982346814,1.07388559337263,1,1.33046127179847,0.414170571798469,0.414170571798469,0.414170571798469,0.171537262543871,1.02799679396174,1.63153068955325,0,1.48446545555116,-0.0155345444488442,0.0155345444488442,0.0155345444488442,0.000241322071233115,1.40595532337432,1.54838108197183,1,1.82490813154959,0.0249081315495923,0.0249081315495923,0.0249081315495923,0.000620415017291793,1.71649935384854,1.93623009303992,1
31,"n1000-b1_1-b2_2p5-b3_2p5",1000,8,308,1,1,0,0.9162907,0.9162907,1.5,1.8,1,1.3,0.084,318,161,336,185,FALSE,NA,TRUE,NA,0.133480848146387,0.133480848146387,0.133480848146387,0.133480848146387,0.0178171368218789,-0.102182904100255,0.367515320650724,1,0.935414262813913,0.0191235628139127,0.0191235628139127,0.0191235628139127,0.000365710654697665,0.730030754068745,1.14251909080686,1,0.71043707107283,-0.20585362892717,0.20585362892717,0.20585362892717,0.0423757165424848,0.423639446591674,0.99397266219753,1,1.46881762941556,-0.0311823705844367,0.0311823705844367,0.0311823705844367,0.000972340235265145,1.40964764681359,1.57097802331811,1,1.75155562157328,-0.048444378426725,0.048444378426725,0.048444378426725,0.00234685780115174,1.68547316167248,1.88621827560596,1
31,"n1000-b1_1-b2_2p5-b3_2p5",1000,9,309,1,1,0,0.9162907,0.9162907,1.5,1.8,1,1.3,0.118,327,190,310,173,FALSE,NA,TRUE,NA,-0.0292799092631901,-0.0292799092631901,0.0292799092631901,0.0292799092631901,0.000857313086460644,-0.277535599921408,0.217489720389939,1,0.999694638463487,0.0834039384634868,0.0834039384634868,0.0834039384634868,0.0069562169512211,0.78650546762848,1.2114168204498,1,0.912592861207931,-0.00369783879206864,0.00369783879206864,0.00369783879206864,1.36740117321277e-05,0.613723227836387,1.20992520107717,1,1.4288640863453,-0.0711359136546983,0.0711359136546983,0.0711359136546983,0.00506031821148869,1.38092973194115,1.4920622222922,0,1.76237964447711,-0.0376203555228893,0.0376203555228893,0.0376203555228893,0.00141529114966859,1.71428189055409,1.85622349977781,1
31,"n1000-b1_1-b2_2p5-b3_2p5",1000,10,310,1,1,0,0.9162907,0.9162907,1.5,1.8,1,1.3,0.098,313,179,349,159,FALSE,NA,TRUE,NA,0.00987924700534172,0.00987924700534172,0.00987924700534172,0.00987924700534172,9.75995213925533e-05,-0.231526796231996,0.25138717621476,1,0.864447935124333,-0.0518427648756672,0.0518427648756672,0.0518427648756672,0.00268767226995371,0.655136381906081,1.07919992006078,1,0.994453089871306,0.078162389871306,0.078162389871306,0.078162389871306,0.00610935919039403,0.699126712849193,1.28644623791458,1,1.57345518262165,0.0734551826216465,0.0734551826216465,0.0734551826216465,0.00539566385397944,1.48164140611085,1.71659795754909,1,1.8435825352551,0.0435825352550974,0.0435825352550974,0.0435825352550974,0.0018994373792618,1.77493065683357,1.95232742365386,1
32,"n1000-b1_1-b2_2p5-b3_2p5",1000,1,311,1,1,0,0.9162907,0.9162907,1.5,1.8,1,1.3,0.106,317,168,355,160,FALSE,NA,TRUE,NA,-0.0584253956350857,-0.0584253956350857,0.0584253956350857,0.0584253956350857,0.0034135268551163,-0.309973878830038,0.194399472094705,1,0.986432635105459,0.070141935105459,0.070141935105459,0.070141935105459,0.00491989106033842,0.774061366296616,1.20362946390017,1,0.807841337154016,-0.108449362845984,0.108449362845984,0.108449362845984,0.0117612643016998,0.509559676215412,1.11052992687898,1,1.5346115862713,0.0346115862713037,0.0346115862713037,0.0346115862713037,0.0011979619042159,1.4887412168241,1.62062396714356,1,1.80652854954135,0.0065285495413534,0.0065285495413534,0.0065285495413534,4.26219591139057e-05,1.78503382646729,1.85138989866251,1
32,"n1000-b1_1-b2_2p5-b3_2p5",1000,2,312,1,1,0,0.9162907,0.9162907,1.5,1.8,1,1.3,0.095,329,156,361,154,FALSE,NA,TRUE,NA,-0.191704779905483,-0.191704779905483,0.191704779905483,0.191704779905483,0.0367507226386098,-0.454861565674904,0.0732584338470732,1,0.729731875195746,-0.186558824804254,0.186558824804254,0.186558824804254,0.0348041951123442,0.512327199552328,0.949863707787752,1,1.12975371795895,0.21346301795895,0.21346301795895,0.21346301795895,0.0455664600361428,0.824085787606033,1.43967188241752,1,1.34161542508211,-0.15838457491789,0.15838457491789,0.15838457491789,0.0250856735719209,1.25245465389926,1.46657828903128,0,1.78508274026139,-0.0149172597386056,0.0149172597386056,0.0149172597386056,0.000222524638109023,1.68284135495387,1.91752261366205,1
32,"n1000-b1_1-b2_2p5-b3_2p5",1000,3,313,1,1,0,0.9162907,0.9162907,1.5,1.8,1,1.3,0.092,326,160,348,166,FALSE,NA,TRUE,NA,0.119782242316658,0.119782242316658,0.119782242316658,0.119782242316658,0.0143477855744066,-0.133925004667959,0.367623546342678,1,0.906200569813591,-0.0100901301864089,0.0100901301864089,0.0100901301864089,0.00010181072717868,0.694104032523896,1.12547269914138,1,0.830525631986266,-0.085765068013734,0.085765068013734,0.085765068013734,0.00735564689140041,0.529922362885743,1.13195446023822,1,1.4962932849823,-0.00370671501770325,0.00370671501770325,0.00370671501770325,1.37397362224668e-05,1.46498799027749,1.56779326745567,1,1.7469969393604,-0.0530030606396006,0.0530030606396006,0.0530030606396006,0.00280932443716518,1.67454786657679,1.83067559994279,1
32,"n1000-b1_1-b2_2p5-b3_2p5",1000,4,314,1,1,0,0.9162907,0.9162907,1.5,1.8,1,1.3,0.108,321,164,344,171,FALSE,NA,TRUE,NA,0.0553038022710937,0.0553038022710937,0.0553038022710937,0.0553038022710937,0.00305851054564023,-0.195251129778351,0.3079808006091,1,0.812537593253023,-0.103753106746977,0.103753106746977,0.103753106746977,0.0107647071596495,0.599759761882902,1.0335855058732,1,0.961184401247123,0.0448937012471229,0.0448937012471229,0.0448937012471229,0.00201544441166592,0.658761350631901,1.26328266218966,1,1.46960849993332,-0.0303915000666846,0.0303915000666846,0.0303915000666846,0.000923643276303288,1.42087120920729,1.57653673949459,1,1.69128115764892,-0.108718842351078,0.108718842351078,0.108718842351078,0.0118197866821586,1.60757688082563,1.82574315413726,1
32,"n1000-b1_1-b2_2p5-b3_2p5",1000,5,315,1,1,0,0.9162907,0.9162907,1.5,1.8,1,1.3,0.097,342,165,332,161,FALSE,NA,TRUE,NA,-0.0206819384323075,-0.0206819384323075,0.0206819384323075,0.0206819384323075,0.00042774257731776,-0.268418960955092,0.22533407432273,1,0.857835825017834,-0.0584548749821663,0.0584548749821663,0.0584548749821663,0.00341697240918069,0.639711638830145,1.07510578329532,1,1.01100241949065,0.0947117194906493,0.0947117194906493,0.0947117194906493,0.00897030980887543,0.714784875807549,1.31257039908819,1,1.46729792350549,-0.0327020764945074,0.0327020764945074,0.0327020764945074,0.00106942580705261,1.40030576836507,1.52456345194051,1,1.7781670760161,-0.0218329239838986,0.0218329239838986,0.0218329239838986,0.000476676569686694,1.72333184975026,1.84085141337297,1
32,"n1000-b1_1-b2_2p5-b3_2p5",1000,6,316,1,1,0,0.9162907,0.9162907,1.5,1.8,1,1.3,0.105,321,173,340,166,FALSE,NA,TRUE,NA,0.0178499059065127,0.0178499059065127,0.0178499059065127,0.0178499059065127,0.000318619140871357,-0.225815205569969,0.260434010444044,1,0.837110307032561,-0.0791803929674391,0.0791803929674391,0.0791803929674391,0.00626953463047807,0.624257396030178,1.05044514345699,1,0.872660925445787,-0.0436297745542132,0.0436297745542132,0.0436297745542132,0.00190355722765147,0.579320910448247,1.16655156310164,1,1.48703177622907,-0.0129682237709285,0.0129682237709285,0.0129682237709285,0.000168174827772876,1.45395123623036,1.5199932064998,1,1.77935682527093,-0.0206431747290685,0.0206431747290685,0.0206431747290685,0.000426140662894853,1.67732999852872,1.8246636655874,1
32,"n1000-b1_1-b2_2p5-b3_2p5",1000,7,317,1,1,0,0.9162907,0.9162907,1.5,1.8,1,1.3,0.102,353,162,294,191,FALSE,NA,TRUE,NA,-0.116611307677485,-0.116611307677485,0.116611307677485,0.116611307677485,0.013598197078253,-0.356965217945,0.121022174491173,1,0.854890919467615,-0.0613997805323854,0.0613997805323854,0.0613997805323854,0.00376993304942509,0.647179448457154,1.06407881342534,1,1.08980537169336,0.173514671693364,0.173514671693364,0.173514671693364,0.0301073412928559,0.799800499029409,1.3816455560825,1,1.49989464756221,-0.000105352437788975,0.000105352437788975,0.000105352437788975,1.10991361480798e-08,1.43783720521958,1.60159639845713,1,1.78296615729311,-0.0170338427068941,0.0170338427068941,0.0170338427068941,0.00029015179736321,1.73218739770383,1.84915552012051,1
32,"n1000-b1_1-b2_2p5-b3_2p5",1000,8,318,1,1,0,0.9162907,0.9162907,1.5,1.8,1,1.3,0.099,321,176,358,145,FALSE,NA,TRUE,NA,0.0284781832696917,0.0284781832696917,0.0284781832696917,0.0284781832696917,0.000811006922342148,-0.22284357957095,0.287321703456568,1,0.894800656913045,-0.021490043086955,0.021490043086955,0.021490043086955,0.000461821951879183,0.674424375855638,1.11859757965935,1,0.961794245877575,0.0455035458775751,0.0455035458775751,0.0455035458775751,0.00207057268743258,0.656198763585615,1.25879052283277,1,1.45550003298551,-0.0444999670144948,0.0444999670144948,0.0444999670144948,0.00198024706429112,1.31686171698834,1.56548023313652,1,1.83419906688602,0.0341990668860215,0.0341990668860215,0.0341990668860215,0.00116957617587457,1.79061236740448,1.94058971321879,1
32,"n1000-b1_1-b2_2p5-b3_2p5",1000,9,319,1,1,0,0.9162907,0.9162907,1.5,1.8,1,1.3,0.103,328,171,319,182,FALSE,NA,TRUE,NA,0.197771925436406,0.197771925436406,0.197771925436406,0.197771925436406,0.0391137344908232,-0.0397214294052869,0.438906652173311,1,0.911182082268518,-0.00510861773148208,0.00510861773148208,0.00510861773148208,2.60979751264131e-05,0.700744621783822,1.12373126243091,1,0.797707481313304,-0.118583218686696,0.118583218686696,0.118583218686696,0.0140619797540967,0.505883579584608,1.08853097781174,1,1.56449099639626,0.0644909963962614,0.0644909963962614,0.0644909963962614,0.00415908861618261,1.45355343698569,1.67715685815747,1,1.85373091155826,0.0537309115582598,0.0537309115582598,0.0537309115582598,0.00288701085688154,1.75731986300522,1.93890144499147,1
32,"n1000-b1_1-b2_2p5-b3_2p5",1000,10,320,1,1,0,0.9162907,0.9162907,1.5,1.8,1,1.3,0.104,350,169,309,172,FALSE,NA,TRUE,NA,0.334414080104062,0.334414080104062,0.334414080104062,0.334414080104062,0.111832776971846,0.0847901768076738,0.581065397013787,0,1.00970168088012,0.093410980880122,0.093410980880122,0.093410980880122,0.00872561134898652,0.787494252912827,1.23335353851004,1,0.665194494400117,-0.251096205599883,0.251096205599883,0.251096205599883,0.0630493044666586,0.367888296415462,0.965387863824787,1,1.43713998337768,-0.0628600166223203,0.0628600166223203,0.0628600166223203,0.00395138168975839,1.33713453787612,1.51510049532932,1,1.76749537803861,-0.0325046219613867,0.0325046219613867,0.0325046219613867,0.00105655044885266,1.68342254281162,1.96863834744876,1
33,"n1000-b1_1-b2_2p5-b3_2p5",1000,1,321,1,1,0,0.9162907,0.9162907,1.5,1.8,1,1.3,0.097,326,187,303,184,FALSE,NA,TRUE,NA,0.220284761792968,0.220284761792968,0.220284761792968,0.220284761792968,0.0485253762781847,-0.00555980861999512,0.451835040141201,1,0.95929204594295,0.0430013459429498,0.0430013459429498,0.0430013459429498,0.00184911575290525,0.753839796139409,1.17120467609517,1,0.770422126946589,-0.145868573053411,0.145868573053411,0.145868573053411,0.0212776406046384,0.49024019452495,1.04853267666455,1,1.53984093233392,0.0398409323339239,0.0398409323339239,0.0398409323339239,0.00158729988923631,1.44259682499241,1.62869164870358,1,1.83438196314986,0.034381963149863,0.034381963149863,0.034381963149863,0.00118211939003854,1.76457001671992,1.8975659937377,1
33,"n1000-b1_1-b2_2p5-b3_2p5",1000,2,322,1,1,0,0.9162907,0.9162907,1.5,1.8,1,1.3,0.1,333,177,322,168,FALSE,NA,TRUE,NA,0.109395326672231,0.109395326672231,0.109395326672231,0.109395326672231,0.0119673374977241,-0.125933153467625,0.352387629622578,1,0.844515747242142,-0.0717749527578578,0.0717749527578578,0.0717749527578578,0.00515164384339272,0.630043309206124,1.06575120526626,1,0.790602505368855,-0.125688194631145,0.125688194631145,0.125688194631145,0.0157975222696367,0.493028956743389,1.07999505760529,1,1.47553045591565,-0.024469544084355,0.024469544084355,0.024469544084355,0.000598758587696192,1.42915717200576,1.54720275334137,1,1.78230620301083,-0.0176937969891742,0.0176937969891742,0.0176937969891742,0.000313070451894109,1.75113196964336,1.84413772416763,1
33,"n1000-b1_1-b2_2p5-b3_2p5",1000,3,323,1,1,0,0.9162907,0.9162907,1.5,1.8,1,1.3,0.087,330,147,357,166,FALSE,NA,TRUE,NA,0.223395389633595,0.223395389633595,0.223395389633595,0.223395389633595,0.0499055001095455,-0.0293436159326204,0.476059354118784,1,1.06510441950292,0.14881371950292,0.14881371950292,0.14881371950292,0.0221455231122939,0.852267168508079,1.2830851597138,1,0.709481426234542,-0.206809273765458,0.206809273765458,0.206809273765458,0.042770075715396,0.414256591327726,1.01038676051873,1,1.5066903707368,0.00669037073680134,0.00669037073680134,0.00669037073680134,4.47610605958478e-05,1.47530032890166,1.57037200986943,1,1.79151029110311,-0.00848970889689271,0.00848970889689271,0.00848970889689271,7.20751571539793e-05,1.74706783286137,1.82927260402012,1
33,"n1000-b1_1-b2_2p5-b3_2p5",1000,4,324,1,1,0,0.9162907,0.9162907,1.5,1.8,1,1.3,0.108,325,169,334,172,FALSE,NA,TRUE,NA,0.120884204522876,0.120884204522876,0.120884204522876,0.120884204522876,0.0146129909031286,-0.129363333392568,0.36791883843946,1,0.98752415383376,0.0712334538337597,0.0712334538337597,0.0712334538337597,0.00507420494508637,0.775948776740477,1.20042198540959,1,0.744837526348613,-0.171453173651387,0.171453173651387,0.171453173651387,0.0293961907551328,0.448407283711355,1.03874073986979,1,1.52962581327264,0.0296258132726384,0.0296258132726384,0.0296258132726384,0.000877688812065235,1.47079951899958,1.64221605915193,1,1.78538456385803,-0.0146154361419657,0.0146154361419657,0.0146154361419657,0.000213610973619877,1.69708872051463,1.87178518171735,1
33,"n1000-b1_1-b2_2p5-b3_2p5",1000,5,325,1,1,0,0.9162907,0.9162907,1.5,1.8,1,1.3,0.1,353,162,328,157,FALSE,NA,TRUE,NA,0.201859934243192,0.201859934243192,0.201859934243192,0.201859934243192,0.040747433052666,-0.0499809098365066,0.452297318304873,1,0.856165395499378,-0.0601253045006219,0.0601253045006219,0.0601253045006219,0.00361505224129251,0.641138625922861,1.08141027643403,1,0.796678722077279,-0.119611977922721,0.119611977922721,0.119611977922721,0.0143070252625854,0.49415745084218,1.09836468310319,1,1.5380502659791,0.0380502659791013,0.0380502659791013,0.0380502659791013,0.00144782274108036,1.49051943044633,1.65081378525996,1,1.78083431540226,-0.0191656845977448,0.0191656845977448,0.0191656845977448,0.000367323466100233,1.66756970089898,2.02504861294885,1
33,"n1000-b1_1-b2_2p5-b3_2p5",1000,6,326,1,1,0,0.9162907,0.9162907,1.5,1.8,1,1.3,0.092,332,168,324,176,FALSE,NA,TRUE,NA,0.12305257812297,0.12305257812297,0.12305257812297,0.12305257812297,0.0151419369827096,-0.125742531886532,0.37205658766002,1,1.00596218267816,0.0896714826781644,0.0896714826781644,0.0896714826781644,0.00804097480570034,0.791447747040822,1.22170721925122,1,0.790064285356607,-0.126226414643393,0.126226414643393,0.126226414643393,0.0159331077537258,0.490418707421997,1.08780483568271,1,1.43767996934036,-0.0623200306596419,0.0623200306596419,0.0623200306596419,0.0038837862214187,1.38164832842254,1.52497391949405,1,1.72609083770332,-0.0739091622966821,0.0739091622966821,0.0739091622966821,0.00546256427139729,1.63276775361765,1.87957157327448,1
33,"n1000-b1_1-b2_2p5-b3_2p5",1000,7,327,1,1,0,0.9162907,0.9162907,1.5,1.8,1,1.3,0.099,352,161,314,173,FALSE,NA,TRUE,NA,-0.113803416404467,-0.113803416404467,0.113803416404467,0.113803416404467,0.0129512175853284,-0.358592522358426,0.134538359672007,1,0.778498272107887,-0.137792427892113,0.137792427892113,0.137792427892113,0.0189867531844031,0.565968414063531,0.993323916241864,1,1.12743496139908,0.211144261399079,0.211144261399079,0.211144261399079,0.0445818991217625,0.833549498346554,1.42224028721595,1,1.52905339282908,0.0290533928290797,0.0290533928290797,0.0290533928290797,0.00084409963488082,1.49346530395626,1.58947374168307,1,1.81834563065343,0.018345630653434,0.018345630653434,0.018345630653434,0.000336562164072216,1.77719069978375,1.9104917043781,1
33,"n1000-b1_1-b2_2p5-b3_2p5",1000,8,328,1,1,0,0.9162907,0.9162907,1.5,1.8,1,1.3,0.092,304,187,357,152,FALSE,NA,TRUE,NA,-0.0480778514140592,-0.0480778514140592,0.0480778514140592,0.0480778514140592,0.00231147979659236,-0.290403533681904,0.195762855618543,1,0.955544916140558,0.0392542161405577,0.0392542161405577,0.0392542161405577,0.00154089348480962,0.742211160555412,1.17209061982626,1,0.827842247414102,-0.0884484525858978,0.0884484525858978,0.0884484525858978,0.00782312876483982,0.53443018045512,1.12137950450572,1,1.55111968570276,0.0511196857027609,0.0511196857027609,0.0511196857027609,0.00261322226634906,1.49681106568046,1.66520074057052,1,1.8879198150666,0.0879198150665985,0.0879198150665985,0.0879198150665985,0.00772989388134488,1.79663446866378,2.06887672856931,1
33,"n1000-b1_1-b2_2p5-b3_2p5",1000,9,329,1,1,0,0.9162907,0.9162907,1.5,1.8,1,1.3,0.1,332,174,338,156,FALSE,NA,TRUE,NA,0.043417579331202,0.043417579331202,0.043417579331202,0.043417579331202,0.00188508619498122,-0.210488022818666,0.296635265869168,1,0.972080276400217,0.0557895764002173,0.0557895764002173,0.0557895764002173,0.00311247683491568,0.748852341637706,1.20087610255171,1,0.804744619488949,-0.111546080511051,0.111546080511051,0.111546080511051,0.0124425280773779,0.50279069528012,1.10582938517566,1,1.45931977815421,-0.0406802218457867,0.0406802218457867,0.0406802218457867,0.00165488044942242,1.36600137900394,1.53345259549235,1,1.83130830567954,0.0313083056795367,0.0313083056795367,0.0313083056795367,0.000980210004523309,1.77374157748962,1.93191837341686,1
33,"n1000-b1_1-b2_2p5-b3_2p5",1000,10,330,1,1,0,0.9162907,0.9162907,1.5,1.8,1,1.3,0.087,340,167,324,169,FALSE,NA,TRUE,NA,0.157586588306617,0.157586588306617,0.157586588306617,0.157586588306617,0.0248335328141192,-0.0877594459154226,0.403121664755153,1,1.09159480087667,0.175304100876668,0.175304100876668,0.175304100876668,0.0307315277841771,0.87841274607417,1.31510383573427,1,0.524112346512003,-0.392178353487997,0.392178353487997,0.392178353487997,0.153803860944556,0.230287553333597,0.818967969098568,0,1.42212085150333,-0.0778791484966734,0.0778791484966734,0.0778791484966734,0.00606516177056691,1.31746320314559,1.52020034667923,1,1.83339416379153,0.0333941637915316,0.0333941637915316,0.0333941637915316,0.00111517017533564,1.75834278721575,1.88942398021351,1
34,"n1000-b1_1-b2_2p5-b3_2p5",1000,1,331,1,1,0,0.9162907,0.9162907,1.5,1.8,1,1.3,0.106,317,174,353,156,FALSE,NA,TRUE,NA,0.10109518966361,0.10109518966361,0.10109518966361,0.10109518966361,0.0102202373731213,-0.148153096968435,0.349553479441835,1,0.944789747224063,0.0284990472240628,0.0284990472240628,0.0284990472240628,0.000812195692679363,0.727506798401013,1.16760952545457,1,0.886356227744095,-0.0299344722559054,0.0299344722559054,0.0299344722559054,0.00089607262923957,0.588874414961351,1.18375484143038,1,1.47933080164327,-0.0206691983567255,0.0206691983567255,0.0206691983567255,0.000427215760709666,1.44326005840907,1.50912274536486,1,1.78588413023783,-0.0141158697621653,0.0141158697621653,0.0141158697621653,0.000199257779142412,1.75804772895752,1.81169533746173,1
34,"n1000-b1_1-b2_2p5-b3_2p5",1000,2,332,1,1,0,0.9162907,0.9162907,1.5,1.8,1,1.3,0.103,339,195,309,157,FALSE,NA,TRUE,NA,-0.0600409389954787,-0.0600409389954787,0.0600409389954787,0.0600409389954787,0.00360491435545879,-0.301540636864841,0.180722297976947,1,0.956673281698676,0.0403825816986758,0.0403825816986758,0.0403825816986758,0.00163075290465023,0.741330980057405,1.17397944301126,1,0.982235036504555,0.0659443365045553,0.0659443365045553,0.0659443365045553,0.00434865551702603,0.689825864122493,1.27476958372122,1,1.49845438384827,-0.00154561615173288,0.00154561615173288,0.00154561615173288,2.38892928849754e-06,1.4450664413056,1.57611824193699,1,1.8195609368782,0.0195609368781973,0.0195609368781973,0.0195609368781973,0.000382630251552818,1.75626324137218,1.91094572849107,1
34,"n1000-b1_1-b2_2p5-b3_2p5",1000,3,333,1,1,0,0.9162907,0.9162907,1.5,1.8,1,1.3,0.096,324,161,356,159,FALSE,NA,TRUE,NA,0.187346037065647,0.187346037065647,0.187346037065647,0.187346037065647,0.0350985376042027,-0.0693629037316408,0.44414429259359,1,1.11111802431913,0.194827324319125,0.194827324319125,0.194827324319125,0.0379576863013496,0.896567947625749,1.33143750386025,1,0.690342884801604,-0.225947815198396,0.225947815198396,0.225947815198396,0.0510524151929283,0.386080680303829,0.988540253178333,1,1.49455772522639,-0.00544227477360648,0.00544227477360648,0.00544227477360648,2.96183547114335e-05,1.45703787068541,1.58235264035414,1,1.79145962546165,-0.00854037453835077,0.00854037453835077,0.00854037453835077,7.29379972553101e-05,1.74780275141649,1.89235809450735,1
34,"n1000-b1_1-b2_2p5-b3_2p5",1000,4,334,1,1,0,0.9162907,0.9162907,1.5,1.8,1,1.3,0.084,343,169,307,181,FALSE,NA,TRUE,NA,0.0418509826926956,0.0418509826926956,0.0418509826926956,0.0418509826926956,0.00175150475234431,-0.189230026134359,0.279576791491883,1,0.964071960060765,0.0477812600607646,0.0477812600607646,0.0477812600607646,0.00228304881299441,0.757266009530014,1.17579445102526,1,0.705779141556981,-0.210511558443019,0.210511558443019,0.210511558443019,0.0443151162381086,0.417257958464565,0.988399537223029,1,1.51465174820866,0.014651748208665,0.014651748208665,0.014651748208665,0.000214673725570118,1.48748045249673,1.55522241235272,1,1.79981717364525,-0.000182826354753862,0.000182826354753862,0.000182826354753862,3.34254759925851e-08,1.76642462014294,1.84262558855348,1
34,"n1000-b1_1-b2_2p5-b3_2p5",1000,5,335,1,1,0,0.9162907,0.9162907,1.5,1.8,1,1.3,0.12,351,167,315,167,FALSE,NA,TRUE,NA,-0.108949868534088,-0.108949868534088,0.108949868534088,0.108949868534088,0.0118700738535952,-0.363332398161023,0.143350293527892,1,0.825582828151852,-0.0907078718481482,0.0907078718481482,0.0907078718481482,0.00822791801522008,0.606017077271917,1.0471640432636,1,1.12613244286797,0.209841742867974,0.209841742867974,0.209841742867974,0.0440335570498689,0.823824785474919,1.42932657587219,1,1.47217526220934,-0.0278247377906558,0.0278247377906558,0.0278247377906558,0.000774216033118746,1.41016128982899,1.56190059716452,1,1.78146720555431,-0.0185327944456939,0.0185327944456939,0.0185327944456939,0.000343464469966342,1.71779716676313,1.88379110184832,1
34,"n1000-b1_1-b2_2p5-b3_2p5",1000,6,336,1,1,0,0.9162907,0.9162907,1.5,1.8,1,1.3,0.104,334,168,326,172,FALSE,NA,TRUE,NA,0.05896454499959,0.05896454499959,0.05896454499959,0.05896454499959,0.00347681756700868,-0.185354381845079,0.30118002065821,1,0.901972926389135,-0.0143177736108654,0.0143177736108654,0.0143177736108654,0.000204998641171993,0.688584376090138,1.1181264449861,1,0.765204786199953,-0.151085913800047,0.151085913800047,0.151085913800047,0.0228269533487952,0.476573066799275,1.06158285930002,1,1.52568745417451,0.025687454174506,0.025687454174506,0.025687454174506,0.000659845301967347,1.48962670480139,1.5843452316368,1,1.80131523945411,0.00131523945411471,0.00131523945411471,0.00131523945411471,1.72985482165997e-06,1.75813869415764,1.86641760353395,1
34,"n1000-b1_1-b2_2p5-b3_2p5",1000,7,337,1,1,0,0.9162907,0.9162907,1.5,1.8,1,1.3,0.101,336,166,324,174,FALSE,NA,TRUE,NA,-0.0548760903045329,-0.0548760903045329,0.0548760903045329,0.0548760903045329,0.00301138528711126,-0.300212293513222,0.187412114839376,1,0.884627937272289,-0.0316627627277108,0.0316627627277108,0.0316627627277108,0.00100253054355132,0.680140472653828,1.09555740791408,1,0.916782357543136,0.000491657543135626,0.000491657543135626,0.000491657543135626,2.4172713972216e-07,0.622195923412342,1.21042416175072,1,1.53110205150555,0.0311020515055549,0.0311020515055549,0.0311020515055549,0.000967337607854189,1.47824044798054,1.70262339100051,1,1.81522716229033,0.0152271622903286,0.0152271622903286,0.0152271622903286,0.000231866471416006,1.77817312801728,1.88029812162822,1
34,"n1000-b1_1-b2_2p5-b3_2p5",1000,8,338,1,1,0,0.9162907,0.9162907,1.5,1.8,1,1.3,0.102,347,164,338,151,FALSE,NA,TRUE,NA,-0.0166119291891594,-0.0166119291891594,0.0166119291891594,0.0166119291891594,0.000275956191385644,-0.271297143056792,0.237898166781917,1,0.885010051876226,-0.0312806481237742,0.0312806481237742,0.0312806481237742,0.000978478947043377,0.667482050095286,1.11243244560391,1,0.951747783565621,0.0354570835656206,0.0354570835656206,0.0354570835656206,0.0012572047749794,0.652994604692768,1.25532445786083,1,1.50613949431461,0.00613949431460781,0.00613949431460781,0.00613949431460781,3.76933904391016e-05,1.46403436533921,1.57324053141033,1,1.8059724820743,0.00597248207430012,0.00597248207430012,0.00597248207430012,3.56705421278363e-05,1.75693799112102,1.87734197850953,1
34,"n1000-b1_1-b2_2p5-b3_2p5",1000,9,339,1,1,0,0.9162907,0.9162907,1.5,1.8,1,1.3,0.116,346,161,335,158,FALSE,NA,TRUE,NA,-0.0626291030629692,-0.0626291030629692,0.0626291030629692,0.0626291030629692,0.00392240455047202,-0.324970188161211,0.19223182474659,1,0.906938727782972,-0.00935197221702799,0.00935197221702799,0.00935197221702799,8.74593843480635e-05,0.683056127642822,1.13435169167086,1,1.06412362887204,0.147832928872041,0.147832928872041,0.147832928872041,0.0218545748588861,0.756772698428728,1.37105415685679,1,1.52112800210866,0.0211280021086595,0.0211280021086595,0.0211280021086595,0.00044639247310352,1.44981226416848,1.57690581906408,1,1.81387048434473,0.0138704843447293,0.0138704843447293,0.0138704843447293,0.00019239033595738,1.75203113908847,1.87527769296556,1
34,"n1000-b1_1-b2_2p5-b3_2p5",1000,10,340,1,1,0,0.9162907,0.9162907,1.5,1.8,1,1.3,0.107,315,181,330,174,FALSE,NA,TRUE,NA,-0.0445423852976707,-0.0445423852976707,0.0445423852976707,0.0445423852976707,0.00198402408800615,-0.284194379326664,0.200173751033073,1,0.899865915306259,-0.0164247846937405,0.0164247846937405,0.0164247846937405,0.000269773552235733,0.694234453955524,1.11395279828145,1,0.987276525689172,0.070985825689172,0.070985825689172,0.070985825689172,0.00503898744877351,0.696197925517828,1.28005662028239,1,1.4510469739659,-0.0489530260340987,0.0489530260340987,0.0489530260340987,0.00239639875789514,1.40708021556323,1.52118721831114,1,1.76991751937141,-0.030082480628588,0.030082480628588,0.030082480628588,0.000904955640769371,1.73243439029965,1.81820953099373,1
35,"n1000-b1_1-b2_2p5-b3_2p5",1000,1,341,1,1,0,0.9162907,0.9162907,1.5,1.8,1,1.3,0.107,336,166,352,146,FALSE,NA,TRUE,NA,0.0270725375881197,0.0270725375881197,0.0270725375881197,0.0270725375881197,0.000732922291460152,-0.229718294153268,0.286705330020382,1,0.915691561342159,-0.000599138657841114,0.000599138657841114,0.000599138657841114,3.58967131319651e-07,0.698497338829467,1.14214868781476,1,1.03697616224542,0.120685462245416,0.120685462245416,0.120685462245416,0.0145649807973897,0.72910391048852,1.34440065276517,1,1.59431492446495,0.0943149244649524,0.0943149244649524,0.0943149244649524,0.00889530497682967,1.4933458271154,1.70230656195221,1,1.79829450771526,-0.00170549228474037,0.00170549228474037,0.00170549228474037,2.90870393330894e-06,1.67470665128288,1.95818471023273,1
35,"n1000-b1_1-b2_2p5-b3_2p5",1000,2,342,1,1,0,0.9162907,0.9162907,1.5,1.8,1,1.3,0.117,337,171,328,164,FALSE,NA,TRUE,NA,-0.225614329345884,-0.225614329345884,0.225614329345884,0.225614329345884,0.0509018256061928,-0.48235902903349,0.0324869367561095,1,0.912164626948775,-0.00412607305122481,0.00412607305122481,0.00412607305122481,1.70244788240436e-05,0.695406525247427,1.12932316961384,1,1.15687246737883,0.240581767378826,0.240581767378826,0.240581767378826,0.0578795867951196,0.851635317989086,1.45810270432172,1,1.49335470665242,-0.00664529334757669,0.00664529334757669,0.00664529334757669,4.4159923675347e-05,1.45229605460855,1.54232239259301,1,1.82169668201886,0.0216966820188556,0.0216966820188556,0.0216966820188556,0.00047074601062733,1.7587406039537,1.9191445481352,1
35,"n1000-b1_1-b2_2p5-b3_2p5",1000,3,343,1,1,0,0.9162907,0.9162907,1.5,1.8,1,1.3,0.086,331,177,320,172,FALSE,NA,TRUE,NA,-0.0235189329040784,-0.0235189329040784,0.0235189329040784,0.0235189329040784,0.000553140204946541,-0.261410450458434,0.210375390974615,1,0.819602942541005,-0.0966877574589955,0.0966877574589955,0.0966877574589955,0.00934852244244954,0.618779761612497,1.02635090984474,1,0.888757749137307,-0.0275329508626928,0.0275329508626928,0.0275329508626928,0.000758063383207457,0.59799116968469,1.17547476991433,1,1.50007722272679,7.72227267933356e-05,7.72227267933356e-05,7.72227267933356e-05,5.96334953339816e-09,1.41010739215494,1.62682294828425,1,1.76124520334637,-0.0387547966536312,0.0387547966536312,0.0387547966536312,0.00150193426366431,1.63536512583554,1.8715813454953,1
35,"n1000-b1_1-b2_2p5-b3_2p5",1000,4,344,1,1,0,0.9162907,0.9162907,1.5,1.8,1,1.3,0.096,344,164,323,169,FALSE,NA,TRUE,NA,-0.0701057434403867,-0.0701057434403867,0.0701057434403867,0.0701057434403867,0.00491481526332933,-0.313479077706719,0.174297505325492,1,0.906509143901795,-0.00978155609820508,0.00978155609820508,0.00978155609820508,9.5678839702333e-05,0.697150335660174,1.1198898357487,1,0.884069664898449,-0.0322210351015513,0.0322210351015513,0.0322210351015513,0.0010381951030154,0.593900214736096,1.17633378652661,1,1.52881175498182,0.0288117549818188,0.0288117549818188,0.0288117549818188,0.000830117225132358,1.4835477642952,1.64724837797701,1,1.77894838594097,-0.0210516140590253,0.0210516140590253,0.0210516140590253,0.000443170454490153,1.72189985743078,1.90964357105015,1
35,"n1000-b1_1-b2_2p5-b3_2p5",1000,5,345,1,1,0,0.9162907,0.9162907,1.5,1.8,1,1.3,0.095,349,149,332,170,FALSE,NA,TRUE,NA,0.191127032546377,0.191127032546377,0.191127032546377,0.191127032546377,0.036529542569984,-0.0655067346478902,0.446737940897302,1,1.1586501436109,0.242359443610904,0.242359443610904,0.242359443610904,0.0587380999073868,0.936859733404886,1.38490437922957,0,0.726212979540875,-0.190077720459125,0.190077720459125,0.190077720459125,0.0361295398149374,0.419566727590982,1.03281862371166,1,1.4377290707163,-0.0622709292836983,0.0622709292836983,0.0622709292836983,0.00387766863385535,1.38684276390779,1.53198631739857,1,1.76489448864177,-0.0351055113582253,0.0351055113582253,0.0351055113582253,0.00123239692772248,1.68862363818958,1.8315973350054,1
35,"n1000-b1_1-b2_2p5-b3_2p5",1000,6,346,1,1,0,0.9162907,0.9162907,1.5,1.8,1,1.3,0.091,333,179,312,176,FALSE,NA,TRUE,NA,0.117232664892933,0.117232664892933,0.117232664892933,0.117232664892933,0.0137434977178987,-0.121095853416846,0.354783917197304,1,0.987945424558072,0.071654724558072,0.071654724558072,0.071654724558072,0.00513439955149316,0.774614160350787,1.20530078478743,1,0.905653851685229,-0.010636848314771,0.010636848314771,0.010636848314771,0.000113142542071446,0.613694658218742,1.19939317745029,1,1.51272546472016,0.0127254647201627,0.0127254647201627,0.0127254647201627,0.000161937452344105,1.4763614435388,1.57941552222907,1,1.8109511409751,0.0109511409750997,0.0109511409750997,0.0109511409750997,0.000119927488656509,1.78089532358813,1.85721176215509,1
35,"n1000-b1_1-b2_2p5-b3_2p5",1000,7,347,1,1,0,0.9162907,0.9162907,1.5,1.8,1,1.3,0.097,318,166,350,166,FALSE,NA,TRUE,NA,0.0969637604901014,0.0969637604901014,0.0969637604901014,0.0969637604901014,0.00940197084838175,-0.15612713930656,0.346296081637217,1,1.05592054102532,0.139629841025321,0.139629841025321,0.139629841025321,0.0194964925047565,0.845430410685936,1.27274318236636,1,0.770443378345763,-0.145847321654237,0.145847321654237,0.145847321654237,0.0212714412337146,0.47215607834625,1.06480248282638,1,1.53976294071284,0.0397629407128375,0.0397629407128375,0.0397629407128375,0.00158109145413263,1.48917293314976,1.62610069382893,1,1.89598700779131,0.0959870077913143,0.0959870077913143,0.0959870077913143,0.00921350566472983,1.8129422670007,1.97623317564965,0
35,"n1000-b1_1-b2_2p5-b3_2p5",1000,8,348,1,1,0,0.9162907,0.9162907,1.5,1.8,1,1.3,0.094,342,159,341,158,FALSE,NA,TRUE,NA,-0.0694706837546044,-0.0694706837546044,0.0694706837546044,0.0694706837546044,0.00482617590133226,-0.318012974025477,0.180680404392706,1,0.869998622422059,-0.0462920775779413,0.0462920775779413,0.0462920775779413,0.00214295644648213,0.659522980450611,1.08367522406867,1,0.955272095363076,0.038981395363076,0.038981395363076,0.038981395363076,0.00151954918445244,0.658851425227218,1.25344937179066,1,1.50330612247747,0.00330612247746775,0.00330612247746775,0.00330612247746775,1.09304458360175e-05,1.46978539753564,1.57242760026263,1,1.79607846877752,-0.00392153122247718,0.00392153122247718,0.00392153122247718,1.53784071288634e-05,1.73979439352566,1.86160224326106,1
35,"n1000-b1_1-b2_2p5-b3_2p5",1000,9,349,1,1,0,0.9162907,0.9162907,1.5,1.8,1,1.3,0.119,330,162,340,168,FALSE,NA,TRUE,NA,0.147828139718728,0.147828139718728,0.147828139718728,0.147828139718728,0.0218531588926997,-0.111521919613084,0.404408326027427,1,1.1805417651145,0.264251065114505,0.264251065114505,0.264251065114505,0.0698286254141503,0.96258567361307,1.40545729767051,0,0.665410551809163,-0.250880148190837,0.250880148190837,0.250880148190837,0.0629408487562562,0.359293615639468,0.970924062767146,1,1.50506397870925,0.00506397870925479,0.00506397870925479,0.00506397870925479,2.56438803677858e-05,1.43648359913483,1.60961240903716,1,1.8022062258198,0.00220622581979946,0.00220622581979946,0.00220622581979946,4.86743236794978e-06,1.68767435101247,1.87828048631256,1
35,"n1000-b1_1-b2_2p5-b3_2p5",1000,10,350,1,1,0,0.9162907,0.9162907,1.5,1.8,1,1.3,0.105,338,167,360,135,FALSE,NA,TRUE,NA,-0.067165117795851,-0.067165117795851,0.067165117795851,0.067165117795851,0.00451115304853053,-0.334544187141858,0.197886713958067,1,0.918009543494921,0.00171884349492091,0.00171884349492091,0.00171884349492091,2.95442296003192e-06,0.693726320217948,1.14466616661099,1,0.886240695356285,-0.0300500046437147,0.0300500046437147,0.0300500046437147,0.000903002779087272,0.578872443068521,1.19552620628293,1,1.52875318104831,0.0287531810483093,0.0287531810483093,0.0287531810483093,0.000826745420396851,1.40901726006224,1.65380706025307,1,1.70133316366203,-0.0986668363379675,0.0986668363379675,0.0986668363379675,0.00973514459294326,1.54446914907663,1.79272884008134,0
36,"n1000-b1_1-b2_2p5-b3_2p5",1000,1,351,1,1,0,0.9162907,0.9162907,1.5,1.8,1,1.3,0.123,333,161,324,182,FALSE,NA,TRUE,NA,-0.0222646315040443,-0.0222646315040443,0.0222646315040443,0.0222646315040443,0.00049571381601088,-0.280011979561006,0.231972114828208,1,1.06369119084809,0.147400490848092,0.147400490848092,0.147400490848092,0.0217269047022584,0.852211195319673,1.28135620874505,1,0.898414739311553,-0.0178759606884473,0.0178759606884473,0.0178759606884473,0.000319549970534914,0.596003767874783,1.20239733851589,1,1.51146427711761,0.0114642771176099,0.0114642771176099,0.0114642771176099,0.000131429649829354,1.47272327535739,1.56835600789782,1,1.80476436565257,0.0047643656525711,0.0047643656525711,0.0047643656525711,2.26991800713993e-05,1.74547293059073,1.85317514066424,1
36,"n1000-b1_1-b2_2p5-b3_2p5",1000,2,352,1,1,0,0.9162907,0.9162907,1.5,1.8,1,1.3,0.096,342,170,330,158,FALSE,NA,TRUE,NA,0.0896447459094574,0.0896447459094574,0.0896447459094574,0.0896447459094574,0.00803618046917118,-0.167292735722426,0.342820208181828,1,0.970276480037319,0.0539857800373186,0.0539857800373186,0.0539857800373186,0.00291446444623774,0.74803793804156,1.19917186364463,1,0.864681652752771,-0.0516090472472294,0.0516090472472294,0.0516090472472294,0.00266349375776675,0.560769056388526,1.17175702074566,1,1.42248131272498,-0.0775186872750151,0.0775186872750151,0.0775186872750151,0.00600914687684159,1.39901855455396,1.44985220033696,0,1.74988068076331,-0.0501193192366913,0.0501193192366913,0.0501193192366913,0.00251194616074938,1.72678102319124,1.7790666550713,0
36,"n1000-b1_1-b2_2p5-b3_2p5",1000,3,353,1,1,0,0.9162907,0.9162907,1.5,1.8,1,1.3,0.098,328,168,343,161,FALSE,NA,TRUE,NA,-0.0758009102659609,-0.0758009102659609,0.0758009102659609,0.0758009102659609,0.00574577799714826,-0.320638538759915,0.170145929141744,1,0.758936783881221,-0.157353916118779,0.157353916118779,0.157353916118779,0.0247602549179157,0.551827341376441,0.971193335511649,1,1.08651480619101,0.170224106191015,0.170224106191015,0.170224106191015,0.0289762463285299,0.791780578445661,1.38570088349736,1,1.43326351612873,-0.0667364838712716,0.0667364838712716,0.0667364838712716,0.0044537582795005,1.37687374357615,1.52434936570132,1,1.78159044432512,-0.0184095556748753,0.0184095556748753,0.0184095556748753,0.000338911740146335,1.74417754468325,1.8431047390736,1
36,"n1000-b1_1-b2_2p5-b3_2p5",1000,4,354,1,1,0,0.9162907,0.9162907,1.5,1.8,1,1.3,0.109,329,179,323,169,FALSE,NA,TRUE,NA,-0.0177989287230313,-0.0177989287230313,0.0177989287230313,0.0177989287230313,0.000316801863687549,-0.260333656833115,0.224118187168049,1,0.905369611476458,-0.0109210885235421,0.0109210885235421,0.0109210885235421,0.000119270174539043,0.695090157947032,1.12162676545077,1,0.874256848909452,-0.0420338510905485,0.0420338510905485,0.0420338510905485,0.0017668446375024,0.582496366953501,1.16962243516297,1,1.51842360177501,0.0184236017750061,0.0184236017750061,0.0184236017750061,0.000339429102364009,1.44107389325512,1.64540375115242,1,1.78699237262852,-0.0130076273714805,0.0130076273714805,0.0130076273714805,0.00016919836983529,1.69934046848267,1.91425395760772,1
36,"n1000-b1_1-b2_2p5-b3_2p5",1000,5,355,1,1,0,0.9162907,0.9162907,1.5,1.8,1,1.3,0.103,341,167,316,176,FALSE,NA,TRUE,NA,-0.0151410413835506,-0.0151410413835506,0.0151410413835506,0.0151410413835506,0.000229251134178393,-0.258769583788003,0.227829516094157,1,0.859122003901409,-0.0571686960985912,0.0571686960985912,0.0571686960985912,0.00326825981361308,0.647959788270371,1.07395477051893,1,0.879149312661466,-0.0371413873385341,0.0371413873385341,0.0371413873385341,0.00137948265343102,0.587739447373415,1.16923503222808,1,1.5175565782918,0.0175565782918032,0.0175565782918032,0.0175565782918032,0.000308233441316217,1.45559540519992,1.57599211074326,1,1.79789489167914,-0.00210510832086186,0.00210510832086186,0.00210510832086186,4.43148104256184e-06,1.6769339698765,1.89915498235643,1
36,"n1000-b1_1-b2_2p5-b3_2p5",1000,6,356,1,1,0,0.9162907,0.9162907,1.5,1.8,1,1.3,0.094,329,188,353,130,FALSE,NA,TRUE,NA,-0.101671959434233,-0.101671959434233,0.101671959434233,0.101671959434233,0.0103371873351964,-0.355805693663524,0.150066118605152,1,0.893647360694441,-0.0226433393055594,0.0226433393055594,0.0226433393055594,0.000512720814906691,0.665971215206525,1.1283204962509,1,1.06888645362393,0.152595753623934,0.152595753623934,0.152595753623934,0.0232854640240565,0.768548665448236,1.36973099607936,1,1.47781468317073,-0.0221853168292701,0.0221853168292701,0.0221853168292701,0.000492188282815093,1.36274443425667,1.52746151358033,1,1.80167622008347,0.0016762200834668,0.0016762200834668,0.0016762200834668,2.80971376821743e-06,1.71205202778168,1.87574539380242,1
36,"n1000-b1_1-b2_2p5-b3_2p5",1000,7,357,1,1,0,0.9162907,0.9162907,1.5,1.8,1,1.3,0.093,330,164,343,163,FALSE,NA,TRUE,NA,-0.0422140488184966,-0.0422140488184966,0.0422140488184966,0.0422140488184966,0.00178202591765041,-0.287437650784048,0.209070350969028,1,0.915834877017914,-0.000455822982085907,0.000455822982085907,0.000455822982085907,2.07774590997689e-07,0.704625222931472,1.13534606100996,1,1.02742295640763,0.111132256407632,0.111132256407632,0.111132256407632,0.0123503784142517,0.729649595203107,1.31930030525621,1,1.53779758599889,0.0377975859988944,0.0377975859988944,0.0377975859988944,0.00142865750734382,1.45631340518977,1.71608045256349,1,1.84815807833025,0.0481580783302529,0.0481580783302529,0.0481580783302529,0.00231920050846277,1.7758780904447,1.98211671454147,1
36,"n1000-b1_1-b2_2p5-b3_2p5",1000,8,358,1,1,0,0.9162907,0.9162907,1.5,1.8,1,1.3,0.11,334,188,307,171,FALSE,NA,TRUE,NA,-0.0140375055689459,-0.0140375055689459,0.0140375055689459,0.0140375055689459,0.000197051562598188,-0.253087487763995,0.22554226736529,1,0.89190776738681,-0.0243829326131902,0.0243829326131902,0.0243829326131902,0.000594527402819376,0.680635790457698,1.11064537280016,1,0.986064138820092,0.0697734388200923,0.0697734388200923,0.0697734388200923,0.00486833276478117,0.694470456195036,1.27777602177806,1,1.51472945666077,0.0147294566607739,0.0147294566607739,0.0147294566607739,0.000216956893521615,1.41000691346276,1.61262678355704,1,1.76608893874218,-0.0339110612578166,0.0339110612578166,0.0339110612578166,0.00114996007563139,1.65186519419916,1.90157567765263,1
36,"n1000-b1_1-b2_2p5-b3_2p5",1000,9,359,1,1,0,0.9162907,0.9162907,1.5,1.8,1,1.3,0.09,343,161,342,154,FALSE,NA,TRUE,NA,-0.0506309745949522,-0.0506309745949522,0.0506309745949522,0.0506309745949522,0.0025634955884347,-0.304503308488225,0.203874525393116,1,0.868425208031973,-0.0478654919680266,0.0478654919680266,0.0478654919680266,0.00229110532134122,0.654275473619543,1.08977471775673,1,0.862014489443346,-0.0542762105566544,0.0542762105566544,0.0542762105566544,0.00294590703239029,0.558255381055308,1.16283859771089,1,1.52966450593509,0.0296645059350902,0.0296645059350902,0.0296645059350902,0.000879982912373,1.48788768376178,1.61237263572978,1,1.82307363585869,0.0230736358586892,0.0230736358586892,0.0230736358586892,0.000532392671739386,1.78518454905757,1.89736596116167,1
36,"n1000-b1_1-b2_2p5-b3_2p5",1000,10,360,1,1,0,0.9162907,0.9162907,1.5,1.8,1,1.3,0.106,358,151,329,162,FALSE,NA,TRUE,NA,0.0202582457884851,0.0202582457884851,0.0202582457884851,0.0202582457884851,0.000410396522426673,-0.24156235191619,0.279707857994889,1,0.967752553796461,0.0514618537964606,0.0514618537964606,0.0514618537964606,0.00264832239616829,0.755388549281506,1.18629029867419,1,0.838488367914076,-0.0778023320859245,0.0778023320859245,0.0778023320859245,0.00605320287800847,0.539854404997583,1.14476738117285,1,1.55766486784253,0.0576648678425296,0.0576648678425296,0.0576648678425296,0.0033252369832964,1.48460548030894,1.70218127068162,1,1.82706503999894,0.0270650399989445,0.0270650399989445,0.0270650399989445,0.000732516390144465,1.77648966280879,1.91009609639371,1
37,"n1000-b1_1-b2_2p5-b3_2p5",1000,1,361,1,1,0,0.9162907,0.9162907,1.5,1.8,1,1.3,0.102,361,161,319,159,FALSE,NA,TRUE,NA,0.0292530656881636,0.0292530656881636,0.0292530656881636,0.0292530656881636,0.000855741852156012,-0.225654532408506,0.288633220515652,1,1.03096667439432,0.114675974394322,0.114675974394322,0.114675974394322,0.0131505791032871,0.814216796705063,1.25640236548791,1,0.816623038585289,-0.099667661414711,0.099667661414711,0.099667661414711,0.00993364273187746,0.509433068845655,1.11407022363734,1,1.49613805455368,-0.00386194544631802,0.00386194544631802,0.00386194544631802,1.49146226303365e-05,1.44055930687535,1.59315376960255,1,1.77186249513609,-0.0281375048639141,0.0281375048639141,0.0281375048639141,0.000791719179966789,1.71699621666153,1.8303043752837,1
37,"n1000-b1_1-b2_2p5-b3_2p5",1000,2,362,1,1,0,0.9162907,0.9162907,1.5,1.8,1,1.3,0.105,318,172,328,182,FALSE,NA,TRUE,NA,0.079807131066196,0.079807131066196,0.079807131066196,0.079807131066196,0.00636917816901699,-0.159629900331948,0.317264990211296,1,0.98011531969909,0.0638246196990905,0.0638246196990905,0.0638246196990905,0.00407358207973353,0.76902596540227,1.1937000282391,1,0.959766014017072,0.0434753140170719,0.0434753140170719,0.0434753140170719,0.00189010292888301,0.665864301439423,1.25111070368793,1,1.51565141103787,0.0156514110378718,0.0156514110378718,0.0156514110378718,0.000244966667476416,1.48587331582911,1.56448112271402,1,1.81696960938799,0.0169696093879916,0.0169696093879916,0.0169696093879916,0.000287967642781014,1.78071595776169,1.89696692350864,1
37,"n1000-b1_1-b2_2p5-b3_2p5",1000,3,363,1,1,0,0.9162907,0.9162907,1.5,1.8,1,1.3,0.106,335,165,326,174,FALSE,NA,TRUE,NA,-0.000406977926760296,-0.000406977926760296,0.000406977926760296,0.000406977926760296,1.65631032870109e-07,-0.247065354988281,0.24300877007108,1,1.00726311226404,0.0909724122640352,0.0909724122640352,0.0909724122640352,0.00827597979313758,0.794374678311279,1.22433234262219,1,0.944788143478243,0.0284974434782431,0.0284974434782431,0.0284974434782431,0.000812104284795661,0.646263006813651,1.23650248103042,1,1.51068668846801,0.0106866884680068,0.0106866884680068,0.0106866884680068,0.00011420531041223,1.4546917002666,1.5432170235863,1,1.80234797176904,0.00234797176904267,0.00234797176904267,0.00234797176904267,5.51297142822135e-06,1.74445870726863,1.84023691910652,1
37,"n1000-b1_1-b2_2p5-b3_2p5",1000,4,364,1,1,0,0.9162907,0.9162907,1.5,1.8,1,1.3,0.094,351,172,324,153,FALSE,NA,TRUE,NA,0.183288875086356,0.183288875086356,0.183288875086356,0.183288875086356,0.0335948117304218,-0.0713718032911963,0.43885566541611,1,1.00507178223659,0.0887810822365886,0.0887810822365886,0.0887810822365886,0.00788208056309992,0.778852483198611,1.23492783151374,1,0.802316076978796,-0.113974623021204,0.113974623021204,0.113974623021204,0.0129902146928255,0.501208653106294,1.10258903921365,1,1.48304658892694,-0.0169534110730589,0.0169534110730589,0.0169534110730589,0.000287418147012117,1.39086668731978,1.55887709018875,1,1.7849829218446,-0.0150170781553991,0.0150170781553991,0.0150170781553991,0.000225512636325365,1.64958778603372,1.92104429633387,1
37,"n1000-b1_1-b2_2p5-b3_2p5",1000,5,365,1,1,0,0.9162907,0.9162907,1.5,1.8,1,1.3,0.104,330,164,346,160,FALSE,NA,TRUE,NA,0.210415436990597,0.210415436990597,0.210415436990597,0.210415436990597,0.044274656123944,-0.0419432150370184,0.460377417501136,1,1.08905475011638,0.172764050116377,0.172764050116377,0.172764050116377,0.0298474170126139,0.867357671281294,1.31432609311556,1,0.611456435771849,-0.304834264228151,0.304834264228151,0.304834264228151,0.0929239286475184,0.311775055956297,0.909062873116181,0,1.46278280701044,-0.0372171929895555,0.0372171929895555,0.0372171929895555,0.00138511945402182,1.41039109696385,1.53048300339174,1,1.79644622937771,-0.00355377062229167,0.00355377062229167,0.00355377062229167,1.26292856358634e-05,1.74360357808316,1.90420173469577,1
37,"n1000-b1_1-b2_2p5-b3_2p5",1000,6,366,1,1,0,0.9162907,0.9162907,1.5,1.8,1,1.3,0.092,323,163,326,188,FALSE,NA,TRUE,NA,0.149741746447929,0.149741746447929,0.149741746447929,0.149741746447929,0.022422590629276,-0.0880157322862364,0.390063970972152,1,0.804459961055451,-0.111830738944549,0.111830738944549,0.111830738944549,0.0125061141728838,0.603309130377735,1.00812788040219,1,0.705680466130247,-0.210610233869753,0.210610233869753,0.210610233869753,0.044356670610672,0.420179755474534,0.992077433882949,1,1.43589514831196,-0.0641048516880367,0.0641048516880367,0.0641048516880367,0.00410943200994518,1.34277599649607,1.55558838840707,1,1.68779934666969,-0.112200653330312,0.112200653330312,0.112200653330312,0.0125889866077488,1.61377565225112,1.81065620749477,1
37,"n1000-b1_1-b2_2p5-b3_2p5",1000,7,367,1,1,0,0.9162907,0.9162907,1.5,1.8,1,1.3,0.1,321,176,337,166,FALSE,NA,TRUE,NA,-0.0343669418246006,-0.0343669418246006,0.0343669418246006,0.0343669418246006,0.00118108669037548,-0.276032079479721,0.215885611582945,1,0.985517689958333,0.0692269899583332,0.0692269899583332,0.0692269899583332,0.00479237613869117,0.770835088079013,1.20277439475409,1,1.02178621948079,0.105495519480788,0.105495519480788,0.105495519480788,0.0111293046305212,0.727955822349539,1.31794595826328,1,1.4975450267922,-0.00245497320779631,0.00245497320779631,0.00245497320779631,6.02689345099769e-06,1.4644033155495,1.55798589642246,1,1.7868427890597,-0.0131572109403,0.0131572109403,0.0131572109403,0.000173112199727549,1.74267491443149,1.90213384209565,1
37,"n1000-b1_1-b2_2p5-b3_2p5",1000,8,368,1,1,0,0.9162907,0.9162907,1.5,1.8,1,1.3,0.098,368,161,323,148,FALSE,NA,TRUE,NA,0.196938932509902,0.196938932509902,0.196938932509902,0.196938932509902,0.0387849431381397,-0.0590143865237467,0.456577441984967,1,0.975397391500886,0.0591066915008861,0.0591066915008861,0.0591066915008861,0.00349360098018092,0.747703884867809,1.20782080504262,1,0.860208679575613,-0.0560820204243873,0.0560820204243873,0.0560820204243873,0.00314519301488139,0.552655533066458,1.16235228535322,1,1.53951644487157,0.0395164448715715,0.0395164448715715,0.0395164448715715,0.00156154941528795,1.50577707206489,1.58413640047842,0,1.87646239264584,0.0764623926458428,0.0764623926458428,0.0764623926458428,0.00584649748912703,1.80812930087592,1.94909872222837,0
37,"n1000-b1_1-b2_2p5-b3_2p5",1000,9,369,1,1,0,0.9162907,0.9162907,1.5,1.8,1,1.3,0.095,324,159,356,161,FALSE,NA,TRUE,NA,0.103645359433756,0.103645359433756,0.103645359433756,0.103645359433756,0.0107423605321525,-0.149537587630916,0.353762558608181,1,1.00235164903378,0.0860609490337814,0.0860609490337814,0.0860609490337814,0.00740648694859511,0.790370199617843,1.22076921228837,1,0.695532902756738,-0.220757797243262,0.220757797243262,0.220757797243262,0.0487340050436973,0.39412484536365,0.992849607904826,1,1.51365191276617,0.0136519127661698,0.0136519127661698,0.0136519127661698,0.000186374722175111,1.45239089923785,1.55829565746585,1,1.79974068622839,-0.000259313771610925,0.000259313771610925,0.000259313771610925,6.7243632147083e-08,1.730519872855,1.83215916918543,1
37,"n1000-b1_1-b2_2p5-b3_2p5",1000,10,370,1,1,0,0.9162907,0.9162907,1.5,1.8,1,1.3,0.1,307,169,350,174,FALSE,NA,TRUE,NA,-0.0257747834233669,-0.0257747834233669,0.0257747834233669,0.0257747834233669,0.000664339460521467,-0.270401705416064,0.219041793562689,1,0.926588375949545,0.0102976759495449,0.0102976759495449,0.0102976759495449,0.000106042129961835,0.718373597940801,1.13727149830174,1,0.819658307536478,-0.0966323924635224,0.0966323924635224,0.0966323924635224,0.00933781927322422,0.528264931772286,1.11314579596888,1,1.44514155975826,-0.054858440241736,0.054858440241736,0.054858440241736,0.00300944846575612,1.375614079635,1.58083311682846,1,1.69329534222886,-0.106704657771143,0.106704657771143,0.106704657771143,0.0113858839900568,1.56218649829009,1.84806537881831,1
38,"n1000-b1_1-b2_2p5-b3_2p5",1000,1,371,1,1,0,0.9162907,0.9162907,1.5,1.8,1,1.3,0.096,349,153,322,176,FALSE,NA,TRUE,NA,-0.263973703406112,-0.263973703406112,0.263973703406112,0.263973703406112,0.0696821160899379,-0.509615112604841,-0.018856409484143,0,0.862285921655156,-0.0540047783448444,0.0540047783448444,0.0540047783448444,0.00291651608407578,0.651359914735411,1.07565583166408,1,1.28649515282308,0.37020445282308,0.37020445282308,0.37020445282308,0.137051336890036,0.989342418373735,1.58403481382031,0,1.5343826199741,0.0343826199740997,0.0343826199740997,0.0343826199740997,0.00118216455628336,1.48765295055943,1.60664928363853,1,1.85816701448986,0.0581670144898645,0.0581670144898645,0.0581670144898645,0.00338340157466411,1.75975363931946,1.95096503049442,1
38,"n1000-b1_1-b2_2p5-b3_2p5",1000,2,372,1,1,0,0.9162907,0.9162907,1.5,1.8,1,1.3,0.118,314,175,329,182,FALSE,NA,TRUE,NA,0.0366737994217717,0.0366737994217717,0.0366737994217717,0.0366737994217717,0.00134496756402834,-0.207857272014205,0.282083927393552,1,1.02088422213022,0.10459352213022,0.10459352213022,0.10459352213022,0.0109398048716049,0.806949759217279,1.23863055097526,1,0.851948688627658,-0.0643420113723417,0.0643420113723417,0.0643420113723417,0.00413989442743855,0.556768842323316,1.14418327082192,1,1.50395780470993,0.00395780470992624,0.00395780470992624,0.00395780470992624,1.56642181219143e-05,1.48989464560117,1.5252552277885,1,1.81149548029651,0.0114954802965148,0.0114954802965148,0.0114954802965148,0.00013214606724756,1.79203284602584,1.85798196873608,1
38,"n1000-b1_1-b2_2p5-b3_2p5",1000,3,373,1,1,0,0.9162907,0.9162907,1.5,1.8,1,1.3,0.099,343,175,319,163,FALSE,NA,TRUE,NA,0.0869400474773775,0.0869400474773775,0.0869400474773775,0.0869400474773775,0.00755857185536866,-0.162939395262892,0.335809808737301,1,0.840028788611549,-0.076261911388451,0.076261911388451,0.076261911388451,0.00581587912861994,0.622859034326796,1.05785284219559,1,0.92536641984288,0.00907571984287991,0.00907571984287991,0.00907571984287991,8.23686906664442e-05,0.629300876638329,1.22513444459047,1,1.41897498961863,-0.0810250103813652,0.0810250103813652,0.0810250103813652,0.00656505230730034,1.32963152356298,1.53482992618708,1,1.73175765890575,-0.0682423410942494,0.0682423410942494,0.0682423410942494,0.00465701711802388,1.66703686823839,1.83195287436586,1
38,"n1000-b1_1-b2_2p5-b3_2p5",1000,4,374,1,1,0,0.9162907,0.9162907,1.5,1.8,1,1.3,0.094,366,167,313,154,FALSE,NA,TRUE,NA,-0.125646822712869,-0.125646822712869,0.125646822712869,0.125646822712869,0.0157871240578391,-0.375904889857495,0.125890119396017,1,0.797017062325767,-0.119273637674233,0.119273637674233,0.119273637674233,0.0142262006440443,0.580309965317913,1.01840938630138,1,1.03286051227546,0.116569812275456,0.116569812275456,0.116569812275456,0.0135885211339351,0.732321305248517,1.32946014471285,1,1.50445961823252,0.0044596182325185,0.0044596182325185,0.0044596182325185,1.98881947798115e-05,1.44601339851683,1.57555170324724,1,1.79852112406933,-0.00147887593067453,0.00147887593067453,0.00147887593067453,2.18707401832845e-06,1.7130779705983,1.89660405345666,1
38,"n1000-b1_1-b2_2p5-b3_2p5",1000,5,375,1,1,0,0.9162907,0.9162907,1.5,1.8,1,1.3,0.088,335,159,345,161,FALSE,NA,TRUE,NA,0.0474569653360626,0.0474569653360626,0.0474569653360626,0.0474569653360626,0.00225216355890824,-0.201847875670456,0.295523712907628,1,0.959917096586852,0.0436263965868519,0.0436263965868519,0.0436263965868519,0.00190326247915328,0.742835477876464,1.18405379909163,1,0.918410930832135,0.00212023083213464,0.00212023083213464,0.00212023083213464,4.49537878153435e-06,0.617217728380017,1.21752576994533,1,1.52482544330191,0.0248254433019091,0.0248254433019091,0.0248254433019091,0.000616302635136301,1.49076695351222,1.63111164842205,1,1.8232193420981,0.0232193420980971,0.0232193420980971,0.0232193420980971,0.000539137847468462,1.78283670191886,1.90226994200549,1
38,"n1000-b1_1-b2_2p5-b3_2p5",1000,6,376,1,1,0,0.9162907,0.9162907,1.5,1.8,1,1.3,0.097,325,163,353,159,FALSE,NA,TRUE,NA,-0.00075014147502554,-0.00075014147502554,0.00075014147502554,0.00075014147502554,5.62712232553492e-07,-0.24554589904207,0.247177044344432,1,0.800087714397535,-0.116202985602465,0.116202985602465,0.116202985602465,0.0135031338629268,0.590786219895635,1.0161231916213,1,0.987098518757697,0.0708078187576966,0.0708078187576966,0.0708078187576966,0.00501374719722281,0.691243181556777,1.28235651454149,1,1.53287073991287,0.0328707399128678,0.0328707399128678,0.0328707399128678,0.0010804855424194,1.49581011574202,1.61273163779838,1,1.81319507626595,0.0131950762659465,0.0131950762659465,0.0131950762659465,0.000174110037664145,1.78011712051965,1.87361376412579,1
38,"n1000-b1_1-b2_2p5-b3_2p5",1000,7,377,1,1,0,0.9162907,0.9162907,1.5,1.8,1,1.3,0.102,343,164,345,148,FALSE,NA,TRUE,NA,-0.0491728208760971,-0.0491728208760971,0.0491728208760971,0.0491728208760971,0.00241796631291273,-0.308412039801957,0.209905690147796,1,0.972681153585152,0.0563904535851524,0.0563904535851524,0.0563904535851524,0.00317988325553922,0.753363188190737,1.19916155442513,1,0.956099320282514,0.0398086202825139,0.0398086202825139,0.0398086202825139,0.00158472624879737,0.653539820149733,1.262785535322,1,1.53554434579664,0.0355443457966358,0.0355443457966358,0.0355443457966358,0.00126340051811082,1.47536028831899,1.63151528713948,1,1.97950053820234,0.179500538202336,0.179500538202336,0.179500538202336,0.0322204432149285,1.75933349854903,2.12722921360634,1
38,"n1000-b1_1-b2_2p5-b3_2p5",1000,8,378,1,1,0,0.9162907,0.9162907,1.5,1.8,1,1.3,0.111,324,183,328,165,FALSE,NA,TRUE,NA,0.102246517149523,0.102246517149523,0.102246517149523,0.102246517149523,0.0104543502692078,-0.142113317040298,0.347373976112752,1,0.94056362723032,0.0242729272303199,0.0242729272303199,0.0242729272303199,0.000589174996328407,0.727943070429925,1.16081222747025,1,0.7362087827447,-0.1800819172553,0.1800819172553,0.1800819172553,0.0324294969223446,0.439519292691498,1.0317332431822,1,1.5824106344392,0.0824106344392008,0.0824106344392008,0.0824106344392008,0.00679151266867159,1.4840338362392,1.7438679054478,1,1.84016941354082,0.0401694135408168,0.0401694135408168,0.0401694135408168,0.00161358178421316,1.76225932957977,1.97373237146053,1
38,"n1000-b1_1-b2_2p5-b3_2p5",1000,9,379,1,1,0,0.9162907,0.9162907,1.5,1.8,1,1.3,0.086,332,145,355,168,FALSE,NA,TRUE,NA,-0.0716249426292123,-0.0716249426292123,0.0716249426292123,0.0716249426292123,0.00513013240663795,-0.326118502150901,0.17914720904923,1,0.799184105628577,-0.117106594371423,0.117106594371423,0.117106594371423,0.0137139544452731,0.593634340787503,1.0028191259724,1,0.994424020771869,0.0781333207718689,0.0781333207718689,0.0781333207718689,0.00610481581483975,0.696849115822541,1.28986733310744,1,1.47142380936693,-0.0285761906330739,0.0285761906330739,0.0285761906330739,0.000816598671097782,1.43669471980331,1.54564901021835,1,1.79656937913021,-0.00343062086978563,0.00343062086978563,0.00343062086978563,1.17691595522087e-05,1.70621990736087,1.87156600469274,1
38,"n1000-b1_1-b2_2p5-b3_2p5",1000,10,380,1,1,0,0.9162907,0.9162907,1.5,1.8,1,1.3,0.08,350,154,330,166,FALSE,NA,TRUE,NA,0.0417923874625595,0.0417923874625595,0.0417923874625595,0.0417923874625595,0.0017466036498207,-0.203728604930433,0.285969038807893,1,0.740125291256902,-0.176165408743098,0.176165408743098,0.176165408743098,0.0310342512376226,0.533833175135602,0.951916922006375,1,0.955608540300936,0.0393178403009358,0.0393178403009358,0.0393178403009358,0.00154589256592989,0.663097421960455,1.25432249310111,1,1.47789015746243,-0.0221098425375672,0.0221098425375672,0.0221098425375672,0.000488845137036016,1.43019213955849,1.54529861539617,1,1.75828257993408,-0.0417174200659201,0.0417174200659201,0.0417174200659201,0.00174034313695643,1.69177099226107,1.85034653114097,1
39,"n1000-b1_1-b2_2p5-b3_2p5",1000,1,381,1,1,0,0.9162907,0.9162907,1.5,1.8,1,1.3,0.094,312,164,352,172,FALSE,NA,TRUE,NA,0.161522653271575,0.161522653271575,0.161522653271575,0.161522653271575,0.0260895675198895,-0.0851179216722176,0.406663471326171,1,1.02379140381521,0.107500703815213,0.107500703815213,0.107500703815213,0.0115564013207662,0.816786757901345,1.23710931216966,1,0.733723274489101,-0.182567425510899,0.182567425510899,0.182567425510899,0.0333308648576777,0.441791828474972,1.02852136882876,1,1.49229279662385,-0.00770720337615383,0.00770720337615383,0.00770720337615383,5.94009838813969e-05,1.45598833369774,1.5724933837815,1,1.78668934370754,-0.0133106562924565,0.0133106562924565,0.0133106562924565,0.000177173570935913,1.75671102483784,1.84725698648204,1
39,"n1000-b1_1-b2_2p5-b3_2p5",1000,2,382,1,1,0,0.9162907,0.9162907,1.5,1.8,1,1.3,0.084,338,177,319,166,FALSE,NA,TRUE,NA,0.0360790743114863,0.0360790743114863,0.0360790743114863,0.0360790743114863,0.00130169960317375,-0.204824662006048,0.278251952874765,1,0.948077494279163,0.0317867942791633,0.0317867942791633,0.0317867942791633,0.00101040029054585,0.734854448335247,1.16486686195525,1,0.917309588332408,0.00101888833240849,0.00101888833240849,0.00101888833240849,1.03813343391814e-06,0.623653120791918,1.21092256573895,1,1.4237663871404,-0.0762336128595997,0.0762336128595997,0.0762336128595997,0.00581156372962733,1.39258619452198,1.48060637209464,0,1.75540796703566,-0.0445920329643419,0.0445920329643419,0.0445920329643419,0.00198844940389295,1.70214979673864,1.84829727401115,1
39,"n1000-b1_1-b2_2p5-b3_2p5",1000,3,383,1,1,0,0.9162907,0.9162907,1.5,1.8,1,1.3,0.116,330,176,329,165,FALSE,NA,TRUE,NA,0.111229004026385,0.111229004026385,0.111229004026385,0.111229004026385,0.0123718913367015,-0.143160585083111,0.36555070679893,1,1.22915835613719,0.312867656137193,0.312867656137193,0.312867656137193,0.0978861702567811,1.00241136903408,1.45828021720252,0,0.72470333539732,-0.19158736460268,0.19158736460268,0.19158736460268,0.0367057182754004,0.419421678457818,1.02777142106679,1,1.49994580969328,-5.41903067152738e-05,5.41903067152738e-05,5.41903067152738e-05,2.93658934189545e-09,1.4550502458404,1.58997326676856,1,1.78828866839368,-0.011711331606316,0.011711331606316,0.011711331606316,0.000137155287993096,1.70700155574882,1.85909425795448,1
39,"n1000-b1_1-b2_2p5-b3_2p5",1000,4,384,1,1,0,0.9162907,0.9162907,1.5,1.8,1,1.3,0.109,326,180,315,179,FALSE,NA,TRUE,NA,-0.0217080041872195,-0.0217080041872195,0.0217080041872195,0.0217080041872195,0.00047123744579234,-0.256501427528776,0.214935726502961,1,0.688986195791028,-0.227304504208972,0.227304504208972,0.227304504208972,0.0516673376336865,0.483829366255444,0.894044988608735,0,1.00211648742917,0.0858257874291697,0.0858257874291697,0.0858257874291697,0.00736606578783702,0.709569810623509,1.28922205102727,1,1.52408023256553,0.0240802325655345,0.0240802325655345,0.0240802325655345,0.000579857600410228,1.44176721504406,1.63260151550313,1,1.83988158002626,0.039881580026258,0.039881580026258,0.039881580026258,0.00159054042539082,1.66881539936426,1.95229350509311,1
39,"n1000-b1_1-b2_2p5-b3_2p5",1000,5,385,1,1,0,0.9162907,0.9162907,1.5,1.8,1,1.3,0.091,354,166,322,158,FALSE,NA,TRUE,NA,-0.20290407785803,-0.20290407785803,0.20290407785803,0.20290407785803,0.0411700648114174,-0.455177496671111,0.0481043013924558,1,0.903314160190039,-0.0129765398099612,0.0129765398099612,0.0129765398099612,0.000168390585439507,0.691519061006023,1.11910735218323,1,1.11145663976454,0.19516593976454,0.19516593976454,0.19516593976454,0.0380897440441761,0.814861080248108,1.40999583512835,1,1.46606955851387,-0.0339304414861266,0.0339304414861266,0.0339304414861266,0.00115127485944346,1.33973806927509,1.5688540503092,1,1.83635547499953,0.036355474999535,0.036355474999535,0.036355474999535,0.00132172056244181,1.73892718177806,1.97515593042143,1
39,"n1000-b1_1-b2_2p5-b3_2p5",1000,6,386,1,1,0,0.9162907,0.9162907,1.5,1.8,1,1.3,0.099,341,150,339,170,FALSE,NA,TRUE,NA,0.0426388097884507,0.0426388097884507,0.0426388097884507,0.0426388097884507,0.00181806810017568,-0.219281927443906,0.300669763298628,1,1.0468481180054,0.130557418005395,0.130557418005395,0.130557418005395,0.0170452393962355,0.833130177629291,1.26288358959687,1,0.993281634575316,0.0769909345753162,0.0769909345753162,0.0769909345753162,0.00592760400678063,0.684805009366936,1.3030833280969,1,1.43131140659012,-0.0686885934098804,0.0686885934098804,0.0686885934098804,0.00471812286462787,1.28125933216708,1.51636684604824,1,1.73522659245402,-0.0647734075459834,0.0647734075459834,0.0647734075459834,0.00419559432511806,1.63345475629806,1.84377323255459,1
39,"n1000-b1_1-b2_2p5-b3_2p5",1000,7,387,1,1,0,0.9162907,0.9162907,1.5,1.8,1,1.3,0.086,320,164,339,177,FALSE,NA,TRUE,NA,-0.129809049173551,-0.129809049173551,0.129809049173551,0.129809049173551,0.0168503892473413,-0.370797706823648,0.111703188271242,1,0.722944244334824,-0.193346455665176,0.193346455665176,0.193346455665176,0.0373828519182861,0.526242325883457,0.926704368875326,1,1.02253043362016,0.106239733620163,0.106239733620163,0.106239733620163,0.0112868809996832,0.734997744957267,1.31032292161189,1,1.56071436416308,0.0607143641630818,0.0607143641630818,0.0607143641630818,0.00368623401572732,1.47269999608605,1.68807095990401,1,1.82918046832039,0.02918046832039,0.02918046832039,0.02918046832039,0.000851499731397285,1.70838263839056,1.99622945923615,1
39,"n1000-b1_1-b2_2p5-b3_2p5",1000,8,388,1,1,0,0.9162907,0.9162907,1.5,1.8,1,1.3,0.113,338,174,321,167,FALSE,NA,TRUE,NA,0.0457092713944611,0.0457092713944611,0.0457092713944611,0.0457092713944611,0.0020893374914125,-0.202339443472779,0.292030271950529,1,0.958451609659768,0.0421609096597683,0.0421609096597683,0.0421609096597683,0.00177754230333914,0.742418716650577,1.18040560225557,1,0.728145343813941,-0.188145356186059,0.188145356186059,0.188145356186059,0.0353986750543792,0.426505278604623,1.02947242754024,1,1.48013490664114,-0.0198650933588562,0.0198650933588562,0.0198650933588562,0.000394621934156074,1.44723289263674,1.54111679569366,1,1.74496852114972,-0.0550314788502817,0.0550314788502817,0.0550314788502817,0.003028463664449,1.6457127434004,1.87304314707958,1
39,"n1000-b1_1-b2_2p5-b3_2p5",1000,9,389,1,1,0,0.9162907,0.9162907,1.5,1.8,1,1.3,0.103,318,175,337,170,FALSE,NA,TRUE,NA,-0.214898282682292,-0.214898282682292,0.214898282682292,0.214898282682292,0.0461812718997981,-0.458116581705265,0.0259448706545758,1,0.720345524481927,-0.195945175518073,0.195945175518073,0.195945175518073,0.0383945118088086,0.518703496274957,0.928158577104772,1,1.15124155583629,0.234950855836293,0.234950855836293,0.234950855836293,0.0552019046582067,0.860031122769566,1.44485391531626,1,1.46357254141074,-0.0364274585892577,0.0364274585892577,0.0364274585892577,0.00132695973927208,1.42628257501667,1.50956216147497,1,1.78848358433307,-0.0115164156669301,0.0115164156669301,0.0115164156669301,0.000132627829813512,1.74465405091875,1.85476902594277,1
39,"n1000-b1_1-b2_2p5-b3_2p5",1000,10,390,1,1,0,0.9162907,0.9162907,1.5,1.8,1,1.3,0.089,348,139,361,152,FALSE,NA,TRUE,NA,0.0536786486327664,0.0536786486327664,0.0536786486327664,0.0536786486327664,0.00288139731903999,-0.211365186553336,0.321124978815558,1,0.974570049073658,0.0582793490736576,0.0582793490736576,0.0582793490736576,0.00339648252844924,0.751690678223776,1.20179292949557,1,0.855395569570892,-0.0608951304291079,0.0608951304291079,0.0608951304291079,0.00370821690997806,0.541168526802245,1.16756908011748,1,1.48560900695891,-0.0143909930410915,0.0143909930410915,0.0143909930410915,0.000207100680708743,1.42813559017979,1.61396426463027,1,1.75259556513973,-0.0474044348602707,0.0474044348602707,0.0474044348602707,0.00224718044442165,1.70102279913308,1.84791984683675,1
40,"n1000-b1_1-b2_2p5-b3_2p5",1000,1,391,1,1,0,0.9162907,0.9162907,1.5,1.8,1,1.3,0.082,333,173,338,156,FALSE,NA,TRUE,NA,-0.0306443572518655,-0.0306443572518655,0.0306443572518655,0.0306443572518655,0.000939076631379965,-0.270918632144328,0.214688340057435,1,0.798374417887675,-0.117916282112325,0.117916282112325,0.117916282112325,0.0139042495871934,0.590998666943637,1.00912796361089,1,0.961284682911873,0.0449939829118734,0.0449939829118734,0.0449939829118734,0.00202445849827396,0.674252375307746,1.24944066929987,1,1.49533063375613,-0.0046693662438666,0.0046693662438666,0.0046693662438666,2.18029811193609e-05,1.44703249583591,1.6507513727227,1,1.78663470098173,-0.0133652990182718,0.0133652990182718,0.0133652990182718,0.000178631217847816,1.73562084480383,1.90866244694576,1
40,"n1000-b1_1-b2_2p5-b3_2p5",1000,2,392,1,1,0,0.9162907,0.9162907,1.5,1.8,1,1.3,0.107,354,156,297,193,FALSE,NA,TRUE,NA,-0.216768590532002,-0.216768590532002,0.216768590532002,0.216768590532002,0.0469886218412307,-0.464465826014386,0.029237967504963,1,0.89817005722894,-0.0181206427710602,0.0181206427710602,0.0181206427710602,0.000328357694436376,0.695684745054553,1.10736777522266,1,1.06961148306041,0.153320783060412,0.153320783060412,0.153320783060412,0.0235072625182579,0.771770823379863,1.36742659679565,1,1.51999973362338,0.0199997336233755,0.0199997336233755,0.0199997336233755,0.000399989345005976,1.48709083275903,1.57927096174143,1,1.83542547388874,0.0354254738887407,0.0354254738887407,0.0354254738887407,0.00125496420024185,1.7873827308759,1.90576228440852,1
40,"n1000-b1_1-b2_2p5-b3_2p5",1000,3,393,1,1,0,0.9162907,0.9162907,1.5,1.8,1,1.3,0.093,360,169,296,175,FALSE,NA,TRUE,NA,-0.0354243706031993,-0.0354243706031993,0.0354243706031993,0.0354243706031993,0.00125488603263281,-0.274267246364974,0.205766342758103,1,0.887067274051005,-0.0292234259489951,0.0292234259489951,0.0292234259489951,0.000854008624196399,0.676839779566366,1.09908806171063,1,0.884932912394539,-0.0313577876054608,0.0313577876054608,0.0313577876054608,0.000983310843509192,0.590625506551966,1.17592728420875,1,1.60894622583777,0.108946225837766,0.108946225837766,0.108946225837766,0.0118692801242936,1.45627026150642,1.72614472662294,1,1.84090762307761,0.0409076230776113,0.0409076230776113,0.0409076230776113,0.00167343362585992,1.69529575236418,1.96114265809156,1
40,"n1000-b1_1-b2_2p5-b3_2p5",1000,4,394,1,1,0,0.9162907,0.9162907,1.5,1.8,1,1.3,0.113,345,164,307,184,FALSE,NA,TRUE,NA,-0.00917431013684432,-0.00917431013684432,0.00917431013684432,0.00917431013684432,8.41679664870045e-05,-0.254333732055272,0.234796759266802,1,0.998303043223594,0.0820123432235941,0.0820123432235941,0.0820123432235941,0.0067260244410246,0.790080095665726,1.21267396753913,1,0.910512271166103,-0.00577842883389679,0.00577842883389679,0.00577842883389679,3.33902397884098e-05,0.613869695023126,1.20618891127285,1,1.52845475462262,0.0284547546226182,0.0284547546226182,0.0284547546226182,0.000809673060633409,1.46215075382442,1.5937562879661,1,1.85110945143831,0.0511094514383128,0.0511094514383128,0.0511094514383128,0.00261217602632525,1.7887341919336,1.97325171727915,1
40,"n1000-b1_1-b2_2p5-b3_2p5",1000,5,395,1,1,0,0.9162907,0.9162907,1.5,1.8,1,1.3,0.096,322,171,322,185,FALSE,NA,TRUE,NA,-0.0078580491236376,-0.0078580491236376,0.0078580491236376,0.0078580491236376,6.17489360295017e-05,-0.241082313024617,0.231508051242704,1,0.721534686586101,-0.194756013413899,0.194756013413899,0.194756013413899,0.0379299047608746,0.520701165139803,0.92839030294614,1,1.01654705495823,0.100256354958235,0.100256354958235,0.100256354958235,0.0100513367095116,0.726217730770595,1.3061304740765,1,1.46858426496911,-0.0314157350308935,0.0314157350308935,0.0314157350308935,0.000986948407531306,1.36477055280793,1.57140235756621,1,1.77439409952098,-0.025605900479023,0.025605900479023,0.025605900479023,0.00065566213934163,1.72433985549673,1.83755889005871,1
40,"n1000-b1_1-b2_2p5-b3_2p5",1000,6,396,1,1,0,0.9162907,0.9162907,1.5,1.8,1,1.3,0.101,316,179,315,190,FALSE,NA,TRUE,NA,0.0816063403866752,0.0816063403866752,0.0816063403866752,0.0816063403866752,0.00665959479130589,-0.148929452062737,0.309733500036084,1,0.906567715962784,-0.00972298403721605,0.00972298403721605,0.00972298403721605,9.45364185879582e-05,0.706955209299083,1.11403895813473,1,0.898974617943748,-0.0173160820562525,0.0173160820562525,0.0173160820562525,0.000299846697778868,0.613769237195357,1.18619372583776,1,1.53953202019731,0.0395320201973135,0.0395320201973135,0.0395320201973135,0.0015627806208808,1.47664558657267,1.63530371254932,1,1.86534929873645,0.0653492987364506,0.0653492987364506,0.0653492987364506,0.00427053084534586,1.75781010192612,2.06380401839063,1
40,"n1000-b1_1-b2_2p5-b3_2p5",1000,7,397,1,1,0,0.9162907,0.9162907,1.5,1.8,1,1.3,0.105,335,167,325,173,FALSE,NA,TRUE,NA,0.128842775973686,0.128842775973686,0.128842775973686,0.128842775973686,0.0166004609206053,-0.114595114788705,0.377254434859585,1,1.02977939640501,0.113488696405013,0.113488696405013,0.113488696405013,0.0128796842117092,0.819326830583393,1.24902886278609,1,0.745048897767744,-0.171241802232256,0.171241802232256,0.171241802232256,0.029323754831751,0.448297694947364,1.03647245329386,1,1.53621733015639,0.0362173301563893,0.0362173301563893,0.0362173301563893,0.0013116950036569,1.46908021554216,1.64017157364304,1,1.80114830250572,0.00114830250571751,0.00114830250571751,0.00114830250571751,1.31859864463712e-06,1.73598143639443,1.86881195724368,1
40,"n1000-b1_1-b2_2p5-b3_2p5",1000,8,398,1,1,0,0.9162907,0.9162907,1.5,1.8,1,1.3,0.103,328,151,361,160,FALSE,NA,TRUE,NA,0.0149410784278421,0.0149410784278421,0.0149410784278421,0.0149410784278421,0.000223235824586928,-0.243734979132626,0.272277003806479,1,0.826411152201024,-0.0898795477989761,0.0898795477989761,0.0898795477989761,0.00807833311254843,0.609802978334732,1.04659089174451,1,0.951674261258707,0.0353835612587075,0.0353835612587075,0.0353835612587075,0.0012519964073487,0.650992477778394,1.26060305848907,1,1.53949156860244,0.0394915686024422,0.0394915686024422,0.0394915686024422,0.0015595839906814,1.46303546085944,1.5977670401225,1,1.85085323183007,0.0508532318300672,0.0508532318300672,0.0508532318300672,0.00258605118756256,1.7724646600859,1.93717082291605,1
40,"n1000-b1_1-b2_2p5-b3_2p5",1000,9,399,1,1,0,0.9162907,0.9162907,1.5,1.8,1,1.3,0.112,315,175,337,173,FALSE,NA,TRUE,NA,-0.0476302089624963,-0.0476302089624963,0.0476302089624963,0.0476302089624963,0.00226863680581106,-0.293319611512378,0.198918373916128,1,0.856736017630878,-0.059554682369122,0.059554682369122,0.059554682369122,0.00354676019208701,0.647559097583646,1.06831476326776,1,0.978780073280478,0.0624893732804781,0.0624893732804781,0.0624893732804781,0.00390492177298693,0.684260878846064,1.27571519817324,1,1.46696258569991,-0.0330374143000882,0.0330374143000882,0.0330374143000882,0.00109147074363567,1.385315551134,1.51760631744778,1,1.78851076442692,-0.0114892355730818,0.0114892355730818,0.0114892355730818,0.000132002534053768,1.72839483277876,1.86570540469572,1
40,"n1000-b1_1-b2_2p5-b3_2p5",1000,10,400,1,1,0,0.9162907,0.9162907,1.5,1.8,1,1.3,0.109,281,185,336,198,FALSE,NA,TRUE,NA,0.18747352340334,0.18747352340334,0.18747352340334,0.18747352340334,0.0351463219772627,-0.0447960056583461,0.419001430469064,1,1.11989321209491,0.203602512094908,0.203602512094908,0.203602512094908,0.041453982931357,0.918012947100543,1.32703948300168,0,0.657986587981825,-0.258304112018175,0.258304112018175,0.258304112018175,0.0667210142854979,0.372093931458383,0.942814929628951,1,1.50279639699286,0.00279639699286238,0.00279639699286238,0.00279639699286238,7.81983614168977e-06,1.47645991549789,1.58185831841713,1,1.78901050913567,-0.0109894908643255,0.0109894908643255,0.0109894908643255,0.000120768909457095,1.76073592932696,1.83875497916916,1
41,"n1000-b1_1-b2_2p5-b3_2p5",1000,1,401,1,1,0,0.9162907,0.9162907,1.5,1.8,1,1.3,0.104,306,198,347,149,FALSE,NA,TRUE,NA,-0.0538577356994203,-0.0538577356994203,0.0538577356994203,0.0538577356994203,0.00290065569466861,-0.298923784890435,0.193045350030671,1,0.774344972197944,-0.141945727802056,0.141945727802056,0.141945727802056,0.0201485896412554,0.558878618927142,0.997200688252544,1,1.01314522585317,0.0968545258531717,0.0968545258531717,0.0968545258531717,0.0093807991782427,0.719382784114986,1.30835420321172,1,1.51986412002542,0.0198641200254153,0.0198641200254153,0.0198641200254153,0.000394583264384104,1.48451264167878,1.56960933761841,1,1.77978871407258,-0.0202112859274177,0.0202112859274177,0.0202112859274177,0.000408496078839834,1.73983522840891,1.83706494271565,1
41,"n1000-b1_1-b2_2p5-b3_2p5",1000,2,402,1,1,0,0.9162907,0.9162907,1.5,1.8,1,1.3,0.091,338,160,342,160,FALSE,NA,TRUE,NA,-0.220903929043329,-0.220903929043329,0.220903929043329,0.220903929043329,0.04879854586678,-0.477738015723015,0.0313027807824928,1,0.686210359333117,-0.230080340666883,0.230080340666883,0.230080340666883,0.0529369631613888,0.47347489342874,0.901246801560159,0,1.18687972241947,0.270589022419472,0.270589022419472,0.270589022419472,0.0732184190539255,0.880403547872629,1.49696923909395,1,1.50025701368619,0.000257013686190355,0.000257013686190355,0.000257013686190355,6.60560348891542e-08,1.3418582453464,1.62844119257975,1,1.84661135713449,0.0466113571344897,0.0466113571344897,0.0466113571344897,0.00217261861391895,1.74438627028812,2.02460777094378,1
41,"n1000-b1_1-b2_2p5-b3_2p5",1000,3,403,1,1,0,0.9162907,0.9162907,1.5,1.8,1,1.3,0.123,309,159,331,201,FALSE,NA,TRUE,NA,-0.152768604058768,-0.152768604058768,0.152768604058768,0.152768604058768,0.0233382463860647,-0.393255395640422,0.0925673927143859,1,0.870109286640899,-0.0461814133591008,0.0461814133591008,0.0461814133591008,0.00213272293984413,0.667891105091476,1.07211880504985,1,1.00216678597237,0.0858760859723711,0.0858760859723711,0.0858760859723711,0.00737470214193407,0.709600202104075,1.29120179942797,1,1.51608070011668,0.0160807001166776,0.0160807001166776,0.0160807001166776,0.000258588916242515,1.44395384304284,1.60626236206122,1,1.84393842270676,0.0439384227067612,0.0439384227067612,0.0439384227067612,0.00193058498995803,1.76433288299849,1.95040098041775,1
41,"n1000-b1_1-b2_2p5-b3_2p5",1000,4,404,1,1,0,0.9162907,0.9162907,1.5,1.8,1,1.3,0.102,332,166,336,166,FALSE,NA,TRUE,NA,0.149281040507246,0.149281040507246,0.149281040507246,0.149281040507246,0.0222848290549259,-0.0969721941250772,0.394949327283194,1,0.99632771033515,0.0800370103351498,0.0800370103351498,0.0800370103351498,0.00640592302338887,0.782065606693573,1.21183612577387,1,0.70538013679074,-0.21091056320926,0.21091056320926,0.21091056320926,0.0444832656732474,0.411905654656262,0.998794853512226,1,1.53832815689063,0.0383281568906266,0.0383281568906266,0.0383281568906266,0.00146904761063249,1.49043090024469,1.61190701700757,1,1.85197486884116,0.0519748688411641,0.0519748688411641,0.0519748688411641,0.00270138699105621,1.76492730957528,1.93166400156828,1
41,"n1000-b1_1-b2_2p5-b3_2p5",1000,5,405,1,1,0,0.9162907,0.9162907,1.5,1.8,1,1.3,0.104,335,187,328,150,FALSE,NA,TRUE,NA,-0.0207102597514265,-0.0207102597514265,0.0207102597514265,0.0207102597514265,0.000428914858971557,-0.266263352505529,0.233828834874574,1,0.922768499354792,0.00647779935479154,0.00647779935479154,0.00647779935479154,4.19618844809376e-05,0.702771617944086,1.14909195681442,1,0.873921529436659,-0.0423691705633412,0.0423691705633412,0.0423691705633412,0.0017951466142255,0.575688158629728,1.16629730051291,1,1.50226507714911,0.00226507714911128,0.00226507714911128,0.00226507714911128,5.1305744914261e-06,1.32774105137334,1.5423603235794,1,1.79182286346152,-0.00817713653847996,0.00817713653847996,0.00817713653847996,6.6865561968944e-05,1.65598674665537,1.85065091578757,1
41,"n1000-b1_1-b2_2p5-b3_2p5",1000,6,406,1,1,0,0.9162907,0.9162907,1.5,1.8,1,1.3,0.084,322,164,328,186,FALSE,NA,TRUE,NA,-0.0269558613949896,-0.0269558613949896,0.0269558613949896,0.0269558613949896,0.000726618463545889,-0.262532320536402,0.215118670932685,1,0.896417298545125,-0.019873401454875,0.019873401454875,0.019873401454875,0.000394952085386629,0.689697033074434,1.10447957360553,1,0.948387581713989,0.0320968817139891,0.0320968817139891,0.0320968817139891,0.00103020981576181,0.656887955507883,1.23526764305812,1,1.47908545355264,-0.0209145464473621,0.0209145464473621,0.0209145464473621,0.000437418253098868,1.41777372235037,1.54058501761975,1,1.7842517840235,-0.0157482159765034,0.0157482159765034,0.0157482159765034,0.000248006306442598,1.73370985893764,1.86909121399582,1
41,"n1000-b1_1-b2_2p5-b3_2p5",1000,7,407,1,1,0,0.9162907,0.9162907,1.5,1.8,1,1.3,0.09,312,173,356,159,FALSE,NA,TRUE,NA,-0.0845160662809982,-0.0845160662809982,0.0845160662809982,0.0845160662809982,0.00714296545961407,-0.330400388914281,0.160601594206575,1,0.834342130742382,-0.0819485692576178,0.0819485692576178,0.0819485692576178,0.00671556800337059,0.621691472418235,1.04920135832645,1,0.917277364811586,0.000986664811585602,0.000986664811585602,0.000986664811585602,9.73507450421252e-07,0.626277002835218,1.2100562637478,1,1.51362728881393,0.0136272888139268,0.0136272888139268,0.0136272888139268,0.000185703000418175,1.41972714022996,1.59001374316197,1,1.81753145670378,0.0175314567037774,0.0175314567037774,0.0175314567037774,0.000307351974156422,1.73079667607273,1.92170392150691,1
41,"n1000-b1_1-b2_2p5-b3_2p5",1000,8,408,1,1,0,0.9162907,0.9162907,1.5,1.8,1,1.3,0.108,326,173,342,159,FALSE,NA,TRUE,NA,0.107402351789263,0.107402351789263,0.107402351789263,0.107402351789263,0.0115352651698646,-0.138282308238202,0.352024749760975,1,0.981542096390566,0.0652513963905659,0.0652513963905659,0.0652513963905659,0.00425774473091875,0.761293270320323,1.20879912538317,1,0.782626443637789,-0.133664256362211,0.133664256362211,0.133664256362211,0.0178661334288628,0.484709600295394,1.08390019901879,1,1.55296646784697,0.052966467846969,0.052966467846969,0.052966467846969,0.002805446716184,1.44121976597452,1.69962955498054,1,1.96943680743384,0.169436807433844,0.169436807433844,0.169436807433844,0.0287088317133734,1.7325093230994,2.18176105891933,1
41,"n1000-b1_1-b2_2p5-b3_2p5",1000,9,409,1,1,0,0.9162907,0.9162907,1.5,1.8,1,1.3,0.106,340,179,311,170,FALSE,NA,TRUE,NA,-0.0962599678092353,-0.0962599678092353,0.0962599678092353,0.0962599678092353,0.00926598140263501,-0.342057389152684,0.154135489667284,1,0.951954136470189,0.0356634364701893,0.0356634364701893,0.0356634364701893,0.00127188070086323,0.740705909456909,1.170060093601,1,0.875676914548097,-0.0406137854519031,0.0406137854519031,0.0406137854519031,0.00164947956873321,0.5810858200986,1.16942565781037,1,1.54273529779063,0.0427352977906281,0.0427352977906281,0.0427352977906281,0.00182630567725367,1.47746825564744,1.64974018960116,1,1.86301238027043,0.0630123802704343,0.0630123802704343,0.0630123802704343,0.00397056006734582,1.79107271668777,1.97688718561705,1
41,"n1000-b1_1-b2_2p5-b3_2p5",1000,10,410,1,1,0,0.9162907,0.9162907,1.5,1.8,1,1.3,0.1,366,150,332,152,FALSE,NA,TRUE,NA,0.0404861314481931,0.0404861314481931,0.0404861314481931,0.0404861314481931,0.00163912683964037,-0.227317707315241,0.31165358842521,1,1.13959249302261,0.223301793022609,0.223301793022609,0.223301793022609,0.0498636907671123,0.916269361295491,1.37282860174711,1,0.748646461579936,-0.167644238420064,0.167644238420064,0.167644238420064,0.0281045906754433,0.437355134487563,1.05948073390709,1,1.50365904540962,0.00365904540961504,0.00365904540961504,0.00365904540961504,1.33886133096249e-05,1.47729033601718,1.57038053957254,1,1.78307751202614,-0.0169224879738636,0.0169224879738636,0.0169224879738636,0.00028637059922556,1.7611846094933,1.81985874400517,1
42,"n1000-b1_1-b2_2p5-b3_2p5",1000,1,411,1,1,0,0.9162907,0.9162907,1.5,1.8,1,1.3,0.11,324,174,343,159,FALSE,NA,TRUE,NA,0.0106581119977108,0.0106581119977108,0.0106581119977108,0.0106581119977108,0.000113595351355746,-0.239436286801605,0.261838387477112,1,0.995084705776553,0.0787940057765526,0.0787940057765526,0.0787940057765526,0.0062084953463154,0.778440093630969,1.21363529972575,1,0.871497139170673,-0.0447935608293268,0.0447935608293268,0.0447935608293268,0.0020064630917706,0.575258554374844,1.16926972269042,1,1.50709220104006,0.00709220104005603,0.00709220104005603,0.00709220104005603,5.02993155925719e-05,1.43492979894715,1.62421238660942,1,1.80837245916438,0.00837245916437523,0.00837245916437523,0.00837245916437523,7.00980724591309e-05,1.78002950771631,1.89290161480481,1
42,"n1000-b1_1-b2_2p5-b3_2p5",1000,2,412,1,1,0,0.9162907,0.9162907,1.5,1.8,1,1.3,0.105,338,166,331,165,FALSE,NA,TRUE,NA,-0.0490625629217726,-0.0490625629217726,0.0490625629217726,0.0490625629217726,0.0024071350804529,-0.294989943693084,0.199809361783082,1,0.795887194776549,-0.120403505223451,0.120403505223451,0.120403505223451,0.0144970040700935,0.582516805695457,1.01635465600186,1,1.02969683485388,0.113406134853877,0.113406134853877,0.113406134853877,0.0128609514224958,0.732267512757266,1.33210774883509,1,1.53067397534227,0.030673975342274,0.030673975342274,0.030673975342274,0.000940892763298434,1.47621786331596,1.61724657443962,1,1.85566957881004,0.0556695788100403,0.0556695788100403,0.0556695788100403,0.00309910200488729,1.79229391698371,1.95657627248473,1
42,"n1000-b1_1-b2_2p5-b3_2p5",1000,3,413,1,1,0,0.9162907,0.9162907,1.5,1.8,1,1.3,0.109,311,168,340,181,FALSE,NA,TRUE,NA,0.025563168069699,0.025563168069699,0.025563168069699,0.025563168069699,0.000653475561759679,-0.216474172038539,0.268240422334443,1,0.827681723560084,-0.0886089764399162,0.0886089764399162,0.0886089764399162,0.00785155070572962,0.623760877676805,1.03224000601786,1,0.993945692513338,0.0776549925133376,0.0776549925133376,0.0776549925133376,0.00603029786224652,0.700472872022042,1.28936760065064,1,1.51883041069682,0.0188304106968227,0.0188304106968227,0.0188304106968227,0.000354584367011014,1.47858657257643,1.60543666920161,1,1.81983732106136,0.0198373210613592,0.0198373210613592,0.0198373210613592,0.000393519306891444,1.77080692580335,2.03388351723103,1
42,"n1000-b1_1-b2_2p5-b3_2p5",1000,4,414,1,1,0,0.9162907,0.9162907,1.5,1.8,1,1.3,0.113,322,167,334,177,FALSE,NA,TRUE,NA,-0.207164928418465,-0.207164928418465,0.207164928418465,0.207164928418465,0.0429173075666275,-0.457410649062294,0.0406870067079983,1,0.924957241627157,0.00866654162715663,0.00866654162715663,0.00866654162715663,7.51089437752387e-05,0.714151086997257,1.1402951723042,1,1.20222471598709,0.285934015987088,0.285934015987088,0.285934015987088,0.081758261498504,0.897969022206781,1.50925523943219,1,1.50060188814175,0.000601888141747553,0.000601888141747553,0.000601888141747553,3.62269335176322e-07,1.46081302732304,1.59756043851779,1,1.84341749977292,0.0434174997729242,0.0434174997729242,0.0434174997729242,0.00188507928653187,1.76367246218852,1.90448364675856,1
42,"n1000-b1_1-b2_2p5-b3_2p5",1000,5,415,1,1,0,0.9162907,0.9162907,1.5,1.8,1,1.3,0.1,342,175,314,169,FALSE,NA,TRUE,NA,0.439068275118645,0.439068275118645,0.439068275118645,0.439068275118645,0.192780950215662,0.187206299165685,0.689733875456329,0,1.22661087018599,0.310320170185988,0.310320170185988,0.310320170185988,0.0962986080242608,1.00308014613132,1.45383009050206,0,0.324879768053201,-0.591410931946799,0.591410931946799,0.591410931946799,0.349766890426182,0.0274216511717611,0.620971225261042,0,1.49122129532355,-0.00877870467645336,0.00877870467645336,0.00877870467645336,7.70656557963842e-05,1.40786383139077,1.6419325902627,1,1.63697977876383,-0.163020221236166,0.163020221236166,0.163020221236166,0.0265755925318884,1.46924274007961,1.92230868423291,1
42,"n1000-b1_1-b2_2p5-b3_2p5",1000,6,416,1,1,0,0.9162907,0.9162907,1.5,1.8,1,1.3,0.104,335,155,346,164,FALSE,NA,TRUE,NA,0.0271124003687175,0.0271124003687175,0.0271124003687175,0.0271124003687175,0.000735082253753633,-0.226940224341524,0.287014211294321,1,0.863318703602863,-0.0529719963971368,0.0529719963971368,0.0529719963971368,0.00280603240229827,0.648268817129834,1.08102760936218,1,0.854375468073013,-0.0619152319269874,0.0619152319269874,0.0619152319269874,0.00383349594457265,0.551963586726456,1.15449465641499,1,1.5285677359024,0.0285677359024028,0.0285677359024028,0.0285677359024028,0.000816115534589434,1.41807737672327,1.73696317175168,1,1.81826859485751,0.0182685948575092,0.0182685948575092,0.0182685948575092,0.000333741558067812,1.71051067340069,1.9294725410137,1
42,"n1000-b1_1-b2_2p5-b3_2p5",1000,7,417,1,1,0,0.9162907,0.9162907,1.5,1.8,1,1.3,0.113,308,183,354,155,FALSE,NA,TRUE,NA,0.117304714577088,0.117304714577088,0.117304714577088,0.117304714577088,0.0137603960620121,-0.139026190661639,0.37269403895699,1,1.10125582135809,0.184965121358088,0.184965121358088,0.184965121358088,0.0342120961190122,0.872770252103465,1.3308012770544,1,0.883647209383137,-0.0326434906168628,0.0326434906168628,0.0326434906168628,0.00106559747965321,0.579208652533192,1.1883094617899,1,1.51390013329446,0.0139001332944588,0.0139001332944588,0.0139001332944588,0.000193213705603723,1.4324840936664,1.54691892433641,1,1.83996919366583,0.0399691936658326,0.0399691936658326,0.0399691936658326,0.00159753644229683,1.80988055017149,1.90326992316249,0
42,"n1000-b1_1-b2_2p5-b3_2p5",1000,8,418,1,1,0,0.9162907,0.9162907,1.5,1.8,1,1.3,0.094,327,171,314,188,FALSE,NA,TRUE,NA,0.107331247699994,0.107331247699994,0.107331247699994,0.107331247699994,0.0115199967328375,-0.129574881549951,0.341475994001965,1,0.852116615615449,-0.0641740843845511,0.0641740843845511,0.0641740843845511,0.00411831310659548,0.646649127259868,1.06174929028618,1,0.880395267093187,-0.0358954329068129,0.0358954329068129,0.0358954329068129,0.0012884821035675,0.588862333214471,1.16920148931946,1,1.49655508269012,-0.00344491730988428,0.00344491730988428,0.00344491730988428,1.18674552719403e-05,1.46108702443866,1.58459281911024,1,1.75408248965124,-0.0459175103487617,0.0459175103487617,0.0459175103487617,0.00210841775662864,1.70692676017907,1.9070620009925,1
42,"n1000-b1_1-b2_2p5-b3_2p5",1000,9,419,1,1,0,0.9162907,0.9162907,1.5,1.8,1,1.3,0.11,332,158,342,168,FALSE,NA,TRUE,NA,0.0139569989860358,0.0139569989860358,0.0139569989860358,0.0139569989860358,0.000194797820696203,-0.237516546525076,0.264202041104991,1,0.913628749575824,-0.00266195042417616,0.00266195042417616,0.00266195042417616,7.08598006077165e-06,0.703166034966431,1.12946458596651,1,0.852452072124763,-0.0638386278752373,0.0638386278752373,0.0638386278752373,0.00407537040899303,0.551789098070012,1.15100965733967,1,1.5180377816028,0.0180377816028003,0.0180377816028003,0.0180377816028003,0.000325361565150322,1.49568298448335,1.56120654531444,1,1.81678441476331,0.0167844147633081,0.0167844147633081,0.0167844147633081,0.000281716578946753,1.79012500717215,1.84995346608951,1
42,"n1000-b1_1-b2_2p5-b3_2p5",1000,10,420,1,1,0,0.9162907,0.9162907,1.5,1.8,1,1.3,0.103,332,173,316,179,FALSE,NA,TRUE,NA,-0.0565671319050512,-0.0565671319050512,0.0565671319050512,0.0565671319050512,0.00319984041196346,-0.29322320756746,0.183665116399089,1,0.883362738839227,-0.0329279611607727,0.0329279611607727,0.0329279611607727,0.00108425062620535,0.6763936100774,1.09185537847467,1,0.999951919657008,0.0836612196570081,0.0836612196570081,0.0836612196570081,0.00699919967449816,0.711049479439689,1.28838376552474,1,1.51021080821153,0.0102108082115304,0.0102108082115304,0.0102108082115304,0.000104260604332657,1.47732749947565,1.53695654492808,1,1.80814753312238,0.00814753312238148,0.00814753312238148,0.00814753312238148,6.63822959803033e-05,1.78499040755428,1.8249209324613,1
43,"n1000-b1_1-b2_2p5-b3_2p5",1000,1,421,1,1,0,0.9162907,0.9162907,1.5,1.8,1,1.3,0.089,335,139,345,181,FALSE,NA,TRUE,NA,0.0214673439249925,0.0214673439249925,0.0214673439249925,0.0214673439249925,0.000460846855193913,-0.23524982119618,0.278142527295428,1,0.811740037638482,-0.104550662361518,0.104550662361518,0.104550662361518,0.0109308410002321,0.6049615262418,1.02112044419171,1,0.904707619733058,-0.0115830802669423,0.0115830802669423,0.0115830802669423,0.000134167748470429,0.599194496998058,1.20857864759243,1,1.52884480658569,0.0288448065856857,0.0288448065856857,0.0288448065856857,0.000832022866965615,1.47239442641378,1.66523268149841,1,1.75948201361908,-0.0405179863809182,0.0405179863809182,0.0405179863809182,0.00164170722036427,1.69635264086567,1.85381249399222,1
43,"n1000-b1_1-b2_2p5-b3_2p5",1000,2,422,1,1,0,0.9162907,0.9162907,1.5,1.8,1,1.3,0.099,335,177,313,175,FALSE,NA,TRUE,NA,-0.0058842329616401,-0.0058842329616401,0.0058842329616401,0.0058842329616401,3.46241975468518e-05,-0.241916529975353,0.227295139855085,1,0.798260477821984,-0.118030222178016,0.118030222178016,0.118030222178016,0.0139311333473919,0.590407025173193,1.01270478047275,1,1.0494165669927,0.1331258669927,0.1331258669927,0.1331258669927,0.0177224964625581,0.758606608046495,1.3394846516355,1,1.52839543368919,0.0283954336891938,0.0283954336891938,0.0283954336891938,0.000806300654397404,1.49235635734098,1.63266829917976,1,1.83555878538304,0.0355587853830388,0.0355587853830388,0.0355587853830388,0.00126442721791701,1.78304661974183,1.92946703769544,1
43,"n1000-b1_1-b2_2p5-b3_2p5",1000,3,423,1,1,0,0.9162907,0.9162907,1.5,1.8,1,1.3,0.091,328,158,339,175,FALSE,NA,TRUE,NA,-0.0405343405472599,-0.0405343405472599,0.0405343405472599,0.0405343405472599,0.00164303276360124,-0.281470379367576,0.202057951654655,1,0.868261866387917,-0.0480288336120833,0.0480288336120833,0.0480288336120833,0.00230676885813718,0.663214557000894,1.07756521284116,1,1.08559930780799,0.169308607807986,0.169308607807986,0.169308607807986,0.0286654046778786,0.792214294453496,1.38123772156013,1,1.51109006127217,0.0110900612721689,0.0110900612721689,0.0110900612721689,0.000122989459020461,1.43133026274318,1.59019563703734,1,1.79118339533557,-0.00881660466442558,0.00881660466442558,0.00881660466442558,7.77325178087708e-05,1.65970304088374,1.88402726802868,1
43,"n1000-b1_1-b2_2p5-b3_2p5",1000,4,424,1,1,0,0.9162907,0.9162907,1.5,1.8,1,1.3,0.093,356,148,320,176,FALSE,NA,TRUE,NA,-0.0124882979668093,-0.0124882979668093,0.0124882979668093,0.0124882979668093,0.000155957586107814,-0.266534404315762,0.233839024988189,1,0.832284957377216,-0.0840057426227837,0.0840057426227837,0.0840057426227837,0.00705696479360538,0.620284713207166,1.0480218081265,1,1.09883708385644,0.182546383856445,0.182546383856445,0.182546383856445,0.0333231822590644,0.800678286407321,1.40367862501047,1,1.5109420017989,0.0109420017989004,0.0109420017989004,0.0109420017989004,0.000119727403367139,1.48495870707959,1.56311970830104,1,1.82897639347257,0.0289763934725749,0.0289763934725749,0.0289763934725749,0.000839631378677479,1.79424567134652,1.92415332468036,1
43,"n1000-b1_1-b2_2p5-b3_2p5",1000,5,425,1,1,0,0.9162907,0.9162907,1.5,1.8,1,1.3,0.119,330,169,333,168,FALSE,NA,TRUE,NA,-0.0407660891272616,-0.0407660891272616,0.0407660891272616,0.0407660891272616,0.00166187402273184,-0.29810151948071,0.218275514699155,1,1.00920947375468,0.0929187737546837,0.0929187737546837,0.0929187737546837,0.0086338985160741,0.793470004471248,1.23117623939578,1,0.990952088750442,0.0746613887504417,0.0746613887504417,0.0746613887504417,0.00557432297014458,0.684094012088904,1.29577230909959,1,1.42823399066479,-0.071766009335205,0.071766009335205,0.071766009335205,0.00515036009590074,1.31775292369123,1.51103883909705,1,1.74689938807732,-0.0531006119226756,0.0531006119226756,0.0531006119226756,0.00281967498656259,1.67292709910837,1.8006525536847,1
43,"n1000-b1_1-b2_2p5-b3_2p5",1000,6,426,1,1,0,0.9162907,0.9162907,1.5,1.8,1,1.3,0.099,341,165,340,154,FALSE,NA,TRUE,NA,0.0213453631070666,0.0213453631070666,0.0213453631070666,0.0213453631070666,0.000455624526172521,-0.23832889365961,0.280302295611573,1,1.01549929523914,0.0992085952391382,0.0992085952391382,0.0992085952391382,0.00984234536932315,0.796835959572956,1.24320481819154,1,0.836994745853515,-0.0792959541464848,0.0792959541464848,0.0792959541464848,0.00628784834400142,0.53212923683078,1.14134517153953,1,1.48352920071567,-0.0164707992843314,0.0164707992843314,0.0164707992843314,0.000271287229064731,1.45593792106045,1.58713212305328,1,1.78527416469537,-0.0147258353046322,0.0147258353046322,0.0147258353046322,0.000216850225419153,1.73949948728282,1.86087651622372,1
43,"n1000-b1_1-b2_2p5-b3_2p5",1000,7,427,1,1,0,0.9162907,0.9162907,1.5,1.8,1,1.3,0.08,327,180,337,156,FALSE,NA,TRUE,NA,0.217970044555881,0.217970044555881,0.217970044555881,0.217970044555881,0.0475109403236929,-0.0246656072399891,0.46168853612997,1,0.898566428194268,-0.0177242718057322,0.0177242718057322,0.0177242718057322,0.000314149811043474,0.682257717476858,1.12115833305755,1,0.708082630887217,-0.208208069112783,0.208208069112783,0.208208069112783,0.0433506000436734,0.415731360862558,1.00300778057501,1,1.54067584610495,0.0406758461049492,0.0406758461049492,0.0406758461049492,0.00165452445635351,1.504553349619,1.62716487216908,0,1.77415258650005,-0.0258474134999533,0.0258474134999533,0.0258474134999533,0.00066808878463757,1.73214284234897,1.80934329071819,1
43,"n1000-b1_1-b2_2p5-b3_2p5",1000,8,428,1,1,0,0.9162907,0.9162907,1.5,1.8,1,1.3,0.103,324,169,327,180,FALSE,NA,TRUE,NA,-0.241242437655559,-0.241242437655559,0.241242437655559,0.241242437655559,0.0581979137259962,-0.486349019816733,0.00535646867149571,1,0.961568116756527,0.0452774167565274,0.0452774167565274,0.0452774167565274,0.00205004446814427,0.751398451513022,1.17464090367313,1,1.19079377166098,0.274503071660984,0.274503071660984,0.274503071660984,0.0753519363513152,0.890756728819574,1.49122663631787,1,1.47500210142772,-0.0249978985722832,0.0249978985722832,0.0249978985722832,0.000624894933030158,1.42458926704441,1.61672741502831,1,1.68313502121755,-0.116864978782452,0.116864978782452,0.116864978782452,0.013657423265823,1.61007828264094,1.78474643059905,0
43,"n1000-b1_1-b2_2p5-b3_2p5",1000,9,429,1,1,0,0.9162907,0.9162907,1.5,1.8,1,1.3,0.086,344,165,318,173,FALSE,NA,TRUE,NA,0.0701239754390775,0.0701239754390775,0.0701239754390775,0.0701239754390775,0.00491737193138034,-0.165426878078826,0.311590872422834,1,0.978762732729143,0.0624720327291429,0.0624720327291429,0.0624720327291429,0.0039027548733111,0.771938162691661,1.18990873750881,1,0.886337808466138,-0.029952891533862,0.029952891533862,0.029952891533862,0.000897175711239305,0.599845116759891,1.17647450414021,1,1.51055260127444,0.0105526012744408,0.0105526012744408,0.0105526012744408,0.00011135739365733,1.46921578648111,1.55108218320827,1,1.8578375611116,0.0578375611116022,0.0578375611116022,0.0578375611116022,0.00334518347533832,1.78184942256254,1.93520742283273,1
43,"n1000-b1_1-b2_2p5-b3_2p5",1000,10,430,1,1,0,0.9162907,0.9162907,1.5,1.8,1,1.3,0.12,320,160,340,180,FALSE,NA,TRUE,NA,-0.0879628393130756,-0.0879628393130756,0.0879628393130756,0.0879628393130756,0.00773746110001796,-0.338510083396027,0.15766276425607,1,0.9438330251599,0.0275423251599002,0.0275423251599002,0.0275423251599002,0.000758579675213671,0.736898003908073,1.15546097709131,1,0.857514610230261,-0.0587760897697388,0.0587760897697388,0.0587760897697388,0.00345462872862039,0.563273998886969,1.15585401200075,1,1.47932960510116,-0.0206703948988372,0.0206703948988372,0.0206703948988372,0.000427265225273873,1.3688375387458,1.62907611271529,1,1.84397333238503,0.0439733323850284,0.0439733323850284,0.0439733323850284,0.00193365396104419,1.77631694308678,1.97927410437044,1
44,"n1000-b1_1-b2_2p5-b3_2p5",1000,1,431,1,1,0,0.9162907,0.9162907,1.5,1.8,1,1.3,0.099,335,187,319,159,FALSE,NA,TRUE,NA,-0.000829254779962989,-0.000829254779962989,0.000829254779962989,0.000829254779962989,6.87663490091465e-07,-0.251783876567567,0.247832280137925,1,0.844995031772086,-0.0712956682279144,0.0712956682279144,0.0712956682279144,0.00508307230806485,0.624714452092723,1.06667641217379,1,1.02441717071271,0.108126470712715,0.108126470712715,0.108126470712715,0.0116913336687875,0.724863026799472,1.32225800230712,1,1.3914479144253,-0.108552085574697,0.108552085574697,0.108552085574697,0.0117835552826164,1.33479911583914,1.49484827599699,0,1.64300689831318,-0.156993101686817,0.156993101686817,0.156993101686817,0.0246468339772472,1.53194588228498,1.79073819895927,0
44,"n1000-b1_1-b2_2p5-b3_2p5",1000,2,432,1,1,0,0.9162907,0.9162907,1.5,1.8,1,1.3,0.108,303,144,359,194,FALSE,NA,TRUE,NA,0.0639872400367575,0.0639872400367575,0.0639872400367575,0.0639872400367575,0.00409436688752162,-0.189646560023001,0.318521645249722,1,1.00247353618676,0.0861828361867625,0.0861828361867625,0.0861828361867625,0.00742748125319434,0.804065842204393,1.20783609930017,1,0.861457005934922,-0.0548336940650783,0.0548336940650783,0.0548336940650783,0.00300673400482261,0.563663037446609,1.16031236998301,1,1.48182358563201,-0.0181764143679892,0.0181764143679892,0.0181764143679892,0.000330382039276845,1.42744797720302,1.5531744525757,1,1.79361262794279,-0.0063873720572114,0.0063873720572114,0.0063873720572114,4.07985217972451e-05,1.7376086402706,1.86341241779264,1
44,"n1000-b1_1-b2_2p5-b3_2p5",1000,3,433,1,1,0,0.9162907,0.9162907,1.5,1.8,1,1.3,0.106,328,181,324,167,FALSE,NA,TRUE,NA,-0.184316456167384,-0.184316456167384,0.184316456167384,0.184316456167384,0.0339725560141032,-0.425723054111779,0.0546566938247555,1,0.859629363157442,-0.0566613368425577,0.0566613368425577,0.0566613368425577,0.00321050709278579,0.649609664511034,1.0738105743662,1,1.06790649522675,0.151615795226746,0.151615795226746,0.151615795226746,0.0229873493622385,0.776760781480339,1.36198136883619,1,1.51624990286319,0.0162499028631935,0.0162499028631935,0.0162499028631935,0.000264059343063224,1.47871457790452,1.57310940050232,1,1.81337768426051,0.0133776842605149,0.0133776842605149,0.0133776842605149,0.000178962436174028,1.76953816794573,1.87780876928926,1
44,"n1000-b1_1-b2_2p5-b3_2p5",1000,4,434,1,1,0,0.9162907,0.9162907,1.5,1.8,1,1.3,0.106,339,169,337,155,FALSE,NA,TRUE,NA,-0.155558600325231,-0.155558600325231,0.155558600325231,0.155558600325231,0.0241984781351449,-0.407620812953765,0.0950310890341353,1,0.773168281426997,-0.143122418573003,0.143122418573003,0.143122418573003,0.020484026698186,0.561682625776165,0.98827427923334,1,1.08770215711508,0.171411457115078,0.171411457115078,0.171411457115078,0.0293818876303141,0.793290260131764,1.38831081123374,1,1.53270450439129,0.0327045043912892,0.0327045043912892,0.0327045043912892,0.00106958460747986,1.49299843237948,1.60450343993844,1,1.83120585707727,0.0312058570772702,0.0312058570772702,0.0312058570772702,0.000973805515927014,1.79135881292004,1.88141283288269,1
44,"n1000-b1_1-b2_2p5-b3_2p5",1000,5,435,1,1,0,0.9162907,0.9162907,1.5,1.8,1,1.3,0.107,331,176,334,159,FALSE,NA,TRUE,NA,-0.0219135266509097,-0.0219135266509097,0.0219135266509097,0.0219135266509097,0.000480202650280128,-0.277254253582848,0.236599511153136,1,0.934573128424754,0.0182824284247544,0.0182824284247544,0.0182824284247544,0.000334247189106266,0.713424449058166,1.15715671847109,1,0.830697639794999,-0.0855930602050013,0.0855930602050013,0.0855930602050013,0.00732617195525699,0.53085329375895,1.13086078464987,1,1.43293786921741,-0.0670621307825865,0.0670621307825865,0.0670621307825865,0.00449732938510073,1.34045976189557,1.5255276478397,1,1.75485206470616,-0.0451479352938395,0.0451479352938395,0.0451479352938395,0.00203833606129672,1.64013713841133,1.83869691362591,1
44,"n1000-b1_1-b2_2p5-b3_2p5",1000,6,436,1,1,0,0.9162907,0.9162907,1.5,1.8,1,1.3,0.09,320,173,345,162,FALSE,NA,TRUE,NA,0.0343862011829199,0.0343862011829199,0.0343862011829199,0.0343862011829199,0.00118241083179224,-0.209722138557411,0.278824977991547,1,0.916158552064621,-0.00013214793537919,0.00013214793537919,0.00013214793537919,1.74630768249825e-08,0.707563912507612,1.1293865395763,1,0.834146870325323,-0.0821438296746766,0.0821438296746766,0.0821438296746766,0.00674760875362228,0.536991698958867,1.12419652456298,1,1.47935876940163,-0.0206412305983692,0.0206412305983692,0.0206412305983692,0.000426060400615053,1.42641313992429,1.56053156486775,1,1.82251302951751,0.0225130295175131,0.0225130295175131,0.0225130295175131,0.000506836498056416,1.79560625717427,1.87919534958954,1
44,"n1000-b1_1-b2_2p5-b3_2p5",1000,7,437,1,1,0,0.9162907,0.9162907,1.5,1.8,1,1.3,0.099,322,170,344,164,FALSE,NA,TRUE,NA,0.0686130785175246,0.0686130785175246,0.0686130785175246,0.0686130785175246,0.004707754543652,-0.174159456861927,0.315515214847829,1,0.837921496625783,-0.0783692033742167,0.0783692033742167,0.0783692033742167,0.00614173203750934,0.623463747617054,1.05628749488823,1,0.854957124689298,-0.0613335753107017,0.0613335753107017,0.0613335753107017,0.00376180746039352,0.558518203126542,1.15434307959695,1,1.55267839707233,0.0526783970723337,0.0526783970723337,0.0526783970723337,0.00277501351811045,1.47850618930464,1.68037392460474,1,1.82843812522705,0.0284381252270467,0.0284381252270467,0.0284381252270467,0.00080872696642919,1.68676335424072,2.03333150625291,1
44,"n1000-b1_1-b2_2p5-b3_2p5",1000,8,438,1,1,0,0.9162907,0.9162907,1.5,1.8,1,1.3,0.101,327,174,345,154,FALSE,NA,TRUE,NA,-0.191161471798614,-0.191161471798614,0.191161471798614,0.191161471798614,0.0365427083002124,-0.443783178324142,0.06083420544339,1,0.801315604071544,-0.114975095928456,0.114975095928456,0.114975095928456,0.0132192726837577,0.585718549012273,1.01979068314959,1,1.07249486964313,0.156204169643125,0.156204169643125,0.156204169643125,0.0243997426138982,0.772298719284184,1.37084026134394,1,1.46629632375522,-0.0337036762447751,0.0337036762447751,0.0337036762447751,0.00113593779241262,1.42151858827972,1.53831135802599,1,1.75859150118768,-0.041408498812322,0.041408498812322,0.041408498812322,0.00171466377389007,1.70488023845461,1.83340216621467,1
44,"n1000-b1_1-b2_2p5-b3_2p5",1000,9,439,1,1,0,0.9162907,0.9162907,1.5,1.8,1,1.3,0.082,365,156,321,158,FALSE,NA,TRUE,NA,-0.31746438026332,-0.31746438026332,0.31746438026332,0.31746438026332,0.100783632735974,-0.568946060115654,-0.0679498884859884,0,0.667779337924095,-0.248511362075905,0.248511362075905,0.248511362075905,0.0617578970808216,0.462266514826834,0.880973486575961,0,1.27436110244995,0.358070402449949,0.358070402449949,0.358070402449949,0.128214413110668,0.977271914539671,1.57551115814161,0,1.51166308543914,0.0116630854391422,0.0116630854391422,0.0116630854391422,0.00013602756196073,1.49025365162341,1.56379530053748,1,1.81293152250743,0.0129315225074318,0.0129315225074318,0.0129315225074318,0.000167224274360215,1.7755950271673,1.86524476120941,1
44,"n1000-b1_1-b2_2p5-b3_2p5",1000,10,440,1,1,0,0.9162907,0.9162907,1.5,1.8,1,1.3,0.111,336,156,332,176,FALSE,NA,TRUE,NA,0.0722631559958713,0.0722631559958713,0.0722631559958713,0.0722631559958713,0.00522196371448362,-0.176383773159576,0.326544281561246,1,1.06645010547886,0.150159405478856,0.150159405478856,0.150159405478856,0.0225478470537636,0.850243762485038,1.28786138859282,1,0.685820107388377,-0.230470592611624,0.230470592611624,0.230470592611624,0.0531166940587529,0.387766799876882,0.985724783966512,1,1.55393173545543,0.0539317354554296,0.0539317354554296,0.0539317354554296,0.00290863208923444,1.48943267769808,1.63811168888062,1,1.81614125803774,0.0161412580377365,0.0161412580377365,0.0161412580377365,0.000260540211040792,1.67151382026052,1.97473070083435,1
45,"n1000-b1_1-b2_2p5-b3_2p5",1000,1,441,1,1,0,0.9162907,0.9162907,1.5,1.8,1,1.3,0.084,326,144,366,164,FALSE,NA,TRUE,NA,-0.255166970253642,-0.255166970253642,0.255166970253642,0.255166970253642,0.0651101827084228,-0.513241145800637,0.0014970684668215,1,0.903100252481615,-0.0131904475183853,0.0131904475183853,0.0131904475183853,0.000173987905735276,0.692446622213535,1.11860541237437,1,1.23326762148354,0.316976921483537,0.316976921483537,0.316976921483537,0.10047436875318,0.926498554658998,1.53592870640087,0,1.47814381906371,-0.0218561809362943,0.0218561809362943,0.0218561809362943,0.000477692645120033,1.43552862181072,1.51959313720564,1,1.80693040823327,0.00693040823327462,0.00693040823327462,0.00693040823327462,4.80305582798407e-05,1.77568078525,1.86016781705202,1
45,"n1000-b1_1-b2_2p5-b3_2p5",1000,2,442,1,1,0,0.9162907,0.9162907,1.5,1.8,1,1.3,0.099,315,173,345,167,FALSE,NA,TRUE,NA,0.0255607145328378,0.0255607145328378,0.0255607145328378,0.0255607145328378,0.000653350127429223,-0.221984926271581,0.266755545456583,1,0.838958837253041,-0.0773318627469591,0.0773318627469591,0.0773318627469591,0.00598021699591453,0.63423954189409,1.04777294115867,1,0.914748127469349,-0.00154257253065104,0.00154257253065104,0.00154257253065104,2.37953001231916e-06,0.622808290451883,1.20703717583345,1,1.48776732065668,-0.0122326793433241,0.0122326793433241,0.0122326793433241,0.000149638443916587,1.41521502643556,1.55178108302432,1,1.82248293298034,0.0224829329803431,0.0224829329803431,0.0224829329803431,0.000505482275398599,1.72315726342804,1.89717589297077,1
45,"n1000-b1_1-b2_2p5-b3_2p5",1000,3,443,1,1,0,0.9162907,0.9162907,1.5,1.8,1,1.3,0.112,334,175,321,170,FALSE,NA,TRUE,NA,0.112178885446389,0.112178885446389,0.112178885446389,0.112178885446389,0.0125841023399942,-0.137567705682331,0.359502237560867,1,1.12386456899912,0.207573868999124,0.207573868999124,0.207573868999124,0.0430869110912656,0.908567186074461,1.3491899141597,1,0.757840741923913,-0.158449958076087,0.158449958076087,0.158449958076087,0.0251063892143138,0.460510822030366,1.06070269044827,1,1.45214155923313,-0.0478584407668665,0.0478584407668665,0.0478584407668665,0.00229043035263567,1.41922497238827,1.51354951025429,1,1.73846769082365,-0.0615323091763453,0.0615323091763453,0.0615323091763453,0.00378622507257335,1.68849411451856,1.81373196383081,1
45,"n1000-b1_1-b2_2p5-b3_2p5",1000,4,444,1,1,0,0.9162907,0.9162907,1.5,1.8,1,1.3,0.095,338,174,339,149,FALSE,NA,TRUE,NA,0.176201623033748,0.176201623033748,0.176201623033748,0.176201623033748,0.0310470119597269,-0.0730534794661909,0.426224618341673,1,0.973398321835909,0.0571076218359087,0.0571076218359087,0.0571076218359087,0.00326128047175315,0.747903617628934,1.20102577261721,1,0.728840740206556,-0.187449959793444,0.187449959793444,0.187449959793444,0.0351374874265637,0.429386617750666,1.02860687758082,1,1.52054179898301,0.0205417989830148,0.0205417989830148,0.0205417989830148,0.000421965505458587,1.47129776929106,1.57180367214018,1,1.80430781793819,0.00430781793819213,0.00430781793819213,0.00430781793819213,1.85572953886099e-05,1.74605409370237,1.85777495773738,1
45,"n1000-b1_1-b2_2p5-b3_2p5",1000,5,445,1,1,0,0.9162907,0.9162907,1.5,1.8,1,1.3,0.094,350,161,327,162,FALSE,NA,TRUE,NA,-0.164258209258696,-0.164258209258696,0.164258209258696,0.164258209258696,0.0269807593088735,-0.41098980933816,0.0828292856978376,1,0.774380313888323,-0.141910386111677,0.141910386111677,0.141910386111677,0.0201385576863652,0.565053365164266,0.983992130649321,1,1.13838840576007,0.222097705760067,0.222097705760067,0.222097705760067,0.0493273909038853,0.845822681598891,1.43583077268696,1,1.49113267197262,-0.00886732802738166,0.00886732802738166,0.00886732802738166,7.86295063451883e-05,1.43903636268713,1.52863916002803,1,1.79637298533803,-0.00362701466196524,0.00362701466196524,0.00362701466196524,1.31552353581109e-05,1.76957841309591,1.83452381697438,1
45,"n1000-b1_1-b2_2p5-b3_2p5",1000,6,446,1,1,0,0.9162907,0.9162907,1.5,1.8,1,1.3,0.095,344,161,338,157,FALSE,NA,TRUE,NA,-0.227362284857995,-0.227362284857995,0.227362284857995,0.227362284857995,0.0516936085758479,-0.478595623690763,0.0294862881584745,1,0.742580776029316,-0.173709923970684,0.173709923970684,0.173709923970684,0.0301751376859008,0.530263963960248,0.960402741565529,1,1.16154580664905,0.245255106649055,0.245255106649055,0.245255106649055,0.0601500673374392,0.855861010919733,1.46609016721812,1,1.41503454788703,-0.0849654521129652,0.0849654521129652,0.0849654521129652,0.00721912805276059,1.32849237972061,1.51915897793868,1,1.7904622372755,-0.00953776272450124,0.00953776272450124,0.00953776272450124,9.09689177888854e-05,1.71241717489782,1.90739222560802,1
45,"n1000-b1_1-b2_2p5-b3_2p5",1000,7,447,1,1,0,0.9162907,0.9162907,1.5,1.8,1,1.3,0.11,324,182,333,161,FALSE,NA,TRUE,NA,0.0662020055826386,0.0662020055826386,0.0662020055826386,0.0662020055826386,0.00438270554316371,-0.184068057593007,0.32491768499021,1,1.05908721986185,0.142796519861854,0.142796519861854,0.142796519861854,0.0203908460846568,0.842877661556282,1.28350590868623,1,0.864704772594701,-0.0515859274052992,0.0515859274052992,0.0515859274052992,0.0026611079062648,0.561476984874792,1.1678567236105,1,1.4984736581714,-0.00152634182859912,0.00152634182859912,0.00152634182859912,2.32971937773131e-06,1.47821709617147,1.53597369784744,1,1.78063723791514,-0.0193627620848627,0.0193627620848627,0.0193627620848627,0.000374916555554995,1.76201641226832,1.80825145613551,1
45,"n1000-b1_1-b2_2p5-b3_2p5",1000,8,448,1,1,0,0.9162907,0.9162907,1.5,1.8,1,1.3,0.119,342,156,324,178,FALSE,NA,TRUE,NA,0.0406927044854318,0.0406927044854318,0.0406927044854318,0.0406927044854318,0.00165589619833868,-0.222082336438379,0.295890253290248,1,0.975870704685319,0.0595800046853193,0.0595800046853193,0.0595800046853193,0.00354977695830267,0.759154588979311,1.19632332971797,1,0.794733200727724,-0.121557499272276,0.121557499272276,0.121557499272276,0.0147762256293293,0.491658080377978,1.09791898342802,1,1.48732187610191,-0.0126781238980924,0.0126781238980924,0.0126781238980924,0.000160734825575382,1.45441296691205,1.5194424647041,1,1.78899856517775,-0.0110014348222527,0.0110014348222527,0.0110014348222527,0.000121031568148274,1.76308240811633,1.8184242449273,1
45,"n1000-b1_1-b2_2p5-b3_2p5",1000,9,449,1,1,0,0.9162907,0.9162907,1.5,1.8,1,1.3,0.087,338,177,301,184,FALSE,NA,TRUE,NA,0.152546074409953,0.152546074409953,0.152546074409953,0.152546074409953,0.023270304817887,-0.0759377468412015,0.386585062830835,1,0.932031907617181,0.015741207617181,0.015741207617181,0.015741207617181,0.000247785617247197,0.724517538887357,1.13996226217357,1,0.768253462552459,-0.148037237447541,0.148037237447541,0.148037237447541,0.0219150236710995,0.483446030214684,1.05518590281066,1,1.47976150748536,-0.0202384925146419,0.0202384925146419,0.0202384925146419,0.000409596579265218,1.44877735629393,1.53483044555915,1,1.80106239948897,0.00106239948897269,0.00106239948897269,0.00106239948897269,1.12869267416943e-06,1.77112973610592,1.86717950150239,1
45,"n1000-b1_1-b2_2p5-b3_2p5",1000,10,450,1,1,0,0.9162907,0.9162907,1.5,1.8,1,1.3,0.097,348,169,307,176,FALSE,NA,TRUE,NA,0.223177703195864,0.223177703195864,0.223177703195864,0.223177703195864,0.0498082872037814,-0.0207439768411638,0.463134103636222,1,1.05044593335768,0.13415523335768,0.13415523335768,0.13415523335768,0.0179976266372537,0.837408811922536,1.26830533742692,1,0.603124270575087,-0.313166429424913,0.313166429424913,0.313166429424913,0.0980732125187489,0.311873855278955,0.896803248622607,0,1.50771902090434,0.00771902090433518,0.00771902090433518,0.00771902090433518,5.95832837215636e-05,1.4299457618002,1.57541426894789,1,1.78984389589574,-0.0101561041042619,0.0101561041042619,0.0101561041042619,0.000103146450576606,1.68402347933702,1.87258135331869,1
46,"n1000-b1_1-b2_2p5-b3_2p5",1000,1,451,1,1,0,0.9162907,0.9162907,1.5,1.8,1,1.3,0.099,329,169,337,165,FALSE,NA,TRUE,NA,0.00210651097127654,0.00210651097127654,0.00210651097127654,0.00210651097127654,4.43738847210844e-06,-0.247219150682287,0.251106631119825,1,0.884614677045999,-0.0316760229540008,0.0316760229540008,0.0316760229540008,0.00100337043018239,0.675173340414338,1.10074305553451,1,0.975800006803008,0.0595093068030085,0.0595093068030085,0.0595093068030085,0.00354135759617459,0.678004535132446,1.27475806969337,1,1.51906641768758,0.0190664176875837,0.0190664176875837,0.0190664176875837,0.000363528283437403,1.46808691873332,1.58123610066161,1,1.80171775448309,0.0017177544830882,0.0017177544830882,0.0017177544830882,2.9506804641696e-06,1.73123188527566,1.85667897595555,1
46,"n1000-b1_1-b2_2p5-b3_2p5",1000,2,452,1,1,0,0.9162907,0.9162907,1.5,1.8,1,1.3,0.082,335,166,331,168,FALSE,NA,TRUE,NA,0.01970334500358,0.01970334500358,0.01970334500358,0.01970334500358,0.000388221804330102,-0.219000785699637,0.257172878275873,1,0.802716366730554,-0.113574333269446,0.113574333269446,0.113574333269446,0.0128991291775991,0.599179301483649,1.01224235490805,1,0.990265631093686,0.0739749310936864,0.0739749310936864,0.0739749310936864,0.00547229043031564,0.697020623788705,1.2808790993463,1,1.52152981100865,0.0215298110086484,0.0215298110086484,0.0215298110086484,0.000463532762068117,1.45645237135109,1.59408083714756,1,1.80709873205523,0.00709873205522804,0.00709873205522804,0.00709873205522804,5.03919967919221e-05,1.76891806164596,1.85209753747989,1
46,"n1000-b1_1-b2_2p5-b3_2p5",1000,3,453,1,1,0,0.9162907,0.9162907,1.5,1.8,1,1.3,0.109,326,154,361,159,FALSE,NA,TRUE,NA,-0.0738560968143418,-0.0738560968143418,0.0738560968143418,0.0738560968143418,0.00545472303664943,-0.335088791749728,0.18201354739246,1,1.05458044843144,0.138289748431444,0.138289748431444,0.138289748431444,0.019124054521232,0.838003130075341,1.27668581525125,1,0.908781408424888,-0.00750929157511193,0.00750929157511193,0.00750929157511193,5.6389459960047e-05,0.604690151117905,1.21617866359162,1,1.516156587398,0.0161565873979983,0.0161565873979983,0.0161565873979983,0.000261035316349157,1.45541419302521,1.59165848907951,1,1.7674250706568,-0.0325749293431994,0.0325749293431994,0.0325749293431994,0.00106112602171443,1.68896685467346,1.91866286772979,1
46,"n1000-b1_1-b2_2p5-b3_2p5",1000,4,454,1,1,0,0.9162907,0.9162907,1.5,1.8,1,1.3,0.093,335,166,318,181,FALSE,NA,TRUE,NA,-0.0589042065374171,-0.0589042065374171,0.0589042065374171,0.0589042065374171,0.00346970554780269,-0.299277555216429,0.180207420657749,1,0.990431571958903,0.0741408719589031,0.0741408719589031,0.0741408719589031,0.00549686889482646,0.779784183615454,1.20117331010943,1,0.948754728104975,0.0324640281049748,0.0324640281049748,0.0324640281049748,0.0010539131208006,0.661064444499434,1.23270442623248,1,1.51880880731525,0.0188088073152519,0.0188088073152519,0.0188088073152519,0.000353771232622274,1.49451629041933,1.54901977422353,1,1.81880075642171,0.0188007564217143,0.0188007564217143,0.0188007564217143,0.000353468442028632,1.78057064719616,1.85747635831073,1
46,"n1000-b1_1-b2_2p5-b3_2p5",1000,5,455,1,1,0,0.9162907,0.9162907,1.5,1.8,1,1.3,0.102,356,159,317,168,FALSE,NA,TRUE,NA,-0.16461616944288,-0.16461616944288,0.16461616944288,0.16461616944288,0.027098483242047,-0.422353056486872,0.0914854935670258,1,0.968682203162212,0.0523915031622116,0.0523915031622116,0.0523915031622116,0.00274486960359603,0.752007890721219,1.18625673404724,1,1.04225267608059,0.125961976080589,0.125961976080589,0.125961976080589,0.0158664194181268,0.739546865662766,1.34983126187927,1,1.51257093317879,0.0125709331787871,0.0125709331787871,0.0125709331787871,0.00015802836098553,1.46897452457935,1.55620478048057,1,1.80841627589651,0.00841627589650806,0.00841627589650806,0.00841627589650806,7.08336999661426e-05,1.76158677212483,1.86082869456497,1
46,"n1000-b1_1-b2_2p5-b3_2p5",1000,6,456,1,1,0,0.9162907,0.9162907,1.5,1.8,1,1.3,0.09,323,171,330,176,FALSE,NA,TRUE,NA,-0.221464152667597,-0.221464152667597,0.221464152667597,0.221464152667597,0.0490463709167767,-0.462618403224557,0.0248373225624927,1,0.782739960308794,-0.133550739691206,0.133550739691206,0.133550739691206,0.0178358000720683,0.577872383105086,0.991840295226732,1,1.08725745926027,0.170966759260272,0.170966759260272,0.170966759260272,0.0292296327719599,0.792996929605242,1.38296903814715,1,1.46890195147315,-0.0310980485268533,0.0310980485268533,0.0310980485268533,0.000967088622178521,1.36181158463478,1.52016719156323,1,1.77742082868872,-0.0225791713112784,0.0225791713112784,0.0225791713112784,0.000509818977104058,1.65408713542187,1.86682268618505,1
46,"n1000-b1_1-b2_2p5-b3_2p5",1000,7,457,1,1,0,0.9162907,0.9162907,1.5,1.8,1,1.3,0.108,339,188,301,172,FALSE,NA,TRUE,NA,-0.00780712387476688,-0.00780712387476688,0.00780712387476688,0.00780712387476688,6.09511831959551e-05,-0.24285588354236,0.228335798881634,1,0.903683498360137,-0.0126072016398631,0.0126072016398631,0.0126072016398631,0.000158941533188166,0.693392264620536,1.11718714884884,1,0.820221340308415,-0.0960693596915846,0.0960693596915846,0.0960693596915846,0.00922932187155106,0.533173814900814,1.11188792422816,1,1.48167296799018,-0.018327032009815,0.018327032009815,0.018327032009815,0.000335880102288784,1.40173174008183,1.58117306755341,1,1.81172203490982,0.0117220349098235,0.0117220349098235,0.0117220349098235,0.000137406102427121,1.76230768555059,1.86122060134638,1
46,"n1000-b1_1-b2_2p5-b3_2p5",1000,8,458,1,1,0,0.9162907,0.9162907,1.5,1.8,1,1.3,0.102,314,173,352,161,FALSE,NA,TRUE,NA,0.146875949660449,0.146875949660449,0.146875949660449,0.146875949660449,0.0215725445886587,-0.103028443831778,0.401986451855447,1,0.964640716686163,0.048350016686163,0.048350016686163,0.048350016686163,0.00233772411355224,0.750779912312733,1.18776803555533,1,0.72348895626873,-0.19280174373127,0.19280174373127,0.19280174373127,0.0371725123858184,0.422675642567257,1.0220946919875,1,1.51654188499639,0.0165418849963936,0.0165418849963936,0.0165418849963936,0.000273633959233913,1.44862862394452,1.5925655027749,1,1.81722697876505,0.0172269787650507,0.0172269787650507,0.0172269787650507,0.000296768797371509,1.69611002166385,1.95125716397523,1
46,"n1000-b1_1-b2_2p5-b3_2p5",1000,9,459,1,1,0,0.9162907,0.9162907,1.5,1.8,1,1.3,0.099,338,163,329,170,FALSE,NA,TRUE,NA,0.152066607607412,0.152066607607412,0.152066607607412,0.152066607607412,0.0231242531492267,-0.104111913052894,0.403151602897016,1,1.04013466719005,0.12384396719005,0.12384396719005,0.12384396719005,0.0153373282093702,0.826157503193801,1.25703594236677,1,0.639130607754985,-0.277160092245015,0.277160092245015,0.277160092245015,0.0768177167332653,0.34072161739645,0.938884808107408,1,1.41805939456585,-0.0819406054341478,0.0819406054341478,0.0819406054341478,0.0067142628189147,1.34034674345708,1.54420430001579,1,1.58991717344847,-0.210082826551533,0.210082826551533,0.210082826551533,0.0441347940118814,1.49191183137013,1.83991337762383,1
46,"n1000-b1_1-b2_2p5-b3_2p5",1000,10,460,1,1,0,0.9162907,0.9162907,1.5,1.8,1,1.3,0.104,359,156,319,166,FALSE,NA,TRUE,NA,0.14089558297866,0.14089558297866,0.14089558297866,0.14089558297866,0.0198515653028965,-0.11527263467168,0.397563623423678,1,0.979798071452822,0.0635073714528223,0.0635073714528223,0.0635073714528223,0.00403318622884674,0.759965374552972,1.20194695957593,1,0.967196281318451,0.0509055813184506,0.0509055813184506,0.0509055813184506,0.00259137820936938,0.658341698916413,1.27096122578697,1,1.48991333500602,-0.0100866649939824,0.0100866649939824,0.0100866649939824,0.000101740810700829,1.42913770746623,1.5312249404618,1,1.80634058503731,0.00634058503730639,0.00634058503730639,0.00634058503730639,4.02030186153137e-05,1.77367999253297,1.850387678178,1
47,"n1000-b1_1-b2_2p5-b3_2p5",1000,1,461,1,1,0,0.9162907,0.9162907,1.5,1.8,1,1.3,0.095,347,166,329,158,FALSE,NA,TRUE,NA,-0.104471968739213,-0.104471968739213,0.104471968739213,0.104471968739213,0.0109143922522471,-0.359454552597424,0.146611393231212,1,0.869074829486843,-0.0472158705131569,0.0472158705131569,0.0472158705131569,0.0022293384283152,0.656903073852912,1.08721704229827,1,1.02990513947574,0.113614439475739,0.113614439475739,0.113614439475739,0.0129082408573865,0.729930884036063,1.33350511983428,1,1.47050120031928,-0.0294987996807157,0.0294987996807157,0.0294987996807157,0.000870179182602991,1.43126533129782,1.53152943392899,1,1.68008948464003,-0.119910515359968,0.119910515359968,0.119910515359968,0.0143785316938932,1.60576329629044,1.83491760959266,1
47,"n1000-b1_1-b2_2p5-b3_2p5",1000,2,462,1,1,0,0.9162907,0.9162907,1.5,1.8,1,1.3,0.097,310,161,359,170,FALSE,NA,TRUE,NA,-0.217250411983928,-0.217250411983928,0.217250411983928,0.217250411983928,0.0471977415071864,-0.462943591668954,0.0331285484435571,1,0.820966066344674,-0.0953246336553257,0.0953246336553257,0.0953246336553257,0.00908678578152206,0.617820272404503,1.0303436879957,1,1.25505983008374,0.33876913008374,0.33876913008374,0.33876913008374,0.114764523497694,0.950554908295956,1.55483000953953,0,1.51568652614045,0.0156865261404535,0.0156865261404535,0.0156865261404535,0.000246067102355131,1.47051128860798,1.577974073405,1,1.78577446641647,-0.0142255335835344,0.0142255335835344,0.0142255335835344,0.000202365805736265,1.75095253089335,1.84576886366266,1
47,"n1000-b1_1-b2_2p5-b3_2p5",1000,3,463,1,1,0,0.9162907,0.9162907,1.5,1.8,1,1.3,0.095,354,171,339,136,FALSE,NA,TRUE,NA,0.330676658967579,0.330676658967579,0.330676658967579,0.330676658967579,0.10934705278596,0.0659764664967856,0.596099468691132,0,1.10175289236948,0.185462192369479,0.185462192369479,0.185462192369479,0.0343962247984935,0.873842796670229,1.33616755950092,1,0.57828244124889,-0.33800825875111,0.33800825875111,0.33800825875111,0.114249582983957,0.270735606331315,0.884438888246602,0,1.5434575136296,0.0434575136295976,0.0434575136295976,0.0434575136295976,0.00188855549086666,1.46841184141499,1.6115538887379,1,1.78649060137199,-0.0135093986280062,0.0135093986280062,0.0135093986280062,0.000182503851290375,1.68345874414641,1.86819030498153,1
47,"n1000-b1_1-b2_2p5-b3_2p5",1000,4,464,1,1,0,0.9162907,0.9162907,1.5,1.8,1,1.3,0.09,350,141,323,186,FALSE,NA,TRUE,NA,0.176981002930714,0.176981002930714,0.176981002930714,0.176981002930714,0.0313222753983615,-0.0762663762118899,0.4283319031172,1,1.05064050588971,0.134349805889709,0.134349805889709,0.134349805889709,0.0180498703426025,0.838363593701735,1.26584919778772,1,0.729609530920124,-0.186681169079876,0.186681169079876,0.186681169079876,0.0348498588890292,0.426733829881254,1.03426162782234,1,1.41666702662536,-0.0833329733746369,0.0833329733746369,0.0833329733746369,0.00694438445145793,1.32523434197954,1.57651319484954,1,1.67750372675498,-0.122496273245023,0.122496273245023,0.122496273245023,0.0150053369589193,1.53509152999106,1.90520974980364,1
47,"n1000-b1_1-b2_2p5-b3_2p5",1000,5,465,1,1,0,0.9162907,0.9162907,1.5,1.8,1,1.3,0.094,329,150,354,167,FALSE,NA,TRUE,NA,-0.0631285451457339,-0.0631285451457339,0.0631285451457339,0.0631285451457339,0.00398521321221696,-0.319205897741163,0.189252965276516,1,0.873223589940471,-0.0430671100595287,0.0430671100595287,0.0430671100595287,0.00185477596887956,0.664380367840511,1.08809511756092,1,0.933155571861625,0.0168648718616251,0.0168648718616251,0.0168648718616251,0.000284423902909034,0.63528108769499,1.23720790026397,1,1.46984368010786,-0.0301563198921371,0.0301563198921371,0.0301563198921371,0.000909403629436902,1.42428304912493,1.51382165318003,1,1.75887833059982,-0.0411216694001841,0.0411216694001841,0.0411216694001841,0.00169099169425804,1.6907641076725,1.81832837157847,1
47,"n1000-b1_1-b2_2p5-b3_2p5",1000,6,466,1,1,0,0.9162907,0.9162907,1.5,1.8,1,1.3,0.108,330,175,323,172,FALSE,NA,TRUE,NA,0.207221900085547,0.207221900085547,0.207221900085547,0.207221900085547,0.0429409158750642,-0.0388568025240108,0.456928224857092,1,1.0399850052275,0.123694305227499,0.123694305227499,0.123694305227499,0.0153002811457137,0.823357965004668,1.26256752579717,1,0.722199713840653,-0.194090986159347,0.194090986159347,0.194090986159347,0.0376713109083077,0.426964051087999,1.01555115053281,1,1.47180462142313,-0.0281953785768676,0.0281953785768676,0.0281953785768676,0.000794979373092885,1.41965231816366,1.55561432051668,1,1.81000833847548,0.0100083384754843,0.0100083384754843,0.0100083384754843,0.00010016683903986,1.71395239316009,2.02244098948925,1
47,"n1000-b1_1-b2_2p5-b3_2p5",1000,7,467,1,1,0,0.9162907,0.9162907,1.5,1.8,1,1.3,0.098,342,154,320,184,FALSE,NA,TRUE,NA,0.168998352743479,0.168998352743479,0.168998352743479,0.168998352743479,0.0285604432300093,-0.08116104120107,0.412367763683424,1,0.941141758534668,0.0248510585346675,0.0248510585346675,0.0248510585346675,0.000617575110293471,0.731527399867009,1.15413236224051,1,0.710757436528603,-0.205533263471397,0.205533263471397,0.205533263471397,0.0422439223932027,0.415398309976753,1.00746495526082,1,1.47902062620931,-0.0209793737906883,0.0209793737906883,0.0209793737906883,0.000440134124649418,1.40032044776134,1.56042439028437,1,1.84019241322183,0.0401924132218301,0.0401924132218301,0.0401924132218301,0.00161543008059434,1.78677438442172,1.97470566352277,1
47,"n1000-b1_1-b2_2p5-b3_2p5",1000,8,468,1,1,0,0.9162907,0.9162907,1.5,1.8,1,1.3,0.097,350,161,323,166,FALSE,NA,TRUE,NA,-0.0453471945255568,-0.0453471945255568,0.0453471945255568,0.0453471945255568,0.00205636805133869,-0.292555183500764,0.197066952758064,1,0.862431799262921,-0.0538589007370794,0.0538589007370794,0.0538589007370794,0.00290078118860658,0.649457451139176,1.07890573603499,1,0.965928593951909,0.0496378939519091,0.0496378939519091,0.0496378939519091,0.00246392051598097,0.672861766299268,1.26195997567056,1,1.54226973189922,0.0422697318992173,0.0422697318992173,0.0422697318992173,0.00178673023483171,1.47217935054301,1.63389850823674,1,1.86172692838565,0.0617269283856547,0.0617269283856547,0.0617269283856547,0.00381021368792775,1.74469336925485,2.02178470888167,1
47,"n1000-b1_1-b2_2p5-b3_2p5",1000,9,469,1,1,0,0.9162907,0.9162907,1.5,1.8,1,1.3,0.102,322,187,324,167,FALSE,NA,TRUE,NA,-0.0321098759305435,-0.0321098759305435,0.0321098759305435,0.0321098759305435,0.00103104413227489,-0.268291212033975,0.203188740401779,1,0.911971214854354,-0.00431948514564573,0.00431948514564573,0.00431948514564573,1.86579519234541e-05,0.70572304941262,1.12533229280047,1,1.01458872886587,0.0982980288658681,0.0982980288658681,0.0982980288658681,0.00966250247891504,0.721215854283182,1.3087180076553,1,1.50693373734174,0.0069337373417393,0.0069337373417393,0.0069337373417393,4.807671352423e-05,1.45946171799583,1.55470990975263,1,1.82084973301337,0.0208497330133668,0.0208497330133668,0.0208497330133668,0.000434711366728677,1.78559950266496,1.86154644946069,1
47,"n1000-b1_1-b2_2p5-b3_2p5",1000,10,470,1,1,0,0.9162907,0.9162907,1.5,1.8,1,1.3,0.09,342,161,328,169,FALSE,NA,TRUE,NA,0.276808453605161,0.276808453605161,0.276808453605161,0.276808453605161,0.0766229199872805,0.0332303789938693,0.518221723944112,0,0.896764422022597,-0.0195262779774026,0.0195262779774026,0.0195262779774026,0.000381275531650797,0.685217501751198,1.11344518524672,1,0.676420224342951,-0.239870475657049,0.239870475657049,0.239870475657049,0.0575378450919391,0.384282505030436,0.971162137158945,1,1.45515959979392,-0.0448404002060836,0.0448404002060836,0.0448404002060836,0.00201066149064174,1.39838727198871,1.5245553676061,1,1.74882316494037,-0.0511768350596331,0.0511768350596331,0.0511768350596331,0.00261906844672089,1.69012072057006,1.8774385117479,1
48,"n1000-b1_1-b2_2p5-b3_2p5",1000,1,471,1,1,0,0.9162907,0.9162907,1.5,1.8,1,1.3,0.107,330,162,339,169,FALSE,NA,TRUE,NA,0.271162309095082,0.271162309095082,0.271162309095082,0.271162309095082,0.0735289978737769,0.0178754249317177,0.522288526307567,0,1.15723129154106,0.240940591541056,0.240940591541056,0.240940591541056,0.0580523686521541,0.936641558090307,1.38054691702027,0,0.577760225427404,-0.338530474572596,0.338530474572596,0.338530474572596,0.114602882214347,0.281444328019648,0.877271861289353,0,1.46941457724141,-0.0305854227585864,0.0305854227585864,0.0305854227585864,0.000935468085321458,1.40094425856407,1.519262665975,1,1.8028473650932,0.00284736509319727,0.00284736509319727,0.00284736509319727,8.10748797395832e-06,1.76023247308813,1.90624948176273,1
48,"n1000-b1_1-b2_2p5-b3_2p5",1000,2,472,1,1,0,0.9162907,0.9162907,1.5,1.8,1,1.3,0.107,290,193,329,188,FALSE,NA,TRUE,NA,-0.0761751249064791,-0.0761751249064791,0.0761751249064791,0.0761751249064791,0.0058026496545177,-0.308699055786201,0.15718662797076,1,0.848994545670423,-0.0672961543295771,0.0672961543295771,0.0672961543295771,0.00452877238755026,0.647516484298691,1.05295654705973,1,0.996391004789043,0.0801003047890427,0.0801003047890427,0.0801003047890427,0.00641605882729754,0.706397141487102,1.28020029436448,1,1.54007182904701,0.0400718290470123,0.0400718290470123,0.0400718290470123,0.00160575148317298,1.48446692020837,1.63424085770688,1,1.79044277230154,-0.00955722769846346,0.00955722769846346,0.00955722769846346,9.13406012802771e-05,1.70039348590875,1.90136117312629,1
48,"n1000-b1_1-b2_2p5-b3_2p5",1000,3,473,1,1,0,0.9162907,0.9162907,1.5,1.8,1,1.3,0.102,352,160,339,149,FALSE,NA,TRUE,NA,0.147753201048199,0.147753201048199,0.147753201048199,0.147753201048199,0.0218310084199894,-0.112934992756354,0.411269698945276,1,1.02257425680929,0.106283556809285,0.106283556809285,0.106283556809285,0.0112961944480326,0.798942659905421,1.25519265577249,1,0.834095561418841,-0.0821951385811592,0.0821951385811592,0.0821951385811592,0.00675604080637597,0.525669232703959,1.14006790010007,1,1.48931861245781,-0.0106813875421912,0.0106813875421912,0.0106813875421912,0.000114092039826477,1.38070838983624,1.53981325667648,1,1.81664779106547,0.0166477910654728,0.0166477910654728,0.0166477910654728,0.000277148947359635,1.74732622769924,1.89861123381166,1
48,"n1000-b1_1-b2_2p5-b3_2p5",1000,4,474,1,1,0,0.9162907,0.9162907,1.5,1.8,1,1.3,0.092,364,159,323,154,FALSE,NA,TRUE,NA,-0.0732254729050031,-0.0732254729050031,0.0732254729050031,0.0732254729050031,0.00536196988216134,-0.329610836046672,0.188812281529171,1,0.890507819654359,-0.0257828803456414,0.0257828803456414,0.0257828803456414,0.000664756918917659,0.674795581358799,1.10918435132747,1,0.987493428390493,0.0712027283904934,0.0712027283904934,0.0712027283904934,0.00506982853025037,0.679544986437704,1.29457248666395,1,1.52123358358385,0.0212335835838466,0.0212335835838466,0.0212335835838466,0.000450865071812201,1.46308276849146,1.59572020504141,1,1.82825983286862,0.0282598328686201,0.0282598328686201,0.0282598328686201,0.000798618153762341,1.74372303289041,1.92185525638769,1
48,"n1000-b1_1-b2_2p5-b3_2p5",1000,5,475,1,1,0,0.9162907,0.9162907,1.5,1.8,1,1.3,0.11,333,187,311,169,FALSE,NA,TRUE,NA,0.0767851138975069,0.0767851138975069,0.0767851138975069,0.0767851138975069,0.00589595371625311,-0.163358756239041,0.321222997753793,1,1.04621897368611,0.129928273686109,0.129928273686109,0.129928273686109,0.0168813563030524,0.829449418922052,1.26546434232082,1,0.962116850211682,0.0458261502116821,0.0458261502116821,0.0458261502116821,0.00210003604322365,0.667390026374463,1.25454138575999,1,1.57863883450131,0.0786388345013134,0.0786388345013134,0.0786388345013134,0.00618406629172495,1.49012362775685,1.64606329156534,1,1.8488575612199,0.0488575612198954,0.0488575612198954,0.0488575612198954,0.00238706128835582,1.74697850934911,1.92312617387241,1
48,"n1000-b1_1-b2_2p5-b3_2p5",1000,6,476,1,1,0,0.9162907,0.9162907,1.5,1.8,1,1.3,0.095,335,174,327,164,FALSE,NA,TRUE,NA,0.0989198257563329,0.0989198257563329,0.0989198257563329,0.0989198257563329,0.00978513192766325,-0.148794288819383,0.342140377935234,1,0.939562089486367,0.0232713894863669,0.0232713894863669,0.0232713894863669,0.000541557568626186,0.725250172128576,1.15911435040818,1,0.817272006685298,-0.0990186933147019,0.0990186933147019,0.0990186933147019,0.009804701625751,0.528427521245326,1.11052059363303,1,1.54224904071101,0.0422490407110097,0.0422490407110097,0.0422490407110097,0.00178498144100055,1.49387145273495,1.60362600174127,1,1.80496520904863,0.00496520904862763,0.00496520904862763,0.00496520904862763,2.46533008965737e-05,1.75242840276641,1.90268894949597,1
48,"n1000-b1_1-b2_2p5-b3_2p5",1000,7,477,1,1,0,0.9162907,0.9162907,1.5,1.8,1,1.3,0.101,312,174,333,181,FALSE,NA,TRUE,NA,0.0138810997554924,0.0138810997554924,0.0138810997554924,0.0138810997554924,0.000192684930421931,-0.222416058813902,0.249193882141049,1,0.956265790734737,0.0399750907347366,0.0399750907347366,0.0399750907347366,0.00159800787925042,0.753790261953388,1.16165125747064,1,0.789138980618555,-0.127151719381445,0.127151719381445,0.127151719381445,0.0161675597416577,0.503329477161696,1.07755289301858,1,1.52997534171436,0.0299753417143636,0.0299753417143636,0.0299753417143636,0.000898521110892864,1.5012921744992,1.5720105049329,0,1.90780297884819,0.10780297884819,0.10780297884819,0.10780297884819,0.0116214822485433,1.79275485733407,2.0051215118443,1
48,"n1000-b1_1-b2_2p5-b3_2p5",1000,8,478,1,1,0,0.9162907,0.9162907,1.5,1.8,1,1.3,0.098,325,179,331,165,FALSE,NA,TRUE,NA,0.144815514427768,0.144815514427768,0.144815514427768,0.144815514427768,0.0209715332189791,-0.100749207850366,0.388082973513105,1,1.17574108743331,0.259450387433314,0.259450387433314,0.259450387433314,0.0673145035392966,0.954617180375531,1.4041566010925,0,0.723609631647397,-0.192681068352603,0.192681068352603,0.192681068352603,0.0371259941015005,0.433542408860433,1.01678427579753,1,1.51071098816533,0.0107109881653349,0.0107109881653349,0.0107109881653349,0.000114725267477944,1.42234073314947,1.593069587927,1,1.81183226907869,0.0118322690786898,0.0118322690786898,0.0118322690786898,0.00014000259155052,1.78091677252897,1.87716168479544,1
48,"n1000-b1_1-b2_2p5-b3_2p5",1000,9,479,1,1,0,0.9162907,0.9162907,1.5,1.8,1,1.3,0.088,331,146,347,176,FALSE,NA,TRUE,NA,0.0592644064207126,0.0592644064207126,0.0592644064207126,0.0592644064207126,0.0035122698683994,-0.189815755500561,0.313452319460516,1,1.09878541347593,0.182494713475935,0.182494713475935,0.182494713475935,0.0333043204466635,0.886272128409881,1.31777374747227,1,0.852357530165821,-0.0639331698341791,0.0639331698341791,0.0639331698341791,0.00408745020504598,0.5523998952744,1.15106479587511,1,1.54264214502551,0.0426421450255088,0.0426421450255088,0.0426421450255088,0.00181835253237652,1.48125687118248,1.58681355480392,1,1.84452448831725,0.044524488317248,0.044524488317248,0.044524488317248,0.00198243005991275,1.79879803785773,1.91379144952997,1
48,"n1000-b1_1-b2_2p5-b3_2p5",1000,10,480,1,1,0,0.9162907,0.9162907,1.5,1.8,1,1.3,0.094,326,168,338,168,FALSE,NA,TRUE,NA,0.132400450556092,0.132400450556092,0.132400450556092,0.132400450556092,0.0175298793074562,-0.109826478292566,0.377782439064209,1,0.970609980321422,0.0543192803214216,0.0543192803214216,0.0543192803214216,0.00295058421463718,0.755027334210996,1.18555493847509,1,0.90771194378474,-0.00857875621526039,0.00857875621526039,0.00857875621526039,7.35950582008687e-05,0.610906474753072,1.20346996999778,1,1.50743243337967,0.00743243337966892,0.00743243337966892,0.00743243337966892,5.52410659432168e-05,1.43316693079001,1.61162345231944,1,1.78868401466484,-0.011315985335157,0.011315985335157,0.011315985335157,0.000128051524105488,1.7138945402969,1.91177665628507,1
49,"n1000-b1_1-b2_2p5-b3_2p5",1000,1,481,1,1,0,0.9162907,0.9162907,1.5,1.8,1,1.3,0.098,339,168,330,163,FALSE,NA,TRUE,NA,-0.214065104205562,-0.214065104205562,0.214065104205562,0.214065104205562,0.0458238688385383,-0.464253723152192,0.0366112512522271,1,0.731949710368441,-0.184340989631559,0.184340989631559,0.184340989631559,0.0339816004583425,0.527021419106507,0.942301703505217,1,1.20080250369928,0.284511803699279,0.284511803699279,0.284511803699279,0.0809469664442172,0.900892187172121,1.49913612524778,1,1.50102871728876,0.00102871728875731,0.00102871728875731,0.00102871728875731,1.05825926018819e-06,1.43355142034436,1.57729842442222,1,1.83479906939448,0.0347990693944846,0.0347990693944846,0.0347990693944846,0.00121097523072216,1.66114631858055,1.92546996877652,1
49,"n1000-b1_1-b2_2p5-b3_2p5",1000,2,482,1,1,0,0.9162907,0.9162907,1.5,1.8,1,1.3,0.09,340,169,321,170,FALSE,NA,TRUE,NA,0.103354262085111,0.103354262085111,0.103354262085111,0.103354262085111,0.0106821034911578,-0.139160418939481,0.349086513154568,1,0.88132429518955,-0.0349664048104497,0.0349664048104497,0.0349664048104497,0.00122264946536824,0.667100802300619,1.09889642284483,1,0.794808094056323,-0.121482605943677,0.121482605943677,0.121482605943677,0.0147580235468667,0.496371479700229,1.09295903580673,1,1.49428307594743,-0.0057169240525714,0.0057169240525714,0.0057169240525714,3.26832206228694e-05,1.4385791643308,1.60391272948676,1,1.76330906402794,-0.0366909359720609,0.0366909359720609,0.0366909359720609,0.00134622478250587,1.68634859165465,1.96963397413934,1
49,"n1000-b1_1-b2_2p5-b3_2p5",1000,3,483,1,1,0,0.9162907,0.9162907,1.5,1.8,1,1.3,0.093,354,170,319,157,FALSE,NA,TRUE,NA,0.0304374704970507,0.0304374704970507,0.0304374704970507,0.0304374704970507,0.000926439610258832,-0.212285630709141,0.273844725667651,1,0.923532455316512,0.00724175531651217,0.00724175531651217,0.00724175531651217,5.24430200642322e-05,0.711868979490476,1.14357587402957,1,0.860009361608574,-0.0562813383914258,0.0562813383914258,0.0562813383914258,0.00316758905113018,0.565456831334362,1.14819176980839,1,1.54436568572256,0.0443656857225645,0.0443656857225645,0.0443656857225645,0.00196831406963336,1.48109405844746,1.6751858303585,1,1.82214680495977,0.0221468049597691,0.0221468049597691,0.0221468049597691,0.000490480969926052,1.7612783962246,1.89002113198507,1
49,"n1000-b1_1-b2_2p5-b3_2p5",1000,4,484,1,1,0,0.9162907,0.9162907,1.5,1.8,1,1.3,0.086,357,169,317,157,FALSE,NA,TRUE,NA,-0.0932165489631469,-0.0932165489631469,0.0932165489631469,0.0932165489631469,0.00868932500059875,-0.339467988586094,0.155562512254943,1,0.76062438872838,-0.15566631127162,0.15566631127162,0.15566631127162,0.0242320004649129,0.546478524516427,0.976710697669895,1,1.00931572794631,0.0930250279463107,0.0930250279463107,0.0930250279463107,0.00865365582441189,0.707816354103739,1.30474453860779,1,1.49367920964049,-0.0063207903595075,0.0063207903595075,0.0063207903595075,3.99523907688429e-05,1.41454449468634,1.61102653811929,1,1.7993603105057,-0.000639689494295714,0.000639689494295714,0.000639689494295714,4.09202649112307e-07,1.7226751039886,1.88549577654317,1
49,"n1000-b1_1-b2_2p5-b3_2p5",1000,5,485,1,1,0,0.9162907,0.9162907,1.5,1.8,1,1.3,0.106,332,168,323,177,FALSE,NA,TRUE,NA,0.0774782012781046,0.0774782012781046,0.0774782012781046,0.0774782012781046,0.00600287167329049,-0.165757691680818,0.32843541303568,1,0.995956337130375,0.0796656371303748,0.0796656371303748,0.0796656371303748,0.00634661373938855,0.784882300380398,1.21069206977135,1,0.781645979986453,-0.134644720013547,0.134644720013547,0.134644720013547,0.0181292006275263,0.487667285804382,1.07309943629897,1,1.46354561661599,-0.0364543833840081,0.0364543833840081,0.0364543833840081,0.00132892206790824,1.38922075581467,1.52551327155749,1,1.77626457223439,-0.0237354277656072,0.0237354277656072,0.0237354277656072,0.000563370531216358,1.60892841356342,1.89517964800437,1
49,"n1000-b1_1-b2_2p5-b3_2p5",1000,6,486,1,1,0,0.9162907,0.9162907,1.5,1.8,1,1.3,0.099,312,176,333,179,FALSE,NA,TRUE,NA,0.0747841198401588,0.0747841198401588,0.0747841198401588,0.0747841198401588,0.00559266458026723,-0.165840509684248,0.315567413249949,1,1.03115524292277,0.114864542922769,0.114864542922769,0.114864542922769,0.0131938632208567,0.822138847294392,1.24499838931722,1,0.773451594408823,-0.142839105591177,0.142839105591177,0.142839105591177,0.0204030100860873,0.480472024686722,1.06778013148507,1,1.49485134328739,-0.00514865671261244,0.00514865671261244,0.00514865671261244,2.65086659443292e-05,1.444708477122,1.5661839201282,1,1.79360407782394,-0.00639592217605944,0.00639592217605944,0.00639592217605944,4.0907820482209e-05,1.75642603950692,1.85505919166082,1
49,"n1000-b1_1-b2_2p5-b3_2p5",1000,7,487,1,1,0,0.9162907,0.9162907,1.5,1.8,1,1.3,0.118,321,165,347,167,FALSE,NA,TRUE,NA,0.0928025381143973,0.0928025381143973,0.0928025381143973,0.0928025381143973,0.00861231108047416,-0.163777282415595,0.349546437929607,1,0.918621377025502,0.00233067702550183,0.00233067702550183,0.00233067702550183,5.43205539720204e-06,0.701491826709082,1.13963640748168,1,0.881861774546343,-0.0344289254536571,0.0344289254536571,0.0344289254536571,0.00118535090789347,0.578618303994691,1.18501992700178,1,1.50869512774769,0.00869512774769121,0.00869512774769121,0.00869512774769121,7.56052465486696e-05,1.47342648445229,1.57106909600087,1,1.79034889646636,-0.00965110353363752,0.00965110353363752,0.00965110353363752,9.31437994169906e-05,1.75270162274976,1.85168798266065,1
49,"n1000-b1_1-b2_2p5-b3_2p5",1000,8,488,1,1,0,0.9162907,0.9162907,1.5,1.8,1,1.3,0.101,345,165,324,166,FALSE,NA,TRUE,NA,-0.0459890464354724,-0.0459890464354724,0.0459890464354724,0.0459890464354724,0.00211499239204404,-0.295307567975795,0.203844548457238,1,1.00167161620492,0.0853809162049166,0.0853809162049166,0.0853809162049166,0.00728990085199099,0.788630509963159,1.22224555356601,1,0.971601314199973,0.0553106141999732,0.0553106141999732,0.0553106141999732,0.00305926404317828,0.671005223576823,1.27276221214724,1,1.4519260934162,-0.0480739065837998,0.0480739065837998,0.0480739065837998,0.00231110049422791,1.39344856841939,1.57121208403719,1,1.77722441267454,-0.0227755873254643,0.0227755873254643,0.0227755873254643,0.000518727378019848,1.72254420794698,1.86370847830149,1
49,"n1000-b1_1-b2_2p5-b3_2p5",1000,9,489,1,1,0,0.9162907,0.9162907,1.5,1.8,1,1.3,0.092,336,152,349,163,FALSE,NA,TRUE,NA,-0.0782651662612627,-0.0782651662612627,0.0782651662612627,0.0782651662612627,0.00612543624990309,-0.333828829456843,0.179639335223794,1,0.948054663446478,0.0317639634464779,0.0317639634464779,0.0317639634464779,0.00100894937382919,0.736262942193309,1.16609038086515,1,1.01078801361816,0.0944973136181591,0.0944973136181591,0.0944973136181591,0.00892974228104871,0.707136057162128,1.3137722807303,1,1.46039633783508,-0.0396036621649247,0.0396036621649247,0.0396036621649247,0.00156845005687349,1.38957998166249,1.51194633710645,1,1.76837603428956,-0.0316239657104447,0.0316239657104447,0.0316239657104447,0.00100007520725538,1.69208511020976,1.89033227094828,1
49,"n1000-b1_1-b2_2p5-b3_2p5",1000,10,490,1,1,0,0.9162907,0.9162907,1.5,1.8,1,1.3,0.087,348,159,333,160,FALSE,NA,TRUE,NA,-0.0088557188860662,-0.0088557188860662,0.0088557188860662,0.0088557188860662,7.84237569890295e-05,-0.257570087009164,0.242568495074832,1,0.970793946626393,0.0545032466263934,0.0545032466263934,0.0545032466263934,0.00297060389281746,0.752991849630402,1.19563262627441,1,1.04530611090185,0.129015410901849,0.129015410901849,0.129015410901849,0.016644976250173,0.747125998798219,1.3444118292408,1,1.50809410808084,0.00809410808084299,0.00809410808084299,0.00809410808084299,6.55145856243677e-05,1.44162543431074,1.56614590341854,1,1.82119378383041,0.0211937838304093,0.0211937838304093,0.0211937838304093,0.000449176473050117,1.77194426442841,1.89644655343819,1
50,"n1000-b1_1-b2_2p5-b3_2p5",1000,1,491,1,1,0,0.9162907,0.9162907,1.5,1.8,1,1.3,0.107,337,185,321,157,FALSE,NA,TRUE,NA,0.0469800568340712,0.0469800568340712,0.0469800568340712,0.0469800568340712,0.00220712574013256,-0.200218696385459,0.296910762251351,1,1.06833954288399,0.152048842883995,0.152048842883995,0.152048842883995,0.0231188506223617,0.843526281420271,1.29690189364665,1,0.837181830916986,-0.0791088690830143,0.0791088690830143,0.0791088690830143,0.00625821316759349,0.538872095187116,1.13713905689899,1,1.52684851091364,0.0268485109136416,0.0268485109136416,0.0268485109136416,0.000720842538279932,1.49603883344015,1.60361931691471,1,1.82592851803047,0.025928518030474,0.025928518030474,0.025928518030474,0.000672288047256617,1.78110791913224,1.896909439762,1
50,"n1000-b1_1-b2_2p5-b3_2p5",1000,2,492,1,1,0,0.9162907,0.9162907,1.5,1.8,1,1.3,0.096,312,185,331,172,FALSE,NA,TRUE,NA,-0.205918654627076,-0.205918654627076,0.205918654627076,0.205918654627076,0.0424024923234249,-0.439190434138247,0.0282669233965816,1,0.724559183855347,-0.191731516144653,0.191731516144653,0.191731516144653,0.0367609742831274,0.523671163862893,0.930600251017647,1,1.29430793169879,0.378017231698788,0.378017231698788,0.378017231698788,0.142897027461215,1.00401377604126,1.58186363054456,0,1.50631509436319,0.00631509436319355,0.00631509436319355,0.00631509436319355,3.9880416816039e-05,1.46896251138123,1.5631085094872,1,1.81200695252409,0.0120069525240851,0.0120069525240851,0.0120069525240851,0.000144166908915634,1.7480868619882,1.88749454508357,1
50,"n1000-b1_1-b2_2p5-b3_2p5",1000,3,493,1,1,0,0.9162907,0.9162907,1.5,1.8,1,1.3,0.105,346,167,317,170,FALSE,NA,TRUE,NA,0.0339200454626902,0.0339200454626902,0.0339200454626902,0.0339200454626902,0.00115056948419097,-0.215726403917061,0.28369861748969,1,0.930510213081822,0.0142195130818219,0.0142195130818219,0.0142195130818219,0.000202194552284104,0.716273753030419,1.15044759159739,1,0.871465201787137,-0.0448254982128626,0.0448254982128626,0.0448254982128626,0.00200932529003135,0.573583304999905,1.17000188347834,1,1.4907848954773,-0.00921510452270091,0.00921510452270091,0.00921510452270091,8.49181513643028e-05,1.44960155504372,1.51707318474407,1,1.79728647677995,-0.0027135232200548,0.0027135232200548,0.0027135232200548,7.36320826577659e-06,1.76454124727087,1.85834880308108,1
50,"n1000-b1_1-b2_2p5-b3_2p5",1000,4,494,1,1,0,0.9162907,0.9162907,1.5,1.8,1,1.3,0.097,316,172,331,181,FALSE,NA,TRUE,NA,0.0460173406989618,0.0460173406989618,0.0460173406989618,0.0460173406989618,0.00211759564500433,-0.192165261471775,0.282770510454272,1,0.936781243356,0.0204905433559999,0.0204905433559999,0.0204905433559999,0.00041986236702411,0.73047600953676,1.14348587820587,1,1.01081673456271,0.0945260345627059,0.0945260345627059,0.0945260345627059,0.00893517121014987,0.723096694318598,1.30230782170948,1,1.51707839980929,0.0170783998092927,0.0170783998092927,0.0170783998092927,0.000291671740046049,1.49145057764381,1.59716025447525,1,1.82304120883082,0.0230412088308198,0.0230412088308198,0.0230412088308198,0.00053089730438545,1.73430065868818,1.93183945603317,1
50,"n1000-b1_1-b2_2p5-b3_2p5",1000,5,495,1,1,0,0.9162907,0.9162907,1.5,1.8,1,1.3,0.102,331,177,329,163,FALSE,NA,TRUE,NA,-0.00444390928843166,-0.00444390928843166,0.00444390928843166,0.00444390928843166,1.97483297638092e-05,-0.241098419930146,0.234566234061998,1,0.896266775404809,-0.0200239245951906,0.0200239245951906,0.0200239245951906,0.000400957556193881,0.683527452369439,1.11247867456924,1,0.972659775611594,0.0563690756115938,0.0563690756115938,0.0563690756115938,0.00317747268530558,0.681045015554264,1.26474081952091,1,1.49541220329981,-0.00458779670018838,0.00458779670018838,0.00458779670018838,2.10478785622594e-05,1.4111864309677,1.56301416835286,1,1.73352699935922,-0.0664730006407781,0.0664730006407781,0.0664730006407781,0.00441865981418889,1.68748047052589,1.81054056714212,1
50,"n1000-b1_1-b2_2p5-b3_2p5",1000,6,496,1,1,0,0.9162907,0.9162907,1.5,1.8,1,1.3,0.107,338,171,323,168,FALSE,NA,TRUE,NA,-0.0211514228646857,-0.0211514228646857,0.0211514228646857,0.0211514228646857,0.000447382689200748,-0.2708179074187,0.227158196942829,1,0.901220893212673,-0.0150698067873268,0.0150698067873268,0.0150698067873268,0.000227099076607362,0.689036773538575,1.1180172139106,1,0.988859976361675,0.0725692763616747,0.0725692763616747,0.0725692763616747,0.00526629987165711,0.692908902815589,1.28557783089625,1,1.47273921502945,-0.0272607849705488,0.0272607849705488,0.0272607849705488,0.000743150397210502,1.3535695594032,1.57916191132306,1,1.82265493200344,0.0226549320034422,0.0226549320034422,0.0226549320034422,0.000513245944080587,1.71854752215681,2.01102216208192,1
50,"n1000-b1_1-b2_2p5-b3_2p5",1000,7,497,1,1,0,0.9162907,0.9162907,1.5,1.8,1,1.3,0.117,329,183,328,160,FALSE,NA,TRUE,NA,-0.197474480279345,-0.197474480279345,0.197474480279345,0.197474480279345,0.0389961703615975,-0.447097808964419,0.0543323172802231,1,0.832963625956344,-0.0833270740436559,0.0833270740436559,0.0833270740436559,0.00694340126867692,0.616052215061058,1.05379588301969,1,1.14902826184915,0.232737561849148,0.232737561849148,0.232737561849148,0.0541667726954861,0.845543520334846,1.45209000611782,1,1.53412542496402,0.0341254249640237,0.0341254249640237,0.0341254249640237,0.00116454462897521,1.46384132804336,1.64623176698694,1,1.84564881026125,0.0456488102612513,0.0456488102612513,0.0456488102612513,0.00208381387826773,1.73238270558462,1.97048522074142,1
50,"n1000-b1_1-b2_2p5-b3_2p5",1000,8,498,1,1,0,0.9162907,0.9162907,1.5,1.8,1,1.3,0.126,337,187,333,143,FALSE,NA,TRUE,NA,-0.166108778046697,-0.166108778046697,0.166108778046697,0.166108778046697,0.027592126144167,-0.431804807306194,0.0986378780865794,1,1.03124845569998,0.114957755699983,0.114957755699983,0.114957755699983,0.0132152855955769,0.802157445515434,1.2700169367435,1,1.1848906043539,0.2685999043539,0.2685999043539,0.2685999043539,0.072145908618924,0.87450127330134,1.49518905413196,1,1.49622506444342,-0.00377493555657549,0.00377493555657549,0.00377493555657549,1.42501384562979e-05,1.4743054597116,1.53852166456935,1,1.80023707146594,0.000237071465937211,0.000237071465937211,0.000237071465937211,5.62028799616181e-08,1.77035168526681,1.87082421280805,1
50,"n1000-b1_1-b2_2p5-b3_2p5",1000,9,499,1,1,0,0.9162907,0.9162907,1.5,1.8,1,1.3,0.1,340,155,337,168,FALSE,NA,TRUE,NA,0.171092276402198,0.171092276402198,0.171092276402198,0.171092276402198,0.0292725670444863,-0.0919579848572557,0.430714766941418,1,1.015717554504,0.0994268545040042,0.0994268545040042,0.0994268545040042,0.00988569939656043,0.800879649673687,1.23848700145674,1,0.627109626909617,-0.289181073090383,0.289181073090383,0.289181073090383,0.0836256930337053,0.321913140069572,0.93178428015853,1,1.35369003879823,-0.146309961201772,0.146309961201772,0.146309961201772,0.021406604746864,1.11361732971301,1.55070077096101,1,1.74595045987554,-0.0540495401244621,0.0540495401244621,0.0540495401244621,0.00292135278766583,1.55460347236458,1.97861167569432,1
50,"n1000-b1_1-b2_2p5-b3_2p5",1000,10,500,1,1,0,0.9162907,0.9162907,1.5,1.8,1,1.3,0.101,330,170,350,150,FALSE,NA,TRUE,NA,0.0560316803220748,0.0560316803220748,0.0560316803220748,0.0560316803220748,0.00313954919971519,-0.200045889005767,0.313359625589842,1,1.10717344245035,0.190882742450346,0.190882742450346,0.190882742450346,0.036436221365365,0.883300880309314,1.33667343683783,1,0.81026840134598,-0.10602229865402,0.10602229865402,0.10602229865402,0.0112407278118823,0.50609522073556,1.11443560643614,1,1.40564524977331,-0.094354750226691,0.094354750226691,0.094354750226691,0.00890281889034125,1.36894450062567,1.49460997032915,0,1.75629698459728,-0.0437030154027229,0.0437030154027229,0.0437030154027229,0.00190995355529064,1.70931916005523,1.8282182690951,1
