"replicate_index","scenario_label","data_n","data_set_index","global_data_set_index","data_set_attempt","start_index","true_beta_1","true_beta_2","true_beta_3","true_gamma_1","true_gamma_2","gamma_start_1","gamma_start_2","censoring_proportion","treated_above","treated_below","control_above","control_below","skipped","skip_reason","converged","error","beta_1_value","beta_1_bias","beta_1_absolute_bias","beta_1_rmse","beta_1_squared_bias","beta_1_interval_lower","beta_1_interval_upper","beta_1_covered","beta_2_value","beta_2_bias","beta_2_absolute_bias","beta_2_rmse","beta_2_squared_bias","beta_2_interval_lower","beta_2_interval_upper","beta_2_covered","beta_3_value","beta_3_bias","beta_3_absolute_bias","beta_3_rmse","beta_3_squared_bias","beta_3_interval_lower","beta_3_interval_upper","beta_3_covered","gamma_1_value","gamma_1_bias","gamma_1_absolute_bias","gamma_1_rmse","gamma_1_squared_bias","gamma_1_interval_lower","gamma_1_interval_upper","gamma_1_covered","gamma_2_value","gamma_2_bias","gamma_2_absolute_bias","gamma_2_rmse","gamma_2_squared_bias","gamma_2_interval_lower","gamma_2_interval_upper","gamma_2_covered"
1,"n1400-b1_2-b2_2p5-b3_2p8",1400,1,1,1,1,0.6931472,0.9162907,1.029619,1.5,1.8,1,1.3,0.0828571428571429,461,219,472,248,FALSE,NA,TRUE,NA,0.716222109379493,0.0230749093794932,0.0230749093794932,0.0230749093794932,0.000532451442871823,0.511225416213257,0.924032621992116,1,0.843791966022899,-0.0724987339771013,0.0724987339771013,0.0724987339771013,0.0052560664282825,0.667234226483139,1.02378406859942,1,1.0842331336341,0.0546141336340966,0.0546141336340966,0.0546141336340966,0.00298270359260296,0.82864204956138,1.33390518688476,1,1.48472329227233,-0.015276707727667,0.015276707727667,0.015276707727667,0.00023337779899656,1.45904558219489,1.52603041962886,1,1.7805014240336,-0.0194985759663955,0.0194985759663955,0.0194985759663955,0.000380194464717296,1.74511605760386,1.81750220476814,1
1,"n1400-b1_2-b2_2p5-b3_2p8",1400,2,2,1,1,0.6931472,0.9162907,1.029619,1.5,1.8,1,1.3,0.075,443,230,495,232,FALSE,NA,TRUE,NA,0.59410396956749,-0.0990432304325101,0.0990432304325101,0.0990432304325101,0.00980956149450729,0.388753846750612,0.798281800963017,1,0.917503979884947,0.00121327988494735,0.00121327988494735,0.00121327988494735,1.47204807921785e-06,0.734733012572126,1.1032644604456,1,1.21951631413661,0.189897314136612,0.189897314136612,0.189897314136612,0.036060989916299,0.965381682274625,1.47636387947843,1,1.42048458376726,-0.0795154162327363,0.0795154162327363,0.0795154162327363,0.0063227014186653,1.38027724261926,1.47747100743525,0,1.73167742971396,-0.0683225702860444,0.0683225702860444,0.0683225702860444,0.00466797361049147,1.65150605060568,1.80344493525081,1
1,"n1400-b1_2-b2_2p5-b3_2p8",1400,3,3,1,1,0.6931472,0.9162907,1.029619,1.5,1.8,1,1.3,0.0621428571428572,468,220,478,234,FALSE,NA,TRUE,NA,0.689995920975285,-0.00315127902471501,0.00315127902471501,0.00315127902471501,9.93055949160881e-06,0.483273847691969,0.89574770998563,1,0.971984951507269,0.0556942515072693,0.0556942515072693,0.0556942515072693,0.00310184965095496,0.797396031482577,1.15208651753365,1,0.960785754370982,-0.0688332456290182,0.0688332456290182,0.0688332456290182,0.00473801570382475,0.709375974883697,1.21488846485981,1,1.51101849810848,0.0110184981084835,0.0110184981084835,0.0110184981084835,0.000121407300566655,1.47094851448463,1.60851909229927,1,1.821372653981,0.0213726539809977,0.0213726539809977,0.0213726539809977,0.000456790338191459,1.7789749774358,1.92048307482173,1
1,"n1400-b1_2-b2_2p5-b3_2p8",1400,4,4,1,1,0.6931472,0.9162907,1.029619,1.5,1.8,1,1.3,0.0935714285714285,416,257,486,241,FALSE,NA,TRUE,NA,1.00062611525683,0.307478915256828,0.307478915256828,0.307478915256828,0.0945432833275158,0.791935417382507,1.20697384849742,0,1.20173647113479,0.28544577113479,0.28544577113479,0.28544577113479,0.0814792882587346,1.01619239007389,1.39225980750768,0,0.619411059970623,-0.410207940029377,0.410207940029377,0.410207940029377,0.168270554063145,0.370953356187836,0.868755957363055,0,1.50386426071529,0.00386426071529389,0.00386426071529389,0.00386426071529389,1.49325108757636e-05,1.46989894870502,1.52168262039332,1,1.79831272431039,-0.0016872756896138,0.0016872756896138,0.0016872756896138,2.84689925276172e-06,1.74469506392267,1.8273351007905,1
1,"n1400-b1_2-b2_2p5-b3_2p8",1400,5,5,1,1,0.6931472,0.9162907,1.029619,1.5,1.8,1,1.3,0.0764285714285714,449,228,489,234,FALSE,NA,TRUE,NA,0.577219428609378,-0.115927771390622,0.115927771390622,0.115927771390622,0.0134392481795963,0.373107353877369,0.777874625633147,1,0.895758073013241,-0.0205326269867595,0.0205326269867595,0.0205326269867595,0.000421588770977405,0.718975837189535,1.07590767836818,1,1.10733196839555,0.0777129683955493,0.0777129683955493,0.0777129683955493,0.00603930545684765,0.858220056559715,1.35747196767024,1,1.51811907080426,0.0181190708042631,0.0181190708042631,0.0181190708042631,0.0003283007268099,1.4765639937361,1.60273479470166,1,1.82195139289459,0.0219513928945942,0.0219513928945942,0.0219513928945942,0.000481863650012843,1.78353087700338,1.88984656946439,1
1,"n1400-b1_2-b2_2p5-b3_2p8",1400,6,6,1,1,0.6931472,0.9162907,1.029619,1.5,1.8,1,1.3,0.0649999999999999,475,246,437,242,FALSE,NA,TRUE,NA,0.664465578235837,-0.028681621764163,0.028681621764163,0.028681621764163,0.000822635427022509,0.465984727216243,0.864133651427794,1,0.83144214979291,-0.08484855020709,0.08484855020709,0.08484855020709,0.00719927647224508,0.653123896685928,1.01393034397321,1,0.967845951011599,-0.061773048988401,0.061773048988401,0.061773048988401,0.00381590958132339,0.720435434199803,1.21282026655223,1,1.49937400132891,-0.000625998671091033,0.000625998671091033,0.000625998671091033,3.91874336207739e-07,1.45538529209036,1.550180767387,1,1.78672420380624,-0.0132757961937644,0.0132757961937644,0.0132757961937644,0.000176246764578369,1.72265414248438,1.85809433282755,1
1,"n1400-b1_2-b2_2p5-b3_2p8",1400,7,7,1,1,0.6931472,0.9162907,1.029619,1.5,1.8,1,1.3,0.0742857142857143,475,237,442,246,FALSE,NA,TRUE,NA,0.81857127960869,0.12542407960869,0.12542407960869,0.12542407960869,0.015731199745687,0.619630228461251,1.01874579484182,1,0.844509689376126,-0.0717810106238744,0.0717810106238744,0.0717810106238744,0.00515251348618477,0.665986884757474,1.0207427122092,1,1.02723992845285,-0.002379071547147,0.002379071547147,0.002379071547147,5.65998142644444e-06,0.782827172184936,1.27460896212214,1,1.49203556103905,-0.00796443896094767,0.00796443896094767,0.00796443896094767,6.34322879626612e-05,1.47474393498427,1.51380025789771,1,1.80829944078833,0.00829944078833234,0.00829944078833234,0.00829944078833234,6.88807173990345e-05,1.79781617632381,1.82894898880739,1
1,"n1400-b1_2-b2_2p5-b3_2p8",1400,8,8,1,1,0.6931472,0.9162907,1.029619,1.5,1.8,1,1.3,0.0771428571428572,468,242,466,224,FALSE,NA,TRUE,NA,0.577589580338813,-0.115557619661186,0.115557619661186,0.115557619661186,0.0133535634617594,0.374507904332468,0.78225881397741,1,0.857955845734346,-0.0583348542656535,0.0583348542656535,0.0583348542656535,0.00340295522219504,0.670187302050213,1.04930834263637,1,1.10650251203291,0.0768835120329132,0.0768835120329132,0.0768835120329132,0.00591107442251511,0.854689919227676,1.3591357108793,1,1.47887105670214,-0.0211289432978603,0.0211289432978603,0.0211289432978603,0.000446432244884196,1.43105083058554,1.57058843156038,1,1.75920771725308,-0.0407922827469245,0.0407922827469245,0.0407922827469245,0.00166401033170503,1.6965838877852,1.83575766468336,1
1,"n1400-b1_2-b2_2p5-b3_2p8",1400,9,9,1,1,0.6931472,0.9162907,1.029619,1.5,1.8,1,1.3,0.0707142857142857,487,258,454,201,FALSE,NA,TRUE,NA,0.671346182848547,-0.021801017151453,0.021801017151453,0.021801017151453,0.000475284348837948,0.459517633648837,0.883344920674882,1,0.946027897288327,0.0297371972883267,0.0297371972883267,0.0297371972883267,0.000884300902564864,0.752174913795549,1.14588816635841,1,1.06110787056293,0.0314888705629328,0.0314888705629328,0.0314888705629328,0.000991548969329137,0.806013631589399,1.31502606516329,1,1.51496417903852,0.0149641790385151,0.0149641790385151,0.0149641790385151,0.000223926654296735,1.43913467287439,1.572670788645,1,1.77019535243547,-0.0298046475645302,0.0298046475645302,0.0298046475645302,0.000888317016445854,1.6896871428718,1.84687100004749,1
1,"n1400-b1_2-b2_2p5-b3_2p8",1400,10,10,1,1,0.6931472,0.9162907,1.029619,1.5,1.8,1,1.3,0.0807142857142857,472,251,460,217,FALSE,NA,TRUE,NA,0.702802463110556,0.0096552631105562,0.0096552631105562,0.0096552631105562,9.32241057340674e-05,0.497980465175335,0.909751932699593,1,1.01406029048661,0.0977695904866096,0.0977695904866096,0.0977695904866096,0.00955889282391934,0.823844844074166,1.20258623368917,1,1.02825897472943,-0.00136002527057255,0.00136002527057255,0.00136002527057255,1.84966873659594e-06,0.771982543009216,1.28250386929863,1,1.51591648506204,0.0159164850620437,0.0159164850620437,0.0159164850620437,0.00025333449673026,1.44791372465077,1.58360265855595,1,1.79323822073625,-0.00676177926374533,0.00676177926374533,0.00676177926374533,4.57216588116163e-05,1.74325032637527,1.84949410217699,1
2,"n1400-b1_2-b2_2p5-b3_2p8",1400,1,11,1,1,0.6931472,0.9162907,1.029619,1.5,1.8,1,1.3,0.0814285714285714,484,245,434,237,FALSE,NA,TRUE,NA,0.749097865763881,0.0559506657638807,0.0559506657638807,0.0559506657638807,0.0031304769994215,0.543630365728387,0.953585273332305,1,0.838754163479957,-0.0775365365200426,0.0775365365200426,0.0775365365200426,0.00601191449552389,0.656818029368285,1.02182741862614,1,1.01535172624613,-0.014267273753874,0.014267273753874,0.014267273753874,0.000203555100367983,0.766541722653827,1.26770581008316,1,1.50220946711584,0.00220946711584102,0.00220946711584102,0.00220946711584102,4.88174493598285e-06,1.46629335991358,1.55140286279104,1,1.79882234173755,-0.0011776582624512,0.0011776582624512,0.0011776582624512,1.38687898311957e-06,1.7677993120712,1.84451858963451,1
2,"n1400-b1_2-b2_2p5-b3_2p8",1400,2,12,1,1,0.6931472,0.9162907,1.029619,1.5,1.8,1,1.3,0.07,487,207,465,241,FALSE,NA,TRUE,NA,0.612551940107227,-0.0805952598927728,0.0805952598927728,0.0805952598927728,0.0064955959171836,0.408380015276647,0.815844681145953,1,0.987486400567459,0.0711957005674586,0.0711957005674586,0.0711957005674586,0.00506882777929123,0.805564908341623,1.16946738022446,1,1.06992295864287,0.0403039586428724,0.0403039586428724,0.0403039586428724,0.00162440908228637,0.817302026012475,1.32548611780708,1,1.50472746928144,0.00472746928144008,0.00472746928144008,0.00472746928144008,2.23489658069596e-05,1.48932404434368,1.552253454647,1,1.80230149513828,0.00230149513827915,0.00230149513827915,0.00230149513827915,5.29687987152258e-06,1.77993944616589,1.85310799613817,1
2,"n1400-b1_2-b2_2p5-b3_2p8",1400,3,13,1,1,0.6931472,0.9162907,1.029619,1.5,1.8,1,1.3,0.0714285714285714,467,239,474,220,FALSE,NA,TRUE,NA,0.602343825134425,-0.0908033748655753,0.0908033748655753,0.0908033748655753,0.0082452528869782,0.399374609565505,0.807416641367701,1,0.808764810395933,-0.107525889604067,0.107525889604067,0.107525889604067,0.0115618169351461,0.62763471750768,0.992443281379399,1,1.08551190602564,0.0558929060256395,0.0558929060256395,0.0558929060256395,0.00312401694399096,0.8406451705986,1.33146102430631,1,1.4959732372154,-0.00402676278459579,0.00402676278459579,0.00402676278459579,1.62148185234057e-05,1.47093826243622,1.51370300993438,1,1.7997266048918,-0.000273395108201901,0.000273395108201901,0.000273395108201901,7.47448851887294e-08,1.74762719001647,1.83708242832523,1
2,"n1400-b1_2-b2_2p5-b3_2p8",1400,4,14,1,1,0.6931472,0.9162907,1.029619,1.5,1.8,1,1.3,0.0721428571428572,452,246,481,221,FALSE,NA,TRUE,NA,0.782954178747484,0.0898069787474841,0.0898069787474841,0.0898069787474841,0.00806529343175106,0.578460330734428,0.98843897972801,1,0.904900063262008,-0.0113906367379922,0.0113906367379922,0.0113906367379922,0.000129746605296898,0.720349055715268,1.09281364461173,1,0.957171371281569,-0.0724476287184309,0.0724476287184309,0.0724476287184309,0.00524865890692362,0.709597455115193,1.20913437257856,1,1.47798498094147,-0.0220150190585267,0.0220150190585267,0.0220150190585267,0.000484661064147292,1.44965422296771,1.5348740970982,1,1.77859468077191,-0.0214053192280854,0.0214053192280854,0.0214053192280854,0.000458187691256243,1.75064187455896,1.82511622471118,1
2,"n1400-b1_2-b2_2p5-b3_2p8",1400,5,15,1,1,0.6931472,0.9162907,1.029619,1.5,1.8,1,1.3,0.0771428571428572,494,229,457,220,FALSE,NA,TRUE,NA,0.708779307678308,0.0156321076783084,0.0156321076783084,0.0156321076783084,0.000244362790466227,0.503974048662494,0.913775459783517,1,0.886279412226166,-0.0300112877738339,0.0300112877738339,0.0300112877738339,0.000900677393843871,0.698781949176041,1.07463050456323,1,1.04725584346905,0.017636843469053,0.017636843469053,0.017636843469053,0.000311058247551879,0.793036047470474,1.2994818829757,1,1.48958210026324,-0.0104178997367632,0.0104178997367632,0.0104178997367632,0.000108532634925251,1.46539759639537,1.54315354556442,1,1.7924406953807,-0.00755930461929877,0.00755930461929877,0.00755930461929877,5.71430863273517e-05,1.74907020472654,1.8464878648877,1
2,"n1400-b1_2-b2_2p5-b3_2p8",1400,6,16,1,1,0.6931472,0.9162907,1.029619,1.5,1.8,1,1.3,0.0764285714285714,459,230,458,253,FALSE,NA,TRUE,NA,0.804253483866574,0.111106283866574,0.111106283866574,0.111106283866574,0.0123446063146398,0.602722674784764,1.00767745167026,1,0.921283802225748,0.00499310222574822,0.00499310222574822,0.00499310222574822,2.49310698367719e-05,0.743614992314112,1.10374671683651,1,1.0671345006659,0.0375155006659036,0.0375155006659036,0.0375155006659036,0.00140741279021341,0.809599258853657,1.32351046628355,1,1.55775768718075,0.0577576871807521,0.0577576871807521,0.0577576871807521,0.00333595042846962,1.50348491429697,1.60053115021844,0,1.78918846082868,-0.010811539171321,0.010811539171321,0.010811539171321,0.000116889379253009,1.75533652876112,1.82797218516323,1
2,"n1400-b1_2-b2_2p5-b3_2p8",1400,7,17,1,1,0.6931472,0.9162907,1.029619,1.5,1.8,1,1.3,0.075,432,246,477,245,FALSE,NA,TRUE,NA,0.791593337637914,0.0984461376379137,0.0984461376379137,0.0984461376379137,0.00969164201582304,0.592691017579156,0.992995670816194,1,1.0025064876607,0.0862157876606964,0.0862157876606964,0.0862157876606964,0.00743316204195429,0.827413736566352,1.17912325123447,1,0.898571655008926,-0.131047344991074,0.131047344991074,0.131047344991074,0.0171734066292096,0.652036791425477,1.14423352869585,1,1.48512856068316,-0.0148714393168365,0.0148714393168365,0.0148714393168365,0.000221159707354352,1.43849650622017,1.54373315009783,1,1.8136814044285,0.0136814044285045,0.0136814044285045,0.0136814044285045,0.000187180827136303,1.76615890489596,1.87243740350389,1
2,"n1400-b1_2-b2_2p5-b3_2p8",1400,8,18,1,1,0.6931472,0.9162907,1.029619,1.5,1.8,1,1.3,0.0628571428571428,470,232,467,231,FALSE,NA,TRUE,NA,0.618349580623847,-0.0747976193761528,0.0747976193761528,0.0747976193761528,0.00559468386433983,0.419310607957004,0.821482797893696,1,0.802120310519848,-0.114170389480152,0.114170389480152,0.114170389480152,0.0130348778340496,0.621418811267078,0.984572546303079,1,1.16005389753105,0.130434897531051,0.130434897531051,0.130434897531051,0.0170132624939359,0.903355930512376,1.41025024924053,1,1.51362217458989,0.0136221745898923,0.0136221745898923,0.0136221745898923,0.000185563640557509,1.49717646448689,1.5663490704184,1,1.76904025574179,-0.030959744258211,0.030959744258211,0.030959744258211,0.00095850576453383,1.66837929881071,1.86264773563385,1
2,"n1400-b1_2-b2_2p5-b3_2p8",1400,9,19,1,1,0.6931472,0.9162907,1.029619,1.5,1.8,1,1.3,0.0557142857142857,449,233,481,237,FALSE,NA,TRUE,NA,0.674931687069117,-0.0182155129308833,0.0182155129308833,0.0182155129308833,0.000331804911335177,0.476530020591548,0.873404959644049,1,0.970953859795244,0.0546631597952443,0.0546631597952443,0.0546631597952443,0.00298806103880041,0.79425282324182,1.15227074599259,1,0.984864006265984,-0.0447549937340158,0.0447549937340158,0.0447549937340158,0.00200300946413179,0.739595337340299,1.23267055608137,1,1.50708909098304,0.00708909098304389,0.00708909098304389,0.00708909098304389,5.02552109658742e-05,1.48336899116157,1.546482048523,1,1.81190155109622,0.0119015510962213,0.0119015510962213,0.0119015510962213,0.000141646918495966,1.78478307601779,1.84293078137544,1
2,"n1400-b1_2-b2_2p5-b3_2p8",1400,10,20,1,1,0.6931472,0.9162907,1.029619,1.5,1.8,1,1.3,0.075,467,254,455,224,FALSE,NA,TRUE,NA,0.72270174281105,0.02955454281105,0.02955454281105,0.02955454281105,0.000873471000770185,0.523449809657289,0.926772363430764,1,0.998712818531589,0.0824221185315892,0.0824221185315892,0.0824221185315892,0.00679340562323534,0.816502450231047,1.18627500245014,1,0.959059589478944,-0.070559410521056,0.070559410521056,0.070559410521056,0.0049786304130789,0.711959881419594,1.20535822660362,1,1.51695323993492,0.0169532399349213,0.0169532399349213,0.0169532399349213,0.000287412344291009,1.47548223445721,1.56835733219074,1,1.76161522862009,-0.0383847713799135,0.0383847713799135,0.0383847713799135,0.00147339067388822,1.65947992530483,1.85214327468674,1
3,"n1400-b1_2-b2_2p5-b3_2p8",1400,1,21,1,1,0.6931472,0.9162907,1.029619,1.5,1.8,1,1.3,0.0707142857142857,457,229,477,237,FALSE,NA,TRUE,NA,0.658031242406913,-0.0351159575930873,0.0351159575930873,0.0351159575930873,0.0012331304776795,0.459559953440458,0.854406531042198,1,0.827783924919561,-0.088506775080439,0.088506775080439,0.088506775080439,0.00783344923513942,0.65134252569607,1.00605958857246,1,1.13641770323543,0.106798703235433,0.106798703235433,0.106798703235433,0.0114059630127701,0.884770961429827,1.3868075053954,1,1.50132446043313,0.00132446043313283,0.00132446043313283,0.00132446043313283,1.75419543893442e-06,1.44434460178176,1.56341395221444,1,1.90995273160774,0.109952731607742,0.109952731607742,0.109952731607742,0.0120896031880041,1.82420127877514,1.98973818961142,0
3,"n1400-b1_2-b2_2p5-b3_2p8",1400,2,22,1,1,0.6931472,0.9162907,1.029619,1.5,1.8,1,1.3,0.0635714285714286,479,229,453,239,FALSE,NA,TRUE,NA,0.730072236583664,0.0369250365836639,0.0369250365836639,0.0369250365836639,0.00136345832670491,0.53111274159416,0.929590342172846,1,0.878887449153171,-0.0374032508468293,0.0374032508468293,0.0374032508468293,0.00139900317391083,0.700733557896171,1.05815339521136,1,1.04834202494442,0.0187230249444195,0.0187230249444195,0.0187230249444195,0.000350551663069353,0.797363742128177,1.29580929271281,1,1.48040330286216,-0.0195966971378356,0.0195966971378356,0.0195966971378356,0.000384030538712055,1.44023529591824,1.57111397638747,1,1.77953347642177,-0.0204665235782344,0.0204665235782344,0.0204665235782344,0.000418878587378425,1.69315377223881,1.83719036257999,1
3,"n1400-b1_2-b2_2p5-b3_2p8",1400,3,23,1,1,0.6931472,0.9162907,1.029619,1.5,1.8,1,1.3,0.0728571428571428,472,249,443,236,FALSE,NA,TRUE,NA,0.540049260860374,-0.153097939139626,0.153097939139626,0.153097939139626,0.0234389789688006,0.33951779233588,0.739492115500466,1,0.754711395052011,-0.161579304947989,0.161579304947989,0.161579304947989,0.0261078717874753,0.575506606473294,0.933550150632327,1,1.26535934515101,0.235740345151006,0.235740345151006,0.235740345151006,0.0555735103319153,1.01724652436663,1.51775337181853,1,1.46847835365087,-0.0315216463491301,0.0315216463491301,0.0315216463491301,0.000993614188559629,1.44290411961548,1.49969672737678,0,1.70945627133002,-0.0905437286699775,0.0905437286699775,0.0905437286699775,0.00819816680146251,1.63197986539152,1.79449645211786,0
3,"n1400-b1_2-b2_2p5-b3_2p8",1400,4,24,1,1,0.6931472,0.9162907,1.029619,1.5,1.8,1,1.3,0.0821428571428572,456,246,470,228,FALSE,NA,TRUE,NA,0.678630767479671,-0.0145164325203291,0.0145164325203291,0.0145164325203291,0.000210726813117268,0.476940231014789,0.880742775751955,1,0.977697786552049,0.0614070865520493,0.0614070865520493,0.0614070865520493,0.00377083027881087,0.79407503259335,1.1625766848322,1,0.988858887835699,-0.0407601121643012,0.0407601121643012,0.0407601121643012,0.00166138674364641,0.738511216212749,1.24166252411781,1,1.54515934193711,0.0451593419371101,0.0451593419371101,0.0451593419371101,0.00203936616419283,1.46394039999568,1.57655718566387,1,1.84888003327953,0.0488800332795316,0.0488800332795316,0.0488800332795316,0.00238925765340812,1.77410698576523,1.89170294276047,1
3,"n1400-b1_2-b2_2p5-b3_2p8",1400,5,25,1,1,0.6931472,0.9162907,1.029619,1.5,1.8,1,1.3,0.0728571428571428,467,230,489,214,FALSE,NA,TRUE,NA,0.815078238537595,0.121931038537595,0.121931038537595,0.121931038537595,0.0148671781588564,0.602874905081534,1.02817528886785,1,0.984140525392091,0.0678498253920914,0.0678498253920914,0.0678498253920914,0.00460359880573729,0.792686975951248,1.1769137036552,1,0.748995937767246,-0.280623062232754,0.280623062232754,0.280623062232754,0.0787493030568881,0.494078445227939,1.0019732698029,0,1.51532405746374,0.0153240574637392,0.0153240574637392,0.0153240574637392,0.000234826737151982,1.49210337065075,1.56836012675198,1,1.734712745261,-0.0652872547390009,0.0652872547390009,0.0652872547390009,0.00426242563135519,1.6657767697,1.84346361364687,1
3,"n1400-b1_2-b2_2p5-b3_2p8",1400,6,26,1,1,0.6931472,0.9162907,1.029619,1.5,1.8,1,1.3,0.0657142857142857,481,227,462,230,FALSE,NA,TRUE,NA,0.486818460787528,-0.206328739212472,0.206328739212472,0.206328739212472,0.0425715486250082,0.28420415311911,0.687926187821301,0,0.686874212195825,-0.229416487804175,0.229416487804175,0.229416487804175,0.0526319248764033,0.511923493196908,0.861289163107272,0,1.32219195864087,0.292572958640869,0.292572958640869,0.292572958640869,0.0855989361278716,1.06844769504332,1.57837915376089,0,1.491569225332,-0.00843077466799858,0.00843077466799858,0.00843077466799858,7.10779615025665e-05,1.45512170173326,1.51952837952966,1,1.79305982410986,-0.00694017589013773,0.00694017589013773,0.00694017589013773,4.81660413860491e-05,1.75129324928541,1.82550025688245,1
3,"n1400-b1_2-b2_2p5-b3_2p8",1400,7,27,1,1,0.6931472,0.9162907,1.029619,1.5,1.8,1,1.3,0.0657142857142857,484,247,471,198,FALSE,NA,TRUE,NA,0.690836602177221,-0.0023105978227792,0.0023105978227792,0.0023105978227792,5.338862298632e-06,0.482625543264467,0.899022914323112,1,0.922722238188743,0.00643153818874287,0.00643153818874287,0.00643153818874287,4.13646834732579e-05,0.733687865055327,1.11426124207246,1,1.09769076252405,0.0680717625240519,0.0680717625240519,0.0680717625240519,0.00463376485313092,0.844534535394043,1.35574772996305,1,1.52406630875813,0.0240663087581321,0.0240663087581321,0.0240663087581321,0.000579187217241746,1.48022245190143,1.57932695693876,1,1.80135331896569,0.00135331896569268,0.00135331896569268,0.00135331896569268,1.83147222290352e-06,1.76873319816024,1.85411294552943,1
3,"n1400-b1_2-b2_2p5-b3_2p8",1400,8,28,1,1,0.6931472,0.9162907,1.029619,1.5,1.8,1,1.3,0.0721428571428572,430,217,493,260,FALSE,NA,TRUE,NA,0.765702043627171,0.0725548436271714,0.0725548436271714,0.0725548436271714,0.00526420533376329,0.564960752905549,0.965360067731822,1,1.0129912173661,0.0967005173660953,0.0967005173660953,0.0967005173660953,0.0093509900588705,0.83985560470601,1.18696441614125,1,0.895357224432215,-0.134261775567785,0.134261775567785,0.134261775567785,0.0180262243786143,0.649328845742642,1.13685900401229,1,1.50325653065812,0.00325653065812048,0.00325653065812048,0.00325653065812048,1.06049919272786e-05,1.49511612591268,1.52545299620014,1,1.81422894195628,0.0142289419562773,0.0142289419562773,0.0142289419562773,0.000202462789195109,1.79134408378019,1.83435747394573,1
3,"n1400-b1_2-b2_2p5-b3_2p8",1400,9,29,1,1,0.6931472,0.9162907,1.029619,1.5,1.8,1,1.3,0.0814285714285714,486,222,467,225,FALSE,NA,TRUE,NA,0.704962236640144,0.0118150366401439,0.0118150366401439,0.0118150366401439,0.000139595090807944,0.49263304119702,0.916504787686429,1,0.931072588577004,0.014781888577004,0.014781888577004,0.014781888577004,0.000218504229902962,0.74718778524406,1.11774772688201,1,1.01195150770444,-0.0176674922955584,0.0176674922955584,0.0176674922955584,0.000312140284013616,0.756361659925703,1.26373479148821,1,1.50064994343871,0.000649943438707057,0.000649943438707057,0.000649943438707057,4.22426473518354e-07,1.43855389453018,1.57860241621681,1,1.81357906428358,0.0135790642835767,0.0135790642835767,0.0135790642835767,0.000184390986817508,1.78351800248972,1.86688485459536,1
3,"n1400-b1_2-b2_2p5-b3_2p8",1400,10,30,1,1,0.6931472,0.9162907,1.029619,1.5,1.8,1,1.3,0.0828571428571429,477,255,442,226,FALSE,NA,TRUE,NA,0.748045825001606,0.0548986250016059,0.0548986250016059,0.0548986250016059,0.00301385902706695,0.544223200300168,0.952710233844524,1,1.02647873167228,0.110188031672281,0.110188031672281,0.110188031672281,0.0121414023238117,0.838530385798404,1.21210339901931,1,0.884973417584617,-0.144645582415383,0.144645582415383,0.144645582415383,0.0209223445122853,0.638228402679501,1.13324047526889,1,1.49317036290683,-0.00682963709317064,0.00682963709317064,0.00682963709317064,4.66439428244123e-05,1.46410401766813,1.54654209735113,1,1.79661058385998,-0.00338941614001742,0.00338941614001742,0.00338941614001742,1.14881417702106e-05,1.77969777570701,1.82890156145654,1
4,"n1400-b1_2-b2_2p5-b3_2p8",1400,1,31,1,1,0.6931472,0.9162907,1.029619,1.5,1.8,1,1.3,0.0728571428571428,463,231,470,236,FALSE,NA,TRUE,NA,0.661987789203182,-0.0311594107968177,0.0311594107968177,0.0311594107968177,0.000970908881204841,0.458824008530505,0.864767562934565,1,0.950679048107473,0.0343883481074728,0.0343883481074728,0.0343883481074728,0.00118255848556073,0.769766112576968,1.13096476750977,1,0.91637465633294,-0.11324434366706,0.11324434366706,0.11324434366706,0.0128242813725831,0.666836782049732,1.16256847609525,1,1.53094031740292,0.0309403174029246,0.0309403174029246,0.0309403174029246,0.000957303240993717,1.48390345302212,1.60910216239695,1,1.80871623884316,0.00871623884316475,0.00871623884316475,0.00871623884316475,7.59728195710939e-05,1.71924180188237,1.92428845462434,1
4,"n1400-b1_2-b2_2p5-b3_2p8",1400,2,32,1,1,0.6931472,0.9162907,1.029619,1.5,1.8,1,1.3,0.0878571428571429,464,247,452,237,FALSE,NA,TRUE,NA,0.680573414681006,-0.0125737853189944,0.0125737853189944,0.0125737853189944,0.00015810007724816,0.477535240764112,0.883567470497012,1,0.956102498321096,0.0398117983210957,0.0398117983210957,0.0398117983210957,0.0015849792855596,0.772197409573676,1.14005207561489,1,1.10956403611864,0.0799450361186351,0.0799450361186351,0.0799450361186351,0.00639120880000987,0.857044772379327,1.3620905140057,1,1.51589474771843,0.0158947477184341,0.0158947477184341,0.0158947477184341,0.000252643005032667,1.49372209303149,1.53817150317273,1,1.82581790945817,0.0258179094581739,0.0258179094581739,0.0258179094581739,0.000666564448790463,1.78446561129015,1.85666256405387,1
4,"n1400-b1_2-b2_2p5-b3_2p8",1400,3,33,1,1,0.6931472,0.9162907,1.029619,1.5,1.8,1,1.3,0.0764285714285714,483,239,420,258,FALSE,NA,TRUE,NA,0.546803273691725,-0.146343926308275,0.146343926308275,0.146343926308275,0.0214165447673218,0.352804966861371,0.743355250713327,1,0.973593318408341,0.0573026184083406,0.0573026184083406,0.0573026184083406,0.0032835900764519,0.799792613691883,1.1531377771424,1,0.919989884226747,-0.109629115773253,0.109629115773253,0.109629115773253,0.0120185430252252,0.677611715480606,1.16276229719892,1,1.4924108259813,-0.00758917401870041,0.00758917401870041,0.00758917401870041,5.75955622861173e-05,1.44206582610149,1.53702548962705,1,1.83429514802726,0.0342951480272589,0.0342951480272589,0.0342951480272589,0.0011761571782116,1.76360590132855,1.90066990782713,1
4,"n1400-b1_2-b2_2p5-b3_2p8",1400,4,34,1,1,0.6931472,0.9162907,1.029619,1.5,1.8,1,1.3,0.0635714285714286,451,242,494,213,FALSE,NA,TRUE,NA,0.63983772278689,-0.0533094772131097,0.0533094772131097,0.0533094772131097,0.00284190036073507,0.439281553212961,0.841286487784225,1,0.749607607690699,-0.166683092309301,0.166683092309301,0.166683092309301,0.027783253261791,0.57003050508277,0.933061778342072,1,1.17027338672596,0.140654386725956,0.140654386725956,0.140654386725956,0.0197836565052547,0.921470327414488,1.41822772179109,1,1.50951881498473,0.00951881498473184,0.00951881498473184,0.00951881498473184,9.06078387135554e-05,1.49278194975686,1.54874467770234,1,1.81921853534125,0.0192185353412526,0.0192185353412526,0.0192185353412526,0.000369352100662976,1.79474139172323,1.88196764336522,1
4,"n1400-b1_2-b2_2p5-b3_2p8",1400,5,35,1,1,0.6931472,0.9162907,1.029619,1.5,1.8,1,1.3,0.0735714285714286,483,263,427,227,FALSE,NA,TRUE,NA,0.594828585508676,-0.0983186144913235,0.0983186144913235,0.0983186144913235,0.00966654995549349,0.395128640127513,0.79574595321062,1,0.888302706557017,-0.0279879934429825,0.0279879934429825,0.0279879934429825,0.000783327776964433,0.705280685216969,1.07642929958965,1,1.21380306658172,0.184184066581724,0.184184066581724,0.184184066581724,0.033923770382581,0.963200925776349,1.46216670851234,1,1.47987793685263,-0.0201220631473669,0.0201220631473669,0.0201220631473669,0.00040489742530662,1.45172504919948,1.52962514506485,1,1.80177354400251,0.00177354400251328,0.00177354400251328,0.00177354400251328,3.14545832885084e-06,1.74443928719274,1.85794492560377,1
4,"n1400-b1_2-b2_2p5-b3_2p8",1400,6,36,1,1,0.6931472,0.9162907,1.029619,1.5,1.8,1,1.3,0.0621428571428572,446,244,484,226,FALSE,NA,TRUE,NA,0.624396032793285,-0.0687511672067148,0.0687511672067148,0.0687511672067148,0.00472672299228566,0.431182579246823,0.822421414000365,1,0.777010102015459,-0.139280597984541,0.139280597984541,0.139280597984541,0.0193990849749314,0.60337581447213,0.953813725532412,1,1.23893504735316,0.209316047353164,0.209316047353164,0.209316047353164,0.0438132076795519,0.99641534684831,1.48506850595323,1,1.56860624829642,0.0686062482964174,0.0686062482964174,0.0686062482964174,0.00470681730530967,1.51577908608332,1.61094612153469,0,1.86132250041537,0.0613225004153715,0.0613225004153715,0.0613225004153715,0.00376044905719323,1.82046799590523,1.90675221793957,0
4,"n1400-b1_2-b2_2p5-b3_2p8",1400,7,37,1,1,0.6931472,0.9162907,1.029619,1.5,1.8,1,1.3,0.07,492,222,475,211,FALSE,NA,TRUE,NA,0.766167896314424,0.073020696314424,0.073020696314424,0.073020696314424,0.00533202209024333,0.554610742708824,0.986828184252673,1,0.888171768769096,-0.0281189312309038,0.0281189312309038,0.0281189312309038,0.000790674293568298,0.700051986781811,1.07999675296681,1,0.820353160348113,-0.209265839651887,0.209265839651887,0.209265839651887,0.0437921916452095,0.560569852320434,1.07691909052863,1,1.48552095795867,-0.0144790420413277,0.0144790420413277,0.0144790420413277,0.000209642658434534,1.43748495170858,1.56363348968079,1,1.8108826864633,0.0108826864632987,0.0108826864632987,0.0108826864632987,0.000118432864658465,1.78470474434668,1.86100242256457,1
4,"n1400-b1_2-b2_2p5-b3_2p8",1400,8,38,1,1,0.6931472,0.9162907,1.029619,1.5,1.8,1,1.3,0.0842857142857143,469,245,464,222,FALSE,NA,TRUE,NA,0.74667317395159,0.0535259739515905,0.0535259739515905,0.0535259739515905,0.00286502988746635,0.536092402394708,0.959637231844594,1,1.02000763480285,0.103716934802849,0.103716934802849,0.103716934802849,0.0107572025648984,0.828189039270046,1.20817051114296,1,1.00934469149903,-0.0202743085009713,0.0202743085009713,0.0202743085009713,0.000411047585192559,0.755424050809351,1.26282574317117,1,1.49808661747319,-0.00191338252680584,0.00191338252680584,0.00191338252680584,3.6610326938859e-06,1.4805924478858,1.52572842891436,1,1.8010739560681,0.0010739560680979,0.0010739560680979,0.0010739560680979,1.15338163620431e-06,1.76428598580472,1.83950374620785,1
4,"n1400-b1_2-b2_2p5-b3_2p8",1400,9,39,1,1,0.6931472,0.9162907,1.029619,1.5,1.8,1,1.3,0.0678571428571428,450,258,476,216,FALSE,NA,TRUE,NA,0.61330206411041,-0.0798451358895904,0.0798451358895904,0.0798451358895904,0.00637524572522716,0.41361689385475,0.815901137666824,1,0.890172772263138,-0.0261179277368624,0.0261179277368624,0.0261179277368624,0.000682146149267966,0.70548652476549,1.08146686264343,1,1.1569100039043,0.127291003904305,0.127291003904305,0.127291003904305,0.0162029996749657,0.903507202255788,1.40800818533875,1,1.50198613334138,0.00198613334138464,0.00198613334138464,0.00198613334138464,3.94472564975973e-06,1.44254832138834,1.56931163619384,1,1.8207492989355,0.0207492989355047,0.0207492989355047,0.0207492989355047,0.000430533406314937,1.7648365108472,1.88123060580425,1
4,"n1400-b1_2-b2_2p5-b3_2p8",1400,10,40,1,1,0.6931472,0.9162907,1.029619,1.5,1.8,1,1.3,0.0592857142857143,492,230,442,236,FALSE,NA,TRUE,NA,0.588459877903215,-0.104687322096785,0.104687322096785,0.104687322096785,0.0109594354077959,0.390493240947254,0.791011733441373,1,0.781941553645272,-0.134349146354728,0.134349146354728,0.134349146354728,0.0180496931262442,0.601930956290673,0.964527501551158,1,1.18088994864695,0.151270948646946,0.151270948646946,0.151270948646946,0.0228828999045469,0.928648561300573,1.42911343397751,1,1.51137302751486,0.0113730275148585,0.0113730275148585,0.0113730275148585,0.000129345754853728,1.4583660843928,1.55828752470153,1,1.78908626750007,-0.010913732499932,0.010913732499932,0.010913732499932,0.000119109557080072,1.68459493266229,1.84949541765455,1
5,"n1400-b1_2-b2_2p5-b3_2p8",1400,1,41,1,1,0.6931472,0.9162907,1.029619,1.5,1.8,1,1.3,0.0778571428571428,472,223,477,228,FALSE,NA,TRUE,NA,0.594228453366489,-0.0989187466335105,0.0989187466335105,0.0989187466335105,0.00978491843554465,0.385422258132362,0.803598557445767,1,0.932472073452531,0.0161813734525313,0.0161813734525313,0.0161813734525313,0.000261836846810286,0.752612123855971,1.11712449555581,1,1.13027005845402,0.100651058454023,0.100651058454023,0.100651058454023,0.0101306355679152,0.87579152878146,1.381320213948,1,1.5000065018421,6.50184210493343e-06,6.50184210493343e-06,6.50184210493343e-06,4.22739507574852e-11,1.45786739523984,1.55059647599223,1,1.79831185599016,-0.00168814400984063,0.00168814400984063,0.00168814400984063,2.8498301979608e-06,1.72405781487731,1.83499585050018,1
5,"n1400-b1_2-b2_2p5-b3_2p8",1400,2,42,1,1,0.6931472,0.9162907,1.029619,1.5,1.8,1,1.3,0.0878571428571429,464,242,464,230,FALSE,NA,TRUE,NA,0.884190984072405,0.191043784072405,0.191043784072405,0.191043784072405,0.0364977274327038,0.676503725079867,1.09955903408856,1,1.10413171090215,0.187841010902151,0.187841010902151,0.187841010902151,0.0352842453767421,0.915644029685977,1.29693335054841,1,0.797959513441009,-0.231659486558991,0.231659486558991,0.231659486558991,0.0536661177127755,0.544562233847159,1.05554941537793,1,1.54592216027378,0.0459221602737814,0.0459221602737814,0.0459221602737814,0.00210884480421086,1.50140938962125,1.63783859959963,0,1.81254357180146,0.0125435718014557,0.0125435718014557,0.0125435718014557,0.000157341193538275,1.79535621928928,1.85799900003053,1
5,"n1400-b1_2-b2_2p5-b3_2p8",1400,3,43,1,1,0.6931472,0.9162907,1.029619,1.5,1.8,1,1.3,0.0785714285714286,454,243,470,233,FALSE,NA,TRUE,NA,0.734991032402043,0.0418438324020428,0.0418438324020428,0.0418438324020428,0.00175090631009025,0.532045268071328,0.940197830941113,1,1.01568927740985,0.0993985774098545,0.0993985774098545,0.0993985774098545,0.00988007719110283,0.829686676498518,1.20057648126247,1,0.990105079077177,-0.0395139209228234,0.0395139209228234,0.0395139209228234,0.00156134994669514,0.742206491011643,1.24004815246094,1,1.48298698616614,-0.0170130138338589,0.0170130138338589,0.0170130138338589,0.000289442639711074,1.43893132330656,1.54017853757319,1,1.78443660189186,-0.0155633981081367,0.0155633981081367,0.0155633981081367,0.000242219360672352,1.74648532497933,1.82119346219805,1
5,"n1400-b1_2-b2_2p5-b3_2p8",1400,4,44,1,1,0.6931472,0.9162907,1.029619,1.5,1.8,1,1.3,0.0842857142857143,472,222,476,230,FALSE,NA,TRUE,NA,0.793744742781156,0.100597542781156,0.100597542781156,0.100597542781156,0.0101198656136065,0.585809650623005,0.998535382442835,1,0.905186306234334,-0.0111043937656663,0.0111043937656663,0.0111043937656663,0.000123307560902969,0.721885407375657,1.08865935484076,1,0.909586400200975,-0.120032599799025,0.120032599799025,0.120032599799025,0.0144078250145129,0.660847869446216,1.16076218067659,1,1.48970531501525,-0.0102946849847467,0.0102946849847467,0.0102946849847467,0.00010598053893517,1.44175297673246,1.54319398864986,1,1.7681045226744,-0.0318954773256011,0.0318954773256011,0.0318954773256011,0.00101732147382793,1.6916318662232,1.84615790602169,1
5,"n1400-b1_2-b2_2p5-b3_2p8",1400,5,45,1,1,0.6931472,0.9162907,1.029619,1.5,1.8,1,1.3,0.0707142857142857,467,228,473,232,FALSE,NA,TRUE,NA,0.665635411419503,-0.0275117885804967,0.0275117885804967,0.0275117885804967,0.000756898510897951,0.465193780955007,0.865675830325586,1,0.932305188260928,0.0160144882609281,0.0160144882609281,0.0160144882609281,0.000256463834259404,0.753029981235433,1.1137838191262,1,1.0149435505562,-0.0146754494438019,0.0146754494438019,0.0146754494438019,0.000215368816377587,0.769240042143839,1.26109509960235,1,1.50057571115355,0.000575711153548042,0.000575711153548042,0.000575711153548042,3.31443332319617e-07,1.47780442261587,1.52725171556271,1,1.79372964920679,-0.00627035079320559,0.00627035079320559,0.00627035079320559,3.9317299069854e-05,1.77914883484569,1.8232006487094,1
5,"n1400-b1_2-b2_2p5-b3_2p8",1400,6,46,1,1,0.6931472,0.9162907,1.029619,1.5,1.8,1,1.3,0.0721428571428572,473,232,473,222,FALSE,NA,TRUE,NA,0.723646417920215,0.0304992179202153,0.0304992179202153,0.0304992179202153,0.00093020229374478,0.518235550523139,0.931010278960833,1,0.958018858802588,0.0417281588025875,0.0417281588025875,0.0417281588025875,0.00174123923705396,0.774798042153916,1.1452620088882,1,0.96511484384079,-0.0645041561592099,0.0645041561592099,0.0645041561592099,0.00416078616181174,0.713841707108665,1.21148311486305,1,1.42412125096213,-0.0758787490378741,0.0758787490378741,0.0758787490378741,0.00575758455555267,1.37241903219347,1.57065034697312,1,1.75992430795677,-0.0400756920432328,0.0400756920432328,0.0400756920432328,0.00160606109274403,1.69961600174091,1.86064144901102,1
5,"n1400-b1_2-b2_2p5-b3_2p8",1400,7,47,1,1,0.6931472,0.9162907,1.029619,1.5,1.8,1,1.3,0.0728571428571428,472,224,465,239,FALSE,NA,TRUE,NA,0.621480276625881,-0.0716669233741186,0.0716669233741186,0.0716669233741186,0.00513614790591179,0.419618943702986,0.822970766761663,1,0.814341612351528,-0.101949087648472,0.101949087648472,0.101949087648472,0.0103936164723558,0.639910681037789,0.994713712966645,1,1.19237104134098,0.16275204134098,0.16275204134098,0.16275204134098,0.0264882269606561,0.938796630079752,1.44155625868301,1,1.50761834993331,0.00761834993330623,0.00761834993330623,0.00761834993330623,5.80392557063071e-05,1.48598454002054,1.53987609210021,1,1.82684886974743,0.0268488697474292,0.0268488697474292,0.0268488697474292,0.000720861806714417,1.78783188253504,1.85702284100635,1
5,"n1400-b1_2-b2_2p5-b3_2p8",1400,8,48,1,1,0.6931472,0.9162907,1.029619,1.5,1.8,1,1.3,0.0592857142857143,478,239,467,216,FALSE,NA,TRUE,NA,0.460550292751262,-0.232596907248738,0.232596907248738,0.232596907248738,0.0541013212616779,0.260754011163311,0.65844551010772,0,0.825984695221067,-0.0903060047789335,0.0903060047789335,0.0903060047789335,0.00815517449913275,0.647004016140288,1.00870243391304,1,1.16851226293295,0.13889326293295,0.13889326293295,0.13889326293295,0.0192913384881615,0.924958815929611,1.4190776761395,1,1.51148955001508,0.0114895500150805,0.0114895500150805,0.0114895500150805,0.000132009759549035,1.43872572160418,1.55303940014661,1,1.81762680788531,0.0176268078853112,0.0176268078853112,0.0176268078853112,0.00031070435622567,1.78111825757954,1.87739704016976,1
5,"n1400-b1_2-b2_2p5-b3_2p8",1400,9,49,1,1,0.6931472,0.9162907,1.029619,1.5,1.8,1,1.3,0.075,459,219,483,239,FALSE,NA,TRUE,NA,0.75478947559882,0.0616422755988196,0.0616422755988196,0.0616422755988196,0.00379977014100083,0.550246266901518,0.96023379706036,1,0.913803363206991,-0.00248733679300883,0.00248733679300883,0.00248733679300883,6.18684432185546e-06,0.736191333977277,1.09837276349304,1,1.12780115030525,0.0981821503052545,0.0981821503052545,0.0981821503052545,0.00963973463856358,0.870418864535379,1.38275302883865,1,1.51423153614478,0.0142315361447822,0.0142315361447822,0.0142315361447822,0.000202536621040243,1.46575719895648,1.5863205291806,1,1.81228761737485,0.012287617374855,0.012287617374855,0.012287617374855,0.000150985540750837,1.76260609409108,1.87894185148832,1
5,"n1400-b1_2-b2_2p5-b3_2p8",1400,10,50,1,1,0.6931472,0.9162907,1.029619,1.5,1.8,1,1.3,0.0721428571428572,466,232,463,239,FALSE,NA,TRUE,NA,0.614506505335192,-0.0786406946648075,0.0786406946648075,0.0786406946648075,0.00618435885736348,0.414342499040694,0.813472127667941,1,0.896566707902659,-0.0197239920973405,0.0197239920973405,0.0197239920973405,0.000389035864255952,0.721915748623081,1.07420541146499,1,1.03113827285066,0.00151927285065812,0.00151927285065812,0.00151927285065812,2.30818999474684e-06,0.784822576588928,1.27827363423204,1,1.5237817814217,0.0237817814217016,0.0237817814217016,0.0237817814217016,0.000565573127589592,1.4961121063569,1.57141014190317,1,1.81715388550348,0.0171538855034834,0.0171538855034834,0.0171538855034834,0.000294255787866618,1.78884064817707,1.86539512712587,1
6,"n1400-b1_2-b2_2p5-b3_2p8",1400,1,51,1,1,0.6931472,0.9162907,1.029619,1.5,1.8,1,1.3,0.0807142857142857,439,235,504,222,FALSE,NA,TRUE,NA,0.579299569580246,-0.113847630419754,0.113847630419754,0.113847630419754,0.012961282952193,0.373940585850242,0.780556138177524,1,0.83552562173953,-0.0807650782604703,0.0807650782604703,0.0807650782604703,0.00652299786641989,0.657972332478779,1.0160024299293,1,1.09207092873468,0.062451928734677,0.062451928734677,0.062451928734677,0.00390024340268117,0.84374846438574,1.33875560435471,1,1.53283816332634,0.0328381633263417,0.0328381633263417,0.0328381633263417,0.00107834497064749,1.49815474590649,1.56731204285079,1,1.83974471055717,0.0397447105571689,0.0397447105571689,0.0397447105571689,0.00157964201727313,1.79885644577095,1.89131395586803,1
6,"n1400-b1_2-b2_2p5-b3_2p8",1400,2,52,1,1,0.6931472,0.9162907,1.029619,1.5,1.8,1,1.3,0.0628571428571428,477,242,479,202,FALSE,NA,TRUE,NA,0.75691378556465,0.0637665855646501,0.0637665855646501,0.0637665855646501,0.00406617743457384,0.545104340532165,0.971374907872209,1,0.878573440298863,-0.0377172597011369,0.0377172597011369,0.0377172597011369,0.00142259167936301,0.688588816739431,1.07297662049939,1,0.924873309160512,-0.104745690839488,0.104745690839488,0.104745690839488,0.0109716597494415,0.667076245726564,1.17672607030611,1,1.50906311573879,0.00906311573879215,0.00906311573879215,0.00906311573879215,8.2140066894742e-05,1.46871597869507,1.59461868144087,1,1.80549292193481,0.00549292193480988,0.00549292193480988,0.00549292193480988,3.01721913819155e-05,1.7285255833344,1.88758716299494,1
6,"n1400-b1_2-b2_2p5-b3_2p8",1400,3,53,1,1,0.6931472,0.9162907,1.029619,1.5,1.8,1,1.3,0.0764285714285714,466,231,467,236,FALSE,NA,TRUE,NA,0.737504640675473,0.0443574406754734,0.0443574406754734,0.0443574406754734,0.00196758254327814,0.530262731555113,0.945068418981276,1,0.930602389127823,0.0143116891278234,0.0143116891278234,0.0143116891278234,0.00020482444569146,0.748695848930486,1.1123242545954,1,0.83512550870558,-0.19449349129442,0.19449349129442,0.19449349129442,0.0378277181558928,0.589262311944612,1.08567754017781,1,1.47318803395077,-0.0268119660492345,0.0268119660492345,0.0268119660492345,0.000718881523425305,1.44688525420116,1.52219108533756,1,1.79669998491814,-0.0033000150818594,0.0033000150818594,0.0033000150818594,1.08900995404995e-05,1.75010462348021,1.84136234997557,1
6,"n1400-b1_2-b2_2p5-b3_2p8",1400,4,54,1,1,0.6931472,0.9162907,1.029619,1.5,1.8,1,1.3,0.0642857142857143,458,218,477,247,FALSE,NA,TRUE,NA,0.617476240626964,-0.0756709593730356,0.0756709593730356,0.0756709593730356,0.0057260940924356,0.411489156276845,0.820485247480826,1,0.905661890250557,-0.0106288097494426,0.0106288097494426,0.0106288097494426,0.000112971596689846,0.732531840288371,1.08171063435886,1,1.08722143913985,0.0576024391398458,0.0576024391398458,0.0576024391398458,0.00331804099485963,0.835390407909398,1.33814473622617,1,1.46270457343367,-0.0372954265663261,0.0372954265663261,0.0372954265663261,0.00139094884276422,1.34788432279029,1.60451952495264,1,1.78813703597862,-0.0118629640213812,0.0118629640213812,0.0118629640213812,0.000140729915372585,1.61458265343454,1.87224055452488,1
6,"n1400-b1_2-b2_2p5-b3_2p8",1400,5,55,1,1,0.6931472,0.9162907,1.029619,1.5,1.8,1,1.3,0.0835714285714285,457,216,501,226,FALSE,NA,TRUE,NA,0.702537996948557,0.00939079694855727,0.00939079694855727,0.00939079694855727,8.81870673290325e-05,0.492196062092003,0.914405307791575,1,0.881674735542698,-0.0346159644573023,0.0346159644573023,0.0346159644573023,0.00119826499530922,0.702710384817102,1.06763163487532,1,1.01300861486623,-0.0166103851337658,0.0166103851337658,0.0166103851337658,0.000275904894292027,0.75807310826445,1.26721953769442,1,1.48026575215762,-0.0197342478423792,0.0197342478423792,0.0197342478423792,0.000389440537904448,1.41690698431401,1.56044241510773,1,1.76204458434663,-0.0379554156533735,0.0379554156533735,0.0379554156533735,0.00144061357742035,1.70066773442989,1.81585560036417,1
6,"n1400-b1_2-b2_2p5-b3_2p8",1400,6,56,1,1,0.6931472,0.9162907,1.029619,1.5,1.8,1,1.3,0.0657142857142857,469,247,458,226,FALSE,NA,TRUE,NA,0.632049344549985,-0.0610978554500151,0.0610978554500151,0.0610978554500151,0.00373294794059094,0.432450921876209,0.835386821814244,1,0.714314194592838,-0.201976505407162,0.201976505407162,0.201976505407162,0.0407945087364895,0.537490794179466,0.894904222577145,0,1.16526391514325,0.135644915143251,0.135644915143251,0.135644915143251,0.0183995430042197,0.91654112907101,1.41268327197842,1,1.51857853630568,0.0185785363056812,0.0185785363056812,0.0185785363056812,0.000345162011261514,1.48233649300886,1.56227135343153,1,1.8239163736067,0.0239163736067016,0.0239163736067016,0.0239163736067016,0.000571992926495334,1.78824331393201,1.88571775136289,1
6,"n1400-b1_2-b2_2p5-b3_2p8",1400,7,57,1,1,0.6931472,0.9162907,1.029619,1.5,1.8,1,1.3,0.0771428571428572,471,224,473,232,FALSE,NA,TRUE,NA,0.526303473581707,-0.166843726418293,0.166843726418293,0.166843726418293,0.0278368290451421,0.32151920734394,0.730944062566611,1,0.794423488837591,-0.12186721116241,0.12186721116241,0.12186721116241,0.0148516171565033,0.616913564698379,0.975538637162979,1,1.19173801994344,0.162119019943437,0.162119019943437,0.162119019943437,0.0262825766274207,0.936406271846757,1.44392052022868,1,1.52163002207494,0.0216300220749357,0.0216300220749357,0.0216300220749357,0.000467857854962205,1.48066156497762,1.58652198654184,1,1.81250574853586,0.012505748535858,0.012505748535858,0.012505748535858,0.000156393746442113,1.77497449882054,1.86947413027888,1
6,"n1400-b1_2-b2_2p5-b3_2p8",1400,8,58,1,1,0.6931472,0.9162907,1.029619,1.5,1.8,1,1.3,0.0742857142857143,460,245,454,241,FALSE,NA,TRUE,NA,0.643576195040635,-0.0495710049593646,0.0495710049593646,0.0495710049593646,0.00245728453268135,0.448950529116244,0.84002393857452,1,0.806613347429191,-0.109677352570809,0.109677352570809,0.109677352570809,0.0120291216669416,0.631100689962343,0.986266110976835,1,1.08339148761776,0.0537724876177634,0.0537724876177634,0.0537724876177634,0.00289148042460252,0.838412350921232,1.33080977177189,1,1.48699807030721,-0.0130019296927864,0.0130019296927864,0.0130019296927864,0.000169050175736159,1.44698725037448,1.50806835922173,1,1.79323176214455,-0.00676823785544944,0.00676823785544944,0.00676823785544944,4.58090436679389e-05,1.75303321248684,1.84637832499218,1
6,"n1400-b1_2-b2_2p5-b3_2p8",1400,9,59,1,1,0.6931472,0.9162907,1.029619,1.5,1.8,1,1.3,0.0707142857142857,461,237,465,237,FALSE,NA,TRUE,NA,0.708954220696483,0.0158070206964825,0.0158070206964825,0.0158070206964825,0.000249861903299027,0.511118886009237,0.914342645320556,1,0.957236313512497,0.040945613512497,0.040945613512497,0.040945613512497,0.00167654326591478,0.776012033502347,1.13950633192528,1,0.951500645223338,-0.0781183547766624,0.0781183547766624,0.0781183547766624,0.00610247735301249,0.703334534458498,1.19643768234451,1,1.46998966419062,-0.0300103358093775,0.0300103358093775,0.0300103358093775,0.000900620255391606,1.41670857832811,1.57492257942116,1,1.79243583801766,-0.00756416198233545,0.00756416198233545,0.00756416198233545,5.7216546495009e-05,1.74653739182864,1.86884399933413,1
6,"n1400-b1_2-b2_2p5-b3_2p8",1400,10,60,1,1,0.6931472,0.9162907,1.029619,1.5,1.8,1,1.3,0.0671428571428572,460,254,463,223,FALSE,NA,TRUE,NA,0.5668455839758,-0.1263016160242,0.1263016160242,0.1263016160242,0.0159520982103244,0.366544328488592,0.76802172901787,1,0.927850825646161,0.0115601256461607,0.0115601256461607,0.0115601256461607,0.000133636504955023,0.743541420186343,1.11522785707071,1,1.06061723642983,0.0309982364298336,0.0309982364298336,0.0309982364298336,0.000960890661759861,0.805863056712168,1.30904708642382,1,1.50923006578844,0.00923006578844454,0.00923006578844454,0.00923006578844454,8.51941144590144e-05,1.48081239065124,1.55883651582183,1,1.81706586497003,0.0170658649700253,0.0170658649700253,0.0170658649700253,0.000291243747175136,1.77534315380771,1.89048483633897,1
7,"n1400-b1_2-b2_2p5-b3_2p8",1400,1,61,1,1,0.6931472,0.9162907,1.029619,1.5,1.8,1,1.3,0.0657142857142857,466,218,473,243,FALSE,NA,TRUE,NA,0.742034648117632,0.0488874481176322,0.0488874481176322,0.0488874481176322,0.00238998258345418,0.54223709102233,0.944229674039855,1,0.924851087490339,0.00856038749033894,0.00856038749033894,0.00856038749033894,7.32802339847514e-05,0.750631583082728,1.1060639413534,1,0.985979605154556,-0.0436393948454439,0.0436393948454439,0.0436393948454439,0.00190439678247655,0.737715947504991,1.2333385637031,1,1.50724561728338,0.00724561728337747,0.00724561728337747,0.00724561728337747,5.24989698171783e-05,1.49035696121454,1.54753728650634,1,1.81505324749224,0.0150532474922378,0.0150532474922378,0.0150532474922378,0.000226600260062564,1.78185304087972,1.88467040724087,1
7,"n1400-b1_2-b2_2p5-b3_2p8",1400,2,62,1,1,0.6931472,0.9162907,1.029619,1.5,1.8,1,1.3,0.0764285714285714,434,226,497,243,FALSE,NA,TRUE,NA,0.78770457524822,0.0945573752482203,0.0945573752482203,0.0945573752482203,0.00894109721383274,0.58332260707713,0.991204343619619,1,1.01280795786738,0.0965172578673843,0.0965172578673843,0.0965172578673843,0.00931558106623916,0.836777308014551,1.19130578018973,1,0.915505368438269,-0.114113631561731,0.114113631561731,0.114113631561731,0.0130219209082064,0.661519427952937,1.16709252467895,1,1.51809921426393,0.0180992142639314,0.0180992142639314,0.0180992142639314,0.000327581556971696,1.47048877318956,1.55203477139724,1,1.79691379297388,-0.00308620702612283,0.00308620702612283,0.00308620702612283,9.52467380808995e-06,1.75666998183822,1.83226909712779,1
7,"n1400-b1_2-b2_2p5-b3_2p8",1400,3,63,1,1,0.6931472,0.9162907,1.029619,1.5,1.8,1,1.3,0.0692857142857143,483,247,452,218,FALSE,NA,TRUE,NA,0.645136596577288,-0.0480106034227116,0.0480106034227116,0.0480106034227116,0.00230501804101288,0.440275589759386,0.853295121506344,1,0.830799848390823,-0.085490851609177,0.085490851609177,0.085490851609177,0.00730868570886233,0.644637087894995,1.01951784047989,1,1.09180449486701,0.0621854948670129,0.0621854948670129,0.0621854948670129,0.00386703577185528,0.838276711684668,1.34950227674927,1,1.49913367014152,-0.000866329858479009,0.000866329858479009,0.000866329858479009,7.5052742369226e-07,1.43655514883279,1.53577461451678,1,1.83218743937659,0.0321874393765875,0.0321874393765875,0.0321874393765875,0.0010360312536215,1.77569207528544,1.88467316748694,1
7,"n1400-b1_2-b2_2p5-b3_2p8",1400,4,64,1,1,0.6931472,0.9162907,1.029619,1.5,1.8,1,1.3,0.0614285714285714,446,257,491,206,FALSE,NA,TRUE,NA,0.633309370558204,-0.0598378294417961,0.0598378294417961,0.0598378294417961,0.00358056583230547,0.429883791740064,0.838033745270007,1,0.970361348168477,0.0540706481684773,0.0540706481684773,0.0540706481684773,0.00292363499335926,0.78974454324628,1.15939196892407,1,1.20118008850912,0.171561088509119,0.171561088509119,0.171561088509119,0.0294332070904338,0.946292734962413,1.45374764355839,1,1.50834267005626,0.00834267005625833,0.00834267005625833,0.00834267005625833,6.96001436675893e-05,1.49130250801283,1.54205510541309,1,1.80923066546473,0.00923066546472917,0.00923066546472917,0.00923066546472917,8.52051849217438e-05,1.79116126191089,1.83894967084861,1
7,"n1400-b1_2-b2_2p5-b3_2p8",1400,5,65,1,1,0.6931472,0.9162907,1.029619,1.5,1.8,1,1.3,0.0628571428571428,460,212,490,238,FALSE,NA,TRUE,NA,0.561433266115979,-0.131713933884021,0.131713933884021,0.131713933884021,0.0173485603792043,0.359030063557899,0.762570988352725,1,0.859476324936556,-0.0568143750634438,0.0568143750634438,0.0568143750634438,0.00322787321384966,0.683733015123165,1.03670610317521,1,1.11451465882713,0.0848956588271326,0.0848956588271326,0.0848956588271326,0.00720727288769289,0.864394686573405,1.36505853216527,1,1.50140851173319,0.00140851173319456,0.00140851173319456,0.00140851173319456,1.98390530254675e-06,1.46820942142567,1.54985238496979,1,1.79829927414658,-0.00170072585342362,0.00170072585342362,0.00170072585342362,2.89246842850351e-06,1.77017408728262,1.8395616908947,1
7,"n1400-b1_2-b2_2p5-b3_2p8",1400,6,66,1,1,0.6931472,0.9162907,1.029619,1.5,1.8,1,1.3,0.0649999999999999,466,249,467,218,FALSE,NA,TRUE,NA,0.698738032820439,0.00559083282043937,0.00559083282043937,0.00559083282043937,3.12574116261021e-05,0.493852012960011,0.901767251779745,1,1.04430891680025,0.128018216800253,0.128018216800253,0.128018216800253,0.0163886638327167,0.858289244156295,1.23097347583607,1,0.96563093591225,-0.0639880640877503,0.0639880640877503,0.0639880640877503,0.00409447234569803,0.716699901987567,1.21859882527126,1,1.5001786683205,0.000178668320503617,0.000178668320503617,0.000178668320503617,3.19223687515831e-08,1.47752123290978,1.53343117859876,1,1.76034985531757,-0.0396501446824264,0.0396501446824264,0.0396501446824264,0.00157213397333735,1.72962853946739,1.81345986091417,1
7,"n1400-b1_2-b2_2p5-b3_2p8",1400,7,67,1,1,0.6931472,0.9162907,1.029619,1.5,1.8,1,1.3,0.0635714285714286,458,237,469,236,FALSE,NA,TRUE,NA,0.702996707391599,0.00984950739159873,0.00984950739159873,0.00984950739159873,9.70127958571581e-05,0.501156130686367,0.903615690015496,1,0.895706072747814,-0.020584627252186,0.020584627252186,0.020584627252186,0.000423726879111439,0.722489412998506,1.07181880785465,1,0.963376456841602,-0.0662425431583981,0.0662425431583981,0.0662425431583981,0.00438807452409223,0.71779270536741,1.2132052808651,1,1.53457192683879,0.0345719268387863,0.0345719268387863,0.0345719268387863,0.00119521812534639,1.47506078128006,1.59939186821782,1,1.83919217529309,0.039192175293091,0.039192175293091,0.039192175293091,0.00153602660420438,1.78681943196592,1.94221063499836,1
7,"n1400-b1_2-b2_2p5-b3_2p8",1400,8,68,1,1,0.6931472,0.9162907,1.029619,1.5,1.8,1,1.3,0.0714285714285714,501,221,460,218,FALSE,NA,TRUE,NA,0.848088531426323,0.154941331426323,0.154941331426323,0.154941331426323,0.0240068161841616,0.640369730094085,1.06065456537641,1,0.973347941782568,0.0570572417825677,0.0570572417825677,0.0570572417825677,0.00325552883983438,0.788577089845551,1.16524769333163,1,0.951598523703203,-0.0780204762967972,0.0780204762967972,0.0780204762967972,0.00608719472157909,0.692218071660239,1.20684920628686,1,1.48829063049726,-0.0117093695027417,0.0117093695027417,0.0117093695027417,0.000137109334151738,1.46454298920864,1.51748848744452,1,1.80469959254775,0.00469959254774999,0.00469959254774999,0.00469959254774999,2.20861701148672e-05,1.77916358194515,1.84039761134609,1
7,"n1400-b1_2-b2_2p5-b3_2p8",1400,9,69,1,1,0.6931472,0.9162907,1.029619,1.5,1.8,1,1.3,0.075,465,233,503,199,FALSE,NA,TRUE,NA,0.659592480680291,-0.0335547193197089,0.0335547193197089,0.0335547193197089,0.00112591918862444,0.450452051174328,0.874033991757788,1,0.923360127019051,0.00706942701905133,0.00706942701905133,0.00706942701905133,4.9976798377693e-05,0.736013022669865,1.11453748948397,1,1.07917273647203,0.0495537364720304,0.0495537364720304,0.0495537364720304,0.00245557279833944,0.823808119974023,1.33838961555966,1,1.47841926574647,-0.0215807342535341,0.0215807342535341,0.0215807342535341,0.000465728090921661,1.41188885360551,1.52301935300429,1,1.80782120591024,0.00782120591023916,0.00782120591023916,0.00782120591023916,6.117126189036e-05,1.77168650656471,1.85830055993483,1
7,"n1400-b1_2-b2_2p5-b3_2p8",1400,10,70,1,1,0.6931472,0.9162907,1.029619,1.5,1.8,1,1.3,0.0628571428571428,475,220,489,216,FALSE,NA,TRUE,NA,0.578141051670854,-0.115006148329146,0.115006148329146,0.115006148329146,0.0132264141535054,0.367871638304532,0.786730191584585,1,0.893110288259091,-0.0231804117409095,0.0231804117409095,0.0231804117409095,0.000537331488478093,0.710914537304616,1.07672761865839,1,1.2161169248074,0.186497924807399,0.186497924807399,0.186497924807399,0.0347814759574664,0.966214201436752,1.4711577834104,1,1.4798736670138,-0.0201263329861994,0.0201263329861994,0.0201263329861994,0.000405069279471377,1.44622482641542,1.51557158398582,1,1.76229589054105,-0.0377041094589543,0.0377041094589543,0.0377041094589543,0.00142159987009281,1.71335926275522,1.8205888742771,1
8,"n1400-b1_2-b2_2p5-b3_2p8",1400,1,71,1,1,0.6931472,0.9162907,1.029619,1.5,1.8,1,1.3,0.0692857142857143,512,201,462,225,FALSE,NA,TRUE,NA,0.695441463750625,0.00229426375062491,0.00229426375062491,0.00229426375062491,5.2636461574315e-06,0.48498152704191,0.910447375313662,1,0.946613822018399,0.0303231220183994,0.0303231220183994,0.0303231220183994,0.000919491728942737,0.762310181582462,1.13318260254459,1,0.857406033983429,-0.172212966016571,0.172212966016571,0.172212966016571,0.0296573056642246,0.596928345240487,1.11342271343351,1,1.48609350511531,-0.013906494884687,0.013906494884687,0.013906494884687,0.000193390599977825,1.43454064897593,1.52889702617502,1,1.77897958536562,-0.0210204146343824,0.0210204146343824,0.0210204146343824,0.000441857831401359,1.75240507973769,1.82725334982074,1
8,"n1400-b1_2-b2_2p5-b3_2p8",1400,2,72,1,1,0.6931472,0.9162907,1.029619,1.5,1.8,1,1.3,0.0592857142857143,471,240,458,231,FALSE,NA,TRUE,NA,0.654136035793826,-0.0390111642061741,0.0390111642061741,0.0390111642061741,0.00152187093272108,0.45944411154504,0.854792080113175,1,0.863254925421719,-0.053035774578281,0.053035774578281,0.053035774578281,0.00281279338511824,0.686204607696448,1.04315805829234,1,0.895506784784745,-0.134112215215255,0.134112215215255,0.134112215215255,0.0179860862699429,0.652175904333302,1.13991340573575,1,1.54059599016717,0.0405959901671713,0.0405959901671713,0.0405959901671713,0.00164803441765307,1.48081101599844,1.60288771764093,1,1.86078916521176,0.0607891652117591,0.0607891652117591,0.0607891652117591,0.00369532260714255,1.79681812001882,1.92801795801884,1
8,"n1400-b1_2-b2_2p5-b3_2p8",1400,3,73,1,1,0.6931472,0.9162907,1.029619,1.5,1.8,1,1.3,0.0757142857142857,460,237,465,238,FALSE,NA,TRUE,NA,0.744627949145355,0.0514807491453552,0.0514807491453552,0.0514807491453552,0.00265026753256699,0.545560223661528,0.946008621298,1,0.783281927846741,-0.133008772153259,0.133008772153259,0.133008772153259,0.0176913334697176,0.608717235546648,0.965933124122026,1,1.12704676703303,0.0974277670330264,0.0974277670330264,0.0974277670330264,0.00949216978904166,0.879180454145744,1.37706964567711,1,1.51554580852904,0.0155458085290414,0.0155458085290414,0.0155458085290414,0.000241672162821617,1.45155280772778,1.57044628272055,1,1.83459013617788,0.0345901361778778,0.0345901361778778,0.0345901361778778,0.00119647752080413,1.77262315198742,1.90898394483759,1
8,"n1400-b1_2-b2_2p5-b3_2p8",1400,4,74,1,1,0.6931472,0.9162907,1.029619,1.5,1.8,1,1.3,0.08,460,231,471,238,FALSE,NA,TRUE,NA,0.798242276082017,0.105095076082017,0.105095076082017,0.105095076082017,0.0110449750166849,0.590578148259123,1.00703082457364,1,1.13538918078326,0.219098480783255,0.219098480783255,0.219098480783255,0.0480041442815304,0.950430547565375,1.3249382338583,0,0.919306683195527,-0.110312316804473,0.110312316804473,0.110312316804473,0.0121688072387704,0.66497359960601,1.17273443054359,1,1.5134338074979,0.0134338074979024,0.0134338074979024,0.0134338074979024,0.000180467183890697,1.49423756740054,1.5469414528688,1,1.81417684943782,0.0141768494378234,0.0141768494378234,0.0141768494378234,0.000200983059982713,1.76465612495626,1.84536915981974,1
8,"n1400-b1_2-b2_2p5-b3_2p8",1400,5,75,1,1,0.6931472,0.9162907,1.029619,1.5,1.8,1,1.3,0.0935714285714285,478,220,444,258,FALSE,NA,TRUE,NA,0.927364722578835,0.234217522578835,0.234217522578835,0.234217522578835,0.0548578478829671,0.722024216084425,1.13200772100206,0,1.01652290532831,0.100232205328313,0.100232205328313,0.100232205328313,0.0100464949849771,0.839041838927737,1.1986268972315,1,0.941434785218313,-0.0881842147816868,0.0881842147816868,0.0881842147816868,0.00777645573666267,0.689400652522719,1.19465126094188,1,1.51769674221919,0.0176967422191898,0.0176967422191898,0.0176967422191898,0.000313174685172455,1.49309868612818,1.55267750400798,1,1.82108751312526,0.0210875131252606,0.0210875131252606,0.0210875131252606,0.000444683209808037,1.79165201000803,1.85306053594709,1
8,"n1400-b1_2-b2_2p5-b3_2p8",1400,6,76,1,1,0.6931472,0.9162907,1.029619,1.5,1.8,1,1.3,0.0828571428571429,446,214,474,266,FALSE,NA,TRUE,NA,0.814536634313448,0.121389434313448,0.121389434313448,0.121389434313448,0.0147353947629388,0.615178620213592,1.01245692700357,1,0.98006327125512,0.0637725712551204,0.0637725712551204,0.0637725712551204,0.0040669408444894,0.810222610167376,1.15722740210786,1,0.984393695387499,-0.0452253046125015,0.0452253046125015,0.0452253046125015,0.00204532817729355,0.736208461701155,1.23473468473837,1,1.52759277533861,0.027592775338614,0.027592775338614,0.027592775338614,0.000761361250887227,1.42762858543665,1.62847791437214,1,1.81208936889499,0.0120893688949921,0.0120893688949921,0.0120893688949921,0.000146152840279203,1.75013912214824,1.90653611067194,1
8,"n1400-b1_2-b2_2p5-b3_2p8",1400,7,77,1,1,0.6931472,0.9162907,1.029619,1.5,1.8,1,1.3,0.08,450,229,474,247,FALSE,NA,TRUE,NA,0.526747442314061,-0.166399757685939,0.166399757685939,0.166399757685939,0.0276888793579391,0.323993162116738,0.723352176520945,1,0.88962630319171,-0.0266643968082898,0.0266643968082898,0.0266643968082898,0.000710990057149935,0.711604430885215,1.06938894436262,1,1.15425489525057,0.124635895250574,0.124635895250574,0.124635895250574,0.015534106384912,0.907233544264797,1.40462831479543,1,1.49038438893906,-0.00961561106094377,0.00961561106094377,0.00961561106094377,9.24599760753443e-05,1.45937041970231,1.53642972626252,1,1.75941509154388,-0.0405849084561167,0.0405849084561167,0.0405849084561167,0.00164713479439138,1.69997070836287,1.80943987878976,1
8,"n1400-b1_2-b2_2p5-b3_2p8",1400,8,78,1,1,0.6931472,0.9162907,1.029619,1.5,1.8,1,1.3,0.0728571428571428,457,242,474,227,FALSE,NA,TRUE,NA,0.501701520506415,-0.191445679493585,0.191445679493585,0.191445679493585,0.0366514481967605,0.302588215594709,0.70300709744674,1,0.734877474368736,-0.181413225631264,0.181413225631264,0.181413225631264,0.0329107584339398,0.561390508876096,0.911085223549328,0,1.31671766921722,0.287098669217217,0.287098669217217,0.287098669217217,0.082425645866297,1.06588137263021,1.5684391924742,0,1.51521628847455,0.0152162884745488,0.0152162884745488,0.0152162884745488,0.000231535434940687,1.4929959715658,1.54812046071578,1,1.8130718601269,0.0130718601269013,0.0130718601269013,0.0130718601269013,0.000170873527177272,1.79582133285406,1.84706787493958,1
8,"n1400-b1_2-b2_2p5-b3_2p8",1400,9,79,1,1,0.6931472,0.9162907,1.029619,1.5,1.8,1,1.3,0.0728571428571428,462,242,439,257,FALSE,NA,TRUE,NA,0.788384204474782,0.0952370044747816,0.0952370044747816,0.0952370044747816,0.00907008702132956,0.592715039019913,0.983827390107364,1,0.924533402665477,0.008242702665477,0.008242702665477,0.008242702665477,6.79421472314616e-05,0.750608253290846,1.10246682978177,1,0.814108152300837,-0.215510847699163,0.215510847699163,0.215510847699163,0.0464449254760118,0.572935071491821,1.05737729680745,1,1.51551661135641,0.015516611356412,0.015516611356412,0.015516611356412,0.000240765227985935,1.44091165825253,1.61897692088751,1,1.82165737039544,0.021657370395435,0.021657370395435,0.021657370395435,0.000469041692445066,1.76033362577142,1.91351015678486,1
8,"n1400-b1_2-b2_2p5-b3_2p8",1400,10,80,1,1,0.6931472,0.9162907,1.029619,1.5,1.8,1,1.3,0.0607142857142857,456,244,475,225,FALSE,NA,TRUE,NA,0.686783099749378,-0.00636410025062151,0.00636410025062151,0.00636410025062151,4.05017719999607e-05,0.491208472070764,0.884291427476261,1,0.861209075447125,-0.0550816245528748,0.0550816245528748,0.0550816245528748,0.00303398536338386,0.682945330689419,1.04399157800269,1,1.02866018827351,-0.000958811726494035,0.000958811726494035,0.000958811726494035,9.19319926862473e-07,0.778927615527788,1.27465590106382,1,1.50725123589667,0.00725123589666632,0.00725123589666632,0.00725123589666632,5.25804220291022e-05,1.45653733271733,1.54469173393164,1,1.80520012252403,0.00520012252403079,0.00520012252403079,0.00520012252403079,2.70412742649324e-05,1.66543635922377,1.87165879444998,1
9,"n1400-b1_2-b2_2p5-b3_2p8",1400,1,81,1,1,0.6931472,0.9162907,1.029619,1.5,1.8,1,1.3,0.0757142857142857,459,235,467,239,FALSE,NA,TRUE,NA,0.629344758610416,-0.0638024413895844,0.0638024413895844,0.0638024413895844,0.00407075152727135,0.428987391484973,0.829550722378187,1,0.819950145003866,-0.0963405549961337,0.0963405549961337,0.0963405549961337,0.00928150253696306,0.63996710868969,1.00322085837089,1,1.25189934067387,0.222280340673867,0.222280340673867,0.222280340673867,0.0494085498500902,0.997108949521659,1.512070201062,1,1.51444894316981,0.0144489431698107,0.0144489431698107,0.0144489431698107,0.00020877195872442,1.47812581430635,1.54476969464053,1,1.80003207431199,3.20743119932576e-05,3.20743119932576e-05,3.20743119932576e-05,1.02876148984083e-09,1.77832847779683,1.83294743578398,1
9,"n1400-b1_2-b2_2p5-b3_2p8",1400,2,82,1,1,0.6931472,0.9162907,1.029619,1.5,1.8,1,1.3,0.0692857142857143,474,228,450,248,FALSE,NA,TRUE,NA,0.799182552718899,0.106035352718899,0.106035352718899,0.106035352718899,0.0112434960262212,0.593120476147901,1.00146702645083,1,1.11617783335721,0.199887133357213,0.199887133357213,0.199887133357213,0.0399548660817641,0.933622440457847,1.30308175594234,0,0.739032396448973,-0.290586603551027,0.290586603551027,0.290586603551027,0.0844405741633216,0.488941697258569,0.983256491860465,0,1.50515635991276,0.00515635991275731,0.00515635991275731,0.00515635991275731,2.65880475498906e-05,1.4825104947674,1.53905412459842,1,1.8125894641631,0.0125894641631032,0.0125894641631032,0.0125894641631032,0.000158494607914061,1.78594038735167,1.85909543311246,1
9,"n1400-b1_2-b2_2p5-b3_2p8",1400,3,83,1,1,0.6931472,0.9162907,1.029619,1.5,1.8,1,1.3,0.0757142857142857,446,255,452,247,FALSE,NA,TRUE,NA,0.735190239531693,0.0420430395316927,0.0420430395316927,0.0420430395316927,0.00176761717306348,0.542137535278714,0.929924692348844,1,0.987997484524603,0.071706784524603,0.071706784524603,0.071706784524603,0.00514186294685784,0.810081829318564,1.1681989691596,1,0.917323501102178,-0.112295498897822,0.112295498897822,0.112295498897822,0.0126102790727108,0.672088810986429,1.16418022409833,1,1.52732426687419,0.0273242668741887,0.0273242668741887,0.0273242668741887,0.000746615560211883,1.4930876963812,1.61603620742957,1,1.8125816184357,0.0125816184357002,0.0125816184357002,0.0125816184357002,0.00015829712246155,1.78348871304218,1.8601224162644,1
9,"n1400-b1_2-b2_2p5-b3_2p8",1400,4,84,1,1,0.6931472,0.9162907,1.029619,1.5,1.8,1,1.3,0.0785714285714286,461,212,477,250,FALSE,NA,TRUE,NA,0.671454396572173,-0.0216928034278273,0.0216928034278273,0.0216928034278273,0.000470577720558356,0.461029769148523,0.875067873642844,1,0.911656498742309,-0.00463420125769121,0.00463420125769121,0.00463420125769121,2.14758212967868e-05,0.735043256512682,1.08492140738473,1,0.951548527671008,-0.0780704723289918,0.0780704723289918,0.0780704723289918,0.00609499864967187,0.702949798528213,1.2035195376271,1,1.48250165304922,-0.0174983469507797,0.0174983469507797,0.0174983469507797,0.00030619214600986,1.44530387011281,1.52182263667079,1,1.80248049858702,0.00248049858701771,0.00248049858701771,0.00248049858701771,6.15287324019686e-06,1.75864571218687,1.86207141690319,1
9,"n1400-b1_2-b2_2p5-b3_2p8",1400,5,85,1,1,0.6931472,0.9162907,1.029619,1.5,1.8,1,1.3,0.0657142857142857,451,251,453,245,FALSE,NA,TRUE,NA,0.469240059689877,-0.223907140310123,0.223907140310123,0.223907140310123,0.0501344074818571,0.276531190324276,0.660562847425967,0,0.741379418624638,-0.174911281375362,0.174911281375362,0.174911281375362,0.030593956352371,0.567889294748055,0.913587851607133,0,1.35843024891224,0.328811248912237,0.328811248912237,0.328811248912237,0.108116837411225,1.10732376746464,1.60647513706697,0,1.49117358029382,-0.00882641970618314,0.00882641970618314,0.00882641970618314,7.79056848296981e-05,1.44493343690316,1.59835186068172,1,1.77398433938193,-0.0260156606180664,0.0260156606180664,0.0260156606180664,0.00067681459739441,1.68779365372274,1.83995007627836,1
9,"n1400-b1_2-b2_2p5-b3_2p8",1400,6,86,1,1,0.6931472,0.9162907,1.029619,1.5,1.8,1,1.3,0.0771428571428572,436,239,483,242,FALSE,NA,TRUE,NA,0.638282074156664,-0.054865125843336,0.054865125843336,0.054865125843336,0.0030101820338051,0.438879723176843,0.836251306737055,1,0.809095368307078,-0.107195331692923,0.107195331692923,0.107195331692923,0.0114908391367557,0.635028327219447,0.985724714542982,1,1.04313221606874,0.013513216068739,0.013513216068739,0.013513216068739,0.000182607008520426,0.792549552917848,1.28881740174908,1,1.49438121714051,-0.00561878285949469,0.00561878285949469,0.00561878285949469,3.15707208221513e-05,1.48006209692372,1.51463505034749,1,1.80622910055941,0.00622910055940928,0.00622910055940928,0.00622910055940928,3.88016937792331e-05,1.78002839340947,1.84964803077762,1
9,"n1400-b1_2-b2_2p5-b3_2p8",1400,7,87,1,1,0.6931472,0.9162907,1.029619,1.5,1.8,1,1.3,0.0664285714285714,440,260,475,225,FALSE,NA,TRUE,NA,0.694088460741009,0.00094126074100942,0.00094126074100942,0.00094126074100942,8.85971782565602e-07,0.492127657372958,0.892672941703755,1,0.864229257555022,-0.0520614424449777,0.0520614424449777,0.0520614424449777,0.00271039378945172,0.683495073451076,1.04334680181653,1,1.06225425790205,0.0326352579020472,0.0326352579020472,0.0326352579020472,0.00106506005833314,0.819233233266447,1.3097379252371,1,1.50130667627458,0.00130667627457637,0.00130667627457637,0.00130667627457637,1.70740288654078e-06,1.47716273009875,1.52919706890083,1,1.79267596863402,-0.00732403136598081,0.00732403136598081,0.00732403136598081,5.36414354498707e-05,1.74626598137169,1.86868110076489,1
9,"n1400-b1_2-b2_2p5-b3_2p8",1400,8,88,1,1,0.6931472,0.9162907,1.029619,1.5,1.8,1,1.3,0.0571428571428572,486,241,457,216,FALSE,NA,TRUE,NA,0.659114926955706,-0.0340322730442937,0.0340322730442937,0.0340322730442937,0.00115819560856136,0.455929057810588,0.867386132404874,1,0.964845596053139,0.0485548960531388,0.0485548960531388,0.0485548960531388,0.00235757793073111,0.781105065125739,1.15132519851287,1,1.01138392832154,-0.0182350716784641,0.0182350716784641,0.0182350716784641,0.000332517839118722,0.759002076568674,1.26098631596955,1,1.48401256451342,-0.0159874354865777,0.0159874354865777,0.0159874354865777,0.000255598093437483,1.47085096182849,1.50050010290022,1,1.77837604110277,-0.0216239588972347,0.0216239588972347,0.0216239588972347,0.000467595598389295,1.75456846333793,1.80608248299907,1
9,"n1400-b1_2-b2_2p5-b3_2p8",1400,9,89,1,1,0.6931472,0.9162907,1.029619,1.5,1.8,1,1.3,0.0835714285714285,475,241,451,233,FALSE,NA,TRUE,NA,0.578646912342612,-0.114500287657388,0.114500287657388,0.114500287657388,0.0131103158736247,0.376275182589819,0.784751799376831,1,0.810138804001379,-0.106151895998621,0.106151895998621,0.106151895998621,0.011268225024102,0.624786837759117,0.993647617954848,1,1.22424229802666,0.194623298026656,0.194623298026656,0.194623298026656,0.0378782281347724,0.97412778422799,1.47880598053763,1,1.48920843839472,-0.0107915616052774,0.0107915616052774,0.0107915616052774,0.000116457801880497,1.458381526922,1.52712812042568,1,1.7614251051732,-0.0385748948268019,0.0385748948268019,0.0385748948268019,0.00148802251089883,1.70866463189056,1.82937002623373,1
9,"n1400-b1_2-b2_2p5-b3_2p8",1400,10,90,1,1,0.6931472,0.9162907,1.029619,1.5,1.8,1,1.3,0.07,450,239,468,243,FALSE,NA,TRUE,NA,0.857210165452545,0.164062965452545,0.164062965452545,0.164062965452545,0.026916656633083,0.656375658648091,1.05588281105474,1,0.951223542916202,0.0349328429162018,0.0349328429162018,0.0349328429162018,0.00122030351420803,0.776022232686027,1.1340441288309,1,0.940224715031368,-0.0893942849686323,0.0893942849686323,0.0893942849686323,0.00799133818505304,0.688851735852932,1.19122932156233,1,1.41585922867566,-0.0841407713243427,0.0841407713243427,0.0841407713243427,0.00707966939905533,1.37591801124639,1.5046696468231,1,1.77183558474336,-0.0281644152566438,0.0281644152566438,0.0281644152566438,0.000793234286748671,1.72523827438321,1.82247753293421,1
10,"n1400-b1_2-b2_2p5-b3_2p8",1400,1,91,1,1,0.6931472,0.9162907,1.029619,1.5,1.8,1,1.3,0.0714285714285714,471,271,428,230,FALSE,NA,TRUE,NA,0.739598851262831,0.0464516512628315,0.0464516512628315,0.0464516512628315,0.00215775590504371,0.544749870579301,0.932394269546724,1,0.924357684524278,0.0080669845242779,0.0080669845242779,0.0080669845242779,6.50762393149391e-05,0.742188776461692,1.10983651416265,1,0.962859141884008,-0.0667598581159925,0.0667598581159925,0.0667598581159925,0.00445687865566745,0.718484337512139,1.21063596600725,1,1.53046743363971,0.0304674336397053,0.0304674336397053,0.0304674336397053,0.000928264512589845,1.48606903281919,1.58682696588068,1,1.84294302901022,0.0429430290102188,0.0429430290102188,0.0429430290102188,0.0018441037405725,1.78659699538421,1.90772262437779,1
10,"n1400-b1_2-b2_2p5-b3_2p8",1400,2,92,1,1,0.6931472,0.9162907,1.029619,1.5,1.8,1,1.3,0.0728571428571428,455,230,470,245,FALSE,NA,TRUE,NA,0.779877921278095,0.0867307212780949,0.0867307212780949,0.0867307212780949,0.00752221801341858,0.572631778709654,0.98901869020341,1,0.988396363205398,0.0721056632053984,0.0721056632053984,0.0721056632053984,0.00519922666629034,0.81034839160433,1.17222096813469,1,1.00265410186158,-0.0269648981384207,0.0269648981384207,0.0269648981384207,0.000727105731615406,0.752547712380471,1.25529538631233,1,1.46981111157471,-0.0301888884252874,0.0301888884252874,0.0301888884252874,0.000911368984354454,1.43938338566321,1.53947660606505,1,1.75932492781855,-0.0406750721814546,0.0406750721814546,0.0406750721814546,0.00165446149696654,1.63882441708554,1.85631153039052,1
10,"n1400-b1_2-b2_2p5-b3_2p8",1400,3,93,1,1,0.6931472,0.9162907,1.029619,1.5,1.8,1,1.3,0.0828571428571429,442,223,498,237,FALSE,NA,TRUE,NA,0.799766623699051,0.106619423699051,0.106619423699051,0.106619423699051,0.0113677015099178,0.58866244291344,1.01094651021493,1,0.999977125548695,0.0836864255486948,0.0836864255486948,0.0836864255486948,0.00700341782111723,0.817265210606085,1.1856449716028,1,0.992034615221623,-0.0375843847783774,0.0375843847783774,0.0375843847783774,0.00141258597916913,0.733043235707953,1.25010888478212,1,1.46515678978616,-0.0348432102138445,0.0348432102138445,0.0348432102138445,0.00121404929800616,1.4310711997155,1.50365688428513,1,1.77671036780806,-0.0232896321919351,0.0232896321919351,0.0232896321919351,0.000542406967635622,1.74607100055286,1.81264955504057,1
10,"n1400-b1_2-b2_2p5-b3_2p8",1400,4,94,1,1,0.6931472,0.9162907,1.029619,1.5,1.8,1,1.3,0.07,416,256,496,232,FALSE,NA,TRUE,NA,0.767836934244885,0.0746897342448849,0.0746897342448849,0.0746897342448849,0.00557855640157153,0.567413972688509,0.970088827526,1,0.919779730507736,0.00348903050773586,0.00348903050773586,0.00348903050773586,1.21733338839115e-05,0.741599508951125,1.10185039003147,1,0.960947781553142,-0.0686712184468578,0.0686712184468578,0.0686712184468578,0.00471573624297606,0.710039097336423,1.20849965456741,1,1.54973651777438,0.0497365177743843,0.0497365177743843,0.0497365177743843,0.00247372120032164,1.50254817014323,1.65469612652566,0,1.84023616744731,0.0402361674473113,0.0402361674473113,0.0402361674473113,0.00161894917084807,1.79787433766475,1.91989085894807,1
10,"n1400-b1_2-b2_2p5-b3_2p8",1400,5,95,1,1,0.6931472,0.9162907,1.029619,1.5,1.8,1,1.3,0.0657142857142857,477,235,481,207,FALSE,NA,TRUE,NA,0.597878097689236,-0.0952691023107644,0.0952691023107644,0.0952691023107644,0.00907620185509889,0.388275631191776,0.806734933657473,1,0.804424481065439,-0.111866218934561,0.111866218934561,0.111866218934561,0.012514050938715,0.619898528030413,0.99185718327978,1,1.10986913814693,0.0802501381469258,0.0802501381469258,0.0802501381469258,0.00644008467260068,0.85661513950837,1.36147502505219,1,1.50000815262293,8.15262293052399e-06,8.15262293052399e-06,8.15262293052399e-06,6.64652606473056e-11,1.47729472915385,1.52336099576197,1,1.7896105202416,-0.0103894797584034,0.0103894797584034,0.0103894797584034,0.000107941289650275,1.73562785599944,1.8225502304011,1
10,"n1400-b1_2-b2_2p5-b3_2p8",1400,6,96,1,1,0.6931472,0.9162907,1.029619,1.5,1.8,1,1.3,0.0671428571428572,448,250,450,252,FALSE,NA,TRUE,NA,0.561144814134306,-0.132002385865694,0.132002385865694,0.132002385865694,0.0174246298742357,0.368647043504104,0.755464676834374,1,0.934987215493332,0.0186965154933318,0.0186965154933318,0.0186965154933318,0.000349559691592398,0.759235437821585,1.11275153478917,1,1.00926926822471,-0.0203497317752896,0.0203497317752896,0.0203497317752896,0.000414111583326233,0.762557702546693,1.24807479992037,1,1.49927843614863,-0.000721563851372453,0.000721563851372453,0.000721563851372453,5.20654391607448e-07,1.48805580230037,1.52010080179246,1,1.81418562170207,0.0141856217020744,0.0141856217020744,0.0141856217020744,0.000201231863074364,1.78770935587252,1.83810269046361,1
10,"n1400-b1_2-b2_2p5-b3_2p8",1400,7,97,1,1,0.6931472,0.9162907,1.029619,1.5,1.8,1,1.3,0.0657142857142857,453,214,474,259,FALSE,NA,TRUE,NA,0.662945192673627,-0.0302020073263728,0.0302020073263728,0.0302020073263728,0.000912161246542276,0.45960766808881,0.864299527247412,1,0.867721646448401,-0.0485690535515986,0.0485690535515986,0.0485690535515986,0.00235895296289805,0.697344672062573,1.04001308131675,1,1.11905370406123,0.0894347040612293,0.0894347040612293,0.0894347040612293,0.00799856629051967,0.864137921491204,1.36655996444069,1,1.48590116477777,-0.0140988352222278,0.0140988352222278,0.0140988352222278,0.00019877715462353,1.43739638337754,1.56825185696862,1,1.75912530825436,-0.040874691745638,0.040874691745638,0.040874691745638,0.00167074042530092,1.71815019101303,1.82183888147913,1
10,"n1400-b1_2-b2_2p5-b3_2p8",1400,8,98,1,1,0.6931472,0.9162907,1.029619,1.5,1.8,1,1.3,0.07,438,205,491,266,FALSE,NA,TRUE,NA,0.578082956683402,-0.115064243316598,0.115064243316598,0.115064243316598,0.0132397800900214,0.375056432767426,0.778432092661689,1,0.887197278757323,-0.0290934212426773,0.0290934212426773,0.0290934212426773,0.000846427159603869,0.71924463565285,1.05750103271371,1,1.03491458677402,0.0052955867740212,0.0052955867740212,0.0052955867740212,2.80432392811883e-05,0.788150260655283,1.28313369286982,1,1.50586056627216,0.00586056627215781,0.00586056627215781,0.00586056627215781,3.43462370303537e-05,1.47968280481083,1.55289839590646,1,1.77133604472493,-0.0286639552750714,0.0286639552750714,0.0286639552750714,0.000821622332011292,1.72667768158153,1.82608662699567,1
10,"n1400-b1_2-b2_2p5-b3_2p8",1400,9,99,1,1,0.6931472,0.9162907,1.029619,1.5,1.8,1,1.3,0.0735714285714286,463,234,455,248,FALSE,NA,TRUE,NA,0.673099634519617,-0.0200475654803834,0.0200475654803834,0.0200475654803834,0.000401904881690262,0.47760601255073,0.871273672368873,1,0.79450120982391,-0.12178949017609,0.12178949017609,0.12178949017609,0.014832679917352,0.621067216081388,0.973521267317229,1,1.16498054448657,0.135361544486568,0.135361544486568,0.135361544486568,0.0183227477257892,0.916515293020579,1.41427167388294,1,1.49293038547081,-0.0070696145291913,0.0070696145291913,0.0070696145291913,4.99794495913528e-05,1.46118409936896,1.52573070659231,1,1.77580747333799,-0.0241925266620084,0.0241925266620084,0.0241925266620084,0.000585278346291989,1.75069350678325,1.80185690543507,1
10,"n1400-b1_2-b2_2p5-b3_2p8",1400,10,100,1,1,0.6931472,0.9162907,1.029619,1.5,1.8,1,1.3,0.0649999999999999,486,226,458,230,FALSE,NA,TRUE,NA,0.502209344670822,-0.190937855329178,0.190937855329178,0.190937855329178,0.036457264597706,0.304868643124173,0.705400422873836,1,0.765150924106782,-0.151139775893218,0.151139775893218,0.151139775893218,0.0228432318570521,0.592022058706393,0.941250393042938,1,1.2591837054951,0.229564705495095,0.229564705495095,0.229564705495095,0.0526999540090499,1.00987660642338,1.50843494271386,1,1.4775843173955,-0.0224156826045039,0.0224156826045039,0.0224156826045039,0.000502462826625858,1.44887830968131,1.51059685019777,1,1.76919677380395,-0.0308032261960527,0.0308032261960527,0.0308032261960527,0.000948838744085187,1.72325567177061,1.81403799655929,1
11,"n1400-b1_2-b2_2p5-b3_2p8",1400,1,101,1,1,0.6931472,0.9162907,1.029619,1.5,1.8,1,1.3,0.0714285714285714,466,214,476,244,FALSE,NA,TRUE,NA,0.648767598417691,-0.0443796015823089,0.0443796015823089,0.0443796015823089,0.00196954903660448,0.448847608844346,0.848845576567819,1,0.876600318831319,-0.0396903811686813,0.0396903811686813,0.0396903811686813,0.00157532635731521,0.701959053418965,1.05097555385251,1,1.22840211893046,0.198783118930462,0.198783118930462,0.198783118930462,0.0395147283717221,0.979440791598421,1.48067625591161,1,1.50496379808057,0.00496379808057323,0.00496379808057323,0.00496379808057323,2.46392913847025e-05,1.43374943591678,1.54879270417891,1,1.81841616108889,0.0184161610888947,0.0184161610888947,0.0184161610888947,0.000339154989252118,1.77735785971501,1.88321726848052,1
11,"n1400-b1_2-b2_2p5-b3_2p8",1400,2,102,1,1,0.6931472,0.9162907,1.029619,1.5,1.8,1,1.3,0.0785714285714286,451,221,473,255,FALSE,NA,TRUE,NA,0.721635564133716,0.0284883641337164,0.0284883641337164,0.0284883641337164,0.000811586891015217,0.520544532293022,0.922527401406438,1,1.03675575355359,0.120465053553592,0.120465053553592,0.120465053553592,0.0145118291276699,0.863129144718955,1.21416121963211,1,1.15240073647328,0.122781736473278,0.122781736473278,0.122781736473278,0.0150753548113936,0.900801100591376,1.40347334106546,1,1.51914976466121,0.019149764661214,0.019149764661214,0.019149764661214,0.00036671348657988,1.50119940554261,1.55729032207835,0,1.81758691526381,0.017586915263808,0.017586915263808,0.017586915263808,0.000309299588496361,1.79892609664255,1.85147477270121,1
11,"n1400-b1_2-b2_2p5-b3_2p8",1400,3,103,1,1,0.6931472,0.9162907,1.029619,1.5,1.8,1,1.3,0.0621428571428572,465,251,459,225,FALSE,NA,TRUE,NA,0.773520532469706,0.0803733324697061,0.0803733324697061,0.0803733324697061,0.00645987257228592,0.573394486320725,0.975483474999236,1,0.843523626262777,-0.0727670737372227,0.0727670737372227,0.0727670737372227,0.0052950470202784,0.666235807924055,1.02184797281455,1,1.09428188139917,0.0646628813991725,0.0646628813991725,0.0646628813991725,0.00418128823084345,0.845144460053092,1.34134482860985,1,1.52582112502653,0.0258211250265321,0.0258211250265321,0.0258211250265321,0.000666730497635803,1.48284966774892,1.61364585869902,1,1.80075264601432,0.000752646014321234,0.000752646014321234,0.000752646014321234,5.6647602287364e-07,1.75026429764203,1.90073378670786,1
11,"n1400-b1_2-b2_2p5-b3_2p8",1400,4,104,1,1,0.6931472,0.9162907,1.029619,1.5,1.8,1,1.3,0.0764285714285714,446,222,507,225,FALSE,NA,TRUE,NA,0.641769125826617,-0.0513780741733825,0.0513780741733825,0.0513780741733825,0.00263970650576559,0.434229147080088,0.848557674517118,1,0.811988287460627,-0.104302412539373,0.104302412539373,0.104302412539373,0.0108789932615336,0.63193017982789,0.995088155760277,1,1.09150315624584,0.0618841562458379,0.0618841562458379,0.0618841562458379,0.00382964879425927,0.839027001633862,1.34211411718948,1,1.49535537191588,-0.00464462808412192,0.00464462808412192,0.00464462808412192,2.1572570039814e-05,1.48085540656447,1.52086708508622,1,1.80294912719922,0.00294912719922258,0.00294912719922258,0.00294912719922258,8.69735123719441e-06,1.7827633177995,1.84815218245663,1
11,"n1400-b1_2-b2_2p5-b3_2p8",1400,5,105,1,1,0.6931472,0.9162907,1.029619,1.5,1.8,1,1.3,0.0792857142857143,449,252,473,226,FALSE,NA,TRUE,NA,0.716035698963994,0.0228884989639944,0.0228884989639944,0.0228884989639944,0.000523883384824771,0.516895738723094,0.91989022700109,1,0.838574033697001,-0.0777166663029992,0.0777166663029992,0.0777166663029992,0.00603988022125174,0.656366463472462,1.02557043614501,1,0.959810961595523,-0.069808038404477,0.069808038404477,0.069808038404477,0.00487316222588094,0.70659551689082,1.20669847357311,1,1.52693464896156,0.0269346489615565,0.0269346489615565,0.0269346489615565,0.000725475314682277,1.49087286322065,1.6071338368028,1,1.81012479009898,0.0101247900989836,0.0101247900989836,0.0101247900989836,0.000102511374548476,1.71800381613859,1.87846015011451,1
11,"n1400-b1_2-b2_2p5-b3_2p8",1400,6,106,1,1,0.6931472,0.9162907,1.029619,1.5,1.8,1,1.3,0.0721428571428572,487,232,470,211,FALSE,NA,TRUE,NA,0.618282764591546,-0.0748644354084539,0.0748644354084539,0.0748644354084539,0.00560468368902656,0.41115695042556,0.827104827084127,1,0.924623984932754,0.0083332849327542,0.0083332849327542,0.0083332849327542,6.94436377704682e-05,0.740929694392095,1.11215385952756,1,1.19496521028862,0.165346210288618,0.165346210288618,0.165346210288618,0.0273393692568078,0.944862696289022,1.44898191194532,1,1.52028592488247,0.0202859248824678,0.0202859248824678,0.0202859248824678,0.000411518748337127,1.46830164115681,1.55930783574399,1,1.82374176510165,0.0237417651016472,0.0237417651016472,0.0237417651016472,0.000563671410141791,1.79351056719112,1.85101962046729,1
11,"n1400-b1_2-b2_2p5-b3_2p8",1400,7,107,1,1,0.6931472,0.9162907,1.029619,1.5,1.8,1,1.3,0.0721428571428572,444,240,468,248,FALSE,NA,TRUE,NA,0.816258854578995,0.123111654578995,0.123111654578995,0.123111654578995,0.0151564794931777,0.619957162905084,1.01469789489544,1,0.847998235191078,-0.0682924648089224,0.0682924648089224,0.0682924648089224,0.0046638607496779,0.673825818729481,1.02296948774506,1,0.995169213884276,-0.0344497861157238,0.0344497861157238,0.0344497861157238,0.00118678776341912,0.749459315557844,1.23870583735993,1,1.5052282213247,0.00522822132470147,0.00522822132470147,0.00522822132470147,2.73342982200631e-05,1.46659907518325,1.57173305138185,1,1.78908558726541,-0.010914412734593,0.010914412734593,0.010914412734593,0.000119124405341047,1.74612332747524,1.83128052983135,1
11,"n1400-b1_2-b2_2p5-b3_2p8",1400,8,108,1,1,0.6931472,0.9162907,1.029619,1.5,1.8,1,1.3,0.0707142857142857,467,231,474,228,FALSE,NA,TRUE,NA,0.654818674377589,-0.0383285256224108,0.0383285256224108,0.0383285256224108,0.0014690758763878,0.451920435292595,0.864073102127318,1,0.893354366638414,-0.022936333361586,0.022936333361586,0.022936333361586,0.000526075388073801,0.712059706702351,1.07976021014513,1,1.07022010004606,0.0406011000460615,0.0406011000460615,0.0406011000460615,0.0016484493249503,0.817190873843519,1.32268013896744,1,1.51855138410368,0.0185513841036795,0.0185513841036795,0.0185513841036795,0.000344153852162253,1.49842059295805,1.59571565512502,1,1.80769013032137,0.00769013032137456,0.00769013032137456,0.00769013032137456,5.91381043597243e-05,1.78054727888631,1.88562569990353,1
11,"n1400-b1_2-b2_2p5-b3_2p8",1400,9,109,1,1,0.6931472,0.9162907,1.029619,1.5,1.8,1,1.3,0.08,428,229,499,244,FALSE,NA,TRUE,NA,0.697340072579853,0.00419287257985312,0.00419287257985312,0.00419287257985312,1.75801804708842e-05,0.497235698150103,0.899545274171725,1,0.857148166467327,-0.0591425335326732,0.0591425335326732,0.0591425335326732,0.00349783927266337,0.684198147727631,1.03354221074612,1,1.05065048700361,0.0210314870036068,0.0210314870036068,0.0210314870036068,0.000442323445582882,0.80440367067101,1.30366239494651,1,1.55577184824942,0.0557718482494234,0.0557718482494234,0.0557718482494234,0.00311049905715671,1.48659851110683,1.64491082676933,1,1.89654340537678,0.0965434053767762,0.0965434053767762,0.0965434053767762,0.00932062912174454,1.79416254410085,2.06027397815284,1
11,"n1400-b1_2-b2_2p5-b3_2p8",1400,10,110,1,1,0.6931472,0.9162907,1.029619,1.5,1.8,1,1.3,0.0678571428571428,463,238,457,242,FALSE,NA,TRUE,NA,0.572890309224221,-0.120256890775779,0.120256890775779,0.120256890775779,0.0144617197790577,0.37167875568539,0.774389842254385,1,0.846733568466878,-0.0695571315331224,0.0695571315331224,0.0695571315331224,0.00483819454711609,0.668289516148999,1.02204207866859,1,1.09526315971312,0.0656441597131234,0.0656441597131234,0.0656441597131234,0.00430915570444206,0.849229227370865,1.34185345040367,1,1.47540305536228,-0.024596944637723,0.024596944637723,0.024596944637723,0.00060500968551121,1.45687576381182,1.50908008978577,1,1.73598214648202,-0.0640178535179836,0.0640178535179836,0.0640178535179836,0.00409828556905001,1.69918863302504,1.81828640528947,1
12,"n1400-b1_2-b2_2p5-b3_2p8",1400,1,111,1,1,0.6931472,0.9162907,1.029619,1.5,1.8,1,1.3,0.0678571428571428,439,254,489,218,FALSE,NA,TRUE,NA,0.509927864297252,-0.183219335702748,0.183219335702748,0.183219335702748,0.0335693249753564,0.306766640221742,0.713101613513405,1,0.894055429410229,-0.0222352705897712,0.0222352705897712,0.0222352705897712,0.000494407258200342,0.71298154199156,1.08013199375565,1,1.10864207300521,0.0790230730052091,0.0790230730052091,0.0790230730052091,0.0062446460671866,0.858666586037057,1.35743344674854,1,1.47882817523893,-0.0211718247610722,0.0211718247610722,0.0211718247610722,0.000448246163713548,1.4616507406386,1.49930692383451,0,1.79807763616881,-0.00192236383118605,0.00192236383118605,0.00192236383118605,3.6954826994523e-06,1.77993786882205,1.83142681595229,1
12,"n1400-b1_2-b2_2p5-b3_2p8",1400,2,112,1,1,0.6931472,0.9162907,1.029619,1.5,1.8,1,1.3,0.0735714285714286,465,246,462,227,FALSE,NA,TRUE,NA,0.651733840042005,-0.0414133599579947,0.0414133599579947,0.0414133599579947,0.00171506638301044,0.453111149255202,0.856224176033035,1,0.880085816051479,-0.0362048839485209,0.0362048839485209,0.0362048839485209,0.00131079362172587,0.698184506222441,1.06471507898452,1,1.06935182635123,0.0397328263512338,0.0397328263512338,0.0397328263512338,0.0015786974898573,0.815735399686375,1.31657537321605,1,1.49310140627068,-0.00689859372932466,0.00689859372932466,0.00689859372932466,4.75905954422776e-05,1.45201709580959,1.54167388480947,1,1.84241556431686,0.042415564316862,0.042415564316862,0.042415564316862,0.00179908009631786,1.78262501315034,1.8968068099397,1
12,"n1400-b1_2-b2_2p5-b3_2p8",1400,3,113,1,1,0.6931472,0.9162907,1.029619,1.5,1.8,1,1.3,0.0764285714285714,463,245,449,243,FALSE,NA,TRUE,NA,0.806793842722881,0.113646642722881,0.113646642722881,0.113646642722881,0.0129155594021823,0.607508765770948,1.00523534196892,1,0.975402006638694,0.0591113066386938,0.0591113066386938,0.0591113066386938,0.00349414657253369,0.794663781966216,1.15638084313613,1,0.859470233646542,-0.170148766353458,0.170148766353458,0.170148766353458,0.0289506026916037,0.612443645590724,1.10791329636533,1,1.58142255654304,0.0814225565430375,0.0814225565430375,0.0814225565430375,0.00662963271400414,1.47432143528714,1.6803417321367,1,1.86722694689698,0.0672269468969815,0.0672269468969815,0.0672269468969815,0.00451946238908957,1.79716705615175,1.92981111772766,1
12,"n1400-b1_2-b2_2p5-b3_2p8",1400,4,114,1,1,0.6931472,0.9162907,1.029619,1.5,1.8,1,1.3,0.0707142857142857,457,222,441,280,FALSE,NA,TRUE,NA,0.783231521918751,0.090084321918751,0.090084321918751,0.090084321918751,0.00811518505556117,0.59229795521188,0.982337440808048,1,0.825148675189951,-0.0911420248100493,0.0911420248100493,0.0911420248100493,0.00830686868647564,0.658193571388314,0.997966486451102,1,0.929146962659863,-0.100472037340137,0.100472037340137,0.100472037340137,0.0100946302872779,0.682360345935657,1.17325692122463,1,1.51871555810974,0.0187155581097367,0.0187155581097367,0.0187155581097367,0.000350272115358931,1.49112290642614,1.57370644774018,1,1.81524071283988,0.015240712839883,0.015240712839883,0.015240712839883,0.000232279327867776,1.7783426211894,1.90558070466674,1
12,"n1400-b1_2-b2_2p5-b3_2p8",1400,5,115,1,1,0.6931472,0.9162907,1.029619,1.5,1.8,1,1.3,0.0807142857142857,460,250,452,238,FALSE,NA,TRUE,NA,0.620867007081889,-0.0722801929181107,0.0722801929181107,0.0722801929181107,0.0052244262882793,0.423416331175159,0.818736784944803,1,0.834650753014799,-0.0816399469852009,0.0816399469852009,0.0816399469852009,0.00666508094374642,0.656077699259139,1.01430297959408,1,1.18694081998107,0.157321819981075,0.157321819981075,0.157321819981075,0.0247501550421577,0.938886489973595,1.43710919716149,1,1.48859082982584,-0.0114091701741583,0.0114091701741583,0.0114091701741583,0.000130169164062904,1.46801286146156,1.51603128502235,1,1.80428186776365,0.00428186776364869,0.00428186776364869,0.00428186776364869,1.83343915453739e-05,1.76781037326026,1.89665552471218,1
12,"n1400-b1_2-b2_2p5-b3_2p8",1400,6,116,1,1,0.6931472,0.9162907,1.029619,1.5,1.8,1,1.3,0.0735714285714286,460,238,483,219,FALSE,NA,TRUE,NA,0.542791349108038,-0.150355850891962,0.150355850891962,0.150355850891962,0.0226068818974458,0.338365665780844,0.748651712410215,1,0.818689710108313,-0.0976009898916871,0.0976009898916871,0.0976009898916871,0.0095259532278372,0.638058529036004,1.00152697521939,1,1.06639491867806,0.0367759186780579,0.0367759186780579,0.0367759186780579,0.00135246819461512,0.813561546227386,1.31716851588088,1,1.51890955529599,0.0189095552959868,0.0189095552959868,0.0189095552959868,0.000357571281491983,1.49806639988527,1.56091847039825,1,1.8034662029102,0.00346620291020061,0.00346620291020061,0.00346620291020061,1.20145626146832e-05,1.78833811366443,1.84777914571851,1
12,"n1400-b1_2-b2_2p5-b3_2p8",1400,7,117,1,1,0.6931472,0.9162907,1.029619,1.5,1.8,1,1.3,0.0685714285714286,471,230,494,205,FALSE,NA,TRUE,NA,0.704070481013586,0.0109232810135864,0.0109232810135864,0.0109232810135864,0.000119318068101777,0.489801733502708,0.917006293649529,1,1.0737022077745,0.157411507774499,0.157411507774499,0.157411507774499,0.0247783827798412,0.886255069246542,1.26556680520059,1,0.905331801927744,-0.124287198072256,0.124287198072256,0.124287198072256,0.0154473076046522,0.651323644737075,1.16316205615066,1,1.49060143471133,-0.00939856528866967,0.00939856528866967,0.00939856528866967,8.83330294853864e-05,1.46874397019903,1.53968226194354,1,1.78728137017455,-0.0127186298254482,0.0127186298254482,0.0127186298254482,0.000161763544636782,1.75561391761556,1.83522178501206,1
12,"n1400-b1_2-b2_2p5-b3_2p8",1400,8,118,1,1,0.6931472,0.9162907,1.029619,1.5,1.8,1,1.3,0.0692857142857143,456,222,476,246,FALSE,NA,TRUE,NA,0.638212232197361,-0.0549349678026388,0.0549349678026388,0.0549349678026388,0.00301785068747697,0.435637593528892,0.841793034591155,1,0.861749873698472,-0.0545408263015285,0.0545408263015285,0.0545408263015285,0.0029747017336535,0.688766713918926,1.03748994904001,1,1.0963429873848,0.0667239873848025,0.0667239873848025,0.0667239873848025,0.00445209049252728,0.847627220484556,1.34526136522848,1,1.50300700292585,0.0030070029258531,0.0030070029258531,0.0030070029258531,9.04206659608909e-06,1.42993583841831,1.59247124394114,1,1.79012966136958,-0.00987033863041731,0.00987033863041731,0.00987033863041731,9.74235846791082e-05,1.74006979409294,1.88682046541318,1
12,"n1400-b1_2-b2_2p5-b3_2p8",1400,9,119,1,1,0.6931472,0.9162907,1.029619,1.5,1.8,1,1.3,0.0757142857142857,438,228,481,253,FALSE,NA,TRUE,NA,0.704273826747347,0.0111266267473467,0.0111266267473467,0.0111266267473467,0.00012380182277477,0.508047007263249,0.902710994418214,1,0.830707259162983,-0.0855834408370169,0.0855834408370169,0.0855834408370169,0.00732452534550316,0.65763490758885,1.0057080109852,1,1.01721552681211,-0.0124034731878866,0.0124034731878866,0.0124034731878866,0.000153846147122622,0.769043559305873,1.26533649891807,1,1.51193714931,0.0119371493100044,0.0119371493100044,0.0119371493100044,0.00014249553364934,1.48420146191384,1.5544063789419,1,1.78036047346627,-0.0196395265337255,0.0196395265337255,0.0196395265337255,0.000385711002468907,1.75223152403503,1.81545536056674,1
12,"n1400-b1_2-b2_2p5-b3_2p8",1400,10,120,1,1,0.6931472,0.9162907,1.029619,1.5,1.8,1,1.3,0.0721428571428572,456,225,480,239,FALSE,NA,TRUE,NA,0.928513695572238,0.235366495572238,0.235366495572238,0.235366495572238,0.0553973872379564,0.717121553287969,1.14078820383295,0,1.15294716143803,0.236656461438032,0.236656461438032,0.236656461438032,0.0560062807403709,0.965593006060231,1.34591460465169,0,0.768614273462999,-0.261004726537001,0.261004726537001,0.261004726537001,0.0681234672746545,0.514023017069745,1.02256500707088,0,1.50341797770336,0.00341797770335761,0.00341797770335761,0.00341797770335761,1.16825715806498e-05,1.48251142126998,1.55733521282432,1,1.80971809132324,0.00971809132324464,0.00971809132324464,0.00971809132324464,9.44412989669227e-05,1.78682574146881,1.83795988399784,1
13,"n1400-b1_2-b2_2p5-b3_2p8",1400,1,121,1,1,0.6931472,0.9162907,1.029619,1.5,1.8,1,1.3,0.0792857142857143,475,223,477,225,FALSE,NA,TRUE,NA,0.569834256292591,-0.123312943707409,0.123312943707409,0.123312943707409,0.0152060820857867,0.361202382911922,0.774146136373883,1,0.859120805501988,-0.057169894498012,0.057169894498012,0.057169894498012,0.00326839683691382,0.677429350724549,1.04199775296407,1,1.16648444798876,0.136865447988765,0.136865447988765,0.136865447988765,0.0187321508531653,0.912883048258066,1.42211156386438,1,1.50815816905436,0.00815816905435862,0.00815816905435862,0.00815816905435862,6.65557223194947e-05,1.49529087756271,1.54486547596783,1,1.80656801128039,0.00656801128038698,0.00656801128038698,0.00656801128038698,4.31387721792906e-05,1.79279634822678,1.84179482234466,1
13,"n1400-b1_2-b2_2p5-b3_2p8",1400,2,122,1,1,0.6931472,0.9162907,1.029619,1.5,1.8,1,1.3,0.0735714285714286,433,250,485,232,FALSE,NA,TRUE,NA,0.710700858482419,0.0175536584824189,0.0175536584824189,0.0175536584824189,0.000308130926117395,0.512090491433823,0.913772207420849,1,0.952434891375473,0.0361441913754725,0.0361441913754725,0.0361441913754725,0.00130640257018678,0.76856278152524,1.1420896731352,1,0.903469830305581,-0.126149169694419,0.126149169694419,0.126149169694419,0.0159136130145914,0.65000490440832,1.1588174326886,1,1.50346003053282,0.00346003053282362,0.00346003053282362,0.00346003053282362,1.19718112880717e-05,1.44253941761158,1.59817920232891,1,1.78753950571667,-0.012460494283326,0.012460494283326,0.012460494283326,0.000155263917784799,1.7132539350552,1.86242315925503,1
13,"n1400-b1_2-b2_2p5-b3_2p8",1400,3,123,1,1,0.6931472,0.9162907,1.029619,1.5,1.8,1,1.3,0.0742857142857143,498,221,445,236,FALSE,NA,TRUE,NA,0.444653389539317,-0.248493810460683,0.248493810460683,0.248493810460683,0.0617491738372699,0.240143987247134,0.648381753413254,0,0.758865358384627,-0.157425341615373,0.157425341615373,0.157425341615373,0.0247827381827168,0.585018917666222,0.938479016619097,1,1.19732969782266,0.167710697822657,0.167710697822657,0.167710697822657,0.0281268781641627,0.946526925872009,1.44273785203441,1,1.50143803654119,0.00143803654119101,0.00143803654119101,0.00143803654119101,2.06794909380061e-06,1.47285801654785,1.53989214949638,1,1.81943262775078,0.0194326277507795,0.0194326277507795,0.0194326277507795,0.000377627021300365,1.78878728866406,1.90740103550033,1
13,"n1400-b1_2-b2_2p5-b3_2p8",1400,4,124,1,1,0.6931472,0.9162907,1.029619,1.5,1.8,1,1.3,0.0871428571428572,439,256,481,224,FALSE,NA,TRUE,NA,0.970720580677401,0.277573380677401,0.277573380677401,0.277573380677401,0.0770469816606814,0.762823099261819,1.17742781345048,0,1.1172031830703,0.200912483070305,0.200912483070305,0.200912483070305,0.0403658258534754,0.924266380038896,1.31342975401058,0,0.779805611065905,-0.249813388934095,0.249813388934095,0.249813388934095,0.0624067292907375,0.525043919887544,1.03392664982523,1,1.51853638839544,0.0185363883954393,0.0185363883954393,0.0185363883954393,0.000343597694746575,1.48922545137877,1.55609330978184,1,1.79380497528214,-0.00619502471785638,0.00619502471785638,0.00619502471785638,3.83783312548515e-05,1.76880434076803,1.82600839686612,1
13,"n1400-b1_2-b2_2p5-b3_2p8",1400,5,125,1,1,0.6931472,0.9162907,1.029619,1.5,1.8,1,1.3,0.0714285714285714,461,217,469,253,FALSE,NA,TRUE,NA,0.773948327756892,0.0808011277568919,0.0808011277568919,0.0808011277568919,0.00652882224678556,0.57643578127393,0.971778008873866,1,0.976542235307373,0.0602515353073731,0.0602515353073731,0.0602515353073731,0.00363024750689563,0.803416798097142,1.15575926673157,1,0.971950367910307,-0.0576686320896933,0.0576686320896933,0.0576686320896933,0.0033256711270964,0.728080756529927,1.21812274836708,1,1.51147663505085,0.0114766350508477,0.0114766350508477,0.0114766350508477,0.000131713152090347,1.48658531882735,1.55014090472142,1,1.84575955188794,0.0457595518879415,0.0457595518879415,0.0457595518879415,0.00209393658898521,1.82765884750291,1.87532635788717,0
13,"n1400-b1_2-b2_2p5-b3_2p8",1400,6,126,1,1,0.6931472,0.9162907,1.029619,1.5,1.8,1,1.3,0.0757142857142857,483,229,478,210,FALSE,NA,TRUE,NA,0.559492452447009,-0.133654747552991,0.133654747552991,0.133654747552991,0.0178635915434537,0.350300772766198,0.773050172919273,1,0.950846725504603,0.0345560255046031,0.0345560255046031,0.0345560255046031,0.00119411889867478,0.762662692284642,1.14522248717561,1,1.05399673254273,0.0243777325427312,0.0243777325427312,0.0243777325427312,0.000594273843924937,0.794167937159067,1.30822660103879,1,1.48477674607212,-0.0152232539278792,0.0152232539278792,0.0152232539278792,0.000231747460152688,1.44783483072615,1.50247955014648,1,1.82743964579901,0.0274396457990125,0.0274396457990125,0.0274396457990125,0.000752934161575263,1.78520542841498,1.86880716259287,1
13,"n1400-b1_2-b2_2p5-b3_2p8",1400,7,127,1,1,0.6931472,0.9162907,1.029619,1.5,1.8,1,1.3,0.0664285714285714,477,217,481,225,FALSE,NA,TRUE,NA,0.776434285160709,0.0832870851607086,0.0832870851607086,0.0832870851607086,0.00693673855456713,0.566345744599785,0.98871401242482,1,1.02383773670878,0.107547036708777,0.107547036708777,0.107547036708777,0.0115663651048391,0.839468702903849,1.21018638033544,1,0.990601117661405,-0.0390178823385952,0.0390178823385952,0.0390178823385952,0.00152239514218846,0.732944908962665,1.24507094255735,1,1.47098960934135,-0.0290103906586534,0.0290103906586534,0.0290103906586534,0.000841602766167685,1.43409596246889,1.51215853262164,1,1.77412138317053,-0.0258786168294667,0.0258786168294667,0.0258786168294667,0.000669702809006356,1.73433553377966,1.81005951498787,1
13,"n1400-b1_2-b2_2p5-b3_2p8",1400,8,128,1,1,0.6931472,0.9162907,1.029619,1.5,1.8,1,1.3,0.0678571428571428,503,218,445,234,FALSE,NA,TRUE,NA,0.761827626286458,0.0686804262864582,0.0686804262864582,0.0686804262864582,0.00471700095488962,0.55717272813995,0.968708798656258,1,1.00438846009167,0.0880977600916666,0.0880977600916666,0.0880977600916666,0.00776121533316884,0.818661447813632,1.19079347584624,1,1.04061385293557,0.0109948529355703,0.0109948529355703,0.0109948529355703,0.00012088679107482,0.785841258641714,1.29632678120964,1,1.50047349138819,0.000473491388187419,0.000473491388187419,0.000473491388187419,2.24194094687649e-07,1.45258069666701,1.54128257671535,1,1.8183015511067,0.0183015511066991,0.0183015511066991,0.0183015511066991,0.000334946772911118,1.78698308106403,1.86246010860341,1
13,"n1400-b1_2-b2_2p5-b3_2p8",1400,9,129,1,1,0.6931472,0.9162907,1.029619,1.5,1.8,1,1.3,0.07,444,241,467,248,FALSE,NA,TRUE,NA,0.608769073330045,-0.084378126669955,0.084378126669955,0.084378126669955,0.00711966826033098,0.409947118916221,0.806979963931791,1,0.915762723414326,-0.000527976585673717,0.000527976585673717,0.000527976585673717,2.78759275019676e-07,0.74059642281531,1.0931855297927,1,1.13664706690153,0.107028066901528,0.107028066901528,0.107028066901528,0.011455007104678,0.892419101047664,1.38664778510661,1,1.49712662753303,-0.00287337246696673,0.00287337246696673,0.00287337246696673,8.25626933392246e-06,1.47845528335914,1.54088797308071,1,1.81344727519582,0.0134472751958221,0.0134472751958221,0.0134472751958221,0.000180829210192173,1.77696166072541,1.84896307884787,1
13,"n1400-b1_2-b2_2p5-b3_2p8",1400,10,130,1,1,0.6931472,0.9162907,1.029619,1.5,1.8,1,1.3,0.0714285714285714,453,245,459,243,FALSE,NA,TRUE,NA,0.602176556696876,-0.0909706433031235,0.0909706433031235,0.0909706433031235,0.00827565794298414,0.407994276061243,0.800713691657391,1,0.951332807358709,0.0350421073587094,0.0350421073587094,0.0350421073587094,0.00122794928813931,0.77346943763357,1.13102532646177,1,1.00138852337149,-0.0282304766285084,0.0282304766285084,0.0282304766285084,0.00079695981067276,0.755625160845678,1.24942925588863,1,1.49861844351777,-0.00138155648222527,0.00138155648222527,0.00138155648222527,1.90869831357865e-06,1.4590876839009,1.5357230186368,1,1.81576301904513,0.0157630190451294,0.0157630190451294,0.0157630190451294,0.000248472769417114,1.79639563827521,1.85569637359511,1
14,"n1400-b1_2-b2_2p5-b3_2p8",1400,1,131,1,1,0.6931472,0.9162907,1.029619,1.5,1.8,1,1.3,0.0728571428571428,450,222,497,231,FALSE,NA,TRUE,NA,0.718971617828024,0.0258244178280242,0.0258244178280242,0.0258244178280242,0.000666900556156377,0.515272829560811,0.922191985412698,1,0.858577567196675,-0.057713132803325,0.057713132803325,0.057713132803325,0.00333080569797423,0.682170026198734,1.03479248475315,1,1.04828244828639,0.0186634482863881,0.0186634482863881,0.0186634482863881,0.000348324301938683,0.796527395188976,1.30313773747877,1,1.48204977709698,-0.0179502229030239,0.0179502229030239,0.0179502229030239,0.000322210502268246,1.45421651607901,1.54120429816328,1,1.75723712105749,-0.0427628789425147,0.0427628789425147,0.0427628789425147,0.00182866381545217,1.7189257501193,1.82391722010302,1
14,"n1400-b1_2-b2_2p5-b3_2p8",1400,2,132,1,1,0.6931472,0.9162907,1.029619,1.5,1.8,1,1.3,0.0635714285714286,444,236,498,222,FALSE,NA,TRUE,NA,0.722745326283706,0.029598126283706,0.029598126283706,0.029598126283706,0.000876049079506205,0.52076127240821,0.92333996754438,1,0.846606724994791,-0.0696839750052086,0.0696839750052086,0.0696839750052086,0.00485585637252654,0.671731801264788,1.02999006132406,1,1.15058357554246,0.120964575542458,0.120964575542458,0.120964575542458,0.0146324285361669,0.898371446398759,1.40456372822413,1,1.50547760822008,0.00547760822008225,0.00547760822008225,0.00547760822008225,3.00041918127127e-05,1.46009935737576,1.53215245246606,1,1.80589535885388,0.00589535885387704,0.00589535885387704,0.00589535885387704,3.47552560159864e-05,1.78048403686039,1.83045491607555,1
14,"n1400-b1_2-b2_2p5-b3_2p8",1400,3,133,1,1,0.6931472,0.9162907,1.029619,1.5,1.8,1,1.3,0.0807142857142857,447,226,504,223,FALSE,NA,TRUE,NA,0.738858563907974,0.0457113639079744,0.0457113639079744,0.0457113639079744,0.00208952879032726,0.530913916206835,0.953034104648015,1,0.863491160280352,-0.052799539719648,0.052799539719648,0.052799539719648,0.00278779139460669,0.68387387966369,1.05207680749808,1,1.02111935348277,-0.00849964651723245,0.00849964651723245,0.00849964651723245,7.22439909179017e-05,0.765775563906159,1.2717900640549,1,1.51252384486503,0.0125238448650329,0.0125238448650329,0.0125238448650329,0.000156846690203411,1.48587678221349,1.58376071915478,1,1.81741921495748,0.0174192149574834,0.0174192149574834,0.0174192149574834,0.000303429049735015,1.77349413363436,1.89959011148772,1
14,"n1400-b1_2-b2_2p5-b3_2p8",1400,4,134,1,1,0.6931472,0.9162907,1.029619,1.5,1.8,1,1.3,0.0821428571428572,500,189,447,264,FALSE,NA,TRUE,NA,0.528291526359616,-0.164855673640384,0.164855673640384,0.164855673640384,0.0271773931314248,0.322710029929537,0.731914701367285,1,0.797351682877806,-0.118939017122194,0.118939017122194,0.118939017122194,0.0141464897939936,0.627873547405979,0.968057362336032,1,1.27205527674875,0.242436276748751,0.242436276748751,0.242436276748751,0.058775348283797,1.02331042948843,1.52648856245329,1,1.5401270741959,0.0401270741959008,0.0401270741959008,0.0401270741959008,0.00161018208352333,1.46705151966989,1.61519093365235,1,1.82473167367778,0.0247316736777763,0.0247316736777763,0.0247316736777763,0.000611655682904013,1.75424787331094,1.94218553947959,1
14,"n1400-b1_2-b2_2p5-b3_2p8",1400,5,135,1,1,0.6931472,0.9162907,1.029619,1.5,1.8,1,1.3,0.0778571428571428,445,234,481,240,FALSE,NA,TRUE,NA,0.762995633319139,0.0698484333191388,0.0698484333191388,0.0698484333191388,0.00487880363713818,0.558436718141932,0.970919084027455,1,0.978338970761714,0.0620482707617143,0.0620482707617143,0.0620482707617143,0.00384998790451901,0.798048111855032,1.16458716518339,1,1.10021808216841,0.0705990821684064,0.0705990821684064,0.0705990821684064,0.0049842304030214,0.842827023213468,1.35260468743277,1,1.47737020761229,-0.0226297923877137,0.0226297923877137,0.0226297923877137,0.000512107503511024,1.44495469285206,1.56748046959639,1,1.75314625538292,-0.0468537446170776,0.0468537446170776,0.0468537446170776,0.00219527338464233,1.71424696403268,1.80162045249019,1
14,"n1400-b1_2-b2_2p5-b3_2p8",1400,6,136,1,1,0.6931472,0.9162907,1.029619,1.5,1.8,1,1.3,0.0814285714285714,428,280,456,236,FALSE,NA,TRUE,NA,0.861391969437526,0.168244769437526,0.168244769437526,0.168244769437526,0.0283063024430863,0.666032605693096,1.05975596609926,1,0.942859539104276,0.0265688391042757,0.0265688391042757,0.0265688391042757,0.000705903211348887,0.764534407425572,1.12530038545047,1,0.928887369084609,-0.100731630915391,0.100731630915391,0.100731630915391,0.0101468614668746,0.679757054549943,1.17125215941057,1,1.51244338977848,0.0124433897784757,0.0124433897784757,0.0124433897784757,0.000154837949179074,1.48456070966336,1.57419200514495,1,1.82300092134428,0.0230009213442834,0.0230009213442834,0.0230009213442834,0.000529042382685914,1.79473596666024,1.88853166583175,1
14,"n1400-b1_2-b2_2p5-b3_2p8",1400,7,137,1,1,0.6931472,0.9162907,1.029619,1.5,1.8,1,1.3,0.0564285714285714,451,222,487,240,FALSE,NA,TRUE,NA,0.708897304723676,0.0157501047236757,0.0157501047236757,0.0157501047236757,0.00024806579880675,0.505060515211734,0.91137555179574,1,0.952362124874502,0.0360714248745015,0.0360714248745015,0.0360714248745015,0.00130114769247681,0.77167289847792,1.13148373552044,1,1.05155742632781,0.0219384263278117,0.0219384263278117,0.0219384263278117,0.000481294549740823,0.801907821428148,1.30275769105059,1,1.47370905435745,-0.0262909456425475,0.0262909456425475,0.0262909456425475,0.000691213822779389,1.39107418088117,1.51507781942629,1,1.80391293298857,0.00391293298856588,0.00391293298856588,0.00391293298856588,1.53110445730071e-05,1.77540288082964,1.84141084252266,1
14,"n1400-b1_2-b2_2p5-b3_2p8",1400,8,138,1,1,0.6931472,0.9162907,1.029619,1.5,1.8,1,1.3,0.0685714285714286,467,245,448,240,FALSE,NA,TRUE,NA,0.749730936536211,0.0565837365362108,0.0565837365362108,0.0565837365362108,0.00320171924039932,0.551490970832695,0.948325248681787,1,0.915475578203654,-0.000815121796346241,0.000815121796346241,0.000815121796346241,6.64423542878723e-07,0.738664565264945,1.09385738293189,1,1.01323787344948,-0.0163811265505214,0.0163811265505214,0.0163811265505214,0.000268341307064196,0.768121142501538,1.26474001564953,1,1.5334896890604,0.0334896890603993,0.0334896890603993,0.0334896890603993,0.00112155927336223,1.48979985772806,1.58909478862085,1,1.80528167879126,0.00528167879125641,0.00528167879125641,0.00528167879125641,2.78961308540077e-05,1.76912850657793,1.84433962302899,1
14,"n1400-b1_2-b2_2p5-b3_2p8",1400,9,139,1,1,0.6931472,0.9162907,1.029619,1.5,1.8,1,1.3,0.0600000000000001,512,224,458,206,FALSE,NA,TRUE,NA,0.801839103681079,0.108691903681079,0.108691903681079,0.108691903681079,0.011813929925817,0.59343346295893,1.01299032906508,1,1.00440129631242,0.0881105963124194,0.0881105963124194,0.0881105963124194,0.00776347718253013,0.813148483941388,1.19852992832424,1,0.761553735096688,-0.268065264903312,0.268065264903312,0.268065264903312,0.0718589862476828,0.505234314389556,1.01226657637197,0,1.51977091422225,0.0197709142222484,0.0197709142222484,0.0197709142222484,0.000390889049183505,1.45014986499226,1.56407872468996,1,1.81205361719286,0.0120536171928585,0.0120536171928585,0.0120536171928585,0.000145289687431973,1.69263334618963,1.88848560408236,1
14,"n1400-b1_2-b2_2p5-b3_2p8",1400,10,140,1,1,0.6931472,0.9162907,1.029619,1.5,1.8,1,1.3,0.0742857142857143,459,233,461,247,FALSE,NA,TRUE,NA,0.75511121789608,0.0619640178960799,0.0619640178960799,0.0619640178960799,0.0038395395138257,0.555155870020182,0.959931205727309,1,1.12665390327509,0.210363203275086,0.210363203275086,0.210363203275086,0.0442526772921552,0.947927365159674,1.30962859830527,0,0.910783510552278,-0.118835489447722,0.118835489447722,0.118835489447722,0.0141218735522796,0.661804955941384,1.15817592850409,1,1.53323531200173,0.0332353120017299,0.0332353120017299,0.0332353120017299,0.00110458596385233,1.49648813572583,1.56857136213865,1,1.80295702099099,0.00295702099098971,0.00295702099098971,0.00295702099098971,8.74397314115378e-06,1.76539983480014,1.8450673320421,1
15,"n1400-b1_2-b2_2p5-b3_2p8",1400,1,141,1,1,0.6931472,0.9162907,1.029619,1.5,1.8,1,1.3,0.0735714285714286,488,226,462,224,FALSE,NA,TRUE,NA,0.704082988327302,0.0109357883273017,0.0109357883273017,0.0109357883273017,0.000119591466339548,0.497972076672837,0.910519727637567,1,0.96241308843343,0.0461223884334302,0.0461223884334302,0.0461223884334302,0.00212727471480422,0.780053049485552,1.14775165665424,1,1.01993185026005,-0.00968714973994844,0.00968714973994844,0.00968714973994844,9.38408700841832e-05,0.769709569515877,1.2695558244469,1,1.51891843556013,0.0189184355601291,0.0189184355601291,0.0189184355601291,0.000357907204042756,1.47963224717031,1.55837815677336,1,1.81048789857265,0.0104878985726502,0.0104878985726502,0.0104878985726502,0.000109996016470198,1.78928050487185,1.83507996217689,1
15,"n1400-b1_2-b2_2p5-b3_2p8",1400,2,142,1,1,0.6931472,0.9162907,1.029619,1.5,1.8,1,1.3,0.0735714285714286,468,256,459,217,FALSE,NA,TRUE,NA,0.733381470129185,0.0402342701291851,0.0402342701291851,0.0402342701291851,0.00161879649282824,0.529926892355624,0.936211179387746,1,0.957559287472599,0.0412685874725987,0.0412685874725987,0.0412685874725987,0.00170309631198353,0.768913929050499,1.15024303707623,1,0.897106937586419,-0.132512062413581,0.132512062413581,0.132512062413581,0.0175594466851009,0.646898653547842,1.14466751131674,1,1.5112321566149,0.011232156614899,0.011232156614899,0.011232156614899,0.000126161342221618,1.48927652087968,1.54007331252472,1,1.80926634493883,0.00926634493883371,0.00926634493883371,0.00926634493883371,8.58651485254492e-05,1.79324393445469,1.82987202007651,1
15,"n1400-b1_2-b2_2p5-b3_2p8",1400,3,143,1,1,0.6931472,0.9162907,1.029619,1.5,1.8,1,1.3,0.0607142857142857,467,224,452,257,FALSE,NA,TRUE,NA,0.61628311872754,-0.0768640812724596,0.0768640812724596,0.0768640812724596,0.00590808698985927,0.420381824912684,0.811094189960497,1,0.810687090866071,-0.105603609133929,0.105603609133929,0.105603609133929,0.0111521222621116,0.640018710590477,0.983983322443525,1,1.15662122459369,0.127002224593687,0.127002224593687,0.127002224593687,0.0161295650517454,0.910452696938504,1.40204013807623,1,1.50936769839717,0.00936769839716622,0.00936769839716622,0.00936769839716622,8.77537732602706e-05,1.48172514357496,1.55441971163493,1,1.8080957141334,0.00809571413339727,0.00809571413339727,0.00809571413339727,6.55405873296883e-05,1.78460412698366,1.8559778104818,1
15,"n1400-b1_2-b2_2p5-b3_2p8",1400,4,144,1,1,0.6931472,0.9162907,1.029619,1.5,1.8,1,1.3,0.0692857142857143,439,243,489,229,FALSE,NA,TRUE,NA,0.693850856186764,0.00070365618676449,0.00070365618676449,0.00070365618676449,4.95132029171942e-07,0.494259390728132,0.89579863421488,1,0.847584451851198,-0.068706248148802,0.068706248148802,0.068706248148802,0.00472054853468476,0.672370237708014,1.02548555084807,1,1.11381946546179,0.0842004654617876,0.0842004654617876,0.0842004654617876,0.00708971838398169,0.865459396331992,1.36252170624234,1,1.51946827721854,0.0194682772185404,0.0194682772185404,0.0194682772185404,0.000379013817857939,1.49537836485535,1.5980331268305,1,1.83786416239094,0.0378641623909428,0.0378641623909428,0.0378641623909428,0.00143369479356769,1.78517493919312,1.9667237332636,1
15,"n1400-b1_2-b2_2p5-b3_2p8",1400,5,145,1,1,0.6931472,0.9162907,1.029619,1.5,1.8,1,1.3,0.085,489,224,457,230,FALSE,NA,TRUE,NA,0.73939137354658,0.0462441735465803,0.0462441735465803,0.0462441735465803,0.00213852358700624,0.531643665806974,0.950180298461693,1,0.922037665592707,0.00574696559270704,0.00574696559270704,0.00574696559270704,3.30276135237586e-05,0.738060666327978,1.10797408138575,1,0.970759712691286,-0.0588592873087138,0.0588592873087138,0.0588592873087138,0.00346441570248972,0.715638349193231,1.22579122402597,1,1.49912809835926,-0.000871901640735473,0.000871901640735473,0.000871901640735473,7.6021247111721e-07,1.44661134552783,1.5344678500744,1,1.79664719691378,-0.00335280308622043,0.00335280308622043,0.00335280308622043,1.12412885349693e-05,1.75531699852518,1.84888171703266,1
15,"n1400-b1_2-b2_2p5-b3_2p8",1400,6,146,1,1,0.6931472,0.9162907,1.029619,1.5,1.8,1,1.3,0.0707142857142857,472,246,456,226,FALSE,NA,TRUE,NA,0.679423858128775,-0.0137233418712254,0.0137233418712254,0.0137233418712254,0.000188330112114527,0.474388514607042,0.883869066767768,1,0.909075084355602,-0.0072156156443981,0.0072156156443981,0.0072156156443981,5.20651091276826e-05,0.724500111591581,1.09466750842042,1,1.1148769192844,0.0852579192843996,0.0852579192843996,0.0852579192843996,0.0072689128007052,0.861046352924219,1.37181984196752,1,1.46464930442055,-0.0353506955794536,0.0353506955794536,0.0353506955794536,0.0012496716779512,1.44404335206972,1.50828886031895,1,1.77240576858302,-0.0275942314169795,0.0275942314169795,0.0275942314169795,0.000761441607493817,1.7503614238341,1.81006804176913,1
15,"n1400-b1_2-b2_2p5-b3_2p8",1400,7,147,1,1,0.6931472,0.9162907,1.029619,1.5,1.8,1,1.3,0.0635714285714286,479,223,474,224,FALSE,NA,TRUE,NA,0.501229207042085,-0.191917992957915,0.191917992957915,0.191917992957915,0.0368325160209942,0.297974886159862,0.702985726769981,1,0.735977052458301,-0.180313647541699,0.180313647541699,0.180313647541699,0.0325130114897919,0.560974305143507,0.913997972321912,0,1.12781808665539,0.0981990866553895,0.0981990866553895,0.0981990866553895,0.00964306061995269,0.882069514995684,1.37739393922497,1,1.4761525990026,-0.0238474009974026,0.0238474009974026,0.0238474009974026,0.000568698534330917,1.38802799939778,1.61801979105313,1,1.81005624085331,0.0100562408533107,0.0100562408533107,0.0100562408533107,0.000101127980099795,1.739587212859,1.89941509838714,1
15,"n1400-b1_2-b2_2p5-b3_2p8",1400,8,148,1,1,0.6931472,0.9162907,1.029619,1.5,1.8,1,1.3,0.0771428571428572,448,244,482,226,FALSE,NA,TRUE,NA,0.695872357686279,0.00272515768627946,0.00272515768627946,0.00272515768627946,7.426484415088e-06,0.492303697317654,0.897747851891861,1,0.894886507057433,-0.0214041929425668,0.0214041929425668,0.0214041929425668,0.000458139475522626,0.712635707072587,1.07883348671237,1,0.97941731123163,-0.0502016887683698,0.0502016887683698,0.0502016887683698,0.00252020955519627,0.731751224493214,1.23006843124936,1,1.5087109866401,0.00871098664010428,0.00871098664010428,0.00871098664010428,7.58812882440752e-05,1.46765316101499,1.53690959299498,1,1.82821093375121,0.0282109337512102,0.0282109337512102,0.0282109337512102,0.000795856783115171,1.7965616107249,1.87888546928281,1
15,"n1400-b1_2-b2_2p5-b3_2p8",1400,9,149,1,1,0.6931472,0.9162907,1.029619,1.5,1.8,1,1.3,0.0771428571428572,453,245,471,231,FALSE,NA,TRUE,NA,0.750939174855892,0.0577919748558918,0.0577919748558918,0.0577919748558918,0.00333991235774403,0.550797072221129,0.953768426942042,1,0.851993501385586,-0.0642971986144136,0.0642971986144136,0.0642971986144136,0.00413412974966135,0.672891458505171,1.03655511782757,1,1.0668847732158,0.0372657732158028,0.0372657732158028,0.0372657732158028,0.00138873785337165,0.817039403519928,1.31551714753993,1,1.49240822746959,-0.00759177253040577,0.00759177253040577,0.00759177253040577,5.76350101534236e-05,1.46283534917013,1.54677535630088,1,1.79156964776914,-0.00843035223085753,0.00843035223085753,0.00843035223085753,7.10708387363245e-05,1.75991556996005,1.83556870653323,1
15,"n1400-b1_2-b2_2p5-b3_2p8",1400,10,150,1,1,0.6931472,0.9162907,1.029619,1.5,1.8,1,1.3,0.0742857142857143,481,217,461,241,FALSE,NA,TRUE,NA,0.599524017878555,-0.093623182121445,0.093623182121445,0.093623182121445,0.00876530023054527,0.395491856395551,0.799152206951583,1,0.867787816484778,-0.0485028835152223,0.0485028835152223,0.0485028835152223,0.00235252970929122,0.685455068015738,1.04843784782935,1,1.0902220069688,0.0606030069687991,0.0606030069687991,0.0606030069687991,0.00367272445366031,0.843496941498084,1.34355037307831,1,1.5172663744215,0.0172663744214978,0.0172663744214978,0.0172663744214978,0.000298127685663354,1.4372274694321,1.58379477486503,1,1.81971401573637,0.0197140157363664,0.0197140157363664,0.0197140157363664,0.000388642416453704,1.75107201850487,1.90846208893975,1
16,"n1400-b1_2-b2_2p5-b3_2p8",1400,1,151,1,1,0.6931472,0.9162907,1.029619,1.5,1.8,1,1.3,0.0807142857142857,481,245,432,242,FALSE,NA,TRUE,NA,0.562210365449718,-0.130936834550282,0.130936834550282,0.130936834550282,0.017144454642048,0.3646182221634,0.760307196323072,1,0.862372354303423,-0.0539183456965771,0.0539183456965771,0.0539183456965771,0.00290718800265559,0.688804321936755,1.03994849558818,1,1.12110861755698,0.0914896175569835,0.0914896175569835,0.0914896175569835,0.0083703501207231,0.874951112685591,1.36718410908543,1,1.53002960239582,0.0300296023958178,0.0300296023958178,0.0300296023958178,0.000901777020050904,1.48305408419695,1.61411572456693,1,1.88166118774647,0.081661187746467,0.081661187746467,0.081661187746467,0.00666854958416374,1.7985438800774,2.01098259229417,1
16,"n1400-b1_2-b2_2p5-b3_2p8",1400,2,152,1,1,0.6931472,0.9162907,1.029619,1.5,1.8,1,1.3,0.075,495,236,449,220,FALSE,NA,TRUE,NA,0.704276640171286,0.0111294401712856,0.0111294401712856,0.0111294401712856,0.000123864438526225,0.498870473672764,0.911768254377216,1,0.994335353238402,0.0780446532384018,0.0780446532384018,0.0780446532384018,0.00609096789910238,0.810289744275882,1.17996089193299,1,0.866943321894899,-0.162675678105101,0.162675678105101,0.162675678105101,0.0264633762469545,0.613763521928911,1.11662210046688,1,1.5012870278354,0.00128702783540291,0.00128702783540291,0.00128702783540291,1.6564406491019e-06,1.49408994812262,1.52613974607627,1,1.81306361192062,0.0130636119206151,0.0130636119206151,0.0130636119206151,0.000170657956412437,1.79847843980054,1.85613833998429,1
16,"n1400-b1_2-b2_2p5-b3_2p8",1400,3,153,1,1,0.6931472,0.9162907,1.029619,1.5,1.8,1,1.3,0.0721428571428572,445,265,473,217,FALSE,NA,TRUE,NA,0.705478173249346,0.0123309732493463,0.0123309732493463,0.0123309732493463,0.000152052901276094,0.502151572794722,0.913895539883784,1,0.934056993907254,0.017766293907254,0.017766293907254,0.017766293907254,0.000315641199198932,0.743441547585683,1.12946444583352,1,1.08943086421512,0.0598118642151249,0.0598118642151249,0.0598118642151249,0.00357745910088853,0.83138456041454,1.34318557647999,1,1.44751198120286,-0.0524880187971377,0.0524880187971377,0.0524880187971377,0.00275499211724868,1.39938552871394,1.51739206259985,1,1.73848723178278,-0.0615127682172221,0.0615127682172221,0.0615127682172221,0.00378382065374569,1.68081984854099,1.80813860434279,1
16,"n1400-b1_2-b2_2p5-b3_2p8",1400,4,154,1,1,0.6931472,0.9162907,1.029619,1.5,1.8,1,1.3,0.0714285714285714,434,248,487,231,FALSE,NA,TRUE,NA,0.84522741505526,0.15208021505526,0.15208021505526,0.15208021505526,0.0231283918112542,0.646509927245208,1.04769992167364,1,1.00216916842431,0.0858784684243079,0.0858784684243079,0.0858784684243079,0.00737511133890485,0.822140222584329,1.1882141866124,1,0.994513133518749,-0.0351058664812506,0.0351058664812506,0.0351058664812506,0.00123242186139939,0.741077274639779,1.24744946591162,1,1.48457054806258,-0.0154294519374247,0.0154294519374247,0.0154294519374247,0.0002380679870893,1.47627704589421,1.50410836802414,1,1.80244727544211,0.00244727544211254,0.00244727544211254,0.00244727544211254,5.98915708956713e-06,1.78161584679013,1.84505205471684,1
16,"n1400-b1_2-b2_2p5-b3_2p8",1400,5,155,1,1,0.6931472,0.9162907,1.029619,1.5,1.8,1,1.3,0.0764285714285714,475,235,453,237,FALSE,NA,TRUE,NA,0.613654175287618,-0.079493024712382,0.079493024712382,0.079493024712382,0.00631914097792337,0.415447780144352,0.809906706845756,1,0.903278711504658,-0.0130119884953421,0.0130119884953421,0.0130119884953421,0.000169311844602916,0.722066441795131,1.08240185663827,1,1.17132369897329,0.14170469897329,0.14170469897329,0.14170469897329,0.0200802217111109,0.921374529845143,1.42098788712684,1,1.5635641962711,0.0635641962711049,0.0635641962711049,0.0635641962711049,0.00404040704759154,1.51404466648965,1.60625709733659,0,1.94482314336289,0.144823143362895,0.144823143362895,0.144823143362895,0.0209737428535096,1.83475725704262,2.01708384540327,0
16,"n1400-b1_2-b2_2p5-b3_2p8",1400,6,156,1,1,0.6931472,0.9162907,1.029619,1.5,1.8,1,1.3,0.08,454,224,494,228,FALSE,NA,TRUE,NA,0.655494688687928,-0.0376525113120715,0.0376525113120715,0.0376525113120715,0.00141771160810567,0.444517718341613,0.861427474790597,1,0.863026069495435,-0.0532646305045653,0.0532646305045653,0.0532646305045653,0.00283712086278787,0.683505399910009,1.04777954008096,1,1.08274090638256,0.0531219063825568,0.0531219063825568,0.0531219063825568,0.00282193693771712,0.828368708803333,1.33584185485143,1,1.45438980731441,-0.0456101926855887,0.0456101926855887,0.0456101926855887,0.00208028967681653,1.32276190135382,1.52300405334958,1,1.75713878428474,-0.0428612157152564,0.0428612157152564,0.0428612157152564,0.00183708381258974,1.67631433260471,1.82138867099581,1
16,"n1400-b1_2-b2_2p5-b3_2p8",1400,7,157,1,1,0.6931472,0.9162907,1.029619,1.5,1.8,1,1.3,0.0642857142857143,449,244,454,253,FALSE,NA,TRUE,NA,0.614273349532192,-0.0788738504678081,0.0788738504678081,0.0788738504678081,0.00622108428761816,0.422736311271105,0.80717761956067,1,0.899386700397391,-0.0169039996026088,0.0169039996026088,0.0169039996026088,0.000285745202564998,0.72814428262708,1.07394533881199,1,1.10855685337476,0.0789378533747556,0.0789378533747556,0.0789378533747556,0.00623118469541441,0.865103793486805,1.3520130360752,1,1.49948454953519,-0.000515450464810829,0.000515450464810829,0.000515450464810829,2.656891816737e-07,1.44309518713739,1.55731239326674,1,1.808191405738,0.00819140573800103,0.00819140573800103,0.00819140573800103,6.70991279645563e-05,1.77536234443185,1.85065995806602,1
16,"n1400-b1_2-b2_2p5-b3_2p8",1400,8,158,1,1,0.6931472,0.9162907,1.029619,1.5,1.8,1,1.3,0.0807142857142857,446,229,470,255,FALSE,NA,TRUE,NA,0.790256005954282,0.0971088059542818,0.0971088059542818,0.0971088059542818,0.00943012019386636,0.586537949005659,0.99078974958895,1,0.884450900635013,-0.0318397993649868,0.0318397993649868,0.0318397993649868,0.00101377282360262,0.71061037217414,1.06199189325996,1,0.908653427124837,-0.120965572875163,0.120965572875163,0.120965572875163,0.0146326698210164,0.66478575475762,1.15574119145743,1,1.48732083847961,-0.0126791615203941,0.0126791615203941,0.0126791615203941,0.000160761136860241,1.47133380256557,1.51738734815292,1,1.80786070977461,0.00786070977460906,0.00786070977460906,0.00786070977460906,6.17907581606345e-05,1.78174389156141,1.83487201707194,1
16,"n1400-b1_2-b2_2p5-b3_2p8",1400,9,159,1,1,0.6931472,0.9162907,1.029619,1.5,1.8,1,1.3,0.0757142857142857,479,234,456,231,FALSE,NA,TRUE,NA,0.782592327336601,0.0894451273366013,0.0894451273366013,0.0894451273366013,0.00800043080426081,0.579523351628312,0.990171549089754,1,1.06022383484093,0.143933134840928,0.143933134840928,0.143933134840928,0.0207167473051368,0.875540570941447,1.2508448661842,1,1.04645679239245,0.0168377923924505,0.0168377923924505,0.0168377923924505,0.000283511252651265,0.793354139624111,1.30312717555639,1,1.51862316014843,0.0186231601484292,0.0186231601484292,0.0186231601484292,0.000346822093914043,1.47231947172782,1.59875604600596,1,1.80365404684847,0.00365404684846671,0.00365404684846671,0.00365404684846671,1.33520583707895e-05,1.73882931225615,1.87323113263018,1
16,"n1400-b1_2-b2_2p5-b3_2p8",1400,10,160,1,1,0.6931472,0.9162907,1.029619,1.5,1.8,1,1.3,0.0628571428571428,452,254,448,246,FALSE,NA,TRUE,NA,0.622952747109815,-0.0701944528901847,0.0701944528901847,0.0701944528901847,0.00492726121655235,0.427684588142338,0.817673114649908,1,0.902551312339923,-0.0137393876600774,0.0137393876600774,0.0137393876600774,0.000188770773273888,0.730040235123727,1.07674902291105,1,1.1518682716986,0.122249271698596,0.122249271698596,0.122249271698596,0.0149448844308371,0.903326304241744,1.39833548778942,1,1.50133329181062,0.00133329181061814,0.00133329181061814,0.00133329181061814,1.7776670522614e-06,1.48569710539851,1.53017060035458,1,1.80777617801951,0.00777617801951092,0.00777617801951092,0.00777617801951092,6.04689445911247e-05,1.77662064007011,1.84717909529143,1
17,"n1400-b1_2-b2_2p5-b3_2p8",1400,1,161,1,1,0.6931472,0.9162907,1.029619,1.5,1.8,1,1.3,0.07,474,208,477,241,FALSE,NA,TRUE,NA,0.53718482510749,-0.15596237489251,0.15596237489251,0.15596237489251,0.0243242623821118,0.334025935844056,0.741738980957388,1,0.796579079600172,-0.119711620399828,0.119711620399828,0.119711620399828,0.0143308720587525,0.623734712089011,0.97516061626271,1,1.17217049293984,0.142551492939843,0.142551492939843,0.142551492939843,0.020320928139378,0.922963096232309,1.42210071773114,1,1.47712171619141,-0.0228782838085855,0.0228782838085855,0.0228782838085855,0.000523415870026184,1.4512658802157,1.52180968994998,1,1.78392758650264,-0.0160724134973578,0.0160724134973578,0.0160724134973578,0.000258322475630048,1.74800413190941,1.82212278683758,1
17,"n1400-b1_2-b2_2p5-b3_2p8",1400,2,162,1,1,0.6931472,0.9162907,1.029619,1.5,1.8,1,1.3,0.0757142857142857,446,251,463,240,FALSE,NA,TRUE,NA,0.772909716033023,0.0797625160330234,0.0797625160330234,0.0797625160330234,0.00636205896391832,0.574976809615139,0.97175245321718,1,0.951243542007684,0.0349528420076843,0.0349528420076843,0.0349528420076843,0.00122170116441414,0.773660313960565,1.13518966373028,1,1.08477191528657,0.0551529152865704,0.0551529152865704,0.0551529152865704,0.00304184406460761,0.837602780467789,1.33627701238922,1,1.5080849198647,0.00808491986470372,0.00808491986470372,0.00808491986470372,6.53659292186808e-05,1.48349245548152,1.53046957104739,1,1.79990003619098,-9.99638090166677e-05,9.99638090166677e-05,9.99638090166677e-05,9.99276311312081e-09,1.7703061526626,1.83779334773672,1
17,"n1400-b1_2-b2_2p5-b3_2p8",1400,3,163,1,1,0.6931472,0.9162907,1.029619,1.5,1.8,1,1.3,0.0614285714285714,482,235,448,235,FALSE,NA,TRUE,NA,0.706114763129885,0.0129675631298849,0.0129675631298849,0.0129675631298849,0.00016815769352755,0.507479348314698,0.907102019652437,1,1.00714033851534,0.0908496385153359,0.0908496385153359,0.0908496385153359,0.0082536568183672,0.826200327401402,1.19194185232707,1,0.963574284577051,-0.0660447154229494,0.0660447154229494,0.0660447154229494,0.00436190443529837,0.711598746618155,1.20925707622814,1,1.51944228454384,0.0194422845438387,0.0194422845438387,0.0194422845438387,0.000378002428283588,1.46677324645008,1.61114539899591,1,1.8255729792496,0.0255729792496024,0.0255729792496024,0.0255729792496024,0.000653977267700597,1.75950787179971,1.97434063226817,1
17,"n1400-b1_2-b2_2p5-b3_2p8",1400,4,164,1,1,0.6931472,0.9162907,1.029619,1.5,1.8,1,1.3,0.0664285714285714,459,264,465,212,FALSE,NA,TRUE,NA,0.619216228833458,-0.0739309711665417,0.0739309711665417,0.0739309711665417,0.00546578849762802,0.419609830809635,0.816153479683143,1,0.838100973630584,-0.0781897263694158,0.0781897263694158,0.0781897263694158,0.00611363330972411,0.654568250073426,1.02245406371617,1,1.13736913390904,0.10775013390904,0.10775013390904,0.10775013390904,0.0116100913574161,0.889484004939234,1.38927976439755,1,1.49971456676414,-0.000285433235863053,0.000285433235863053,0.000285433235863053,8.14721321352532e-08,1.48222632054313,1.51650554785988,1,1.79612424088384,-0.00387575911616422,0.00387575911616422,0.00387575911616422,1.50215087265301e-05,1.76977582947894,1.82306548121832,1
17,"n1400-b1_2-b2_2p5-b3_2p8",1400,5,165,1,1,0.6931472,0.9162907,1.029619,1.5,1.8,1,1.3,0.0764285714285714,453,216,491,240,FALSE,NA,TRUE,NA,0.77415311815891,0.0810059181589102,0.0810059181589102,0.0810059181589102,0.00656195877676806,0.5686501737271,0.979904468364286,1,0.956428376608274,0.0401376766082735,0.0401376766082735,0.0401376766082735,0.00161103308351035,0.779269465339579,1.13978187875456,1,0.837238601763126,-0.192380398236874,0.192380398236874,0.192380398236874,0.0370102176257782,0.588711160461442,1.08644504655631,1,1.49806028162657,-0.00193971837343176,0.00193971837343176,0.00193971837343176,3.76250736822877e-06,1.48466309598955,1.5299955361559,1,1.8093389542155,0.00933895421550268,0.00933895421550268,0.00933895421550268,8.72160658392553e-05,1.79662678193253,1.83339911849085,1
17,"n1400-b1_2-b2_2p5-b3_2p8",1400,6,166,1,1,0.6931472,0.9162907,1.029619,1.5,1.8,1,1.3,0.0778571428571428,476,217,471,236,FALSE,NA,TRUE,NA,0.715820816119409,0.0226736161194093,0.0226736161194093,0.0226736161194093,0.000514092867930338,0.507012303897911,0.924558705158433,1,0.899060471219589,-0.017230228780411,0.017230228780411,0.017230228780411,0.000296880783825304,0.716545448940102,1.08274374014076,1,1.13105074586123,0.101431745861226,0.101431745861226,0.101431745861226,0.0102883990684564,0.875521452148875,1.38381946970451,1,1.50081887801755,0.000818878017545543,0.000818878017545543,0.000818878017545543,6.70561207619319e-07,1.47596747799251,1.5266578509621,1,1.78727614954167,-0.0127238504583294,0.0127238504583294,0.0127238504583294,0.000161896370485928,1.73918850153945,1.84212890793915,1
17,"n1400-b1_2-b2_2p5-b3_2p8",1400,7,167,1,1,0.6931472,0.9162907,1.029619,1.5,1.8,1,1.3,0.0764285714285714,449,233,477,241,FALSE,NA,TRUE,NA,0.637317050828444,-0.0558301491715558,0.0558301491715558,0.0558301491715558,0.00311700555651818,0.436666376020051,0.838087003385215,1,0.973079896873772,0.0567891968737722,0.0567891968737722,0.0567891968737722,0.00322501288156805,0.794688690416825,1.15742569819643,1,1.10087194760777,0.0712529476077739,0.0712529476077739,0.0712529476077739,0.00507698254279617,0.852917737555383,1.34982378367793,1,1.49698113253921,-0.00301886746079383,0.00301886746079383,0.00301886746079383,9.11356074583978e-06,1.4686325539312,1.52818917994195,1,1.7997601350176,-0.000239864982399141,0.000239864982399141,0.000239864982399141,5.753520978134e-08,1.76647188196336,1.83888503070419,1
17,"n1400-b1_2-b2_2p5-b3_2p8",1400,8,168,1,1,0.6931472,0.9162907,1.029619,1.5,1.8,1,1.3,0.0614285714285714,491,247,450,212,FALSE,NA,TRUE,NA,0.764263995654371,0.0711167956543713,0.0711167956543713,0.0711167956543713,0.00505759862414561,0.560132996547166,0.973734916511584,1,0.986146198078838,0.0698554980788377,0.0698554980788377,0.0698554980788377,0.0048797906118425,0.805678868556405,1.17337992827089,1,0.968904900240635,-0.0607140997593653,0.0607140997593653,0.0607140997593653,0.00368620190959016,0.715173168824037,1.21691124033645,1,1.50067105478703,0.000671054787025893,0.000671054787025893,0.000671054787025893,4.50314527190367e-07,1.47973636994437,1.54407110409702,1,1.7666890459175,-0.033310954082503,0.033310954082503,0.033310954082503,0.00110961966188662,1.72333755598919,1.82210505703783,1
17,"n1400-b1_2-b2_2p5-b3_2p8",1400,9,169,1,1,0.6931472,0.9162907,1.029619,1.5,1.8,1,1.3,0.0764285714285714,459,223,477,241,FALSE,NA,TRUE,NA,0.655980326937353,-0.0371668730626467,0.0371668730626467,0.0371668730626467,0.00138137645325489,0.45618104944673,0.860883004375301,1,0.903109908406354,-0.0131807915936463,0.0131807915936463,0.0131807915936463,0.000173733267035136,0.726902300326425,1.08597088970673,1,1.13641510933235,0.106796109332348,0.106796109332348,0.106796109332348,0.0114054089685269,0.880183502170066,1.38670792246867,1,1.48206253746594,-0.0179374625340567,0.0179374625340567,0.0179374625340567,0.000321752562160688,1.4547623670025,1.51759965817808,1,1.79089668244266,-0.00910331755733851,0.00910331755733851,0.00910331755733851,8.28703905497475e-05,1.76387902949607,1.82880543492562,1
17,"n1400-b1_2-b2_2p5-b3_2p8",1400,10,170,1,1,0.6931472,0.9162907,1.029619,1.5,1.8,1,1.3,0.0764285714285714,476,245,421,258,FALSE,NA,TRUE,NA,0.664405404742133,-0.0287417952578674,0.0287417952578674,0.0287417952578674,0.000826090794645166,0.476148287340382,0.855298797387978,1,0.838055712428642,-0.0782349875713581,0.0782349875713581,0.0782349875713581,0.00612071328029055,0.665390032270506,1.01242176749176,1,1.07781638881968,0.0481973888196781,0.0481973888196781,0.0481973888196781,0.00232298828903523,0.839507046501576,1.31256128259224,1,1.49986504737112,-0.000134952628883633,0.000134952628883633,0.000134952628883633,1.82122120426037e-08,1.47540520059703,1.53696625059878,1,1.79478023263089,-0.00521976736911456,0.00521976736911456,0.00521976736911456,2.72459713876731e-05,1.78037188229089,1.82430871624255,1
18,"n1400-b1_2-b2_2p5-b3_2p8",1400,1,171,1,1,0.6931472,0.9162907,1.029619,1.5,1.8,1,1.3,0.0642857142857143,487,221,464,228,FALSE,NA,TRUE,NA,0.539359292861925,-0.153787907138075,0.153787907138075,0.153787907138075,0.0236507203819091,0.335973339547393,0.743082470650389,1,1.01561090080564,0.099320200805636,0.099320200805636,0.099320200805636,0.00986450228807185,0.83130107100929,1.19899767457662,1,1.1215875751016,0.0919685751015984,0.0919685751015984,0.0919685751015984,0.00845821880621834,0.869909055351265,1.3771752300058,1,1.51107394053902,0.0110739405390179,0.0110739405390179,0.0110739405390179,0.000122632159061704,1.48920392676671,1.56213801282588,1,1.77270575639153,-0.027294243608466,0.027294243608466,0.027294243608466,0.000744975734158287,1.71232591126801,1.83717631272047,1
18,"n1400-b1_2-b2_2p5-b3_2p8",1400,2,172,1,1,0.6931472,0.9162907,1.029619,1.5,1.8,1,1.3,0.0757142857142857,452,251,454,243,FALSE,NA,TRUE,NA,0.733415586062066,0.0402683860620663,0.0402683860620663,0.0402683860620663,0.00162154291604361,0.538257988909179,0.927558230609051,1,0.93598914915892,0.0196984491589203,0.0196984491589203,0.0196984491589203,0.000388028899266567,0.760967829387928,1.11246680745301,1,0.889863199513228,-0.139755800486772,0.139755800486772,0.139755800486772,0.0195316837696985,0.645381567904614,1.128785392075,1,1.51197202652424,0.011972026524236,0.011972026524236,0.011972026524236,0.000143329419097011,1.48418684128075,1.55526062988683,1,1.8016006993636,0.00160069936359686,0.00160069936359686,0.00160069936359686,2.56223845261939e-06,1.7394927381227,1.84390151575873,1
18,"n1400-b1_2-b2_2p5-b3_2p8",1400,3,173,1,1,0.6931472,0.9162907,1.029619,1.5,1.8,1,1.3,0.0707142857142857,457,227,470,246,FALSE,NA,TRUE,NA,0.744809976496338,0.0516627764963384,0.0516627764963384,0.0516627764963384,0.00266904247531062,0.539384850787759,0.946761861895284,1,0.829813651744045,-0.0864770482559553,0.0864770482559553,0.0864770482559553,0.00747827987506281,0.655014856568023,1.00567609237332,1,0.871029717779077,-0.158589282220923,0.158589282220923,0.158589282220923,0.0251505604353474,0.626215990785983,1.11994098288159,1,1.51288691276962,0.0128869127696181,0.0128869127696181,0.0128869127696181,0.000166072520731745,1.47452153338155,1.58024134405869,1,1.82159841537312,0.0215984153731197,0.0215984153731197,0.0215984153731197,0.000466491546629813,1.76026220543431,1.90236026907295,1
18,"n1400-b1_2-b2_2p5-b3_2p8",1400,4,174,1,1,0.6931472,0.9162907,1.029619,1.5,1.8,1,1.3,0.0714285714285714,479,234,457,230,FALSE,NA,TRUE,NA,0.865617219201776,0.172470019201777,0.172470019201777,0.172470019201777,0.0297459075234612,0.658873454806581,1.07038886615088,1,1.02373075988141,0.107440059881408,0.107440059881408,0.107440059881408,0.0115433664673205,0.839884814234247,1.21153173740445,1,0.861740764745101,-0.167878235254899,0.167878235254899,0.167878235254899,0.0281831018722992,0.610041923852266,1.11541566130227,1,1.48146730442244,-0.0185326955775635,0.0185326955775635,0.0185326955775635,0.000343460805370643,1.43745549155152,1.55602924439468,1,1.77190111136059,-0.0280988886394145,0.0280988886394145,0.0280988886394145,0.000789547542770215,1.72936755427666,1.84917724575821,1
18,"n1400-b1_2-b2_2p5-b3_2p8",1400,5,175,1,1,0.6931472,0.9162907,1.029619,1.5,1.8,1,1.3,0.07,434,262,467,237,FALSE,NA,TRUE,NA,0.465497259603224,-0.227649940396776,0.227649940396776,0.227649940396776,0.0518244953626556,0.27053917523716,0.662419537319444,0,0.834981408979299,-0.0813092910207012,0.0813092910207012,0.0813092910207012,0.00661120080628908,0.656871581226553,1.01511646594982,1,1.18689118323218,0.157272183232178,0.157272183232178,0.157272183232178,0.0247345396186159,0.941329066538352,1.43395916244301,1,1.50480601474486,0.00480601474485876,0.00480601474485876,0.00480601474485876,2.30977777277998e-05,1.4800742303654,1.56245514970556,1,1.79141424173281,-0.00858575826718755,0.00858575826718755,0.00858575826718755,7.37152450225793e-05,1.70399626112224,1.85490368627829,1
18,"n1400-b1_2-b2_2p5-b3_2p8",1400,6,176,1,1,0.6931472,0.9162907,1.029619,1.5,1.8,1,1.3,0.0678571428571428,455,229,470,246,FALSE,NA,TRUE,NA,0.628846211895985,-0.0643009881040152,0.0643009881040152,0.0643009881040152,0.0041346170711527,0.432514773388437,0.829527376447378,1,0.896474810123208,-0.0198158898767922,0.0198158898767922,0.0198158898767922,0.000392669491609154,0.721044458536157,1.0761971329857,1,1.07899810247237,0.049379102472374,0.049379102472374,0.049379102472374,0.00243829576097721,0.824365159100021,1.32314985659381,1,1.46763524112269,-0.0323647588773139,0.0323647588773139,0.0323647588773139,0.00104747761718667,1.41390649399966,1.54938636026224,1,1.78355458801724,-0.0164454119827608,0.0164454119827608,0.0164454119827608,0.000270451575282734,1.73640301989257,1.8539118561462,1
18,"n1400-b1_2-b2_2p5-b3_2p8",1400,7,177,1,1,0.6931472,0.9162907,1.029619,1.5,1.8,1,1.3,0.0785714285714286,451,256,455,238,FALSE,NA,TRUE,NA,0.645904254340752,-0.0472429456592475,0.0472429456592475,0.0472429456592475,0.00223189591456261,0.449917424344023,0.847215446369967,1,0.857834495752666,-0.0584562042473338,0.0584562042473338,0.0584562042473338,0.003417127815006,0.680670771950949,1.03895727998396,1,1.21405198485931,0.184432984859308,0.184432984859308,0.184432984859308,0.0340155259041137,0.959009980016844,1.46730474431565,1,1.50043798674199,0.000437986741989915,0.000437986741989915,0.000437986741989915,1.91832386158941e-07,1.45793547673323,1.57852906588217,1,1.80577167992966,0.00577167992965943,0.00577167992965943,0.00577167992965943,3.33122892104335e-05,1.70180145485902,1.93851246353578,1
18,"n1400-b1_2-b2_2p5-b3_2p8",1400,8,178,1,1,0.6931472,0.9162907,1.029619,1.5,1.8,1,1.3,0.0735714285714286,465,228,447,260,FALSE,NA,TRUE,NA,0.805425398621975,0.112278198621976,0.112278198621976,0.112278198621976,0.0126063938857958,0.606231776911975,1.00731603062722,1,1.04124020091686,0.124949500916862,0.124949500916862,0.124949500916862,0.0156123777793729,0.866113519788653,1.21755401953286,1,0.870338841018799,-0.159280158981201,0.159280158981201,0.159280158981201,0.0253701690450765,0.623085516046092,1.11575870475676,1,1.45072805133246,-0.0492719486675395,0.0492719486675395,0.0492719486675395,0.00242772492549665,1.41238774804894,1.52069499595172,1,1.7753075176934,-0.0246924823066001,0.0246924823066001,0.0246924823066001,0.000609718682461761,1.74031699073602,1.83410209761225,1
18,"n1400-b1_2-b2_2p5-b3_2p8",1400,9,179,1,1,0.6931472,0.9162907,1.029619,1.5,1.8,1,1.3,0.0742857142857143,436,243,482,239,FALSE,NA,TRUE,NA,0.677958176376252,-0.015189023623748,0.015189023623748,0.015189023623748,0.000230706438642774,0.475849865474253,0.875017081382755,1,0.849806849368011,-0.0664838506319895,0.0664838506319895,0.0664838506319895,0.00442010239485669,0.671644442916211,1.02887985750827,1,1.31510623369348,0.28548723369348,0.28548723369348,0.28548723369348,0.0815029606019554,1.0646619207046,1.5648451950595,0,1.56072319599011,0.0607231959901147,0.0607231959901147,0.0607231959901147,0.00368730653125388,1.53179533116445,1.59799573708936,0,1.83391055554678,0.0339105555467787,0.0339105555467787,0.0339105555467787,0.00114992577749116,1.81078384197752,1.87855614245006,0
18,"n1400-b1_2-b2_2p5-b3_2p8",1400,10,180,1,1,0.6931472,0.9162907,1.029619,1.5,1.8,1,1.3,0.0985714285714285,468,241,444,247,FALSE,NA,TRUE,NA,0.841112630713518,0.147965430713518,0.147965430713518,0.147965430713518,0.021893768686237,0.635382952466502,1.04656665093675,1,1.10327920022615,0.186988500226153,0.186988500226153,0.186988500226153,0.034964699216826,0.917319515154756,1.29178273283904,0,0.904172325123917,-0.125446674876083,0.125446674876083,0.125446674876083,0.0157368682374656,0.653194281593136,1.16234079105124,1,1.50326740091703,0.00326740091703148,0.00326740091703148,0.00326740091703148,1.06759087526182e-05,1.49209301897624,1.51596147986654,1,1.79799036442966,-0.00200963557034339,0.00200963557034339,0.00200963557034339,4.03863512558942e-06,1.78689180815826,1.81581773975039,1
19,"n1400-b1_2-b2_2p5-b3_2p8",1400,1,181,1,1,0.6931472,0.9162907,1.029619,1.5,1.8,1,1.3,0.0764285714285714,463,189,493,255,FALSE,NA,TRUE,NA,0.625426564027775,-0.0677206359722254,0.0677206359722254,0.0677206359722254,0.00458608453648267,0.420124376449543,0.833575918374107,1,0.835222354711413,-0.0810683452885869,0.0810683452885869,0.0810683452885869,0.00657207660782954,0.666136246264134,1.01167267345543,1,1.00500888282305,-0.0246101171769539,0.0246101171769539,0.0246101171769539,0.000605657867463403,0.750494634507974,1.25487824999063,1,1.49113894749534,-0.00886105250465796,0.00886105250465796,0.00886105250465796,7.85182514903052e-05,1.43341314652682,1.53243247645348,1,1.77288602647763,-0.0271139735223738,0.0271139735223738,0.0271139735223738,0.000735167560171986,1.73952317684178,1.82582486005826,1
19,"n1400-b1_2-b2_2p5-b3_2p8",1400,2,182,1,1,0.6931472,0.9162907,1.029619,1.5,1.8,1,1.3,0.0757142857142857,498,203,470,229,FALSE,NA,TRUE,NA,0.63862849893148,-0.0545187010685202,0.0545187010685202,0.0545187010685202,0.00297228876619866,0.426475621594424,0.852263557326045,1,0.904061221119041,-0.0122294788809593,0.0122294788809593,0.0122294788809593,0.000149560153699829,0.720829887602116,1.08707177115693,1,1.03714753658941,0.00752853658941133,0.00752853658941133,0.00752853658941133,5.66788631781051e-05,0.778616557915182,1.29268664739234,1,1.54421238716041,0.0442123871604077,0.0442123871604077,0.0442123871604077,0.00195473517842178,1.49730198343214,1.60007829027699,1,1.82534525542876,0.0253452554287561,0.0253452554287561,0.0253452554287561,0.00064238197274889,1.80041638271714,1.88209256317867,0
19,"n1400-b1_2-b2_2p5-b3_2p8",1400,3,183,1,1,0.6931472,0.9162907,1.029619,1.5,1.8,1,1.3,0.0692857142857143,452,218,494,236,FALSE,NA,TRUE,NA,0.663354779275407,-0.0297924207245931,0.0297924207245931,0.0297924207245931,0.000887588332631164,0.462023739349587,0.867999481644472,1,1.01117276021632,0.0948820602163245,0.0948820602163245,0.0948820602163245,0.00900260535089423,0.834852763075912,1.19031778978425,1,0.931692732776031,-0.0979262672239689,0.0979262672239689,0.0979262672239689,0.00958955381242017,0.682870485003319,1.17703430420273,1,1.50216237848239,0.00216237848238965,0.00216237848238965,0.00216237848238965,4.67588070110176e-06,1.48564393212546,1.52758085208239,1,1.80806507571935,0.00806507571934634,0.00806507571934634,0.00806507571934634,6.50454463587898e-05,1.79152578466585,1.84222050971228,1
19,"n1400-b1_2-b2_2p5-b3_2p8",1400,4,184,1,1,0.6931472,0.9162907,1.029619,1.5,1.8,1,1.3,0.0778571428571428,470,204,486,240,FALSE,NA,TRUE,NA,0.68699489530464,-0.00615230469536032,0.00615230469536032,0.00615230469536032,3.78508530645527e-05,0.47753441610894,0.898031674281836,1,0.953848198505458,0.0375574985054579,0.0375574985054579,0.0375574985054579,0.00141056569398747,0.774018282626807,1.13462450989018,1,1.00272914880695,-0.0268898511930489,0.0268898511930489,0.0268898511930489,0.000723064097184312,0.748454720479885,1.25691166480337,1,1.51473994487841,0.014739944878408,0.014739944878408,0.014739944878408,0.000217265975018507,1.49200573504237,1.5689744196341,1,1.81442605988237,0.0144260598823691,0.0144260598823691,0.0144260598823691,0.0002081112037297,1.77707965409969,1.85803985032479,1
19,"n1400-b1_2-b2_2p5-b3_2p8",1400,5,185,1,1,0.6931472,0.9162907,1.029619,1.5,1.8,1,1.3,0.075,448,250,475,227,FALSE,NA,TRUE,NA,0.703399601653611,0.0102524016536112,0.0102524016536112,0.0102524016536112,0.000105111739666969,0.500981190124592,0.909915714732435,1,0.938242210281987,0.0219515102819873,0.0219515102819873,0.0219515102819873,0.000481868803660193,0.75913610353877,1.12445226626722,1,1.09237463850546,0.0627556385054557,0.0627556385054557,0.0627556385054557,0.00393827016422744,0.83581304791595,1.34546662443668,1,1.50213052970193,0.00213052970192806,0.00213052970192806,0.00213052970192806,4.53915681079768e-06,1.47028690746285,1.54678296936172,1,1.8105946039842,0.0105946039841986,0.0105946039841986,0.0105946039841986,0.000112245633581998,1.7688874367902,1.87254483006982,1
19,"n1400-b1_2-b2_2p5-b3_2p8",1400,6,186,1,1,0.6931472,0.9162907,1.029619,1.5,1.8,1,1.3,0.0785714285714286,458,252,476,214,FALSE,NA,TRUE,NA,0.779287243460765,0.086140043460765,0.086140043460765,0.086140043460765,0.00742010708742248,0.571561655348551,0.98737280512746,1,0.955495843267674,0.0392051432676744,0.0392051432676744,0.0392051432676744,0.00153704325863888,0.769312325529516,1.14573997310454,1,0.968052489255243,-0.0615665107447575,0.0615665107447575,0.0615665107447575,0.00379043524528434,0.713961610438386,1.22265921237479,1,1.43940514015365,-0.0605948598463466,0.0605948598463466,0.0605948598463466,0.00367173703979839,1.34586543948032,1.5159052397748,1,1.79126839021619,-0.00873160978380549,0.00873160978380549,0.00873160978380549,7.62410094166478e-05,1.74653094098175,1.85937183368867,1
19,"n1400-b1_2-b2_2p5-b3_2p8",1400,7,187,1,1,0.6931472,0.9162907,1.029619,1.5,1.8,1,1.3,0.0735714285714286,441,218,499,242,FALSE,NA,TRUE,NA,0.516896418439091,-0.176250781560909,0.176250781560909,0.176250781560909,0.0310643380008312,0.31095098734931,0.717112547644565,1,0.839292587422469,-0.0769981125775314,0.0769981125775314,0.0769981125775314,0.0059287093405022,0.667739900221337,1.01566999340403,1,1.28061928713823,0.251000287138235,0.251000287138235,0.251000287138235,0.0630011441434764,1.02819130809858,1.53376761051455,1,1.48803124120935,-0.0119687587906456,0.0119687587906456,0.0119687587906456,0.000143251186988657,1.33760871706261,1.58141652860468,1,1.84780498458486,0.0478049845848563,0.0478049845848563,0.0478049845848563,0.00228531655115835,1.76655104267689,2.0545011478864,1
19,"n1400-b1_2-b2_2p5-b3_2p8",1400,8,188,1,1,0.6931472,0.9162907,1.029619,1.5,1.8,1,1.3,0.0814285714285714,488,237,427,248,FALSE,NA,TRUE,NA,0.800356488786936,0.107209288786936,0.107209288786936,0.107209288786936,0.0114938316022006,0.59668951851193,1.00771444755089,1,1.13391098733438,0.217620287334379,0.217620287334379,0.217620287334379,0.0473585894594977,0.946880029774306,1.32360971648941,0,0.93656736410699,-0.0930516358930099,0.0930516358930099,0.0930516358930099,0.00865860694236529,0.682910071683607,1.18915627196256,1,1.48963100850694,-0.010368991493062,0.010368991493062,0.010368991493062,0.000107515984583193,1.46325881598565,1.53470502944668,1,1.81146378106073,0.0114637810607325,0.0114637810607325,0.0114637810607325,0.00013141827620841,1.78741097765383,1.87774427977199,1
19,"n1400-b1_2-b2_2p5-b3_2p8",1400,9,189,1,1,0.6931472,0.9162907,1.029619,1.5,1.8,1,1.3,0.0707142857142857,473,234,470,223,FALSE,NA,TRUE,NA,0.706484495397728,0.0133372953977275,0.0133372953977275,0.0133372953977275,0.000177883448526244,0.504514749748642,0.913101776638678,1,0.923216518219889,0.00692581821988858,0.00692581821988858,0.00692581821988858,4.79669580149406e-05,0.738102326376414,1.10966245183023,1,1.02164299626254,-0.00797600373746143,0.00797600373746143,0.00797600373746143,6.36166356199988e-05,0.766143796281963,1.27649949498784,1,1.54317874709919,0.0431787470991873,0.0431787470991873,0.0431787470991873,0.00186440420105558,1.45192787333802,1.64725353622658,1,1.83220738172247,0.0322073817224691,0.0322073817224691,0.0322073817224691,0.00103731543741683,1.77820447897477,1.91676775806615,1
19,"n1400-b1_2-b2_2p5-b3_2p8",1400,10,190,1,1,0.6931472,0.9162907,1.029619,1.5,1.8,1,1.3,0.0664285714285714,465,204,497,234,FALSE,NA,TRUE,NA,0.65716211186424,-0.0359850881357595,0.0359850881357595,0.0359850881357595,0.00129492656813838,0.445622804430864,0.867724377581071,1,0.922420038062193,0.00612933806219274,0.00612933806219274,0.00612933806219274,3.75687850806446e-05,0.74174362100935,1.10451307238257,1,1.16229888466516,0.132679884665163,0.132679884665163,0.132679884665163,0.0176039517947609,0.903956605262338,1.41884279813761,1,1.52309428823778,0.0230942882377825,0.0230942882377825,0.0230942882377825,0.000533346149209778,1.48826460339661,1.56928353260165,1,1.78977788323765,-0.0102221167623504,0.0102221167623504,0.0102221167623504,0.000104491671103125,1.74775674224283,1.88981445657739,1
20,"n1400-b1_2-b2_2p5-b3_2p8",1400,1,191,1,1,0.6931472,0.9162907,1.029619,1.5,1.8,1,1.3,0.0728571428571428,466,239,466,229,FALSE,NA,TRUE,NA,0.621576270306177,-0.0715709296938225,0.0715709296938225,0.0715709296938225,0.00512239797723808,0.412979920253829,0.82766546189755,1,0.949047870549427,0.0327571705494273,0.0327571705494273,0.0327571705494273,0.00107303222240427,0.765564944675037,1.13691174837989,1,1.09699649346757,0.0673774934675737,0.0673774934675737,0.0673774934675737,0.00453972662597294,0.84389442302448,1.35123046252399,1,1.50639881079615,0.00639881079614546,0.00639881079614546,0.00639881079614546,4.09447796048677e-05,1.48842622317873,1.54169240439038,1,1.78962176862123,-0.0103782313787733,0.0103782313787733,0.0103782313787733,0.000107707686551354,1.76597857081878,1.84619269794303,1
20,"n1400-b1_2-b2_2p5-b3_2p8",1400,2,192,1,1,0.6931472,0.9162907,1.029619,1.5,1.8,1,1.3,0.0664285714285714,462,224,492,222,FALSE,NA,TRUE,NA,0.520724850212291,-0.172422349787709,0.172422349787709,0.172422349787709,0.0297294667063152,0.321183657273764,0.720487056295057,1,0.664622052733137,-0.251668647266863,0.251668647266863,0.251668647266863,0.0633371080171327,0.489986400683816,0.844078432275068,0,1.16366035102661,0.134041351026614,0.134041351026614,0.134041351026614,0.01796708378504,0.914777742980893,1.41014226911316,1,1.50126986640158,0.001269866401576,0.001269866401576,0.001269866401576,1.61256067785159e-06,1.46632877962981,1.57278988152558,1,1.7253020113358,-0.0746979886641961,0.0746979886641961,0.0746979886641961,0.00557978951047637,1.58047224323359,1.81586984077026,1
20,"n1400-b1_2-b2_2p5-b3_2p8",1400,3,193,1,1,0.6931472,0.9162907,1.029619,1.5,1.8,1,1.3,0.075,485,222,484,209,FALSE,NA,TRUE,NA,0.727045538812502,0.0338983388125024,0.0338983388125024,0.0338983388125024,0.0011490973742472,0.51349628482496,0.937221387106847,1,0.923548104427062,0.00725740442706191,0.00725740442706191,0.00725740442706191,5.26699190179378e-05,0.737330020327303,1.11473930574685,1,1.00798790539665,-0.0216310946033502,0.0216310946033502,0.0216310946033502,0.000467904253739087,0.756916294106119,1.262757260961,1,1.52628409135561,0.0262840913556095,0.0262840913556095,0.0262840913556095,0.000690853458390026,1.45866730806993,1.652542571464,1,1.81440238606822,0.0144023860682168,0.0144023860682168,0.0144023860682168,0.000207428724457964,1.70711663138841,1.90985668250391,1
20,"n1400-b1_2-b2_2p5-b3_2p8",1400,4,194,1,1,0.6931472,0.9162907,1.029619,1.5,1.8,1,1.3,0.0757142857142857,466,249,451,234,FALSE,NA,TRUE,NA,0.712095962011407,0.0189487620114066,0.0189487620114066,0.0189487620114066,0.000359055581764926,0.507640454103368,0.914901363960975,1,1.13506014443079,0.218769444430786,0.218769444430786,0.218769444430786,0.0478600698165547,0.946268049690472,1.32703024450895,0,0.937999258373928,-0.0916197416260726,0.0916197416260726,0.0916197416260726,0.00839417705562829,0.685965863797851,1.19581159556593,1,1.51680762305668,0.0168076230566772,0.0168076230566772,0.0168076230566772,0.000282496192815346,1.47725249933239,1.56328425897346,1,1.807152754432,0.00715275443200381,0.00715275443200381,0.00715275443200381,5.11618959645501e-05,1.78030060669813,1.83798255982521,1
20,"n1400-b1_2-b2_2p5-b3_2p8",1400,5,195,1,1,0.6931472,0.9162907,1.029619,1.5,1.8,1,1.3,0.0607142857142857,491,234,468,207,FALSE,NA,TRUE,NA,0.699343243448401,0.00619604344840152,0.00619604344840152,0.00619604344840152,3.83909544144794e-05,0.493349912383334,0.907028570108136,1,0.910165607635195,-0.00612509236480518,0.00612509236480518,0.00612509236480518,3.75167564773948e-05,0.723600335527872,1.10069466840185,1,1.18395946865836,0.154340468658358,0.154340468658358,0.154340468658358,0.0238209802656817,0.929455404361151,1.43486459011334,1,1.51302802985529,0.0130280298552878,0.0130280298552878,0.0130280298552878,0.000169729561910271,1.47482920164765,1.58410696441966,1,1.84797880823111,0.0479788082311066,0.0479788082311066,0.0479788082311066,0.0023019660392773,1.80003654827533,1.96173281687077,0
20,"n1400-b1_2-b2_2p5-b3_2p8",1400,6,196,1,1,0.6931472,0.9162907,1.029619,1.5,1.8,1,1.3,0.0657142857142857,448,246,477,229,FALSE,NA,TRUE,NA,0.850370028081233,0.157222828081233,0.157222828081233,0.157222828081233,0.024719017669861,0.651638332073373,1.05570927924755,1,0.905862864544911,-0.0104278354550894,0.0104278354550894,0.0104278354550894,0.00010873975227842,0.727376967302773,1.08993900137187,1,0.914055286945158,-0.115563713054842,0.115563713054842,0.115563713054842,0.0133549717750218,0.666897351624345,1.15706320799944,1,1.5255873878819,0.0255873878819046,0.0255873878819046,0.0255873878819046,0.00065471441861904,1.41647698321219,1.59692395728942,1,1.92656176516341,0.126561765163407,0.126561765163407,0.126561765163407,0.0160178804012773,1.76208099979102,2.01577549098078,1
20,"n1400-b1_2-b2_2p5-b3_2p8",1400,7,197,1,1,0.6931472,0.9162907,1.029619,1.5,1.8,1,1.3,0.0642857142857143,466,240,463,231,FALSE,NA,TRUE,NA,0.569525818635103,-0.123621381364897,0.123621381364897,0.123621381364897,0.0152822459305654,0.368567020403722,0.766499549414036,1,0.823289121740018,-0.0930015782599825,0.0930015782599825,0.0930015782599825,0.00864929355884764,0.649679450877568,0.99817517562976,1,1.25656443237855,0.226945432378552,0.226945432378552,0.226945432378552,0.0515042292774877,1.01042155480736,1.50187224374496,1,1.49301981109915,-0.00698018890085361,0.00698018890085361,0.00698018890085361,4.87230370916e-05,1.4583669111576,1.52345216053807,1,1.79688139457542,-0.00311860542458176,0.00311860542458176,0.00311860542458176,9.72569979423075e-06,1.74820812965187,1.84696892010246,1
20,"n1400-b1_2-b2_2p5-b3_2p8",1400,8,198,1,1,0.6931472,0.9162907,1.029619,1.5,1.8,1,1.3,0.0678571428571428,511,225,450,214,FALSE,NA,TRUE,NA,0.801430495171191,0.108283295171191,0.108283295171191,0.108283295171191,0.0117252720131313,0.590219789236826,1.01577119424274,1,0.904887142892964,-0.0114035571070358,0.0114035571070358,0.0114035571070358,0.000130041114693426,0.718723472152011,1.09439475860292,1,0.840504531667178,-0.189114468332822,0.189114468332822,0.189114468332822,0.035764282132806,0.586996673612553,1.09195925091233,1,1.44738615654455,-0.0526138434554542,0.0526138434554542,0.0526138434554542,0.00276821652315504,1.38299624144187,1.5319412674289,1,1.78134163520063,-0.0186583647993706,0.0186583647993706,0.0186583647993706,0.00034813457698639,1.72644135166747,1.86580881053022,1
20,"n1400-b1_2-b2_2p5-b3_2p8",1400,9,199,1,1,0.6931472,0.9162907,1.029619,1.5,1.8,1,1.3,0.0707142857142857,494,230,466,210,FALSE,NA,TRUE,NA,0.775924726793445,0.0827775267934449,0.0827775267934449,0.0827775267934449,0.00685211894203948,0.566171452377338,0.990080575683228,1,0.984786211195627,0.0684955111956268,0.0684955111956268,0.0684955111956268,0.00469163505395024,0.7954116682633,1.17312286857416,1,1.00566286585929,-0.0239561341407102,0.0239561341407102,0.0239561341407102,0.0005738963629677,0.74780672106647,1.26060755113011,1,1.50047652979264,0.000476529792638569,0.000476529792638569,0.000476529792638569,2.27080643272158e-07,1.47110668118659,1.53829108691054,1,1.76966999406067,-0.0303300059393332,0.0303300059393332,0.0303300059393332,0.000919909260279988,1.73585603181044,1.80685453318003,1
20,"n1400-b1_2-b2_2p5-b3_2p8",1400,10,200,1,1,0.6931472,0.9162907,1.029619,1.5,1.8,1,1.3,0.0757142857142857,464,243,464,229,FALSE,NA,TRUE,NA,0.859336273531803,0.166189073531803,0.166189073531803,0.166189073531803,0.027618808161359,0.65743402713133,1.06721198598695,1,1.12396435577434,0.207673655774341,0.207673655774341,0.207673655774341,0.0431283473026795,0.94019302413984,1.31311529929135,0,0.76750811665018,-0.26211088334982,0.26211088334982,0.26211088334982,0.0687021151704231,0.516377321681039,1.01393359936687,0,1.49986908028476,-0.000130919715240818,0.000130919715240818,0.000130919715240818,1.71399718387369e-08,1.45350406689911,1.63555961024305,1,1.7949566003839,-0.00504339961609812,0.00504339961609812,0.00504339961609812,2.54358796876587e-05,1.74565592208947,1.86610030682883,1
21,"n1400-b1_2-b2_2p5-b3_2p8",1400,1,201,1,1,0.6931472,0.9162907,1.029619,1.5,1.8,1,1.3,0.0764285714285714,471,224,473,232,FALSE,NA,TRUE,NA,0.812734743100247,0.119587543100247,0.119587543100247,0.119587543100247,0.0143011804647535,0.609646079225455,1.02396745545872,1,0.908311764074754,-0.00797893592524557,0.00797893592524557,0.00797893592524557,6.36634184991743e-05,0.725863671553447,1.09652033091666,1,0.846947820601659,-0.182671179398341,0.182671179398341,0.182671179398341,0.0333687597827809,0.591222220122739,1.10251780074374,1,1.50954684748391,0.00954684748391244,0.00954684748391244,0.00954684748391244,9.11422968810852e-05,1.47893082691854,1.56877608757867,1,1.81439393761692,0.0143939376169173,0.0143939376169173,0.0143939376169173,0.000207185440119707,1.76645705750403,1.8612739136922,1
21,"n1400-b1_2-b2_2p5-b3_2p8",1400,2,202,1,1,0.6931472,0.9162907,1.029619,1.5,1.8,1,1.3,0.0685714285714286,467,246,445,242,FALSE,NA,TRUE,NA,0.795702049900261,0.102554849900262,0.102554849900262,0.102554849900262,0.0105174972380652,0.597286267419369,0.993911324466983,1,0.945275579595564,0.0289848795955643,0.0289848795955643,0.0289848795955643,0.000840123245169359,0.766032456558767,1.12449710414985,1,0.841061207543957,-0.188557792456044,0.188557792456044,0.188557792456044,0.0355540410958964,0.594797670824412,1.08593813723862,1,1.57115896481308,0.0711589648130846,0.0711589648130846,0.0711589648130846,0.00506359827326981,1.50020723077161,1.64224432186579,0,1.90436632764588,0.104366327645885,0.104366327645885,0.104366327645885,0.0108923303462882,1.79812371354398,1.97421362208928,1
21,"n1400-b1_2-b2_2p5-b3_2p8",1400,3,203,1,1,0.6931472,0.9162907,1.029619,1.5,1.8,1,1.3,0.0678571428571428,440,230,497,233,FALSE,NA,TRUE,NA,0.508192032613566,-0.184955167386434,0.184955167386434,0.184955167386434,0.0342084139429437,0.308928234981579,0.706603490908338,1,0.852438446560997,-0.0638522534390035,0.0638522534390035,0.0638522534390035,0.00407711026923873,0.68102822582354,1.02763023454494,1,1.32416684950677,0.294547849506765,0.294547849506765,0.294547849506765,0.0867584356490602,1.07514098375257,1.57605468836894,0,1.51281791671032,0.0128179167103153,0.0128179167103153,0.0128179167103153,0.00016429898879258,1.49107380495884,1.53860563801791,1,1.80891164405186,0.00891164405185996,0.00891164405185996,0.00891164405185996,7.94173997070509e-05,1.7887994453772,1.84471292868956,1
21,"n1400-b1_2-b2_2p5-b3_2p8",1400,4,204,1,1,0.6931472,0.9162907,1.029619,1.5,1.8,1,1.3,0.0707142857142857,475,215,450,260,FALSE,NA,TRUE,NA,0.786410619029837,0.0932634190298371,0.0932634190298371,0.0932634190298371,0.00869806532913499,0.584570888516992,0.989214330437984,1,0.88243782926467,-0.0338528707353299,0.0338528707353299,0.0338528707353299,0.00114601685702296,0.708109546004646,1.06164575388676,1,0.909294967762235,-0.120324032237765,0.120324032237765,0.120324032237765,0.0144778727339547,0.658320083659635,1.15751398035386,1,1.43011259297437,-0.0698874070256339,0.0698874070256339,0.0698874070256339,0.00488424966076662,1.40421809792265,1.48665053487106,0,1.77847619740839,-0.021523802591606,0.021523802591606,0.021523802591606,0.000463274078002426,1.72061368308295,1.82687887249842,1
21,"n1400-b1_2-b2_2p5-b3_2p8",1400,5,205,1,1,0.6931472,0.9162907,1.029619,1.5,1.8,1,1.3,0.0664285714285714,456,238,487,219,FALSE,NA,TRUE,NA,0.692489425560617,-0.000657774439382974,0.000657774439382974,0.000657774439382974,4.32667213105586e-07,0.489711849315925,0.897007691660494,1,1.00503279500561,0.0887420950056075,0.0887420950056075,0.0887420950056075,0.00787515942598426,0.820986546026248,1.19256561503439,1,0.948368259327098,-0.0812507406729017,0.0812507406729017,0.0812507406729017,0.00660168285989513,0.698504348566707,1.19930272307709,1,1.53113933676892,0.0311393367689201,0.0311393367689201,0.0311393367689201,0.00096965829440822,1.4899265319879,1.6133190976579,1,1.8142378259748,0.0142378259748008,0.0142378259748008,0.0142378259748008,0.000202715688488713,1.76613956767762,1.89086865846615,1
21,"n1400-b1_2-b2_2p5-b3_2p8",1400,6,206,1,1,0.6931472,0.9162907,1.029619,1.5,1.8,1,1.3,0.0714285714285714,454,248,472,226,FALSE,NA,TRUE,NA,0.573872564191615,-0.119274635808385,0.119274635808385,0.119274635808385,0.014226438747223,0.37352823877264,0.77189064185046,1,0.831338754626112,-0.0849519453738876,0.0849519453738876,0.0849519453738876,0.00721683302280799,0.654588998430813,1.0136472228755,1,1.17726832907182,0.147649329071825,0.147649329071825,0.147649329071825,0.0218003243753599,0.93148805482104,1.42399807768196,1,1.48573369875472,-0.0142663012452811,0.0142663012452811,0.0142663012452811,0.000203527351221108,1.45505499611355,1.50959687726853,1,1.79853981054358,-0.00146018945642146,0.00146018945642146,0.00146018945642146,2.13215324864439e-06,1.78280068755999,1.82894718973911,1
21,"n1400-b1_2-b2_2p5-b3_2p8",1400,7,207,1,1,0.6931472,0.9162907,1.029619,1.5,1.8,1,1.3,0.0728571428571428,452,233,466,249,FALSE,NA,TRUE,NA,0.795782437822826,0.102635237822826,0.102635237822826,0.102635237822826,0.010533992042948,0.595066466783473,0.998372864651388,1,0.910707838126392,-0.00558286187360757,0.00558286187360757,0.00558286187360757,3.1168346699781e-05,0.732714357838225,1.08803553501404,1,1.11042211548445,0.0808031154844464,0.0808031154844464,0.0808031154844464,0.00652914347199278,0.859613758702978,1.35927466756813,1,1.51346722078308,0.0134672207830775,0.0134672207830775,0.0134672207830775,0.000181366035620154,1.47957992823844,1.58293527683936,1,1.7941425505756,-0.00585744942439637,0.00585744942439637,0.00585744942439637,3.43097137593613e-05,1.74980463173662,1.8581296944204,1
21,"n1400-b1_2-b2_2p5-b3_2p8",1400,8,208,1,1,0.6931472,0.9162907,1.029619,1.5,1.8,1,1.3,0.0735714285714286,477,207,485,231,FALSE,NA,TRUE,NA,0.749494889408373,0.0563476894083733,0.0563476894083733,0.0563476894083733,0.00317506210166251,0.538363341426989,0.961594522588266,1,1.08852267283205,0.17223197283205,0.17223197283205,0.17223197283205,0.0296638524656199,0.900333423027723,1.27444055497448,1,0.965279938860152,-0.0643390611398481,0.0643390611398481,0.0643390611398481,0.00413951478835711,0.70961992095074,1.21891626469747,1,1.52730519332694,0.0273051933269375,0.0273051933269375,0.0273051933269375,0.000745573582621431,1.48848484560215,1.60446911791074,1,1.85900451451422,0.0590045145142166,0.0590045145142166,0.0590045145142166,0.0034815327330584,1.80540516232882,1.93801784830504,0
21,"n1400-b1_2-b2_2p5-b3_2p8",1400,9,209,1,1,0.6931472,0.9162907,1.029619,1.5,1.8,1,1.3,0.0707142857142857,493,225,459,223,FALSE,NA,TRUE,NA,0.59028248990476,-0.10286471009524,0.10286471009524,0.10286471009524,0.0105811485829778,0.383793004262782,0.799862801005431,1,0.883833967004398,-0.0324567329956021,0.0324567329956021,0.0324567329956021,0.00105343951674781,0.700529801971894,1.07494992196369,1,1.15839886169949,0.128779861699486,0.128779861699486,0.128779861699486,0.0165842527793388,0.902118831102123,1.41710914490163,1,1.48895684753143,-0.0110431524685692,0.0110431524685692,0.0110431524685692,0.000121951216444067,1.42386519628278,1.54276269924846,1,1.7767355787823,-0.0232644212176989,0.0232644212176989,0.0232644212176989,0.000541233294594518,1.74121556736971,1.83448076232045,1
21,"n1400-b1_2-b2_2p5-b3_2p8",1400,10,210,1,1,0.6931472,0.9162907,1.029619,1.5,1.8,1,1.3,0.0600000000000001,466,243,444,247,FALSE,NA,TRUE,NA,0.500498104056735,-0.192649095943265,0.192649095943265,0.192649095943265,0.0371136741677571,0.30684645319933,0.693216007344543,1,0.819911953812694,-0.0963787461873056,0.0963787461873056,0.0963787461873056,0.00928886271663707,0.652481670762428,0.99162947420529,1,1.16955614255253,0.139937142552531,0.139937142552531,0.139937142552531,0.0195824038657673,0.926869352636567,1.41082605655904,1,1.51999161490727,0.0199916149072732,0.0199916149072732,0.0199916149072732,0.000399664666600708,1.49743614678626,1.5529556871686,1,1.81293026833203,0.0129302683320283,0.0129302683320283,0.0129302683320283,0.000167191839138253,1.78243561514946,1.85414395180383,1
22,"n1400-b1_2-b2_2p5-b3_2p8",1400,1,211,1,1,0.6931472,0.9162907,1.029619,1.5,1.8,1,1.3,0.0607142857142857,489,238,447,226,FALSE,NA,TRUE,NA,0.535876523878481,-0.157270676121519,0.157270676121519,0.157270676121519,0.0247340655677197,0.340908913970646,0.734234454966149,1,0.736733036345478,-0.179557663654522,0.179557663654522,0.179557663654522,0.0322409545770705,0.557873555881147,0.916917963340528,1,1.18063986167806,0.15102086167806,0.15102086167806,0.15102086167806,0.0228073006619837,0.933718827921912,1.42500028782597,1,1.54666759385284,0.0466675938528396,0.0466675938528396,0.0466675938528396,0.00217786431601359,1.49456519957477,1.65248798087713,1,1.85229454890414,0.0522945489041389,0.0522945489041389,0.0522945489041389,0.00273471984508737,1.77349279532533,1.91811684895386,1
22,"n1400-b1_2-b2_2p5-b3_2p8",1400,2,212,1,1,0.6931472,0.9162907,1.029619,1.5,1.8,1,1.3,0.0742857142857143,473,212,482,233,FALSE,NA,TRUE,NA,0.620220097506579,-0.0729271024934212,0.0729271024934212,0.0729271024934212,0.00531836227808595,0.41178798252286,0.826858708175074,1,0.938730035082955,0.0224393350829549,0.0224393350829549,0.0224393350829549,0.000503523758965132,0.760969175928103,1.1212078435384,1,1.04251323683666,0.0128942368366551,0.0128942368366551,0.0128942368366551,0.000166261343599754,0.785936629728164,1.29697667012266,1,1.50645862074724,0.00645862074724191,0.00645862074724191,0.00645862074724191,4.17137819567036e-05,1.45862924317169,1.55640424099474,1,1.81916626825256,0.01916626825256,0.01916626825256,0.01916626825256,0.000367345838729088,1.76860047237574,1.87691585444261,1
22,"n1400-b1_2-b2_2p5-b3_2p8",1400,3,213,1,1,0.6931472,0.9162907,1.029619,1.5,1.8,1,1.3,0.0878571428571429,489,229,433,249,FALSE,NA,TRUE,NA,0.728819161058613,0.0356719610586129,0.0356719610586129,0.0356719610586129,0.0012724888057672,0.522551578286267,0.931858505333291,1,0.932958650475968,0.016667950475968,0.016667950475968,0.016667950475968,0.000277820573069323,0.753517658390462,1.11803115774368,1,1.04677355113273,0.0171545511327289,0.0171545511327289,0.0171545511327289,0.00029427862456541,0.796186109170826,1.29699127674847,1,1.51544365466245,0.0154436546624499,0.0154436546624499,0.0154436546624499,0.000238506469333011,1.47643389348955,1.5737429029521,1,1.80723038214273,0.00723038214273397,0.00723038214273397,0.00723038214273397,5.22784259299663e-05,1.76322567328653,1.86066505123562,1
22,"n1400-b1_2-b2_2p5-b3_2p8",1400,4,214,1,1,0.6931472,0.9162907,1.029619,1.5,1.8,1,1.3,0.0692857142857143,467,227,474,232,FALSE,NA,TRUE,NA,0.798368055308157,0.105220855308157,0.105220855308157,0.105220855308157,0.0110714283917801,0.588800963084844,1.00537490864795,1,0.980183857808914,0.0638931578089145,0.0638931578089145,0.0638931578089145,0.00408233561479485,0.793233257279861,1.16557407378846,1,0.908200164991555,-0.121418835008445,0.121418835008445,0.121418835008445,0.0147425334948079,0.656845222062263,1.16407926277563,1,1.47300044853794,-0.0269995514620587,0.0269995514620587,0.0269995514620587,0.000728975779152355,1.45701400094019,1.49485142829602,0,1.74617800956113,-0.0538219904388708,0.0538219904388708,0.0538219904388708,0.0028968066548019,1.70915306489856,1.7813235246669,0
22,"n1400-b1_2-b2_2p5-b3_2p8",1400,5,215,1,1,0.6931472,0.9162907,1.029619,1.5,1.8,1,1.3,0.0764285714285714,471,251,472,206,FALSE,NA,TRUE,NA,0.760066528453085,0.0669193284530847,0.0669193284530847,0.0669193284530847,0.00447819652061183,0.554103256216705,0.971211021268857,1,1.12296485877929,0.206674158779288,0.206674158779288,0.206674158779288,0.0427142079071261,0.929686256550122,1.3204328247711,0,0.986237257699819,-0.0433817423001809,0.0433817423001809,0.0433817423001809,0.0018819755649993,0.730312920537165,1.24071945890616,1,1.4805436129754,-0.0194563870246025,0.0194563870246025,0.0194563870246025,0.000378550996051121,1.42677399332855,1.52953694052217,1,1.7948760519649,-0.00512394803509642,0.00512394803509642,0.00512394803509642,2.62548434663684e-05,1.73244487555256,1.8519253670058,1
22,"n1400-b1_2-b2_2p5-b3_2p8",1400,6,216,1,1,0.6931472,0.9162907,1.029619,1.5,1.8,1,1.3,0.0685714285714286,501,215,433,251,FALSE,NA,TRUE,NA,0.819146613040098,0.125999413040098,0.125999413040098,0.125999413040098,0.0158758520864493,0.61387457863238,1.02426444393713,1,1.00093767830057,0.0846469783005668,0.0846469783005668,0.0846469783005668,0.00716511093541662,0.818987809219122,1.18850638875658,1,0.805139550393913,-0.224479449606087,0.224479449606087,0.224479449606087,0.0503910232954516,0.553624309670449,1.05440074149986,1,1.5059411965043,0.00594119650429681,0.00594119650429681,0.00594119650429681,3.52978159026686e-05,1.47514100288775,1.55986153202098,1,1.78746554112766,-0.0125344588723351,0.0125344588723351,0.0125344588723351,0.000157112659222259,1.74089719223359,1.82374679304231,1
22,"n1400-b1_2-b2_2p5-b3_2p8",1400,7,217,1,1,0.6931472,0.9162907,1.029619,1.5,1.8,1,1.3,0.0842857142857143,423,268,492,217,FALSE,NA,TRUE,NA,0.74278578912019,0.0496385891201896,0.0496385891201896,0.0496385891201896,0.002463989529843,0.538999857032472,0.949796001822477,1,1.05509619381277,0.138805493812767,0.138805493812767,0.138805493812767,0.019266965112606,0.866985278393926,1.2484862095443,1,1.03961447148831,0.00999547148830882,0.00999547148830882,0.00999547148830882,9.99094502735945e-05,0.78185081756768,1.29501225342423,1,1.49351742821308,-0.00648257178692124,0.00648257178692124,0.00648257178692124,4.20237369725873e-05,1.47082469544891,1.52076137758907,1,1.7847390006211,-0.0152609993788975,0.0152609993788975,0.0152609993788975,0.000232898102042709,1.74332782326758,1.82916694417114,1
22,"n1400-b1_2-b2_2p5-b3_2p8",1400,8,218,1,1,0.6931472,0.9162907,1.029619,1.5,1.8,1,1.3,0.0814285714285714,451,241,467,241,FALSE,NA,TRUE,NA,0.666249700300753,-0.026897499699247,0.026897499699247,0.026897499699247,0.000723475490070995,0.466811353764401,0.869697486434573,1,0.982114218962672,0.0658235189626725,0.0658235189626725,0.0658235189626725,0.0043327356486293,0.804781955522248,1.1629529838465,1,1.04563835273323,0.0160193527332344,0.0160193527332344,0.0160193527332344,0.000256619661991785,0.795579037898738,1.29419612105817,1,1.51080934893196,0.0108093489319563,0.0108093489319563,0.0108093489319563,0.000116842024332785,1.47874419358155,1.54995710458632,1,1.79803120441063,-0.00196879558937169,0.00196879558937169,0.00196879558937169,3.8761560727294e-06,1.76965527673034,1.83278168599617,1
22,"n1400-b1_2-b2_2p5-b3_2p8",1400,9,219,1,1,0.6931472,0.9162907,1.029619,1.5,1.8,1,1.3,0.0778571428571428,442,264,449,245,FALSE,NA,TRUE,NA,0.812906856034319,0.119759656034319,0.119759656034319,0.119759656034319,0.0143423752134584,0.614992686680723,1.01155497654537,1,0.956088207966525,0.039797507966525,0.039797507966525,0.039797507966525,0.00158384164034562,0.776453266712467,1.13881906769463,1,0.88790546651785,-0.14171353348215,0.14171353348215,0.14171353348215,0.0200827255719964,0.64189608551509,1.13198961378782,1,1.48871829620067,-0.0112817037993262,0.0112817037993262,0.0112817037993262,0.000127276840615732,1.46368331092467,1.5410708533172,1,1.76637291008659,-0.0336270899134112,0.0336270899134112,0.0336270899134112,0.00113078117604464,1.72440838876104,1.81264179424927,1
22,"n1400-b1_2-b2_2p5-b3_2p8",1400,10,220,1,1,0.6931472,0.9162907,1.029619,1.5,1.8,1,1.3,0.0742857142857143,450,248,482,220,FALSE,NA,TRUE,NA,0.718994355619655,0.0258471556196552,0.0258471556196552,0.0258471556196552,0.000668075453626675,0.516065692263932,0.931373944288033,1,0.987321398902869,0.0710306989028686,0.0710306989028686,0.0710306989028686,0.00504536018662998,0.802763601129894,1.1746190940424,1,0.90553695434438,-0.12408204565562,0.12408204565562,0.12408204565562,0.0153963540540833,0.650549111896988,1.15657669370988,1,1.49112277947602,-0.00887722052397621,0.00887722052397621,0.00887722052397621,7.88050442313045e-05,1.45199367009474,1.53148395238837,1,1.79396521519316,-0.00603478480684028,0.00603478480684028,0.00603478480684028,3.64186276648702e-05,1.77236932312428,1.82852667611995,1
23,"n1400-b1_2-b2_2p5-b3_2p8",1400,1,221,1,1,0.6931472,0.9162907,1.029619,1.5,1.8,1,1.3,0.0778571428571428,459,216,472,253,FALSE,NA,TRUE,NA,0.700640759973929,0.0074935599739292,0.0074935599739292,0.0074935599739292,5.61534410828738e-05,0.499089067933561,0.90122642282943,1,0.812355274980968,-0.103935425019032,0.103935425019032,0.103935425019032,0.0108025725738868,0.640640898055361,0.987856060007601,1,1.03106907074327,0.00145007074327097,0.00145007074327097,0.00145007074327097,2.10270516049042e-06,0.781433351108363,1.28127060440674,1,1.56670019120374,0.0667001912037393,0.0667001912037393,0.0667001912037393,0.00444891550661538,1.47723171228011,1.64029933267832,1,1.84257661630707,0.0425766163070651,0.0425766163070651,0.0425766163070651,0.00181276825615904,1.79082197613958,1.91613645645526,1
23,"n1400-b1_2-b2_2p5-b3_2p8",1400,2,222,1,1,0.6931472,0.9162907,1.029619,1.5,1.8,1,1.3,0.0721428571428572,497,235,448,220,FALSE,NA,TRUE,NA,0.642177117641774,-0.0509700823582261,0.0509700823582261,0.0509700823582261,0.00259794929560435,0.438217305200356,0.844988270894615,1,0.863308039910353,-0.0529826600896467,0.0529826600896467,0.0529826600896467,0.00280716227017504,0.680276347489921,1.04766975518141,1,1.09056880236367,0.0609498023636741,0.0609498023636741,0.0609498023636741,0.00371487840817093,0.839098114502247,1.34264581058483,1,1.51353199936109,0.0135319993610885,0.0135319993610885,0.0135319993610885,0.0001831150067085,1.48450548581603,1.58157887776427,1,1.8146045988516,0.0146045988516021,0.0146045988516021,0.0146045988516021,0.000213294307616219,1.7855425355913,1.86851907009824,1
23,"n1400-b1_2-b2_2p5-b3_2p8",1400,3,223,1,1,0.6931472,0.9162907,1.029619,1.5,1.8,1,1.3,0.0792857142857143,466,225,476,233,FALSE,NA,TRUE,NA,0.83429162435528,0.14114442435528,0.14114442435528,0.14114442435528,0.0199217485265834,0.628776447893003,1.0446010144042,1,0.99252042763292,0.0762297276329204,0.0762297276329204,0.0762297276329204,0.00581097137498922,0.805682325439195,1.1801636848126,1,0.887743709947463,-0.141875290052537,0.141875290052537,0.141875290052537,0.0201285979274915,0.63210326281969,1.14019795755355,1,1.48411515881748,-0.0158848411825203,0.0158848411825203,0.0158848411825203,0.000252328179393893,1.36500337711756,1.52297949160927,1,1.81152901806585,0.0115290180658532,0.0115290180658532,0.0115290180658532,0.000132918257562768,1.77537262404189,1.97314218447652,1
23,"n1400-b1_2-b2_2p5-b3_2p8",1400,4,224,1,1,0.6931472,0.9162907,1.029619,1.5,1.8,1,1.3,0.0721428571428572,464,247,458,231,FALSE,NA,TRUE,NA,0.726048242874493,0.0329010428744932,0.0329010428744932,0.0329010428744932,0.00108247862222924,0.529533417547793,0.926897041974611,1,0.918674123916872,0.00238342391687241,0.00238342391687241,0.00238342391687241,5.68070956751941e-06,0.743149890447663,1.09934190726584,1,1.07727963413117,0.0476606341311681,0.0476606341311681,0.0476606341311681,0.00227153604578506,0.829007267261087,1.32516961273055,1,1.529730782037,0.029730782037001,0.029730782037001,0.029730782037001,0.00088391940053166,1.50008738373522,1.55668102698028,0,1.80155918563267,0.00155918563266955,0.00155918563266955,0.00155918563266955,2.43105983712313e-06,1.79030312227267,1.82304016098167,1
23,"n1400-b1_2-b2_2p5-b3_2p8",1400,5,225,1,1,0.6931472,0.9162907,1.029619,1.5,1.8,1,1.3,0.07,449,244,481,226,FALSE,NA,TRUE,NA,0.66835182222427,-0.02479537777573,0.02479537777573,0.02479537777573,0.000614810759041167,0.469084165682908,0.867158509852746,1,0.945964318418806,0.0296736184188063,0.0296736184188063,0.0296736184188063,0.000880523630064923,0.767170487278832,1.12993740969331,1,1.03834605771638,0.00872705771638116,0.00872705771638116,0.00872705771638116,7.61615363850479e-05,0.792415548888026,1.28168698140445,1,1.49386322410515,-0.00613677589484585,0.00613677589484585,0.00613677589484585,3.7660018383561e-05,1.46518222166065,1.54293116983116,1,1.78978961308196,-0.0102103869180414,0.0102103869180414,0.0102103869180414,0.000104252001016112,1.75070055197522,1.84310231625354,1
23,"n1400-b1_2-b2_2p5-b3_2p8",1400,6,226,1,1,0.6931472,0.9162907,1.029619,1.5,1.8,1,1.3,0.0607142857142857,476,235,467,222,FALSE,NA,TRUE,NA,0.84578412412155,0.15263692412155,0.15263692412155,0.15263692412155,0.0232980306052879,0.640242248292326,1.05030916733293,1,0.811478266381524,-0.104812433618476,0.104812433618476,0.104812433618476,0.0109856462410275,0.631594654306896,0.996507021340787,1,0.829446208490567,-0.200172791509433,0.200172791509433,0.200172791509433,0.0400691464606788,0.582267323153503,1.07912876993044,1,1.45714335374279,-0.0428566462572086,0.0428566462572086,0.0428566462572086,0.00183669212841552,1.42664475948555,1.52611691317429,1,1.81196520606443,0.0119652060644275,0.0119652060644275,0.0119652060644275,0.000143166156164213,1.77659719680315,1.86859537629757,1
23,"n1400-b1_2-b2_2p5-b3_2p8",1400,7,227,1,1,0.6931472,0.9162907,1.029619,1.5,1.8,1,1.3,0.0771428571428572,482,209,480,229,FALSE,NA,TRUE,NA,0.700686517569746,0.0075393175697458,0.0075393175697458,0.0075393175697458,5.68413094174777e-05,0.492641095243672,0.915683878104472,1,0.927346842162803,0.011056142162803,0.011056142162803,0.011056142162803,0.000122238279524111,0.746671500120067,1.11172066624077,1,1.12076271935128,0.0911437193512847,0.0911437193512847,0.0911437193512847,0.00830717757718575,0.861778010909655,1.37861100244028,1,1.53070703412015,0.0307070341201539,0.0307070341201539,0.0307070341201539,0.000942921944456293,1.48894471367991,1.63200142664936,1,1.8131006284006,0.013100628400597,0.013100628400597,0.013100628400597,0.000171626464490529,1.78097151993702,1.87824582865046,1
23,"n1400-b1_2-b2_2p5-b3_2p8",1400,8,228,1,1,0.6931472,0.9162907,1.029619,1.5,1.8,1,1.3,0.0714285714285714,438,229,478,255,FALSE,NA,TRUE,NA,0.666869358647838,-0.0262778413521616,0.0262778413521616,0.0262778413521616,0.000690524946129374,0.468910353304552,0.863437736301192,1,0.901743161481711,-0.0145475385182889,0.0145475385182889,0.0145475385182889,0.0002116308769411,0.729453216865665,1.0759710697652,1,1.05323561551638,0.0236166155163824,0.0236166155163824,0.0236166155163824,0.000557744528448633,0.80788790180203,1.29966644323748,1,1.52914726155633,0.0291472615563309,0.0291472615563309,0.0291472615563309,0.000849562856233162,1.49308020119536,1.57585115219918,1,1.81333637686737,0.0133363768673673,0.0133363768673673,0.0133363768673673,0.00017785894794845,1.77313729591112,1.88173901402621,1
23,"n1400-b1_2-b2_2p5-b3_2p8",1400,9,229,1,1,0.6931472,0.9162907,1.029619,1.5,1.8,1,1.3,0.0714285714285714,476,244,455,225,FALSE,NA,TRUE,NA,0.713935194820236,0.0207879948202356,0.0207879948202356,0.0207879948202356,0.000432140728646144,0.507970739381972,0.918027682549899,1,0.990125659834061,0.0738349598340612,0.0738349598340612,0.0738349598340612,0.00545160129369743,0.805840812414378,1.17873323645189,1,0.954922889676242,-0.0746961103237586,0.0746961103237586,0.0746961103237586,0.00557950889749911,0.702560592099399,1.20393252100475,1,1.50461124301917,0.00461124301917382,0.00461124301917382,0.00461124301917382,2.12635621818793e-05,1.47836360291973,1.536758058801,1,1.78693302970579,-0.0130669702942068,0.0130669702942068,0.0130669702942068,0.000170745712669682,1.74995577567824,1.83494660633967,1
23,"n1400-b1_2-b2_2p5-b3_2p8",1400,10,230,1,1,0.6931472,0.9162907,1.029619,1.5,1.8,1,1.3,0.0742857142857143,485,252,444,219,FALSE,NA,TRUE,NA,0.709414459941055,0.0162672599410549,0.0162672599410549,0.0162672599410549,0.000264623745989851,0.504133275655133,0.916454664678286,1,0.847536964187365,-0.0687537358126346,0.0687537358126346,0.0687537358126346,0.00472707618819355,0.661138114285556,1.03750571708657,1,1.14416841328262,0.114549413282621,0.114549413282621,0.114549413282621,0.0131215680833927,0.888639294797495,1.39689175274537,1,1.44273651849986,-0.0572634815001447,0.0572634815001447,0.0572634815001447,0.00327910631351742,1.40384162423786,1.49717836712182,0,1.7674997962819,-0.0325002037181001,0.0325002037181001,0.0325002037181001,0.00105626324171801,1.7302130072752,1.81579471746037,1
24,"n1400-b1_2-b2_2p5-b3_2p8",1400,1,231,1,1,0.6931472,0.9162907,1.029619,1.5,1.8,1,1.3,0.0635714285714286,456,233,473,238,FALSE,NA,TRUE,NA,0.755087739958405,0.0619405399584048,0.0619405399584048,0.0619405399584048,0.00383663049033874,0.553323491200939,0.956690572041682,1,0.917241051181445,0.000950351181445153,0.000950351181445153,0.000950351181445153,9.03167368074197e-07,0.740284646058054,1.09795501203854,1,0.942639218503969,-0.0869797814960315,0.0869797814960315,0.0869797814960315,0.00756548238909738,0.698552254364769,1.1875832757661,1,1.49646860094999,-0.00353139905001365,0.00353139905001365,0.00353139905001365,1.24707792504373e-05,1.4095773835425,1.59372880088485,1,1.79790673363023,-0.00209326636977014,0.00209326636977014,0.00209326636977014,4.38176409481067e-06,1.72713436987114,1.85271924281538,1
24,"n1400-b1_2-b2_2p5-b3_2p8",1400,2,232,1,1,0.6931472,0.9162907,1.029619,1.5,1.8,1,1.3,0.07,457,238,448,257,FALSE,NA,TRUE,NA,0.695555334208103,0.00240813420810326,0.00240813420810326,0.00240813420810326,5.79911036423713e-06,0.504712874601413,0.886036007503941,1,0.808940096270956,-0.107350603729044,0.107350603729044,0.107350603729044,0.0115241521209901,0.636381156402231,0.980806404754202,1,0.988613953696342,-0.0410050463036583,0.0410050463036583,0.0410050463036583,0.00168141382236516,0.749719197679713,1.23054720557429,1,1.50876177441367,0.0087617744136681,0.0087617744136681,0.0087617744136681,7.6768690876009e-05,1.47805089275624,1.59656786188094,1,1.79871241859384,-0.00128758140615792,0.00128758140615792,0.00128758140615792,1.65786587748361e-06,1.72587574977509,1.87259797521448,1
24,"n1400-b1_2-b2_2p5-b3_2p8",1400,3,233,1,1,0.6931472,0.9162907,1.029619,1.5,1.8,1,1.3,0.07,465,243,480,212,FALSE,NA,TRUE,NA,0.727078228148317,0.0339310281483168,0.0339310281483168,0.0339310281483168,0.00115131467120187,0.522210150933268,0.934632645595938,1,0.826453561461903,-0.0898371385380969,0.0898371385380969,0.0898371385380969,0.00807071146071322,0.641999941712025,1.01529229891239,1,1.12810867998499,0.0984896799849877,0.0984896799849877,0.0984896799849877,0.00970021706354529,0.874618056562371,1.38446382166946,1,1.49581194011157,-0.00418805988843007,0.00418805988843007,0.00418805988843007,1.75398456290769e-05,1.39153033041423,1.60051460511107,1,1.86990257399647,0.0699025739964696,0.0699025739964696,0.0699025739964696,0.00488636985133191,1.77753569350079,2.01224798761308,1
24,"n1400-b1_2-b2_2p5-b3_2p8",1400,4,234,1,1,0.6931472,0.9162907,1.029619,1.5,1.8,1,1.3,0.0778571428571428,468,243,443,246,FALSE,NA,TRUE,NA,0.719450832726915,0.0263036327269149,0.0263036327269149,0.0263036327269149,0.000691881094632431,0.518637850426694,0.91844137941993,1,0.86522147369929,-0.0510692263007098,0.0510692263007098,0.0510692263007098,0.00260806587495311,0.685935524152651,1.0463995083384,1,0.948163456704249,-0.0814555432957508,0.0814555432957508,0.0814555432957508,0.00663500553360593,0.698313238616336,1.19589735370558,1,1.50300645747132,0.00300645747132244,0.00300645747132244,0.00300645747132244,9.03878652687054e-06,1.47476696199936,1.55426541975597,1,1.80158773881225,0.00158773881224694,0.00158773881224694,0.00158773881224694,2.52091453591533e-06,1.76474942378327,1.84186652710861,1
24,"n1400-b1_2-b2_2p5-b3_2p8",1400,5,235,1,1,0.6931472,0.9162907,1.029619,1.5,1.8,1,1.3,0.0964285714285714,430,236,470,264,FALSE,NA,TRUE,NA,0.591930451789328,-0.101216748210672,0.101216748210672,0.101216748210672,0.0102448301183425,0.392981296473898,0.786540634717722,1,0.830192676053805,-0.0860980239461955,0.0860980239461955,0.0860980239461955,0.00741286972743965,0.657641950070447,1.00677606162207,1,0.999949331014193,-0.0296696689858068,0.0296696689858068,0.0296696689858068,0.000880289257727346,0.755154071581391,1.24701279634166,1,1.52247537549088,0.0224753754908782,0.0224753754908782,0.0224753754908782,0.000505142503455968,1.48648483680206,1.59642952952589,1,1.7926610189526,-0.00733898104740227,0.00733898104740227,0.00733898104740227,5.38606428141297e-05,1.76110891333525,1.8517688163362,1
24,"n1400-b1_2-b2_2p5-b3_2p8",1400,6,236,1,1,0.6931472,0.9162907,1.029619,1.5,1.8,1,1.3,0.0635714285714286,481,224,469,226,FALSE,NA,TRUE,NA,0.813808745055725,0.120661545055725,0.120661545055725,0.120661545055725,0.0145592084552347,0.607278441572035,1.02272937145172,1,1.00926158771289,0.0929708877128896,0.0929708877128896,0.0929708877128896,0.00864358596212273,0.826427259719491,1.19385785800253,1,0.898916780590776,-0.130702219409224,0.130702219409224,0.130702219409224,0.0170830701584968,0.644631421664504,1.14713639594587,1,1.50611577762762,0.00611577762761883,0.00611577762761883,0.00611577762761883,3.74027359904831e-05,1.46295178021908,1.61794008227962,1,1.77833991550647,-0.0216600844935335,0.0216600844935335,0.0216600844935335,0.000469159260267011,1.68631859259293,1.87468730955741,1
24,"n1400-b1_2-b2_2p5-b3_2p8",1400,7,237,1,1,0.6931472,0.9162907,1.029619,1.5,1.8,1,1.3,0.0728571428571428,461,244,454,241,FALSE,NA,TRUE,NA,0.682679958253099,-0.0104672417469011,0.0104672417469011,0.0104672417469011,0.000109563149788068,0.482250504413567,0.885817862071108,1,0.793908728022081,-0.122381971977919,0.122381971977919,0.122381971977919,0.0149773470652041,0.615226773088262,0.97595973117062,1,1.1881697994195,0.158550799419496,0.158550799419496,0.158550799419496,0.0251383559965612,0.935715799850704,1.43727717754409,1,1.50690389447061,0.00690389447060724,0.00690389447060724,0.00690389447060724,4.76637588612812e-05,1.46111200479496,1.55310743763916,1,1.79887723984408,-0.00112276015592228,0.00112276015592228,0.00112276015592228,1.26059036772661e-06,1.76290140685798,1.85099974759007,1
24,"n1400-b1_2-b2_2p5-b3_2p8",1400,8,238,1,1,0.6931472,0.9162907,1.029619,1.5,1.8,1,1.3,0.07,456,248,466,230,FALSE,NA,TRUE,NA,0.654137175320617,-0.039010024679383,0.039010024679383,0.039010024679383,0.00152178202548607,0.451754814235698,0.855980014475256,1,0.944776793210019,0.0284860932100194,0.0284860932100194,0.0284860932100194,0.000811457506369912,0.761926789324894,1.13189184949259,1,0.865780234438197,-0.163838765561803,0.163838765561803,0.163838765561803,0.0268431411008156,0.618711756494,1.1160642295226,1,1.50599334531177,0.00599334531176732,0.00599334531176732,0.00599334531176732,3.59201880260833e-05,1.47802874569295,1.56966851629896,1,1.82170247190231,0.0217024719023056,0.0217024719023056,0.0217024719023056,0.000470997286670362,1.78717065402374,1.87953667281564,1
24,"n1400-b1_2-b2_2p5-b3_2p8",1400,9,239,1,1,0.6931472,0.9162907,1.029619,1.5,1.8,1,1.3,0.0771428571428572,467,258,433,242,FALSE,NA,TRUE,NA,0.799370542950224,0.106223342950224,0.106223342950224,0.106223342950224,0.0112833985875208,0.601472554947913,0.998132252553562,1,0.889101596567424,-0.0271891034325764,0.0271891034325764,0.0271891034325764,0.000739247345467338,0.708544561611389,1.07647359077764,1,0.908327794806422,-0.121291205193578,0.121291205193578,0.121291205193578,0.0147115564573107,0.66042826981693,1.15293056661853,1,1.51758795472441,0.0175879547244142,0.0175879547244142,0.0175879547244142,0.000309336151388044,1.4468484826303,1.65780530264369,1,1.83746022874568,0.0374602287456849,0.0374602287456849,0.0374602287456849,0.00140326873767904,1.78205068662851,1.93237829298584,1
24,"n1400-b1_2-b2_2p5-b3_2p8",1400,10,240,1,1,0.6931472,0.9162907,1.029619,1.5,1.8,1,1.3,0.0678571428571428,456,238,451,255,FALSE,NA,TRUE,NA,0.819904393913917,0.126757193913917,0.126757193913917,0.126757193913917,0.0160673862089304,0.621472655368104,1.01985342134198,1,0.961721741145204,0.0454310411452041,0.0454310411452041,0.0454310411452041,0.00206397949953723,0.786136222567316,1.14164222646572,1,0.963898668563689,-0.0657203314363106,0.0657203314363106,0.0657203314363106,0.00431916196409852,0.713539704177532,1.21097641410268,1,1.51695830460257,0.0169583046025665,0.0169583046025665,0.0169583046025665,0.000287584094993429,1.46385800327577,1.59659282460689,1,1.81817541556575,0.0181754155657545,0.0181754155657545,0.0181754155657545,0.000330345730987872,1.7553663423772,1.90386639377351,1
25,"n1400-b1_2-b2_2p5-b3_2p8",1400,1,241,1,1,0.6931472,0.9162907,1.029619,1.5,1.8,1,1.3,0.0757142857142857,457,231,464,248,FALSE,NA,TRUE,NA,0.869055715392722,0.175908515392722,0.175908515392722,0.175908515392722,0.0309438057876714,0.667928722343933,1.0712095733965,1,0.97730416351773,0.0610134635177302,0.0610134635177302,0.0610134635177302,0.00372264273042939,0.800636896312786,1.15848271085553,1,0.81320750938362,-0.21641149061638,0.21641149061638,0.21641149061638,0.0468339332708037,0.564406506466042,1.05831227575133,1,1.49445259656089,-0.00554740343910964,0.00554740343910964,0.00554740343910964,3.07736849162455e-05,1.4651010680589,1.53393916678076,1,1.79639865450659,-0.00360134549341251,0.00360134549341251,0.00360134549341251,1.29696893629226e-05,1.75622065329288,1.85389050761326,1
25,"n1400-b1_2-b2_2p5-b3_2p8",1400,2,242,1,1,0.6931472,0.9162907,1.029619,1.5,1.8,1,1.3,0.0814285714285714,480,243,436,241,FALSE,NA,TRUE,NA,0.848824975624602,0.155677775624602,0.155677775624602,0.155677775624602,0.0242355698234239,0.645279214270113,1.0547468482684,1,0.941133130604457,0.0248424306044572,0.0248424306044572,0.0248424306044572,0.000617146358337273,0.758336706700439,1.12935543283747,1,1.03658329589573,0.00696429589572944,0.00696429589572944,0.00696429589572944,4.8501417323274e-05,0.779732437987914,1.2921031673265,1,1.47702911232439,-0.0229708876756078,0.0229708876756078,0.0229708876756078,0.000527661680605392,1.46009773745181,1.51058354799497,1,1.79511156411076,-0.00488843588923848,0.00488843588923848,0.00488843588923848,2.38968054431949e-05,1.74344299388058,1.87651218789054,1
25,"n1400-b1_2-b2_2p5-b3_2p8",1400,3,243,1,1,0.6931472,0.9162907,1.029619,1.5,1.8,1,1.3,0.0721428571428572,471,248,464,217,FALSE,NA,TRUE,NA,0.656595383970509,-0.036551816029491,0.036551816029491,0.036551816029491,0.00133603525505375,0.453938675572537,0.862521334328152,1,0.960996723579956,0.0447060235799562,0.0447060235799562,0.0447060235799562,0.0019986285443316,0.775604026265893,1.14832004114221,1,0.999433289310215,-0.0301857106897849,0.0301857106897849,0.0301857106897849,0.000911177129847396,0.7518772160493,1.24866732296872,1,1.49391447606607,-0.00608552393393302,0.00608552393393302,0.00608552393393302,3.70336015504717e-05,1.48118369692732,1.51599065871185,1,1.78541016833955,-0.0145898316604496,0.0145898316604496,0.0145898316604496,0.000212863187880257,1.75842349454442,1.81373292014845,1
25,"n1400-b1_2-b2_2p5-b3_2p8",1400,4,244,1,1,0.6931472,0.9162907,1.029619,1.5,1.8,1,1.3,0.0664285714285714,482,235,450,233,FALSE,NA,TRUE,NA,0.609801042431189,-0.0833461575688114,0.0833461575688114,0.0833461575688114,0.00694658198148513,0.408933429820306,0.806593008607566,1,0.856788212116912,-0.059502487883088,0.059502487883088,0.059502487883088,0.00354054606427703,0.681216427942918,1.03959752738974,1,1.10898977365222,0.0793707736522249,0.0793707736522249,0.0793707736522249,0.00629971971015272,0.860969989804225,1.3617490671784,1,1.53359717159393,0.0335971715939334,0.0335971715939334,0.0335971715939334,0.0011287699391122,1.48621476096572,1.62369556416305,1,1.82400126235239,0.0240012623523915,0.0240012623523915,0.0240012623523915,0.000576060594508327,1.78407256574249,1.89374280925586,1
25,"n1400-b1_2-b2_2p5-b3_2p8",1400,5,245,1,1,0.6931472,0.9162907,1.029619,1.5,1.8,1,1.3,0.0649999999999999,462,255,461,222,FALSE,NA,TRUE,NA,0.642784587936886,-0.0503626120631137,0.0503626120631137,0.0503626120631137,0.00253639269381968,0.442683804201994,0.844312727935146,1,1.04916152718889,0.13287082718889,0.13287082718889,0.13287082718889,0.01765465671786,0.867043629649337,1.23568184085486,1,0.990623920966249,-0.0389950790337514,0.0389950790337514,0.0389950790337514,0.00152061618884852,0.743853563759275,1.23606303538692,1,1.48217151492101,-0.0178284850789852,0.0178284850789852,0.0178284850789852,0.000317854880211596,1.37273565739949,1.54209287462808,1,1.79093224588215,-0.00906775411785166,0.00906775411785166,0.00906775411785166,8.22241647418157e-05,1.73815024362264,1.82465385021558,1
25,"n1400-b1_2-b2_2p5-b3_2p8",1400,6,246,1,1,0.6931472,0.9162907,1.029619,1.5,1.8,1,1.3,0.0678571428571428,469,225,480,226,FALSE,NA,TRUE,NA,0.860665669517848,0.167518469517848,0.167518469517848,0.167518469517848,0.0280624376296023,0.651592927546402,1.07112702822215,1,0.923404349476591,0.00711364947659054,0.00711364947659054,0.00711364947659054,5.06040088757969e-05,0.737001420741271,1.11315903729055,1,0.803258943000283,-0.226360056999718,0.226360056999718,0.226360056999718,0.0512388754049154,0.546658941100775,1.05433852666852,1,1.51819128159859,0.0181912815985898,0.0181912815985898,0.0181912815985898,0.000330922726199194,1.49444844638312,1.59122426344254,1,1.8116030622926,0.0116030622926018,0.0116030622926018,0.0116030622926018,0.000134631054565997,1.7750760357465,1.87902337908085,1
25,"n1400-b1_2-b2_2p5-b3_2p8",1400,7,247,1,1,0.6931472,0.9162907,1.029619,1.5,1.8,1,1.3,0.0628571428571428,465,242,462,231,FALSE,NA,TRUE,NA,0.768744052320271,0.0755968523202712,0.0755968523202712,0.0755968523202712,0.0057148840807329,0.56833731908124,0.973565833231101,1,0.995416110218831,0.0791254102188308,0.0791254102188308,0.0791254102188308,0.00626083054229825,0.81355052802229,1.18217713922728,1,0.789245750152563,-0.240373249847437,0.240373249847437,0.240373249847437,0.0577792992422184,0.540427179961829,1.0345703216142,1,1.51808587592652,0.0180858759265214,0.0180858759265214,0.0180858759265214,0.000327098908029528,1.49071477052018,1.54546817685332,1,1.78892282048423,-0.0110771795157694,0.0110771795157694,0.0110771795157694,0.00012270390602458,1.76673799846036,1.81962312716617,1
25,"n1400-b1_2-b2_2p5-b3_2p8",1400,8,248,1,1,0.6931472,0.9162907,1.029619,1.5,1.8,1,1.3,0.075,479,214,466,241,FALSE,NA,TRUE,NA,0.787356237453682,0.0942090374536824,0.0942090374536824,0.0942090374536824,0.00887534273794933,0.577328669206794,0.994790670629113,1,0.970344275464711,0.054053575464711,0.054053575464711,0.054053575464711,0.00292178902051921,0.78858756133748,1.15855995645847,1,0.957730875287894,-0.0718881247121059,0.0718881247121059,0.0718881247121059,0.00516790247462329,0.703319974010219,1.21342804974076,1,1.49183855515526,-0.00816144484474002,0.00816144484474002,0.00816144484474002,6.66091819537334e-05,1.45039331885436,1.54386912087578,1,1.79481689944937,-0.00518310055062732,0.00518310055062732,0.00518310055062732,2.68645313179132e-05,1.76094196880242,1.85317862225149,1
25,"n1400-b1_2-b2_2p5-b3_2p8",1400,9,249,1,1,0.6931472,0.9162907,1.029619,1.5,1.8,1,1.3,0.0821428571428572,466,243,447,244,FALSE,NA,TRUE,NA,0.597243204902337,-0.0959039950976629,0.0959039950976629,0.0959039950976629,0.00919757627569255,0.397470889575867,0.79884420337631,1,0.842342526217202,-0.0739481737827984,0.0739481737827984,0.0739481737827984,0.00546833240581095,0.662187220348452,1.02640141017722,1,1.13957329137448,0.109954291374479,0.109954291374479,0.109954291374479,0.0120899461916638,0.88763159836223,1.38957258438497,1,1.51695776494458,0.0169577649445827,0.0169577649445827,0.0169577649445827,0.000287565791915717,1.46937773438353,1.60280009254925,1,1.80621473222872,0.00621473222872249,0.00621473222872249,0.00621473222872249,3.8622896674722e-05,1.76138503659411,1.87666126116733,1
25,"n1400-b1_2-b2_2p5-b3_2p8",1400,10,250,1,1,0.6931472,0.9162907,1.029619,1.5,1.8,1,1.3,0.0771428571428572,464,242,470,224,FALSE,NA,TRUE,NA,0.581291587329277,-0.111855612670723,0.111855612670723,0.111855612670723,0.0125116780859429,0.380695258338644,0.786562893722761,1,0.891178214806213,-0.0251124851937869,0.0251124851937869,0.0251124851937869,0.000630636912608169,0.706945545080746,1.07877374499336,1,1.24976483466533,0.220145834665331,0.220145834665331,0.220145834665331,0.0484641885204954,0.997344185084802,1.50242533500308,1,1.51599278574745,0.0159927857474467,0.0159927857474467,0.0159927857474467,0.000255769195963733,1.49737979003204,1.55777556386235,1,1.80283840279889,0.00283840279888836,0.00283840279888836,0.00283840279888836,8.05653044873729e-06,1.77445181611411,1.85684071908359,1
26,"n1400-b1_2-b2_2p5-b3_2p8",1400,1,251,1,1,0.6931472,0.9162907,1.029619,1.5,1.8,1,1.3,0.0714285714285714,468,245,476,211,FALSE,NA,TRUE,NA,0.94687178109206,0.25372458109206,0.25372458109206,0.25372458109206,0.0643761630503413,0.73460802727029,1.16545729815955,0,1.13463552834403,0.218344828344035,0.218344828344035,0.218344828344035,0.047674464064586,0.94128160830685,1.33008952327695,0,0.781685879094548,-0.247933120905452,0.247933120905452,0.247933120905452,0.0614708324419173,0.526030188808689,1.03898291409232,1,1.49820065305698,-0.00179934694302042,0.00179934694302042,0.00179934694302042,3.23764942135693e-06,1.45191262626884,1.57692616960593,1,1.77501832827266,-0.0249816717273403,0.0249816717273403,0.0249816717273403,0.000624083922292596,1.70619074275297,1.84559501779513,1
26,"n1400-b1_2-b2_2p5-b3_2p8",1400,2,252,1,1,0.6931472,0.9162907,1.029619,1.5,1.8,1,1.3,0.0735714285714286,432,232,511,225,FALSE,NA,TRUE,NA,0.687921306590549,-0.00522589340945101,0.00522589340945101,0.00522589340945101,2.73099619269435e-05,0.482337188225516,0.893802878819893,1,0.885835612178572,-0.0304550878214279,0.0304550878214279,0.0304550878214279,0.000927512374210887,0.705031123948354,1.07326029511011,1,1.01328879993978,-0.0163302000602188,0.0163302000602188,0.0163302000602188,0.00026667543400677,0.762290742020025,1.26304552763454,1,1.48142919106002,-0.0185708089399768,0.0185708089399768,0.0185708089399768,0.000344874944685121,1.44937407129849,1.52745389489847,1,1.77366216154626,-0.026337838453742,0.026337838453742,0.026337838453742,0.000693681734415413,1.7396620054236,1.81859413234003,1
26,"n1400-b1_2-b2_2p5-b3_2p8",1400,3,253,1,1,0.6931472,0.9162907,1.029619,1.5,1.8,1,1.3,0.0785714285714286,474,230,463,233,FALSE,NA,TRUE,NA,0.684597441701693,-0.00854975829830673,0.00854975829830673,0.00854975829830673,7.30983669594648e-05,0.481188252709377,0.891283730763942,1,0.947433045080963,0.0311423450809634,0.0311423450809634,0.0311423450809634,0.000969845657141803,0.762849297447275,1.1346705618653,1,1.05711351410945,0.0274945141094536,0.0274945141094536,0.0274945141094536,0.000755948306114942,0.800804414878398,1.31003623346203,1,1.50368327010999,0.00368327010998715,0.00368327010998715,0.00368327010998715,1.35664787031247e-05,1.47269370707621,1.54753875466978,1,1.80286710887343,0.00286710887343133,0.00286710887343133,0.00286710887343133,8.2203132921087e-06,1.77728150081983,1.83198124592112,1
26,"n1400-b1_2-b2_2p5-b3_2p8",1400,4,254,1,1,0.6931472,0.9162907,1.029619,1.5,1.8,1,1.3,0.0628571428571428,479,224,485,212,FALSE,NA,TRUE,NA,0.631930531818464,-0.0612166681815361,0.0612166681815361,0.0612166681815361,0.0037474804632483,0.423942018687223,0.840670362293311,1,0.790300645251296,-0.125990054748704,0.125990054748704,0.125990054748704,0.0158734938955815,0.612032785004118,0.977990926877421,1,1.08627965744509,0.0566606574450865,0.0566606574450865,0.0566606574450865,0.00321043010210944,0.828091667650791,1.33790352068694,1,1.49424869329587,-0.00575130670413171,0.00575130670413171,0.00575130670413171,3.30775288049903e-05,1.45536844510473,1.57674185448891,1,1.75507146019375,-0.0449285398062544,0.0449285398062544,0.0449285398062544,0.00201857368912219,1.7162609006328,1.81668196384602,1
26,"n1400-b1_2-b2_2p5-b3_2p8",1400,5,255,1,1,0.6931472,0.9162907,1.029619,1.5,1.8,1,1.3,0.0614285714285714,468,234,445,253,FALSE,NA,TRUE,NA,0.46112742965291,-0.23201977034709,0.23201977034709,0.23201977034709,0.0538331738319163,0.2643240854061,0.653527006286461,0,0.747509017351488,-0.168781682648512,0.168781682648512,0.168781682648512,0.0284872563976632,0.575784027555513,0.920981997216673,1,1.1835570775115,0.153938077511496,0.153938077511496,0.153938077511496,0.0236969317079352,0.937396830795591,1.43163903571306,1,1.51464035672822,0.0146403567282152,0.0146403567282152,0.0146403567282152,0.000214340045129395,1.47908802810646,1.5535575692512,1,1.79594108921829,-0.00405891078171439,0.00405891078171439,0.00405891078171439,1.64747567339173e-05,1.75717976241269,1.83090191325739,1
26,"n1400-b1_2-b2_2p5-b3_2p8",1400,6,256,1,1,0.6931472,0.9162907,1.029619,1.5,1.8,1,1.3,0.07,468,214,482,236,FALSE,NA,TRUE,NA,0.39297350916659,-0.30017369083341,0.30017369083341,0.30017369083341,0.0901042446685518,0.188559477477246,0.59674528850816,0,0.823937739664953,-0.0923529603350471,0.0923529603350471,0.0923529603350471,0.00852906928264679,0.648795532887726,1.00150016420361,1,1.17815822500631,0.148539225006309,0.148539225006309,0.148539225006309,0.022063901365475,0.929027904293201,1.42675974680893,1,1.46900925147165,-0.0309907485283483,0.0309907485283483,0.0309907485283483,0.00096042649434732,1.4367009449293,1.50830370227041,1,1.72658088816917,-0.0734191118308314,0.0734191118308314,0.0734191118308314,0.00539036598202812,1.67284090753634,1.79270070309494,0
26,"n1400-b1_2-b2_2p5-b3_2p8",1400,7,257,1,1,0.6931472,0.9162907,1.029619,1.5,1.8,1,1.3,0.075,419,232,506,243,FALSE,NA,TRUE,NA,0.73619001177517,0.0430428117751702,0.0430428117751702,0.0430428117751702,0.00185268364551273,0.533028279918866,0.935128393139483,1,0.931669048057474,0.015378348057474,0.015378348057474,0.015378348057474,0.000236493588976813,0.755024218935654,1.11349504113622,1,1.04290798188029,0.0132889818802855,0.0132889818802855,0.0132889818802855,0.000176597039414556,0.789034390532629,1.29413774007607,1,1.45295820415661,-0.0470417958433904,0.0470417958433904,0.0470417958433904,0.00221293055617122,1.36640957764526,1.55729743828655,1,1.7432611150938,-0.0567388849061992,0.0567388849061992,0.0567388849061992,0.00321930106039891,1.68820137316303,1.82025728201499,1
26,"n1400-b1_2-b2_2p5-b3_2p8",1400,8,258,1,1,0.6931472,0.9162907,1.029619,1.5,1.8,1,1.3,0.08,452,257,431,260,FALSE,NA,TRUE,NA,0.722183988577845,0.029036788577845,0.029036788577845,0.029036788577845,0.000843135090914468,0.528308574659074,0.917321943718942,1,0.929944601767132,0.0136539017671319,0.0136539017671319,0.0136539017671319,0.000186429033466487,0.753869161675392,1.11245887125171,1,1.00102724377927,-0.0285917562207252,0.0285917562207252,0.0285917562207252,0.000817488523785377,0.750988840802757,1.24253799297342,1,1.49209089729713,-0.00790910270287148,0.00790910270287148,0.00790910270287148,6.2553905564569e-05,1.42741002756515,1.56297166674058,1,1.8087583504413,0.00875835044129714,0.00875835044129714,0.00875835044129714,7.67087024525697e-05,1.75313580534443,1.89950880707039,1
26,"n1400-b1_2-b2_2p5-b3_2p8",1400,9,259,1,1,0.6931472,0.9162907,1.029619,1.5,1.8,1,1.3,0.0664285714285714,461,248,476,215,FALSE,NA,TRUE,NA,0.526483954134933,-0.166663245865067,0.166663245865067,0.166663245865067,0.0277766375222797,0.327158677966483,0.728107151547872,1,0.861111565532709,-0.0551791344672908,0.0551791344672908,0.0551791344672908,0.00304473688055936,0.682937748772398,1.04291275268396,1,1.12455508297579,0.0949360829757897,0.0949360829757897,0.0949360829757897,0.00901285985078603,0.874677373425193,1.37460531256541,1,1.51867137502017,0.0186713750201721,0.0186713750201721,0.0186713750201721,0.000348620245143908,1.4922912246378,1.54427879008728,1,1.81911149641133,0.0191114964113317,0.0191114964113317,0.0191114964113317,0.000365249295080344,1.79930639326903,1.85895758475392,1
26,"n1400-b1_2-b2_2p5-b3_2p8",1400,10,260,1,1,0.6931472,0.9162907,1.029619,1.5,1.8,1,1.3,0.0607142857142857,493,218,455,234,FALSE,NA,TRUE,NA,0.627036722014968,-0.0661104779850317,0.0661104779850317,0.0661104779850317,0.00437059529940936,0.420301264023675,0.831165284388498,1,0.787885336662278,-0.128405363337722,0.128405363337722,0.128405363337722,0.0164879373338925,0.60824984292207,0.96731090699361,1,1.18363521705115,0.154016217051146,0.154016217051146,0.154016217051146,0.0237209951147457,0.931916175617956,1.43520739204766,1,1.52219151671652,0.0221915167165212,0.0221915167165212,0.0221915167165212,0.00049246341417964,1.48907553939428,1.5893250043641,1,1.76854394488617,-0.0314560551138283,0.0314560551138283,0.0314560551138283,0.000989483403324205,1.7262444255907,1.84524467382904,1
27,"n1400-b1_2-b2_2p5-b3_2p8",1400,1,261,1,1,0.6931472,0.9162907,1.029619,1.5,1.8,1,1.3,0.0742857142857143,488,219,480,213,FALSE,NA,TRUE,NA,0.61563796720696,-0.07750923279304,0.07750923279304,0.07750923279304,0.00600768116816567,0.398276287559981,0.832422942370215,1,0.975379924853708,0.0590892248537078,0.0590892248537078,0.0590892248537078,0.00349153649381204,0.783940704587816,1.16851690164628,1,1.09167777601496,0.0620587760149569,0.0620587760149569,0.0620587760149569,0.00385129168047459,0.830240760497339,1.35168486941364,1,1.50774570796647,0.00774570796646623,0.00774570796646623,0.00774570796646623,5.99959919017784e-05,1.45627883550786,1.57469158269863,1,1.79249847733122,-0.00750152266877779,0.00750152266877779,0.00750152266877779,5.62728423501871e-05,1.74307707182605,1.86639192378558,1
27,"n1400-b1_2-b2_2p5-b3_2p8",1400,2,262,1,1,0.6931472,0.9162907,1.029619,1.5,1.8,1,1.3,0.0707142857142857,442,247,491,220,FALSE,NA,TRUE,NA,0.578765573003125,-0.114381626996875,0.114381626996875,0.114381626996875,0.0130831565944523,0.377860547115192,0.777245055163471,1,0.887252482101762,-0.0290382178982377,0.0290382178982377,0.0290382178982377,0.000843218098705531,0.70804208484495,1.06908679093486,1,1.03023337463029,0.000614374630289793,0.000614374630289793,0.000614374630289793,3.7745618634372e-07,0.782505462671283,1.27602214918984,1,1.50755137971478,0.00755137971478059,0.00755137971478059,0.00755137971478059,5.70233355967998e-05,1.48305661012769,1.5358785434729,1,1.83394083484385,0.0339408348438508,0.0339408348438508,0.0339408348438508,0.00115198026989756,1.78655785060792,1.88494089435912,1
27,"n1400-b1_2-b2_2p5-b3_2p8",1400,3,263,1,1,0.6931472,0.9162907,1.029619,1.5,1.8,1,1.3,0.0864285714285714,449,234,467,250,FALSE,NA,TRUE,NA,0.853364442852106,0.160217242852106,0.160217242852106,0.160217242852106,0.0256695649071307,0.647982173098453,1.06051356975532,1,1.05352488230954,0.137234182309542,0.137234182309542,0.137234182309542,0.0188332207941687,0.867824238073,1.23593137518191,1,0.813998373872647,-0.215620626127353,0.215620626127353,0.215620626127353,0.0464922544115518,0.561208158325539,1.06522501837273,1,1.50338356851854,0.00338356851854438,0.00338356851854438,0.00338356851854438,1.14485359196846e-05,1.48781132671131,1.52664473699759,1,1.7960823729637,-0.0039176270362995,0.0039176270362995,0.0039176270362995,1.53478015955448e-05,1.7784714892943,1.81726240967243,1
27,"n1400-b1_2-b2_2p5-b3_2p8",1400,4,264,1,1,0.6931472,0.9162907,1.029619,1.5,1.8,1,1.3,0.075,481,235,465,219,FALSE,NA,TRUE,NA,0.566702020639408,-0.126445179360592,0.126445179360592,0.126445179360592,0.0159883833835323,0.360554434394959,0.77493823962845,1,0.879460832977316,-0.0368298670226836,0.0368298670226836,0.0368298670226836,0.00135643910490856,0.694257721527169,1.0674735241658,1,1.15972331107346,0.130104311073465,0.130104311073465,0.130104311073465,0.0169271317599008,0.906786407833525,1.41004681179872,1,1.52207313951954,0.0220731395195437,0.0220731395195437,0.0220731395195437,0.000487223488249242,1.47865651588242,1.56254419177126,1,1.7899128174195,-0.0100871825804967,0.0100871825804967,0.0100871825804967,0.000101751252412276,1.76441940532033,1.84559084956774,1
27,"n1400-b1_2-b2_2p5-b3_2p8",1400,5,265,1,1,0.6931472,0.9162907,1.029619,1.5,1.8,1,1.3,0.0678571428571428,493,235,449,223,FALSE,NA,TRUE,NA,0.541289099655069,-0.151858100344931,0.151858100344931,0.151858100344931,0.0230608826403712,0.337928681665884,0.747121106028156,1,0.868393054147833,-0.0478976458521673,0.0478976458521673,0.0478976458521673,0.00229418447817964,0.685418413748915,1.05309004611952,1,1.16624969741672,0.136630697416716,0.136630697416716,0.136630697416716,0.0186679474765783,0.908432298643671,1.42146229623853,1,1.48302006801459,-0.0169799319854096,0.0169799319854096,0.0169799319854096,0.000288318090229136,1.44673858304996,1.53177782529867,1,1.81102761057846,0.0110276105784606,0.0110276105784606,0.0110276105784606,0.000121608195070176,1.76314009844974,1.84589686654822,1
27,"n1400-b1_2-b2_2p5-b3_2p8",1400,6,266,1,1,0.6931472,0.9162907,1.029619,1.5,1.8,1,1.3,0.0685714285714286,496,235,446,223,FALSE,NA,TRUE,NA,0.839026349834531,0.145879149834531,0.145879149834531,0.145879149834531,0.0212807263564457,0.63058851905161,1.04834842915445,1,1.02975073561657,0.113460035616567,0.113460035616567,0.113460035616567,0.0128731796821127,0.841243945732722,1.22027744415314,1,0.786340550632853,-0.243278449367147,0.243278449367147,0.243278449367147,0.0591844039264834,0.533704801493838,1.03807701328405,1,1.50611160327381,0.00611160327381044,0.00611160327381044,0.00611160327381044,3.73516945764505e-05,1.48039143182592,1.538731503936,1,1.79185911632795,-0.00814088367205312,0.00814088367205312,0.00814088367205312,6.62739869619011e-05,1.76196472309129,1.8201200999623,1
27,"n1400-b1_2-b2_2p5-b3_2p8",1400,7,267,1,1,0.6931472,0.9162907,1.029619,1.5,1.8,1,1.3,0.0671428571428572,473,240,473,214,FALSE,NA,TRUE,NA,0.466587011928147,-0.226560188071853,0.226560188071853,0.226560188071853,0.0513295188191533,0.264636455397773,0.670401460505375,0,0.718018710062628,-0.198271989937372,0.198271989937372,0.198271989937372,0.0393117819937253,0.541651462132821,0.900481413187603,0,1.26801450224452,0.238395502244522,0.238395502244522,0.238395502244522,0.0568324154904179,1.0170938138385,1.51735111840755,1,1.47710170925633,-0.0228982907436657,0.0228982907436657,0.0228982907436657,0.000524331718981445,1.45083274256569,1.53309340755418,1,1.80339281094962,0.00339281094962218,0.00339281094962218,0.00339281094962218,1.15111661398762e-05,1.76624838980918,1.86650163676647,1
27,"n1400-b1_2-b2_2p5-b3_2p8",1400,8,268,1,1,0.6931472,0.9162907,1.029619,1.5,1.8,1,1.3,0.0771428571428572,453,250,479,218,FALSE,NA,TRUE,NA,0.795450291020857,0.102303091020857,0.102303091020857,0.102303091020857,0.0104659224324218,0.587979721800089,1.00228987776774,1,0.87715438270067,-0.0391363172993301,0.0391363172993301,0.0391363172993301,0.00153165133175384,0.694160885636091,1.06318085505008,1,0.986968726584613,-0.042650273415387,0.042650273415387,0.042650273415387,0.00181904582240726,0.731575804414105,1.24036095573832,1,1.45290830852051,-0.0470916914794854,0.0470916914794854,0.0470916914794854,0.00221762740639904,1.39062753846493,1.53697809770817,1,1.76849550513858,-0.0315044948614156,0.0315044948614156,0.0315044948614156,0.000992533196472962,1.70966214955782,1.82831869080594,1
27,"n1400-b1_2-b2_2p5-b3_2p8",1400,9,269,1,1,0.6931472,0.9162907,1.029619,1.5,1.8,1,1.3,0.0857142857142857,440,248,444,268,FALSE,NA,TRUE,NA,0.571342347799747,-0.121804852200253,0.121804852200253,0.121804852200253,0.0148364220195255,0.375545527648508,0.764602457745117,1,0.879904633126458,-0.036386066873542,0.036386066873542,0.036386066873542,0.00132394586252587,0.708134097431134,1.05496771340668,1,1.12602392777089,0.0964049277708925,0.0964049277708925,0.0964049277708925,0.009293910098511,0.881100682912221,1.37531503906158,1,1.47769835822887,-0.0223016417711315,0.0223016417711315,0.0223016417711315,0.000497363225687876,1.43182298190792,1.54639920614713,1,1.82042571431773,0.0204257143177329,0.0204257143177329,0.0204257143177329,0.000417209805389638,1.78472181880905,1.89499633099055,1
27,"n1400-b1_2-b2_2p5-b3_2p8",1400,10,270,1,1,0.6931472,0.9162907,1.029619,1.5,1.8,1,1.3,0.0735714285714286,455,233,472,240,FALSE,NA,TRUE,NA,0.693709727081011,0.000562527081010677,0.000562527081010677,0.000562527081010677,3.16436716870393e-07,0.492869864898332,0.897625238793639,1,0.975653592308588,0.0593628923085878,0.0593628923085878,0.0593628923085878,0.003523952983241,0.795874051448728,1.15903357896824,1,1.08544109526642,0.0558220952664175,0.0558220952664175,0.0558220952664175,0.00311610631993299,0.835277229308246,1.33229481316892,1,1.50034428459584,0.00034428459584368,0.00034428459584368,0.00034428459584368,1.18531882935246e-07,1.45264384508441,1.56679706157366,1,1.78617003038751,-0.0138299696124851,0.0138299696124851,0.0138299696124851,0.00019126805948226,1.74468526351748,1.81908445208109,1
28,"n1400-b1_2-b2_2p5-b3_2p8",1400,1,271,1,1,0.6931472,0.9162907,1.029619,1.5,1.8,1,1.3,0.08,487,209,470,234,FALSE,NA,TRUE,NA,0.690509211707168,-0.00263798829283246,0.00263798829283246,0.00263798829283246,6.95898223312112e-06,0.478041169552933,0.900130827830223,1,0.932077077941387,0.0157863779413865,0.0157863779413865,0.0157863779413865,0.000249209728508294,0.748449628692374,1.11894408825037,1,1.13265124003275,0.103032240032752,0.103032240032752,0.103032240032752,0.0106156424861667,0.877463578388707,1.39407579867033,1,1.52921069715889,0.029210697158893,0.029210697158893,0.029210697158893,0.000853264828508561,1.48688474752541,1.61413053453119,1,1.79463291719146,-0.0053670828085417,0.0053670828085417,0.0053670828085417,2.88055778737439e-05,1.75259768831452,1.87233293385474,1
28,"n1400-b1_2-b2_2p5-b3_2p8",1400,2,272,1,1,0.6931472,0.9162907,1.029619,1.5,1.8,1,1.3,0.075,491,214,460,235,FALSE,NA,TRUE,NA,0.866398435655883,0.173251235655883,0.173251235655883,0.173251235655883,0.0300159906562904,0.659352753011857,1.07368859352247,1,0.905233700554368,-0.0110569994456317,0.0110569994456317,0.0110569994456317,0.000122257236740699,0.726179094695626,1.09088117531472,1,0.817268578131141,-0.212350421868859,0.212350421868859,0.212350421868859,0.0450927016678825,0.5690348427408,1.06518551996974,1,1.4926244006354,-0.00737559936459831,0.00737559936459831,0.00737559936459831,5.43994659870629e-05,1.44653286839901,1.65518472901047,1,1.81542740935169,0.0154274093516871,0.0154274093516871,0.0154274093516871,0.000238004959304522,1.77501986003107,2.00798983193495,1
28,"n1400-b1_2-b2_2p5-b3_2p8",1400,3,273,1,1,0.6931472,0.9162907,1.029619,1.5,1.8,1,1.3,0.07,465,243,474,218,FALSE,NA,TRUE,NA,0.803183334880645,0.110036134880645,0.110036134880645,0.110036134880645,0.0121079509794715,0.599012875080767,1.01408827877541,1,1.07216781863534,0.155877118635339,0.155877118635339,0.155877118635339,0.0242976761140557,0.884678072533174,1.26058945912812,1,0.740230763781307,-0.289388236218693,0.289388236218693,0.289388236218693,0.0837455512617659,0.490895805279848,0.987220587001081,0,1.4957602118907,-0.00423978810930192,0.00423978810930192,0.00423978810930192,1.7975803211778e-05,1.4372995546199,1.56754446526211,1,1.82126214946737,0.021262149467373,0.021262149467373,0.021262149467373,0.000452078999972912,1.75948578635655,1.90046170581743,1
28,"n1400-b1_2-b2_2p5-b3_2p8",1400,4,274,1,1,0.6931472,0.9162907,1.029619,1.5,1.8,1,1.3,0.0642857142857143,502,234,449,215,FALSE,NA,TRUE,NA,0.57691608053134,-0.116231119468659,0.116231119468659,0.116231119468659,0.0135096731329378,0.37302211517989,0.781354036823307,1,0.794473850231694,-0.121816849768306,0.121816849768306,0.121816849768306,0.0148393448874739,0.614349722490401,0.979916621945036,1,1.25065322355019,0.221034223550192,0.221034223550192,0.221034223550192,0.0488561279804364,0.995575129819895,1.50544178805963,1,1.5021516199918,0.00215161999180324,0.00215161999180324,0.00215161999180324,4.62946858912739e-06,1.47912620618367,1.55049912502286,1,1.80258595810933,0.00258595810932793,0.00258595810932793,0.00258595810932793,6.68717934319891e-06,1.75764569952029,1.87611327293517,1
28,"n1400-b1_2-b2_2p5-b3_2p8",1400,5,275,1,1,0.6931472,0.9162907,1.029619,1.5,1.8,1,1.3,0.0935714285714285,443,239,474,244,FALSE,NA,TRUE,NA,0.738372558109751,0.0452253581097511,0.0452253581097511,0.0452253581097511,0.00204533301615523,0.530901030079147,0.946541777007469,1,0.982076275579509,0.0657855755795094,0.0657855755795094,0.0657855755795094,0.00432774195432734,0.800020588211947,1.16759867451749,1,1.19874882442773,0.169129824427729,0.169129824427729,0.169129824427729,0.0286048975109545,0.940385424387932,1.45409034315283,1,1.52458028646791,0.0245802864679088,0.0245802864679088,0.0245802864679088,0.000604190482844459,1.48849012065412,1.57388595098486,1,1.81825959618257,0.0182595961825731,0.0182595961825731,0.0182595961825731,0.000333412852750639,1.79645924251576,1.84684841300084,1
28,"n1400-b1_2-b2_2p5-b3_2p8",1400,6,276,1,1,0.6931472,0.9162907,1.029619,1.5,1.8,1,1.3,0.08,495,242,448,215,FALSE,NA,TRUE,NA,0.680238327237338,-0.0129088727626621,0.0129088727626621,0.0129088727626621,0.000166638996002598,0.467755776528596,0.891378838312595,1,0.940980665370838,0.0246899653708383,0.0246899653708383,0.0246899653708383,0.000609594390013196,0.751003411823981,1.13421591530827,1,1.24113949443154,0.211520494431544,0.211520494431544,0.211520494431544,0.0447409195645648,0.979790983682542,1.50181481697556,1,1.48336056654473,-0.0166394334552662,0.0166394334552662,0.0166394334552662,0.000276870745712232,1.44096788558846,1.51226470038926,1,1.79164057144151,-0.00835942855849026,0.00835942855849026,0.00835942855849026,6.98800458245025e-05,1.74643736913288,1.83369523314118,1
28,"n1400-b1_2-b2_2p5-b3_2p8",1400,7,277,1,1,0.6931472,0.9162907,1.029619,1.5,1.8,1,1.3,0.0742857142857143,484,225,456,235,FALSE,NA,TRUE,NA,0.610688201927471,-0.0824589980725293,0.0824589980725293,0.0824589980725293,0.00679948636312539,0.40865574423487,0.810310106532848,1,0.742005813368291,-0.174284886631709,0.174284886631709,0.174284886631709,0.0303752217082277,0.566709602030717,0.919545337336859,1,1.14959345409981,0.119974454099811,0.119974454099811,0.119974454099811,0.0143938696365476,0.902025620719105,1.39827396251236,1,1.48119468666211,-0.018805313337892,0.018805313337892,0.018805313337892,0.0003536398097363,1.43528262076329,1.53014148335039,1,1.81212314853616,0.012123148536161,0.012123148536161,0.012123148536161,0.000146970730429823,1.79595665911926,1.86965493089722,1
28,"n1400-b1_2-b2_2p5-b3_2p8",1400,8,278,1,1,0.6931472,0.9162907,1.029619,1.5,1.8,1,1.3,0.0564285714285714,476,216,482,226,FALSE,NA,TRUE,NA,0.555505360678579,-0.137641839321421,0.137641839321421,0.137641839321421,0.0189452759317838,0.350343580819407,0.76052714581005,1,0.793376070680498,-0.122914629319502,0.122914629319502,0.122914629319502,0.0151080061007506,0.618894626676523,0.97332646751999,1,1.01193595612124,-0.0176830438787585,0.0176830438787585,0.0176830438787585,0.000312690040818099,0.764594807640318,1.25901525245438,1,1.51576722946519,0.0157672294651918,0.0157672294651918,0.0157672294651918,0.000248605525008013,1.49119660234059,1.55847324306575,1,1.8242715518629,0.0242715518628995,0.0242715518628995,0.0242715518628995,0.000589108229833422,1.79453457369021,1.8705158449084,1
28,"n1400-b1_2-b2_2p5-b3_2p8",1400,9,279,1,1,0.6931472,0.9162907,1.029619,1.5,1.8,1,1.3,0.0685714285714286,446,244,456,254,FALSE,NA,TRUE,NA,0.524964503659608,-0.168182696340392,0.168182696340392,0.168182696340392,0.0282854193483246,0.331757436430358,0.717628679272083,1,0.854474114031467,-0.0618165859685328,0.0618165859685328,0.0618165859685328,0.003821290300805,0.68176928345249,1.0300906842408,1,1.20898906890928,0.179370068909278,0.179370068909278,0.179370068909278,0.0321736216205193,0.963422471801629,1.45604312872556,1,1.5263654747577,0.026365474757698,0.026365474757698,0.026365474757698,0.000695138259198811,1.49301782803079,1.57321424623739,1,1.80790348373793,0.00790348373792815,0.00790348373792815,0.00790348373792815,6.24650551956948e-05,1.76472340900849,1.85842658942421,1
28,"n1400-b1_2-b2_2p5-b3_2p8",1400,10,280,1,1,0.6931472,0.9162907,1.029619,1.5,1.8,1,1.3,0.0814285714285714,432,253,477,238,FALSE,NA,TRUE,NA,0.88276634004074,0.18961914004074,0.18961914004074,0.18961914004074,0.0359554182697896,0.682196407656433,1.08245742855642,1,1.04037818512933,0.124087485129326,0.124087485129326,0.124087485129326,0.0153977039657207,0.85406814631912,1.22824369655695,1,0.839423095381483,-0.190195904618517,0.190195904618517,0.190195904618517,0.0361744821336561,0.589297837480416,1.08842035022174,1,1.5110410158803,0.0110410158803032,0.0110410158803032,0.0110410158803032,0.000121904031669106,1.47663261354585,1.57031592542222,1,1.81443370437384,0.0144337043738363,0.0144337043738363,0.0144337043738363,0.000208331821951301,1.78345446379679,1.85820701279106,1
29,"n1400-b1_2-b2_2p5-b3_2p8",1400,1,281,1,1,0.6931472,0.9162907,1.029619,1.5,1.8,1,1.3,0.0728571428571428,485,252,457,206,FALSE,NA,TRUE,NA,0.690094692563342,-0.00305250743665764,0.00305250743665764,0.00305250743665764,9.31780165085017e-06,0.481646957515736,0.901938933005334,1,0.9016751856007,-0.0146155143992996,0.0146155143992996,0.0146155143992996,0.000213613261156135,0.711302082554151,1.09437887443442,1,1.12973221842261,0.100113218422607,0.100113218422607,0.100113218422607,0.0100226565029327,0.871276937638111,1.38363558030836,1,1.52554632215433,0.0255463221543268,0.0255463221543268,0.0255463221543268,0.00065261457561265,1.4884565781513,1.57431613098359,1,1.83258614495959,0.0325861449595939,0.0325861449595939,0.0325861449595939,0.00106185684332767,1.79301126771753,1.88835411069261,1
29,"n1400-b1_2-b2_2p5-b3_2p8",1400,2,282,1,1,0.6931472,0.9162907,1.029619,1.5,1.8,1,1.3,0.0764285714285714,447,247,459,247,FALSE,NA,TRUE,NA,0.794192688321621,0.101045488321621,0.101045488321621,0.101045488321621,0.0102101907101549,0.599041043741623,0.990539724387683,1,0.921077472273203,0.00478677227320312,0.00478677227320312,0.00478677227320312,2.29131887955062e-05,0.740684726595645,1.10328653725899,1,0.942047678075852,-0.0875713219241476,0.0875713219241476,0.0875713219241476,0.0076687364235427,0.699691122995014,1.18692623184542,1,1.51754493548331,0.0175449354833115,0.0175449354833115,0.0175449354833115,0.000307824761113562,1.47954311195313,1.58023229853414,1,1.81547919607156,0.0154791960715579,0.0154791960715579,0.0154791960715579,0.000239605511021733,1.74089249063232,1.90252879346692,1
29,"n1400-b1_2-b2_2p5-b3_2p8",1400,3,283,1,1,0.6931472,0.9162907,1.029619,1.5,1.8,1,1.3,0.0807142857142857,466,244,459,231,FALSE,NA,TRUE,NA,0.508464230390567,-0.184682969609433,0.184682969609433,0.184682969609433,0.0341077992637588,0.30288161257209,0.713026341955755,1,0.897044457114968,-0.019246242885032,0.019246242885032,0.019246242885032,0.000370417865189643,0.717449878998313,1.08292018684991,1,1.15256578904764,0.122946789047638,0.122946789047638,0.122946789047638,0.0151159129371245,0.899847321080602,1.40125863812009,1,1.51543155119541,0.0154315511954053,0.0154315511954053,0.0154315511954053,0.000238132772296414,1.44621027172346,1.56511067873225,1,1.78288290134322,-0.0171170986567795,0.0171170986567795,0.0171170986567795,0.000292995066425921,1.69787290622192,1.85598800929897,1
29,"n1400-b1_2-b2_2p5-b3_2p8",1400,4,284,1,1,0.6931472,0.9162907,1.029619,1.5,1.8,1,1.3,0.0685714285714286,466,211,478,245,FALSE,NA,TRUE,NA,0.610137652459925,-0.0830095475400751,0.0830095475400751,0.0830095475400751,0.00689058498280798,0.404579683599872,0.817231378699971,1,0.785213355678996,-0.131077344321004,0.131077344321004,0.131077344321004,0.0171812701942469,0.610594245388591,0.963112876203507,1,1.11731738458494,0.0876983845849437,0.0876983845849437,0.0876983845849437,0.00769100665880869,0.862216251411021,1.37218473872623,1,1.39197573525133,-0.108024264748672,0.108024264748672,0.108024264748672,0.0116692417744912,1.36178617087674,1.45622266110397,0,1.76175933100268,-0.0382406689973203,0.0382406689973203,0.0382406689973203,0.00146234876536261,1.68654256509789,1.83470444827182,1
29,"n1400-b1_2-b2_2p5-b3_2p8",1400,5,285,1,1,0.6931472,0.9162907,1.029619,1.5,1.8,1,1.3,0.0728571428571428,478,231,463,228,FALSE,NA,TRUE,NA,0.993977062429154,0.300829862429154,0.300829862429154,0.300829862429154,0.0904986061291437,0.779021161366685,1.20629812597599,0,1.11681843541663,0.20052773541663,0.20052773541663,0.20052773541663,0.0402113726713219,0.928872491328102,1.31090589792342,0,0.864823462406575,-0.164795537593425,0.164795537593425,0.164795537593425,0.0271575692107059,0.606866718627161,1.12424671243739,1,1.49260707697753,-0.00739292302247097,0.00739292302247097,0.00739292302247097,5.46553108161812e-05,1.46654548885416,1.5186708962221,1,1.79005839250011,-0.00994160749989503,0.00994160749989503,0.00994160749989503,9.88355596819692e-05,1.74942693033122,1.84107849791994,1
29,"n1400-b1_2-b2_2p5-b3_2p8",1400,6,286,1,1,0.6931472,0.9162907,1.029619,1.5,1.8,1,1.3,0.0714285714285714,462,227,473,238,FALSE,NA,TRUE,NA,0.615561795658379,-0.077585404341621,0.077585404341621,0.077585404341621,0.00601949496685282,0.416835946426105,0.815714900003456,1,0.88058577684656,-0.03570492315344,0.03570492315344,0.03570492315344,0.00127484153739305,0.706345525152184,1.05958384499582,1,0.997482922845408,-0.0321360771545918,0.0321360771545918,0.0321360771545918,0.00103272745488588,0.748325416013834,1.24235856559801,1,1.52217672927668,0.0221767292766848,0.0221767292766848,0.0221767292766848,0.000491807321411368,1.49900113124772,1.60471026898658,1,1.81611022664182,0.0161102266418161,0.0161102266418161,0.0161102266418161,0.00025953940245068,1.78966591327601,1.87726008607143,1
29,"n1400-b1_2-b2_2p5-b3_2p8",1400,7,287,1,1,0.6931472,0.9162907,1.029619,1.5,1.8,1,1.3,0.0628571428571428,464,214,466,256,FALSE,NA,TRUE,NA,0.694739436785073,0.00159223678507281,0.00159223678507281,0.00159223678507281,2.535217979739e-06,0.492505336552851,0.896561441327313,1,0.835715029191571,-0.0805756708084291,0.0805756708084291,0.0805756708084291,0.00649243872622833,0.661800619611108,1.00970469639569,1,1.13213799176806,0.102518991768056,0.102518991768056,0.102518991768056,0.0105101436731388,0.882048325171457,1.3853443684992,1,1.49916528917458,-0.000834710825418972,0.000834710825418972,0.000834710825418972,6.96742162071621e-07,1.47870884561017,1.55495401390908,1,1.80154883045276,0.00154883045275622,0.00154883045275622,0.00154883045275622,2.39887577138504e-06,1.7631339138537,1.88553104390366,1
29,"n1400-b1_2-b2_2p5-b3_2p8",1400,8,288,1,1,0.6931472,0.9162907,1.029619,1.5,1.8,1,1.3,0.0878571428571429,464,207,465,264,FALSE,NA,TRUE,NA,0.916236901630832,0.223089701630832,0.223089701630832,0.223089701630832,0.0497690149737336,0.705224456258408,1.12950194992832,0,1.09787166871502,0.181580968715021,0.181580968715021,0.181580968715021,0.0329716481994855,0.918814459668578,1.28086598357249,0,0.8752292176657,-0.1543897823343,0.1543897823343,0.1543897823343,0.0238362048892326,0.61464080590342,1.13490085030981,1,1.47516962518898,-0.0248303748110239,0.0248303748110239,0.0248303748110239,0.00061654751325593,1.45933455389647,1.51477393324832,1,1.79023680792293,-0.00976319207706755,0.00976319207706755,0.00976319207706755,9.53199195337146e-05,1.765980182195,1.8252754033335,1
29,"n1400-b1_2-b2_2p5-b3_2p8",1400,9,289,1,1,0.6931472,0.9162907,1.029619,1.5,1.8,1,1.3,0.0807142857142857,472,236,460,232,FALSE,NA,TRUE,NA,0.792892461628925,0.0997452616289254,0.0997452616289254,0.0997452616289254,0.00994911721742277,0.586911819891993,0.999601046048261,1,0.920312256066184,0.00402155606618393,0.00402155606618393,0.00402155606618393,1.61729131934608e-05,0.739209360465504,1.10566626230201,1,1.01509632668839,-0.0145226733116128,0.0145226733116128,0.0145226733116128,0.000210908040115832,0.76360268141719,1.26852705858852,1,1.51401165265138,0.0140116526513785,0.0140116526513785,0.0140116526513785,0.000196326410022882,1.43896062682198,1.61353026651011,1,1.81968187261826,0.019681872618261,0.019681872618261,0.019681872618261,0.000387376109761454,1.76635537358373,1.9058789391336,1
29,"n1400-b1_2-b2_2p5-b3_2p8",1400,10,290,1,1,0.6931472,0.9162907,1.029619,1.5,1.8,1,1.3,0.0792857142857143,467,235,471,227,FALSE,NA,TRUE,NA,0.699487099255322,0.00633989925532175,0.00633989925532175,0.00633989925532175,4.01943225676292e-05,0.492278517415574,0.90735034768162,1,0.871733403365458,-0.0445572966345418,0.0445572966345418,0.0445572966345418,0.00198535268337855,0.688504411047562,1.05527901216293,1,1.00215400734385,-0.0274649926561499,0.0274649926561499,0.0274649926561499,0.000754325821602367,0.751757212839743,1.25178554055484,1,1.50125276144161,0.00125276144160691,0.00125276144160691,0.00125276144160691,1.56941122957702e-06,1.4509849621861,1.52310633888255,1,1.78701592492484,-0.0129840750751633,0.0129840750751633,0.0129840750751633,0.000168586205557477,1.74653863242906,1.80564952369175,1
30,"n1400-b1_2-b2_2p5-b3_2p8",1400,1,291,1,1,0.6931472,0.9162907,1.029619,1.5,1.8,1,1.3,0.075,437,258,495,210,FALSE,NA,TRUE,NA,0.777195322151999,0.0840481221519986,0.0840481221519986,0.0840481221519986,0.00706408683727728,0.566585452404315,0.990453739454367,1,1.01939671691366,0.103106016913664,0.103106016913664,0.103106016913664,0.0106308507238007,0.830428578664382,1.21164188087338,1,0.846578721117344,-0.183040278882656,0.183040278882656,0.183040278882656,0.0335037436934405,0.591201455894731,1.09916387087083,1,1.49966661478433,-0.000333385215666393,0.000333385215666393,0.000333385215666393,1.11145702024927e-07,1.48603790963123,1.52630642644407,1,1.8114972533949,0.011497253394904,0.011497253394904,0.011497253394904,0.000132186835626632,1.79004270276734,1.84707863396365,1
30,"n1400-b1_2-b2_2p5-b3_2p8",1400,2,292,1,1,0.6931472,0.9162907,1.029619,1.5,1.8,1,1.3,0.0721428571428572,453,237,481,229,FALSE,NA,TRUE,NA,0.665861295823862,-0.0272859041761379,0.0272859041761379,0.0272859041761379,0.000744520566709377,0.462973005279667,0.868829134142404,1,0.921313351589288,0.00502265158928838,0.00502265158928838,0.00502265158928838,2.52270289873811e-05,0.73886001092855,1.10723315694863,1,1.02671816996539,-0.00290083003460939,0.00290083003460939,0.00290083003460939,8.41481488969192e-06,0.78101190943863,1.27774968376013,1,1.50229781390715,0.00229781390714634,0.00229781390714634,0.00229781390714634,5.27994875187513e-06,1.47210787080168,1.56512511238637,1,1.79647872158836,-0.00352127841163985,0.00352127841163985,0.00352127841163985,1.23994016522809e-05,1.77383270312054,1.83673714375692,1
30,"n1400-b1_2-b2_2p5-b3_2p8",1400,3,293,1,1,0.6931472,0.9162907,1.029619,1.5,1.8,1,1.3,0.0785714285714286,475,217,463,245,FALSE,NA,TRUE,NA,0.830344685139795,0.137197485139795,0.137197485139795,0.137197485139795,0.0188231499286842,0.625215902787344,1.03643030619194,1,0.994474895663986,0.078184195663986,0.078184195663986,0.078184195663986,0.00611276845162445,0.817987759649219,1.17548614013022,1,0.880092028040154,-0.149526971959846,0.149526971959846,0.149526971959846,0.0223583153434807,0.629282443597396,1.12932267453681,1,1.48670153150437,-0.013298468495635,0.013298468495635,0.013298468495635,0.000176849264329396,1.46477058161621,1.53683660235116,1,1.79250585798855,-0.00749414201145226,0.00749414201145226,0.00749414201145226,5.61621644878138e-05,1.75850582532206,1.83793837920697,1
30,"n1400-b1_2-b2_2p5-b3_2p8",1400,4,294,1,1,0.6931472,0.9162907,1.029619,1.5,1.8,1,1.3,0.0857142857142857,447,240,480,233,FALSE,NA,TRUE,NA,0.776405498834082,0.0832582988340819,0.0832582988340819,0.0832582988340819,0.00693194432474528,0.569934071095513,0.981113796270388,1,1.02739913185629,0.111108431856292,0.111108431856292,0.111108431856292,0.0123450836295642,0.846576764988423,1.21456896767704,1,1.00667131298212,-0.0229476870178791,0.0229476870178791,0.0229476870178791,0.000526596339470536,0.755313751473366,1.25998679949865,1,1.5138910129555,0.0138910129554979,0.0138910129554979,0.0138910129554979,0.00019296024092981,1.49824290236722,1.54182091638614,1,1.81214313844369,0.0121431384436879,0.0121431384436879,0.0121431384436879,0.00014745581126257,1.78299702568525,1.83827944073678,1
30,"n1400-b1_2-b2_2p5-b3_2p8",1400,5,295,1,1,0.6931472,0.9162907,1.029619,1.5,1.8,1,1.3,0.07,461,216,473,250,FALSE,NA,TRUE,NA,0.732744983442647,0.0395977834426468,0.0395977834426468,0.0395977834426468,0.00156798445357075,0.537319886032545,0.933982722160412,1,0.940978523425375,0.0246878234253746,0.0246878234253746,0.0246878234253746,0.000609488625482473,0.769477727369799,1.11842282936418,1,1.07248995584268,0.0428709558426825,0.0428709558426825,0.0428709558426825,0.00183791885486523,0.823931210880134,1.32280562107172,1,1.51558114958646,0.0155811495864593,0.0155811495864593,0.0155811495864593,0.00024277222243562,1.48344500482475,1.55788408783311,1,1.81533019558981,0.0153301955898135,0.0153301955898135,0.0153301955898135,0.000235014896821938,1.74889111875116,1.87992998266922,1
30,"n1400-b1_2-b2_2p5-b3_2p8",1400,6,296,1,1,0.6931472,0.9162907,1.029619,1.5,1.8,1,1.3,0.0585714285714286,466,223,453,258,FALSE,NA,TRUE,NA,0.66135054246822,-0.0317966575317804,0.0317966575317804,0.0317966575317804,0.00101102743019333,0.467954880955105,0.856080018145864,1,0.843947737911798,-0.072342962088202,0.072342962088202,0.072342962088202,0.00523350416369503,0.674275772777644,1.01687960062366,1,1.08060039127995,0.0509813912799533,0.0509813912799533,0.0509813912799533,0.0025991022568397,0.837535725542361,1.32549294609616,1,1.50272773840719,0.0027277384071871,0.0027277384071871,0.0027277384071871,7.4405568180436e-06,1.49111079722834,1.52781779617128,1,1.80531356315236,0.00531356315236442,0.00531356315236442,0.00531356315236442,2.82339533741649e-05,1.78403635713154,1.8639763448023,1
30,"n1400-b1_2-b2_2p5-b3_2p8",1400,7,297,1,1,0.6931472,0.9162907,1.029619,1.5,1.8,1,1.3,0.0742857142857143,453,228,482,237,FALSE,NA,TRUE,NA,0.651903172007817,-0.0412440279921831,0.0412440279921831,0.0412440279921831,0.00170106984501998,0.449954452126939,0.853150828720853,1,0.885606437554849,-0.030684262445151,0.030684262445151,0.030684262445151,0.000941523961802903,0.709424564097049,1.06319431773627,1,1.03953400484527,0.0099150048452723,0.0099150048452723,0.0099150048452723,9.83073210817732e-05,0.787785129838084,1.29411701854676,1,1.48256666177443,-0.0174333382255689,0.0174333382255689,0.0174333382255689,0.000303921281687082,1.44069288483804,1.58096021583956,1,1.80890544040602,0.00890544040601515,0.00890544040601515,0.00890544040601515,7.93068688250873e-05,1.78417461489916,1.85678825439491,1
30,"n1400-b1_2-b2_2p5-b3_2p8",1400,8,298,1,1,0.6931472,0.9162907,1.029619,1.5,1.8,1,1.3,0.0635714285714286,451,256,456,237,FALSE,NA,TRUE,NA,0.694389529805964,0.0012423298059645,0.0012423298059645,0.0012423298059645,1.5433833467878e-06,0.500086939743396,0.893914463998095,1,0.846983547273881,-0.0693071527261193,0.0693071527261193,0.0693071527261193,0.00480348141900163,0.672008114358537,1.0247787596974,1,1.0082774658626,-0.0213415341374028,0.0213415341374028,0.0213415341374028,0.000455461079337929,0.759430717728651,1.25282890846111,1,1.55048141654184,0.0504814165418426,0.0504814165418426,0.0504814165418426,0.00254837341607102,1.4914680324336,1.66890912826352,1,1.83354755968001,0.0335475596800123,0.0335475596800123,0.0335475596800123,0.00112543876048399,1.78710724111196,1.93326861914645,1
30,"n1400-b1_2-b2_2p5-b3_2p8",1400,9,299,1,1,0.6931472,0.9162907,1.029619,1.5,1.8,1,1.3,0.0714285714285714,475,222,471,232,FALSE,NA,TRUE,NA,0.797998272909013,0.104851072909013,0.104851072909013,0.104851072909013,0.0109937474901712,0.586523404494744,1.00885033067617,1,1.11666052019916,0.200369820199155,0.200369820199155,0.200369820199155,0.0401480648466418,0.93074600532746,1.30457077046996,0,0.81698398278098,-0.21263501721902,0.21263501721902,0.21263501721902,0.045213650547733,0.561344397869345,1.06971867227173,1,1.49359825652489,-0.00640174347511069,0.00640174347511069,0.00640174347511069,4.09823195211223e-05,1.4765428279888,1.52363868992184,1,1.79739770362625,-0.00260229637375287,0.00260229637375287,0.00260229637375287,6.77194641684732e-06,1.77928433777936,1.83242864600282,1
30,"n1400-b1_2-b2_2p5-b3_2p8",1400,10,300,1,1,0.6931472,0.9162907,1.029619,1.5,1.8,1,1.3,0.085,439,207,512,242,FALSE,NA,TRUE,NA,0.605721822579234,-0.0874253774207663,0.0874253774207663,0.0874253774207663,0.00764319661716343,0.395330265868286,0.813157584464564,1,0.959795862229477,0.043505162229477,0.043505162229477,0.043505162229477,0.00189269914061311,0.782972503113477,1.13976772085166,1,1.0046486059142,-0.0249703940858044,0.0249703940858044,0.0249703940858044,0.000623520580800374,0.750612945443505,1.25768965408894,1,1.43589016615281,-0.0641098338471897,0.0641098338471897,0.0641098338471897,0.00411007079591427,1.38675157388426,1.53488136769477,1,1.7922220304414,-0.00777796955860488,0.00777796955860488,0.00777796955860488,6.04968104545842e-05,1.70416305190942,1.85204056679215,1
31,"n1400-b1_2-b2_2p5-b3_2p8",1400,1,301,1,1,0.6931472,0.9162907,1.029619,1.5,1.8,1,1.3,0.0721428571428572,483,236,447,234,FALSE,NA,TRUE,NA,0.612343543634594,-0.0808036563654064,0.0808036563654064,0.0808036563654064,0.00652923088201869,0.416298208875392,0.811946965742722,1,0.856605801893749,-0.0596848981062508,0.0596848981062508,0.0596848981062508,0.00356228706195354,0.677127013453711,1.03583721292984,1,1.11269778329241,0.083078783292408,0.083078783292408,0.083078783292408,0.0069020842333469,0.86531304224072,1.35920909024265,1,1.52336587386239,0.0233658738623932,0.0233658738623932,0.0233658738623932,0.000545964061353269,1.50071069490495,1.55528160350439,0,1.81666169204517,0.0166616920451685,0.0166616920451685,0.0166616920451685,0.000277611981808033,1.79231749178738,1.8623662300963,1
31,"n1400-b1_2-b2_2p5-b3_2p8",1400,2,302,1,1,0.6931472,0.9162907,1.029619,1.5,1.8,1,1.3,0.0857142857142857,467,228,482,223,FALSE,NA,TRUE,NA,0.734790163907664,0.0416429639076643,0.0416429639076643,0.0416429639076643,0.00173413644301503,0.524730778693155,0.943597768366388,1,0.962323966160246,0.0460332661602462,0.0460332661602462,0.0460332661602462,0.00211906159338006,0.777282946865194,1.15345730165601,1,1.06165211196849,0.0320331119684931,0.0320331119684931,0.0320331119684931,0.00102612026238602,0.806303463737857,1.31887578409123,1,1.49398365086121,-0.00601634913879101,0.00601634913879101,0.00601634913879101,3.61964569598313e-05,1.46683682735506,1.52996336847946,1,1.80928604834208,0.00928604834208424,0.00928604834208424,0.00928604834208424,8.62306938115255e-05,1.79164611390795,1.88012214804971,1
31,"n1400-b1_2-b2_2p5-b3_2p8",1400,3,303,1,1,0.6931472,0.9162907,1.029619,1.5,1.8,1,1.3,0.0685714285714286,487,220,467,226,FALSE,NA,TRUE,NA,0.545138144015117,-0.148009055984883,0.148009055984883,0.148009055984883,0.0219066806535362,0.338553742292518,0.752065938124646,1,0.818637272153604,-0.0976534278463957,0.0976534278463957,0.0976534278463957,0.00953619197015122,0.642716699979549,1.00075486505327,1,1.12647321123852,0.0968542112385162,0.0968542112385162,0.0968542112385162,0.00938073823463512,0.8741791581182,1.37993800305042,1,1.48942850340104,-0.0105714965989554,0.0105714965989554,0.0105714965989554,0.000111756540341726,1.44594559613091,1.56546598836968,1,1.81774177799422,0.0177417779942191,0.0177417779942191,0.0177417779942191,0.000314770686396155,1.78602921098614,1.86552336361553,1
31,"n1400-b1_2-b2_2p5-b3_2p8",1400,4,304,1,1,0.6931472,0.9162907,1.029619,1.5,1.8,1,1.3,0.08,467,245,455,233,FALSE,NA,TRUE,NA,0.577010481861155,-0.116136718138845,0.116136718138845,0.116136718138845,0.0134877373000615,0.375453268833031,0.778476344531318,1,0.911071119263057,-0.00521958073694262,0.00521958073694262,0.00521958073694262,2.72440230694625e-05,0.729743708516225,1.09237963704331,1,1.17068013161338,0.141061131613383,0.141061131613383,0.141061131613383,0.0198982428520481,0.917026926369982,1.42147117745951,1,1.47197382241682,-0.0280261775831827,0.0280261775831827,0.0280261775831827,0.000785466629924093,1.38765268693265,1.52484741818924,1,1.72177048592539,-0.0782295140746072,0.0782295140746072,0.0782295140746072,0.00611985687234917,1.58665369036975,1.82259377330666,1
31,"n1400-b1_2-b2_2p5-b3_2p8",1400,5,305,1,1,0.6931472,0.9162907,1.029619,1.5,1.8,1,1.3,0.0685714285714286,454,242,450,254,FALSE,NA,TRUE,NA,0.6089957202085,-0.0841514797914998,0.0841514797914998,0.0841514797914998,0.00708147155109921,0.413396432757764,0.800761288052793,1,0.930183275264287,0.0138925752642866,0.0138925752642866,0.0138925752642866,0.000193003647473867,0.756386654235594,1.10721163660595,1,1.02259871775778,-0.0070202822422154,0.0070202822422154,0.0070202822422154,4.92843627603649e-05,0.777641136580019,1.26930130739064,1,1.49836184067251,-0.00163815932749145,0.00163815932749145,0.00163815932749145,2.68356598224724e-06,1.46345662787516,1.55119429899313,1,1.80107911146899,0.00107911146898942,0.00107911146898942,0.00107911146898942,1.16448156250451e-06,1.7597271891152,1.87214918175923,1
31,"n1400-b1_2-b2_2p5-b3_2p8",1400,6,306,1,1,0.6931472,0.9162907,1.029619,1.5,1.8,1,1.3,0.0578571428571428,466,232,483,219,FALSE,NA,TRUE,NA,0.532511552766578,-0.160635647233422,0.160635647233422,0.160635647233422,0.0258038111621005,0.329991099083129,0.740746376815208,1,0.706832466751534,-0.209458233248466,0.209458233248466,0.209458233248466,0.0438727514755687,0.526801001862089,0.892277334298706,0,1.22867881228953,0.199059812289532,0.199059812289532,0.199059812289532,0.0396248088687438,0.974975991611033,1.4804434215856,1,1.45530867671677,-0.0446913232832251,0.0446913232832251,0.0446913232832251,0.00199731437680574,1.37719168615856,1.52385519220933,1,1.74052730277097,-0.0594726972290329,0.0594726972290329,0.0594726972290329,0.00353700171569622,1.66476688160292,1.80438496059077,1
31,"n1400-b1_2-b2_2p5-b3_2p8",1400,7,307,1,1,0.6931472,0.9162907,1.029619,1.5,1.8,1,1.3,0.0764285714285714,466,254,455,225,FALSE,NA,TRUE,NA,0.871236495645598,0.178089295645598,0.178089295645598,0.178089295645598,0.0317157972235452,0.672070367254939,1.07865707288646,1,1.07925170880977,0.162961008809771,0.162961008809771,0.162961008809771,0.0265562903922983,0.891681553017425,1.27437253111997,1,0.782232466682132,-0.247386533317868,0.247386533317868,0.247386533317868,0.0612000968670324,0.534538266343666,1.02932115772842,0,1.50425185704113,0.00425185704113207,0.00425185704113207,0.00425185704113207,1.80782882982243e-05,1.48822203223105,1.53969434979778,1,1.81402998406867,0.0140299840686715,0.0140299840686715,0.0140299840686715,0.000196840452967176,1.76680062496277,1.88191263304705,1
31,"n1400-b1_2-b2_2p5-b3_2p8",1400,8,308,1,1,0.6931472,0.9162907,1.029619,1.5,1.8,1,1.3,0.0757142857142857,457,237,474,232,FALSE,NA,TRUE,NA,0.632171994191518,-0.060975205808482,0.060975205808482,0.060975205808482,0.00371797572338674,0.428117614455593,0.835453348256337,1,0.902036075459752,-0.014254624540248,0.014254624540248,0.014254624540248,0.000203194320783439,0.723711083216715,1.0812652049777,1,1.14563606503227,0.11601706503227,0.11601706503227,0.11601706503227,0.0134599593787021,0.896940144030864,1.39610965775856,1,1.51670855377601,0.0167085537760117,0.0167085537760117,0.0167085537760117,0.000279175769285873,1.49923524114767,1.58152534985307,1,1.86047681450619,0.0604768145061938,0.0604768145061938,0.0604768145061938,0.00365744509281657,1.80169248841337,2.08631527205906,0
31,"n1400-b1_2-b2_2p5-b3_2p8",1400,9,309,1,1,0.6931472,0.9162907,1.029619,1.5,1.8,1,1.3,0.0707142857142857,471,253,466,210,FALSE,NA,TRUE,NA,0.828548835401564,0.135401635401564,0.135401635401564,0.135401635401564,0.0183336028694182,0.621132658090321,1.03663372431969,1,1.09643903272717,0.180148332727169,0.180148332727169,0.180148332727169,0.0324534217843788,0.904135498489454,1.29224522114246,1,0.8441077462276,-0.1855112537724,0.1855112537724,0.1855112537724,0.0344144252762079,0.594567358040567,1.09618761401001,1,1.51846477201103,0.0184647720110254,0.0184647720110254,0.0184647720110254,0.000340947805419146,1.48369609936457,1.55170940775021,1,1.79488776067732,-0.00511223932267613,0.00511223932267613,0.00511223932267613,2.61349908923161e-05,1.74949764529922,1.82677952109979,1
31,"n1400-b1_2-b2_2p5-b3_2p8",1400,10,310,1,1,0.6931472,0.9162907,1.029619,1.5,1.8,1,1.3,0.0764285714285714,434,242,474,250,FALSE,NA,TRUE,NA,0.525096124271064,-0.168051075728936,0.168051075728936,0.168051075728936,0.0282411640536526,0.329843602113443,0.720248980286142,1,0.859054541641908,-0.0572361583580924,0.0572361583580924,0.0572361583580924,0.00327597782359263,0.685162092401087,1.03278910627643,1,1.27510473706563,0.245485737065631,0.245485737065631,0.245485737065631,0.060263247102656,1.02884331741918,1.52239470980668,1,1.48264756395604,-0.017352436043965,0.017352436043965,0.017352436043965,0.000301107036659895,1.46459307228185,1.51226265972455,1,1.75710937400074,-0.042890625999263,0.042890625999263,0.042890625999263,0.00183960579860865,1.72450074179673,1.8028496396365,1
32,"n1400-b1_2-b2_2p5-b3_2p8",1400,1,311,1,1,0.6931472,0.9162907,1.029619,1.5,1.8,1,1.3,0.0692857142857143,439,242,503,216,FALSE,NA,TRUE,NA,0.566987201917871,-0.126159998082129,0.126159998082129,0.126159998082129,0.0159163451160828,0.364362452795472,0.768130195501863,1,0.824501619282297,-0.0917890807177028,0.0917890807177028,0.0917890807177028,0.00842523533900095,0.645516491606511,1.00736953870381,1,1.21619157449598,0.186572574495976,0.186572574495976,0.186572574495976,0.0348093255540564,0.964216025299953,1.46719702655048,1,1.51236464451818,0.0123646445181791,0.0123646445181791,0.0123646445181791,0.000152884434060936,1.48014718471222,1.57996931977588,1,1.81362207272556,0.0136220727255594,0.0136220727255594,0.0136220727255594,0.000185560865340429,1.7853665071562,1.84625031757087,1
32,"n1400-b1_2-b2_2p5-b3_2p8",1400,2,312,1,1,0.6931472,0.9162907,1.029619,1.5,1.8,1,1.3,0.0742857142857143,467,259,459,215,FALSE,NA,TRUE,NA,0.730657723530311,0.0375105235303108,0.0375105235303108,0.0375105235303108,0.001407039375518,0.525305740163429,0.936216129746343,1,0.864946249428447,-0.0513444505715527,0.0513444505715527,0.0513444505715527,0.00263625260449462,0.676495517787141,1.05847973454586,1,0.960100874817843,-0.0695181251821571,0.0695181251821571,0.0695181251821571,0.00483276972884206,0.7076576690886,1.21510763699046,1,1.48918153692659,-0.0108184630734147,0.0108184630734147,0.0108184630734147,0.000117039143270838,1.44419338291789,1.55259510423554,1,1.80680157267006,0.00680157267005499,0.00680157267005499,0.00680157267005499,4.6261390786039e-05,1.74710796968884,1.92248781242538,1
32,"n1400-b1_2-b2_2p5-b3_2p8",1400,3,313,1,1,0.6931472,0.9162907,1.029619,1.5,1.8,1,1.3,0.0785714285714286,470,229,464,237,FALSE,NA,TRUE,NA,0.715586322751564,0.0224391227515637,0.0224391227515637,0.0224391227515637,0.000503514229859743,0.503463675658277,0.923781398094146,1,0.960706382594896,0.0444156825948957,0.0444156825948957,0.0444156825948957,0.00197275286037052,0.77851183560997,1.14424771159503,1,0.997887302188259,-0.0317316978117412,0.0317316978117412,0.0317316978117412,0.00100690064601566,0.748073942418187,1.25635921941501,1,1.49662705295373,-0.00337294704626689,0.00337294704626689,0.00337294704626689,1.13767717769206e-05,1.46549252470994,1.53802974925501,1,1.81627715394156,0.0162771539415609,0.0162771539415609,0.0162771539415609,0.000264945740437272,1.76034498902171,1.86115653630765,1
32,"n1400-b1_2-b2_2p5-b3_2p8",1400,4,314,1,1,0.6931472,0.9162907,1.029619,1.5,1.8,1,1.3,0.0600000000000001,461,266,424,249,FALSE,NA,TRUE,NA,0.573746590526625,-0.119400609473375,0.119400609473375,0.119400609473375,0.0142565055426134,0.386650998785501,0.762056347965888,1,0.731128200793265,-0.185162499206735,0.185162499206735,0.185162499206735,0.034285151112484,0.558274239036594,0.908537627691262,0,1.10662236243657,0.0770033624365665,0.0770033624365665,0.0770033624365665,0.00592951782653722,0.863373376919742,1.34269712689094,1,1.46663976057092,-0.0333602394290784,0.0333602394290784,0.0333602394290784,0.00111290557476544,1.41356379668147,1.52686824229147,1,1.81554780709628,0.0155478070962831,0.0155478070962831,0.0155478070962831,0.000241734305503232,1.75285539267402,1.93017919495912,1
32,"n1400-b1_2-b2_2p5-b3_2p8",1400,5,315,1,1,0.6931472,0.9162907,1.029619,1.5,1.8,1,1.3,0.0771428571428572,463,229,471,237,FALSE,NA,TRUE,NA,0.570631745675078,-0.122515454324922,0.122515454324922,0.122515454324922,0.015010036548442,0.369571192761324,0.771210941008761,1,0.808472068616622,-0.107818631383378,0.107818631383378,0.107818631383378,0.0116248572733848,0.631757530755206,0.987595914736479,1,1.19808522974207,0.168466229742066,0.168466229742066,0.168466229742066,0.0283808705635064,0.946408493764652,1.44511280692464,1,1.52439154953424,0.0243915495342419,0.0243915495342419,0.0243915495342419,0.000594947688681378,1.38648893575939,1.6104674947518,1,1.80818702487596,0.00818702487596012,0.00818702487596012,0.00818702487596012,6.70273763195899e-05,1.72266945698114,1.90239329997108,1
32,"n1400-b1_2-b2_2p5-b3_2p8",1400,6,316,1,1,0.6931472,0.9162907,1.029619,1.5,1.8,1,1.3,0.07,465,231,476,228,FALSE,NA,TRUE,NA,0.596056083497118,-0.0970911165028824,0.0970911165028824,0.0970911165028824,0.00942668490377628,0.3915703023239,0.801455507371674,1,0.83657516195133,-0.0797155380486705,0.0797155380486705,0.0797155380486705,0.00635456700638903,0.662949555919142,1.01969316654458,1,1.19681579387113,0.167196793871131,0.167196793871131,0.167196793871131,0.0279547678807856,0.942901671694341,1.44669412318469,1,1.54423301937218,0.0442330193721816,0.0442330193721816,0.0442330193721816,0.00195656000277979,1.48799894076463,1.60364212821339,1,1.80914139698685,0.00914139698685412,0.00914139698685412,0.00914139698685412,8.35651388712656e-05,1.77140420961228,1.85500842672032,1
32,"n1400-b1_2-b2_2p5-b3_2p8",1400,7,317,1,1,0.6931472,0.9162907,1.029619,1.5,1.8,1,1.3,0.0657142857142857,463,222,470,245,FALSE,NA,TRUE,NA,0.741309224138521,0.0481620241385211,0.0481620241385211,0.0481620241385211,0.00231958056911949,0.535145799549411,0.952960008353335,1,0.883221862841886,-0.0330688371581143,0.0330688371581143,0.0330688371581143,0.00109354799098988,0.704870290940218,1.06616387481556,1,1.05011385112965,0.0204948511296545,0.0204948511296545,0.0204948511296545,0.000420038922826702,0.792470459268809,1.30254085024966,1,1.4415277726448,-0.0584722273551961,0.0584722273551961,0.0584722273551961,0.00341900137187774,1.39581005717825,1.49277242880862,0,1.74286341636046,-0.057136583639545,0.057136583639545,0.057136583639545,0.00326458918999872,1.70512153913229,1.79480600142609,0
32,"n1400-b1_2-b2_2p5-b3_2p8",1400,8,318,1,1,0.6931472,0.9162907,1.029619,1.5,1.8,1,1.3,0.0635714285714286,518,226,444,212,FALSE,NA,TRUE,NA,0.714760357528484,0.0216131575284841,0.0216131575284841,0.0216131575284841,0.000467128578351071,0.507999569976906,0.924888095678282,1,0.960686200192753,0.0443955001927526,0.0443955001927526,0.0443955001927526,0.0019709604373647,0.775197856302986,1.1535935995045,1,1.08704845948398,0.0574294594839848,0.0574294594839848,0.0574294594839848,0.00329814281662265,0.826149075459826,1.34250387629907,1,1.49409902194406,-0.00590097805593559,0.00590097805593559,0.00590097805593559,3.48215420166334e-05,1.43000856587005,1.5452026797163,1,1.76917593070569,-0.0308240692943111,0.0308240692943111,0.0308240692943111,0.000950123247860495,1.74440287536923,1.80752672681425,1
32,"n1400-b1_2-b2_2p5-b3_2p8",1400,9,319,1,1,0.6931472,0.9162907,1.029619,1.5,1.8,1,1.3,0.0764285714285714,453,225,491,231,FALSE,NA,TRUE,NA,0.646152992641699,-0.0469942073583011,0.0469942073583011,0.0469942073583011,0.002208455525235,0.439550482566869,0.851776659834296,1,0.789812078895325,-0.126478621104675,0.126478621104675,0.126478621104675,0.0159968415965399,0.612125712702778,0.970760296653124,1,1.22679300435373,0.197174004353734,0.197174004353734,0.197174004353734,0.0388775879928865,0.975798435754284,1.48315015441939,1,1.49242917316955,-0.00757082683044707,0.00757082683044707,0.00757082683044707,5.73174188966173e-05,1.46706297457835,1.53759565630478,1,1.7579873981893,-0.042012601810705,0.042012601810705,0.042012601810705,0.00176505871090485,1.7208992630557,1.80676511684657,1
32,"n1400-b1_2-b2_2p5-b3_2p8",1400,10,320,1,1,0.6931472,0.9162907,1.029619,1.5,1.8,1,1.3,0.0685714285714286,455,208,520,217,FALSE,NA,TRUE,NA,0.83904475805982,0.14589755805982,0.14589755805982,0.14589755805982,0.0212860974478184,0.62212488144247,1.0542768583156,1,0.93957073868733,0.0232800386873295,0.0232800386873295,0.0232800386873295,0.00054196020128356,0.755747890854022,1.12342501123929,1,0.88218174060793,-0.14743725939207,0.14743725939207,0.14743725939207,0.0217377454570446,0.624785559172778,1.13984925206181,1,1.50361707911075,0.00361707911075193,0.00361707911075193,0.00361707911075193,1.3083261293438e-05,1.47637664260331,1.52351403361955,1,1.80373984851432,0.00373984851431741,0.00373984851431741,0.00373984851431741,1.39864669100422e-05,1.78373047740109,1.83779447567288,1
33,"n1400-b1_2-b2_2p5-b3_2p8",1400,1,321,1,1,0.6931472,0.9162907,1.029619,1.5,1.8,1,1.3,0.0664285714285714,454,244,462,240,FALSE,NA,TRUE,NA,0.844527464855389,0.151380264855389,0.151380264855389,0.151380264855389,0.0229159845876877,0.646033901123935,1.04551341874921,1,1.05195224067007,0.135661540670075,0.135661540670075,0.135661540670075,0.0184040536169783,0.868971698034515,1.23741524220949,1,0.801965689449843,-0.227653310550157,0.227653310550157,0.227653310550157,0.051826029804446,0.554150828492022,1.05126273213122,1,1.49829695781865,-0.00170304218134931,0.00170304218134931,0.00170304218134931,2.90035267145502e-06,1.47554336890292,1.52528747641507,1,1.80485186713862,0.00485186713862262,0.00485186713862262,0.00485186713862262,2.35406147308461e-05,1.76762642190309,1.87946792108714,1
33,"n1400-b1_2-b2_2p5-b3_2p8",1400,2,322,1,1,0.6931472,0.9162907,1.029619,1.5,1.8,1,1.3,0.0714285714285714,486,227,432,255,FALSE,NA,TRUE,NA,0.643521452098296,-0.0496257479017044,0.0496257479017044,0.0496257479017044,0.00246271485480352,0.445498519340376,0.840485056756056,1,1.01828615280967,0.101995452809667,0.101995452809667,0.101995452809667,0.010403072393849,0.83873274745905,1.19733997142105,1,0.866553111288528,-0.163065888711472,0.163065888711472,0.163065888711472,0.0265904840612621,0.618144910916599,1.11431637737618,1,1.50916848079533,0.00916848079533183,0.00916848079533183,0.00916848079533183,8.40610400943687e-05,1.49077601114131,1.54979202427846,1,1.80607462557767,0.00607462557767002,0.00607462557767002,0.00607462557767002,3.69010759088829e-05,1.7239053525004,1.84213758617955,1
33,"n1400-b1_2-b2_2p5-b3_2p8",1400,3,323,1,1,0.6931472,0.9162907,1.029619,1.5,1.8,1,1.3,0.0692857142857143,460,228,464,248,FALSE,NA,TRUE,NA,0.556499876630542,-0.136647323369458,0.136647323369458,0.136647323369458,0.0186724909840373,0.357714286813216,0.75546508401082,1,0.899463563620946,-0.0168271363790539,0.0168271363790539,0.0168271363790539,0.000283152518719278,0.723787014554576,1.07674502816533,1,1.08537896283058,0.055759962830576,0.055759962830576,0.055759962830576,0.00310917345486722,0.835598767149867,1.33308458996586,1,1.51742426984908,0.0174242698490772,0.0174242698490772,0.0174242698490772,0.00030360517977346,1.48714699094094,1.63734530346338,1,1.80686827645704,0.00686827645703891,0.00686827645703891,0.00686827645703891,4.7173221490315e-05,1.78940446438939,1.86629904859788,1
33,"n1400-b1_2-b2_2p5-b3_2p8",1400,4,324,1,1,0.6931472,0.9162907,1.029619,1.5,1.8,1,1.3,0.0707142857142857,435,245,466,254,FALSE,NA,TRUE,NA,0.661859855474395,-0.0312873445256048,0.0312873445256048,0.0312873445256048,0.000978897927463891,0.468377342983305,0.856596449216061,1,0.851589300121314,-0.0647013998786862,0.0647013998786862,0.0647013998786862,0.00418627114626165,0.680446186630093,1.02760271993241,1,1.06587596613847,0.0362569661384675,0.0362569661384675,0.0362569661384675,0.00131456759356598,0.819877446253152,1.30748348936752,1,1.45986648859049,-0.040133511409514,0.040133511409514,0.040133511409514,0.00161069873805759,1.39250757477078,1.54008819462274,1,1.75605521177231,-0.0439447882276931,0.0439447882276931,0.0439447882276931,0.00193114441237679,1.67589988266662,1.86651616811933,1
33,"n1400-b1_2-b2_2p5-b3_2p8",1400,5,325,1,1,0.6931472,0.9162907,1.029619,1.5,1.8,1,1.3,0.0685714285714286,471,240,481,208,FALSE,NA,TRUE,NA,0.693285885239744,0.000138685239743919,0.000138685239743919,0.000138685239743919,1.92335957228282e-08,0.485801089595125,0.902564506766254,1,0.884788165114482,-0.0315025348855185,0.0315025348855185,0.0315025348855185,0.000992409704213308,0.700142043829823,1.07383801737845,1,1.13410931628131,0.104490316281315,0.104490316281315,0.104490316281315,0.0109182261965692,0.877367190027194,1.39111016552342,1,1.50855935639969,0.00855935639968908,0.00855935639968908,0.00855935639968908,7.32625819768984e-05,1.4856997616086,1.55394553485597,1,1.78656973261212,-0.0134302673878806,0.0134302673878806,0.0134302673878806,0.000180372082109968,1.74101273724487,1.84070698387885,1
33,"n1400-b1_2-b2_2p5-b3_2p8",1400,6,326,1,1,0.6931472,0.9162907,1.029619,1.5,1.8,1,1.3,0.0542857142857143,461,236,478,225,FALSE,NA,TRUE,NA,0.606482413313288,-0.086664786686712,0.086664786686712,0.086664786686712,0.00751078525145329,0.410258819337068,0.804611126520648,1,0.781908403243247,-0.134382296756753,0.134382296756753,0.134382296756753,0.0180586016816199,0.608647809216978,0.957545667603551,1,1.12315472504235,0.0935357250423456,0.0935357250423456,0.0935357250423456,0.00874893185919729,0.874501477094649,1.36612081293832,1,1.4835030469597,-0.0164969530402959,0.0164969530402959,0.0164969530402959,0.000272149459613727,1.46069524924971,1.51115812904974,1,1.78926280414932,-0.0107371958506775,0.0107371958506775,0.0107371958506775,0.000115287374735805,1.77813386237818,1.80434372314342,1
33,"n1400-b1_2-b2_2p5-b3_2p8",1400,7,327,1,1,0.6931472,0.9162907,1.029619,1.5,1.8,1,1.3,0.0792857142857143,452,223,488,237,FALSE,NA,TRUE,NA,0.73708424022785,0.0439370402278505,0.0439370402278505,0.0439370402278505,0.00193046350398375,0.534858709374667,0.942057472543639,1,0.867080970461946,-0.0492097295380537,0.0492097295380537,0.0492097295380537,0.00242159748120839,0.689472812407823,1.04394132678289,1,1.08816426157493,0.0585452615749305,0.0585452615749305,0.0585452615749305,0.00342754765287703,0.836770042691705,1.34007222056859,1,1.5087818887354,0.00878188873539898,0.00878188873539898,0.00878188873539898,7.71215697609275e-05,1.48228824786375,1.58710505122484,1,1.85495025885557,0.0549502588555661,0.0549502588555661,0.0549502588555661,0.00301953094829373,1.78554683590775,1.95083461423021,1
33,"n1400-b1_2-b2_2p5-b3_2p8",1400,8,328,1,1,0.6931472,0.9162907,1.029619,1.5,1.8,1,1.3,0.0714285714285714,467,238,463,232,FALSE,NA,TRUE,NA,0.680924393624805,-0.0122228063751952,0.0122228063751952,0.0122228063751952,0.000149396995685513,0.480926932509855,0.883215660816438,1,0.849719039191656,-0.0665716608083443,0.0665716608083443,0.0665716608083443,0.00443178602278125,0.672447138935295,1.02730046981147,1,1.19038946924491,0.160770469244912,0.160770469244912,0.160770469244912,0.0258471437812292,0.939423401922806,1.44037240010396,1,1.49699815254437,-0.00300184745563059,0.00300184745563059,0.00300184745563059,9.01108814687585e-06,1.44489384657034,1.5835024324533,1,1.78310912470112,-0.0168908752988834,0.0168908752988834,0.0168908752988834,0.000285301668362431,1.71573627043116,1.83895467607272,1
33,"n1400-b1_2-b2_2p5-b3_2p8",1400,9,329,1,1,0.6931472,0.9162907,1.029619,1.5,1.8,1,1.3,0.0721428571428572,485,223,470,222,FALSE,NA,TRUE,NA,0.769807510395182,0.0766603103951821,0.0766603103951821,0.0766603103951821,0.00587680318988566,0.558475638707178,0.984030186340664,1,0.952647216197284,0.0363565161972841,0.0363565161972841,0.0363565161972841,0.00132179627000338,0.766275490844355,1.14087000774484,1,1.04274342623043,0.0131244262304291,0.0131244262304291,0.0131244262304291,0.000172250563877975,0.786771080353238,1.30115208551144,1,1.48298690155079,-0.0170130984492103,0.0170130984492103,0.0170130984492103,0.000289445518842521,1.45737322439668,1.50520642693649,1,1.77936441374935,-0.0206355862506489,0.0206355862506489,0.0206355862506489,0.000425827419907969,1.75214400892831,1.8164537901936,1
33,"n1400-b1_2-b2_2p5-b3_2p8",1400,10,330,1,1,0.6931472,0.9162907,1.029619,1.5,1.8,1,1.3,0.0764285714285714,474,227,464,235,FALSE,NA,TRUE,NA,0.67092634335278,-0.02222085664722,0.02222085664722,0.02222085664722,0.000493766470136299,0.469392524768253,0.872346237329382,1,0.894362466087047,-0.0219282339129533,0.0219282339129533,0.0219282339129533,0.000480847442541195,0.713505953281381,1.07592365318548,1,1.0471789440713,0.0175599440713003,0.0175599440713003,0.0175599440713003,0.000308351635787196,0.795723777122673,1.30202022368412,1,1.49507610722425,-0.00492389277575422,0.00492389277575422,0.00492389277575422,2.42447200671246e-05,1.4648714123227,1.52603136515908,1,1.79336694704048,-0.00663305295951733,0.00663305295951733,0.00663305295951733,4.39973915637616e-05,1.76147261115279,1.84852396517935,1
34,"n1400-b1_2-b2_2p5-b3_2p8",1400,1,331,1,1,0.6931472,0.9162907,1.029619,1.5,1.8,1,1.3,0.0714285714285714,457,231,497,215,FALSE,NA,TRUE,NA,0.651520844115878,-0.0416263558841224,0.0416263558841224,0.0416263558841224,0.00173275350419162,0.444430529454651,0.863771701804184,1,0.968840664376469,0.0525499643764694,0.0525499643764694,0.0525499643764694,0.0027614987559682,0.786201973588089,1.15899656540122,1,0.949185740065642,-0.0804332599343583,0.0804332599343583,0.0804332599343583,0.00646950930366806,0.695911686281508,1.20255465994034,1,1.49469968345066,-0.00530031654934127,0.00530031654934127,0.00530031654934127,2.80933555232209e-05,1.46874871240007,1.52232924171153,1,1.7825372821903,-0.0174627178097044,0.0174627178097044,0.0174627178097044,0.000304946513301368,1.76426410707561,1.81331170532124,1
34,"n1400-b1_2-b2_2p5-b3_2p8",1400,2,332,1,1,0.6931472,0.9162907,1.029619,1.5,1.8,1,1.3,0.0685714285714286,467,214,490,229,FALSE,NA,TRUE,NA,0.680056269884,-0.0130909301160003,0.0130909301160003,0.0130909301160003,0.000171372451302003,0.473664558054769,0.88773045453354,1,0.934416307715757,0.0181256077157574,0.0181256077157574,0.0181256077157574,0.000328537655065526,0.754091828735137,1.12151888175147,1,1.02841878207015,-0.00120021792984581,0.00120021792984581,0.00120021792984581,1.44052307912337e-06,0.774839343552262,1.27922933732145,1,1.50478200030713,0.00478200030713327,0.00478200030713327,0.00478200030713327,2.28675269374227e-05,1.48032386703708,1.53766295700564,1,1.79937555960318,-0.00062444039681786,0.00062444039681786,0.00062444039681786,3.89925809178047e-07,1.76188769820267,1.84433367244093,1
34,"n1400-b1_2-b2_2p5-b3_2p8",1400,3,333,1,1,0.6931472,0.9162907,1.029619,1.5,1.8,1,1.3,0.075,440,222,522,216,FALSE,NA,TRUE,NA,0.782099893228145,0.0889526932281447,0.0889526932281447,0.0889526932281447,0.00791258163254042,0.573156040799495,0.994814696981555,1,1.07270767331687,0.156416973316869,0.156416973316869,0.156416973316869,0.0244662695416101,0.886192014131697,1.2613530262291,1,0.928685107876725,-0.100933892123275,0.100933892123275,0.100933892123275,0.010187650579153,0.671389574924004,1.18252517398782,1,1.49225040264482,-0.00774959735518355,0.00774959735518355,0.00774959735518355,6.00562591674678e-05,1.43298415776315,1.55432031270072,1,1.7579608612582,-0.0420391387418031,0.0420391387418031,0.0420391387418031,0.00176728918615257,1.6803188313301,1.87697452933503,1
34,"n1400-b1_2-b2_2p5-b3_2p8",1400,4,334,1,1,0.6931472,0.9162907,1.029619,1.5,1.8,1,1.3,0.0814285714285714,452,249,468,231,FALSE,NA,TRUE,NA,0.68846459023908,-0.00468260976092028,0.00468260976092028,0.00468260976092028,2.19268341730658e-05,0.488995194344091,0.892062895072575,1,0.923473257502117,0.00718255750211705,0.00718255750211705,0.00718255750211705,5.15891322712179e-05,0.744452302239109,1.10853753137895,1,0.995137900906719,-0.0344810990932808,0.0344810990932808,0.0344810990932808,0.00118894619468065,0.743830892995863,1.24250811733524,1,1.44995383622304,-0.0500461637769625,0.0500461637769625,0.0500461637769625,0.00250461850879055,1.39381775614286,1.52272872446435,1,1.73938793340713,-0.0606120665928711,0.0606120665928711,0.0606120665928711,0.00367382261665864,1.66074463256073,1.83957361719032,1
34,"n1400-b1_2-b2_2p5-b3_2p8",1400,5,335,1,1,0.6931472,0.9162907,1.029619,1.5,1.8,1,1.3,0.0657142857142857,459,228,478,235,FALSE,NA,TRUE,NA,0.676751456175186,-0.0163957438248139,0.0163957438248139,0.0163957438248139,0.000268820415568923,0.475122008239523,0.878329027998631,1,0.904531469677552,-0.0117592303224476,0.0117592303224476,0.0117592303224476,0.000138279497776372,0.726555425365488,1.08463246297006,1,1.06775864751553,0.0381396475155309,0.0381396475155309,0.0381396475155309,0.00145463271260894,0.814348262908701,1.31861579323381,1,1.54975365035386,0.0497536503538569,0.0497536503538569,0.0497536503538569,0.00247542572353385,1.49033428072098,1.65795606367117,1,1.8169816354926,0.0169816354926038,0.0169816354926038,0.0169816354926038,0.000288375944003661,1.76962425443138,1.89178806100744,1
34,"n1400-b1_2-b2_2p5-b3_2p8",1400,6,336,1,1,0.6931472,0.9162907,1.029619,1.5,1.8,1,1.3,0.0742857142857143,482,266,413,239,FALSE,NA,TRUE,NA,0.740898116792642,0.0477509167926418,0.0477509167926418,0.0477509167926418,0.0022801500545378,0.545664468219155,0.937945935317165,1,0.802593664883511,-0.113697035116489,0.113697035116489,0.113697035116489,0.0129270157942801,0.626276433629699,0.983381020479183,1,1.14137599575229,0.111756995752292,0.111756995752292,0.111756995752292,0.0124896260995778,0.89792753883333,1.38960281613242,1,1.47918972684619,-0.0208102731538058,0.0208102731538058,0.0208102731538058,0.00043306746873601,1.44843719810327,1.50976808642975,1,1.79549497485923,-0.00450502514077478,0.00450502514077478,0.00450502514077478,2.02952515190128e-05,1.74848394134102,1.84200719963438,1
34,"n1400-b1_2-b2_2p5-b3_2p8",1400,7,337,1,1,0.6931472,0.9162907,1.029619,1.5,1.8,1,1.3,0.0735714285714286,463,230,478,229,FALSE,NA,TRUE,NA,0.599556888003662,-0.0935903119963384,0.0935903119963384,0.0935903119963384,0.00875914649957196,0.398733711978096,0.80335541337007,1,0.897208270267277,-0.0190824297327233,0.0190824297327233,0.0190824297327233,0.000364139124504324,0.717080655581405,1.08017625609496,1,1.22152275959327,0.191903759593272,0.191903759593272,0.191903759593272,0.0368270529460324,0.969082904345694,1.47684921669749,1,1.42875888217063,-0.0712411178293737,0.0712411178293737,0.0712411178293737,0.00507529686957871,1.40305967992267,1.48135592950972,0,1.7905818754838,-0.00941812451620128,0.00941812451620128,0.00941812451620128,8.87010694026715e-05,1.75195610200063,1.8319075819437,1
34,"n1400-b1_2-b2_2p5-b3_2p8",1400,8,338,1,1,0.6931472,0.9162907,1.029619,1.5,1.8,1,1.3,0.0707142857142857,478,225,445,252,FALSE,NA,TRUE,NA,0.827674895666102,0.134527695666102,0.134527695666102,0.134527695666102,0.0180977009012313,0.630027549009437,1.02872623695032,1,0.955742608873469,0.0394519088734685,0.0394519088734685,0.0394519088734685,0.00155645311376046,0.779151381853762,1.13837043018225,1,0.961782305099973,-0.0678366949000275,0.0678366949000275,0.0678366949000275,0.00460181717495942,0.712266790361027,1.21159665552543,1,1.52457328447581,0.0245732844758129,0.0245732844758129,0.0245732844758129,0.000603846309929225,1.50119333966541,1.57319291501957,0,1.79306810453576,-0.00693189546424233,0.00693189546424233,0.00693189546424233,4.80511747271834e-05,1.77344267239604,1.8316026940073,1
34,"n1400-b1_2-b2_2p5-b3_2p8",1400,9,339,1,1,0.6931472,0.9162907,1.029619,1.5,1.8,1,1.3,0.0764285714285714,463,241,465,231,FALSE,NA,TRUE,NA,0.621874849151983,-0.0712723508480172,0.0712723508480172,0.0712723508480172,0.00507974799540286,0.421015117282929,0.824579054586597,1,0.922573742184252,0.0062830421842518,0.0062830421842518,0.0062830421842518,3.94766190890876e-05,0.743518493744676,1.10728595978377,1,1.01308651272606,-0.0165324872739374,0.0165324872739374,0.0165324872739374,0.000273323135462903,0.761102356025386,1.2619271902871,1,1.49131931579893,-0.00868068420107426,0.00868068420107426,0.00868068420107426,7.53542781987803e-05,1.44730997530512,1.53976308954987,1,1.79996629459593,-3.37054040688844e-05,3.37054040688844e-05,3.37054040688844e-05,1.13605426344677e-09,1.7802986650136,1.83456082122435,1
34,"n1400-b1_2-b2_2p5-b3_2p8",1400,10,340,1,1,0.6931472,0.9162907,1.029619,1.5,1.8,1,1.3,0.0778571428571428,448,231,456,265,FALSE,NA,TRUE,NA,0.588928186400535,-0.104219013599465,0.104219013599465,0.104219013599465,0.0108616027956455,0.393035979461486,0.784943496775473,1,0.917204016894278,0.00091331689427776,0.00091331689427776,0.00091331689427776,8.34147749373174e-07,0.747230550382167,1.0909846555442,1,1.09837372501736,0.0687547250173612,0.0687547250173612,0.0687547250173612,0.00472721221221296,0.84974626394531,1.34724840080461,1,1.54763747540718,0.0476374754071842,0.0476374754071842,0.0476374754071842,0.00226932906317008,1.49241054151132,1.62704195140544,1,1.8066048034447,0.00660480344469971,0.00660480344469971,0.00660480344469971,4.36234285431172e-05,1.7772336656208,1.85205458067043,1
35,"n1400-b1_2-b2_2p5-b3_2p8",1400,1,341,1,1,0.6931472,0.9162907,1.029619,1.5,1.8,1,1.3,0.0764285714285714,484,223,461,232,FALSE,NA,TRUE,NA,0.628994769523012,-0.0641524304769883,0.0641524304769883,0.0641524304769883,0.00411553433610481,0.424237297368235,0.837356310738425,1,0.888349740061536,-0.0279409599384637,0.0279409599384637,0.0279409599384637,0.000780697242282832,0.708087650741603,1.07438310864512,1,1.10421697230801,0.0745979723080099,0.0745979723080099,0.0745979723080099,0.00556485747246661,0.85134368365137,1.35847932728137,1,1.51069962181259,0.0106996218125874,0.0106996218125874,0.0106996218125874,0.000114481906932397,1.46885198812275,1.54756814066541,1,1.82081186598413,0.0208118659841325,0.0208118659841325,0.0208118659841325,0.000433133765741493,1.75473283221299,1.92259993519109,1
35,"n1400-b1_2-b2_2p5-b3_2p8",1400,2,342,1,1,0.6931472,0.9162907,1.029619,1.5,1.8,1,1.3,0.0735714285714286,437,265,466,232,FALSE,NA,TRUE,NA,0.667269645513022,-0.0258775544869781,0.0258775544869781,0.0258775544869781,0.000669647826226523,0.46797563704745,0.865744299092845,1,0.843614425169613,-0.0726762748303869,0.0726762748303869,0.0726762748303869,0.00528184092322192,0.6645221620282,1.02768426098353,1,1.04160011966449,0.0119811196644948,0.0119811196644948,0.0119811196644948,0.000143547228414943,0.793700952651759,1.29009045398709,1,1.48188834424151,-0.0181116557584915,0.0181116557584915,0.0181116557584915,0.000328032074314098,1.45924598248652,1.5183492029029,1,1.81596475170243,0.0159647517024291,0.0159647517024291,0.0159647517024291,0.000254873296920212,1.75732520392961,1.86857424461765,1
35,"n1400-b1_2-b2_2p5-b3_2p8",1400,3,343,1,1,0.6931472,0.9162907,1.029619,1.5,1.8,1,1.3,0.0757142857142857,473,244,429,254,FALSE,NA,TRUE,NA,0.686178607775846,-0.00696859222415436,0.00696859222415436,0.00696859222415436,4.85612775865446e-05,0.490574536606434,0.882488968997743,1,0.802471942858835,-0.113818757141165,0.113818757141165,0.113818757141165,0.0129547094771596,0.625611070167225,0.981253099953516,1,1.18683250397931,0.157213503979315,0.157213503979315,0.157213503979315,0.024716085833454,0.941071960165088,1.43148804964211,1,1.50298972767349,0.00298972767348715,0.00298972767348715,0.00298972767348715,8.9384715616149e-06,1.48228114211097,1.55807464338959,1,1.80112092535211,0.00112092535210939,0.00112092535210939,0.00112092535210939,1.25647364500156e-06,1.77570993985277,1.85151019374903,1
35,"n1400-b1_2-b2_2p5-b3_2p8",1400,4,344,1,1,0.6931472,0.9162907,1.029619,1.5,1.8,1,1.3,0.0685714285714286,461,213,480,246,FALSE,NA,TRUE,NA,0.905903350199851,0.212756150199851,0.212756150199851,0.212756150199851,0.0452651794478617,0.696579726850791,1.11562342481362,0,0.992132020506955,0.0758413205069555,0.0758413205069555,0.0758413205069555,0.00575190589623874,0.812132786678344,1.17577731948331,1,0.751216632468242,-0.278402367531758,0.278402367531758,0.278402367531758,0.0775078782472881,0.500263299036254,0.997556406648793,0,1.5271012336887,0.0271012336886958,0.0271012336886958,0.0271012336886958,0.000734476867449299,1.46388046510179,1.58163913726189,1,1.80175509844514,0.00175509844514354,0.00175509844514354,0.00175509844514354,3.08037055214528e-06,1.76286077667915,1.85999058257097,1
35,"n1400-b1_2-b2_2p5-b3_2p8",1400,5,345,1,1,0.6931472,0.9162907,1.029619,1.5,1.8,1,1.3,0.0692857142857143,480,241,455,224,FALSE,NA,TRUE,NA,0.732372310489293,0.0392251104892931,0.0392251104892931,0.0392251104892931,0.00153860929289725,0.531121082964564,0.935062567779455,1,0.899425556436598,-0.0168651435634017,0.0168651435634017,0.0168651435634017,0.000284433067414151,0.714660359644399,1.08494388018111,1,1.07417374204001,0.0445547420400141,0.0445547420400141,0.0445547420400141,0.0019851250382522,0.824375073716294,1.32842963775983,1,1.47461527497931,-0.025384725020692,0.025384725020692,0.025384725020692,0.000644384264376147,1.40048123631605,1.54434996227019,1,1.82971498911522,0.0297149891152195,0.0297149891152195,0.0297149891152195,0.000882980578117615,1.79351552306334,1.92435617553607,1
35,"n1400-b1_2-b2_2p5-b3_2p8",1400,6,346,1,1,0.6931472,0.9162907,1.029619,1.5,1.8,1,1.3,0.075,465,216,488,231,FALSE,NA,TRUE,NA,0.629562607720269,-0.0635845922797311,0.0635845922797311,0.0635845922797311,0.00404300037537964,0.422415902146617,0.840724472793285,1,0.983333901470678,0.0670432014706778,0.0670432014706778,0.0670432014706778,0.00449479086343789,0.800491396628808,1.17260941271026,1,0.982582340376042,-0.047036659623958,0.047036659623958,0.047036659623958,0.00221244734858008,0.726832769491018,1.2384258055112,1,1.516555728068,0.0165557280679971,0.0165557280679971,0.0165557280679971,0.000274092131861467,1.47301727471938,1.62861879630738,1,1.81364892570018,0.0136489257001777,0.0136489257001777,0.0136489257001777,0.000186293172768972,1.78859548157163,1.88043585893839,1
35,"n1400-b1_2-b2_2p5-b3_2p8",1400,7,347,1,1,0.6931472,0.9162907,1.029619,1.5,1.8,1,1.3,0.0742857142857143,468,254,433,245,FALSE,NA,TRUE,NA,0.669217288554429,-0.0239299114455713,0.0239299114455713,0.0239299114455713,0.000572640661792886,0.472573577123405,0.864666945610731,1,0.867123673847416,-0.0491670261525839,0.0491670261525839,0.0491670261525839,0.00241739646068887,0.687894927760617,1.04875026751917,1,1.07421869394545,0.0445996939454476,0.0445996939454476,0.0445996939454476,0.0019891327000276,0.824057111915174,1.32345491386502,1,1.4787188627223,-0.0212811372777042,0.0212811372777042,0.0212811372777042,0.000452886803832491,1.40888685831372,1.51741193530567,1,1.80958612996384,0.00958612996384045,0.00958612996384045,0.00958612996384045,9.18938876836397e-05,1.7488073323172,1.86454321819633,1
35,"n1400-b1_2-b2_2p5-b3_2p8",1400,8,348,1,1,0.6931472,0.9162907,1.029619,1.5,1.8,1,1.3,0.0557142857142857,498,232,446,224,FALSE,NA,TRUE,NA,0.72668977392157,0.0335425739215705,0.0335425739215705,0.0335425739215705,0.00112510426528402,0.524021988625919,0.930753734457001,1,0.953174103899541,0.0368834038995409,0.0368834038995409,0.0368834038995409,0.00136038548321667,0.77319730084729,1.13389223495916,1,1.03142632460055,0.00180732460055122,0.00180732460055122,0.00180732460055122,3.26642221175762e-06,0.779540791534212,1.28214221945816,1,1.44948086209528,-0.0505191379047194,0.0505191379047194,0.0505191379047194,0.00255218329463606,1.41287430075099,1.50558709390287,1,1.78649789181158,-0.0135021081884199,0.0135021081884199,0.0135021081884199,0.000182306925531796,1.7477957964256,1.84099933880383,1
35,"n1400-b1_2-b2_2p5-b3_2p8",1400,9,349,1,1,0.6931472,0.9162907,1.029619,1.5,1.8,1,1.3,0.0671428571428572,469,247,443,241,FALSE,NA,TRUE,NA,0.695771627895004,0.0026244278950045,0.0026244278950045,0.0026244278950045,6.88762177607775e-06,0.500018939614164,0.893779306461139,1,0.96857257553002,0.05228187553002,0.05228187553002,0.05228187553002,0.0027333945089365,0.789292883397953,1.15188088244369,1,1.09527251914628,0.0656535191462799,0.0656535191462799,0.0656535191462799,0.00431038457629095,0.844799887252613,1.34245313981818,1,1.5038530166013,0.00385301660129556,0.00385301660129556,0.00385301660129556,1.48457369298592e-05,1.48091742808418,1.52918372518504,1,1.79835006649901,-0.00164993350098963,0.00164993350098963,0.00164993350098963,2.7222805576879e-06,1.77378363211676,1.84572973442883,1
35,"n1400-b1_2-b2_2p5-b3_2p8",1400,10,350,1,1,0.6931472,0.9162907,1.029619,1.5,1.8,1,1.3,0.0735714285714286,449,223,489,239,FALSE,NA,TRUE,NA,0.488651501264227,-0.204495698735773,0.204495698735773,0.204495698735773,0.0418184908014319,0.281849695313531,0.694892748257154,1,0.96663924810258,0.0503485481025795,0.0503485481025795,0.0503485481025795,0.00253497629603776,0.786947929891147,1.15108267459585,1,1.2814666358556,0.251847635855603,0.251847635855603,0.251847635855603,0.0634272316860563,1.02734735662476,1.53847462055157,1,1.50013319530955,0.000133195309545142,0.000133195309545142,0.000133195309545142,1.77409904848262e-08,1.49253840549523,1.51540520037491,1,1.8023527288478,0.00235272884780025,0.00235272884780025,0.00235272884780025,5.53533303127147e-06,1.78856136867736,1.81888686667255,1
36,"n1400-b1_2-b2_2p5-b3_2p8",1400,1,351,1,1,0.6931472,0.9162907,1.029619,1.5,1.8,1,1.3,0.0814285714285714,446,236,469,249,FALSE,NA,TRUE,NA,0.802355184187229,0.109207984187229,0.109207984187229,0.109207984187229,0.011926383810238,0.600113324271953,1.00518947385307,1,0.987637540925123,0.0713468409251234,0.0713468409251234,0.0713468409251234,0.00509037170999487,0.803259623631393,1.17035265591006,1,0.853052866926907,-0.176566133073093,0.176566133073093,0.176566133073093,0.0311755993483851,0.602781665331786,1.10250792787935,1,1.58533468608766,0.085334686087658,0.085334686087658,0.085334686087658,0.00728200864967914,1.53302841516808,1.62324830263985,0,1.72273193714641,-0.077268062853586,0.077268062853586,0.077268062853586,0.00597035353714572,1.67232651562665,1.78596055960377,0
36,"n1400-b1_2-b2_2p5-b3_2p8",1400,2,352,1,1,0.6931472,0.9162907,1.029619,1.5,1.8,1,1.3,0.0792857142857143,455,247,459,239,FALSE,NA,TRUE,NA,0.664924508567779,-0.0282226914322207,0.0282226914322207,0.0282226914322207,0.000796520311678342,0.464800453203076,0.866427407183796,1,0.833422363569987,-0.0828683364300128,0.0828683364300128,0.0828683364300128,0.00686716118267779,0.655380422196622,1.01270950042926,1,1.14669348262339,0.117074482623395,0.117074482623395,0.117074482623395,0.0137064344815356,0.892466821503574,1.39922241591459,1,1.50844557386361,0.00844557386361044,0.00844557386361044,0.00844557386361044,7.13277178856999e-05,1.47088901944023,1.5623863658333,1,1.80393804031861,0.00393804031861023,0.00393804031861023,0.00393804031861023,1.55081615509997e-05,1.7644958014827,1.85490372980617,1
36,"n1400-b1_2-b2_2p5-b3_2p8",1400,3,353,1,1,0.6931472,0.9162907,1.029619,1.5,1.8,1,1.3,0.0814285714285714,454,233,484,229,FALSE,NA,TRUE,NA,0.746290718531343,0.0531435185313432,0.0531435185313432,0.0531435185313432,0.00282423356189122,0.54091370864326,0.955280109592173,1,1.00562149996352,0.0893307999635151,0.0893307999635151,0.0893307999635151,0.00797999182212155,0.820462112825591,1.19413598819627,1,0.906954132655195,-0.122664867344805,0.122664867344805,0.122664867344805,0.0150466696807187,0.651130357675706,1.15848374663356,1,1.53830335860014,0.0383033586001438,0.0383033586001438,0.0383033586001438,0.00146714728005121,1.45109027549465,1.64742297736999,1,1.78138992799115,-0.0186100720088473,0.0186100720088473,0.0186100720088473,0.000346334780174483,1.67614818676716,1.85628522219178,1
36,"n1400-b1_2-b2_2p5-b3_2p8",1400,4,354,1,1,0.6931472,0.9162907,1.029619,1.5,1.8,1,1.3,0.075,482,230,458,230,FALSE,NA,TRUE,NA,0.70787491854578,0.0147277185457796,0.0147277185457796,0.0147277185457796,0.0002169056935637,0.500833922827146,0.913574401479246,1,0.925474154491744,0.00918345449174429,0.00918345449174429,0.00918345449174429,8.43358364019384e-05,0.741988840895758,1.11114313290022,1,0.903476959876747,-0.126142040123253,0.126142040123253,0.126142040123253,0.0159118142864563,0.65029287101596,1.15532798830511,1,1.52639067232569,0.0263906723256944,0.0263906723256944,0.0263906723256944,0.00069646758580217,1.48848373319829,1.58987507938627,1,1.81607296512886,0.0160729651288625,0.0160729651288625,0.0160729651288625,0.000258340208033629,1.77066398520637,1.89830031443343,1
36,"n1400-b1_2-b2_2p5-b3_2p8",1400,5,355,1,1,0.6931472,0.9162907,1.029619,1.5,1.8,1,1.3,0.0649999999999999,488,224,449,239,FALSE,NA,TRUE,NA,0.713417015073315,0.0202698150733155,0.0202698150733155,0.0202698150733155,0.000410865403106408,0.5103808542671,0.91417040262195,1,0.829148366275911,-0.0871423337240885,0.0871423337240885,0.0871423337240885,0.00759378632688042,0.648358344622141,1.01150605536027,1,0.984316952324179,-0.0453020476758209,0.0453020476758209,0.0453020476758209,0.00205227552362235,0.738308267743847,1.23188463233606,1,1.46867538551428,-0.031324614485718,0.031324614485718,0.031324614485718,0.000981231472678854,1.38928720350674,1.54086110601428,1,1.76266803079365,-0.037331969206355,0.037331969206355,0.037331969206355,0.00139367592482423,1.71070939561281,1.82301539113485,1
36,"n1400-b1_2-b2_2p5-b3_2p8",1400,6,356,1,1,0.6931472,0.9162907,1.029619,1.5,1.8,1,1.3,0.0685714285714286,481,219,445,255,FALSE,NA,TRUE,NA,0.830572657987981,0.137425457987981,0.137425457987981,0.137425457987981,0.0188857565032063,0.626030077752857,1.03250608792005,1,1.01293440928173,0.0966437092817343,0.0966437092817343,0.0966437092817343,0.00934000654373237,0.833338340500838,1.19769355978508,1,0.790804544300791,-0.238814455699209,0.238814455699209,0.238814455699209,0.0570323442509096,0.541294785131486,1.03600978248485,1,1.45555868951369,-0.044441310486308,0.044441310486308,0.044441310486308,0.00197503007774042,1.4117931861298,1.50412267137569,1,1.79846558654579,-0.00153441345421323,0.00153441345421323,0.00153441345421323,2.35442464847059e-06,1.74106462196527,1.86206932009422,1
36,"n1400-b1_2-b2_2p5-b3_2p8",1400,7,357,1,1,0.6931472,0.9162907,1.029619,1.5,1.8,1,1.3,0.0721428571428572,453,215,481,251,FALSE,NA,TRUE,NA,0.741351353907453,0.048204153907453,0.048204153907453,0.048204153907453,0.00232364045393342,0.53777999428422,0.944719812634209,1,0.888023122491838,-0.0282675775081621,0.0282675775081621,0.0282675775081621,0.000799055938179952,0.716055981789546,1.06209340448778,1,0.850842304474438,-0.178776695525562,0.178776695525562,0.178776695525562,0.0319611068630394,0.600871852494784,1.09856983579889,1,1.48209466625103,-0.0179053337489747,0.0179053337489747,0.0179053337489747,0.000320600976662174,1.43075223008871,1.53653816939164,1,1.76824674887951,-0.031753251120495,0.031753251120495,0.031753251120495,0.00100826895672122,1.6869237155494,1.80094140637034,1
36,"n1400-b1_2-b2_2p5-b3_2p8",1400,8,358,1,1,0.6931472,0.9162907,1.029619,1.5,1.8,1,1.3,0.0814285714285714,475,206,464,255,FALSE,NA,TRUE,NA,0.614834583897864,-0.0783126161021355,0.0783126161021355,0.0783126161021355,0.00613286584076045,0.406513299151349,0.819758901491961,1,0.941542261392177,0.0252515613921768,0.0252515613921768,0.0252515613921768,0.000637641352742872,0.770378561324664,1.11846145893682,1,1.0796855537397,0.0500665537396994,0.0500665537396994,0.0500665537396994,0.00250665980337021,0.827773267940272,1.33845135901526,1,1.51416919154953,0.014169191549533,0.014169191549533,0.014169191549533,0.000200765989167357,1.47922360809821,1.57248088610273,1,1.8216954271553,0.0216954271552992,0.0216954271552992,0.0216954271552992,0.000470691559450892,1.78231836559877,1.8926436728346,1
36,"n1400-b1_2-b2_2p5-b3_2p8",1400,9,359,1,1,0.6931472,0.9162907,1.029619,1.5,1.8,1,1.3,0.0714285714285714,507,209,438,246,FALSE,NA,TRUE,NA,0.669593402191162,-0.0235537978088377,0.0235537978088377,0.0235537978088377,0.000554781391219608,0.463865797655339,0.873360425288136,1,0.848205758730979,-0.0680849412690208,0.0680849412690208,0.0680849412690208,0.00463555922760601,0.67148902665173,1.02903406133446,1,1.07408811480979,0.0444691148097898,0.0444691148097898,0.0444691148097898,0.00197750217196626,0.819197568931076,1.32611760091603,1,1.48428219013271,-0.0157178098672892,0.0157178098672892,0.0157178098672892,0.000247049547024254,1.45600812329003,1.52852229597112,1,1.81403585430219,0.0140358543021919,0.0140358543021919,0.0140358543021919,0.000197005205992359,1.78140858489056,1.86320231695662,1
36,"n1400-b1_2-b2_2p5-b3_2p8",1400,10,360,1,1,0.6931472,0.9162907,1.029619,1.5,1.8,1,1.3,0.0678571428571428,451,230,490,229,FALSE,NA,TRUE,NA,0.583390477306627,-0.109756722693373,0.109756722693373,0.109756722693373,0.01204653817639,0.382767170955181,0.784112553862577,1,0.997856854938022,0.0815661549380221,0.0815661549380221,0.0815661549380221,0.00665303763137343,0.821724330576305,1.17868869706492,1,1.18038867632606,0.150769676326065,0.150769676326065,0.150769676326065,0.0227314952994663,0.927713068350676,1.4310503948135,1,1.48075442554066,-0.0192455744593409,0.0192455744593409,0.0192455744593409,0.000370392136270036,1.45886152265585,1.52923747725735,1,1.79304263373462,-0.00695736626537724,0.00695736626537724,0.00695736626537724,4.84049453506092e-05,1.77631560204607,1.82400965088564,1
37,"n1400-b1_2-b2_2p5-b3_2p8",1400,1,361,1,1,0.6931472,0.9162907,1.029619,1.5,1.8,1,1.3,0.0735714285714286,492,215,461,232,FALSE,NA,TRUE,NA,0.831142032236966,0.137994832236966,0.137994832236966,0.137994832236966,0.0190425737241085,0.619326347647394,1.04335404887765,1,1.11614372822498,0.199853028224982,0.199853028224982,0.199853028224982,0.0399412328906955,0.929454938915349,1.30621865711179,0,0.88220659268031,-0.14741240731969,0.14741240731969,0.14741240731969,0.0217304178317863,0.631307275755261,1.13548094841512,1,1.50284850777796,0.00284850777796231,0.00284850777796231,0.00284850777796231,8.11399656111175e-06,1.46989927255603,1.53147436398281,1,1.80382655185304,0.00382655185303871,0.00382655185303871,0.00382655185303871,1.4642499083994e-05,1.77955104841167,1.83012849454991,1
37,"n1400-b1_2-b2_2p5-b3_2p8",1400,2,362,1,1,0.6931472,0.9162907,1.029619,1.5,1.8,1,1.3,0.0671428571428572,493,207,465,235,FALSE,NA,TRUE,NA,0.689379157981981,-0.00376804201801872,0.00376804201801872,0.00376804201801872,1.41981406495546e-05,0.483673809574401,0.896923514618143,1,0.997579063971069,0.0812883639710694,0.0812883639710694,0.0812883639710694,0.00660779811709306,0.816834447589408,1.18414631254487,1,1.01407034261867,-0.0155486573813257,0.0155486573813257,0.0155486573813257,0.000241760746361855,0.760975638338505,1.2658650196253,1,1.43208868741456,-0.0679113125854418,0.0679113125854418,0.0679113125854418,0.00461194637707759,1.38707161105603,1.50063696918521,1,1.85525136028699,0.0552513602869857,0.0552513602869857,0.0552513602869857,0.00305271281356231,1.7701443791255,1.91254408951258,1
37,"n1400-b1_2-b2_2p5-b3_2p8",1400,3,363,1,1,0.6931472,0.9162907,1.029619,1.5,1.8,1,1.3,0.0757142857142857,446,219,497,238,FALSE,NA,TRUE,NA,0.710707413749234,0.017560213749234,0.017560213749234,0.017560213749234,0.000308361106918787,0.510574547565868,0.914365482907892,1,0.890016600603472,-0.026274099396528,0.026274099396528,0.026274099396528,0.000690328299098634,0.716247441602493,1.07047075932761,1,1.04163770846716,0.0120187084671646,0.0120187084671646,0.0120187084671646,0.000144449353218693,0.792081009904207,1.29027285611832,1,1.51296551080548,0.0129655108054789,0.0129655108054789,0.0129655108054789,0.000168104470446991,1.47444276024801,1.67341450198871,1,1.76968215917859,-0.0303178408214144,0.0303178408214144,0.0303178408214144,0.000919171472072623,1.7155363768253,1.93684328223423,1
37,"n1400-b1_2-b2_2p5-b3_2p8",1400,4,364,1,1,0.6931472,0.9162907,1.029619,1.5,1.8,1,1.3,0.0835714285714285,453,241,457,249,FALSE,NA,TRUE,NA,0.694897211250667,0.00175001125066743,0.00175001125066743,0.00175001125066743,3.06253937746257e-06,0.49823814116571,0.895129772357731,1,0.889527785943932,-0.0267629140560677,0.0267629140560677,0.0267629140560677,0.000716253568772465,0.7142324886223,1.07496815733805,1,1.14232410241175,0.112705102411752,0.112705102411752,0.112705102411752,0.0127024401096436,0.889414683985965,1.39085854385194,1,1.53309361166645,0.0330936116664531,0.0330936116664531,0.0330936116664531,0.00109518713313,1.47560379663624,1.58448820942852,1,1.84102176389567,0.0410217638956665,0.0410217638956665,0.0410217638956665,0.00168278511311181,1.74099128570977,1.91874974833752,1
37,"n1400-b1_2-b2_2p5-b3_2p8",1400,5,365,1,1,0.6931472,0.9162907,1.029619,1.5,1.8,1,1.3,0.0728571428571428,490,217,447,246,FALSE,NA,TRUE,NA,0.813949743445275,0.120802543445276,0.120802543445276,0.120802543445276,0.0145932545028477,0.609776619862874,1.0164624180532,1,1.02744909708727,0.111158397087273,0.111158397087273,0.111158397087273,0.0123561892430118,0.848876040328452,1.20521015083066,1,0.957816436506911,-0.0718025634930892,0.0718025634930892,0.0718025634930892,0.00515560812417911,0.706689443917085,1.21231122052483,1,1.549037349214,0.0490373492140006,0.0490373492140006,0.0490373492140006,0.00240466161793585,1.44451026468201,1.62023965229311,1,1.74848498078344,-0.0515150192165614,0.0515150192165614,0.0515150192165614,0.00265379720488269,1.69073618831341,1.80094686383255,1
37,"n1400-b1_2-b2_2p5-b3_2p8",1400,6,366,1,1,0.6931472,0.9162907,1.029619,1.5,1.8,1,1.3,0.0785714285714286,466,239,450,245,FALSE,NA,TRUE,NA,0.826373919578521,0.133226719578521,0.133226719578521,0.133226719578521,0.0177493588096538,0.626783701614905,1.02711020437717,1,0.996920062370884,0.0806293623708836,0.0806293623708836,0.0806293623708836,0.00650109407633526,0.81692724578315,1.1790199034212,1,0.953050504895701,-0.0765684951042992,0.0765684951042992,0.0765684951042992,0.00586273444253709,0.703500436806632,1.1997605904023,1,1.52201088957556,0.0220108895755566,0.0220108895755566,0.0220108895755566,0.000484479259907348,1.46515740137541,1.58012640363254,1,1.8163753785423,0.0163753785422966,0.0163753785422966,0.0163753785422966,0.000268153022403509,1.77127165422461,1.86938535629438,1
37,"n1400-b1_2-b2_2p5-b3_2p8",1400,7,367,1,1,0.6931472,0.9162907,1.029619,1.5,1.8,1,1.3,0.0614285714285714,478,226,459,237,FALSE,NA,TRUE,NA,0.806726526191799,0.113579326191799,0.113579326191799,0.113579326191799,0.0129002633381832,0.602997578339781,1.011349052862,1,0.956338328685498,0.0400476286854975,0.0400476286854975,0.0400476286854975,0.00160381256333148,0.776242960214997,1.13983687818782,1,0.930085343334687,-0.0995336566653136,0.0995336566653136,0.0995336566653136,0.00990694880916852,0.675786910181277,1.17997505590576,1,1.4886145761228,-0.0113854238771975,0.0113854238771975,0.0113854238771975,0.00012962787686346,1.41197487876089,1.53882539946821,1,1.80043000210767,0.000430002107668415,0.000430002107668415,0.000430002107668415,1.84901812599279e-07,1.68299593959815,1.8818908001342,1
37,"n1400-b1_2-b2_2p5-b3_2p8",1400,8,368,1,1,0.6931472,0.9162907,1.029619,1.5,1.8,1,1.3,0.0721428571428572,452,247,456,245,FALSE,NA,TRUE,NA,0.600427524842947,-0.0927196751570534,0.0927196751570534,0.0927196751570534,0.0085969381612295,0.402987737292916,0.792997766973624,1,0.918392163585478,0.0021014635854778,0.0021014635854778,0.0021014635854778,4.41614920108922e-06,0.74479957896686,1.09417635761342,1,1.15486325428257,0.12524425428257,0.12524425428257,0.12524425428257,0.0156861232307971,0.904604864552162,1.40208360755983,1,1.50969886420043,0.00969886420043164,0.00969886420043164,0.00969886420043164,9.40679667784146e-05,1.49125794688422,1.53514584674049,1,1.78691582128957,-0.0130841787104288,0.0130841787104288,0.0130841787104288,0.000171195732526438,1.76900097966447,1.84198828140451,1
37,"n1400-b1_2-b2_2p5-b3_2p8",1400,9,369,1,1,0.6931472,0.9162907,1.029619,1.5,1.8,1,1.3,0.0828571428571429,459,247,448,246,FALSE,NA,TRUE,NA,0.632012137048376,-0.0611350629516237,0.0611350629516237,0.0611350629516237,0.003737495922099,0.436548316717583,0.82827310792013,1,0.79529676508637,-0.12099393491363,0.12099393491363,0.12099393491363,0.0146395322858838,0.618177681556147,0.975158269153677,1,1.01198937614037,-0.0176296238596272,0.0176296238596272,0.0176296238596272,0.000310803637431936,0.762106028546087,1.25903546004321,1,1.49987895700895,-0.000121042991053422,0.000121042991053422,0.000121042991053422,1.46514056831587e-08,1.47261841315355,1.54544788615408,1,1.79834381534455,-0.00165618465545214,0.00165618465545214,0.00165618465545214,2.74294761295513e-06,1.77615546971041,1.83105760726455,1
37,"n1400-b1_2-b2_2p5-b3_2p8",1400,10,370,1,1,0.6931472,0.9162907,1.029619,1.5,1.8,1,1.3,0.0785714285714286,433,254,476,237,FALSE,NA,TRUE,NA,0.79456270585205,0.10141550585205,0.10141550585205,0.10141550585205,0.0102851048272272,0.59707634341273,0.995004257124277,1,1.01646876318314,0.100178063183144,0.100178063183144,0.100178063183144,0.0100356443431259,0.836225708178318,1.19896879037948,1,0.956119433263902,-0.0734995667360979,0.0734995667360979,0.0734995667360979,0.00540218631039411,0.706628652784981,1.20788162533437,1,1.48018356790716,-0.0198164320928373,0.0198164320928373,0.0198164320928373,0.000392690980890034,1.45804228146634,1.50951202556747,1,1.78769790898312,-0.0123020910168794,0.0123020910168794,0.0123020910168794,0.000151341443387585,1.75308904696172,1.83971949951019,1
38,"n1400-b1_2-b2_2p5-b3_2p8",1400,1,371,1,1,0.6931472,0.9162907,1.029619,1.5,1.8,1,1.3,0.0692857142857143,470,229,471,230,FALSE,NA,TRUE,NA,0.86857469656524,0.17542749656524,0.17542749656524,0.17542749656524,0.0307748065511475,0.661228089730656,1.07697184541708,1,1.0122323673764,0.0959416673764,0.0959416673764,0.0959416673764,0.00920480353896377,0.826320065256767,1.20239104765908,1,0.997252437277696,-0.0323665627223041,0.0323665627223041,0.0323665627223041,0.00104759438245684,0.742885577251439,1.25200217822138,1,1.53220952990027,0.032209529900274,0.032209529900274,0.032209529900274,0.00103745381639665,1.46428947261945,1.57538187631345,1,1.79595795321258,-0.0040420467874227,0.0040420467874227,0.0040420467874227,1.63381422317142e-05,1.76094389029573,1.83621139180277,1
38,"n1400-b1_2-b2_2p5-b3_2p8",1400,2,372,1,1,0.6931472,0.9162907,1.029619,1.5,1.8,1,1.3,0.08,460,232,449,259,FALSE,NA,TRUE,NA,0.798789739036325,0.105642539036325,0.105642539036325,0.105642539036325,0.0111603460540415,0.598436096872998,1.00080109467206,1,1.10031293715106,0.184022237151064,0.184022237151064,0.184022237151064,0.0338641837660824,0.921009542922836,1.28499653219853,0,0.802475610121136,-0.227143389878864,0.227143389878864,0.227143389878864,0.0515941195656617,0.557941700489084,1.0514371031139,1,1.52640603577098,0.0264060357709761,0.0264060357709761,0.0264060357709761,0.00069727872513807,1.48213196610786,1.63746645002039,1,1.80511013354528,0.00511013354528389,0.00511013354528389,0.00511013354528389,2.61134648506357e-05,1.78521299612003,1.8491099675015,1
38,"n1400-b1_2-b2_2p5-b3_2p8",1400,3,373,1,1,0.6931472,0.9162907,1.029619,1.5,1.8,1,1.3,0.0771428571428572,466,244,448,242,FALSE,NA,TRUE,NA,0.583149483020932,-0.109997716979068,0.109997716979068,0.109997716979068,0.0120994977406072,0.385548614465959,0.783422127493981,1,0.837047378379313,-0.0792433216206875,0.0792433216206875,0.0792433216206875,0.00627950402147972,0.657561088666116,1.01753957303424,1,1.21658994215594,0.186970942155936,0.186970942155936,0.186970942155936,0.0349581332106783,0.970456435038434,1.46460193576911,1,1.48627639726992,-0.0137236027300782,0.0137236027300782,0.0137236027300782,0.00018833727189301,1.45559407294641,1.52015820164052,1,1.82260291270925,0.0226029127092455,0.0226029127092455,0.0226029127092455,0.000510891662941773,1.78730491403328,1.89199077118987,1
38,"n1400-b1_2-b2_2p5-b3_2p8",1400,4,374,1,1,0.6931472,0.9162907,1.029619,1.5,1.8,1,1.3,0.0692857142857143,457,253,481,209,FALSE,NA,TRUE,NA,0.914836544636262,0.221689344636262,0.221689344636262,0.221689344636262,0.0491461655252553,0.705530684558753,1.12593383532574,0,0.968660628723558,0.0523699287235576,0.0523699287235576,0.0523699287235576,0.0027426094345105,0.77662001851521,1.1614395667382,1,0.860443700472035,-0.169175299527965,0.169175299527965,0.169175299527965,0.0286202819703765,0.603725246512308,1.11942102402594,1,1.51298490573804,0.012984905738038,0.012984905738038,0.012984905738038,0.000168607777025732,1.49241249056984,1.56347847309963,1,1.82198665062008,0.0219866506200803,0.0219866506200803,0.0219866506200803,0.000483412805489478,1.78654961592468,1.87827775631338,1
38,"n1400-b1_2-b2_2p5-b3_2p8",1400,5,375,1,1,0.6931472,0.9162907,1.029619,1.5,1.8,1,1.3,0.0864285714285714,450,197,491,262,FALSE,NA,TRUE,NA,0.609859176076609,-0.0832880239233907,0.0832880239233907,0.0832880239233907,0.00693689492906331,0.402931263260458,0.815184105093127,1,0.941899353139609,0.0256086531396092,0.0256086531396092,0.0256086531396092,0.000655803115624819,0.766916614734229,1.11679481544788,1,1.02133799826358,-0.00828100173642365,0.00828100173642365,0.00828100173642365,6.85749897586516e-05,0.766100408936912,1.27226208286133,1,1.49602029985357,-0.00397970014643367,0.00397970014643367,0.00397970014643367,1.58380132555242e-05,1.46926602190128,1.55676601594933,1,1.81458816602667,0.014588166026672,0.014588166026672,0.014588166026672,0.000212814588021747,1.79956415025781,1.86778811768224,1
38,"n1400-b1_2-b2_2p5-b3_2p8",1400,6,376,1,1,0.6931472,0.9162907,1.029619,1.5,1.8,1,1.3,0.0785714285714286,460,216,470,254,FALSE,NA,TRUE,NA,0.819373265056496,0.126226065056496,0.126226065056496,0.126226065056496,0.0159330194996468,0.620244416346958,1.02058648721244,1,0.91925593155795,0.00296523155794981,0.00296523155794981,0.00296523155794981,8.79259819226146e-06,0.746504884829636,1.09541200303246,1,0.968012439793278,-0.0616065602067222,0.0616065602067222,0.0616065602067222,0.00379536826050448,0.718214682881307,1.2199890060447,1,1.55809381644289,0.0580938164428875,0.0580938164428875,0.0580938164428875,0.0033748915088999,1.48784066230752,1.60317844105654,1,1.81518733825562,0.0151873382556209,0.0151873382556209,0.0151873382556209,0.000230655243290646,1.79378366011911,1.85622026177946,1
38,"n1400-b1_2-b2_2p5-b3_2p8",1400,7,377,1,1,0.6931472,0.9162907,1.029619,1.5,1.8,1,1.3,0.0714285714285714,498,242,423,237,FALSE,NA,TRUE,NA,0.911165871926979,0.218018671926979,0.218018671926979,0.218018671926979,0.0475321413088036,0.708486102160688,1.11410300184602,0,0.919791906091013,0.00350120609101334,0.00350120609101334,0.00350120609101334,1.22584440917489e-05,0.735188563130542,1.10931236439515,1,0.884830491519898,-0.144788508480102,0.144788508480102,0.144788508480102,0.0209637121878925,0.631932431219755,1.13792123800666,1,1.57391862292343,0.0739186229234301,0.0739186229234301,0.0739186229234301,0.00546396281489625,1.48118171048638,1.63918945476163,1,1.86858261431194,0.0685826143119355,0.0685826143119355,0.0685826143119355,0.0047035749858597,1.73555792237848,2.01970732368685,1
38,"n1400-b1_2-b2_2p5-b3_2p8",1400,8,378,1,1,0.6931472,0.9162907,1.029619,1.5,1.8,1,1.3,0.0664285714285714,462,216,485,237,FALSE,NA,TRUE,NA,0.705397063296518,0.0122498632965176,0.0122498632965176,0.0122498632965176,0.000150059150783368,0.502336335251152,0.910464904828336,1,0.895286957999737,-0.021003742000263,0.021003742000263,0.021003742000263,0.000441157178013612,0.715776424341444,1.07805081011858,1,1.03009139263715,0.000472392637152597,0.000472392637152597,0.000472392637152597,2.23154803635985e-07,0.780046587637082,1.2818561507498,1,1.52429454007783,0.0242945400778263,0.0242945400778263,0.0242945400778263,0.000590224677593107,1.49754306862327,1.56867609626332,1,1.80788661698914,0.00788661698913984,0.00788661698913984,0.00788661698913984,6.21987275333891e-05,1.79685714298736,1.84354510910651,1
38,"n1400-b1_2-b2_2p5-b3_2p8",1400,9,379,1,1,0.6931472,0.9162907,1.029619,1.5,1.8,1,1.3,0.0857142857142857,430,260,459,251,FALSE,NA,TRUE,NA,0.732059326208075,0.0389121262080747,0.0389121262080747,0.0389121262080747,0.00151415356603314,0.53585701374699,0.929025607516184,1,1.00837804889014,0.0920873488901397,0.0920873488901397,0.0920873488901397,0.00848007982561431,0.831712340012253,1.1851226297508,1,0.970080172953732,-0.059538827046268,0.059538827046268,0.059538827046268,0.00354487192604541,0.723647448486303,1.21218718102439,1,1.55273352440534,0.0527335244053422,0.0527335244053422,0.0527335244053422,0.00278082459620882,1.46759408369423,1.62166336837416,1,1.81985729491043,0.0198572949104328,0.0198572949104328,0.0198572949104328,0.000394312161159899,1.76792303561938,1.87551942346355,1
38,"n1400-b1_2-b2_2p5-b3_2p8",1400,10,380,1,1,0.6931472,0.9162907,1.029619,1.5,1.8,1,1.3,0.0628571428571428,515,228,433,224,FALSE,NA,TRUE,NA,0.705913198351652,0.0127659983516525,0.0127659983516525,0.0127659983516525,0.000162970713914394,0.503266808142308,0.908304999634235,1,0.884503957027554,-0.0317867429724461,0.0317867429724461,0.0317867429724461,0.00101039702879635,0.701916445616209,1.06792532719348,1,0.903717918132421,-0.125901081867579,0.125901081867579,0.125901081867579,0.0158510824154269,0.658208139211073,1.15513780633662,1,1.50064282414367,0.000642824143672449,0.000642824143672449,0.000642824143672449,4.13222879688218e-07,1.46482244557654,1.52656359123675,1,1.78962023712762,-0.0103797628723818,0.0103797628723818,0.0103797628723818,0.000107739477286877,1.73252609239697,1.83757635360724,1
39,"n1400-b1_2-b2_2p5-b3_2p8",1400,1,381,1,1,0.6931472,0.9162907,1.029619,1.5,1.8,1,1.3,0.0807142857142857,471,205,458,266,FALSE,NA,TRUE,NA,0.749305409412728,0.0561582094127278,0.0561582094127278,0.0561582094127278,0.00315374448444378,0.541649078377269,0.957141035047588,1,0.867932763000202,-0.0483579369997978,0.0483579369997978,0.0483579369997978,0.00233849007087642,0.694007993266321,1.04783588025457,1,1.08116118317179,0.0515421831717862,0.0515421831717862,0.0515421831717862,0.00265659664611396,0.824245283444177,1.33867771571701,1,1.47620064270344,-0.0237993572965602,0.0237993572965602,0.0237993572965602,0.000566409407729335,1.45554130143693,1.52095402809039,1,1.77896910024402,-0.0210308997559756,0.0210308997559756,0.0210308997559756,0.000442298744545895,1.75555462422054,1.82392103405782,1
39,"n1400-b1_2-b2_2p5-b3_2p8",1400,2,382,1,1,0.6931472,0.9162907,1.029619,1.5,1.8,1,1.3,0.0742857142857143,441,231,486,242,FALSE,NA,TRUE,NA,0.76941271901487,0.0762655190148703,0.0762655190148703,0.0762655190148703,0.00581642939060755,0.566020479823979,0.973794828987173,1,0.806471171255483,-0.109819528744517,0.109819528744517,0.109819528744517,0.0120603288936679,0.628430168021316,0.986099004451878,1,0.946251999442675,-0.0833670005573248,0.0833670005573248,0.0833670005573248,0.006950056781925,0.695530675348972,1.19744030337983,1,1.47792869557576,-0.022071304424236,0.022071304424236,0.022071304424236,0.000487142478987299,1.41574359249925,1.5316356244728,1,1.76761017178999,-0.0323898282100132,0.0323898282100132,0.0323898282100132,0.00104910097147417,1.70289307195121,1.81803250113183,1
39,"n1400-b1_2-b2_2p5-b3_2p8",1400,3,383,1,1,0.6931472,0.9162907,1.029619,1.5,1.8,1,1.3,0.0942857142857143,452,236,470,242,FALSE,NA,TRUE,NA,0.760067343133468,0.0669201431334685,0.0669201431334685,0.0669201431334685,0.00447830555700391,0.557408633192854,0.966354381856686,1,1.00869996916587,0.0924092691658667,0.0924092691658667,0.0924092691658667,0.0085394730277696,0.826268670012353,1.19640459415052,1,0.90708803978826,-0.12253096021174,0.12253096021174,0.12253096021174,0.015013836210411,0.659516569798822,1.15501773822388,1,1.48448376574328,-0.0155162342567212,0.0155162342567212,0.0155162342567212,0.000240753525509449,1.4627074634114,1.51622417844637,1,1.77432456837862,-0.0256754316213821,0.0256754316213821,0.0256754316213821,0.000659227788944267,1.75013824575172,1.81858395432922,1
39,"n1400-b1_2-b2_2p5-b3_2p8",1400,4,384,1,1,0.6931472,0.9162907,1.029619,1.5,1.8,1,1.3,0.0657142857142857,454,252,459,235,FALSE,NA,TRUE,NA,0.810700862934215,0.117553662934215,0.117553662934215,0.117553662934215,0.0138188636692511,0.613148834575899,1.00877335258789,1,0.964846122273206,0.0485554222732064,0.0485554222732064,0.0485554222732064,0.00235762903212939,0.784986550752162,1.14721469098149,1,0.908862973853538,-0.120756026146462,0.120756026146462,0.120756026146462,0.0145820178506851,0.666472873501965,1.15900293764921,1,1.49907290253698,-0.000927097463015114,0.000927097463015114,0.000927097463015114,8.59509705929061e-07,1.48195214452305,1.55727989264978,1,1.79335626506903,-0.00664373493097203,0.00664373493097203,0.00664373493097203,4.4139213833018e-05,1.7460583180349,1.85915211241987,1
39,"n1400-b1_2-b2_2p5-b3_2p8",1400,5,385,1,1,0.6931472,0.9162907,1.029619,1.5,1.8,1,1.3,0.0778571428571428,472,226,485,217,FALSE,NA,TRUE,NA,0.633378933125959,-0.0597682668740412,0.0597682668740412,0.0597682668740412,0.00357224572512662,0.419093546413474,0.845992267862172,1,0.969119390683887,0.0528286906838873,0.0528286906838873,0.0528286906838873,0.00279087055937384,0.779344694473629,1.1608219132555,1,1.10215495878935,0.0725359587893457,0.0725359587893457,0.0725359587893457,0.00526146531748966,0.842057027726706,1.3590610042184,1,1.49912377432312,-0.000876225676878395,0.000876225676878395,0.000876225676878395,7.67771436821001e-07,1.44044862467662,1.52507854325159,1,1.7931745745221,-0.00682542547789988,0.00682542547789988,0.00682542547789988,4.65864329543648e-05,1.76542893731791,1.8115087312923,1
39,"n1400-b1_2-b2_2p5-b3_2p8",1400,6,386,1,1,0.6931472,0.9162907,1.029619,1.5,1.8,1,1.3,0.0678571428571428,505,246,421,228,FALSE,NA,TRUE,NA,0.929977746121451,0.236830546121451,0.236830546121451,0.236830546121451,0.0560887075761846,0.725035572919687,1.13729866567934,0,1.0304119909681,0.114121290968098,0.114121290968098,0.114121290968098,0.0130236690522252,0.838774330158287,1.21868749781823,1,0.772268937421448,-0.257350062578552,0.257350062578552,0.257350062578552,0.0662290547091848,0.519917553776514,1.02171293939115,0,1.52644884887456,0.0264488488745644,0.0264488488745644,0.0264488488745644,0.000699541606789549,1.48264421744733,1.60467737653723,1,1.85836989032717,0.0583698903271688,0.0583698903271688,0.0583698903271688,0.00340704409680571,1.80049269880253,1.9770319480637,0
39,"n1400-b1_2-b2_2p5-b3_2p8",1400,7,387,1,1,0.6931472,0.9162907,1.029619,1.5,1.8,1,1.3,0.0671428571428572,469,239,460,232,FALSE,NA,TRUE,NA,0.449963454917631,-0.243183745082369,0.243183745082369,0.243183745082369,0.0591383338722865,0.247988925080313,0.652706082693837,0,0.758009645951264,-0.158281054048736,0.158281054048736,0.158281054048736,0.0250528920707789,0.582138199437731,0.934973779163784,1,1.26800221136118,0.238383211361181,0.238383211361181,0.238383211361181,0.0568265554588693,1.01369647760583,1.51793129755479,1,1.48947695839044,-0.0105230416095579,0.0105230416095579,0.0105230416095579,0.000110734404716486,1.45006039843557,1.52949582025676,1,1.75382649335715,-0.046173506642855,0.046173506642855,0.046173506642855,0.00213199271569778,1.70643521682261,1.81756586817111,1
39,"n1400-b1_2-b2_2p5-b3_2p8",1400,8,388,1,1,0.6931472,0.9162907,1.029619,1.5,1.8,1,1.3,0.0757142857142857,466,246,443,245,FALSE,NA,TRUE,NA,0.709766007900198,0.0166188079001982,0.0166188079001982,0.0166188079001982,0.00027618477602369,0.508762107436587,0.908659777770789,1,0.902675355925666,-0.0136153440743344,0.0136153440743344,0.0136153440743344,0.000185377594262513,0.725530137961866,1.08347599483577,1,1.12543123130357,0.0958122313035741,0.0958122313035741,0.0958122313035741,0.00917998366736958,0.875029161848046,1.37371996471761,1,1.49397411640549,-0.0060258835945135,0.0060258835945135,0.0060258835945135,3.6311273094627e-05,1.44716594714645,1.54780527426591,1,1.79893668526109,-0.00106331473890631,0.00106331473890631,0.00106331473890631,1.13063823397539e-06,1.75885170430853,1.87468304014212,1
39,"n1400-b1_2-b2_2p5-b3_2p8",1400,9,389,1,1,0.6931472,0.9162907,1.029619,1.5,1.8,1,1.3,0.0592857142857143,429,245,465,261,FALSE,NA,TRUE,NA,0.665803559394735,-0.0273436406052654,0.0273436406052654,0.0273436406052654,0.000747674681549919,0.474885606832346,0.858552564873455,1,0.790810474659593,-0.125480225340407,0.125480225340407,0.125480225340407,0.0157452869514793,0.621370113924439,0.960573750993564,1,1.13544942455589,0.105830424555885,0.105830424555885,0.105830424555885,0.0112000787616789,0.891116909801636,1.37747592021103,1,1.51338721834033,0.0133872183403267,0.0133872183403267,0.0133872183403267,0.000179217614891581,1.49764859850625,1.58481488832312,1,1.78592327286728,-0.0140767271327245,0.0140767271327245,0.0140767271327245,0.000198154246769181,1.75856158533643,1.83155437417034,1
39,"n1400-b1_2-b2_2p5-b3_2p8",1400,10,390,1,1,0.6931472,0.9162907,1.029619,1.5,1.8,1,1.3,0.0664285714285714,417,259,487,237,FALSE,NA,TRUE,NA,0.745820472013952,0.0526732720139522,0.0526732720139522,0.0526732720139522,0.0027744735846558,0.555700663278893,0.942488622789931,1,0.875360004549475,-0.0409306954505251,0.0409306954505251,0.0409306954505251,0.00167532183006363,0.701386980789493,1.0499589047565,1,1.04288623541133,0.0132672354113301,0.0132672354113301,0.0132672354113301,0.000176019535459652,0.797172645610144,1.28628128314998,1,1.51827215442193,0.0182721544219291,0.0182721544219291,0.0182721544219291,0.000333871627218823,1.49653513309996,1.6123502030584,1,1.79282950420359,-0.00717049579640561,0.00717049579640561,0.00717049579640561,5.14160099662705e-05,1.76566572608898,1.88652527318822,1
40,"n1400-b1_2-b2_2p5-b3_2p8",1400,1,391,1,1,0.6931472,0.9162907,1.029619,1.5,1.8,1,1.3,0.0742857142857143,491,223,445,241,FALSE,NA,TRUE,NA,0.649644881600668,-0.0435023183993317,0.0435023183993317,0.0435023183993317,0.00189245170611683,0.444794239158339,0.85526425004011,1,0.869836886244889,-0.0464538137551113,0.0464538137551113,0.0464538137551113,0.00215795681239456,0.691783063582928,1.05160348899508,1,0.966717606920903,-0.0629013930790974,0.0629013930790974,0.0629013930790974,0.00395658525129112,0.715211913077473,1.21778026145656,1,1.47756560776114,-0.022434392238861,0.022434392238861,0.022434392238861,0.000503301955127067,1.42096783136013,1.53258060995922,1,1.66807543657068,-0.131924563429324,0.131924563429324,0.131924563429324,0.0174040904360177,1.61172136700218,1.77164774812246,0
40,"n1400-b1_2-b2_2p5-b3_2p8",1400,2,392,1,1,0.6931472,0.9162907,1.029619,1.5,1.8,1,1.3,0.0785714285714286,465,214,476,245,FALSE,NA,TRUE,NA,0.768243162013855,0.0750959620138546,0.0750959620138546,0.0750959620138546,0.00563940351078629,0.561139091018337,0.978169951021458,1,1.0580979593054,0.141807259305405,0.141807259305405,0.141807259305405,0.0201092987917103,0.879055248143934,1.24475428597236,1,0.951672555018093,-0.0779464449819072,0.0779464449819072,0.0779464449819072,0.00607564828531748,0.692756292970953,1.20227109338993,1,1.49911761892428,-0.000882381075716143,0.000882381075716143,0.000882381075716143,7.78596362781978e-07,1.41906413577971,1.55852307000288,1,1.84777701559752,0.047777015597523,0.047777015597523,0.047777015597523,0.00228264321940596,1.77333046212193,1.95484483144696,1
40,"n1400-b1_2-b2_2p5-b3_2p8",1400,3,393,1,1,0.6931472,0.9162907,1.029619,1.5,1.8,1,1.3,0.0735714285714286,455,236,480,229,FALSE,NA,TRUE,NA,0.750034542286248,0.0568873422862483,0.0568873422862483,0.0568873422862483,0.00323616971239277,0.547094514324461,0.9560848100129,1,0.86110590082791,-0.0551847991720896,0.0551847991720896,0.0551847991720896,0.00304536205966386,0.682707214607659,1.04533761069987,1,1.05466683480375,0.0250478348037508,0.0250478348037508,0.0250478348037508,0.000627394028355992,0.803604981532558,1.30729639213546,1,1.53171301205759,0.0317130120575944,0.0317130120575944,0.0317130120575944,0.00100571513376513,1.50166831092896,1.56881972110362,0,1.81036065996005,0.0103606599600456,0.0103606599600456,0.0103606599600456,0.000107343274807693,1.78808345799424,1.83936621753139,1
40,"n1400-b1_2-b2_2p5-b3_2p8",1400,4,394,1,1,0.6931472,0.9162907,1.029619,1.5,1.8,1,1.3,0.0785714285714286,434,253,464,249,FALSE,NA,TRUE,NA,0.648288903144978,-0.0448582968550221,0.0448582968550221,0.0448582968550221,0.00201226679673328,0.454373710048044,0.842172122051034,1,0.832795407305487,-0.0834952926945135,0.0834952926945135,0.0834952926945135,0.00697146390214248,0.656494925239194,1.01005083853866,1,1.19716495990509,0.167545959905089,0.167545959905089,0.167545959905089,0.0280716486805178,0.949207932503226,1.44498979045338,1,1.52010493209268,0.0201049320926754,0.0201049320926754,0.0201049320926754,0.000404208294451089,1.48096660519566,1.63107862563965,1,1.79576645550466,-0.00423354449534008,0.00423354449534008,0.00423354449534008,1.79228989940243e-05,1.7371901608459,1.86142592902561,1
40,"n1400-b1_2-b2_2p5-b3_2p8",1400,5,395,1,1,0.6931472,0.9162907,1.029619,1.5,1.8,1,1.3,0.0792857142857143,474,237,441,248,FALSE,NA,TRUE,NA,0.54720294836771,-0.14594425163229,0.14594425163229,0.14594425163229,0.0212997245845093,0.347541185840631,0.74801901540152,1,0.898183014084237,-0.0181076859157634,0.0181076859157634,0.0181076859157634,0.000327888289223936,0.717435287383588,1.08427725741429,1,1.13639279866319,0.106773798663194,0.106773798663194,0.106773798663194,0.0114006440809683,0.885311020097127,1.39044235468896,1,1.49485271079864,-0.00514728920136109,0.00514728920136109,0.00514728920136109,2.64945861224485e-05,1.45278333615143,1.55422102036828,1,1.82913153579379,0.0291315357937909,0.0291315357937909,0.0291315357937909,0.000848646377704921,1.75271438062312,1.88782230321661,1
40,"n1400-b1_2-b2_2p5-b3_2p8",1400,6,396,1,1,0.6931472,0.9162907,1.029619,1.5,1.8,1,1.3,0.0628571428571428,470,244,445,241,FALSE,NA,TRUE,NA,0.743649971131145,0.0505027711311448,0.0505027711311448,0.0505027711311448,0.00255052989192479,0.543837580271028,0.941702564920163,1,0.949009662887615,0.0327189628876148,0.0327189628876148,0.0327189628876148,0.00107053053244111,0.771174199724138,1.13386558809341,1,0.855883670255209,-0.173735329744791,0.173735329744791,0.173735329744791,0.0301839648015314,0.607595045811376,1.1050743005127,1,1.53981625521698,0.0398162552169794,0.0398162552169794,0.0398162552169794,0.00158533417950364,1.48504787060694,1.59739190622181,1,1.82487096266244,0.0248709626624426,0.0248709626624426,0.0248709626624426,0.000618564783756614,1.78781563174062,1.88606349813405,1
40,"n1400-b1_2-b2_2p5-b3_2p8",1400,7,397,1,1,0.6931472,0.9162907,1.029619,1.5,1.8,1,1.3,0.0807142857142857,452,274,429,245,FALSE,NA,TRUE,NA,0.76100458126538,0.0678573812653803,0.0678573812653803,0.0678573812653803,0.00460462419219519,0.56574219540749,0.9568762421049,1,0.948352260130694,0.0320615601306943,0.0320615601306943,0.0320615601306943,0.00102794363801412,0.768331395526753,1.13325626620017,1,1.0438159734806,0.014196973480604,0.014196973480604,0.014196973480604,0.000201554056008973,0.788820786187867,1.29531972585246,1,1.55238570975816,0.0523857097581599,0.0523857097581599,0.0523857097581599,0.00274426258686617,1.49619329793767,1.62889305002381,1,1.83886874632959,0.0388687463295923,0.0388687463295923,0.0388687463295923,0.00151077944123419,1.79575260250441,1.9160681001254,1
40,"n1400-b1_2-b2_2p5-b3_2p8",1400,8,398,1,1,0.6931472,0.9162907,1.029619,1.5,1.8,1,1.3,0.0764285714285714,477,246,433,244,FALSE,NA,TRUE,NA,0.73558021405939,0.04243301405939,0.04243301405939,0.04243301405939,0.00180056068216439,0.537529563254919,0.936531178107836,1,1.0714435389799,0.155152838979899,0.155152838979899,0.155152838979899,0.0240724034435225,0.888057543340967,1.257666569524,1,1.00843558431343,-0.0211834156865673,0.0211834156865673,0.0211834156865673,0.000448737100149907,0.753348783645965,1.26243087965317,1,1.50562889168682,0.00562889168682146,0.00562889168682146,0.00562889168682146,3.16844216219677e-05,1.48776109277283,1.52538214345579,1,1.79241773110822,-0.00758226889177704,0.00758226889177704,0.00758226889177704,5.74908015472099e-05,1.76774577103799,1.82662607249275,1
40,"n1400-b1_2-b2_2p5-b3_2p8",1400,9,399,1,1,0.6931472,0.9162907,1.029619,1.5,1.8,1,1.3,0.085,467,241,468,224,FALSE,NA,TRUE,NA,0.740177698338574,0.0470304983385739,0.0470304983385739,0.0470304983385739,0.0022118677739746,0.533600172411892,0.9509131674793,1,1.1007991166547,0.184508416654702,0.184508416654702,0.184508416654702,0.034043355816425,0.911983705777505,1.29228111073989,1,0.924234273486491,-0.105384726513509,0.105384726513509,0.105384726513509,0.0111059405823271,0.669003567626255,1.1800449471887,1,1.49879028580271,-0.00120971419728866,0.00120971419728866,0.00120971419728866,1.46340843912174e-06,1.48231836908914,1.51960580364954,1,1.83288845124612,0.0328884512461167,0.0328884512461167,0.0328884512461167,0.0010816502253682,1.80788072614002,1.86765502398384,0
40,"n1400-b1_2-b2_2p5-b3_2p8",1400,10,400,1,1,0.6931472,0.9162907,1.029619,1.5,1.8,1,1.3,0.0792857142857143,481,235,440,244,FALSE,NA,TRUE,NA,0.790805702166975,0.0976585021669751,0.0976585021669751,0.0976585021669751,0.00953718304549709,0.590785209044141,0.994634224250091,1,0.877029951494145,-0.0392607485058548,0.0392607485058548,0.0392607485058548,0.00154140637323998,0.698442279946886,1.06115138604265,1,1.09387789900942,0.0642588990094197,0.0642588990094197,0.0642588990094197,0.0041292061019028,0.844641872554342,1.34316548095645,1,1.52474502532573,0.0247450253257313,0.0247450253257313,0.0247450253257313,0.000612316278371084,1.48277113079989,1.57279895442579,1,1.79564887475444,-0.00435112524556325,0.00435112524556325,0.00435112524556325,1.89322909025778e-05,1.77659219051325,1.84772320817618,1
41,"n1400-b1_2-b2_2p5-b3_2p8",1400,1,401,1,1,0.6931472,0.9162907,1.029619,1.5,1.8,1,1.3,0.0842857142857143,480,231,446,243,FALSE,NA,TRUE,NA,0.686951627557764,-0.00619557244223634,0.00619557244223634,0.00619557244223634,3.83851178869984e-05,0.4825881888922,0.891734942286967,1,0.960413838133443,0.0441231381334435,0.0441231381334435,0.0441231381334435,0.00194685131874293,0.775156555488834,1.14554379136906,1,1.02703384564604,-0.00258515435396123,0.00258515435396123,0.00258515435396123,6.68302303380469e-06,0.772732282778484,1.28467039456244,1,1.51724410399798,0.0172441039979778,0.0172441039979778,0.0172441039979778,0.000297359122693075,1.47081832489028,1.59063455666116,1,1.79746880689805,-0.00253119310195271,0.00253119310195271,0.00253119310195271,6.40693851937299e-06,1.73539231618166,1.89258699663352,1
41,"n1400-b1_2-b2_2p5-b3_2p8",1400,2,402,1,1,0.6931472,0.9162907,1.029619,1.5,1.8,1,1.3,0.0785714285714286,467,211,464,258,FALSE,NA,TRUE,NA,0.796405239384065,0.103258039384065,0.103258039384065,0.103258039384065,0.0106622226974411,0.585474618587584,1.00315217621874,1,0.885417362836163,-0.0308733371638372,0.0308733371638372,0.0308733371638372,0.000953162947631973,0.702767889218314,1.06971193014615,1,0.815197222935166,-0.214421777064834,0.214421777064834,0.214421777064834,0.0459766984796413,0.561433894598259,1.07187046479652,1,1.52282497916973,0.0228249791697337,0.0228249791697337,0.0228249791697337,0.000520979674098777,1.46608451581114,1.57746655119789,1,1.76258057876195,-0.0374194212380485,0.0374194212380485,0.0374194212380485,0.00140021308579052,1.72861121845229,1.83194554431647,1
41,"n1400-b1_2-b2_2p5-b3_2p8",1400,3,403,1,1,0.6931472,0.9162907,1.029619,1.5,1.8,1,1.3,0.075,455,243,471,231,FALSE,NA,TRUE,NA,0.729725426081354,0.036578226081354,0.036578226081354,0.036578226081354,0.00133796662325864,0.526372829416539,0.936783735693178,1,0.976696111758296,0.0604054117582958,0.0604054117582958,0.0604054117582958,0.00364881376968926,0.796298866376012,1.16530388843215,1,0.981998422921171,-0.0476205770788292,0.0476205770788292,0.0476205770788292,0.00226771936132071,0.733755840554703,1.22739317811371,1,1.46975753894925,-0.0302424610507495,0.0302424610507495,0.0302424610507495,0.000914606450406098,1.44276759183655,1.5390247892416,1,1.76071007953001,-0.0392899204699906,0.0392899204699906,0.0392899204699906,0.00154369785053818,1.71286695764206,1.8438430532455,1
41,"n1400-b1_2-b2_2p5-b3_2p8",1400,4,404,1,1,0.6931472,0.9162907,1.029619,1.5,1.8,1,1.3,0.07,472,244,458,226,FALSE,NA,TRUE,NA,0.640259160087057,-0.0528880399129429,0.0528880399129429,0.0528880399129429,0.00279714476583304,0.4373512254041,0.847021643374312,1,1.04715469462766,0.130863994627663,0.130863994627663,0.130863994627663,0.0171253850899091,0.865614747121068,1.23135625537931,1,0.916434495851562,-0.113184504148438,0.113184504148438,0.113184504148438,0.0128107319793277,0.667937180646191,1.16656604797861,1,1.48441451703449,-0.0155854829655073,0.0155854829655073,0.0155854829655073,0.000242907279268119,1.41653766875854,1.53202979093602,1,1.79539562329622,-0.00460437670378067,0.00460437670378067,0.00460437670378067,2.12002848303181e-05,1.74925398472884,1.85865114750685,1
41,"n1400-b1_2-b2_2p5-b3_2p8",1400,5,405,1,1,0.6931472,0.9162907,1.029619,1.5,1.8,1,1.3,0.0728571428571428,477,214,481,228,FALSE,NA,TRUE,NA,0.663485862040192,-0.0296613379598081,0.0296613379598081,0.0296613379598081,0.000879794969565952,0.453518898754214,0.874112886939968,1,0.84829289322895,-0.0679978067710504,0.0679978067710504,0.0679978067710504,0.00462370172567311,0.666846865127807,1.03337174367711,1,1.0466032344353,0.0169842344353026,0.0169842344353026,0.0169842344353026,0.000288464219353319,0.797116518056327,1.29913143331538,1,1.47222420838375,-0.0277757916162487,0.0277757916162487,0.0277757916162487,0.000771494599909269,1.41558415470794,1.54266549635372,1,1.75019075619855,-0.0498092438014475,0.0498092438014475,0.0498092438014475,0.00248096076807203,1.63261303200352,1.83959114216789,1
41,"n1400-b1_2-b2_2p5-b3_2p8",1400,6,406,1,1,0.6931472,0.9162907,1.029619,1.5,1.8,1,1.3,0.0692857142857143,501,231,429,239,FALSE,NA,TRUE,NA,0.678248419969187,-0.0148987800308126,0.0148987800308126,0.0148987800308126,0.00022197364640654,0.478240870710667,0.881623941015158,1,0.919327155861612,0.00303645586161205,0.00303645586161205,0.00303645586161205,9.2200641995182e-06,0.742160287429925,1.10273621300835,1,1.05599048259616,0.0263714825961574,0.0263714825961574,0.0263714825961574,0.000695455094319433,0.803762665083193,1.3037958011978,1,1.43861440853852,-0.0613855914614794,0.0613855914614794,0.0613855914614794,0.00376819083907565,1.41280570462929,1.4815287067469,0,1.73369184271591,-0.0663081572840851,0.0663081572840851,0.0663081572840851,0.00439677172241097,1.70780957065327,1.8026546754828,1
41,"n1400-b1_2-b2_2p5-b3_2p8",1400,7,407,1,1,0.6931472,0.9162907,1.029619,1.5,1.8,1,1.3,0.07,461,236,467,236,FALSE,NA,TRUE,NA,0.83688174997954,0.14373454997954,0.14373454997954,0.14373454997954,0.020659620857821,0.630928337919866,1.042013226894,1,0.984935867275504,0.0686451672755044,0.0686451672755044,0.0686451672755044,0.00471215899028198,0.801085956549413,1.17007833412897,1,0.964847751433607,-0.0647712485663933,0.0647712485663933,0.0647712485663933,0.0041953146408495,0.713469825234337,1.21749024465051,1,1.48401328797666,-0.0159867120233392,0.0159867120233392,0.0159867120233392,0.000255574961317179,1.453458733394,1.53492765511702,1,1.74841805813404,-0.0515819418659607,0.0515819418659607,0.0515819418659607,0.00266069672666334,1.7158773077373,1.79876875025552,0
41,"n1400-b1_2-b2_2p5-b3_2p8",1400,8,408,1,1,0.6931472,0.9162907,1.029619,1.5,1.8,1,1.3,0.0757142857142857,494,215,464,227,FALSE,NA,TRUE,NA,0.825953332475882,0.132806132475882,0.132806132475882,0.132806132475882,0.0176374688232014,0.609256127587984,1.04243126169635,1,0.966901569106908,0.0506108691069083,0.0506108691069083,0.0506108691069083,0.0025614600717566,0.781268147989721,1.15620002492887,1,1.00024267279853,-0.0293763272014698,0.0293763272014698,0.0293763272014698,0.000862968599847812,0.740795341322596,1.26247473844628,1,1.49112661402084,-0.00887338597915988,0.00887338597915988,0.00887338597915988,7.87369787351511e-05,1.45485538092499,1.54566952313773,1,1.76457623942584,-0.0354237605741627,0.0354237605741627,0.0354237605741627,0.00125484281321561,1.70251520136797,1.83360970372198,1
41,"n1400-b1_2-b2_2p5-b3_2p8",1400,9,409,1,1,0.6931472,0.9162907,1.029619,1.5,1.8,1,1.3,0.0735714285714286,472,219,452,257,FALSE,NA,TRUE,NA,0.566756380886027,-0.126390819113973,0.126390819113973,0.126390819113973,0.015974639156301,0.366620938653795,0.763658268802494,1,0.838292433063025,-0.0779982669369754,0.0779982669369754,0.0779982669369754,0.00608372964517167,0.665172247493766,1.0145862505582,1,1.09862217992928,0.0690031799292803,0.0690031799292803,0.0690031799292803,0.00476143884035263,0.850826041966806,1.34547039922768,1,1.50081096635999,0.000810966359992227,0.000810966359992227,0.000810966359992227,6.57666437039042e-07,1.46732522739847,1.56669741626122,1,1.77068775122792,-0.0293122487720843,0.0293122487720843,0.0293122487720843,0.000859207928076556,1.70822760460509,1.83164077662876,1
41,"n1400-b1_2-b2_2p5-b3_2p8",1400,10,410,1,1,0.6931472,0.9162907,1.029619,1.5,1.8,1,1.3,0.0635714285714286,460,248,460,232,FALSE,NA,TRUE,NA,0.85382026691395,0.16067306691395,0.16067306691395,0.16067306691395,0.0258158344315346,0.650770638924365,1.05779468949218,1,0.96333876173793,0.0470480617379301,0.0470480617379301,0.0470480617379301,0.00221352011329608,0.780309803681504,1.14856234561019,1,0.890403403258342,-0.139215596741658,0.139215596741658,0.139215596741658,0.019380982376136,0.638931968572816,1.13786000675544,1,1.50932185578565,0.00932185578565492,0.00932185578565492,0.00932185578565492,8.68969952885481e-05,1.44645671169341,1.60128364637664,1,1.76847868820691,-0.0315213117930857,0.0315213117930857,0.0315213117930857,0.000993593097156924,1.67428324890426,1.9002788668684,1
42,"n1400-b1_2-b2_2p5-b3_2p8",1400,1,411,1,1,0.6931472,0.9162907,1.029619,1.5,1.8,1,1.3,0.0728571428571428,475,224,470,231,FALSE,NA,TRUE,NA,0.563882692521401,-0.129264507478599,0.129264507478599,0.129264507478599,0.0167093128936848,0.362218361250164,0.766160828523243,1,0.665046008809964,-0.251244691190036,0.251244691190036,0.251244691190036,0.0631238948511764,0.492276716690105,0.843010483460735,0,1.36628508648608,0.336666086486077,0.336666086486077,0.336666086486077,0.11334405378985,1.11779462945841,1.61611544611434,0,1.46708334346096,-0.0329166565390404,0.0329166565390404,0.0329166565390404,0.00108350627770915,1.3958633589076,1.54573699370467,1,1.79630066794235,-0.00369933205765149,0.00369933205765149,0.00369933205765149,1.3685057672768e-05,1.77736078530437,1.83608880590482,1
42,"n1400-b1_2-b2_2p5-b3_2p8",1400,2,412,1,1,0.6931472,0.9162907,1.029619,1.5,1.8,1,1.3,0.0757142857142857,467,248,469,216,FALSE,NA,TRUE,NA,0.494525022003855,-0.198622177996145,0.198622177996145,0.198622177996145,0.0394507695919323,0.293915681821943,0.697286674540362,1,0.751476812819373,-0.164813887180627,0.164813887180627,0.164813887180627,0.0271636174075885,0.573164756521898,0.938616848808797,1,1.34910070779485,0.319481707794847,0.319481707794847,0.319481707794847,0.102068561615512,1.0957253359379,1.59929404171712,0,1.52552810017961,0.0255281001796128,0.0255281001796128,0.0255281001796128,0.000651683898780348,1.4845041386587,1.57255479236278,1,1.81940213688508,0.0194021368850832,0.0194021368850832,0.0194021368850832,0.000376442915707506,1.76859548321709,1.87990347181037,1
42,"n1400-b1_2-b2_2p5-b3_2p8",1400,3,413,1,1,0.6931472,0.9162907,1.029619,1.5,1.8,1,1.3,0.075,501,233,441,225,FALSE,NA,TRUE,NA,0.72456544262879,0.0314182426287896,0.0314182426287896,0.0314182426287896,0.00098710596988149,0.5174639528262,0.934616440118223,1,1.00855003286982,0.0922593328698156,0.0922593328698156,0.0922593328698156,0.00851178450158343,0.819459923073011,1.20095809776198,1,0.955875543713732,-0.073743456286268,0.073743456286268,0.073743456286268,0.00543809734504472,0.700170337822938,1.20969201077937,1,1.5026663170728,0.00266631707280118,0.00266631707280118,0.00266631707280118,7.10924673271107e-06,1.47754400563662,1.55711483204891,1,1.79206802625788,-0.00793197374212196,0.00793197374212196,0.00793197374212196,6.29162074457122e-05,1.75881394946241,1.84754612364413,1
42,"n1400-b1_2-b2_2p5-b3_2p8",1400,4,414,1,1,0.6931472,0.9162907,1.029619,1.5,1.8,1,1.3,0.0735714285714286,442,267,443,248,FALSE,NA,TRUE,NA,0.771165762924428,0.0780185629244278,0.0780185629244278,0.0780185629244278,0.0060868961607929,0.582488519395655,0.962731967709333,1,1.0164943575347,0.100203657534699,0.100203657534699,0.100203657534699,0.0100407729833311,0.842091153238655,1.19810674221855,1,0.949220205936569,-0.0803987940634314,0.0803987940634314,0.0803987940634314,0.00646396608685406,0.706618526016039,1.19079184732441,1,1.5202677403146,0.0202677403145968,0.0202677403145968,0.0202677403145968,0.000410781297459931,1.4873419955631,1.56269361467083,1,1.84170634951262,0.0417063495126211,0.0417063495126211,0.0417063495126211,0.00173941958966891,1.78240468205351,1.94306183308931,1
42,"n1400-b1_2-b2_2p5-b3_2p8",1400,5,415,1,1,0.6931472,0.9162907,1.029619,1.5,1.8,1,1.3,0.0735714285714286,460,260,462,218,FALSE,NA,TRUE,NA,0.81219825036556,0.11905105036556,0.11905105036556,0.11905105036556,0.0141731525931431,0.604315560358309,1.0226668438453,1,1.05804755176429,0.141756851764294,0.141756851764294,0.141756851764294,0.0200950050221241,0.865188151224769,1.2531695618957,1,0.885209511539495,-0.144409488460505,0.144409488460505,0.144409488460505,0.0208541003574247,0.628943477102235,1.13750101565833,1,1.44763852782154,-0.0523614721784607,0.0523614721784607,0.0523614721784607,0.00274172376869571,1.41964652782342,1.49515366456751,0,1.7694200858065,-0.0305799141934966,0.0305799141934966,0.0305799141934966,0.000935131152081614,1.7465123898552,1.84152255366783,1
42,"n1400-b1_2-b2_2p5-b3_2p8",1400,6,416,1,1,0.6931472,0.9162907,1.029619,1.5,1.8,1,1.3,0.0778571428571428,460,243,461,236,FALSE,NA,TRUE,NA,0.648773300656862,-0.0443738993431383,0.0443738993431383,0.0443738993431383,0.00196904294291497,0.449641626790909,0.848209584894067,1,0.946267017122474,0.0299763171224737,0.0299763171224737,0.0299763171224737,0.000898579588227112,0.76468223793973,1.13218723287411,1,1.1251748891815,0.095555889181498,0.095555889181498,0.095555889181498,0.00913092795726674,0.872810505424918,1.37093530838468,1,1.51540138188381,0.0154013818838088,0.0154013818838088,0.0154013818838088,0.000237202563930914,1.49380936125373,1.56765659214722,1,1.79038101786735,-0.00961898213264689,0.00961898213264689,0.00961898213264689,9.25248172681801e-05,1.75956021031509,1.83667939309614,1
42,"n1400-b1_2-b2_2p5-b3_2p8",1400,7,417,1,1,0.6931472,0.9162907,1.029619,1.5,1.8,1,1.3,0.0778571428571428,451,222,452,275,FALSE,NA,TRUE,NA,0.764476636382725,0.0713294363827253,0.0713294363827253,0.0713294363827253,0.00508788849467725,0.570964198406005,0.960816168050527,1,0.833806667364537,-0.0824840326354627,0.0824840326354627,0.0824840326354627,0.00680361563980807,0.665918981023415,1.00617535096044,1,0.988566462017751,-0.0410525379822494,0.0410525379822494,0.0410525379822494,0.00168531087478403,0.740749985296277,1.23325157226614,1,1.50155635331389,0.00155635331388759,0.00155635331388759,0.00155635331388759,2.42223563764889e-06,1.4843056212596,1.52576515017234,1,1.79960343742551,-0.00039656257448839,0.00039656257448839,0.00039656257448839,1.5726187548486e-07,1.77741164828517,1.83803553291941,1
42,"n1400-b1_2-b2_2p5-b3_2p8",1400,8,418,1,1,0.6931472,0.9162907,1.029619,1.5,1.8,1,1.3,0.0692857142857143,482,231,475,212,FALSE,NA,TRUE,NA,0.609062092660287,-0.0840851073397125,0.0840851073397125,0.0840851073397125,0.00707030527633098,0.406443523524395,0.815609474498925,1,0.877939300140875,-0.0383513998591251,0.0383513998591251,0.0383513998591251,0.0014708298711545,0.698437433788013,1.06153287075047,1,0.960740748756336,-0.0688782512436641,0.0688782512436641,0.0688782512436641,0.00474421349438531,0.711909394718148,1.20715085530725,1,1.49619354025736,-0.00380645974263616,0.00380645974263616,0.00380645974263616,1.44891357723097e-05,1.47126578420506,1.54031254825548,1,1.86125773892911,0.0612577389291069,0.0612577389291069,0.0612577389291069,0.00375251057870662,1.80419150449229,1.90770550088637,0
42,"n1400-b1_2-b2_2p5-b3_2p8",1400,9,419,1,1,0.6931472,0.9162907,1.029619,1.5,1.8,1,1.3,0.0828571428571429,499,239,465,197,FALSE,NA,TRUE,NA,0.829942080211894,0.136794880211894,0.136794880211894,0.136794880211894,0.0187128392521865,0.614383343764454,1.04790502499796,1,0.959633237012756,0.0433425370127563,0.0433425370127563,0.0433425370127563,0.00187857551470215,0.764907138222942,1.16010940112245,1,0.797978982072852,-0.231640017927148,0.231640017927148,0.231640017927148,0.0536570979052896,0.538690821754969,1.05845051734967,1,1.51815073465111,0.0181507346511069,0.0181507346511069,0.0181507346511069,0.000329449168374894,1.44732828591736,1.6197099635419,1,1.81518764310819,0.015187643108187,0.015187643108187,0.015187643108187,0.00023066450318166,1.79030153177804,1.85815445628223,1
42,"n1400-b1_2-b2_2p5-b3_2p8",1400,10,420,1,1,0.6931472,0.9162907,1.029619,1.5,1.8,1,1.3,0.0807142857142857,482,205,477,236,FALSE,NA,TRUE,NA,0.615678117225783,-0.0774690827742173,0.0774690827742173,0.0774690827742173,0.00600145878587853,0.408604828669327,0.822692040372188,1,0.88175522116098,-0.0345354788390201,0.0345354788390201,0.0345354788390201,0.0011926992986404,0.703596970878697,1.06014141079916,1,1.35182621891271,0.322207218912713,0.322207218912713,0.322207218912713,0.103817491919465,1.09514158833508,1.60696677880254,0,1.5163906419919,0.0163906419919044,0.0163906419919044,0.0163906419919044,0.000268653144906781,1.48366644729308,1.56755671223176,1,1.8358196672591,0.0358196672591007,0.0358196672591007,0.0358196672591007,0.00128304856255269,1.78942223551442,1.91735297544615,1
43,"n1400-b1_2-b2_2p5-b3_2p8",1400,1,421,1,1,0.6931472,0.9162907,1.029619,1.5,1.8,1,1.3,0.0614285714285714,468,207,488,237,FALSE,NA,TRUE,NA,0.867558773919944,0.174411573919944,0.174411573919944,0.174411573919944,0.0304193971172321,0.659806665061108,1.07350500041198,1,1.09423740022343,0.177946700223432,0.177946700223432,0.177946700223432,0.0316650281204078,0.915080410307175,1.27683407411221,1,0.779515859611653,-0.250103140388347,0.250103140388347,0.250103140388347,0.062551580832113,0.529369729422869,1.03169098589595,1,1.51663260463258,0.0166326046325835,0.0166326046325835,0.0166326046325835,0.000276643536863839,1.46632777708998,1.63432567799675,1,1.82287977888162,0.022879778881624,0.022879778881624,0.022879778881624,0.000523484281672006,1.78958633422061,1.89185751321789,1
43,"n1400-b1_2-b2_2p5-b3_2p8",1400,2,422,1,1,0.6931472,0.9162907,1.029619,1.5,1.8,1,1.3,0.0600000000000001,463,241,442,254,FALSE,NA,TRUE,NA,0.666441232315566,-0.0267059676844338,0.0267059676844338,0.0267059676844338,0.000713208709962022,0.474293881992094,0.858929891877781,1,0.91787160162382,0.00158090162381985,0.00158090162381985,0.00158090162381985,2.49924994419625e-06,0.74282142650342,1.09340252488316,1,0.96040137721023,-0.0692176227897701,0.0692176227897701,0.0692176227897701,0.0047910793046669,0.721295573871007,1.20200843247116,1,1.47300730800637,-0.0269926919936263,0.0269926919936263,0.0269926919936263,0.000728605421062778,1.3990330312332,1.50204255598505,1,1.80848752145726,0.0084875214572584,0.0084875214572584,0.0084875214572584,7.20380204874217e-05,1.772815849267,1.8645069839958,1
43,"n1400-b1_2-b2_2p5-b3_2p8",1400,3,423,1,1,0.6931472,0.9162907,1.029619,1.5,1.8,1,1.3,0.0807142857142857,487,220,446,247,FALSE,NA,TRUE,NA,0.620390972897747,-0.0727562271022529,0.0727562271022529,0.0727562271022529,0.0052934685821546,0.416088144552123,0.823650207553997,1,0.9088021973545,-0.00748850264550027,0.00748850264550027,0.00748850264550027,5.60776718716646e-05,0.72922880469923,1.09091383684499,1,1.1479095714832,0.118290571483199,0.118290571483199,0.118290571483199,0.0139926593018217,0.894563446315565,1.40352186873729,1,1.49932224035021,-0.000677759649792442,0.000677759649792442,0.000677759649792442,4.59358142886774e-07,1.47470220106135,1.53996308219224,1,1.78592015630795,-0.0140798436920484,0.0140798436920484,0.0140798436920484,0.000198241998392515,1.763866768172,1.81169619844016,1
43,"n1400-b1_2-b2_2p5-b3_2p8",1400,4,424,1,1,0.6931472,0.9162907,1.029619,1.5,1.8,1,1.3,0.0764285714285714,472,223,481,224,FALSE,NA,TRUE,NA,0.538529367222151,-0.154617832777849,0.154617832777849,0.154617832777849,0.0239066742129188,0.329913457176439,0.744556194588277,1,0.848233999164285,-0.0680567008357154,0.0680567008357154,0.0680567008357154,0.00463171452864206,0.668359015877243,1.03214704007591,1,1.10857173406103,0.0789527340610294,0.0789527340610294,0.0789527340610294,0.00623353421571164,0.85320115747374,1.36217795813829,1,1.52151418843732,0.0215141884373247,0.0215141884373247,0.0215141884373247,0.000462860304116714,1.472236090038,1.61614650134421,1,1.81387608624533,0.0138760862453273,0.0138760862453273,0.0138760862453273,0.000192545769487762,1.77424112690622,1.87956853322964,1
43,"n1400-b1_2-b2_2p5-b3_2p8",1400,5,425,1,1,0.6931472,0.9162907,1.029619,1.5,1.8,1,1.3,0.0714285714285714,487,232,451,230,FALSE,NA,TRUE,NA,0.602389344036476,-0.0907578559635239,0.0907578559635239,0.0907578559635239,0.00823698841909576,0.395682890853798,0.810223712866034,1,0.908995965101606,-0.00729473489839449,0.00729473489839449,0.00729473489839449,5.32131572378545e-05,0.726864209070179,1.09644299104665,1,1.18872645278392,0.159107452783922,0.159107452783922,0.159107452783922,0.025315181531388,0.92964279299122,1.44585949091776,1,1.48525107608029,-0.0147489239197121,0.0147489239197121,0.0147489239197121,0.000217530756789454,1.43173046226728,1.58537877876871,1,1.69738407533193,-0.102615924668073,0.102615924668073,0.102615924668073,0.0105300279954837,1.65286000322144,1.76916742285146,0
43,"n1400-b1_2-b2_2p5-b3_2p8",1400,6,426,1,1,0.6931472,0.9162907,1.029619,1.5,1.8,1,1.3,0.0678571428571428,493,217,461,229,FALSE,NA,TRUE,NA,0.781475620747612,0.088328420747612,0.088328420747612,0.088328420747612,0.00780190991176718,0.575051250796014,0.992404225544514,1,0.832855374936088,-0.0834353250639125,0.0834353250639125,0.0834353250639125,0.00696145346852074,0.653130729337266,1.01587041086176,1,1.01519247250222,-0.0144265274977826,0.0144265274977826,0.0144265274977826,0.000208124695644278,0.762079335201926,1.26810300179453,1,1.50165785770956,0.0016578577095554,0.0016578577095554,0.0016578577095554,2.74849218513227e-06,1.47804572907573,1.52655460170306,1,1.79204809368663,-0.00795190631336906,0.00795190631336906,0.00795190631336906,6.32328140165987e-05,1.77456056877631,1.81536227155778,1
43,"n1400-b1_2-b2_2p5-b3_2p8",1400,7,427,1,1,0.6931472,0.9162907,1.029619,1.5,1.8,1,1.3,0.0785714285714286,478,253,448,221,FALSE,NA,TRUE,NA,0.80917707089288,0.11602987089288,0.11602987089288,0.11602987089288,0.0134629309394184,0.604470525446493,1.01142574845929,1,1.05410230119795,0.137811601197953,0.137811601197953,0.137811601197953,0.0189920374247435,0.862656468635808,1.24873550341344,1,0.910266862024902,-0.119352137975098,0.119352137975098,0.119352137975098,0.0142449328392268,0.657142320376839,1.16235482679612,1,1.52625844951052,0.026258449510522,0.026258449510522,0.026258449510522,0.000689506170696635,1.48840842336153,1.56705194098474,1,1.81104240316646,0.0110424031664602,0.0110424031664602,0.0110424031664602,0.000121934667690651,1.7818518613296,1.84673296510123,1
43,"n1400-b1_2-b2_2p5-b3_2p8",1400,8,428,1,1,0.6931472,0.9162907,1.029619,1.5,1.8,1,1.3,0.0635714285714286,490,216,483,211,FALSE,NA,TRUE,NA,0.712042324708897,0.0188951247088973,0.0188951247088973,0.0188951247088973,0.000357025737764782,0.500042069872156,0.923176313811535,1,0.82714720444533,-0.0891434955546698,0.0891434955546698,0.0891434955546698,0.00794656279970544,0.644450864951876,1.01723340557144,1,1.01220694183532,-0.0174120581646771,0.0174120581646771,0.0174120581646771,0.000303179769530097,0.760325604116026,1.26118400707459,1,1.49217884443126,-0.00782115556874219,0.00782115556874219,0.00782115556874219,6.11704744304669e-05,1.46026115830314,1.53218819891866,1,1.74602527710048,-0.0539747228995189,0.0539747228995189,0.0539747228995189,0.00291327071207985,1.7173832436199,1.80845574999536,1
43,"n1400-b1_2-b2_2p5-b3_2p8",1400,9,429,1,1,0.6931472,0.9162907,1.029619,1.5,1.8,1,1.3,0.0778571428571428,450,224,469,257,FALSE,NA,TRUE,NA,0.680070286468903,-0.0130769135310971,0.0130769135310971,0.0130769135310971,0.00017100566749979,0.481288146564207,0.879805426022474,1,0.896654583794289,-0.0196361162057113,0.0196361162057113,0.0196361162057113,0.000385577059644196,0.722331649990558,1.0718335940411,1,1.00600374411111,-0.0236152558888942,0.0236152558888942,0.0236152558888942,0.000557680310697954,0.758121229528119,1.25423986444194,1,1.49869561922808,-0.00130438077191553,0.00130438077191553,0.00130438077191553,1.70140919814294e-06,1.46977210613151,1.52128190022987,1,1.80778511876521,0.00778511876520982,0.00778511876520982,0.00778511876520982,6.06080741884221e-05,1.76760449853187,1.87427008917619,1
43,"n1400-b1_2-b2_2p5-b3_2p8",1400,10,430,1,1,0.6931472,0.9162907,1.029619,1.5,1.8,1,1.3,0.0771428571428572,446,245,477,232,FALSE,NA,TRUE,NA,0.813844088150324,0.120696888150324,0.120696888150324,0.120696888150324,0.0145677388091719,0.608691928201078,1.02131361285693,1,1.09182228393,0.175531583929996,0.175531583929996,0.175531583929996,0.0308113369569732,0.910048211062651,1.27598786502362,1,0.873439561519656,-0.156179438480344,0.156179438480344,0.156179438480344,0.0243920170040354,0.622697010413643,1.12553708139374,1,1.50017343656676,0.000173436566755836,0.000173436566755836,0.000173436566755836,3.00802426880515e-08,1.46621501342041,1.55514661794708,1,1.767282707398,-0.0327172926019967,0.0327172926019967,0.0327172926019967,0.00107042123520467,1.66485157418742,1.90029985786476,1
44,"n1400-b1_2-b2_2p5-b3_2p8",1400,1,431,1,1,0.6931472,0.9162907,1.029619,1.5,1.8,1,1.3,0.0735714285714286,469,260,445,226,FALSE,NA,TRUE,NA,0.718336554563557,0.0251893545635569,0.0251893545635569,0.0251893545635569,0.000634503583328583,0.519245055699604,0.920473645575144,1,0.825606002952489,-0.0906846970475108,0.0906846970475108,0.0906846970475108,0.00822371427859882,0.645667285922445,1.00733870210745,1,1.13487791945388,0.105258919453878,0.105258919453878,0.105258919453878,0.0110794401245981,0.883029552264361,1.38326964959683,1,1.51407844263962,0.0140784426396243,0.0140784426396243,0.0140784426396243,0.000198202547157192,1.49103628552048,1.55304052915872,1,1.79790689972011,-0.00209310027989495,0.00209310027989495,0.00209310027989495,4.38106878169634e-06,1.7731042029192,1.83579453095398,1
44,"n1400-b1_2-b2_2p5-b3_2p8",1400,2,432,1,1,0.6931472,0.9162907,1.029619,1.5,1.8,1,1.3,0.0792857142857143,471,249,458,222,FALSE,NA,TRUE,NA,0.644307325880694,-0.0488398741193065,0.0488398741193065,0.0488398741193065,0.0023853333039897,0.442973178819381,0.848615794095019,1,0.906924865975727,-0.00936583402427338,0.00936583402427338,0.00936583402427338,8.77188469702369e-05,0.725179660687816,1.09416741070059,1,1.15937701935385,0.129758019353853,0.129758019353853,0.129758019353853,0.0168371435866348,0.909101603485811,1.4123676548437,1,1.50314520445923,0.00314520445922795,0.00314520445922795,0.00314520445922795,9.89231109034736e-06,1.43843031781293,1.56706346883165,1,1.81748792918932,0.0174879291893189,0.0174879291893189,0.0174879291893189,0.00030582766733063,1.77245676543748,1.87301528013074,1
44,"n1400-b1_2-b2_2p5-b3_2p8",1400,3,433,1,1,0.6931472,0.9162907,1.029619,1.5,1.8,1,1.3,0.0742857142857143,478,221,467,234,FALSE,NA,TRUE,NA,0.675339991046339,-0.0178072089536612,0.0178072089536612,0.0178072089536612,0.00031709669071935,0.466968433924787,0.882050340131683,1,0.817898828432002,-0.0983918715679977,0.0983918715679977,0.0983918715679977,0.00968096039065335,0.637618050064632,1.00162060317486,1,1.17631055069568,0.146691550695684,0.146691550695684,0.146691550695684,0.0215184110455045,0.923120170390381,1.4349558404172,1,1.47158448527643,-0.0284155147235723,0.0284155147235723,0.0284155147235723,0.000807441477005554,1.43293430931976,1.58831615915371,1,1.76174351978746,-0.0382564802125385,0.0382564802125385,0.0382564802125385,0.00146355827825235,1.68216462869238,1.83729894980329,1
44,"n1400-b1_2-b2_2p5-b3_2p8",1400,4,434,1,1,0.6931472,0.9162907,1.029619,1.5,1.8,1,1.3,0.0721428571428572,471,240,467,222,FALSE,NA,TRUE,NA,0.517771413752091,-0.175375786247909,0.175375786247909,0.175375786247909,0.0307566664020723,0.312317981670935,0.723281513772715,1,0.982911928125754,0.0666212281257536,0.0666212281257536,0.0666212281257536,0.0044383880369837,0.799838491881426,1.17165067945499,1,1.26923378918013,0.239614789180128,0.239614789180128,0.239614789180128,0.057415247193837,1.01386744989321,1.52301091380581,1,1.53360427253322,0.0336042725332182,0.0336042725332182,0.0336042725332182,0.0011292471324868,1.47724828274185,1.57790974913191,1,1.79815567617549,-0.00184432382450805,0.00184432382450805,0.00184432382450805,3.40153036964802e-06,1.77792665149721,1.82248823487003,1
44,"n1400-b1_2-b2_2p5-b3_2p8",1400,5,435,1,1,0.6931472,0.9162907,1.029619,1.5,1.8,1,1.3,0.0671428571428572,518,232,452,198,FALSE,NA,TRUE,NA,0.617607316017689,-0.075539883982311,0.075539883982311,0.075539883982311,0.00570627407206101,0.407538637920899,0.831384067304246,1,0.879373652137133,-0.0369170478628665,0.0369170478628665,0.0369170478628665,0.00136286842290918,0.68934203609689,1.07070735359756,1,1.09137667606833,0.0617576760683307,0.0617576760683307,0.0617576760683307,0.00381401055336087,0.835517346808623,1.34434214562215,1,1.50071735323032,0.000717353230315965,0.000717353230315965,0.000717353230315965,5.14595657044749e-07,1.47228901087138,1.53976499757661,1,1.78397310669322,-0.0160268933067771,0.0160268933067771,0.0160268933067771,0.000256861309066816,1.70442732618424,1.83607796215353,1
44,"n1400-b1_2-b2_2p5-b3_2p8",1400,6,436,1,1,0.6931472,0.9162907,1.029619,1.5,1.8,1,1.3,0.0614285714285714,478,227,471,224,FALSE,NA,TRUE,NA,0.72850307069043,0.0353558706904297,0.0353558706904297,0.0353558706904297,0.00125003759227838,0.525343989185022,0.930189809653205,1,0.818496186998598,-0.0977945130014021,0.0977945130014021,0.0977945130014021,0.0095637667731814,0.639194491342698,1.0029923136385,1,0.9711766717592,-0.0584423282408002,0.0584423282408002,0.0584423282408002,0.00341550573020543,0.719993027487555,1.2201435579764,1,1.50111323615585,0.00111323615585301,0.00111323615585301,0.00111323615585301,1.2392947386984e-06,1.46359178298629,1.54013470666236,1,1.78665302963579,-0.0133469703642055,0.0133469703642055,0.0133469703642055,0.00017814161790298,1.75242515626771,1.83965906096338,1
44,"n1400-b1_2-b2_2p5-b3_2p8",1400,7,437,1,1,0.6931472,0.9162907,1.029619,1.5,1.8,1,1.3,0.0842857142857143,485,240,422,253,FALSE,NA,TRUE,NA,0.776597173890578,0.0834499738905784,0.0834499738905784,0.0834499738905784,0.00696389814233822,0.569553205452473,0.979671517066929,1,1.08163497741581,0.165344277415815,0.165344277415815,0.165344277415815,0.027338730074158,0.896048457241767,1.26870143715433,1,0.875914814657126,-0.153704185342874,0.153704185342874,0.153704185342874,0.0236249765919166,0.630419891701619,1.13016559497273,1,1.49130296172553,-0.00869703827447044,0.00869703827447044,0.00869703827447044,7.56384747476037e-05,1.47682172220865,1.527699412999,1,1.82659655253103,0.0265965525310277,0.0265965525310277,0.0265965525310277,0.000707376606535714,1.78829846285429,1.88639496485443,1
44,"n1400-b1_2-b2_2p5-b3_2p8",1400,8,438,1,1,0.6931472,0.9162907,1.029619,1.5,1.8,1,1.3,0.0778571428571428,452,241,487,220,FALSE,NA,TRUE,NA,0.766715314993254,0.0735681149932543,0.0735681149932543,0.0735681149932543,0.00541226754366069,0.557179962007909,0.975343368608118,1,0.982559173368861,0.0662684733688614,0.0662684733688614,0.0662684733688614,0.0043915105626395,0.798123810119296,1.17324690990287,1,0.966676590900712,-0.0629424090992885,0.0629424090992885,0.0629424090992885,0.0039617468632222,0.711257714011763,1.22027554577077,1,1.46856992904542,-0.0314300709545765,0.0314300709545765,0.0314300709545765,0.000987849360209714,1.43253282178609,1.50386800720528,1,1.77949580753389,-0.0205041924661138,0.0205041924661138,0.0205041924661138,0.000420421908687438,1.75024766086329,1.82982105920355,1
44,"n1400-b1_2-b2_2p5-b3_2p8",1400,9,439,1,1,0.6931472,0.9162907,1.029619,1.5,1.8,1,1.3,0.0778571428571428,460,247,466,227,FALSE,NA,TRUE,NA,0.641044536530529,-0.0521026634694706,0.0521026634694706,0.0521026634694706,0.0027146875406129,0.436703585753788,0.84592767720612,1,0.897037550779481,-0.0192531492205191,0.0192531492205191,0.0192531492205191,0.000370683754907576,0.715789586980001,1.08125396588237,1,1.02049136448644,-0.00912763551355633,0.00912763551355633,0.00912763551355633,8.33137300683348e-05,0.770833002766403,1.27411287050861,1,1.50007818393594,7.81839359429437e-05,7.81839359429437e-05,7.81839359429437e-05,6.11272783953032e-09,1.44430161976785,1.56177004491532,1,1.79335005604655,-0.00664994395344864,0.00664994395344864,0.00664994395344864,4.42217545840082e-05,1.7567082101357,1.83357618420023,1
44,"n1400-b1_2-b2_2p5-b3_2p8",1400,10,440,1,1,0.6931472,0.9162907,1.029619,1.5,1.8,1,1.3,0.0721428571428572,462,235,455,248,FALSE,NA,TRUE,NA,0.786966281051753,0.093819081051753,0.093819081051753,0.093819081051753,0.00880201996939539,0.585004839787576,0.987843630121472,1,0.9709012018576,0.0546105018576001,0.0546105018576001,0.0546105018576001,0.00298230691313894,0.793786455114305,1.15456154795174,1,0.934609876970929,-0.0950091230290713,0.0950091230290713,0.0950091230290713,0.0090267334587532,0.689614767015349,1.18654894329661,1,1.48721303297623,-0.0127869670237719,0.0127869670237719,0.0127869670237719,0.00016350652566703,1.45458257214857,1.52998995109047,1,1.79044830939914,-0.00955169060086369,0.00955169060086369,0.00955169060086369,9.12347933346278e-05,1.75740257655336,1.82239978078208,1
45,"n1400-b1_2-b2_2p5-b3_2p8",1400,1,441,1,1,0.6931472,0.9162907,1.029619,1.5,1.8,1,1.3,0.0771428571428572,450,219,501,230,FALSE,NA,TRUE,NA,0.870248049636586,0.177100849636586,0.177100849636586,0.177100849636586,0.0313647109420005,0.657842239003612,1.08389591512791,1,1.07639778762224,0.160107087622237,0.160107087622237,0.160107087622237,0.0256342795068746,0.889820402785999,1.266314828611,1,0.725501009003769,-0.304117990996231,0.304117990996231,0.304117990996231,0.0924877524475836,0.467639648699245,0.984318321013655,0,1.5204054710122,0.0204054710121955,0.0204054710121955,0.0204054710121955,0.00041638324722955,1.48046734325466,1.64413669715622,1,1.80670004099228,0.0067000409922815,0.0067000409922815,0.0067000409922815,4.48905492982524e-05,1.76846568949013,1.90485236556204,1
45,"n1400-b1_2-b2_2p5-b3_2p8",1400,2,442,1,1,0.6931472,0.9162907,1.029619,1.5,1.8,1,1.3,0.0542857142857143,498,207,495,200,FALSE,NA,TRUE,NA,0.72527836211087,0.0321311621108699,0.0321311621108699,0.0321311621108699,0.001032411578595,0.513012426865083,0.939129675963206,1,1.01077862344602,0.0944879234460227,0.0944879234460227,0.0944879234460227,0.00892796767714146,0.823967790881977,1.19878340074661,1,0.932332425498949,-0.0972865745010508,0.0972865745010508,0.0972865745010508,0.00946467757814851,0.67785250988783,1.18717569960382,1,1.53704791414711,0.0370479141471083,0.0370479141471083,0.0370479141471083,0.00137254794265151,1.50111410487851,1.62275928590722,0,1.8864772212733,0.0864772212732963,0.0864772212732963,0.0864772212732963,0.00747830979915064,1.81164953381818,1.96618266154078,0
45,"n1400-b1_2-b2_2p5-b3_2p8",1400,3,443,1,1,0.6931472,0.9162907,1.029619,1.5,1.8,1,1.3,0.0742857142857143,475,227,470,228,FALSE,NA,TRUE,NA,0.857118995633055,0.163971795633055,0.163971795633055,0.163971795633055,0.0268867497631285,0.65079783608396,1.06572609941927,1,0.990989127358312,0.0746984273583117,0.0746984273583117,0.0746984273583117,0.00557985504980497,0.803211490896174,1.18048418904056,1,0.948310365301924,-0.0813086346980761,0.0813086346980761,0.0813086346980761,0.00661109407646519,0.688462626331459,1.2058788099614,1,1.50099534938087,0.000995349380872312,0.000995349380872312,0.000995349380872312,9.90720390002896e-07,1.48120148738077,1.51581875591321,1,1.78924328638024,-0.0107567136197633,0.0107567136197633,0.0107567136197633,0.000115706887897601,1.76094680464585,1.86227271647367,1
45,"n1400-b1_2-b2_2p5-b3_2p8",1400,4,444,1,1,0.6931472,0.9162907,1.029619,1.5,1.8,1,1.3,0.0785714285714286,457,248,474,221,FALSE,NA,TRUE,NA,0.557501364177413,-0.135645835822587,0.135645835822587,0.135645835822587,0.0183997927760083,0.351978170185673,0.763278203975201,1,0.795922459062396,-0.120368240937604,0.120368240937604,0.120368240937604,0.0144885134264132,0.610348171852838,0.983304790079726,1,1.16985830398692,0.14023930398692,0.14023930398692,0.14023930398692,0.0196670623827357,0.91732032182628,1.42969942670061,1,1.48432137758246,-0.01567862241754,0.01567862241754,0.01567862241754,0.000245819200911789,1.44750234165984,1.51756287057971,1,1.80091618862839,0.000916188628393488,0.000916188628393488,0.000916188628393488,8.39401602797542e-07,1.74605596204327,1.852121194752,1
45,"n1400-b1_2-b2_2p5-b3_2p8",1400,5,445,1,1,0.6931472,0.9162907,1.029619,1.5,1.8,1,1.3,0.0771428571428572,482,202,483,233,FALSE,NA,TRUE,NA,0.65249370229896,-0.0406534977010398,0.0406534977010398,0.0406534977010398,0.00165270687532845,0.43871736200596,0.866351603071027,1,0.908848659380845,-0.00744204061915521,0.00744204061915521,0.00744204061915521,5.53839685771561e-05,0.726472592232098,1.09729480622483,1,0.961479020530717,-0.0681399794692834,0.0681399794692834,0.0681399794692834,0.00464305680207436,0.707686664183772,1.21952854759244,1,1.49246030971112,-0.00753969028888379,0.00753969028888379,0.00753969028888379,5.68469296522886e-05,1.47924497233129,1.54054323901886,1,1.82589453316556,0.0258945331655571,0.0258945331655571,0.0258945331655571,0.000670526847862138,1.80001067093393,1.86039490464702,0
45,"n1400-b1_2-b2_2p5-b3_2p8",1400,6,446,1,1,0.6931472,0.9162907,1.029619,1.5,1.8,1,1.3,0.0649999999999999,443,240,473,244,FALSE,NA,TRUE,NA,0.76846132628999,0.0753141262899896,0.0753141262899896,0.0753141262899896,0.0056722176188245,0.56827092611622,0.966514813890254,1,0.935903980207904,0.0196132802079036,0.0196132802079036,0.0196132802079036,0.000384680760513745,0.75790901440356,1.11555976463072,1,0.90010687985846,-0.12951212014154,0.12951212014154,0.12951212014154,0.0167733892635567,0.653206535772161,1.14521955945727,1,1.51184484915117,0.0118448491511716,0.0118448491511716,0.0118448491511716,0.00014030045141401,1.4914021774187,1.54140882255785,1,1.77702471558676,-0.0229752844132363,0.0229752844132363,0.0229752844132363,0.000527863693869097,1.7659037074827,1.80476568723221,1
45,"n1400-b1_2-b2_2p5-b3_2p8",1400,7,447,1,1,0.6931472,0.9162907,1.029619,1.5,1.8,1,1.3,0.0678571428571428,471,240,447,242,FALSE,NA,TRUE,NA,0.71920727361722,0.0260600736172204,0.0260600736172204,0.0260600736172204,0.000679127436934947,0.519179752233428,0.920491581456151,1,0.847914049465141,-0.0683766505348593,0.0683766505348593,0.0683766505348593,0.00467536633836628,0.671230239121195,1.02925130409582,1,0.952194951368698,-0.0774240486313023,0.0774240486313023,0.0774240486313023,0.00599448330646226,0.703982295089828,1.19901972975262,1,1.48803454357192,-0.011965456428076,0.011965456428076,0.011965456428076,0.000143172147532185,1.46176205132995,1.54114437479361,1,1.77546941299785,-0.0245305870021495,0.0245305870021495,0.0245305870021495,0.000601749698670026,1.74832012218749,1.83258750312672,1
45,"n1400-b1_2-b2_2p5-b3_2p8",1400,8,448,1,1,0.6931472,0.9162907,1.029619,1.5,1.8,1,1.3,0.0692857142857143,463,228,481,228,FALSE,NA,TRUE,NA,0.737940852345839,0.0447936523458389,0.0447936523458389,0.0447936523458389,0.00200647129047988,0.536623835971461,0.941266648072965,1,1.01366721780673,0.0973765178067256,0.0973765178067256,0.0973765178067256,0.00948218622016355,0.83449104887432,1.19523415240456,1,1.06700219398517,0.0373831939851734,0.0373831939851734,0.0373831939851734,0.00139750319253311,0.813884714981701,1.32096948279789,1,1.47120467024333,-0.028795329756673,0.028795329756673,0.028795329756673,0.000829171015795537,1.37815518717118,1.53612106325835,1,1.79640665346263,-0.00359334653736765,0.00359334653736765,0.00359334653736765,1.29121393376121e-05,1.7351950275719,1.8506315398474,1
45,"n1400-b1_2-b2_2p5-b3_2p8",1400,9,449,1,1,0.6931472,0.9162907,1.029619,1.5,1.8,1,1.3,0.0771428571428572,464,220,504,212,FALSE,NA,TRUE,NA,0.786926367004318,0.0937791670043183,0.0937791670043183,0.0937791670043183,0.00879453216402383,0.568089884999902,1.00402669277097,1,0.974078977546165,0.0577882775461647,0.0577882775461647,0.0577882775461647,0.00333948502175256,0.787304665162996,1.16706429320062,1,0.943168680497061,-0.086450319502939,0.086450319502939,0.086450319502939,0.00747365774216024,0.681573497147159,1.20648681797192,1,1.43458805222878,-0.0654119477712187,0.0654119477712187,0.0654119477712187,0.00427872291122465,1.36382395105323,1.51661397897759,1,1.79211288206114,-0.00788711793886376,0.00788711793886376,0.00788711793886376,6.22066293815466e-05,1.72383656256443,1.893056464025,1
45,"n1400-b1_2-b2_2p5-b3_2p8",1400,10,450,1,1,0.6931472,0.9162907,1.029619,1.5,1.8,1,1.3,0.0714285714285714,476,226,459,239,FALSE,NA,TRUE,NA,0.764136630042087,0.070989430042087,0.070989430042087,0.070989430042087,0.00503949917770037,0.557086016333636,0.975406580311431,1,0.948193103556477,0.0319024035564774,0.0319024035564774,0.0319024035564774,0.00101776335268034,0.767450049396443,1.13233761266217,1,1.01030626972559,-0.0193127302744092,0.0193127302744092,0.0193127302744092,0.00037298155065208,0.758529653107728,1.26761798239425,1,1.48497802433819,-0.0150219756618071,0.0150219756618071,0.0150219756618071,0.000225659752783924,1.45173955561344,1.52524672449205,1,1.79902971841733,-0.00097028158267376,0.00097028158267376,0.00097028158267376,9.41446349675896e-07,1.76118959406865,1.83828500493636,1
46,"n1400-b1_2-b2_2p5-b3_2p8",1400,1,451,1,1,0.6931472,0.9162907,1.029619,1.5,1.8,1,1.3,0.0771428571428572,472,224,466,238,FALSE,NA,TRUE,NA,0.708290626176982,0.0151434261769818,0.0151434261769818,0.0151434261769818,0.000229323356377699,0.502364777535642,0.916839530838545,1,0.879613528534177,-0.0366771714658228,0.0366771714658228,0.0366771714658228,0.00134521490673337,0.69711851773891,1.06523747398487,1,1.11200788355812,0.0823888835581188,0.0823888835581188,0.0823888835581188,0.00678792813395326,0.854489817600184,1.36298429414625,1,1.49716707659359,-0.00283292340640617,0.00283292340640617,0.00283292340640617,8.02545502656396e-06,1.47764756327648,1.53399994327741,1,1.804663473983,0.00466347398300448,0.00466347398300448,0.00466347398300448,2.17479895901597e-05,1.78305656058533,1.83354116348373,1
46,"n1400-b1_2-b2_2p5-b3_2p8",1400,2,452,1,1,0.6931472,0.9162907,1.029619,1.5,1.8,1,1.3,0.0814285714285714,442,242,491,225,FALSE,NA,TRUE,NA,0.837831597669915,0.144684397669915,0.144684397669915,0.144684397669915,0.0209335749291061,0.629351789162622,1.0463966371836,1,1.03556295423488,0.119272254234879,0.119272254234879,0.119272254234879,0.0142258706302695,0.849064288256841,1.22470621578215,1,0.94221885009508,-0.0874001499049198,0.0874001499049198,0.0874001499049198,0.00763878620340246,0.688296417651039,1.19895961934396,1,1.45727973794784,-0.0427202620521601,0.0427202620521601,0.0427202620521601,0.00182502078980523,1.43100437570667,1.5069262745591,1,1.74504434143497,-0.054955658565035,0.054955658565035,0.054955658565035,0.00302012440831671,1.69129441247733,1.8237579202756,1
46,"n1400-b1_2-b2_2p5-b3_2p8",1400,3,453,1,1,0.6931472,0.9162907,1.029619,1.5,1.8,1,1.3,0.075,468,217,469,246,FALSE,NA,TRUE,NA,0.797709900179018,0.104562700179018,0.104562700179018,0.104562700179018,0.0109333582687272,0.597778280326899,0.998627544519953,1,0.866260717439596,-0.0500299825604045,0.0500299825604045,0.0500299825604045,0.00250299915499438,0.689192913911894,1.04438570283588,1,0.925357718493117,-0.104261281506883,0.104261281506883,0.104261281506883,0.0108704148214575,0.679767831046399,1.1722472054543,1,1.515583362906,0.0155833629060049,0.0155833629060049,0.0155833629060049,0.00024284119946025,1.48499502695328,1.58150886988123,1,1.81116048813162,0.011160488131619,0.011160488131619,0.011160488131619,0.000124556495336008,1.78430044013063,1.85890792326846,1
46,"n1400-b1_2-b2_2p5-b3_2p8",1400,4,454,1,1,0.6931472,0.9162907,1.029619,1.5,1.8,1,1.3,0.0721428571428572,420,229,493,258,FALSE,NA,TRUE,NA,0.653201434841629,-0.039945765158371,0.039945765158371,0.039945765158371,0.00159566415408773,0.456720277505316,0.853683786582891,1,0.953547555358463,0.0372568553584626,0.0372568553584626,0.0372568553584626,0.0013880732712014,0.781862939752023,1.12683323897038,1,0.96326664289855,-0.06635235710145,0.06635235710145,0.06635235710145,0.00440263529291835,0.717495332030794,1.2087073410706,1,1.4866568375865,-0.0133431624135003,0.0133431624135003,0.0133431624135003,0.000178039983193047,1.40191496861291,1.53824915373941,1,1.81705521418019,0.0170552141801894,0.0170552141801894,0.0170552141801894,0.000290880330732134,1.73774216139215,1.87336084474805,1
46,"n1400-b1_2-b2_2p5-b3_2p8",1400,5,455,1,1,0.6931472,0.9162907,1.029619,1.5,1.8,1,1.3,0.0685714285714286,467,236,477,220,FALSE,NA,TRUE,NA,0.797196652028878,0.104049452028878,0.104049452028878,0.104049452028878,0.0108262884675098,0.590561196854319,1.00760613088124,1,1.00516352663303,0.0888728266330252,0.0888728266330252,0.0888728266330252,0.00789837931374375,0.821298682659299,1.19341026897026,1,0.957455476107216,-0.0721635238927839,0.0721635238927839,0.0721635238927839,0.00520757418062439,0.700953284723126,1.20753646056644,1,1.53034233075561,0.030342330755607,0.030342330755607,0.030342330755607,0.000920657035682654,1.46058977137143,1.57350991450092,1,1.84263482185655,0.0426348218565493,0.0426348218565493,0.0426348218565493,0.0018177280347397,1.79505460474819,1.88036913682557,1
46,"n1400-b1_2-b2_2p5-b3_2p8",1400,6,456,1,1,0.6931472,0.9162907,1.029619,1.5,1.8,1,1.3,0.0692857142857143,455,213,493,239,FALSE,NA,TRUE,NA,0.650730818368494,-0.0424163816315055,0.0424163816315055,0.0424163816315055,0.00179914943070952,0.440804113410253,0.856886900701333,1,0.853083807819368,-0.0632068921806321,0.0632068921806321,0.0632068921806321,0.00399511121913406,0.674282156565396,1.03346355922581,1,1.02028738734487,-0.0093316126551275,0.0093316126551275,0.0093316126551275,8.70789947453357e-05,0.762882994240216,1.27281055796531,1,1.50885973424389,0.00885973424388831,0.00885973424388831,0.00885973424388831,7.84948908723271e-05,1.4832489538128,1.59965714137761,1,1.79743114471789,-0.00256885528210926,0.00256885528210926,0.00256885528210926,6.59901746042065e-06,1.72763861410368,1.8291105913816,1
46,"n1400-b1_2-b2_2p5-b3_2p8",1400,7,457,1,1,0.6931472,0.9162907,1.029619,1.5,1.8,1,1.3,0.0564285714285714,509,219,446,226,FALSE,NA,TRUE,NA,0.539928679126892,-0.153218520873108,0.153218520873108,0.153218520873108,0.023475915138543,0.334680923239822,0.744894679618795,1,0.778522351254634,-0.137768348745366,0.137768348745366,0.137768348745366,0.0189801179160249,0.601887557301886,0.957403032552636,1,1.0627928711637,0.0331738711636993,0.0331738711636993,0.0331738711636993,0.00110050572798572,0.817633931044986,1.30841575185992,1,1.49309004918837,-0.00690995081162638,0.00690995081162638,0.00690995081162638,4.7747420219096e-05,1.4712918151887,1.54067139702846,1,1.77937471308629,-0.0206252869137069,0.0206252869137069,0.0206252869137069,0.000425402460272729,1.71744444504514,1.85746625449399,1
46,"n1400-b1_2-b2_2p5-b3_2p8",1400,8,458,1,1,0.6931472,0.9162907,1.029619,1.5,1.8,1,1.3,0.0707142857142857,501,234,444,221,FALSE,NA,TRUE,NA,0.654408011936448,-0.0387391880635517,0.0387391880635517,0.0387391880635517,0.00150072469182323,0.448288619299536,0.861927742672594,1,0.968586272251114,0.0522955722511138,0.0522955722511138,0.0522955722511138,0.00273482687707146,0.786044462559107,1.15424754029311,1,1.03018784403278,0.000568844032781346,0.000568844032781346,0.000568844032781346,3.23583533630945e-07,0.777826239795645,1.28636411255192,1,1.48417949154362,-0.0158205084563767,0.0158205084563767,0.0158205084563767,0.000250288487818287,1.44112458369602,1.5447164567538,1,1.76705006759854,-0.0329499324014575,0.0329499324014575,0.0329499324014575,0.00108569804526062,1.70346249594993,1.8382236799806,1
46,"n1400-b1_2-b2_2p5-b3_2p8",1400,9,459,1,1,0.6931472,0.9162907,1.029619,1.5,1.8,1,1.3,0.0635714285714286,466,223,481,230,FALSE,NA,TRUE,NA,0.678016579299405,-0.015130620700595,0.015130620700595,0.015130620700595,0.000228935682785274,0.473983615852555,0.887308860275264,1,0.981698380495994,0.0654076804959935,0.0654076804959935,0.0654076804959935,0.00427816466786597,0.799917578199498,1.16710642096027,1,1.12363403309288,0.0940150330928777,0.0940150330928777,0.0940150330928777,0.0088388264474549,0.866779915127959,1.37883601793557,1,1.49806488749743,-0.00193511250256728,0.00193511250256728,0.00193511250256728,3.74466039759221e-06,1.48758576563592,1.51124518367875,1,1.79276682601599,-0.00723317398400858,0.00723317398400858,0.00723317398400858,5.23188058829385e-05,1.77148409713517,1.80970806121835,1
46,"n1400-b1_2-b2_2p5-b3_2p8",1400,10,460,1,1,0.6931472,0.9162907,1.029619,1.5,1.8,1,1.3,0.0792857142857143,456,240,493,211,FALSE,NA,TRUE,NA,0.663703721927589,-0.0294434780724113,0.0294434780724113,0.0294434780724113,0.000866918401000566,0.454314593174407,0.876663209505134,1,0.931195256794268,0.0149045567942676,0.0149045567942676,0.0149045567942676,0.000222145813233549,0.739886939943354,1.12459623103746,1,1.10755363183603,0.0779346318360301,0.0779346318360301,0.0779346318360301,0.00607380683941756,0.846318675630354,1.36821673206213,1,1.52103701382675,0.0210370138267524,0.0210370138267524,0.0210370138267524,0.000442555950746971,1.49075988042947,1.58369869189159,1,1.819804374206,0.0198043742060034,0.0198043742060034,0.0198043742060034,0.000392213237691415,1.78793351305311,1.8665270920198,1
47,"n1400-b1_2-b2_2p5-b3_2p8",1400,1,461,1,1,0.6931472,0.9162907,1.029619,1.5,1.8,1,1.3,0.0585714285714286,490,219,455,236,FALSE,NA,TRUE,NA,0.704556099781463,0.0114088997814633,0.0114088997814633,0.0114088997814633,0.000130162994223474,0.498614151644294,0.908482694290732,1,0.920192987968253,0.00390228796825298,0.00390228796825298,0.00390228796825298,1.5227851387172e-05,0.739670659612345,1.1066856166451,1,0.995908026613643,-0.0337109733863566,0.0337109733863566,0.0337109733863566,0.00113642972665565,0.746521442352143,1.24668689994723,1,1.47168325805271,-0.0283167419472883,0.0283167419472883,0.0283167419472883,0.000801837874509316,1.38458849521006,1.5465513883022,1,1.71478342627545,-0.0852165737245474,0.0852165737245474,0.0852165737245474,0.00726186443735122,1.55048719967917,1.85967109216648,1
47,"n1400-b1_2-b2_2p5-b3_2p8",1400,2,462,1,1,0.6931472,0.9162907,1.029619,1.5,1.8,1,1.3,0.07,471,254,478,197,FALSE,NA,TRUE,NA,0.702898455005778,0.00975125500577789,0.00975125500577789,0.00975125500577789,9.50869741877084e-05,0.487933659979593,0.918981595273467,1,1.0128314427672,0.0965407427672009,0.0965407427672009,0.0965407427672009,0.00932011501404286,0.819552924856947,1.21012048487331,1,0.957149886082911,-0.0724691139170888,0.0724691139170888,0.0724691139170888,0.00525177247192799,0.692111348818856,1.21733464691449,1,1.47603173461104,-0.023968265388959,0.023968265388959,0.023968265388959,0.000574477745755571,1.4215792143122,1.52847862063584,1,1.79050402398692,-0.00949597601308461,0.00949597601308461,0.00949597601308461,9.01735604410782e-05,1.74481049585008,1.8510902929224,1
47,"n1400-b1_2-b2_2p5-b3_2p8",1400,3,463,1,1,0.6931472,0.9162907,1.029619,1.5,1.8,1,1.3,0.0592857142857143,494,214,450,242,FALSE,NA,TRUE,NA,0.71730877543139,0.0241615754313899,0.0241615754313899,0.0241615754313899,0.000583781727326742,0.518811543101358,0.917935385567066,1,0.872500308843135,-0.0437903911568654,0.0437903911568654,0.0437903911568654,0.00191759835767128,0.695529325116872,1.05119281952331,1,1.09519840633156,0.0655794063315589,0.0655794063315589,0.0655794063315589,0.00430065853479971,0.847589256561057,1.34287696290115,1,1.49731409210899,-0.00268590789100909,0.00268590789100909,0.00268590789100909,7.21410119898488e-06,1.44659373722793,1.54312459278103,1,1.74829533643288,-0.0517046635671152,0.0517046635671152,0.0517046635671152,0.00267337223458857,1.69857511093837,1.822267780816,1
47,"n1400-b1_2-b2_2p5-b3_2p8",1400,4,464,1,1,0.6931472,0.9162907,1.029619,1.5,1.8,1,1.3,0.0878571428571429,448,240,470,242,FALSE,NA,TRUE,NA,0.729582187095171,0.0364349870951711,0.0364349870951711,0.0364349870951711,0.00132750828462529,0.525718886828857,0.934378120398785,1,0.984678941300517,0.0683882413005169,0.0683882413005169,0.0683882413005169,0.00467695154817773,0.799473338467996,1.17358486059473,1,1.01618621845321,-0.013432781546791,0.013432781546791,0.013432781546791,0.000180439620083807,0.76176271879648,1.26544306048802,1,1.50557223102726,0.00557223102726168,0.00557223102726168,0.00557223102726168,3.10497586211777e-05,1.47198811223577,1.55701835888848,1,1.80809353803191,0.00809353803191182,0.00809353803191182,0.00809353803191182,6.5505357874003e-05,1.78576972645476,1.85058186756029,1
47,"n1400-b1_2-b2_2p5-b3_2p8",1400,5,465,1,1,0.6931472,0.9162907,1.029619,1.5,1.8,1,1.3,0.0771428571428572,472,248,436,244,FALSE,NA,TRUE,NA,0.668956037762708,-0.0241911622372916,0.0241911622372916,0.0241911622372916,0.000585212330390961,0.471541761306028,0.868510890750343,1,0.914186912697194,-0.00210378730280647,0.00210378730280647,0.00210378730280647,4.42592101544972e-06,0.735410030471607,1.09509237272818,1,0.969382190601941,-0.0602368093980592,0.0602368093980592,0.0602368093980592,0.00362847320645811,0.7237508669477,1.21672026465521,1,1.49666441911319,-0.00333558088680874,0.00333558088680874,0.00333558088680874,1.11260998524438e-05,1.47827068583723,1.52786920321943,1,1.80371077755389,0.00371077755389426,0.00371077755389426,0.00371077755389426,1.37698700544855e-05,1.78057051898667,1.83755804914373,1
47,"n1400-b1_2-b2_2p5-b3_2p8",1400,6,466,1,1,0.6931472,0.9162907,1.029619,1.5,1.8,1,1.3,0.0735714285714286,430,248,459,263,FALSE,NA,TRUE,NA,0.607560904638182,-0.0855862953618183,0.0855862953618183,0.0855862953618183,0.0073250139537604,0.413006592372194,0.804903741748128,1,0.869274259344084,-0.047016440655916,0.047016440655916,0.047016440655916,0.00221054569195127,0.69230244477648,1.04898480793228,1,1.05448374573733,0.0248647457373277,0.0248647457373277,0.0248647457373277,0.000618255580581954,0.8014691260262,1.30450731144567,1,1.40490421328233,-0.0950957867176703,0.0950957867176703,0.0950957867176703,0.00904320865145263,1.2910787079685,1.51105511413013,1,1.73613732805065,-0.063862671949346,0.063862671949346,0.063862671949346,0.00407844086850979,1.62811534993799,1.8340736704489,1
47,"n1400-b1_2-b2_2p5-b3_2p8",1400,7,467,1,1,0.6931472,0.9162907,1.029619,1.5,1.8,1,1.3,0.0735714285714286,452,259,472,217,FALSE,NA,TRUE,NA,0.809977467625901,0.116830267625901,0.116830267625901,0.116830267625901,0.0136493114335397,0.603168701124473,1.01860732927275,1,1.01724896706023,0.100958267060227,0.100958267060227,0.100958267060227,0.0101925716878042,0.830409793729926,1.20913117489521,1,0.90387201506553,-0.12574698493447,0.12574698493447,0.12574698493447,0.0158123042201099,0.65098373406628,1.15421174231566,1,1.52969333009419,0.0296933300941906,0.0296933300941906,0.0296933300941906,0.000881693852082566,1.46027321699341,1.59727196257994,1,1.75009659585023,-0.0499034041497732,0.0499034041497732,0.0499034041497732,0.0024903497457356,1.71440174558755,1.82805949098621,1
47,"n1400-b1_2-b2_2p5-b3_2p8",1400,8,468,1,1,0.6931472,0.9162907,1.029619,1.5,1.8,1,1.3,0.085,454,230,476,240,FALSE,NA,TRUE,NA,0.650972656319717,-0.0421745436802829,0.0421745436802829,0.0421745436802829,0.00177869213464009,0.44731110463592,0.854896510773761,1,0.84312758126553,-0.0731631187344698,0.0731631187344698,0.0731631187344698,0.00535284194295412,0.666084279278851,1.02269904425517,1,1.26266583720278,0.23304683720278,0.23304683720278,0.23304683720278,0.0543108283302192,1.01036029874386,1.52014607065238,1,1.55616243062008,0.0561624306200807,0.0561624306200807,0.0561624306200807,0.00315421861315538,1.49054436488568,1.64244544561472,1,1.84369458191149,0.0436945819114851,0.0436945819114851,0.0436945819114851,0.00190921648841948,1.79551855848302,1.90202926226937,1
47,"n1400-b1_2-b2_2p5-b3_2p8",1400,9,469,1,1,0.6931472,0.9162907,1.029619,1.5,1.8,1,1.3,0.0821428571428572,486,230,435,249,FALSE,NA,TRUE,NA,0.874947100228518,0.181799900228518,0.181799900228518,0.181799900228518,0.033051203723099,0.669060589382993,1.08299009010791,1,0.95108242716251,0.0347917271625097,0.0347917271625097,0.0347917271625097,0.00121046427895051,0.768928979265026,1.13479635189245,1,0.960488357478096,-0.0691306425219042,0.0691306425219042,0.0691306425219042,0.0047790457354913,0.703821735896295,1.21013509128833,1,1.49517514752265,-0.00482485247735109,0.00482485247735109,0.00482485247735109,2.3279201428201e-05,1.48163262499336,1.52092942692986,1,1.79460395128228,-0.00539604871771537,0.00539604871771537,0.00539604871771537,2.91173417639577e-05,1.78039406673245,1.8155289214439,1
47,"n1400-b1_2-b2_2p5-b3_2p8",1400,10,470,1,1,0.6931472,0.9162907,1.029619,1.5,1.8,1,1.3,0.0764285714285714,488,212,475,225,FALSE,NA,TRUE,NA,0.672366975129856,-0.0207802248701442,0.0207802248701442,0.0207802248701442,0.000431817745653759,0.458656138867725,0.884016329793473,1,0.986536079326914,0.0702453793269137,0.0702453793269137,0.0702453793269137,0.00493441331678199,0.802392913912364,1.17269340502453,1,0.982010484329269,-0.047608515670731,0.047608515670731,0.047608515670731,0.00226657076437024,0.725650974241961,1.23970884450426,1,1.52250677439752,0.0225067743975171,0.0225067743975171,0.0225067743975171,0.000506554893780733,1.47819991290699,1.66849381077144,1,1.81122647262769,0.0112264726276889,0.0112264726276889,0.0112264726276889,0.000126033687660249,1.75681902594748,1.88843858465493,1
48,"n1400-b1_2-b2_2p5-b3_2p8",1400,1,471,1,1,0.6931472,0.9162907,1.029619,1.5,1.8,1,1.3,0.0657142857142857,481,225,446,248,FALSE,NA,TRUE,NA,0.667116339195265,-0.026030860804735,0.026030860804735,0.026030860804735,0.000677605714235491,0.467003499584564,0.868269205151338,1,0.877949593051622,-0.0383411069483781,0.0383411069483781,0.0383411069483781,0.00147004048202697,0.699827650807245,1.0561287229554,1,1.02788155470236,-0.00173744529763709,0.00173744529763709,0.00173744529763709,3.01871616228122e-06,0.779254364969181,1.27813159732793,1,1.39927723440514,-0.100722765594864,0.100722765594864,0.100722765594864,0.0101450755090779,1.34049855373747,1.50216236970501,1,1.7478012776306,-0.0521987223694029,0.0521987223694029,0.0521987223694029,0.00272470661699801,1.69272213751317,1.84192565656405,1
48,"n1400-b1_2-b2_2p5-b3_2p8",1400,2,472,1,1,0.6931472,0.9162907,1.029619,1.5,1.8,1,1.3,0.0785714285714286,456,229,463,252,FALSE,NA,TRUE,NA,0.794966265696492,0.101819065696492,0.101819065696492,0.101819065696492,0.0103671221393065,0.590438641783786,0.99711080889204,1,0.993671704396862,0.0773810043968625,0.0773810043968625,0.0773810043968625,0.00598781984146725,0.817378142468165,1.17295175074021,1,0.997391279003607,-0.0322277209963935,0.0322277209963935,0.0322277209963935,0.00103862600062138,0.748838239907382,1.25094619382014,1,1.51325160609876,0.0132516060987644,0.0132516060987644,0.0132516060987644,0.00017560506419681,1.49800435478908,1.53487832072537,1,1.80433512762733,0.00433512762732891,0.00433512762732891,0.00433512762732891,1.87933315452303e-05,1.77477811596206,1.83760874790701,1
48,"n1400-b1_2-b2_2p5-b3_2p8",1400,3,473,1,1,0.6931472,0.9162907,1.029619,1.5,1.8,1,1.3,0.0685714285714286,485,226,469,220,FALSE,NA,TRUE,NA,0.796708017346321,0.103560817346321,0.103560817346321,0.103560817346321,0.010724842889438,0.590454857510788,0.99963594825267,1,0.923148431695343,0.00685773169534276,0.00685773169534276,0.00685773169534276,4.70284840053087e-05,0.740202302746066,1.11185106011795,1,0.929906500033186,-0.0997124999668138,0.0997124999668138,0.0997124999668138,0.00994258264963183,0.675472066315001,1.17969569832556,1,1.53217779798437,0.0321777979843705,0.0321777979843705,0.0321777979843705,0.00103541068312296,1.49407087407353,1.62173405697086,1,1.78298931046127,-0.0170106895387265,0.0170106895387265,0.0170106895387265,0.00028936355858294,1.68601801291963,1.85476149093996,1
48,"n1400-b1_2-b2_2p5-b3_2p8",1400,4,474,1,1,0.6931472,0.9162907,1.029619,1.5,1.8,1,1.3,0.0728571428571428,481,213,471,235,FALSE,NA,TRUE,NA,0.401161374624507,-0.291985825375493,0.291985825375493,0.291985825375493,0.0852557222202077,0.192029878152232,0.609136963509421,0,0.802566160955128,-0.113724539044872,0.113724539044872,0.113724539044872,0.0129332707809686,0.626409000096369,0.98387264922184,1,1.32152308374446,0.291904083744461,0.291904083744461,0.291904083744461,0.0852079941066933,1.0682774336997,1.57785844072326,0,1.50095915887341,0.000959158873410138,0.000959158873410138,0.000959158873410138,9.19985744441404e-07,1.47679544351748,1.57236089831282,1,1.79171265907256,-0.00828734092744421,0.00828734092744421,0.00828734092744421,6.86800196476918e-05,1.68324316160903,1.83230957185603,1
48,"n1400-b1_2-b2_2p5-b3_2p8",1400,5,475,1,1,0.6931472,0.9162907,1.029619,1.5,1.8,1,1.3,0.0621428571428572,496,243,454,207,FALSE,NA,TRUE,NA,0.679151281775235,-0.0139959182247654,0.0139959182247654,0.0139959182247654,0.000195885726954321,0.478523313482279,0.881396985637517,1,0.765148045872517,-0.151142654127483,0.151142654127483,0.151142654127483,0.0228441018966999,0.58126532075439,0.953361358017723,1,1.04038456217352,0.0107655621735163,0.0107655621735163,0.0107655621735163,0.000115897328911845,0.79186738357879,1.28705131336298,1,1.51409665140782,0.0140966514078187,0.0140966514078187,0.0140966514078187,0.000198715580913556,1.4907131745362,1.5507585786804,1,1.83713285310626,0.0371328531062594,0.0371328531062594,0.0371328531062594,0.00137884877981104,1.7898317201954,1.89860586324962,1
48,"n1400-b1_2-b2_2p5-b3_2p8",1400,6,476,1,1,0.6931472,0.9162907,1.029619,1.5,1.8,1,1.3,0.0742857142857143,468,220,454,258,FALSE,NA,TRUE,NA,0.646783939580306,-0.0463632604196935,0.0463632604196935,0.0463632604196935,0.00214955191674432,0.446688761142401,0.845386195518984,1,0.810281054794919,-0.106009645205081,0.106009645205081,0.106009645205081,0.0112380448765072,0.636378025838856,0.982142067657185,1,1.20930304077074,0.179684040770743,0.179684040770743,0.179684040770743,0.0322863545077019,0.960760316808409,1.45982252315337,1,1.40561121273224,-0.0943887872677609,0.0943887872677609,0.0943887872677609,0.00890924316187862,1.35666374441962,1.48390073650537,0,1.76767940058922,-0.032320599410776,0.032320599410776,0.032320599410776,0.00104462114627186,1.71765458450129,1.84364781504698,1
48,"n1400-b1_2-b2_2p5-b3_2p8",1400,7,477,1,1,0.6931472,0.9162907,1.029619,1.5,1.8,1,1.3,0.0757142857142857,456,235,482,227,FALSE,NA,TRUE,NA,0.670094036648496,-0.023053163351504,0.023053163351504,0.023053163351504,0.000531448340511126,0.462217275560145,0.877154100429736,1,0.937723052196689,0.0214323521966893,0.0214323521966893,0.0214323521966893,0.000459345720682931,0.755539701566759,1.12300008397772,1,1.12601523253032,0.0963962325303229,0.0963962325303229,0.0963962325303229,0.00929223364604009,0.870460310390896,1.37897329205119,1,1.51353760272036,0.01353760272036,0.01353760272036,0.01353760272036,0.000183266687414298,1.47889266404576,1.55822161460678,1,1.78513647657125,-0.0148635234287493,0.0148635234287493,0.0148635234287493,0.000220924328716979,1.7321729739504,1.84645796960247,1
48,"n1400-b1_2-b2_2p5-b3_2p8",1400,8,478,1,1,0.6931472,0.9162907,1.029619,1.5,1.8,1,1.3,0.07,479,231,473,217,FALSE,NA,TRUE,NA,0.730350820642412,0.0372036206424116,0.0372036206424116,0.0372036206424116,0.00138410938890447,0.524379975802258,0.940803645797292,1,0.956478905589213,0.0401882055892128,0.0401882055892128,0.0401882055892128,0.00161509186848083,0.768870693839528,1.14551956966059,1,1.0664090720368,0.0367900720367988,0.0367900720367988,0.0367900720367988,0.00135350940047285,0.808594623795258,1.32271180049609,1,1.48684453369282,-0.0131554663071753,0.0131554663071753,0.0131554663071753,0.000173066293759226,1.47242727822488,1.51638443451889,1,1.82131994747806,0.021319947478063,0.021319947478063,0.021319947478063,0.000454540160467364,1.79630294134607,1.8514142393557,1
48,"n1400-b1_2-b2_2p5-b3_2p8",1400,9,479,1,1,0.6931472,0.9162907,1.029619,1.5,1.8,1,1.3,0.075,452,239,488,221,FALSE,NA,TRUE,NA,0.595212964563763,-0.0979342354362369,0.0979342354362369,0.0979342354362369,0.00959111447048028,0.390560121999335,0.801825126577435,1,0.840451203147835,-0.0758394968521655,0.0758394968521655,0.0758394968521655,0.00575162928278962,0.66460345992263,1.02212799839178,1,1.21543967984632,0.185820679846319,0.185820679846319,0.185820679846319,0.0345293250585481,0.961364066425316,1.46733277985366,1,1.50617212854408,0.00617212854407589,0.00617212854407589,0.00617212854407589,3.80951707645964e-05,1.46018933410494,1.5535305461705,1,1.78309022633999,-0.0169097736600083,0.0169097736600083,0.0169097736600083,0.000285940445232712,1.73510157634551,1.85892538351434,1
48,"n1400-b1_2-b2_2p5-b3_2p8",1400,10,480,1,1,0.6931472,0.9162907,1.029619,1.5,1.8,1,1.3,0.0707142857142857,508,249,426,217,FALSE,NA,TRUE,NA,0.550245466847194,-0.142901733152806,0.142901733152806,0.142901733152806,0.0204209053380757,0.352269515282646,0.751506526616078,1,0.721505044965108,-0.194785655034892,0.194785655034892,0.194785655034892,0.0379414514073719,0.536469982126996,0.90709478807651,0,1.23867850321547,0.209059503215469,0.209059503215469,0.209059503215469,0.0437058758846988,0.984707553799781,1.49114578455857,1,1.5134522156127,0.0134522156126962,0.0134522156126962,0.0134522156126962,0.000180962104890466,1.4910788257451,1.56381153462824,1,1.83055170483675,0.0305517048367461,0.0305517048367461,0.0305517048367461,0.000933406668431653,1.76830074075128,1.91604141120699,1
49,"n1400-b1_2-b2_2p5-b3_2p8",1400,1,481,1,1,0.6931472,0.9162907,1.029619,1.5,1.8,1,1.3,0.0714285714285714,470,227,469,234,FALSE,NA,TRUE,NA,0.31440108650344,-0.37874611349656,0.37874611349656,0.37874611349656,0.143448618488749,0.108597912553201,0.518557855105256,0,0.825624141240427,-0.0906665587595729,0.0906665587595729,0.0906665587595729,0.00822042487730308,0.649442009940781,1.00589761235709,1,1.22582826868105,0.196209268681054,0.196209268681054,0.196209268681054,0.038498077116354,0.972679230790972,1.47640029925091,1,1.47422115679865,-0.0257788432013528,0.0257788432013528,0.0257788432013528,0.000664548756799935,1.42498731473148,1.50799881951475,1,1.79491251062503,-0.00508748937497017,0.00508748937497017,0.00508748937497017,2.58825481404343e-05,1.67865365730794,1.84355916821456,1
49,"n1400-b1_2-b2_2p5-b3_2p8",1400,2,482,1,1,0.6931472,0.9162907,1.029619,1.5,1.8,1,1.3,0.0842857142857143,469,235,445,251,FALSE,NA,TRUE,NA,0.957527505832553,0.264380305832553,0.264380305832553,0.264380305832553,0.0698969461121142,0.749896961003382,1.16474752375752,0,1.16170691423347,0.245416214233468,0.245416214233468,0.245416214233468,0.0602291182086876,0.974957735650125,1.35408627286569,0,0.880832208837076,-0.148786791162924,0.148786791162924,0.148786791162924,0.0221375092245597,0.625193795151706,1.13384899323596,1,1.50756613666906,0.00756613666905848,0.00756613666905848,0.00756613666905848,5.72464240948713e-05,1.45869877473416,1.57137634887894,1,1.8108943648606,0.0108943648606035,0.0108943648606035,0.0108943648606035,0.000118687185715952,1.79284946347196,1.86879758824928,1
49,"n1400-b1_2-b2_2p5-b3_2p8",1400,3,483,1,1,0.6931472,0.9162907,1.029619,1.5,1.8,1,1.3,0.0692857142857143,460,230,451,259,FALSE,NA,TRUE,NA,0.813256676595379,0.120109476595379,0.120109476595379,0.120109476595379,0.0144262863680158,0.616337505930124,1.01111789589646,1,1.02875787592234,0.112467175922336,0.112467175922336,0.112467175922336,0.0126488656599457,0.852834806085198,1.20985697440527,1,1.02161292925906,-0.0080060707409404,0.0080060707409404,0.0080060707409404,6.40971687089419e-05,0.77239860756089,1.26861588189588,1,1.52898753787391,0.0289875378739135,0.0289875378739135,0.0289875378739135,0.00084027735199157,1.4934506461956,1.56444260963722,1,1.85417536653842,0.0541753665384164,0.0541753665384164,0.0541753665384164,0.00293497033957176,1.80872991619555,1.88405813812413,0
49,"n1400-b1_2-b2_2p5-b3_2p8",1400,4,484,1,1,0.6931472,0.9162907,1.029619,1.5,1.8,1,1.3,0.0728571428571428,503,250,436,211,FALSE,NA,TRUE,NA,0.595991815601908,-0.097155384398092,0.097155384398092,0.097155384398092,0.00943916871754102,0.389475757225564,0.803378219478546,1,0.810591711533914,-0.105698988466086,0.105698988466086,0.105698988466086,0.0111722761627538,0.623336577940483,1.00154441877591,1,1.25500320535021,0.225384205350206,0.225384205350206,0.225384205350206,0.0507980400213436,0.992311939418642,1.51112119749939,1,1.48752354456572,-0.0124764554342791,0.0124764554342791,0.0124764554342791,0.000155661940203553,1.46099895197752,1.51958639984915,1,1.72265075144637,-0.0773492485536271,0.0773492485536271,0.0773492485536271,0.00598290625181079,1.69421957201118,1.76327872296502,0
49,"n1400-b1_2-b2_2p5-b3_2p8",1400,5,485,1,1,0.6931472,0.9162907,1.029619,1.5,1.8,1,1.3,0.08,470,247,451,232,FALSE,NA,TRUE,NA,0.521645133617379,-0.171502066382621,0.171502066382621,0.171502066382621,0.0294129587735088,0.32352050096883,0.723815215725981,1,0.854877441383355,-0.0614132586166447,0.0614132586166447,0.0614132586166447,0.00377158833391489,0.676363564408391,1.04108580921533,1,1.10460732124244,0.0749883212424427,0.0749883212424427,0.0749883212424427,0.00562324832275978,0.857885233024552,1.34759731348099,1,1.50613990978985,0.00613990978985379,0.00613990978985379,0.00613990978985379,3.76984922275424e-05,1.47920543912418,1.53798051579353,1,1.80887332484107,0.00887332484106729,0.00887332484106729,0.00887332484106729,7.87358937351018e-05,1.77292367993448,1.84783535213673,1
49,"n1400-b1_2-b2_2p5-b3_2p8",1400,6,486,1,1,0.6931472,0.9162907,1.029619,1.5,1.8,1,1.3,0.0635714285714286,471,233,480,216,FALSE,NA,TRUE,NA,0.667772147137809,-0.0253750528621907,0.0253750528621907,0.0253750528621907,0.00064389330775897,0.464442191677982,0.874811280468,1,0.968551889689963,0.0522611896899625,0.0522611896899625,0.0522611896899625,0.00273123194781024,0.783008169668876,1.1546053882077,1,0.985888170264337,-0.0437308297356629,0.0437308297356629,0.0437308297356629,0.00191238546936954,0.732582534103541,1.23856357798931,1,1.49828039263502,-0.00171960736497634,0.00171960736497634,0.00171960736497634,2.95704948968087e-06,1.42857190922977,1.552501553521,1,1.82489810944848,0.024898109448483,0.024898109448483,0.024898109448483,0.00061991585410864,1.77844132896504,1.94389928274872,1
49,"n1400-b1_2-b2_2p5-b3_2p8",1400,7,487,1,1,0.6931472,0.9162907,1.029619,1.5,1.8,1,1.3,0.0657142857142857,470,229,485,216,FALSE,NA,TRUE,NA,0.645798748186309,-0.0473484518136913,0.0473484518136913,0.0473484518136913,0.00224187588915345,0.436970485187941,0.85438863483768,1,0.897061197128054,-0.0192295028719458,0.0192295028719458,0.0192295028719458,0.000369773780702172,0.715638540748337,1.08178694446746,1,1.02454152574292,-0.00507747425707716,0.00507747425707716,0.00507747425707716,2.57807448312813e-05,0.770568651244633,1.27618495689355,1,1.46544184270781,-0.0345581572921863,0.0345581572921863,0.0345581572921863,0.00119426623543149,1.43237721323406,1.54203631053129,1,1.72683763655418,-0.0731623634458205,0.0731623634458205,0.0731623634458205,0.00535273142497833,1.6352317304757,1.83504437709199,1
49,"n1400-b1_2-b2_2p5-b3_2p8",1400,8,488,1,1,0.6931472,0.9162907,1.029619,1.5,1.8,1,1.3,0.0714285714285714,458,246,472,224,FALSE,NA,TRUE,NA,0.746496909183805,0.0533497091838053,0.0533497091838053,0.0533497091838053,0.0028461914699966,0.541928392645076,0.953155763672303,1,0.961031435269371,0.0447407352693708,0.0447407352693708,0.0447407352693708,0.00200173339244392,0.775977389110257,1.1465272439021,1,1.05057279625013,0.0209537962501305,0.0209537962501305,0.0209537962501305,0.000439061577291983,0.799546911979686,1.30624236439945,1,1.52888726132955,0.0288872613295499,0.0288872613295499,0.0288872613295499,0.000834473867121708,1.49711849992549,1.58433811870361,1,1.82615131241297,0.0261513124129704,0.0261513124129704,0.0261513124129704,0.000683891140920781,1.78127496308682,1.90940726282147,1
49,"n1400-b1_2-b2_2p5-b3_2p8",1400,9,489,1,1,0.6931472,0.9162907,1.029619,1.5,1.8,1,1.3,0.0707142857142857,474,224,463,239,FALSE,NA,TRUE,NA,0.630391493568034,-0.0627557064319662,0.0627557064319662,0.0627557064319662,0.00393827868977512,0.427934694435567,0.833369470665556,1,0.903320717953952,-0.0129699820460476,0.0129699820460476,0.0129699820460476,0.000168220434274797,0.723864303721041,1.08341367105263,1,1.01189533607899,-0.0177236639210141,0.0177236639210141,0.0177236639210141,0.000314128262785057,0.760540700750459,1.26228259274828,1,1.49300728215771,-0.0069927178422946,0.0069927178422946,0.0069927178422946,4.88981028219453e-05,1.48280454290175,1.51238781144518,1,1.79809928547986,-0.00190071452014351,0.00190071452014351,0.00190071452014351,3.61271568708437e-06,1.78626195333379,1.82792459783008,1
49,"n1400-b1_2-b2_2p5-b3_2p8",1400,10,490,1,1,0.6931472,0.9162907,1.029619,1.5,1.8,1,1.3,0.0742857142857143,443,229,483,245,FALSE,NA,TRUE,NA,0.52420714147443,-0.16894005852557,0.16894005852557,0.16894005852557,0.028540743374623,0.324117425590209,0.725954106109441,1,0.910593891626293,-0.00569680837370745,0.00569680837370745,0.00569680837370745,3.24536256467433e-05,0.736994229009251,1.0904035996537,1,1.28976409962819,0.260145099628192,0.260145099628192,0.260145099628192,0.0676754728605621,1.03902759796949,1.54512822016031,0,1.530181933043,0.0301819330430015,0.0301819330430015,0.0301819330430015,0.000910949082212228,1.49852641870275,1.55835555131098,1,1.80440230006019,0.00440230006018849,0.00440230006018849,0.00440230006018849,1.93802458199356e-05,1.77480498305896,1.85454497417706,1
50,"n1400-b1_2-b2_2p5-b3_2p8",1400,1,491,1,1,0.6931472,0.9162907,1.029619,1.5,1.8,1,1.3,0.0864285714285714,476,251,439,234,FALSE,NA,TRUE,NA,0.759516490045075,0.0663692900450746,0.0663692900450746,0.0663692900450746,0.00440488266108724,0.556500939496283,0.962545460786902,1,0.929670613586082,0.0133799135860818,0.0133799135860818,0.0133799135860818,0.000179022087571017,0.746230948561848,1.11837716001345,1,0.844825917204123,-0.184793082795877,0.184793082795877,0.184793082795877,0.0341484834492039,0.595583376008317,1.09844022386554,1,1.50333292427458,0.00333292427457788,0.00333292427457788,0.00333292427457788,1.11083842200705e-05,1.44353821006443,1.59033223442217,1,1.76955812750662,-0.0304418724933797,0.0304418724933797,0.0304418724933797,0.000926707600903188,1.68451114959461,1.85102555573724,1
50,"n1400-b1_2-b2_2p5-b3_2p8",1400,2,492,1,1,0.6931472,0.9162907,1.029619,1.5,1.8,1,1.3,0.0878571428571429,484,200,460,256,FALSE,NA,TRUE,NA,0.777849085368486,0.0847018853684861,0.0847018853684861,0.0847018853684861,0.00717440938497616,0.568819788697517,0.989936114369918,1,0.937268229843023,0.0209775298430235,0.0209775298430235,0.0209775298430235,0.000440056758314941,0.759848501968622,1.11503438595718,1,0.907347088462607,-0.122271911537393,0.122271911537393,0.122271911537393,0.014950420351008,0.652412763127416,1.16283025189585,1,1.49957465419507,-0.000425345804931032,0.000425345804931032,0.000425345804931032,1.80919053772428e-07,1.47691326085935,1.54921364894851,1,1.79557572639777,-0.00442427360223485,0.00442427360223485,0.00442427360223485,1.95741969074322e-05,1.75054343443969,1.84923028983184,1
50,"n1400-b1_2-b2_2p5-b3_2p8",1400,3,493,1,1,0.6931472,0.9162907,1.029619,1.5,1.8,1,1.3,0.0764285714285714,429,243,483,245,FALSE,NA,TRUE,NA,0.740027671716759,0.0468804717167595,0.0468804717167595,0.0468804717167595,0.00219777862838588,0.536584660560689,0.943219159690272,1,0.921152799424625,0.00486209942462501,0.00486209942462501,0.00486209942462501,2.36400108149389e-05,0.744519172772506,1.10169565641421,1,0.931149236791386,-0.0984697632086142,0.0984697632086142,0.0984697632086142,0.00969629426636056,0.68113139546253,1.1769835533916,1,1.45775190193498,-0.0422480980650242,0.0422480980650242,0.0422480980650242,0.0017849017901119,1.37665272702477,1.52955437558367,1,1.72296735922072,-0.0770326407792798,0.0770326407792798,0.0770326407792798,0.00593402774542957,1.64667163988382,1.82053948621977,1
50,"n1400-b1_2-b2_2p5-b3_2p8",1400,4,494,1,1,0.6931472,0.9162907,1.029619,1.5,1.8,1,1.3,0.0728571428571428,464,237,447,252,FALSE,NA,TRUE,NA,0.842143406459935,0.148996206459935,0.148996206459935,0.148996206459935,0.0221998695394516,0.64059364864566,1.04218057344316,1,0.987851152223799,0.0715604522237991,0.0715604522237991,0.0715604522237991,0.00512089832247464,0.809392280712916,1.16934114090856,1,0.83215341558917,-0.19746558441083,0.19746558441083,0.19746558441083,0.0389926570267107,0.585911677451737,1.0812571717532,1,1.48508197374192,-0.0149180262580768,0.0149180262580768,0.0149180262580768,0.000222547507436669,1.44381442310624,1.55786655816777,1,1.74612880016449,-0.0538711998355086,0.0538711998355086,0.0538711998355086,0.0029021061717173,1.69080337262893,1.83061683311496,1
50,"n1400-b1_2-b2_2p5-b3_2p8",1400,5,495,1,1,0.6931472,0.9162907,1.029619,1.5,1.8,1,1.3,0.0814285714285714,492,182,469,257,FALSE,NA,TRUE,NA,0.811975970565762,0.118828770565762,0.118828770565762,0.118828770565762,0.0141202767141705,0.598070275030067,1.02365862486556,1,0.912222112681933,-0.0040685873180667,0.0040685873180667,0.0040685873180667,1.65534027647332e-05,0.738747434364852,1.08961033603,1,0.856463911157444,-0.173155088842556,0.173155088842556,0.173155088842556,0.0299826847920734,0.59723649812517,1.11389543975965,1,1.58293477699988,0.0829347769998812,0.0829347769998812,0.0829347769998812,0.00687817723602002,1.50849112115674,1.65455134715663,0,1.86342342189008,0.0634234218900758,0.0634234218900758,0.0634234218900758,0.00402253044424654,1.74966571178871,1.92034502099075,1
50,"n1400-b1_2-b2_2p5-b3_2p8",1400,6,496,1,1,0.6931472,0.9162907,1.029619,1.5,1.8,1,1.3,0.0785714285714286,440,268,451,241,FALSE,NA,TRUE,NA,0.565590236643099,-0.127556963356901,0.127556963356901,0.127556963356901,0.0162707789008338,0.368977897783115,0.760050634062595,1,0.828450923021191,-0.0878397769788093,0.0878397769788093,0.0878397769788093,0.00771582641968695,0.653322865526796,1.00612648903018,1,1.102215149171,0.0725961491709972,0.0725961491709972,0.0725961491709972,0.00527020087445768,0.855997854323647,1.34611983371261,1,1.49499178709978,-0.00500821290021891,0.00500821290021891,0.00500821290021891,2.50821964539191e-05,1.45474214811827,1.55181922377789,1,1.79309763134634,-0.00690236865366312,0.00690236865366312,0.00690236865366312,4.76426930310712e-05,1.74847289548129,1.86427212941984,1
50,"n1400-b1_2-b2_2p5-b3_2p8",1400,7,497,1,1,0.6931472,0.9162907,1.029619,1.5,1.8,1,1.3,0.0607142857142857,471,215,469,245,FALSE,NA,TRUE,NA,0.609576895381255,-0.0835703046187454,0.0835703046187454,0.0835703046187454,0.00698399581406989,0.404638386710738,0.815176866041144,1,0.845035730762841,-0.0712549692371588,0.0712549692371588,0.0712549692371588,0.00507727064098845,0.667978689458529,1.02235248404198,1,1.12590468543119,0.0962856854311915,0.0962856854311915,0.0962856854311915,0.00927093321895437,0.869413200002374,1.37770586413979,1,1.46500645227518,-0.0349935477248153,0.0349935477248153,0.0349935477248153,0.00122454838236893,1.40604213813972,1.52951965856437,1,1.68271350237986,-0.117286497620142,0.117286497620142,0.117286497620142,0.0137561225239995,1.64224368397716,1.74864911025984,0
50,"n1400-b1_2-b2_2p5-b3_2p8",1400,8,498,1,1,0.6931472,0.9162907,1.029619,1.5,1.8,1,1.3,0.0871428571428572,444,231,472,253,FALSE,NA,TRUE,NA,0.778951249528805,0.0858040495288055,0.0858040495288055,0.0858040495288055,0.00736233491554171,0.579351638103532,0.976823919493709,1,0.928056602484411,0.011765902484411,0.011765902484411,0.011765902484411,0.000138436461272669,0.751345964448293,1.11103377481376,1,1.05341228200442,0.0237932820044227,0.0237932820044227,0.0237932820044227,0.000566120268541983,0.800486810950784,1.30473240678572,1,1.50438433183192,0.00438433183192255,0.00438433183192255,0.00438433183192255,1.92223656124093e-05,1.49080604847803,1.54110557456311,1,1.80153791107191,0.00153791107190648,0.00153791107190648,0.00153791107190648,2.36517046509255e-06,1.76987232598106,1.85236343529475,1
50,"n1400-b1_2-b2_2p5-b3_2p8",1400,9,499,1,1,0.6931472,0.9162907,1.029619,1.5,1.8,1,1.3,0.0707142857142857,458,218,462,262,FALSE,NA,TRUE,NA,0.664713501056623,-0.0284336989433774,0.0284336989433774,0.0284336989433774,0.000808475235602623,0.461903537502291,0.868076332028356,1,0.820079865033822,-0.096210834966178,0.096210834966178,0.096210834966178,0.00925652476488914,0.64890656420362,0.992643339831897,1,1.06664340974174,0.0370244097417378,0.0370244097417378,0.0370244097417378,0.00137080691672409,0.820351411973393,1.31620328919589,1,1.46977055179641,-0.0302294482035856,0.0302294482035856,0.0302294482035856,0.000913819538693267,1.39687956741265,1.55004073060962,1,1.79154627879976,-0.00845372120024468,0.00845372120024468,0.00845372120024468,7.14654021314663e-05,1.75644045813749,1.84287284480045,1
50,"n1400-b1_2-b2_2p5-b3_2p8",1400,10,500,1,1,0.6931472,0.9162907,1.029619,1.5,1.8,1,1.3,0.07,479,233,453,235,FALSE,NA,TRUE,NA,0.765344143007022,0.0721969430070224,0.0721969430070224,0.0721969430070224,0.00521239857955924,0.563880756565459,0.969829761279816,1,0.878305647561699,-0.0379850524383011,0.0379850524383011,0.0379850524383011,0.00144286420874048,0.699743851573589,1.05919014809929,1,0.855945044081451,-0.173673955918549,0.173673955918549,0.173673955918549,0.030162642964398,0.606158028390779,1.10245578200668,1,1.4893037864159,-0.0106962135841042,0.0106962135841042,0.0106962135841042,0.000114408985036776,1.45515561653562,1.51568944327745,1,1.78441860302569,-0.0155813969743066,0.0155813969743066,0.0155813969743066,0.000242779931670931,1.75468845482983,1.84513027084428,1
