"replicate_index","scenario_label","data_n","data_set_index","global_data_set_index","data_set_attempt","start_index","true_beta_1","true_beta_2","true_beta_3","true_gamma_1","true_gamma_2","gamma_start_1","gamma_start_2","censoring_proportion","treated_above","treated_below","control_above","control_below","skipped","skip_reason","converged","error","beta_1_value","beta_1_bias","beta_1_absolute_bias","beta_1_rmse","beta_1_squared_bias","beta_1_interval_lower","beta_1_interval_upper","beta_1_covered","beta_2_value","beta_2_bias","beta_2_absolute_bias","beta_2_rmse","beta_2_squared_bias","beta_2_interval_lower","beta_2_interval_upper","beta_2_covered","beta_3_value","beta_3_bias","beta_3_absolute_bias","beta_3_rmse","beta_3_squared_bias","beta_3_interval_lower","beta_3_interval_upper","beta_3_covered","gamma_1_value","gamma_1_bias","gamma_1_absolute_bias","gamma_1_rmse","gamma_1_squared_bias","gamma_1_interval_lower","gamma_1_interval_upper","gamma_1_covered","gamma_2_value","gamma_2_bias","gamma_2_absolute_bias","gamma_2_rmse","gamma_2_squared_bias","gamma_2_interval_lower","gamma_2_interval_upper","gamma_2_covered"
1,"n1400-b1_1-b2_2p5-b3_2p5",1400,1,1,1,1,0,0.9162907,0.9162907,1.5,1.8,1,1.3,0.105,461,219,472,248,FALSE,NA,TRUE,NA,0.0739273666127295,0.0739273666127295,0.0739273666127295,0.0739273666127295,0.00546525553429292,-0.133106783550051,0.282885964524268,1,0.834547003179766,-0.0817436968202341,0.0817436968202341,0.0817436968202341,0.00668203196983835,0.658794686217439,1.01404245880848,1,0.909323873992965,-0.00696682600703535,0.00696682600703535,0.00696682600703535,4.85366646123042e-05,0.660253466650086,1.15659992148349,1,1.4846356188489,-0.0153643811511004,0.0153643811511004,0.0153643811511004,0.000236064208156289,1.45803671396908,1.53091469976753,1,1.77896154398673,-0.0210384560132737,0.0210384560132737,0.0210384560132737,0.000442616631422452,1.73570238042994,1.82507098887317,1
1,"n1400-b1_1-b2_2p5-b3_2p5",1400,2,2,1,1,0,0.9162907,0.9162907,1.5,1.8,1,1.3,0.100714285714286,443,230,495,232,FALSE,NA,TRUE,NA,-0.104557469631687,-0.104557469631687,0.104557469631687,0.104557469631687,0.0109322644557811,-0.316989735116476,0.106327398543475,1,0.916166829404248,-0.000123870595751585,0.000123870595751585,0.000123870595751585,1.53439244918526e-08,0.735078138168738,1.09808753293837,1,1.06013051654326,0.143839816543258,0.143839816543258,0.143839816543258,0.0206898928231982,0.809746080281576,1.31616721477363,1,1.41996057776328,-0.0800394222367165,0.0800394222367165,0.0800394222367165,0.00640630911198738,1.37860479209465,1.47876030913034,0,1.72489205915745,-0.0751079408425532,0.0751079408425532,0.0751079408425532,0.00564120277760848,1.64504321588443,1.81672709206012,1
1,"n1400-b1_1-b2_2p5-b3_2p5",1400,3,3,1,1,0,0.9162907,0.9162907,1.5,1.8,1,1.3,0.0921428571428572,468,220,478,234,FALSE,NA,TRUE,NA,-0.0418774143115427,-0.0418774143115427,0.0418774143115427,0.0418774143115427,0.0017537178294206,-0.254134169972876,0.171200819947985,1,0.966974649031975,0.0506839490319746,0.0506839490319746,0.0506839490319746,0.0025688626894758,0.792549987739697,1.14759054992783,1,0.871549185918779,-0.0447415140812213,0.0447415140812213,0.0447415140812213,0.00200180308228012,0.615593112942604,1.12200292020964,1,1.51743709924014,0.0174370992401358,0.0174370992401358,0.0174370992401358,0.000304052429910345,1.46994901439852,1.61611282150449,1,1.82768154502833,0.0276815450283281,0.0276815450283281,0.0276815450283281,0.000766267935155356,1.77438149251545,1.92374559610323,1
1,"n1400-b1_1-b2_2p5-b3_2p5",1400,4,4,1,1,0,0.9162907,0.9162907,1.5,1.8,1,1.3,0.113571428571429,416,257,486,241,FALSE,NA,TRUE,NA,0.312487237825234,0.312487237825234,0.312487237825234,0.312487237825234,0.0976482738036442,0.106634775507155,0.520497179751614,0,1.20935655726416,0.293065857264157,0.293065857264157,0.293065857264157,0.0858875966939751,1.0252341681223,1.40156875721469,0,0.506185781577637,-0.410104918422363,0.410104918422363,0.410104918422363,0.168186044114213,0.262581784602022,0.750175115246997,0,1.49915482756628,-0.000845172433722396,0.000845172433722396,0.000845172433722396,7.14316442724239e-07,1.43379031027127,1.52227469991894,1,1.78939019841319,-0.0106098015868101,0.0106098015868101,0.0106098015868101,0.000112567889711479,1.69848877549674,1.82794498934145,1
1,"n1400-b1_1-b2_2p5-b3_2p5",1400,5,5,1,1,0,0.9162907,0.9162907,1.5,1.8,1,1.3,0.105,449,228,489,234,FALSE,NA,TRUE,NA,-0.0971274400034881,-0.0971274400034881,0.0971274400034881,0.0971274400034881,0.00943373960163117,-0.310533296879652,0.115117520003846,1,0.907553133059373,-0.00873756694062655,0.00873756694062655,0.00873756694062655,7.634507604193e-05,0.731819846246546,1.0870255017541,1,0.997599311356517,0.081308611356517,0.081308611356517,0.081308611356517,0.00661109028072513,0.745792111938005,1.25176675706387,1,1.51857762297443,0.0185776229744281,0.0185776229744281,0.0185776229744281,0.000345128075379999,1.47532389597955,1.60789050548078,1,1.82340314350381,0.0234031435038127,0.0234031435038127,0.0234031435038127,0.000547707125860049,1.78391601337647,1.89688412560164,1
1,"n1400-b1_1-b2_2p5-b3_2p5",1400,6,6,1,1,0,0.9162907,0.9162907,1.5,1.8,1,1.3,0.095,475,246,437,242,FALSE,NA,TRUE,NA,-0.0707580374715007,-0.0707580374715007,0.0707580374715007,0.0707580374715007,0.0050066998668183,-0.274935233473785,0.129716608839362,1,0.806890688265119,-0.109400011734881,0.109400011734881,0.109400011734881,0.0119683625675921,0.631314032139063,0.986389152856663,1,0.928556256376026,0.0122655563760262,0.0122655563760262,0.0122655563760262,0.000150443873213477,0.68296547991207,1.17211723002724,1,1.49857183927897,-0.00142816072102803,0.00142816072102803,0.00142816072102803,2.03964304508729e-06,1.45415652556309,1.54962280741649,1,1.78545107764947,-0.0145489223505268,0.0145489223505268,0.0145489223505268,0.00021167114156166,1.72156582868361,1.85654079636567,1
1,"n1400-b1_1-b2_2p5-b3_2p5",1400,7,7,1,1,0,0.9162907,0.9162907,1.5,1.8,1,1.3,0.0978571428571429,475,237,442,246,FALSE,NA,TRUE,NA,0.0663265361702308,0.0663265361702308,0.0663265361702308,0.0663265361702308,0.00439920940034093,-0.136674134573143,0.268968774427899,1,0.840660672473072,-0.0756300275269276,0.0756300275269276,0.0756300275269276,0.00571990106372383,0.663897599431524,1.01886418976191,1,0.956764343425552,0.0404736434255519,0.0404736434255519,0.0404736434255519,0.00163811581213872,0.714791595173053,1.20527025646733,1,1.49201511030404,-0.00798488969595557,0.00798488969595557,0.00798488969595557,6.37584634565774e-05,1.47464559596102,1.51473524599337,1,1.80834772200064,0.00834772200063916,0.00834772200063916,0.00834772200063916,6.9684462599955e-05,1.79329422604824,1.83125159519097,1
1,"n1400-b1_1-b2_2p5-b3_2p5",1400,8,8,1,1,0,0.9162907,0.9162907,1.5,1.8,1,1.3,0.102142857142857,468,242,466,224,FALSE,NA,TRUE,NA,-0.0874143058267013,-0.0874143058267013,0.0874143058267013,0.0874143058267013,0.00764126086316406,-0.299499515346772,0.122312509329786,1,0.863009363035711,-0.0532813369642889,0.0532813369642889,0.0532813369642889,0.0028389008687021,0.677328090664787,1.04973639866218,1,0.985914423859481,0.0696237238594811,0.0696237238594811,0.0696237238594811,0.00484746292406128,0.734719241447965,1.24016941834723,1,1.47624829606372,-0.0237517039362827,0.0237517039362827,0.0237517039362827,0.000564143439876826,1.42808905780877,1.56808717231961,1,1.75550173770218,-0.0444982622978163,0.0444982622978163,0.0444982622978163,0.00198009534752526,1.69562009614823,1.83443918073855,1
1,"n1400-b1_1-b2_2p5-b3_2p5",1400,9,9,1,1,0,0.9162907,0.9162907,1.5,1.8,1,1.3,0.1,487,258,454,201,FALSE,NA,TRUE,NA,-0.0177319902891979,-0.0177319902891979,0.0177319902891979,0.0177319902891979,0.00031442347961621,-0.237264869944973,0.198330866095791,1,0.926719448827559,0.0104287488275594,0.0104287488275594,0.0104287488275594,0.000108758802108322,0.736295365627428,1.12114420514677,1,0.923922443123912,0.00763174312391179,0.00763174312391179,0.00763174312391179,5.82435031093749e-05,0.666287605748468,1.17931369907521,1,1.51254966378245,0.012549663782448,0.012549663782448,0.012549663782448,0.000157494061052488,1.43803542798451,1.57325433428647,1,1.76915286059813,-0.0308471394018717,0.0308471394018717,0.0308471394018717,0.000951546009278504,1.68863320023044,1.84817563178568,1
1,"n1400-b1_1-b2_2p5-b3_2p5",1400,10,10,1,1,0,0.9162907,0.9162907,1.5,1.8,1,1.3,0.105714285714286,472,251,460,217,FALSE,NA,TRUE,NA,0.0725995947573668,0.0725995947573668,0.0725995947573668,0.0725995947573668,0.00527070115893388,-0.136939457758088,0.285490097695031,1,1.03026989511962,0.113979195119615,0.113979195119615,0.113979195119615,0.0129912569201154,0.843854040995066,1.22051702130992,1,0.833787121915301,-0.0825035780846985,0.0825035780846985,0.0825035780846985,0.00680684039677795,0.57979999301049,1.08912495713511,1,1.51590837109799,0.0159083710979901,0.0159083710979901,0.0159083710979901,0.000253076270991368,1.44820552082946,1.58503942742623,1,1.79271037459426,-0.00728962540573952,0.00728962540573952,0.00728962540573952,5.3138638556003e-05,1.74371413793573,1.85517391187545,1
2,"n1400-b1_1-b2_2p5-b3_2p5",1400,1,11,1,1,0,0.9162907,0.9162907,1.5,1.8,1,1.3,0.107857142857143,484,245,434,237,FALSE,NA,TRUE,NA,0.0527937601268608,0.0527937601268608,0.0527937601268608,0.0527937601268608,0.00278718110833251,-0.155830704446995,0.25840074516261,1,0.821120126554459,-0.0951705734455415,0.0951705734455415,0.0951705734455415,0.0090574380499532,0.640986251531167,1.00525969109505,1,0.943289418111677,0.0269987181116768,0.0269987181116768,0.0269987181116768,0.000728930779673782,0.695388995440158,1.19208214527734,1,1.50280759242097,0.00280759242096806,0.00280759242096806,0.00280759242096806,7.88257520227731e-06,1.46337669514061,1.56123683654366,1,1.80023044188781,0.000230441887805855,0.000230441887805855,0.000230441887805855,5.3103463655526e-08,1.76728238459397,1.85575074721454,1
2,"n1400-b1_1-b2_2p5-b3_2p5",1400,2,12,1,1,0,0.9162907,0.9162907,1.5,1.8,1,1.3,0.0935714285714285,487,207,465,241,FALSE,NA,TRUE,NA,-0.0719361900852127,-0.0719361900852127,0.0719361900852127,0.0719361900852127,0.00517481544397585,-0.283003131040674,0.135492517878181,1,1.0036952361103,0.0874045361103031,0.0874045361103031,0.0874045361103031,0.00763955293265727,0.824957184693976,1.18567454540144,1,0.964031320616137,0.047740620616137,0.047740620616137,0.047740620616137,0.00227916685681393,0.714997870239808,1.21768151097305,1,1.5053971305378,0.00539713053779667,0.00539713053779667,0.00539713053779667,2.91290180420174e-05,1.48939072620697,1.55485448687308,1,1.80324092913405,0.00324092913404539,0.00324092913404539,0.00324092913404539,1.05036216519042e-05,1.77987668460388,1.85724332294322,1
2,"n1400-b1_1-b2_2p5-b3_2p5",1400,3,13,1,1,0,0.9162907,0.9162907,1.5,1.8,1,1.3,0.0935714285714285,467,239,474,220,FALSE,NA,TRUE,NA,-0.0689051157136758,-0.0689051157136758,0.0689051157136758,0.0689051157136758,0.00474791497151505,-0.274101088399138,0.136662288217626,1,0.82709767397595,-0.0891930260240503,0.0891930260240503,0.0891930260240503,0.00795539589132692,0.648484228327493,1.00766996264569,1,0.931748780544428,0.0154580805444278,0.0154580805444278,0.0154580805444278,0.000238952254118016,0.687861598787124,1.1765258386226,1,1.4969297303059,-0.00307026969410162,0.00307026969410162,0.00307026969410162,9.42655599451888e-06,1.47680245600201,1.51639384258514,1,1.80234101417481,0.00234101417480637,0.00234101417480637,0.00234101417480637,5.48034736664433e-06,1.77337697854995,1.84167685206035,1
2,"n1400-b1_1-b2_2p5-b3_2p5",1400,4,14,1,1,0,0.9162907,0.9162907,1.5,1.8,1,1.3,0.0921428571428572,452,246,481,221,FALSE,NA,TRUE,NA,0.155297351175413,0.155297351175413,0.155297351175413,0.155297351175413,0.0241172672820994,-0.0522435221891359,0.357431446189429,1,0.899751844020745,-0.0165388559792549,0.0165388559792549,0.0165388559792549,0.000273533757102534,0.715341414655953,1.08317504305224,1,0.820136145724115,-0.0961545542758848,0.0961545542758848,0.0961545542758848,0.00924569830799408,0.575147424371153,1.06466245022382,1,1.47529603653608,-0.0247039634639208,0.0247039634639208,0.0247039634639208,0.000610285810826733,1.44870199310144,1.53717619660839,1,1.7763581938918,-0.0236418061082029,0.0236418061082029,0.0236418061082029,0.000558934996057859,1.7468925602731,1.8281554743299,1
2,"n1400-b1_1-b2_2p5-b3_2p5",1400,5,15,1,1,0,0.9162907,0.9162907,1.5,1.8,1,1.3,0.106428571428571,494,229,457,220,FALSE,NA,TRUE,NA,0.0542073156790645,0.0542073156790645,0.0542073156790645,0.0542073156790645,0.00293843307312976,-0.160766503787905,0.268404549749416,1,0.8959051953113,-0.0203855046886998,0.0203855046886998,0.0203855046886998,0.000415568801413002,0.708942362548636,1.08663093219233,1,0.918263224945257,0.00197252494525735,0.00197252494525735,0.00197252494525735,3.8908546596625e-06,0.662229133833543,1.1707091308606,1,1.49291921679174,-0.00708078320825534,0.00708078320825534,0.00708078320825534,5.01374908423107e-05,1.46540891841162,1.54585628388375,1,1.79523836770969,-0.00476163229031279,0.00476163229031279,0.00476163229031279,2.26731420681494e-05,1.74497187287384,1.85680367473314,1
2,"n1400-b1_1-b2_2p5-b3_2p5",1400,6,16,1,1,0,0.9162907,0.9162907,1.5,1.8,1,1.3,0.103571428571429,459,230,458,253,FALSE,NA,TRUE,NA,0.0419558921111682,0.0419558921111682,0.0419558921111682,0.0419558921111682,0.00176029688284399,-0.163851154630806,0.247474514922243,1,0.91772956900352,0.00143886900351997,0.00143886900351997,0.00143886900351997,2.07034400929056e-06,0.743779357442337,1.09382444598496,1,0.999698635429071,0.0834079354290711,0.0834079354290711,0.0834079354290711,0.00695688369254009,0.749332186222186,1.24734475659335,1,1.55726335362933,0.057263353629327,0.057263353629327,0.057263353629327,0.00327909166887736,1.5071068192141,1.60025537712534,0,1.78532845905049,-0.0146715409495137,0.0146715409495137,0.0146715409495137,0.000215254113833258,1.7538328189478,1.82625863915864,1
2,"n1400-b1_1-b2_2p5-b3_2p5",1400,7,17,1,1,0,0.9162907,0.9162907,1.5,1.8,1,1.3,0.103571428571429,432,246,477,245,FALSE,NA,TRUE,NA,0.118003000914656,0.118003000914656,0.118003000914656,0.118003000914656,0.0139247082248642,-0.0869875064165864,0.323757074392723,1,1.00184808862615,0.0855573886261545,0.0855573886261545,0.0855573886261545,0.00732006674852683,0.825676422477362,1.18243601231152,1,0.777268085093423,-0.139022614906577,0.139022614906577,0.139022614906577,0.0193272874554625,0.532412723892393,1.02319107104108,1,1.48176559474301,-0.0182344052569876,0.0182344052569876,0.0182344052569876,0.000332493535076057,1.41890027402076,1.54152576043652,1,1.81239074302494,0.0123907430249428,0.0123907430249428,0.0123907430249428,0.000153530512710169,1.76546981654885,1.87035652251546,1
2,"n1400-b1_1-b2_2p5-b3_2p5",1400,8,18,1,1,0,0.9162907,0.9162907,1.5,1.8,1,1.3,0.0942857142857143,470,232,467,231,FALSE,NA,TRUE,NA,-0.0968644421519198,-0.0968644421519198,0.0968644421519198,0.0968644421519198,0.00938272015340261,-0.307349652645317,0.113204578271052,1,0.792255324162351,-0.124035375837649,0.124035375837649,0.124035375837649,0.0153847744591869,0.615178003758552,0.973335872734017,1,1.04941854210506,0.133127842105064,0.133127842105064,0.133127842105064,0.0177230223435509,0.797207597465176,1.30306030614829,1,1.51569873915066,0.015698739150656,0.015698739150656,0.015698739150656,0.00024645041092034,1.49684364066655,1.56959946245003,1,1.76388907203611,-0.036110927963886,0.036110927963886,0.036110927963886,0.00130399911841297,1.66595246723066,1.86365754876747,1
2,"n1400-b1_1-b2_2p5-b3_2p5",1400,9,19,1,1,0,0.9162907,0.9162907,1.5,1.8,1,1.3,0.0807142857142857,449,233,481,237,FALSE,NA,TRUE,NA,-0.0353264738268419,-0.0353264738268419,0.0353264738268419,0.0353264738268419,0.00124795975303854,-0.234755283152511,0.167229418603472,1,0.970792576058889,0.0545018760588892,0.0545018760588892,0.0545018760588892,0.00297045449393852,0.794041993362837,1.15137065088614,1,0.853425666385461,-0.0628650336145389,0.0628650336145389,0.0628650336145389,0.0039520124513571,0.607351845873359,1.09578064646117,1,1.50843715848687,0.00843715848687365,0.00843715848687365,0.00843715848687365,7.11856433326241e-05,1.48155976385177,1.55204926065006,1,1.81493923828385,0.0149392382838478,0.0149392382838478,0.0149392382838478,0.000223180840501584,1.78341535052174,1.92976737531561,1
2,"n1400-b1_1-b2_2p5-b3_2p5",1400,10,20,1,1,0,0.9162907,0.9162907,1.5,1.8,1,1.3,0.102857142857143,467,254,455,224,FALSE,NA,TRUE,NA,0.0311695166664018,0.0311695166664018,0.0311695166664018,0.0311695166664018,0.0009715387692171,-0.174330867260884,0.240927404504949,1,0.996283067880298,0.0799923678802978,0.0799923678802978,0.0799923678802978,0.00639877891909691,0.81339498403177,1.18374656036954,1,0.857690973438427,-0.0585997265615726,0.0585997265615726,0.0585997265615726,0.00343392795309108,0.6114460298972,1.10631669427149,1,1.51656356703882,0.016563567038816,0.016563567038816,0.016563567038816,0.000274351753049352,1.47585327175173,1.56646530639006,1,1.75992912311629,-0.0400708768837073,0.0400708768837073,0.0400708768837073,0.00160567517422922,1.65887741593804,1.84854192494518,1
3,"n1400-b1_1-b2_2p5-b3_2p5",1400,1,21,1,1,0,0.9162907,0.9162907,1.5,1.8,1,1.3,0.0971428571428572,457,229,477,237,FALSE,NA,TRUE,NA,-0.0350312014332094,-0.0350312014332094,0.0350312014332094,0.0350312014332094,0.00122718507385409,-0.238315851251949,0.167924976535646,1,0.81599455840167,-0.10029614159833,0.10029614159833,0.10029614159833,0.0100593160195122,0.639944712566519,0.995442422527137,1,1.01803410139253,0.10174340139253,0.10174340139253,0.10174340139253,0.0103517197269215,0.768661818204183,1.26275511352349,1,1.49006664970592,-0.00993335029407794,0.00993335029407794,0.00993335029407794,9.86714480648582e-05,1.44272175835022,1.55564975183213,1,1.93980447376534,0.139804473765342,0.139804473765342,0.139804473765342,0.0195452908848042,1.86700644623924,2.02838876273275,0
3,"n1400-b1_1-b2_2p5-b3_2p5",1400,2,22,1,1,0,0.9162907,0.9162907,1.5,1.8,1,1.3,0.0871428571428572,479,229,453,239,FALSE,NA,TRUE,NA,0.0170847605882768,0.0170847605882768,0.0170847605882768,0.0170847605882768,0.000291889044358735,-0.186382160503613,0.220757900045181,1,0.878543948053838,-0.0377467519461623,0.0377467519461623,0.0377467519461623,0.00142481728248511,0.702849270010715,1.05659315817821,1,0.918099376039812,0.00180867603981161,0.00180867603981161,0.00180867603981161,3.2713090169886e-06,0.671003023023171,1.16541060051127,1,1.48002897244778,-0.0199710275522156,0.0199710275522156,0.0199710275522156,0.000398841941491354,1.43812646820042,1.57489545703243,1,1.77953705708509,-0.0204629429149066,0.0204629429149066,0.0204629429149066,0.000418732032738725,1.68677611995986,1.84054786595798,1
3,"n1400-b1_1-b2_2p5-b3_2p5",1400,3,23,1,1,0,0.9162907,0.9162907,1.5,1.8,1,1.3,0.102857142857143,472,249,443,236,FALSE,NA,TRUE,NA,-0.111242489671589,-0.111242489671589,0.111242489671589,0.111242489671589,0.0123748915083336,-0.322130655098015,0.097063706449563,1,0.762119378792025,-0.154171321207975,0.154171321207975,0.154171321207975,0.0237687962830127,0.584058285955951,0.94309863503731,1,1.12783287695364,0.211542176953645,0.211542176953645,0.211542176953645,0.044750092630287,0.876843681709325,1.38282144292836,1,1.4690357890455,-0.0309642109544963,0.0309642109544963,0.0309642109544963,0.000958782360034549,1.44462838468496,1.49991679316487,0,1.70908955604926,-0.0909104439507353,0.0909104439507353,0.0909104439507353,0.00826470881931979,1.63231764313672,1.79506717694806,0
3,"n1400-b1_1-b2_2p5-b3_2p5",1400,4,24,1,1,0,0.9162907,0.9162907,1.5,1.8,1,1.3,0.114285714285714,456,246,470,228,FALSE,NA,TRUE,NA,-0.0107669910926993,-0.0107669910926993,0.0107669910926993,0.0107669910926993,0.000115928097190265,-0.222197242966651,0.19859188324876,1,0.972734992285627,0.0564442922856273,0.0564442922856273,0.0564442922856273,0.00318595813162533,0.790791987778506,1.15326401829298,1,0.879053595314607,-0.0372371046853929,0.0372371046853929,0.0372371046853929,0.00138660196535091,0.629381468213251,1.12950755135051,1,1.55060736664409,0.0506073666440889,0.0506073666440889,0.0506073666440889,0.00256110555864925,1.50671214286903,1.57713782118002,0,1.85538676020942,0.0553867602094218,0.0553867602094218,0.0553867602094218,0.00306769320649599,1.81060427496466,1.89571615221605,0
3,"n1400-b1_1-b2_2p5-b3_2p5",1400,5,25,1,1,0,0.9162907,0.9162907,1.5,1.8,1,1.3,0.0921428571428572,467,230,489,214,FALSE,NA,TRUE,NA,0.176733051113135,0.176733051113135,0.176733051113135,0.176733051113135,0.0312345713557578,-0.0345277011503246,0.392761957291651,1,0.990931616548875,0.0746409165488747,0.0746409165488747,0.0746409165488747,0.00557126642325608,0.801993401562671,1.18448563652039,1,0.615075621687791,-0.301215078312209,0.301215078312209,0.301215078312209,0.0907305234026303,0.36396531700394,0.863527018736691,0,1.51636376804058,0.0163637680405846,0.0163637680405846,0.0163637680405846,0.000267772904486058,1.49230744160005,1.57223763833326,1,1.72902587755102,-0.0709741224489837,0.0709741224489837,0.0709741224489837,0.00503732605740333,1.66423505044221,1.8431561886154,1
3,"n1400-b1_1-b2_2p5-b3_2p5",1400,6,26,1,1,0,0.9162907,0.9162907,1.5,1.8,1,1.3,0.085,481,227,462,230,FALSE,NA,TRUE,NA,-0.142357554340941,-0.142357554340941,0.142357554340941,0.142357554340941,0.0202656732779339,-0.352703133362681,0.0672660125492121,1,0.695296204058481,-0.220994495941519,0.220994495941519,0.220994495941519,0.0488385672364462,0.521260854413598,0.872936483969562,0,1.13225143171452,0.21596073171452,0.21596073171452,0.21596073171452,0.0466390376426708,0.88006354913988,1.38667724327327,1,1.49200232595109,-0.00799767404891027,0.00799767404891027,0.00799767404891027,6.39627901926129e-05,1.45545271330969,1.52143237421452,1,1.79422505675139,-0.00577494324860783,0.00577494324860783,0.00577494324860783,3.33499695246412e-05,1.75241338551274,1.82976074051571,1
3,"n1400-b1_1-b2_2p5-b3_2p5",1400,7,27,1,1,0,0.9162907,0.9162907,1.5,1.8,1,1.3,0.0921428571428572,484,247,471,198,FALSE,NA,TRUE,NA,-0.0251709159016471,-0.0251709159016471,0.0251709159016471,0.0251709159016471,0.000633575007327789,-0.234413400381422,0.187385973878166,1,0.921129313652818,0.0048386136528179,0.0048386136528179,0.0048386136528179,2.34121820812358e-05,0.731242744678574,1.11357112211614,1,1.02180279143841,0.105512091438409,0.105512091438409,0.105512091438409,0.0111328014397071,0.767894122172406,1.27571601174214,1,1.52349295273431,0.0234929527343111,0.0234929527343111,0.0234929527343111,0.000551918828176574,1.46894225827061,1.58972639244391,1,1.80021491867903,0.000214918679026566,0.000214918679026566,0.000214918679026566,4.61900385945239e-08,1.75320619023475,1.86142526146043,1
3,"n1400-b1_1-b2_2p5-b3_2p5",1400,8,28,1,1,0,0.9162907,0.9162907,1.5,1.8,1,1.3,0.0928571428571429,430,217,493,260,FALSE,NA,TRUE,NA,0.110874696750164,0.110874696750164,0.110874696750164,0.110874696750164,0.0122931983794409,-0.09409762863987,0.316432149192978,1,1.03886525607603,0.122574556076031,0.122574556076031,0.122574556076031,0.0150245217972359,0.86570336927132,1.21495961403632,1,0.731013085969441,-0.185277614030559,0.185277614030559,0.185277614030559,0.0343277942608567,0.478230650195069,0.97912330999492,1,1.49591514916907,-0.00408485083092702,0.00408485083092702,0.00408485083092702,1.66860063109252e-05,1.42123603316926,1.53559148676417,1,1.81882865636721,0.0188286563672089,0.0188286563672089,0.0188286563672089,0.000354518300594435,1.77037428719012,1.92754317665139,1
3,"n1400-b1_1-b2_2p5-b3_2p5",1400,9,29,1,1,0,0.9162907,0.9162907,1.5,1.8,1,1.3,0.11,486,222,467,225,FALSE,NA,TRUE,NA,0.0452795768737435,0.0452795768737435,0.0452795768737435,0.0452795768737435,0.00205024008186524,-0.173864919614807,0.264787534398689,1,0.943620726449265,0.0273300264492645,0.0273300264492645,0.0273300264492645,0.000746930345717498,0.760713360855797,1.12979649727771,1,0.84210718316571,-0.0741835168342896,0.0741835168342896,0.0741835168342896,0.00550319416990333,0.589803590823786,1.0954166884669,1,1.4983566210431,-0.00164337895689903,0.00164337895689903,0.00164337895689903,2.70069439597855e-06,1.43742649565685,1.57956002877591,1,1.81422395095249,0.0142239509524875,0.0142239509524875,0.0142239509524875,0.000202320780698771,1.78400436165998,1.86672174215691,1
3,"n1400-b1_1-b2_2p5-b3_2p5",1400,10,30,1,1,0,0.9162907,0.9162907,1.5,1.8,1,1.3,0.116428571428571,477,255,442,226,FALSE,NA,TRUE,NA,0.0277850986836583,0.0277850986836583,0.0277850986836583,0.0277850986836583,0.000772011708860632,-0.183652143477371,0.236228106173947,1,1.04508322866468,0.128792528664683,0.128792528664683,0.128792528664683,0.0165875154398431,0.859523780670079,1.23439894670151,1,0.821929492411056,-0.0943612075889438,0.0943612075889438,0.0943612075889438,0.00890403749764375,0.572829465410102,1.07514621565537,1,1.49175862904712,-0.0082413709528828,0.0082413709528828,0.0082413709528828,6.79201951830203e-05,1.46144730294628,1.54252135440277,1,1.79484481162616,-0.00515518837384499,0.00515518837384499,0.00515518837384499,2.65759671698265e-05,1.76154449443858,1.82805078315314,1
4,"n1400-b1_1-b2_2p5-b3_2p5",1400,1,31,1,1,0,0.9162907,0.9162907,1.5,1.8,1,1.3,0.0978571428571429,463,231,470,236,FALSE,NA,TRUE,NA,-0.0284320917725658,-0.0284320917725658,0.0284320917725658,0.0284320917725658,0.000808383842563604,-0.23517632210258,0.178186021002689,1,0.928599359548976,0.0123086595489762,0.0123086595489762,0.0123086595489762,0.000151503099892603,0.749880267344037,1.10853106229533,1,0.847364367775182,-0.0689263322248178,0.0689263322248178,0.0689263322248178,0.00475083927396596,0.598598486617795,1.09909993572184,1,1.53234533278071,0.0323453327807117,0.0323453327807117,0.0323453327807117,0.00104622055269498,1.48335934062638,1.60757463295152,1,1.80950093347218,0.00950093347217584,0.00950093347217584,0.00950093347217584,9.02677368427113e-05,1.7199283724823,1.92507484296483,1
4,"n1400-b1_1-b2_2p5-b3_2p5",1400,2,32,1,1,0,0.9162907,0.9162907,1.5,1.8,1,1.3,0.112857142857143,464,247,452,237,FALSE,NA,TRUE,NA,-0.0210214289062142,-0.0210214289062142,0.0210214289062142,0.0210214289062142,0.000441900473259016,-0.228473886457212,0.185930677185267,1,0.955662952658626,0.039372252658626,0.039372252658626,0.039372252658626,0.00155017427941468,0.775810636471398,1.13789420411183,1,1.0120439703599,0.0957532703599002,0.0957532703599002,0.0957532703599002,0.00916868878461615,0.766013811494604,1.26222546549944,1,1.51600010686715,0.0160001068671483,0.0160001068671483,0.0160001068671483,0.000256003419760165,1.4937917884811,1.53881602702715,1,1.82611720113134,0.0261172011313386,0.0261172011313386,0.0261172011313386,0.000682108194934796,1.78385702315368,1.85745957035114,1
4,"n1400-b1_1-b2_2p5-b3_2p5",1400,3,33,1,1,0,0.9162907,0.9162907,1.5,1.8,1,1.3,0.107142857142857,483,239,420,258,FALSE,NA,TRUE,NA,-0.0983446691225354,-0.0983446691225354,0.0983446691225354,0.0983446691225354,0.00967167394482098,-0.30228785413895,0.104520314712357,1,0.98895794571928,0.0726672457192804,0.0726672457192804,0.0726672457192804,0.00528052860042628,0.8121657014724,1.16603412230691,1,0.767696462686927,-0.148594237313073,0.148594237313073,0.148594237313073,0.0220802473626538,0.524169384784463,1.01479474929552,1,1.48750238311801,-0.0124976168819904,0.0124976168819904,0.0124976168819904,0.00015619042772901,1.44070190914311,1.53632557540016,1,1.83090036161772,0.0309003616177237,0.0309003616177237,0.0309003616177237,0.000954832348106092,1.73697218709637,1.90212005771503,1
4,"n1400-b1_1-b2_2p5-b3_2p5",1400,4,34,1,1,0,0.9162907,0.9162907,1.5,1.8,1,1.3,0.0957142857142858,451,242,494,213,FALSE,NA,TRUE,NA,-0.0932256492859842,-0.0932256492859842,0.0932256492859842,0.0932256492859842,0.00869102168479333,-0.300904567969693,0.112600761045956,1,0.738430826949389,-0.177859873050611,0.177859873050611,0.177859873050611,0.0316341344415795,0.560957701831546,0.92030412976834,1,1.09953533355952,0.183244633559515,0.183244633559515,0.183244633559515,0.0335785957283609,0.853661523120968,1.34687282873999,1,1.512097576502,0.0120975765019993,0.0120975765019993,0.0120975765019993,0.000146351357221725,1.49293396795413,1.55743793007133,1,1.81741701613528,0.017417016135276,0.017417016135276,0.017417016135276,0.000303352451056465,1.7910220522305,1.88654753088852,1
4,"n1400-b1_1-b2_2p5-b3_2p5",1400,5,35,1,1,0,0.9162907,0.9162907,1.5,1.8,1,1.3,0.105714285714286,483,263,427,227,FALSE,NA,TRUE,NA,-0.101413864870365,-0.101413864870365,0.101413864870365,0.101413864870365,0.0102847719879448,-0.309183772384532,0.107005254989319,1,0.891338389758766,-0.0249523102412336,0.0249523102412336,0.0249523102412336,0.00062261778637477,0.708329554050672,1.0763222256028,1,1.11879649262024,0.202505792620239,0.202505792620239,0.202505792620239,0.0410085960447514,0.868890698040648,1.36841206670279,1,1.4797288164003,-0.0202711835997009,0.0202711835997009,0.0202711835997009,0.000410920884532784,1.45017738397984,1.52981658556819,1,1.79986542257374,-0.000134577426259996,0.000134577426259996,0.000134577426259996,1.81110836587648e-08,1.73556493597539,1.85326705030018,1
4,"n1400-b1_1-b2_2p5-b3_2p5",1400,6,36,1,1,0,0.9162907,0.9162907,1.5,1.8,1,1.3,0.0992857142857143,446,244,484,226,FALSE,NA,TRUE,NA,-0.137524809331597,-0.137524809331597,0.137524809331597,0.137524809331597,0.0189130731816921,-0.340783436677873,0.0673465722608551,1,0.773538718104234,-0.142751981895766,0.142751981895766,0.142751981895766,0.0203781283351691,0.599681425010369,0.949339602220373,1,1.12392212890663,0.207631428906631,0.207631428906631,0.207631428906631,0.0431108102698095,0.876743243492075,1.37597466437296,1,1.56984746120643,0.0698474612064253,0.0698474612064253,0.0698474612064253,0.00487866783698308,1.51898840719157,1.61161152537804,0,1.86238681127258,0.0623868112725809,0.0623868112725809,0.0623868112725809,0.00389211422076063,1.82138361813521,1.90850026883352,0
4,"n1400-b1_1-b2_2p5-b3_2p5",1400,7,37,1,1,0,0.9162907,0.9162907,1.5,1.8,1,1.3,0.0914285714285714,492,222,475,211,FALSE,NA,TRUE,NA,0.142718307561152,0.142718307561152,0.142718307561152,0.142718307561152,0.0203685153131194,-0.0703685160285032,0.359437410745618,1,0.898809806691953,-0.0174808933080471,0.0174808933080471,0.0174808933080471,0.000305581630847327,0.714477846569771,1.08730783278763,1,0.705358923888525,-0.210931776111475,0.210931776111475,0.210931776111475,0.0444922141735415,0.449276281292372,0.959534349416269,1,1.48851357956261,-0.0114864204373932,0.0114864204373932,0.0114864204373932,0.000131937854464565,1.43765904213656,1.56520925706421,1,1.81240445113596,0.0124044511359573,0.0124044511359573,0.0124044511359573,0.000153870407984353,1.78417037297629,1.86740824211938,1
4,"n1400-b1_1-b2_2p5-b3_2p5",1400,8,38,1,1,0,0.9162907,0.9162907,1.5,1.8,1,1.3,0.112857142857143,469,245,464,222,FALSE,NA,TRUE,NA,0.0838224832003796,0.0838224832003796,0.0838224832003796,0.0838224832003796,0.00702620868987791,-0.135115376777691,0.297814606447334,1,1.02460135358669,0.108310653586685,0.108310653586685,0.108310653586685,0.0117311976803749,0.838626535504423,1.21352216349163,1,0.845053127330848,-0.0712375726691524,0.0712375726691524,0.0712375726691524,0.00507479175979277,0.589638689650003,1.09866397492746,1,1.49693124111492,-0.00306875888507685,0.00306875888507685,0.00306875888507685,9.41728109473811e-06,1.47234093148553,1.52920932787782,1,1.79946613315761,-0.000533866842393538,0.000533866842393538,0.000533866842393538,2.85013805407246e-07,1.75909463568712,1.84373871828872,1
4,"n1400-b1_1-b2_2p5-b3_2p5",1400,9,39,1,1,0,0.9162907,0.9162907,1.5,1.8,1,1.3,0.105714285714286,450,258,476,216,FALSE,NA,TRUE,NA,-0.131862535280025,-0.131862535280025,0.131862535280025,0.131862535280025,0.0173877282104759,-0.340045251127209,0.0782599226267164,1,0.879872486227876,-0.0364182137721241,0.0364182137721241,0.0364182137721241,0.00132628629435213,0.697388573455725,1.06718975149635,1,1.08822279663656,0.171932096636558,0.171932096636558,0.171932096636558,0.0295606458538427,0.837459708445542,1.33595807253314,1,1.49912119760048,-0.000878802399522094,0.000878802399522094,0.000878802399522094,7.7229365740579e-07,1.43926474987789,1.56669555650309,1,1.82045034398326,0.0204503439832611,0.0204503439832611,0.0204503439832611,0.000418216569033702,1.76165634269441,1.87880772046548,1
4,"n1400-b1_1-b2_2p5-b3_2p5",1400,10,40,1,1,0,0.9162907,0.9162907,1.5,1.8,1,1.3,0.0864285714285714,492,230,442,236,FALSE,NA,TRUE,NA,-0.12468575094634,-0.12468575094634,0.12468575094634,0.12468575094634,0.0155465364890528,-0.329023134239276,0.0829044095426508,1,0.781869088545442,-0.134421611454558,0.134421611454558,0.134421611454558,0.0180691696260402,0.60637829184937,0.958097380426783,1,1.06859457225955,0.152303872259552,0.152303872259552,0.152303872259552,0.023196469505254,0.819856636913837,1.31658072161732,1,1.50560664343783,0.00560664343782813,0.00560664343782813,0.00560664343782813,3.14344506389412e-05,1.456645565429,1.55608188642671,1,1.77492660450308,-0.025073395496916,0.025073395496916,0.025073395496916,0.000628675161744768,1.68035797512907,1.84834727161702,1
5,"n1400-b1_1-b2_2p5-b3_2p5",1400,1,41,1,1,0,0.9162907,0.9162907,1.5,1.8,1,1.3,0.107142857142857,472,223,477,228,FALSE,NA,TRUE,NA,-0.0623723778906867,-0.0623723778906867,0.0623723778906867,0.0623723778906867,0.00389031352373862,-0.284152818200572,0.155510635712174,1,0.919738509940814,0.00344780994081384,0.00344780994081384,0.00344780994081384,1.18873933879747e-05,0.74024686640104,1.1022202909598,1,0.999182758521932,0.0828920585219324,0.0828920585219324,0.0828920585219324,0.00687109336600346,0.742347547495649,1.25489931474467,1,1.4987625364359,-0.00123746356409526,0.00123746356409526,0.00123746356409526,1.53131607246336e-06,1.45680222196089,1.5507022883751,1,1.79734767232289,-0.00265232767711376,0.00265232767711376,0.00265232767711376,7.03484210678369e-06,1.71587339589575,1.83493921589872,1
5,"n1400-b1_1-b2_2p5-b3_2p5",1400,2,42,1,1,0,0.9162907,0.9162907,1.5,1.8,1,1.3,0.124285714285714,464,242,464,230,FALSE,NA,TRUE,NA,0.141719421271963,0.141719421271963,0.141719421271963,0.141719421271963,0.02008439436566,-0.0755445896736083,0.362944189741369,1,1.11713535765966,0.200844657659658,0.200844657659658,0.200844657659658,0.0403385765104251,0.927486460864749,1.31114130762556,0,0.719540257772431,-0.196750442227569,0.196750442227569,0.196750442227569,0.0387107365167439,0.465420153419279,0.9769402071973,1,1.54580141611091,0.045801416110913,0.045801416110913,0.045801416110913,0.002097769717765,1.4994171451679,1.63822788668404,1,1.81115567376295,0.0111556737629455,0.0111556737629455,0.0111556737629455,0.00012444905710527,1.79404702660094,1.85798118882969,1
5,"n1400-b1_1-b2_2p5-b3_2p5",1400,3,43,1,1,0,0.9162907,0.9162907,1.5,1.8,1,1.3,0.105,454,243,470,233,FALSE,NA,TRUE,NA,0.0710021255594462,0.0710021255594462,0.0710021255594462,0.0710021255594462,0.00504130183395936,-0.138630920623099,0.281511562928267,1,1.02523857329883,0.108947873298833,0.108947873298833,0.108947873298833,0.0118696390963385,0.845526613290869,1.21062011760861,1,0.842286962748398,-0.0740037372516023,0.0740037372516023,0.0740037372516023,0.00547655312720418,0.593540759339077,1.09326311434372,1,1.47943761733213,-0.0205623826678678,0.0205623826678678,0.0205623826678678,0.00042281158097983,1.43695182810178,1.54154737024044,1,1.78377262100105,-0.0162273789989507,0.0162273789989507,0.0162273789989507,0.000263327829175585,1.74489784835871,1.82645518734918,1
5,"n1400-b1_1-b2_2p5-b3_2p5",1400,4,44,1,1,0,0.9162907,0.9162907,1.5,1.8,1,1.3,0.105,472,222,476,230,FALSE,NA,TRUE,NA,0.132003608469402,0.132003608469402,0.132003608469402,0.132003608469402,0.0174249526489431,-0.0781456227578512,0.342989561947475,1,0.900799845382215,-0.0154908546177852,0.0154908546177852,0.0154908546177852,0.000239966576789357,0.723350118820598,1.08131681827215,1,0.802317833933517,-0.113972866066483,0.113972866066483,0.113972866066483,0.0129898141994085,0.554127878251356,1.05128178117835,1,1.48741102438391,-0.0125889756160931,0.0125889756160931,0.0125889756160931,0.000158482307062586,1.43331951553303,1.54591430119711,1,1.75879438094204,-0.0412056190579551,0.0412056190579551,0.0412056190579551,0.00169790304194931,1.67049853050827,1.84824153069838,1
5,"n1400-b1_1-b2_2p5-b3_2p5",1400,5,45,1,1,0,0.9162907,0.9162907,1.5,1.8,1,1.3,0.1,467,228,473,232,FALSE,NA,TRUE,NA,-0.00455560904756969,-0.00455560904756969,0.00455560904756969,0.00455560904756969,2.07535737942988e-05,-0.213773012509613,0.208395403147097,1,0.923845357303943,0.00755465730394334,0.00755465730394334,0.00755465730394334,5.70728469800244e-05,0.743334955987928,1.10714571487896,1,0.894025713588675,-0.0222649864113252,0.0222649864113252,0.0222649864113252,0.000495729619896498,0.643049422512344,1.14225615304817,1,1.50101799893461,0.00101799893460774,0.00101799893460774,0.00101799893460774,1.0363218308625e-06,1.47824255823628,1.52979960504491,1,1.79411714659692,-0.00588285340308103,0.00588285340308103,0.00588285340308103,3.46079641621421e-05,1.77814323849879,1.825726328571,1
5,"n1400-b1_1-b2_2p5-b3_2p5",1400,6,46,1,1,0,0.9162907,0.9162907,1.5,1.8,1,1.3,0.0957142857142858,473,232,473,222,FALSE,NA,TRUE,NA,0.0384553746225746,0.0384553746225746,0.0384553746225746,0.0384553746225746,0.00147881583736256,-0.174086104894266,0.251202295323138,1,0.929664120589772,0.0133734205897715,0.0133734205897715,0.0133734205897715,0.000178848378270925,0.747704190560467,1.11155554663798,1,0.849099739195338,-0.0671909608046619,0.0671909608046619,0.0671909608046619,0.00451462521385361,0.599572820191355,1.10444980418315,1,1.43154228954739,-0.068457710452607,0.068457710452607,0.068457710452607,0.00468645812041297,1.35813119391063,1.58251396656951,1,1.75863058584553,-0.0413694141544667,0.0413694141544667,0.0413694141544667,0.00171142842748379,1.68459201101174,1.86980294692441,1
5,"n1400-b1_1-b2_2p5-b3_2p5",1400,7,47,1,1,0,0.9162907,0.9162907,1.5,1.8,1,1.3,0.0992857142857143,472,224,465,239,FALSE,NA,TRUE,NA,-0.0973012311587823,-0.0973012311587823,0.0973012311587823,0.0973012311587823,0.00946752958501478,-0.307722880718993,0.11140779286504,1,0.816327896106038,-0.0999628038939623,0.0999628038939623,0.0999628038939623,0.00999256216234276,0.64184621072767,0.993185318736162,1,1.07985905365805,0.163568353658045,0.163568353658045,0.163568353658045,0.0267546063184034,0.828679435234195,1.33139249125321,1,1.50796316353597,0.0079631635359676,0.0079631635359676,0.0079631635359676,6.3411973500564e-05,1.4859188780494,1.5428473147066,1,1.82679479979586,0.0267947997958626,0.0267947997958626,0.0267947997958626,0.00071796129610036,1.7868293601096,1.85769714903794,1
5,"n1400-b1_1-b2_2p5-b3_2p5",1400,8,48,1,1,0,0.9162907,0.9162907,1.5,1.8,1,1.3,0.09,478,239,467,216,FALSE,NA,TRUE,NA,-0.244748112990908,-0.244748112990908,0.244748112990908,0.244748112990908,0.0599016388126102,-0.455995362924952,-0.038412685830323,0,0.811474749831641,-0.104815950168359,0.104815950168359,0.104815950168359,0.010986383409696,0.633194045362996,0.988532614679599,1,1.06462163861541,0.148330938615406,0.148330938615406,0.148330938615406,0.0220020673505273,0.818425021320583,1.31737355826757,1,1.5099773250086,0.00997732500860216,0.00997732500860216,0.00997732500860216,9.9547014327278e-05,1.41640869640573,1.55341693501255,1,1.81874215131998,0.0187421513199788,0.0187421513199788,0.0187421513199788,0.000351268236100983,1.7785427540108,1.88709704375967,1
5,"n1400-b1_1-b2_2p5-b3_2p5",1400,9,49,1,1,0,0.9162907,0.9162907,1.5,1.8,1,1.3,0.0992857142857143,459,219,483,239,FALSE,NA,TRUE,NA,-0.0171390679056245,-0.0171390679056245,0.0171390679056245,0.0171390679056245,0.000293747648673608,-0.229182098509676,0.191957624863886,1,0.909713769067022,-0.00657693093297762,0.00657693093297762,0.00657693093297762,4.32560204971579e-05,0.72965648635354,1.09089916444141,1,1.03535826150449,0.119067561504491,0.119067561504491,0.119067561504491,0.0141770842026258,0.78469966159096,1.28756771235788,1,1.51519871680969,0.0151987168096863,0.0151987168096863,0.0151987168096863,0.000231000992661041,1.46549451006574,1.58672815299028,1,1.81194491437654,0.0119449143765435,0.0119449143765435,0.0119449143765435,0.000142680979462957,1.73929159710955,1.88290339103251,1
5,"n1400-b1_1-b2_2p5-b3_2p5",1400,10,50,1,1,0,0.9162907,0.9162907,1.5,1.8,1,1.3,0.0985714285714285,466,232,463,239,FALSE,NA,TRUE,NA,-0.0463623352691062,-0.0463623352691062,0.0463623352691062,0.0463623352691062,0.00214946613160501,-0.254558343787003,0.159490376617733,1,0.912646167083645,-0.0036445329163548,0.0036445329163548,0.0036445329163548,1.32826201783936e-05,0.735848436279761,1.09172282423115,1,0.874805924024139,-0.0414847759758606,0.0414847759758606,0.0414847759758606,0.00172098663776734,0.625261112543246,1.12579041650865,1,1.54626047591067,0.0462604759106655,0.0462604759106655,0.0462604759106655,0.00214003163148126,1.49707757646475,1.76301228420938,1,1.83724279608001,0.0372427960800101,0.0372427960800101,0.0372427960800101,0.00138702585985722,1.78808320182609,2.04758725022811,1
6,"n1400-b1_1-b2_2p5-b3_2p5",1400,1,51,1,1,0,0.9162907,0.9162907,1.5,1.8,1,1.3,0.116428571428571,439,235,504,222,FALSE,NA,TRUE,NA,-0.117732311016372,-0.117732311016372,0.117732311016372,0.117732311016372,0.0138608970572559,-0.331489323642891,0.0963596252689555,1,0.820589514876462,-0.0957011851235382,0.0957011851235382,0.0957011851235382,0.00915871683404973,0.644082026271187,1.00005812543857,1,0.999222069095045,0.0829313690950446,0.0829313690950446,0.0829313690950446,0.00687761197997852,0.745485757595728,1.25394918190521,1,1.53020049750468,0.0302004975046801,0.0302004975046801,0.0302004975046801,0.00091207004953019,1.48213987035329,1.56891567470946,1,1.83404486926696,0.0340448692669608,0.0340448692669608,0.0340448692669608,0.00115905312340445,1.75962708794415,1.89178303495083,1
6,"n1400-b1_1-b2_2p5-b3_2p5",1400,2,52,1,1,0,0.9162907,0.9162907,1.5,1.8,1,1.3,0.0914285714285714,477,242,479,202,FALSE,NA,TRUE,NA,0.0804169121173042,0.0804169121173042,0.0804169121173042,0.0804169121173042,0.00646687975448223,-0.128412193107076,0.293841744203885,1,0.896431625248357,-0.0198590747516429,0.0198590747516429,0.0198590747516429,0.000394382849991342,0.707606113764371,1.08710295057995,1,0.801248280582549,-0.115042419417451,0.115042419417451,0.115042419417451,0.0132347582654208,0.548774361223138,1.04891198308946,1,1.509992946481,0.00999294648100357,0.00999294648100357,0.00999294648100357,9.98589793722017e-05,1.46913648433797,1.62431081027993,1,1.8076097269341,0.00760972693410245,0.00760972693410245,0.00760972693410245,5.79079440116042e-05,1.73942307856879,1.89157691378584,1
6,"n1400-b1_1-b2_2p5-b3_2p5",1400,3,53,1,1,0,0.9162907,0.9162907,1.5,1.8,1,1.3,0.102857142857143,466,231,467,236,FALSE,NA,TRUE,NA,0.0404998304170828,0.0404998304170828,0.0404998304170828,0.0404998304170828,0.00164023626381247,-0.167752283616136,0.250616286797749,1,0.934273721256083,0.0179830212560831,0.0179830212560831,0.0179830212560831,0.000323389053496736,0.753866183004232,1.11885202077954,1,0.755244108186323,-0.161046591813677,0.161046591813677,0.161046591813677,0.0259360047348012,0.507215684749639,1.00015092558348,1,1.47009559439837,-0.0299044056016253,0.0299044056016253,0.0299044056016253,0.00089427347438652,1.44259726529482,1.51696369885286,1,1.79569512367445,-0.00430487632555243,0.00430487632555243,0.00430487632555243,1.85319601783018e-05,1.74497217479157,1.84316181956524,1
6,"n1400-b1_1-b2_2p5-b3_2p5",1400,4,54,1,1,0,0.9162907,0.9162907,1.5,1.8,1,1.3,0.0842857142857143,458,218,477,247,FALSE,NA,TRUE,NA,-0.069717222729938,-0.069717222729938,0.069717222729938,0.069717222729938,0.00486049114517579,-0.281306043775999,0.137494029194978,1,0.900279342366706,-0.0160113576332938,0.0160113576332938,0.0160113576332938,0.000256363573261234,0.728132408796657,1.07590924975744,1,0.949501610261688,0.0332109102616884,0.0332109102616884,0.0332109102616884,0.00110296456040992,0.696395439178398,1.20223218650195,1,1.46086372648611,-0.039136273513894,0.039136273513894,0.039136273513894,0.00153164790455432,1.33144413495581,1.6090786586408,1,1.7821413183032,-0.0178586816968032,0.0178586816968032,0.0178586816968032,0.000318932511947732,1.59629287365183,1.87298203251928,1
6,"n1400-b1_1-b2_2p5-b3_2p5",1400,5,55,1,1,0,0.9162907,0.9162907,1.5,1.8,1,1.3,0.103571428571429,457,216,501,226,FALSE,NA,TRUE,NA,0.120697621162132,0.120697621162132,0.120697621162132,0.120697621162132,0.0145679157541975,-0.0947195964813625,0.335277570849868,1,0.909751625573749,-0.00653907442625112,0.00653907442625112,0.00653907442625112,4.27594943520515e-05,0.72866020805836,1.0943636477404,1,0.778450438279269,-0.137840261720731,0.137840261720731,0.137840261720731,0.0189999377512397,0.524219653357925,1.02947584706217,1,1.48434068499979,-0.0156593150002056,0.0156593150002056,0.0156593150002056,0.000245214146275663,1.41942455859977,1.56846411480013,1,1.76190990122522,-0.038090098774779,0.038090098774779,0.038090098774779,0.00145085562467242,1.6832495435357,1.82677559880747,1
6,"n1400-b1_1-b2_2p5-b3_2p5",1400,6,56,1,1,0,0.9162907,0.9162907,1.5,1.8,1,1.3,0.0907142857142857,469,247,458,226,FALSE,NA,TRUE,NA,-0.0382059418240179,-0.0382059418240179,0.0382059418240179,0.0382059418240179,0.00145969399066024,-0.242005394944446,0.167038336469768,1,0.71369191279494,-0.20259878720506,0.20259878720506,0.20259878720506,0.0410462685769611,0.53927927096444,0.893710551455052,0,1.04202133489451,0.125730634894512,0.125730634894512,0.125730634894512,0.0158081925509771,0.795602676198802,1.28679253958832,1,1.51939257869904,0.0193925786990354,0.0193925786990354,0.0193925786990354,0.000376072108598283,1.4801828804867,1.56429230150315,1,1.82674080440442,0.0267408044044184,0.0267408044044184,0.0267408044044184,0.000715070620195362,1.78911506927549,1.89137346835522,1
6,"n1400-b1_1-b2_2p5-b3_2p5",1400,7,57,1,1,0,0.9162907,0.9162907,1.5,1.8,1,1.3,0.103571428571429,471,224,473,232,FALSE,NA,TRUE,NA,-0.137844730014905,-0.137844730014905,0.137844730014905,0.137844730014905,0.019001169592882,-0.349540037790523,0.0754696883670555,1,0.798656929062153,-0.117633770937847,0.117633770937847,0.117633770937847,0.0138377040650578,0.623090376359601,0.979665920279005,1,1.07914357184951,0.162852871849506,0.162852871849506,0.162852871849506,0.0265210578696316,0.826086687162275,1.33233031623198,1,1.52165117993134,0.0216511799313381,0.0216511799313381,0.0216511799313381,0.000468773592419179,1.48696982087534,1.58192152202488,1,1.80527043168424,0.00527043168424179,0.00527043168424179,0.00527043168424179,2.77774501382598e-05,1.74778321683965,1.86198639572535,1
6,"n1400-b1_1-b2_2p5-b3_2p5",1400,8,58,1,1,0,0.9162907,0.9162907,1.5,1.8,1,1.3,0.0971428571428572,460,245,454,241,FALSE,NA,TRUE,NA,0.00693606752945417,0.00693606752945417,0.00693606752945417,0.00693606752945417,4.81090327731484e-05,-0.195271716638564,0.209606374410404,1,0.824196695584376,-0.0920940044156239,0.0920940044156239,0.0920940044156239,0.00848130564930495,0.647572316570985,1.00200861243966,1,0.925469066105468,0.00917836610546807,0.00917836610546807,0.00917836610546807,8.42424043660051e-05,0.67856449820054,1.17184751068458,1,1.48476908708184,-0.015230912918164,0.015230912918164,0.015230912918164,0.000231980708320696,1.42977357125573,1.5109507134066,1,1.79347609343935,-0.00652390656065482,0.00652390656065482,0.00652390656065482,4.25613568121551e-05,1.7493267431459,1.85510743289208,1
6,"n1400-b1_1-b2_2p5-b3_2p5",1400,9,59,1,1,0,0.9162907,0.9162907,1.5,1.8,1,1.3,0.1,461,237,465,237,FALSE,NA,TRUE,NA,-0.0307353957070844,-0.0307353957070844,0.0307353957070844,0.0307353957070844,0.000944664549271064,-0.237435962782536,0.174833870212569,1,0.950709606178059,0.0344189061780585,0.0344189061780585,0.0344189061780585,0.001184661102494,0.770497577478034,1.13068014411025,1,0.897675634205532,-0.0186150657944676,0.0186150657944676,0.0186150657944676,0.000346520674532357,0.650003269126852,1.14696989177099,1,1.47107740139389,-0.0289225986061137,0.0289225986061137,0.0289225986061137,0.000836516710130369,1.41659500808991,1.57816901859959,1,1.79356671940561,-0.0064332805943923,0.0064332805943923,0.0064332805943923,4.13870992061845e-05,1.74595876457671,1.87642090875438,1
6,"n1400-b1_1-b2_2p5-b3_2p5",1400,10,60,1,1,0,0.9162907,0.9162907,1.5,1.8,1,1.3,0.0957142857142858,460,254,463,223,FALSE,NA,TRUE,NA,-0.145242041944815,-0.145242041944815,0.145242041944815,0.145242041944815,0.0210952507482995,-0.349244984271541,0.0621864530047957,1,0.924179099584667,0.00788839958466703,0.00788839958466703,0.00788839958466703,6.22268480073749e-05,0.742157362944788,1.10978673544361,1,1.01464033522579,0.0983496352257893,0.0983496352257893,0.0983496352257893,0.00967265074904582,0.764388544918143,1.25821777236632,1,1.50905377375118,0.00905377375117578,0.00905377375117578,0.00905377375117578,8.19708191374795e-05,1.4808414695647,1.55947613727659,1,1.81680844455829,0.016808444558291,0.016808444558291,0.016808444558291,0.000282523808469142,1.77432183993446,1.89120609948551,1
7,"n1400-b1_1-b2_2p5-b3_2p5",1400,1,61,1,1,0,0.9162907,0.9162907,1.5,1.8,1,1.3,0.0928571428571429,466,218,473,243,FALSE,NA,TRUE,NA,0.00827084882100566,0.00827084882100566,0.00827084882100566,0.00827084882100566,6.84069402199307e-05,-0.202278631396193,0.217451736117439,1,0.917990244635864,0.00169954463586353,0.00169954463586353,0.00169954463586353,2.88845196929248e-06,0.742943734862077,1.09756132753207,1,0.89159350082825,-0.02469719917175,0.02469719917175,0.02469719917175,0.000609951646929086,0.642820310390688,1.14427388956789,1,1.50763362765621,0.00763362765621323,0.00763362765621323,0.00763362765621323,5.82722711937034e-05,1.48805857399294,1.55044577687916,1,1.81284812526441,0.0128481252644062,0.0128481252644062,0.0128481252644062,0.000165074322809872,1.73903192136969,1.9053150681253,1
7,"n1400-b1_1-b2_2p5-b3_2p5",1400,2,62,1,1,0,0.9162907,0.9162907,1.5,1.8,1,1.3,0.0971428571428572,434,226,497,243,FALSE,NA,TRUE,NA,0.118282980154005,0.118282980154005,0.118282980154005,0.118282980154005,0.0139908633941128,-0.0876650754880205,0.325880992500205,1,1.02044511872939,0.104154418729392,0.104154418729392,0.104154418729392,0.0108481429408575,0.842391102933573,1.19809067850704,1,0.769307168325143,-0.146983531674857,0.146983531674857,0.146983531674857,0.0216041585836136,0.519430496775422,1.01564844255508,1,1.51551057153427,0.0155105715342738,0.0155105715342738,0.0155105715342738,0.000240577829319825,1.45802441575096,1.5537235008173,1,1.79705341330497,-0.00294658669503045,0.00294658669503045,0.00294658669503045,8.68237315133048e-06,1.75272229318839,1.8338513789296,1
7,"n1400-b1_1-b2_2p5-b3_2p5",1400,3,63,1,1,0,0.9162907,0.9162907,1.5,1.8,1,1.3,0.0957142857142858,483,247,452,218,FALSE,NA,TRUE,NA,-0.00810271803762447,-0.00810271803762447,0.00810271803762447,0.00810271803762447,6.5654039597245e-05,-0.217316655947793,0.202969893397631,1,0.83264607879864,-0.0836446212013596,0.0836446212013596,0.0836446212013596,0.00699642265591894,0.645744523005355,1.01875078013813,1,0.968009319896735,0.0517186198967352,0.0517186198967352,0.0517186198967352,0.00267481564402297,0.716633636197802,1.22195983183426,1,1.49636752784731,-0.00363247215269147,0.00363247215269147,0.00363247215269147,1.3194853940079e-05,1.40096120622959,1.5387151017686,1,1.83875524036041,0.0387552403604083,0.0387552403604083,0.0387552403604083,0.00150196865539302,1.77379423167965,1.88820519569847,1
7,"n1400-b1_1-b2_2p5-b3_2p5",1400,4,64,1,1,0,0.9162907,0.9162907,1.5,1.8,1,1.3,0.09,446,257,491,206,FALSE,NA,TRUE,NA,-0.0670003327037415,-0.0670003327037415,0.0670003327037415,0.0670003327037415,0.00448904458241206,-0.276732447784835,0.143112483399046,1,0.992971766136042,0.0766810661360421,0.0766810661360421,0.0766810661360421,0.00587998590376006,0.809195321505104,1.18123808351778,1,1.00338484039139,0.087094140391387,0.087094140391387,0.087094140391387,0.00758538929051462,0.750681744295928,1.25442488583491,1,1.50849369519286,0.00849369519285847,0.00849369519285847,0.00849369519285847,7.21428580291872e-05,1.48993106846213,1.54413746232596,1,1.80749696252778,0.00749696252778276,0.00749696252778276,0.00749696252778276,5.62044471429788e-05,1.75929149098349,1.83985054334831,1
7,"n1400-b1_1-b2_2p5-b3_2p5",1400,5,65,1,1,0,0.9162907,0.9162907,1.5,1.8,1,1.3,0.0878571428571429,460,212,490,238,FALSE,NA,TRUE,NA,-0.146893492521374,-0.146893492521374,0.146893492521374,0.146893492521374,0.0215776981451269,-0.356600520755978,0.0629992589157302,1,0.846211818558273,-0.0700788814417274,0.0700788814417274,0.0700788814417274,0.00491104962412368,0.672584714375197,1.02072663400019,1,1.01685600505807,0.100565305058071,0.100565305058071,0.100565305058071,0.010113380581423,0.766510307092981,1.27253618677795,1,1.50112346683093,0.00112346683093101,0.00112346683093101,0.00112346683093101,1.26217772020216e-06,1.46388703630581,1.5583716215645,1,1.79877710166271,-0.00122289833729439,0.00122289833729439,0.00122289833729439,1.49548034335738e-06,1.76943940146146,1.84223313385266,1
7,"n1400-b1_1-b2_2p5-b3_2p5",1400,6,66,1,1,0,0.9162907,0.9162907,1.5,1.8,1,1.3,0.0871428571428572,466,249,467,218,FALSE,NA,TRUE,NA,-0.0147123015014042,-0.0147123015014042,0.0147123015014042,0.0147123015014042,0.000216451815468221,-0.224403423164005,0.193686137638413,1,1.04427281554991,0.127982115549911,0.127982115549911,0.127982115549911,0.0163794219006308,0.861739021455645,1.23003488801533,1,0.856018288725071,-0.0602724112749287,0.0602724112749287,0.0602724112749287,0.00363276356089415,0.60966899750391,1.10312195956322,1,1.50007502935432,7.50293543245739e-05,7.50293543245739e-05,7.50293543245739e-05,5.62940401036246e-09,1.47504320325524,1.53669969747094,1,1.75866116745469,-0.0413388325453083,0.0413388325453083,0.0413388325453083,0.00170889907620904,1.72955892885004,1.80951245759671,1
7,"n1400-b1_1-b2_2p5-b3_2p5",1400,7,67,1,1,0,0.9162907,0.9162907,1.5,1.8,1,1.3,0.0885714285714285,458,237,469,236,FALSE,NA,TRUE,NA,-0.0452204919704368,-0.0452204919704368,0.0452204919704368,0.0452204919704368,0.00204489289404834,-0.243308152352317,0.156838495510172,1,0.906722697462922,-0.00956800253707779,0.00956800253707779,0.00956800253707779,9.15466725495271e-05,0.732515485118544,1.08320679185674,1,0.888551482376167,-0.0277392176238328,0.0277392176238328,0.0277392176238328,0.000769464194382356,0.644503471132684,1.1363563553306,1,1.54082534754435,0.0408253475443543,0.0408253475443543,0.0408253475443543,0.00166670900211732,1.49500581547905,1.60560585184672,1,1.84278482558693,0.042784825586925,0.042784825586925,0.042784825586925,0.00183054130050359,1.78355893998514,1.95167019056725,1
7,"n1400-b1_1-b2_2p5-b3_2p5",1400,8,68,1,1,0,0.9162907,0.9162907,1.5,1.8,1,1.3,0.1,501,221,460,218,FALSE,NA,TRUE,NA,0.0679526658139089,0.0679526658139089,0.0679526658139089,0.0679526658139089,0.00461756479121678,-0.145524799735811,0.283470263131341,1,0.942854187931745,0.0265634879317453,0.0265634879317453,0.0265634879317453,0.000705618891099981,0.758502288918444,1.13596512863935,1,0.934937727726955,0.0186470277269555,0.0186470277269555,0.0186470277269555,0.000347711643049846,0.67818526737179,1.19258464148278,1,1.48779568658196,-0.0122043134180365,0.0122043134180365,0.0122043134180365,0.000148945266005666,1.46471220823153,1.51721715024097,1,1.80457603140158,0.00457603140158214,0.00457603140158214,0.00457603140158214,2.09400633882658e-05,1.77856988776607,1.83908438267747,1
7,"n1400-b1_1-b2_2p5-b3_2p5",1400,9,69,1,1,0,0.9162907,0.9162907,1.5,1.8,1,1.3,0.102857142857143,465,233,503,199,FALSE,NA,TRUE,NA,0.00313215400630476,0.00313215400630476,0.00313215400630476,0.00313215400630476,9.81038871921098e-06,-0.214202917468891,0.222408116125453,1,0.953375859098713,0.0370851590987129,0.0370851590987129,0.0370851590987129,0.00137530902537685,0.767365874873577,1.14751242474128,1,0.919647597162684,0.00335689716268406,0.00335689716268406,0.00335689716268406,1.12687585608363e-05,0.662016689798439,1.17757960910012,1,1.47213512668978,-0.0278648733102196,0.0278648733102196,0.0278648733102196,0.000776451164594588,1.4083697802538,1.52450417543489,1,1.80959621409717,0.00959621409716704,0.00959621409716704,0.00959621409716704,9.20873249986675e-05,1.77318026600256,1.85932294912322,1
7,"n1400-b1_1-b2_2p5-b3_2p5",1400,10,70,1,1,0,0.9162907,0.9162907,1.5,1.8,1,1.3,0.0928571428571429,475,220,489,216,FALSE,NA,TRUE,NA,-0.204888286349575,-0.204888286349575,0.204888286349575,0.204888286349575,0.0419792098832653,-0.425522120612834,0.0131563797370087,1,0.870514184130335,-0.0457765158696652,0.0457765158696652,0.0457765158696652,0.00209548940516571,0.692153897829689,1.05327810812375,1,1.16385967589386,0.247568975893856,0.247568975893856,0.247568975893856,0.0612903978251324,0.908628112146216,1.42231033329876,1,1.48004010443722,-0.0199598955627842,0.0199598955627842,0.0199598955627842,0.000398397430877253,1.44572338631388,1.51648309347513,1,1.76154003093239,-0.0384599690676053,0.0384599690676053,0.0384599690676053,0.00147916922068116,1.71167947781571,1.81836303867961,1
8,"n1400-b1_1-b2_2p5-b3_2p5",1400,1,71,1,1,0,0.9162907,0.9162907,1.5,1.8,1,1.3,0.0957142857142858,512,201,462,225,FALSE,NA,TRUE,NA,-0.00163962847596804,-0.00163962847596804,0.00163962847596804,0.00163962847596804,2.68838153920529e-06,-0.22272408010517,0.221551014268441,1,0.972235182312922,0.0559444823129223,0.0559444823129223,0.0559444823129223,0.00312978510126087,0.790230459756595,1.15856126275877,1,0.775433137532054,-0.140857562467946,0.140857562467946,0.140857562467946,0.0198408529044114,0.515186491166956,1.03448302153151,1,1.48433789909628,-0.0156621009037228,0.0156621009037228,0.0156621009037228,0.000245301404718394,1.43481463804836,1.53000428557964,1,1.77712644681649,-0.0228735531835085,0.0228735531835085,0.0228735531835085,0.000523199435238791,1.75082704571215,1.8273424294598,1
8,"n1400-b1_1-b2_2p5-b3_2p5",1400,2,72,1,1,0,0.9162907,0.9162907,1.5,1.8,1,1.3,0.0921428571428572,471,240,458,231,FALSE,NA,TRUE,NA,-0.1072311482843,-0.1072311482843,0.1072311482843,0.1072311482843,0.0114985191623695,-0.310743615408778,0.0978792320155865,1,0.826052709935349,-0.0902379900646513,0.0902379900646513,0.0902379900646513,0.0081428948509081,0.650112266173675,1.00384211031198,1,0.890199224934528,-0.026091475065472,0.026091475065472,0.026091475065472,0.00068076507109215,0.645630554583673,1.13850075816564,1,1.53737796489446,0.0373779648944579,0.0373779648944579,0.0373779648944579,0.00139711225965133,1.4745611962944,1.60394125829117,1,1.86019868150974,0.0601986815097357,0.0601986815097357,0.0601986815097357,0.0036238812555106,1.79537151756826,1.92772587803811,1
8,"n1400-b1_1-b2_2p5-b3_2p5",1400,3,73,1,1,0,0.9162907,0.9162907,1.5,1.8,1,1.3,0.101428571428571,460,237,465,238,FALSE,NA,TRUE,NA,0.053083321701851,0.053083321701851,0.053083321701851,0.053083321701851,0.0028178390429022,-0.151857874473757,0.256405850539168,1,0.787470281912119,-0.128820418087881,0.128820418087881,0.128820418087881,0.0165947001163364,0.615061270666668,0.965472186595352,1,0.997632156729537,0.0813414567295372,0.0813414567295372,0.0813414567295372,0.00661643258288317,0.746891117577813,1.24722503586572,1,1.51751341117367,0.0175134111736728,0.0175134111736728,0.0175134111736728,0.000306719570938126,1.46026879382114,1.57074123255617,1,1.83800981996457,0.0380098199645744,0.0380098199645744,0.0380098199645744,0.00144474641373936,1.77841431687243,1.91229481922644,1
8,"n1400-b1_1-b2_2p5-b3_2p5",1400,4,74,1,1,0,0.9162907,0.9162907,1.5,1.8,1,1.3,0.109285714285714,460,231,471,238,FALSE,NA,TRUE,NA,0.0509560685246919,0.0509560685246919,0.0509560685246919,0.0509560685246919,0.00259652091949309,-0.159256377754731,0.264848580148542,1,1.11594603929598,0.199655339295975,0.199655339295975,0.199655339295975,0.039862254509391,0.932882923404046,1.30239521292471,0,0.81771100528344,-0.0985796947165597,0.0985796947165597,0.0985796947165597,0.00971795621041011,0.564912685822972,1.07213535813641,1,1.51292696362071,0.0129269636207059,0.0129269636207059,0.0129269636207059,0.000167106388451054,1.49306301101096,1.5458715235022,1,1.81326663761521,0.0132666376152111,0.0132666376152111,0.0132666376152111,0.000176003673613333,1.75619552947529,1.84748884825796,1
8,"n1400-b1_1-b2_2p5-b3_2p5",1400,5,75,1,1,0,0.9162907,0.9162907,1.5,1.8,1,1.3,0.113571428571429,478,220,444,258,FALSE,NA,TRUE,NA,0.28919829173199,0.28919829173199,0.28919829173199,0.28919829173199,0.0836356519407011,0.078329276363356,0.496796317913103,0,1.02592107165448,0.109630371654484,0.109630371654484,0.109630371654484,0.0120188183891003,0.84676171627551,1.21014698133472,1,0.764592941794463,-0.151697758205537,0.151697758205537,0.151697758205537,0.0230122098445856,0.515752315970278,1.01604083053419,1,1.51473546097957,0.0147354609795682,0.0147354609795682,0.0147354609795682,0.000217133810280378,1.46261448416524,1.55895918176522,1,1.81822353914646,0.0182235391464585,0.0182235391464585,0.0182235391464585,0.000332097379022504,1.77369169948763,1.85917260139192,1
8,"n1400-b1_1-b2_2p5-b3_2p5",1400,6,76,1,1,0,0.9162907,0.9162907,1.5,1.8,1,1.3,0.105,446,214,474,266,FALSE,NA,TRUE,NA,0.137925724509487,0.137925724509487,0.137925724509487,0.137925724509487,0.0190235054814668,-0.0668263533363007,0.341368903635141,1,0.985236161368457,0.0689454613684567,0.0689454613684567,0.0689454613684567,0.00475347664330935,0.811662538963167,1.16162654098841,1,0.860469531241191,-0.0558211687588086,0.0558211687588086,0.0558211687588086,0.00311600288159939,0.614704132464999,1.1106570244527,1,1.52772459500403,0.0277245950040261,0.0277245950040261,0.0277245950040261,0.000768653168137271,1.4266501167094,1.64168778622903,1,1.812935101667,0.0129351016670014,0.0129351016670014,0.0129351016670014,0.000167316855135662,1.74678370029137,1.91196280974832,1
8,"n1400-b1_1-b2_2p5-b3_2p5",1400,7,77,1,1,0,0.9162907,0.9162907,1.5,1.8,1,1.3,0.112857142857143,450,229,474,247,FALSE,NA,TRUE,NA,-0.163094769661504,-0.163094769661504,0.163094769661504,0.163094769661504,0.0265999038909391,-0.376826761926265,0.0468976731392537,1,0.876226566539715,-0.0400641334602853,0.0400641334602853,0.0400641334602853,0.00160513478992355,0.699807057793938,1.05256865457505,1,1.06996993117966,0.15367923117966,0.15367923117966,0.15367923117966,0.0236173060959714,0.815844300729499,1.32278777422644,1,1.4899972482158,-0.0100027517842025,0.0100027517842025,0.0100027517842025,0.000100055043256367,1.45868523025845,1.53577126660226,1,1.76029158016209,-0.0397084198379121,0.0397084198379121,0.0397084198379121,0.00157675860602389,1.70021705225389,1.8105522805345,1
8,"n1400-b1_1-b2_2p5-b3_2p5",1400,8,78,1,1,0,0.9162907,0.9162907,1.5,1.8,1,1.3,0.103571428571429,457,242,474,227,FALSE,NA,TRUE,NA,-0.163995733834524,-0.163995733834524,0.163995733834524,0.163995733834524,0.0268946007159241,-0.371622777526488,0.0436427190204929,1,0.740447065710668,-0.175843634289332,0.175843634289332,0.175843634289332,0.0309209837200803,0.56483321688826,0.917984348705507,1,1.19410206447736,0.277811364477355,0.277811364477355,0.277811364477355,0.0771791542327698,0.941710842176941,1.44756628227251,0,1.51591206304038,0.0159120630403826,0.0159120630403826,0.0159120630403826,0.000253193750201111,1.49074400213315,1.55168322375266,1,1.81436099516794,0.0143609951679355,0.0143609951679355,0.0143609951679355,0.000206238182213468,1.79545929732479,1.85307863398932,1
8,"n1400-b1_1-b2_2p5-b3_2p5",1400,9,79,1,1,0,0.9162907,0.9162907,1.5,1.8,1,1.3,0.0971428571428572,462,242,439,257,FALSE,NA,TRUE,NA,0.132105048903347,0.132105048903347,0.132105048903347,0.132105048903347,0.0174517439457558,-0.0657417802704261,0.335568177843672,1,0.929001427784691,0.012710727784691,0.012710727784691,0.012710727784691,0.000161562600816515,0.755121862654967,1.10654361852486,1,0.710637112993197,-0.205653587006803,0.205653587006803,0.205653587006803,0.0422933978487645,0.46763472221996,0.951528453839954,1,1.51555995255448,0.0155599525544803,0.0155599525544803,0.0155599525544803,0.000242112123497677,1.4235868125522,1.62231935216795,1,1.82040868295534,0.0204086829553358,0.0204086829553358,0.0204086829553358,0.000416514339971415,1.74977306082978,1.91453593362805,1
8,"n1400-b1_1-b2_2p5-b3_2p5",1400,10,80,1,1,0,0.9162907,0.9162907,1.5,1.8,1,1.3,0.0907142857142857,456,244,475,225,FALSE,NA,TRUE,NA,-0.0456387176688175,-0.0456387176688175,0.0456387176688175,0.0456387176688175,0.00208289255045404,-0.250002876788162,0.15945206704065,1,0.844266655523999,-0.0720240444760014,0.0720240444760014,0.0720240444760014,0.00518746298268103,0.665171189287769,1.02883378051706,1,0.961214212734778,0.0449235127347776,0.0449235127347776,0.0449235127347776,0.00201812199643172,0.713357928654918,1.21084989930019,1,1.50689957550182,0.00689957550181686,0.00689957550181686,0.00689957550181686,4.76041421052713e-05,1.4544288450313,1.55611615955979,1,1.80257022317949,0.00257022317949307,0.00257022317949307,0.00257022317949307,6.60604719240346e-06,1.66297314975565,1.8850226600784,1
9,"n1400-b1_1-b2_2p5-b3_2p5",1400,1,81,1,1,0,0.9162907,0.9162907,1.5,1.8,1,1.3,0.107142857142857,459,235,467,239,FALSE,NA,TRUE,NA,-0.124293309200316,-0.124293309200316,0.124293309200316,0.124293309200316,0.0154488267119653,-0.337616872804359,0.0847708939618077,1,0.806883654246945,-0.109407045753055,0.109407045753055,0.109407045753055,0.0119699016604111,0.63181336184002,0.987012967433363,1,1.1800655652396,0.263774865239603,0.263774865239603,0.263774865239603,0.0695771795321705,0.925389888225802,1.43260430154248,0,1.51412326281631,0.0141232628163079,0.0141232628163079,0.0141232628163079,0.000199466552578506,1.4763424683701,1.54569388602593,1,1.79979054966172,-0.000209450338282569,0.000209450338282569,0.000209450338282569,4.38694442066824e-08,1.77754591369181,1.83340641976848,1
9,"n1400-b1_1-b2_2p5-b3_2p5",1400,2,82,1,1,0,0.9162907,0.9162907,1.5,1.8,1,1.3,0.0885714285714285,474,228,450,248,FALSE,NA,TRUE,NA,0.10909361241419,0.10909361241419,0.10909361241419,0.10909361241419,0.0119014162695774,-0.0934765700935496,0.311782191543071,1,1.09812578720946,0.181835087209459,0.181835087209459,0.181835087209459,0.0330639989404714,0.920875492743559,1.28184563461373,0,0.640322891502073,-0.275967808497927,0.275967808497927,0.275967808497927,0.0761582313271488,0.396710734399238,0.88233329273751,0,1.5051879426575,0.00518794265749545,0.00518794265749545,0.00518794265749545,2.69147490174609e-05,1.48189429173946,1.53869878136624,1,1.81263466398032,0.0126346639803236,0.0126346639803236,0.0126346639803236,0.000159634733895688,1.78530859602947,1.86003740620058,1
9,"n1400-b1_1-b2_2p5-b3_2p5",1400,3,83,1,1,0,0.9162907,0.9162907,1.5,1.8,1,1.3,0.102142857142857,446,255,452,247,FALSE,NA,TRUE,NA,0.0790700183438469,0.0790700183438469,0.0790700183438469,0.0790700183438469,0.00625206780089629,-0.121299575160941,0.281617592441193,1,1.009420527329,0.0931298273289991,0.0931298273289991,0.0931298273289991,0.00867316473832919,0.832823398384517,1.19058627571019,1,0.773997000738744,-0.142293699261256,0.142293699261256,0.142293699261256,0.0202474968494528,0.528739758196004,1.01833347261156,1,1.52724529646279,0.0272452964627872,0.0272452964627872,0.0272452964627872,0.000742306179345163,1.49326617169614,1.61482991383278,1,1.8128385786984,0.0128385786984033,0.0128385786984033,0.0128385786984033,0.000164829102995096,1.78433765248771,1.86211631263569,1
9,"n1400-b1_1-b2_2p5-b3_2p5",1400,4,84,1,1,0,0.9162907,0.9162907,1.5,1.8,1,1.3,0.109285714285714,461,212,477,250,FALSE,NA,TRUE,NA,-0.0457080436441739,-0.0457080436441739,0.0457080436441739,0.0457080436441739,0.00208922525377771,-0.263292290706413,0.165717841038512,1,0.900251928387965,-0.016038771612035,0.016038771612035,0.016038771612035,0.000257242194823021,0.724676984778002,1.07179763727314,1,0.870888851415061,-0.0454018485849388,0.0454018485849388,0.0454018485849388,0.00206132785492971,0.619540963377613,1.1279650763274,1,1.48718019745497,-0.0128198025450328,0.0128198025450328,0.0128198025450328,0.000164347337293629,1.44523685200642,1.53679935620134,1,1.80521079852532,0.00521079852532091,0.00521079852532091,0.00521079852532091,2.71524212714866e-05,1.75404956277166,1.86820683688979,1
9,"n1400-b1_1-b2_2p5-b3_2p5",1400,5,85,1,1,0,0.9162907,0.9162907,1.5,1.8,1,1.3,0.0921428571428572,451,251,453,245,FALSE,NA,TRUE,NA,-0.188224208598021,-0.188224208598021,0.188224208598021,0.188224208598021,0.0354283527023512,-0.388393627893044,0.0108080549803121,1,0.764260717447929,-0.152029982552071,0.152029982552071,0.152029982552071,0.0231131155947829,0.589159698491839,0.939476410574275,1,1.2028323906211,0.286541690621098,0.286541690621098,0.286541690621098,0.0821061404639972,0.953368417138709,1.45117448761148,0,1.49923998850964,-0.000760011490357204,0.000760011490357204,0.000760011490357204,5.77617465474979e-07,1.44018126474193,1.63757060079409,1,1.77402022435571,-0.0259797756442937,0.0259797756442937,0.0259797756442937,0.000674948742527834,1.68139610480786,1.84552421818219,1
9,"n1400-b1_1-b2_2p5-b3_2p5",1400,6,86,1,1,0,0.9162907,0.9162907,1.5,1.8,1,1.3,0.106428571428571,436,239,483,242,FALSE,NA,TRUE,NA,-0.0464803887122686,-0.0464803887122686,0.0464803887122686,0.0464803887122686,0.00216042653484358,-0.252134726003345,0.15705876326946,1,0.809474814942962,-0.106815885057038,0.106815885057038,0.106815885057038,0.0114096333005183,0.639325817952164,0.984831411267386,1,0.949521551119009,0.0332308511190087,0.0332308511190087,0.0332308511190087,0.00110428946609372,0.700524263799655,1.19783905659399,1,1.49430910044073,-0.00569089955927016,0.00569089955927016,0.00569089955927016,3.23863377937013e-05,1.47703588862946,1.51691858128124,1,1.8054375763878,0.00543757638780362,0.00543757638780362,0.00543757638780362,2.95672369731995e-05,1.76466093238259,1.85105506367174,1
9,"n1400-b1_1-b2_2p5-b3_2p5",1400,7,87,1,1,0,0.9162907,0.9162907,1.5,1.8,1,1.3,0.0921428571428572,440,260,475,225,FALSE,NA,TRUE,NA,-0.036827728083886,-0.036827728083886,0.036827728083886,0.036827728083886,0.00135628155582065,-0.24026480455309,0.163515255341521,1,0.858462467365877,-0.0578282326341231,0.0578282326341231,0.0578282326341231,0.00334410448958626,0.678253538713687,1.03748433442754,1,0.959391345665587,0.0431006456655869,0.0431006456655869,0.0431006456655869,0.00185766565679048,0.715326770984698,1.20524390760378,1,1.50195257523727,0.00195257523727443,0.00195257523727443,0.00195257523727443,3.81255005721731e-06,1.47740098536923,1.52974896865467,1,1.79489854711933,-0.00510145288067121,0.00510145288067121,0.00510145288067121,2.60248214937086e-05,1.74718314787306,1.88222143091381,1
9,"n1400-b1_1-b2_2p5-b3_2p5",1400,8,88,1,1,0,0.9162907,0.9162907,1.5,1.8,1,1.3,0.0864285714285714,486,241,457,216,FALSE,NA,TRUE,NA,-0.0687253341553721,-0.0687253341553721,0.0687253341553721,0.0687253341553721,0.00472317155476756,-0.282173384846969,0.146629600967533,1,0.960827325407697,0.0445366254076973,0.0445366254076973,0.0445366254076973,0.00198351100270555,0.777247845812775,1.14874106464781,1,0.951395792900792,0.0351050929007924,0.0351050929007924,0.0351050929007924,0.00123236754757327,0.700747464775994,1.20906285851041,1,1.48274912571163,-0.017250874288369,0.017250874288369,0.017250874288369,0.000297592663713111,1.46843950569347,1.49787883427081,0,1.77937437263714,-0.0206256273628591,0.0206256273628591,0.0206256273628591,0.000425416504111523,1.75569876640627,1.81231850612155,1
9,"n1400-b1_1-b2_2p5-b3_2p5",1400,9,89,1,1,0,0.9162907,0.9162907,1.5,1.8,1,1.3,0.11,475,241,451,233,FALSE,NA,TRUE,NA,-0.0965088515648326,-0.0965088515648326,0.0965088515648326,0.0965088515648326,0.00931395843036289,-0.307099074073199,0.115620146256909,1,0.818325983244658,-0.0979647167553418,0.0979647167553418,0.0979647167553418,0.00959708572895435,0.634967989011561,1.00369088051675,1,1.1156083069875,0.199317606987497,0.199317606987497,0.199317606987497,0.0397275084552222,0.8617501640158,1.36945200425651,1,1.49552944575822,-0.00447055424177512,0.00447055424177512,0.00447055424177512,1.99858552286535e-05,1.46032433517256,1.53443367262488,1,1.77361258454112,-0.0263874154588821,0.0263874154588821,0.0263874154588821,0.000696295694599651,1.71103923986476,1.83774499436908,1
9,"n1400-b1_1-b2_2p5-b3_2p5",1400,10,90,1,1,0,0.9162907,0.9162907,1.5,1.8,1,1.3,0.0914285714285714,450,239,468,243,FALSE,NA,TRUE,NA,0.210996290778082,0.210996290778082,0.210996290778082,0.210996290778082,0.044519434722109,0.00768559852135607,0.415203188178919,0,0.966647369337658,0.0503566693376583,0.0503566693376583,0.0503566693376583,0.00253579414678225,0.790809626570676,1.14889326520984,1,0.792392749505004,-0.123897950494996,0.123897950494996,0.123897950494996,0.0153507021368604,0.546103487447785,1.03778452242732,1,1.41177986296562,-0.0882201370343825,0.0882201370343825,0.0882201370343825,0.00778279257836522,1.37483580045742,1.50271433734484,1,1.77184556151981,-0.0281544384801866,0.0281544384801866,0.0281544384801866,0.000792672406134613,1.72509783748459,1.81946617307598,1
10,"n1400-b1_1-b2_2p5-b3_2p5",1400,1,91,1,1,0,0.9162907,0.9162907,1.5,1.8,1,1.3,0.107142857142857,471,271,428,230,FALSE,NA,TRUE,NA,-0.0330750192531919,-0.0330750192531919,0.0330750192531919,0.0330750192531919,0.00109395689859901,-0.236118708876953,0.166705534406684,1,0.890108605502358,-0.0261820944976416,0.0261820944976416,0.0261820944976416,0.000685502072283437,0.709156372197788,1.07280895728519,1,0.909642945846364,-0.00664775415363561,0.00664775415363561,0.00664775415363561,4.41926352871795e-05,0.664628462378347,1.15933711931777,1,1.52870422804776,0.0287042280477587,0.0287042280477587,0.0287042280477587,0.00082393270781774,1.48593770695137,1.58821935652501,1,1.84043356130571,0.0404335613057056,0.0404335613057056,0.0404335613057056,0.00163487287986226,1.78014298009047,1.91244656205423,1
10,"n1400-b1_1-b2_2p5-b3_2p5",1400,2,92,1,1,0,0.9162907,0.9162907,1.5,1.8,1,1.3,0.0964285714285714,455,230,470,245,FALSE,NA,TRUE,NA,0.0504639103028101,0.0504639103028101,0.0504639103028101,0.0504639103028101,0.00254660624305007,-0.155878324198844,0.2567245735716,1,0.98040175163222,0.0641110516322204,0.0641110516322204,0.0641110516322204,0.00411022694138923,0.804324793964386,1.1604712854685,1,0.876375665542999,-0.0399150344570014,0.0399150344570014,0.0399150344570014,0.00159320997570361,0.632435133137618,1.12789441017902,1,1.46633638081233,-0.0336636191876674,0.0336636191876674,0.0336636191876674,0.00113323925681229,1.4376567353124,1.54289928111188,1,1.73465791004904,-0.0653420899509598,0.0653420899509598,0.0653420899509598,0.00426958871915932,1.63473134637931,1.85136141815294,1
10,"n1400-b1_1-b2_2p5-b3_2p5",1400,3,93,1,1,0,0.9162907,0.9162907,1.5,1.8,1,1.3,0.108571428571429,442,223,498,237,FALSE,NA,TRUE,NA,0.0825458814987435,0.0825458814987435,0.0825458814987435,0.0825458814987435,0.00681382255240461,-0.133456494554019,0.296982447549639,1,0.98727519594905,0.07098449594905,0.07098449594905,0.07098449594905,0.00503879866514069,0.804806798693756,1.17286807914818,1,0.892721164199582,-0.023569535800418,0.023569535800418,0.023569535800418,0.000555523017847185,0.635084245998185,1.14865195570009,1,1.46483965406231,-0.0351603459376875,0.0351603459376875,0.0351603459376875,0.00123624992645786,1.4341657745034,1.507591112618,1,1.77633183847467,-0.0236681615253262,0.0236681615253262,0.0236681615253262,0.000560181869988934,1.74063626319906,1.81357786796537,1
10,"n1400-b1_1-b2_2p5-b3_2p5",1400,4,94,1,1,0,0.9162907,0.9162907,1.5,1.8,1,1.3,0.100714285714286,416,256,496,232,FALSE,NA,TRUE,NA,-0.0151979690726147,-0.0151979690726147,0.0151979690726147,0.0151979690726147,0.000230978263932152,-0.217296835722954,0.182634537896529,1,0.915490864760746,-0.000799835239253532,0.000799835239253532,0.000799835239253532,6.39736409951755e-07,0.736736778729645,1.09482673914243,1,0.908634882549353,-0.00765581745064681,0.00765581745064681,0.00765581745064681,5.86115408376282e-05,0.666117178095827,1.15681808531546,1,1.55209822096138,0.0520982209613752,0.0520982209613752,0.0520982209613752,0.00271422462734027,1.50405744848195,1.66548951511422,0,1.84223942161997,0.0422394216199695,0.0422394216199695,0.0422394216199695,0.00178416873878955,1.79863974845108,1.92530376775614,1
10,"n1400-b1_1-b2_2p5-b3_2p5",1400,5,95,1,1,0,0.9162907,0.9162907,1.5,1.8,1,1.3,0.0985714285714285,477,235,481,207,FALSE,NA,TRUE,NA,-0.0958583488119668,-0.0958583488119668,0.0958583488119668,0.0958583488119668,0.00918882303695669,-0.307979463680353,0.118353640813791,1,0.803133710258742,-0.113156989741258,0.113156989741258,0.113156989741258,0.0128045043273031,0.620541885656564,0.989622177217342,1,1.02938732951216,0.11309662951216,0.11309662951216,0.11309662951216,0.0127908476070108,0.771194729293421,1.28282923389654,1,1.50146570433762,0.00146570433761539,0.00146570433761539,0.00146570433761539,2.14828920530458e-06,1.47538143296807,1.53165931921461,1,1.7924075665951,-0.00759243340490356,0.00759243340490356,0.00759243340490356,5.76450450078955e-05,1.7325655771593,1.82779989693686,1
10,"n1400-b1_1-b2_2p5-b3_2p5",1400,6,96,1,1,0,0.9162907,0.9162907,1.5,1.8,1,1.3,0.0914285714285714,448,250,450,252,FALSE,NA,TRUE,NA,-0.0994267574993021,-0.0994267574993021,0.0994267574993021,0.0994267574993021,0.00988568010682502,-0.297391439793478,0.0991299036898213,1,0.954408904688527,0.0381182046885274,0.0381182046885274,0.0381182046885274,0.00145299752867648,0.77960818121005,1.13063044717665,1,0.857777400348827,-0.0585132996511727,0.0585132996511727,0.0585132996511727,0.00342380623606793,0.615118296837614,1.09845435275224,1,1.50062781552863,0.000627815528628561,0.000627815528628561,0.000627815528628561,3.9415233798716e-07,1.48774089485332,1.5226734137161,1,1.81621741308093,0.0162174130809278,0.0162174130809278,0.0162174130809278,0.000263004487037449,1.78840832143593,1.84109965468839,1
10,"n1400-b1_1-b2_2p5-b3_2p5",1400,7,97,1,1,0,0.9162907,0.9162907,1.5,1.8,1,1.3,0.0885714285714285,453,214,474,259,FALSE,NA,TRUE,NA,-0.0255471013625136,-0.0255471013625136,0.0255471013625136,0.0255471013625136,0.000652654388026546,-0.233216335187432,0.17940433642635,1,0.866519295741845,-0.0497714042581551,0.0497714042581551,0.0497714042581551,0.0024771926818287,0.69518661596827,1.03746790285938,1,0.992654727969675,0.0763640279696755,0.0763640279696755,0.0763640279696755,0.00583146476775337,0.748180074863483,1.24014385733946,1,1.49084533582697,-0.00915466417302691,0.00915466417302691,0.00915466417302691,8.38078761209024e-05,1.43602721677002,1.57464658958671,1,1.76131702129641,-0.0386829787035883,0.0386829787035883,0.0386829787035883,0.00149637284138226,1.71595032608794,1.82521443342943,1
10,"n1400-b1_1-b2_2p5-b3_2p5",1400,8,98,1,1,0,0.9162907,0.9162907,1.5,1.8,1,1.3,0.0992857142857143,438,205,491,266,FALSE,NA,TRUE,NA,-0.121178474327174,-0.121178474327174,0.121178474327174,0.121178474327174,0.0146842226402615,-0.334430782276349,0.0895882525076178,1,0.889258877303192,-0.0270318226968081,0.0270318226968081,0.0270318226968081,0.000730719438311672,0.72246323150177,1.05986989056448,1,0.942416821331038,0.0261261213310375,0.0261261213310375,0.0261261213310375,0.000682574215804094,0.691916275892211,1.19408915339444,1,1.51160915930026,0.0116091593002599,0.0116091593002599,0.0116091593002599,0.00013477257965881,1.4800098961197,1.56924328242652,1,1.77581596279141,-0.024184037208588,0.024184037208588,0.024184037208588,0.000584867655706368,1.72369086827656,1.8421098725981,1
10,"n1400-b1_1-b2_2p5-b3_2p5",1400,9,99,1,1,0,0.9162907,0.9162907,1.5,1.8,1,1.3,0.0942857142857143,463,234,455,248,FALSE,NA,TRUE,NA,0.000674206836557983,0.000674206836557983,0.000674206836557983,0.000674206836557983,4.54554858461523e-07,-0.198538292005309,0.201654497185758,1,0.806434584408405,-0.109856115591595,0.109856115591595,0.109856115591595,0.0120683661328739,0.632475332879865,0.98638895932038,1,1.02083105102964,0.104540351029641,0.104540351029641,0.104540351029641,0.0109286849934005,0.777426133713562,1.26761462737278,1,1.49283822770383,-0.00716177229616966,0.00716177229616966,0.00716177229616966,5.12909824221832e-05,1.46109326668951,1.5257598181188,1,1.77569406738701,-0.0243059326129869,0.0243059326129869,0.0243059326129869,0.000590778360187058,1.75021791949127,1.80177104509184,1
10,"n1400-b1_1-b2_2p5-b3_2p5",1400,10,100,1,1,0,0.9162907,0.9162907,1.5,1.8,1,1.3,0.0871428571428572,486,226,458,230,FALSE,NA,TRUE,NA,-0.136777390055282,-0.136777390055282,0.136777390055282,0.136777390055282,0.0187080544303346,-0.345155567243787,0.0736682352163832,1,0.768222446933946,-0.148068253066054,0.148068253066054,0.148068253066054,0.0219242075660331,0.597655363572784,0.945251201023491,1,1.09272585979953,0.176435159799527,0.176435159799527,0.176435159799527,0.0311293656134847,0.843840165202179,1.3386795709288,1,1.47735736557217,-0.0226426344278254,0.0226426344278254,0.0226426344278254,0.000512688893832146,1.44744905125841,1.51191443435044,1,1.76830179181851,-0.0316982081814909,0.0316982081814909,0.0316982081814909,0.00100477640191714,1.72144205709185,1.81761455947355,1
11,"n1400-b1_1-b2_2p5-b3_2p5",1400,1,101,1,1,0,0.9162907,0.9162907,1.5,1.8,1,1.3,0.09,466,214,476,244,FALSE,NA,TRUE,NA,-0.0714496008941176,-0.0714496008941176,0.0714496008941176,0.0714496008941176,0.00510504546792868,-0.279714414735806,0.131663185074939,1,0.894113036366309,-0.0221776636336911,0.0221776636336911,0.0221776636336911,0.000491848764249145,0.719145375187469,1.06789851101297,1,1.11963485110486,0.203344151104859,0.203344151104859,0.203344151104859,0.0413488437885557,0.871504186245367,1.37268546592572,1,1.50613570243907,0.00613570243907247,0.00613570243907247,0.00613570243907247,3.76468444208398e-05,1.43315274609827,1.55016230636012,1,1.81978497419909,0.0197849741990899,0.0197849741990899,0.0197849741990899,0.000391445204058652,1.77827008827771,1.88479699847334,1
11,"n1400-b1_1-b2_2p5-b3_2p5",1400,2,102,1,1,0,0.9162907,0.9162907,1.5,1.8,1,1.3,0.105714285714286,451,221,473,255,FALSE,NA,TRUE,NA,-0.074765584043386,-0.074765584043386,0.074765584043386,0.074765584043386,0.00558989255734861,-0.286259132316019,0.132496905309323,1,1.02900041522328,0.112709715223278,0.112709715223278,0.112709715223278,0.0127034799057124,0.855634513094174,1.20749556982189,1,1.08114618433387,0.164855484333872,0.164855484333872,0.164855484333872,0.0271773307149555,0.830867733683354,1.33276931177509,1,1.51878375506803,0.0187837550680263,0.0187837550680263,0.0187837550680263,0.000352829454455604,1.50103797010859,1.56016914851925,0,1.81692994256285,0.0169299425628464,0.0169299425628464,0.0169299425628464,0.000286622955181279,1.79907608085544,1.85321291911361,1
11,"n1400-b1_1-b2_2p5-b3_2p5",1400,3,103,1,1,0,0.9162907,0.9162907,1.5,1.8,1,1.3,0.085,465,251,459,225,FALSE,NA,TRUE,NA,0.0657370263070556,0.0657370263070556,0.0657370263070556,0.0657370263070556,0.00432135662769452,-0.13333770556915,0.270855645298668,1,0.852653071493975,-0.0636376285060248,0.0636376285060248,0.0636376285060248,0.00404974776187082,0.677435277832759,1.03379508927943,1,0.956710093503206,0.040419393503206,0.040419393503206,0.040419393503206,0.00163372737116701,0.710773515531799,1.1995592695861,1,1.5296904824184,0.0296904824184017,0.0296904824184017,0.0296904824184017,0.000881524746237418,1.48010790155376,1.62918554000447,1,1.80287293910438,0.00287293910437847,0.00287293910437847,0.00287293910437847,8.25377909746696e-06,1.74996060449344,1.90908675795335,1
11,"n1400-b1_1-b2_2p5-b3_2p5",1400,4,104,1,1,0,0.9162907,0.9162907,1.5,1.8,1,1.3,0.1,446,222,507,225,FALSE,NA,TRUE,NA,-0.0519742532873164,-0.0519742532873164,0.0519742532873164,0.0519742532873164,0.00270132300477412,-0.267202343263719,0.160023146258597,1,0.799483830121397,-0.116806869878603,0.116806869878603,0.116806869878603,0.0136438448508369,0.622586531699681,0.979922759766274,1,1.00347743448619,0.0871867344861925,0.0871867344861925,0.0871867344861925,0.00760152667036583,0.749760480330531,1.25602057145067,1,1.49525880859883,-0.00474119140117302,0.00474119140117302,0.00474119140117302,2.2478895902557e-05,1.48016263222473,1.5234278704609,1,1.80152707950874,0.00152707950874298,0.00152707950874298,0.00152707950874298,2.3319718260227e-06,1.78087646630554,1.84903358693891,1
11,"n1400-b1_1-b2_2p5-b3_2p5",1400,5,105,1,1,0,0.9162907,0.9162907,1.5,1.8,1,1.3,0.107142857142857,449,252,473,226,FALSE,NA,TRUE,NA,0.0383540554358129,0.0383540554358129,0.0383540554358129,0.0383540554358129,0.00147103356837341,-0.168928956124303,0.247981657219931,1,0.858726952459718,-0.0575637475402825,0.0575637475402825,0.0575637475402825,0.00331358503088138,0.67847796384168,1.04435646952332,1,0.840585102931522,-0.0757055970684781,0.0757055970684781,0.0757055970684781,0.00573133742749476,0.588663957579735,1.08957988312113,1,1.53028995732667,0.0302899573266733,0.0302899573266733,0.0302899573266733,0.000917481514851688,1.49190146713581,1.61017704942664,1,1.80372146754303,0.00372146754303393,0.00372146754303393,0.00372146754303393,1.3849320673855e-05,1.71399706678272,1.8786423519668,1
11,"n1400-b1_1-b2_2p5-b3_2p5",1400,6,106,1,1,0,0.9162907,0.9162907,1.5,1.8,1,1.3,0.095,487,232,470,211,FALSE,NA,TRUE,NA,-0.0776499585073743,-0.0776499585073743,0.0776499585073743,0.0776499585073743,0.00602951605619696,-0.288677956536404,0.13470263455204,1,0.922630948185362,0.00634024818536216,0.00634024818536216,0.00634024818536216,4.01987470519882e-05,0.740145616562663,1.10905366965075,1,1.04851217321734,0.132221473217335,0.132221473217335,0.132221473217335,0.0174825179797625,0.79647803489146,1.3029308599211,1,1.51999580950929,0.0199958095092874,0.0199958095092874,0.0199958095092874,0.000399832397931707,1.46864179054923,1.55934859933718,1,1.8229551240471,0.0229551240470978,0.0229551240470978,0.0229551240470978,0.000526937720017646,1.79299789023553,1.85050974570599,1
11,"n1400-b1_1-b2_2p5-b3_2p5",1400,7,107,1,1,0,0.9162907,0.9162907,1.5,1.8,1,1.3,0.102142857142857,444,240,468,248,FALSE,NA,TRUE,NA,0.101462002236359,0.101462002236359,0.101462002236359,0.101462002236359,0.010294537897811,-0.100204204753437,0.302534563500878,1,0.853377068732605,-0.0629136312673951,0.0629136312673951,0.0629136312673951,0.00395812499924976,0.678201361226663,1.03169493066598,1,0.893936657497068,-0.022354042502932,0.022354042502932,0.022354042502932,0.000499703216222892,0.647977088987321,1.1402919190787,1,1.49981094552878,-0.000189054471218419,0.000189054471218419,0.000189054471218419,3.57415930876762e-08,1.46890481138519,1.57104210852475,1,1.79692107135348,-0.00307892864652182,0.00307892864652182,0.00307892864652182,9.47980161037267e-06,1.74766226026868,1.86932271280822,1
11,"n1400-b1_1-b2_2p5-b3_2p5",1400,8,108,1,1,0,0.9162907,0.9162907,1.5,1.8,1,1.3,0.0935714285714285,467,231,474,228,FALSE,NA,TRUE,NA,-0.0769052768206717,-0.0769052768206717,0.0769052768206717,0.0769052768206717,0.00591442160286414,-0.283377827127466,0.134455908303839,1,0.880802833897927,-0.0354878661020728,0.0354878661020728,0.0354878661020728,0.00125938864047865,0.698776288873442,1.06513426702328,1,0.988281275264393,0.0719905752643931,0.0719905752643931,0.0719905752643931,0.00518264292689825,0.736842901276029,1.23891354880161,1,1.52472088802511,0.0247208880251091,0.0247208880251091,0.0247208880251091,0.000611122304749981,1.49856570628982,1.61346584272603,1,1.80898483882588,0.00898483882588419,0.00898483882588419,0.00898483882588419,8.0727328727116e-05,1.7651218369247,1.88879877209716,1
11,"n1400-b1_1-b2_2p5-b3_2p5",1400,9,109,1,1,0,0.9162907,0.9162907,1.5,1.8,1,1.3,0.113571428571429,428,229,499,244,FALSE,NA,TRUE,NA,-0.0499070759073773,-0.0499070759073773,0.0499070759073773,0.0499070759073773,0.00249071622562472,-0.264549358181971,0.161581994946174,1,0.853723999247003,-0.0625667007529965,0.0625667007529965,0.0625667007529965,0.00391459204311502,0.677909541571077,1.02741647621106,1,0.962331331985559,0.0460406319855592,0.0460406319855592,0.0460406319855592,0.0021197397936297,0.712397538738638,1.22125693988531,1,1.55926847005568,0.0592684700556836,0.0592684700556836,0.0592684700556836,0.00351275154274146,1.48917130220378,1.6474895850739,1,1.90295477473589,0.102954774735888,0.102954774735888,0.102954774735888,0.0105996856409175,1.79532759754229,2.07299075003176,1
11,"n1400-b1_1-b2_2p5-b3_2p5",1400,10,110,1,1,0,0.9162907,0.9162907,1.5,1.8,1,1.3,0.0964285714285714,463,238,457,242,FALSE,NA,TRUE,NA,-0.171400391992936,-0.171400391992936,0.171400391992936,0.171400391992936,0.0293780943753323,-0.375993796469686,0.0353739233622429,1,0.835601741031398,-0.0806889589686021,0.0806889589686021,0.0806889589686021,0.00651070809943675,0.662931234081838,1.01013550705866,1,1.04548914631614,0.129198446316144,0.129198446316144,0.129198446316144,0.0166922385305055,0.797270551775623,1.29036657573053,1,1.47622883707198,-0.0237711629280248,0.0237711629280248,0.0237711629280248,0.000565068186950702,1.45687101413303,1.50896480420279,1,1.73742735348138,-0.0625726465186218,0.0625726465186218,0.0625726465186218,0.0039153360923444,1.69986289054732,1.8201432889496,1
12,"n1400-b1_1-b2_2p5-b3_2p5",1400,1,111,1,1,0,0.9162907,0.9162907,1.5,1.8,1,1.3,0.0942857142857143,439,254,489,218,FALSE,NA,TRUE,NA,-0.13092891024902,-0.13092891024902,0.13092891024902,0.13092891024902,0.0171423795389959,-0.340569321428334,0.0718791833961404,1,0.899693577413399,-0.0165971225866012,0.0165971225866012,0.0165971225866012,0.000275464478154667,0.720917958500592,1.0804625857172,1,0.981541984523364,0.0652512845233639,0.0652512845233639,0.0652512845233639,0.00425773013194899,0.733054792012085,1.2321003719017,1,1.47734595342292,-0.0226540465770768,0.0226540465770768,0.0226540465770768,0.000513205826316366,1.45970649098319,1.49694039144613,0,1.79796103781637,-0.00203896218363164,0.00203896218363164,0.00203896218363164,4.15736678627992e-06,1.77636867334812,1.83328893418894,1
12,"n1400-b1_1-b2_2p5-b3_2p5",1400,2,112,1,1,0,0.9162907,0.9162907,1.5,1.8,1,1.3,0.102142857142857,465,246,462,227,FALSE,NA,TRUE,NA,-0.068835040199298,-0.068835040199298,0.068835040199298,0.068835040199298,0.00473826275923897,-0.274424398481098,0.1405884021235,1,0.873833830010547,-0.0424568699894525,0.0424568699894525,0.0424568699894525,0.00180258580930127,0.693522657257008,1.06154303390058,1,0.995480426328022,0.0791897263280225,0.0791897263280225,0.0791897263280225,0.00627101275590709,0.744378869120934,1.24652630120206,1,1.49528427632502,-0.00471572367498396,0.00471572367498396,0.00471572367498396,2.22380497788043e-05,1.45290003941957,1.55020768518302,1,1.84143986381519,0.0414398638151936,0.0414398638151936,0.0414398638151936,0.00171726231302179,1.77882808837483,1.89838002413147,1
12,"n1400-b1_1-b2_2p5-b3_2p5",1400,3,113,1,1,0,0.9162907,0.9162907,1.5,1.8,1,1.3,0.102142857142857,463,245,449,243,FALSE,NA,TRUE,NA,0.166816008206737,0.166816008206737,0.166816008206737,0.166816008206737,0.0278275805940302,-0.0334097643977149,0.367094236932352,1,0.991305904137065,0.0750152041370652,0.0750152041370652,0.0750152041370652,0.00562728085172556,0.813211086204227,1.16914429217754,1,0.679849896578914,-0.236440803421086,0.236440803421086,0.236440803421086,0.0559042535224087,0.438343705982932,0.925806971545521,1,1.60523387357377,0.105233873573774,0.105233873573774,0.105233873573774,0.0110741681473411,1.49666581384964,1.69053663849794,1,1.88054259678321,0.0805425967832147,0.0805425967832147,0.0805425967832147,0.00648710989658351,1.81687624727617,1.94345054688944,0
12,"n1400-b1_1-b2_2p5-b3_2p5",1400,4,114,1,1,0,0.9162907,0.9162907,1.5,1.8,1,1.3,0.100714285714286,457,222,441,280,FALSE,NA,TRUE,NA,0.0788824335497738,0.0788824335497738,0.0788824335497738,0.0788824335497738,0.00622243832273448,-0.119660189538455,0.280049366742319,1,0.817234534091608,-0.0990561659083918,0.0990561659083918,0.0990561659083918,0.00981212400447085,0.65113638208996,0.988294057964132,1,0.834055700719326,-0.0822349992806742,0.0822349992806742,0.0822349992806742,0.00676259510669249,0.587223066815234,1.07800738061153,1,1.52031193473,0.0203119347300003,0.0203119347300003,0.0203119347300003,0.000412574692475791,1.48521872998544,1.58454119908586,1,1.81940974963246,0.0194097496324617,0.0194097496324617,0.0194097496324617,0.000376738380794846,1.77472161228339,1.92075357717224,1
12,"n1400-b1_1-b2_2p5-b3_2p5",1400,5,115,1,1,0,0.9162907,0.9162907,1.5,1.8,1,1.3,0.109285714285714,460,250,452,238,FALSE,NA,TRUE,NA,-0.0299433028551386,-0.0299433028551386,0.0299433028551386,0.0299433028551386,0.000896601385874554,-0.234445824250435,0.176903566658593,1,0.858721739929939,-0.057568960070061,0.057568960070061,0.057568960070061,0.00331418516354827,0.683498662370625,1.04309762025428,1,0.996657492315242,0.0803667923152416,0.0803667923152416,0.0803667923152416,0.00645882130704117,0.745709533936185,1.24497710824599,1,1.49213604235139,-0.00786395764860992,0.00786395764860992,0.00786395764860992,6.18418298991305e-05,1.47004401194283,1.52375485620247,1,1.82684138490256,0.0268413849025648,0.0268413849025648,0.0268413849025648,0.000720459943487635,1.77093733011344,1.90546479145142,1
12,"n1400-b1_1-b2_2p5-b3_2p5",1400,6,116,1,1,0,0.9162907,0.9162907,1.5,1.8,1,1.3,0.0992857142857143,460,238,483,219,FALSE,NA,TRUE,NA,-0.0883030450073927,-0.0883030450073927,0.0883030450073927,0.0883030450073927,0.00779742775757762,-0.303400635922644,0.124912679967773,1,0.823941715353047,-0.0923489846469528,0.0923489846469528,0.0923489846469528,0.00852833496532313,0.642881406634261,1.00512673549047,1,0.921395975525463,0.00510527552546258,0.00510527552546258,0.00510527552546258,2.60638381908873e-05,0.669386758406623,1.17278371150952,1,1.52110733009656,0.0211073300965567,0.0211073300965567,0.0211073300965567,0.00044551938380501,1.49674090684366,1.56783918909594,1,1.80414897215747,0.00414897215747212,0.00414897215747212,0.00414897215747212,1.72139699634789e-05,1.77961972089098,1.85360034967529,1
12,"n1400-b1_1-b2_2p5-b3_2p5",1400,7,117,1,1,0,0.9162907,0.9162907,1.5,1.8,1,1.3,0.0935714285714285,471,230,494,205,FALSE,NA,TRUE,NA,0.0490892515804449,0.0490892515804449,0.0490892515804449,0.0490892515804449,0.00240975462072821,-0.167334587580814,0.269451573421751,1,1.08373027778043,0.167439577780435,0.167439577780435,0.167439577780435,0.0280360122072902,0.894115051188632,1.27580002618448,1,0.753453263593859,-0.162837436406141,0.162837436406141,0.162837436406141,0.0265160306953242,0.497124067580076,1.00964864595068,1,1.49169958472768,-0.00830041527232495,0.00830041527232495,0.00830041527232495,6.88968936930452e-05,1.46864632422225,1.54321597620903,1,1.78645834066581,-0.0135416593341904,0.0135416593341904,0.0135416593341904,0.000183376537523265,1.75487818550778,1.83515882494176,1
12,"n1400-b1_1-b2_2p5-b3_2p5",1400,8,118,1,1,0,0.9162907,0.9162907,1.5,1.8,1,1.3,0.0964285714285714,456,222,476,246,FALSE,NA,TRUE,NA,-0.0597183601718516,-0.0597183601718516,0.0597183601718516,0.0597183601718516,0.00356628254161499,-0.267317802327608,0.147208707869787,1,0.881452494213909,-0.0348382057860905,0.0348382057860905,0.0348382057860905,0.00121370058239399,0.708183756611091,1.05863881259793,1,0.978611014229453,0.0623203142294526,0.0623203142294526,0.0623203142294526,0.00388382156565771,0.726341576334241,1.22600655015857,1,1.47987878900826,-0.0201212109917359,0.0201212109917359,0.0201212109917359,0.000404863131773954,1.36282845180189,1.58976359064565,1,1.76313904358209,-0.0368609564179092,0.0368609564179092,0.0368609564179092,0.001358730108043,1.65655602942339,1.88349350293657,1
12,"n1400-b1_1-b2_2p5-b3_2p5",1400,9,119,1,1,0,0.9162907,0.9162907,1.5,1.8,1,1.3,0.0978571428571429,438,228,481,253,FALSE,NA,TRUE,NA,0.0748324696291989,0.0748324696291989,0.0748324696291989,0.0748324696291989,0.00559989851080498,-0.135045172277313,0.280439640353187,1,0.833232423945629,-0.0830582760543714,0.0830582760543714,0.0830582760543714,0.00689867722112417,0.658013739165633,1.00881754886288,1,0.854941559109292,-0.0613491408907081,0.0613491408907081,0.0613491408907081,0.00376371708802795,0.607662965995846,1.10830953299424,1,1.51406605345798,0.01406605345798,0.01406605345798,0.01406605345798,0.00019785385988275,1.48430763934355,1.57138226571731,1,1.78005949340085,-0.0199405065991547,0.0199405065991547,0.0199405065991547,0.000397623803430932,1.74604709287697,1.81803854002489,1
12,"n1400-b1_1-b2_2p5-b3_2p5",1400,10,120,1,1,0,0.9162907,0.9162907,1.5,1.8,1,1.3,0.0992857142857143,456,225,480,239,FALSE,NA,TRUE,NA,0.205047087141267,0.205047087141267,0.205047087141267,0.205047087141267,0.0420443079451183,-0.00622330842038844,0.415740316151481,1,1.13452378360011,0.21823308360011,0.21823308360011,0.21823308360011,0.0476256787776125,0.952774645538577,1.32381799459935,0,0.698490725434986,-0.217799974565014,0.217799974565014,0.217799974565014,0.0474368289205209,0.444834850828643,0.948785221845459,1,1.50541316828969,0.00541316828968852,0.00541316828968852,0.00541316828968852,2.93023909324893e-05,1.48291975897785,1.56716791700255,1,1.81090235522078,0.0109023552207814,0.0109023552207814,0.0109023552207814,0.0001188613493601,1.78797211267996,1.84041752528073,1
13,"n1400-b1_1-b2_2p5-b3_2p5",1400,1,121,1,1,0,0.9162907,0.9162907,1.5,1.8,1,1.3,0.105,475,223,477,225,FALSE,NA,TRUE,NA,-0.114146551953115,-0.114146551953115,0.114146551953115,0.114146551953115,0.0130294353227852,-0.33122516772259,0.0996163351128202,1,0.863639924080436,-0.0526507759195637,0.0526507759195637,0.0526507759195637,0.00277210420493211,0.682554639920805,1.04640600425997,1,1.04100819807054,0.124717498070539,0.124717498070539,0.124717498070539,0.0155544543249749,0.789401156557238,1.2989568447392,1,1.51082085028892,0.0108208502889156,0.0108208502889156,0.0108208502889156,0.000117090800975124,1.49540966427303,1.55507837718401,1,1.8081663259254,0.00816632592540123,0.00816632592540123,0.00816632592540123,6.66888791198803e-05,1.78750746824613,1.8459478886481,1
13,"n1400-b1_1-b2_2p5-b3_2p5",1400,2,122,1,1,0,0.9162907,0.9162907,1.5,1.8,1,1.3,0.102857142857143,433,250,485,232,FALSE,NA,TRUE,NA,0.0172045529285753,0.0172045529285753,0.0172045529285753,0.0172045529285753,0.00029599664147215,-0.186920262026277,0.224446600385951,1,0.94311224135193,0.0268215413519296,0.0268215413519296,0.0268215413519296,0.00071939508049327,0.759780092748785,1.12740873241299,1,0.818012866443171,-0.0982778335568292,0.0982778335568292,0.0982778335568292,0.00965853256862382,0.565896936184762,1.06689414070429,1,1.52605412793426,0.0260541279342628,0.0260541279342628,0.0260541279342628,0.000678817582414931,1.44441400525184,1.6161842080234,1,1.79835630005451,-0.00164369994549096,0.00164369994549096,0.00164369994549096,2.70174951080699e-06,1.71688037257397,1.87200203799089,1
13,"n1400-b1_1-b2_2p5-b3_2p5",1400,3,123,1,1,0,0.9162907,0.9162907,1.5,1.8,1,1.3,0.106428571428571,498,221,445,236,FALSE,NA,TRUE,NA,-0.245699627462735,-0.245699627462735,0.245699627462735,0.245699627462735,0.0603683069353265,-0.460904186187356,-0.030386207830339,0,0.768316970610123,-0.147973729389877,0.147973729389877,0.147973729389877,0.0218962245895484,0.591872916107999,0.948798503167281,1,1.09366603593537,0.177375335935371,0.177375335935371,0.177375335935371,0.0314620097981858,0.838666814626444,1.34728952807137,1,1.49909696854965,-0.000903031450345981,0.000903031450345981,0.000903031450345981,8.15465800313967e-07,1.46811787123063,1.54169319561765,1,1.82052020147947,0.0205202014794725,0.0205202014794725,0.0205202014794725,0.000421078668758147,1.78779430215462,1.91425237010424,1
13,"n1400-b1_1-b2_2p5-b3_2p5",1400,4,124,1,1,0,0.9162907,0.9162907,1.5,1.8,1,1.3,0.111428571428571,439,256,481,224,FALSE,NA,TRUE,NA,0.297167662699555,0.297167662699555,0.297167662699555,0.297167662699555,0.0883086197543163,0.0848302603093073,0.507179921257202,0,1.10027959843942,0.183988898439419,0.183988898439419,0.183988898439419,0.033851914748951,0.913413916860915,1.29037333798779,1,0.663997870156474,-0.252292829843526,0.252292829843526,0.252292829843526,0.0636516719904546,0.414165662256885,0.915629723867592,0,1.51909089438595,0.0190908943859456,0.0190908943859456,0.0190908943859456,0.000364462248455328,1.489328908065,1.55712208372634,1,1.79325786202598,-0.00674213797402334,0.00674213797402334,0.00674213797402334,4.54564244607676e-05,1.76748285949525,1.82486697035566,1
13,"n1400-b1_1-b2_2p5-b3_2p5",1400,5,125,1,1,0,0.9162907,0.9162907,1.5,1.8,1,1.3,0.0964285714285714,461,217,469,253,FALSE,NA,TRUE,NA,0.044179469929881,0.044179469929881,0.044179469929881,0.044179469929881,0.00195182556328526,-0.161088264909502,0.249311266800807,1,0.976317223148763,0.0600265231487626,0.0600265231487626,0.0600265231487626,0.00360318348132893,0.799339918606005,1.15621398690025,1,0.881515926876596,-0.0347747731234045,0.0347747731234045,0.0347747731234045,0.00120928484578426,0.635975471360274,1.12440674185767,1,1.51137682974981,0.0113768297498069,0.0113768297498069,0.0113768297498069,0.000129432255156092,1.48707253852422,1.5535692621137,1,1.84616401444739,0.0461640144473869,0.0461640144473869,0.0461640144473869,0.00213111622989855,1.82576359067889,1.87866905065927,0
13,"n1400-b1_1-b2_2p5-b3_2p5",1400,6,126,1,1,0,0.9162907,0.9162907,1.5,1.8,1,1.3,0.107857142857143,483,229,478,210,FALSE,NA,TRUE,NA,-0.0932487825593983,-0.0932487825593983,0.0932487825593983,0.0932487825593983,0.00869533544880994,-0.313307901934581,0.127826310084986,1,0.972895870286227,0.0566051702862268,0.0566051702862268,0.0566051702862268,0.00320414530313273,0.785799551193631,1.16518053959194,1,0.921883248215327,0.00559254821532718,0.00559254821532718,0.00559254821532718,3.12765955407592e-05,0.661787906253779,1.17701920266831,1,1.48561667788368,-0.0143833221163236,0.0143833221163236,0.0143833221163236,0.000206879955101925,1.45370696494132,1.50397478078671,1,1.8285871127782,0.0285871127781996,0.0285871127781996,0.0285871127781996,0.000817223016993502,1.78551139088779,1.87389808329645,1
13,"n1400-b1_1-b2_2p5-b3_2p5",1400,7,127,1,1,0,0.9162907,0.9162907,1.5,1.8,1,1.3,0.0885714285714285,477,217,481,225,FALSE,NA,TRUE,NA,0.0591843363989618,0.0591843363989618,0.0591843363989618,0.0591843363989618,0.00350278567498547,-0.150697179028988,0.274087727168832,1,1.01964077048914,0.10335007048914,0.10335007048914,0.10335007048914,0.0106812370701102,0.838697729402283,1.20450798300019,1,0.884384865429394,-0.0319058345706059,0.0319058345706059,0.0319058345706059,0.00101798227964687,0.63277886684668,1.13218272062561,1,1.47217036762836,-0.0278296323716412,0.0278296323716412,0.0278296323716412,0.000774488437940697,1.43429510161979,1.51942402493266,1,1.77544154139932,-0.0245584586006764,0.0245584586006764,0.0245584586006764,0.000603117888841137,1.73486303636669,1.81261769307711,1
13,"n1400-b1_1-b2_2p5-b3_2p5",1400,8,128,1,1,0,0.9162907,0.9162907,1.5,1.8,1,1.3,0.0942857142857143,503,218,445,234,FALSE,NA,TRUE,NA,-0.0163398092693966,-0.0163398092693966,0.0163398092693966,0.0163398092693966,0.000266989366960258,-0.230127931336717,0.194162280102605,1,0.988900526037742,0.0726098260377416,0.0726098260377416,0.0726098260377416,0.00527218683723109,0.806288050246176,1.17310373017869,1,0.99176243426298,0.0754717342629796,0.0754717342629796,0.0754717342629796,0.00569598267266181,0.740081679849185,1.24760283658595,1,1.4978804181305,-0.00211958186950212,0.00211958186950212,0.00211958186950212,4.4926273015221e-06,1.4522982684404,1.54039482162165,1,1.81755577010425,0.0175557701042497,0.0175557701042497,0.0175557701042497,0.000308205063953267,1.78545686499417,1.86105361814569,1
13,"n1400-b1_1-b2_2p5-b3_2p5",1400,9,129,1,1,0,0.9162907,0.9162907,1.5,1.8,1,1.3,0.104285714285714,444,241,467,248,FALSE,NA,TRUE,NA,-0.11107501268923,-0.11107501268923,0.11107501268923,0.11107501268923,0.0123376584439127,-0.318409440922967,0.0962868296423459,1,0.912286026603008,-0.00400467339699195,0.00400467339699195,0.00400467339699195,1.60374090165751e-05,0.737211566182903,1.09157041165017,1,1.01716818542365,0.100877485423648,0.100877485423648,0.100877485423648,0.0101762670653983,0.768558698499055,1.26547585733934,1,1.49866956189214,-0.00133043810785605,0.00133043810785605,0.00133043810785605,1.77006555883558e-06,1.47801332256259,1.56790626092273,1,1.81453531874605,0.0145353187460537,0.0145353187460537,0.0145353187460537,0.000211275491049381,1.77727055277142,1.85660949127404,1
13,"n1400-b1_1-b2_2p5-b3_2p5",1400,10,130,1,1,0,0.9162907,0.9162907,1.5,1.8,1,1.3,0.105714285714286,453,245,459,243,FALSE,NA,TRUE,NA,-0.0894738533477125,-0.0894738533477125,0.0894738533477125,0.0894738533477125,0.00800557043288796,-0.295599502169696,0.11416375315629,1,0.943783113246241,0.0274924132462414,0.0274924132462414,0.0274924132462414,0.00075583278610211,0.76762411587136,1.12670457031042,1,0.897664058880148,-0.0186266411198518,0.0186266411198518,0.0186266411198518,0.000346951759407754,0.650469003443107,1.14817366818104,1,1.48845853884697,-0.0115414611530269,0.0115414611530269,0.0115414611530269,0.000133205325546829,1.45352279914993,1.53496385708067,1,1.82866154269044,0.028661542690442,0.028661542690442,0.028661542690442,0.000821484029396027,1.79706022336837,1.89179878948534,1
14,"n1400-b1_1-b2_2p5-b3_2p5",1400,1,131,1,1,0,0.9162907,0.9162907,1.5,1.8,1,1.3,0.0985714285714285,450,222,497,231,FALSE,NA,TRUE,NA,0.0228634444901031,0.0228634444901031,0.0228634444901031,0.0228634444901031,0.000522737093952025,-0.190783572518163,0.232631718765293,1,0.847409922101449,-0.0688807778985507,0.0688807778985507,0.0688807778985507,0.00474456156390948,0.672113683138045,1.02424590610396,1,0.976673108108803,0.0603824081088029,0.0603824081088029,0.0603824081088029,0.00364603520901803,0.724249082954209,1.23070600009034,1,1.48116169824383,-0.0188383017561675,0.0188383017561675,0.0188383017561675,0.000354881613056424,1.45417964030802,1.54200754954558,1,1.75625707653237,-0.043742923467631,0.043742923467631,0.043742923467631,0.00191344335349502,1.71816092629584,1.82522241174614,1
14,"n1400-b1_1-b2_2p5-b3_2p5",1400,2,132,1,1,0,0.9162907,0.9162907,1.5,1.8,1,1.3,0.0892857142857143,444,236,498,222,FALSE,NA,TRUE,NA,0.0267455423509607,0.0267455423509607,0.0267455423509607,0.0267455423509607,0.000715324035647032,-0.17924454078464,0.23308895924364,1,0.867684177163891,-0.0486065228361087,0.0486065228361087,0.0486065228361087,0.00236259406221715,0.691213312106431,1.05063035941813,1,0.987096368067961,0.0708056680679614,0.0708056680679614,0.0708056680679614,0.00501344263055033,0.735639784672025,1.23578114896758,1,1.50484222775603,0.00484222775602983,0.00484222775602983,0.00484222775602983,2.34471696412656e-05,1.45505108685865,1.53147564098408,1,1.80659710129745,0.00659710129744839,0.00659710129744839,0.00659710129744839,4.35217455287953e-05,1.78028608483879,1.83597793869994,1
14,"n1400-b1_1-b2_2p5-b3_2p5",1400,3,133,1,1,0,0.9162907,0.9162907,1.5,1.8,1,1.3,0.104285714285714,447,226,504,223,FALSE,NA,TRUE,NA,0.0758149479974175,0.0758149479974175,0.0758149479974175,0.0758149479974175,0.00574790633985112,-0.140247149310407,0.292234093704023,1,0.89024233024941,-0.0260483697505903,0.0260483697505903,0.0260483697505903,0.000678517566663469,0.709679279733404,1.07544059793506,1,0.878117693759882,-0.0381730062401175,0.0381730062401175,0.0381730062401175,0.00145717840540805,0.622662173342369,1.13313039536569,1,1.52224192939567,0.0222419293956746,0.0222419293956746,0.0222419293956746,0.000494703423242174,1.48341607811936,1.59799624590272,1,1.82594001705014,0.0259400170501354,0.0259400170501354,0.0259400170501354,0.000672884484561314,1.77537558905408,1.91253300269488,1
14,"n1400-b1_1-b2_2p5-b3_2p5",1400,4,134,1,1,0,0.9162907,0.9162907,1.5,1.8,1,1.3,0.110714285714286,500,189,447,264,FALSE,NA,TRUE,NA,-0.237204545606339,-0.237204545606339,0.237204545606339,0.237204545606339,0.0562659964563096,-0.455893031338071,-0.0173086589591052,0,0.791332084452038,-0.124958615547962,0.124958615547962,0.124958615547962,0.0156146555996634,0.620570282706581,0.964559970971404,1,1.21352383331198,0.29723313331198,0.29723313331198,0.29723313331198,0.0883475355384574,0.953418251209225,1.47680962906143,0,1.54129718091903,0.0412971809190263,0.0412971809190263,0.0412971809190263,0.00170545715185879,1.46825331770468,1.6130242394353,1,1.82533297662635,0.0253329766263504,0.0253329766263504,0.0253329766263504,0.000641759704751214,1.75393769931381,1.93929496075792,1
14,"n1400-b1_1-b2_2p5-b3_2p5",1400,5,135,1,1,0,0.9162907,0.9162907,1.5,1.8,1,1.3,0.102857142857143,445,234,481,240,FALSE,NA,TRUE,NA,0.0698430917706857,0.0698430917706857,0.0698430917706857,0.0698430917706857,0.00487805746808843,-0.142123579673981,0.280962307436453,1,0.984407929632273,0.0681172296322731,0.0681172296322731,0.0681172296322731,0.00463995697277582,0.804204523831651,1.16868134788258,1,0.982828472058707,0.0665377720587068,0.0665377720587068,0.0665377720587068,0.00442727511053643,0.728241302574045,1.23407994541091,1,1.47548508753366,-0.0245149124663382,0.0245149124663382,0.0245149124663382,0.000600980933232224,1.44505434483285,1.56931893185403,1,1.75245665254265,-0.0475433474573472,0.0475433474573472,0.0475433474573472,0.00226036988745005,1.71391873844146,1.80063884602067,1
14,"n1400-b1_1-b2_2p5-b3_2p5",1400,6,136,1,1,0,0.9162907,0.9162907,1.5,1.8,1,1.3,0.107857142857143,428,280,456,236,FALSE,NA,TRUE,NA,0.147738697196993,0.147738697196993,0.147738697196993,0.147738697196993,0.0218267226494647,-0.0509302503593525,0.348503901040586,1,0.954679887314597,0.0383891873145971,0.0383891873145971,0.0383891873145971,0.00147372970267522,0.774420363539851,1.13737659039342,1,0.804247303956107,-0.112043396043893,0.112043396043893,0.112043396043893,0.0125537225970486,0.557765616560471,1.04986070489425,1,1.51622497632644,0.0162249763264402,0.0162249763264402,0.0162249763264402,0.000263249856793543,1.48461935432747,1.59287073599324,1,1.82951483115787,0.0295148311578743,0.0295148311578743,0.0295148311578743,0.00087112525827783,1.79579176469292,1.92416107946107,1
14,"n1400-b1_1-b2_2p5-b3_2p5",1400,7,137,1,1,0,0.9162907,0.9162907,1.5,1.8,1,1.3,0.0857142857142857,451,222,487,240,FALSE,NA,TRUE,NA,-0.0518272072282896,-0.0518272072282896,0.0518272072282896,0.0518272072282896,0.00268605940908407,-0.262473329511414,0.15634712403483,1,0.946285627915154,0.0299949279151536,0.0299949279151536,0.0299949279151536,0.000899695700635259,0.771341422502215,1.12485745012732,1,1.01128979107637,0.0949990910763652,0.0949990910763652,0.0949990910763652,0.00902482730533553,0.766432231792238,1.26372979190889,1,1.46791542112904,-0.0320845788709601,0.0320845788709601,0.0320845788709601,0.00102942020132686,1.33613691984189,1.51537328454679,1,1.80217731311542,0.00217731311541947,0.00217731311541947,0.00217731311541947,4.74069240257762e-06,1.76054726577975,1.8427775117312,1
14,"n1400-b1_1-b2_2p5-b3_2p5",1400,8,138,1,1,0,0.9162907,0.9162907,1.5,1.8,1,1.3,0.0921428571428572,467,245,448,240,FALSE,NA,TRUE,NA,0.0141616310251329,0.0141616310251329,0.0141616310251329,0.0141616310251329,0.000200551793292008,-0.185017909059549,0.216720834057873,1,0.896780936192145,-0.0195097638078553,0.0195097638078553,0.0195097638078553,0.0003806308838383,0.720126768186047,1.0715658328319,1,0.929428163552976,0.0131374635529764,0.0131374635529764,0.0131374635529764,0.000172592948605783,0.689746005661293,1.1745014541724,1,1.53707757513658,0.0370775751365766,0.0370775751365766,0.0370775751365766,0.00137474657800848,1.48721247157741,1.59460188759217,1,1.80317785395631,0.0031778539563081,0.0031778539563081,0.0031778539563081,1.0098755767623e-05,1.74471118622135,1.84843316015234,1
14,"n1400-b1_1-b2_2p5-b3_2p5",1400,9,139,1,1,0,0.9162907,0.9162907,1.5,1.8,1,1.3,0.0864285714285714,512,224,458,206,FALSE,NA,TRUE,NA,0.103843386123489,0.103843386123489,0.103843386123489,0.103843386123489,0.0107834488415921,-0.114141836222859,0.324896059857377,1,0.987079817376904,0.0707891173769036,0.0707891173769036,0.0707891173769036,0.00501109913900104,0.795992000976867,1.18091839826988,1,0.726139447547746,-0.190151252452255,0.190151252452255,0.190151252452255,0.036157498809161,0.462659270938154,0.984194633153594,1,1.51555235447247,0.0155523544724716,0.0155523544724716,0.0155523544724716,0.000241875729637408,1.43976757187548,1.56364264982711,1,1.80485656142358,0.00485656142358004,0.00485656142358004,0.00485656142358004,2.35861888610058e-05,1.68533771171831,1.88654780252289,1
14,"n1400-b1_1-b2_2p5-b3_2p5",1400,10,140,1,1,0,0.9162907,0.9162907,1.5,1.8,1,1.3,0.101428571428571,459,233,461,247,FALSE,NA,TRUE,NA,0.0310250830742786,0.0310250830742786,0.0310250830742786,0.0310250830742786,0.000962555779765886,-0.175366136295566,0.237695341706114,1,1.10669259299767,0.190401892997674,0.190401892997674,0.190401892997674,0.0362528808570978,0.931301226375605,1.28720839252246,0,0.860528672877902,-0.0557620271220975,0.0557620271220975,0.0557620271220975,0.00310940366876554,0.610637085277048,1.1081204390742,1,1.53068254118416,0.0306825411841609,0.0306825411841609,0.0306825411841609,0.000941418333517731,1.49830442340599,1.56505244479158,1,1.81090519307657,0.0109051930765738,0.0109051930765738,0.0109051930765738,0.000118923236037353,1.7721394704502,1.848487399168,1
15,"n1400-b1_1-b2_2p5-b3_2p5",1400,1,141,1,1,0,0.9162907,0.9162907,1.5,1.8,1,1.3,0.0964285714285714,488,226,462,224,FALSE,NA,TRUE,NA,0.0311272118549382,0.0311272118549382,0.0311272118549382,0.0311272118549382,0.000968903317862207,-0.181977159135521,0.242154283170416,1,0.974875952579869,0.0585852525798695,0.0585852525798695,0.0585852525798695,0.0034322318198471,0.791898401722141,1.15899962288751,1,0.850072018259903,-0.0662186817400969,0.0662186817400969,0.0662186817400969,0.00438491381139625,0.59780604029049,1.10101755868279,1,1.52313224877538,0.0231322487753782,0.0231322487753782,0.0231322487753782,0.000535100933405988,1.48167043089554,1.56515306882896,1,1.8123746378256,0.0123746378255953,0.0123746378255953,0.0123746378255953,0.000153131661314655,1.79113953262825,1.83994786409773,1
15,"n1400-b1_1-b2_2p5-b3_2p5",1400,2,142,1,1,0,0.9162907,0.9162907,1.5,1.8,1,1.3,0.105714285714286,468,256,459,217,FALSE,NA,TRUE,NA,0.0312820264856571,0.0312820264856571,0.0312820264856571,0.0312820264856571,0.000978565181049352,-0.177959243879449,0.244237118392473,1,0.952965162978541,0.0366744629785407,0.0366744629785407,0.0366744629785407,0.00134501623476435,0.767973281860752,1.14489172112855,1,0.776025546807461,-0.140265153192539,0.140265153192539,0.140265153192539,0.0196743132001265,0.524533960482777,1.02558672349788,1,1.51078170161847,0.0107817016184693,0.0107817016184693,0.0107817016184693,0.000116245089789702,1.48846411398746,1.54192798108348,1,1.80858056773372,0.00858056773371763,0.00858056773371763,0.00858056773371763,7.3626142632916e-05,1.79212698904956,1.83072362182691,1
15,"n1400-b1_1-b2_2p5-b3_2p5",1400,3,143,1,1,0,0.9162907,0.9162907,1.5,1.8,1,1.3,0.09,467,224,452,257,FALSE,NA,TRUE,NA,-0.094757831887736,-0.094757831887736,0.094757831887736,0.094757831887736,0.00897904670406444,-0.296793989947923,0.108086283074872,1,0.80852420713529,-0.10776649286471,0.10776649286471,0.10776649286471,0.0116136169843596,0.639127618949781,0.983602827400499,1,1.04304198528157,0.126751285281574,0.126751285281574,0.126751285281574,0.0160658883205309,0.79706292750476,1.28615112722485,1,1.51191926557177,0.0119192655717681,0.0119192655717681,0.0119192655717681,0.000142068891770337,1.4822318883911,1.55789105621213,1,1.81090431908665,0.01090431908665,0.01090431908665,0.01090431908665,0.00011890417474348,1.78500327818808,1.8609718038618,1
15,"n1400-b1_1-b2_2p5-b3_2p5",1400,4,144,1,1,0,0.9162907,0.9162907,1.5,1.8,1,1.3,0.0935714285714285,439,243,489,229,FALSE,NA,TRUE,NA,0.0154726269311324,0.0154726269311324,0.0154726269311324,0.0154726269311324,0.000239402184150003,-0.191675994316637,0.221133889009113,1,0.845177972674868,-0.0711127273251323,0.0711127273251323,0.0711127273251323,0.00505701998761862,0.667564814453986,1.02397569010665,1,0.979967139846888,0.0636764398468884,0.0636764398468884,0.0636764398468884,0.0040546889915744,0.734436906960004,1.22990345188832,1,1.52313380974261,0.0231338097426073,0.0231338097426073,0.0231338097426073,0.000535173153207151,1.49516679864941,1.61240913858274,1,1.84494799066553,0.0449479906655335,0.0449479906655335,0.0449479906655335,0.00202032186486888,1.78507519612969,1.97302049055441,1
15,"n1400-b1_1-b2_2p5-b3_2p5",1400,5,145,1,1,0,0.9162907,0.9162907,1.5,1.8,1,1.3,0.109285714285714,489,224,457,230,FALSE,NA,TRUE,NA,0.0493267236378965,0.0493267236378965,0.0493267236378965,0.0493267236378965,0.00243312566484942,-0.167566924579766,0.265311863168219,1,0.924181850651872,0.0078911506518724,0.0078911506518724,0.0078911506518724,6.22702586105463e-05,0.740932933277336,1.10933967421182,1,0.879130042484687,-0.0371606575153132,0.0371606575153132,0.0371606575153132,0.0013809144669704,0.621563193685036,1.13988242187186,1,1.49168738255193,-0.00831261744806677,0.00831261744806677,0.00831261744806677,6.90996088379041e-05,1.43358030282674,1.53046871155191,1,1.78592568349274,-0.014074316507259,0.014074316507259,0.014074316507259,0.000198086385146503,1.68496016557991,1.84741692937004,1
15,"n1400-b1_1-b2_2p5-b3_2p5",1400,6,146,1,1,0,0.9162907,0.9162907,1.5,1.8,1,1.3,0.100714285714286,472,246,456,226,FALSE,NA,TRUE,NA,-0.103364106648427,-0.103364106648427,0.103364106648427,0.103364106648427,0.0106841385432273,-0.315553389785049,0.104247645325835,1,0.884261679853061,-0.0320290201469389,0.0320290201469389,0.0320290201469389,0.00102585813157302,0.703413870028909,1.07022618753741,1,1.05882977139641,0.142539071396407,0.142539071396407,0.142539071396407,0.0203173868745499,0.808891776287817,1.30982675293917,1,1.46392381805917,-0.036076181940834,0.036076181940834,0.036076181940834,0.00130149090342815,1.44079568717918,1.50785225597392,1,1.77216710959199,-0.0278328904080118,0.0278328904080118,0.0278328904080118,0.000774669788464398,1.74754855545843,1.8111837590839,1
15,"n1400-b1_1-b2_2p5-b3_2p5",1400,7,147,1,1,0,0.9162907,0.9162907,1.5,1.8,1,1.3,0.0885714285714285,479,223,474,224,FALSE,NA,TRUE,NA,-0.177388317327585,-0.177388317327585,0.177388317327585,0.177388317327585,0.031466615124312,-0.389391260113827,0.0290865821657802,1,0.737249436885082,-0.179041263114918,0.179041263114918,0.179041263114918,0.0320557738977852,0.560860345305809,0.914629626994723,0,1.01974874356667,0.103458043566672,0.103458043566672,0.103458043566672,0.0107035667786433,0.7725482813927,1.27281785089036,1,1.46417514086214,-0.0358248591378634,0.0358248591378634,0.0358248591378634,0.00128342053224775,1.37573796292142,1.61876868913748,1,1.80537141929534,0.00537141929533602,0.00537141929533602,0.00537141929533602,2.88521452463081e-05,1.73799302258877,1.90110357085957,1
15,"n1400-b1_1-b2_2p5-b3_2p5",1400,8,148,1,1,0,0.9162907,0.9162907,1.5,1.8,1,1.3,0.111428571428571,448,244,482,226,FALSE,NA,TRUE,NA,-0.010330977399519,-0.010330977399519,0.010330977399519,0.010330977399519,0.000106729094029372,-0.221889667869939,0.197361191315024,1,0.885876094274666,-0.0304146057253345,0.0304146057253345,0.0304146057253345,0.00092504824142755,0.704294566284484,1.06818159829139,1,0.892540206389767,-0.0237504936102332,0.0237504936102332,0.0237504936102332,0.000564085946729727,0.643751534693532,1.14311406854266,1,1.50936883036718,0.00936883036718061,0.00936883036718061,0.00936883036718061,8.77749824490056e-05,1.46753931949352,1.53818330919146,1,1.8292776057028,0.0292776057028015,0.0292776057028015,0.0292776057028015,0.000857178195688713,1.79706298371961,1.88074817494452,1
15,"n1400-b1_1-b2_2p5-b3_2p5",1400,9,149,1,1,0,0.9162907,0.9162907,1.5,1.8,1,1.3,0.102857142857143,453,245,471,231,FALSE,NA,TRUE,NA,0.0730428712390846,0.0730428712390846,0.0730428712390846,0.0730428712390846,0.00533526103884949,-0.133865212027674,0.281021901667759,1,0.851182836517184,-0.0651078634828157,0.0651078634828157,0.0651078634828157,0.00423903388729697,0.6724654006664,1.03469000525446,1,0.92987313980306,0.0135824398030603,0.0135824398030603,0.0135824398030603,0.000184482671003756,0.679429863833311,1.17708693078221,1,1.49337580733917,-0.00662419266082748,0.00662419266082748,0.00662419266082748,4.38799284077606e-05,1.45922044919011,1.55422890132566,1,1.79154138637793,-0.00845861362207478,0.00845861362207478,0.00845861362207478,7.15481444075491e-05,1.75471066994121,1.83724883928445,1
15,"n1400-b1_1-b2_2p5-b3_2p5",1400,10,150,1,1,0,0.9162907,0.9162907,1.5,1.8,1,1.3,0.1,481,217,461,241,FALSE,NA,TRUE,NA,-0.0658520296102589,-0.0658520296102589,0.0658520296102589,0.0658520296102589,0.00433648980379042,-0.277780634008006,0.145081863350465,1,0.870870560317683,-0.0454201396823167,0.0454201396823167,0.0454201396823167,0.00206298908876116,0.688482116854438,1.05253361836102,1,0.930189565271098,0.0138988652710978,0.0138988652710978,0.0138988652710978,0.00019317845582413,0.677212554692005,1.18202624927009,1,1.51804672774048,0.018046727740485,0.018046727740485,0.018046727740485,0.000325684382139191,1.42738368032162,1.58645520842578,1,1.82041050461242,0.0204105046124241,0.0204105046124241,0.0204105046124241,0.000416588698533786,1.7464064338356,1.90889292140171,1
16,"n1400-b1_1-b2_2p5-b3_2p5",1400,1,151,1,1,0,0.9162907,0.9162907,1.5,1.8,1,1.3,0.115,481,245,432,242,FALSE,NA,TRUE,NA,-0.110874740586519,-0.110874740586519,0.110874740586519,0.110874740586519,0.0122932081001278,-0.318163686491694,0.0958939993481936,1,0.877093617221592,-0.0391970827784076,0.0391970827784076,0.0391970827784076,0.00153641129833734,0.702241251755154,1.05582696509904,1,0.989685096305396,0.0733943963053959,0.0733943963053959,0.0733943963053959,0.00538673740903351,0.742868307153089,1.23849683910099,1,1.53170217360604,0.0317021736060368,0.0317021736060368,0.0317021736060368,0.00100502781134729,1.4781205423983,1.63590765594318,1,1.88537557619655,0.0853755761965536,0.0853755761965536,0.0853755761965536,0.00728898901089352,1.79571180548935,2.02630299354185,1
16,"n1400-b1_1-b2_2p5-b3_2p5",1400,2,152,1,1,0,0.9162907,0.9162907,1.5,1.8,1,1.3,0.111428571428571,495,236,449,220,FALSE,NA,TRUE,NA,-0.0465091649739774,-0.0465091649739774,0.0465091649739774,0.0465091649739774,0.00216310242657665,-0.262004770840342,0.167686383371966,1,0.98262196446399,0.0663312644639898,0.0663312644639898,0.0663312644639898,0.00439983664539176,0.799668839169033,1.16697361750013,1,0.826671333671855,-0.0896193663281447,0.0896193663281447,0.0896193663281447,0.0080316308210582,0.573170646643741,1.07932386708382,1,1.50166221643948,0.00166221643947773,0.00166221643947773,0.00166221643947773,2.76296349167001e-06,1.49455332395608,1.52862689222178,1,1.81351026735224,0.0135102673522449,0.0135102673522449,0.0135102673522449,0.000182527323929135,1.79859145619751,1.85561868925835,1
16,"n1400-b1_1-b2_2p5-b3_2p5",1400,3,153,1,1,0,0.9162907,0.9162907,1.5,1.8,1,1.3,0.0978571428571429,445,265,473,217,FALSE,NA,TRUE,NA,0.00993428839501505,0.00993428839501505,0.00993428839501505,0.00993428839501505,9.86900859153307e-05,-0.193869801624527,0.218407390401342,1,0.958412658819074,0.0421219588190735,0.0421219588190735,0.0421219588190735,0.00177425941475573,0.770365895903064,1.15038431293211,1,0.964126111869339,0.047835411869339,0.047835411869339,0.047835411869339,0.0022882266287093,0.712583720675968,1.21035458379849,1,1.4272493912446,-0.0727506087553966,0.0727506087553966,0.0727506087553966,0.00529265107428079,1.37893349566171,1.50993778649146,1,1.6967596997155,-0.103240300284504,0.103240300284504,0.103240300284504,0.0106585596028346,1.61966818849376,1.80274433156199,1
16,"n1400-b1_1-b2_2p5-b3_2p5",1400,4,154,1,1,0,0.9162907,0.9162907,1.5,1.8,1,1.3,0.0985714285714285,434,248,487,231,FALSE,NA,TRUE,NA,0.133229742876935,0.133229742876935,0.133229742876935,0.133229742876935,0.0177501643870543,-0.0698670679837891,0.334173450447498,1,1.00978071648209,0.093490016482086,0.093490016482086,0.093490016482086,0.00874038318182071,0.831734829149113,1.19205454017908,1,0.902963228242077,-0.0133274717579233,0.0133274717579233,0.0133274717579233,0.000177621503458242,0.65435020053772,1.15059515872879,1,1.48442284474498,-0.0155771552550179,0.0155771552550179,0.0155771552550179,0.000242647765838932,1.47600411304881,1.50295972428867,1,1.80245359878192,0.00245359878191964,0.00245359878191964,0.00245359878191964,6.02014698263755e-06,1.78136514665375,1.84200795797193,1
16,"n1400-b1_1-b2_2p5-b3_2p5",1400,5,155,1,1,0,0.9162907,0.9162907,1.5,1.8,1,1.3,0.105,475,235,453,237,FALSE,NA,TRUE,NA,-0.0990521985985564,-0.0990521985985564,0.0990521985985564,0.0990521985985564,0.00981133804720785,-0.303486621732973,0.108436074881088,1,0.912884349001825,-0.00340635099817532,0.00340635099817532,0.00340635099817532,1.160322712277e-05,0.733011337459047,1.0948824466018,1,1.05954224001037,0.143251540010371,0.143251540010371,0.143251540010371,0.020521003715343,0.8075899076764,1.31166935368842,1,1.56547439806627,0.0654743980662666,0.0654743980662666,0.0654743980662666,0.00428689680213994,1.52086448000084,1.60818396914705,0,1.95272984670086,0.152729846700864,0.152729846700864,0.152729846700864,0.0233264060732695,1.84417268066229,2.02092497477642,0
16,"n1400-b1_1-b2_2p5-b3_2p5",1400,6,156,1,1,0,0.9162907,0.9162907,1.5,1.8,1,1.3,0.102857142857143,454,224,494,228,FALSE,NA,TRUE,NA,0.0217750726762658,0.0217750726762658,0.0217750726762658,0.0217750726762658,0.000474153790056657,-0.194241326437401,0.235122819345779,1,0.88734638836444,-0.0289443116355604,0.0289443116355604,0.0289443116355604,0.000837773176056439,0.708621193087898,1.07208549661599,1,0.914057024261297,-0.00223367573870281,0.00223367573870281,0.00223367573870281,4.98930730566955e-06,0.664541650089117,1.16541338628822,1,1.4445795204492,-0.0554204795508022,0.0554204795508022,0.0554204795508022,0.00307142955364089,1.31224196490057,1.52364232804197,1,1.75307450581082,-0.0469254941891766,0.0469254941891766,0.0469254941891766,0.00220200200489844,1.67247857712564,1.82449657632224,1
16,"n1400-b1_1-b2_2p5-b3_2p5",1400,7,157,1,1,0,0.9162907,0.9162907,1.5,1.8,1,1.3,0.0921428571428572,449,244,454,253,FALSE,NA,TRUE,NA,-0.0795566234211495,-0.0795566234211495,0.0795566234211495,0.0795566234211495,0.00632925633017459,-0.27995013719954,0.119492159735333,1,0.905628836635769,-0.010661863364231,0.010661863364231,0.010661863364231,0.000113675330397532,0.735506436008707,1.079549859474,1,0.998082114007057,0.0817914140070569,0.0817914140070569,0.0817914140070569,0.00668983540527379,0.755611536727596,1.24440081273186,1,1.5036296230558,0.00362962305580328,0.00362962305580328,0.00362962305580328,1.31741635272187e-05,1.44359729681648,1.56273846794565,1,1.81043270524492,0.0104327052449189,0.0104327052449189,0.0104327052449189,0.000108841338727358,1.77483128999221,1.85089068792786,1
16,"n1400-b1_1-b2_2p5-b3_2p5",1400,8,158,1,1,0,0.9162907,0.9162907,1.5,1.8,1,1.3,0.103571428571429,446,229,470,255,FALSE,NA,TRUE,NA,0.150681564936769,0.150681564936769,0.150681564936769,0.150681564936769,0.0227049340117937,-0.057102584832295,0.353881808789862,1,0.879807601068848,-0.0364830989311524,0.0364830989311524,0.0364830989311524,0.00133101650762026,0.704166873326757,1.05492801209502,1,0.769619828198195,-0.146670871801805,0.146670871801805,0.146670871801805,0.0215123446351016,0.526650797671211,1.0164857339765,1,1.48848291295688,-0.0115170870431249,0.0115170870431249,0.0115170870431249,0.000132643293958916,1.4701231032635,1.52875756571727,1,1.80859423773047,0.00859423773047352,0.00859423773047352,0.00859423773047352,7.38609221678946e-05,1.77144380368686,1.84428729821386,1
16,"n1400-b1_1-b2_2p5-b3_2p5",1400,9,159,1,1,0,0.9162907,0.9162907,1.5,1.8,1,1.3,0.105,479,234,456,231,FALSE,NA,TRUE,NA,0.021752313132344,0.021752313132344,0.021752313132344,0.021752313132344,0.000473163126607546,-0.187466990992125,0.233121504183604,1,1.05069471545351,0.13440401545351,0.13440401545351,0.13440401545351,0.0180644393700273,0.866031560982105,1.24152653043531,1,0.970004681298823,0.0537139812988232,0.0537139812988232,0.0537139812988232,0.00288519178697033,0.719967026704125,1.22200357026833,1,1.51708328241412,0.017083282414122,0.017083282414122,0.017083282414122,0.000291838538040652,1.46865075639417,1.6021444615857,1,1.80226404175994,0.00226404175993755,0.00226404175993755,0.00226404175993755,5.12588509074113e-06,1.73249839808,1.8768615265194,1
16,"n1400-b1_1-b2_2p5-b3_2p5",1400,10,160,1,1,0,0.9162907,0.9162907,1.5,1.8,1,1.3,0.0878571428571429,452,254,448,246,FALSE,NA,TRUE,NA,-0.124372283834909,-0.124372283834909,0.124372283834909,0.124372283834909,0.0154684649863112,-0.320715726610393,0.0712559742032049,1,0.894922057622318,-0.0213686423776817,0.0213686423776817,0.0213686423776817,0.000456618877065252,0.722258195459616,1.06802358228297,1,1.0555328888419,0.139242188841905,0.139242188841905,0.139242188841905,0.0193883871534847,0.811049569200459,1.2990594323211,1,1.5031187876419,0.00311878764189677,0.00311878764189677,0.00311878764189677,9.72683635524801e-06,1.4849582122645,1.53760295838784,1,1.81037910899983,0.0103791089998326,0.0103791089998326,0.0103791089998326,0.000107725903630407,1.77587815791087,1.85695705171819,1
17,"n1400-b1_1-b2_2p5-b3_2p5",1400,1,161,1,1,0,0.9162907,0.9162907,1.5,1.8,1,1.3,0.0935714285714285,474,208,477,241,FALSE,NA,TRUE,NA,-0.201147808536495,-0.201147808536495,0.201147808536495,0.201147808536495,0.0404604408790346,-0.413310995110975,0.00982635306440757,1,0.777668484855484,-0.138622215144516,0.138622215144516,0.138622215144516,0.0192161185315724,0.605073218684782,0.951218190618672,1,1.09832391684978,0.182033216849783,0.182033216849783,0.182033216849783,0.03313609203668,0.849643716377013,1.35348985235736,1,1.47706595699542,-0.0229340430045821,0.0229340430045821,0.0229340430045821,0.000525970328536022,1.45047097481377,1.52219502565735,1,1.78354310557035,-0.0164568944296495,0.0164568944296495,0.0164568944296495,0.000270829374268628,1.74731948756023,1.82135571263637,1
17,"n1400-b1_1-b2_2p5-b3_2p5",1400,2,162,1,1,0,0.9162907,0.9162907,1.5,1.8,1,1.3,0.109285714285714,446,251,463,240,FALSE,NA,TRUE,NA,0.0165471362347193,0.0165471362347193,0.0165471362347193,0.0165471362347193,0.00027380771757036,-0.188772649862859,0.221000413759644,1,0.953855871105474,0.0375651711054739,0.0375651711054739,0.0375651711054739,0.00141114208018353,0.775960397434308,1.13772175766042,1,1.02040360281432,0.104112902814316,0.104112902814316,0.104112902814316,0.0108394965324231,0.769896937191541,1.27145616500932,1,1.50859060510136,0.00859060510135912,0.00859060510135912,0.00859060510135912,7.37984960074973e-05,1.48109102371281,1.53050668014542,1,1.8014261664651,0.00142616646509985,0.00142616646509985,0.00142616646509985,2.03395078617541e-06,1.77055573287842,1.840430425896,1
17,"n1400-b1_1-b2_2p5-b3_2p5",1400,3,163,1,1,0,0.9162907,0.9162907,1.5,1.8,1,1.3,0.0871428571428572,482,235,448,235,FALSE,NA,TRUE,NA,0.00405240943179819,0.00405240943179819,0.00405240943179819,0.00405240943179819,1.64220222029269e-05,-0.198835985204964,0.207734985929569,1,1.01131488296223,0.0950241829622318,0.0950241829622318,0.0950241829622318,0.0090295953476397,0.829066645160774,1.197256651281,1,0.874251553936107,-0.0420391460638928,0.0420391460638928,0.0420391460638928,0.00176728980178131,0.626508330832429,1.11865418938583,1,1.52456247452536,0.0245624745253563,0.0245624745253563,0.0245624745253563,0.000603315154808778,1.46645419716097,1.61734507211653,1,1.83280559889968,0.0328055988996754,0.0328055988996754,0.0328055988996754,0.00107620731916638,1.75549999329805,1.97827010560118,1
17,"n1400-b1_1-b2_2p5-b3_2p5",1400,4,164,1,1,0,0.9162907,0.9162907,1.5,1.8,1,1.3,0.106428571428571,459,264,465,212,FALSE,NA,TRUE,NA,-0.188589064170371,-0.188589064170371,0.188589064170371,0.188589064170371,0.0355658351246562,-0.394860983051558,0.0201656600160353,1,0.821712173269517,-0.0945785267304832,0.0945785267304832,0.0945785267304832,0.00894509771850872,0.641606612477395,1.00712500408483,1,1.10819962218729,0.191908922187291,0.191908922187291,0.191908922187291,0.0368290344150877,0.856664602288488,1.35838171856813,1,1.49953561742501,-0.000464382574985489,0.000464382574985489,0.000464382574985489,2.15651175950153e-07,1.48270988332166,1.51718653984617,1,1.79555761443782,-0.00444238556218357,0.00444238556218357,0.00444238556218357,1.9734789483097e-05,1.76878988094163,1.82358496194489,1
17,"n1400-b1_1-b2_2p5-b3_2p5",1400,5,165,1,1,0,0.9162907,0.9162907,1.5,1.8,1,1.3,0.1,453,216,491,240,FALSE,NA,TRUE,NA,0.151560434486975,0.151560434486975,0.151560434486975,0.151560434486975,0.0229705653018805,-0.0563634227564217,0.361303397198145,1,0.961280143917134,0.0449894439171344,0.0449894439171344,0.0449894439171344,0.00202405006397299,0.783811825238859,1.14327981828338,1,0.706532945219871,-0.209757754780129,0.209757754780129,0.209757754780129,0.0439983156904009,0.452100033243893,0.954891705611604,1,1.49898063890735,-0.00101936109265188,0.00101936109265188,0.00101936109265188,1.03909703721244e-06,1.48436652614823,1.53488932584078,1,1.80976639601771,0.00976639601771034,0.00976639601771034,0.00976639601771034,9.53824911747485e-05,1.79566098716248,1.83812666301474,1
17,"n1400-b1_1-b2_2p5-b3_2p5",1400,6,166,1,1,0,0.9162907,0.9162907,1.5,1.8,1,1.3,0.1,476,217,471,236,FALSE,NA,TRUE,NA,0.024363874487268,0.024363874487268,0.024363874487268,0.024363874487268,0.000593598380031346,-0.188971243144698,0.239964160523875,1,0.905555272790449,-0.0107354272095508,0.0107354272095508,0.0107354272095508,0.000115249397371563,0.728840569343873,1.08647487090151,1,1.00020073433316,0.0839100343331587,0.0839100343331587,0.0839100343331587,0.00704089386179187,0.742863179753723,1.25489896702551,1,1.50004626571298,4.62657129804978e-05,4.62657129804978e-05,4.62657129804978e-05,2.1405161975938e-09,1.46979543596128,1.52924012110774,1,1.78626500581586,-0.0137349941841369,0.0137349941841369,0.0137349941841369,0.000188650065238275,1.73683526738966,1.84728851458281,1
17,"n1400-b1_1-b2_2p5-b3_2p5",1400,7,167,1,1,0,0.9162907,0.9162907,1.5,1.8,1,1.3,0.113571428571429,449,233,477,241,FALSE,NA,TRUE,NA,-0.108834719365155,-0.108834719365155,0.108834719365155,0.108834719365155,0.0118449961392921,-0.321073899388784,0.106884180838287,1,0.962729717125125,0.0464390171251253,0.0464390171251253,0.0464390171251253,0.00215658231154768,0.783504082896051,1.14764417504627,1,1.03576680453373,0.119476104533734,0.119476104533734,0.119476104533734,0.0142745395545557,0.780596513108822,1.2922771853881,1,1.49756386676277,-0.00243613323723468,0.00243613323723468,0.00243613323723468,5.93474514955954e-06,1.46719110777552,1.53048599132206,1,1.80143111267928,0.00143111267927809,0.00143111267927809,0.00143111267927809,2.04808350079051e-06,1.76628689227318,1.84319528845968,1
17,"n1400-b1_1-b2_2p5-b3_2p5",1400,8,168,1,1,0,0.9162907,0.9162907,1.5,1.8,1,1.3,0.0885714285714285,491,247,450,212,FALSE,NA,TRUE,NA,0.0740159206142775,0.0740159206142775,0.0740159206142775,0.0740159206142775,0.00547835650437903,-0.137391480991619,0.286255346948544,1,0.996362072439348,0.0800713724393485,0.0800713724393485,0.0800713724393485,0.00641142468432085,0.811120126896959,1.18605108377906,1,0.848525091299506,-0.0677656087004936,0.0677656087004936,0.0677656087004936,0.00459217772254842,0.596938130790494,1.09894028542229,1,1.50269302105886,0.00269302105886204,0.00269302105886204,0.00269302105886204,7.25236242347445e-06,1.48016330237604,1.55115071579348,1,1.76332818247909,-0.0366718175209133,0.0366718175209133,0.0366718175209133,0.00134482220028716,1.70187973387486,1.82695509821596,1
17,"n1400-b1_1-b2_2p5-b3_2p5",1400,9,169,1,1,0,0.9162907,0.9162907,1.5,1.8,1,1.3,0.103571428571429,459,223,477,241,FALSE,NA,TRUE,NA,-0.0460863333260057,-0.0460863333260057,0.0460863333260057,0.0460863333260057,0.0021239501194357,-0.257800846586656,0.166928916652855,1,0.893850118442327,-0.0224405815576728,0.0224405815576728,0.0224405815576728,0.000503579700646565,0.719379582206121,1.0735001004415,1,1.02092613277925,0.104635432779247,0.104635432779247,0.104635432779247,0.0109485737929003,0.767006337432837,1.27657010307284,1,1.48197307688181,-0.0180269231181946,0.0180269231181946,0.0180269231181946,0.000324969957109301,1.45227128666268,1.52792946378257,1,1.78975489010713,-0.0102451098928702,0.0102451098928702,0.0102451098928702,0.000104962276716987,1.74412377235408,1.82974706860023,1
17,"n1400-b1_1-b2_2p5-b3_2p5",1400,10,170,1,1,0,0.9162907,0.9162907,1.5,1.8,1,1.3,0.102142857142857,476,245,421,258,FALSE,NA,TRUE,NA,0.000586326841231221,0.000586326841231221,0.000586326841231221,0.000586326841231221,3.43779164748181e-07,-0.194378731592562,0.197790638855093,1,0.851544679592112,-0.0647460204078882,0.0647460204078882,0.0647460204078882,0.00419204715865868,0.677475366998522,1.02687905042387,1,0.95445575782496,0.0381650578249598,0.0381650578249598,0.0381650578249598,0.00145657163878253,0.707727875899946,1.19555167141425,1,1.50100957757166,0.00100957757166298,0.00100957757166298,0.00100957757166298,1.01924687320492e-06,1.47328382128229,1.53828743294904,1,1.79427227283788,-0.00572772716212322,0.00572772716212322,0.00572772716212322,3.28068584437241e-05,1.74621086655067,1.82582469522591,1
18,"n1400-b1_1-b2_2p5-b3_2p5",1400,1,171,1,1,0,0.9162907,0.9162907,1.5,1.8,1,1.3,0.0928571428571429,487,221,464,228,FALSE,NA,TRUE,NA,-0.207492677270071,-0.207492677270071,0.207492677270071,0.207492677270071,0.0430532111207016,-0.419570726249971,0.00700443928084441,1,1.03322711087308,0.11693641087308,0.11693641087308,0.11693641087308,0.0136741241878778,0.85110497195878,1.21868423622221,1,1.03056968356787,0.114278983567873,0.114278983567873,0.114278983567873,0.0130596860853063,0.776899486161648,1.28395127985875,1,1.51037680402312,0.0103768040231174,0.0103768040231174,0.0103768040231174,0.000107678061734185,1.48934560037508,1.56272450757134,1,1.76885716608853,-0.0311428339114714,0.0311428339114714,0.0311428339114714,0.000969876104037495,1.70997641989014,1.83581592664015,1
18,"n1400-b1_1-b2_2p5-b3_2p5",1400,2,172,1,1,0,0.9162907,0.9162907,1.5,1.8,1,1.3,0.102142857142857,452,251,454,243,FALSE,NA,TRUE,NA,0.0748938707202909,0.0748938707202909,0.0748938707202909,0.0748938707202909,0.00560909187146764,-0.12626917735662,0.273872145647641,1,0.939895359213784,0.0236046592137837,0.0236046592137837,0.0236046592137837,0.000557179936598866,0.761458105040543,1.11773294248893,1,0.784822093668989,-0.131468606331011,0.131468606331011,0.131468606331011,0.0172839944506183,0.542490468532348,1.0271155413704,1,1.51205062856015,0.0120506285601458,0.0120506285601458,0.0120506285601458,0.000145217648694602,1.48166534652672,1.55827434077506,1,1.79893312454741,-0.00106687545259021,0.00106687545259021,0.00106687545259021,1.13822323133957e-06,1.73524814680733,1.84816974796614,1
18,"n1400-b1_1-b2_2p5-b3_2p5",1400,3,173,1,1,0,0.9162907,0.9162907,1.5,1.8,1,1.3,0.0964285714285714,457,227,470,246,FALSE,NA,TRUE,NA,0.0643794006464859,0.0643794006464859,0.0643794006464859,0.0643794006464859,0.00414470722760074,-0.143143856481627,0.27238318967076,1,0.837418516505863,-0.0788721834941366,0.0788721834941366,0.0788721834941366,0.00622082132913275,0.663532006880988,1.01093715872332,1,0.776914923410076,-0.139375776589924,0.139375776589924,0.139375776589924,0.0194256071000445,0.527229548294204,1.02160497905361,1,1.51644142476569,0.0164414247656872,0.0164414247656872,0.0164414247656872,0.000270320448325753,1.47555141456567,1.60844717802522,1,1.82282417805272,0.0228241780527223,0.0228241780527223,0.0228241780527223,0.00052094310378237,1.75922253006581,1.9094126386046,1
18,"n1400-b1_1-b2_2p5-b3_2p5",1400,4,174,1,1,0,0.9162907,0.9162907,1.5,1.8,1,1.3,0.0957142857142858,479,234,457,230,FALSE,NA,TRUE,NA,0.167110699385419,0.167110699385419,0.167110699385419,0.167110699385419,0.0279259858490837,-0.039149989517015,0.373653973342696,1,1.01781431850549,0.101523618505492,0.101523618505492,0.101523618505492,0.0103070451144487,0.836601069024615,1.20348885242626,1,0.784330423359949,-0.131960276640051,0.131960276640051,0.131960276640051,0.0174135146109187,0.534998734749436,1.03696695207009,1,1.47955737483828,-0.0204426251617187,0.0204426251617187,0.0204426251617187,0.000417900923502534,1.43539289598527,1.56315233632159,1,1.76986932573119,-0.0301306742688099,0.0301306742688099,0.0301306742688099,0.000907857531893122,1.72801900410021,1.84924745185662,1
18,"n1400-b1_1-b2_2p5-b3_2p5",1400,5,175,1,1,0,0.9162907,0.9162907,1.5,1.8,1,1.3,0.1,434,262,467,237,FALSE,NA,TRUE,NA,-0.188689904777844,-0.188689904777844,0.188689904777844,0.188689904777844,0.0356038801650719,-0.392707923031735,0.0155616535706334,1,0.837064350183723,-0.0792263498162773,0.0792263498162773,0.0792263498162773,0.00627681450521114,0.660694463339019,1.01667812964436,1,1.04815441831683,0.131863718316827,0.131863718316827,0.131863718316827,0.0173880402083396,0.801024060770658,1.29410546696535,1,1.50912497426969,0.00912497426968661,0.00912497426968661,0.00912497426968661,8.32651554224428e-05,1.48044947049753,1.57273114495218,1,1.78988716155308,-0.0101128384469178,0.0101128384469178,0.0101128384469178,0.000102269501453459,1.69234229112225,1.85694056263784,1
18,"n1400-b1_1-b2_2p5-b3_2p5",1400,6,176,1,1,0,0.9162907,0.9162907,1.5,1.8,1,1.3,0.095,455,229,470,246,FALSE,NA,TRUE,NA,-0.0468481762634822,-0.0468481762634822,0.0468481762634822,0.0468481762634822,0.0021947516192143,-0.253395084204713,0.163224870917594,1,0.899570926272011,-0.0167197737279889,0.0167197737279889,0.0167197737279889,0.000279550833515149,0.723808044094938,1.08028250013353,1,0.94791661802268,0.0316259180226804,0.0316259180226804,0.0316259180226804,0.0010001986907773,0.69679072265168,1.19600745241479,1,1.46393996903988,-0.0360600309601202,0.0360600309601202,0.0360600309601202,0.00130032583284483,1.41249135746021,1.54963077849148,1,1.78077955106063,-0.0192204489393706,0.0192204489393706,0.0192204489393706,0.000369425657430952,1.73523964454384,1.84892426821763,1
18,"n1400-b1_1-b2_2p5-b3_2p5",1400,7,177,1,1,0,0.9162907,0.9162907,1.5,1.8,1,1.3,0.107142857142857,451,256,455,238,FALSE,NA,TRUE,NA,-0.0548921756452681,-0.0548921756452681,0.0548921756452681,0.0548921756452681,0.00301315094707096,-0.259214743436698,0.150728975312093,1,0.858364630774204,-0.0579260692257956,0.0579260692257956,0.0579260692257956,0.00335542949595166,0.682122182273867,1.03636254338468,1,1.10247943568832,0.186188735688319,0.186188735688319,0.186188735688319,0.0346662452972148,0.849952010289524,1.35179495501931,1,1.50545530834678,0.00545530834677677,0.00545530834677677,0.00545530834677677,2.97603891584123e-05,1.45860913962431,1.59142690613778,1,1.79792516121962,-0.00207483878038417,0.00207483878038417,0.00207483878038417,4.30495596458607e-06,1.70025168720626,1.94198373189645,1
18,"n1400-b1_1-b2_2p5-b3_2p5",1400,8,178,1,1,0,0.9162907,0.9162907,1.5,1.8,1,1.3,0.0985714285714285,465,228,447,260,FALSE,NA,TRUE,NA,0.0956553263465539,0.0956553263465539,0.0956553263465539,0.0956553263465539,0.00914994145846574,-0.110322184227619,0.301215387379065,1,1.02226794434843,0.105977244348434,0.105977244348434,0.105977244348434,0.0112311763196877,0.84786004611683,1.20337676509709,1,0.799254442997155,-0.117036257002845,0.117036257002845,0.117036257002845,0.013697485453236,0.555283733878778,1.04907857571811,1,1.44590134782572,-0.0540986521742848,0.0540986521742848,0.0540986521742848,0.00292666416707425,1.41155885043211,1.5180480037544,1,1.77367677137044,-0.0263232286295645,0.0263232286295645,0.0263232286295645,0.000692912365484324,1.73783634294689,1.836248799422,1
18,"n1400-b1_1-b2_2p5-b3_2p5",1400,9,179,1,1,0,0.9162907,0.9162907,1.5,1.8,1,1.3,0.111428571428571,436,243,482,239,FALSE,NA,TRUE,NA,-0.0657349425128313,-0.0657349425128313,0.0657349425128313,0.0657349425128313,0.00432108266716523,-0.276896397518186,0.142619180920091,1,0.861867101449061,-0.0544235985509387,0.0544235985509387,0.0544235985509387,0.00296192807923374,0.684592140791863,1.03996352170168,1,1.1698158415362,0.253525141536202,0.253525141536202,0.253525141536202,0.0642749973909513,0.921426827570137,1.42303777126876,0,1.56083055954054,0.0608305595405407,0.0608305595405407,0.0608305595405407,0.00370035697401527,1.51411264053947,1.60568043303299,0,1.83514644177913,0.0351464417791347,0.0351464417791347,0.0351464417791347,0.00123527236973411,1.80511174511822,1.88927566986261,0
18,"n1400-b1_1-b2_2p5-b3_2p5",1400,10,180,1,1,0,0.9162907,0.9162907,1.5,1.8,1,1.3,0.128571428571429,468,241,444,247,FALSE,NA,TRUE,NA,0.130786818617315,0.130786818617315,0.130786818617315,0.130786818617315,0.0171051919240385,-0.0796587662363312,0.342457231490217,1,1.10202969475529,0.185738994755289,0.185738994755289,0.185738994755289,0.0344989741727053,0.915387838370731,1.28752671120582,1,0.796556537640875,-0.119734162359125,0.119734162359125,0.119734162359125,0.0143362696358414,0.546157094330555,1.05025058998861,1,1.50365579109456,0.00365579109456138,0.00365579109456138,0.00365579109456138,1.33648085270743e-05,1.48683026317397,1.52074379103898,1,1.79676192743013,-0.0032380725698713,0.0032380725698713,0.0032380725698713,1.04851139677529e-05,1.75500318784678,1.81718753174053,1
19,"n1400-b1_1-b2_2p5-b3_2p5",1400,1,181,1,1,0,0.9162907,0.9162907,1.5,1.8,1,1.3,0.0964285714285714,463,189,493,255,FALSE,NA,TRUE,NA,-0.0223046826163192,-0.0223046826163192,0.0223046826163192,0.0223046826163192,0.000497498866614732,-0.237125782941642,0.189768129518417,1,0.845418474728736,-0.0708722252712641,0.0708722252712641,0.0708722252712641,0.00502287231490081,0.672875728497141,1.0198174999737,1,0.880331132924421,-0.0359595670755789,0.0359595670755789,0.0359595670755789,0.00129309046426306,0.628459011829596,1.13455034847142,1,1.49023913771813,-0.00976086228186812,0.00976086228186812,0.00976086228186812,9.52744324855957e-05,1.43100252308261,1.5357046965509,1,1.77230113653169,-0.0276988634683148,0.0276988634683148,0.0276988634683148,0.000767227037436347,1.73858925197454,1.83851008791023,1
19,"n1400-b1_1-b2_2p5-b3_2p5",1400,2,182,1,1,0,0.9162907,0.9162907,1.5,1.8,1,1.3,0.0978571428571429,498,203,470,229,FALSE,NA,TRUE,NA,-0.126646241940996,-0.126646241940996,0.126646241940996,0.126646241940996,0.0160392705977772,-0.345107674695159,0.0876636700149831,1,0.873757739740743,-0.0425329602592573,0.0425329602592573,0.0425329602592573,0.00180905270841556,0.693831126526154,1.05749277090517,1,1.03487301499491,0.118582314994913,0.118582314994913,0.118582314994913,0.0140617654295527,0.783120736186171,1.29126157858043,1,1.5442707655284,0.0442707655284018,0.0442707655284018,0.0442707655284018,0.00195990068047073,1.49688782421083,1.60010566556149,1,1.82547023408537,0.0254702340853734,0.0254702340853734,0.0254702340853734,0.000648732824363718,1.80029999079625,1.88359461937032,0
19,"n1400-b1_1-b2_2p5-b3_2p5",1400,3,183,1,1,0,0.9162907,0.9162907,1.5,1.8,1,1.3,0.105,452,218,494,236,FALSE,NA,TRUE,NA,-0.11690391812486,-0.11690391812486,0.11690391812486,0.11690391812486,0.013666526072944,-0.328867386417025,0.0956334920446087,1,0.997414350547029,0.0811236505470289,0.0811236505470289,0.0811236505470289,0.00658104667807646,0.822113212913587,1.17691395078543,1,0.915686664723855,-0.000604035276144832,0.000604035276144832,0.000604035276144832,3.64858614827363e-07,0.663108723329715,1.16423113303338,1,1.5022968593777,0.00229685937770308,0.00229685937770308,0.00229685937770308,5.27556300094256e-06,1.48469344521731,1.52784717437433,1,1.80873471598108,0.00873471598108444,0.00873471598108444,0.00873471598108444,7.62952632702119e-05,1.79104272124253,1.84412150388669,1
19,"n1400-b1_1-b2_2p5-b3_2p5",1400,4,184,1,1,0,0.9162907,0.9162907,1.5,1.8,1,1.3,0.103571428571429,470,204,486,240,FALSE,NA,TRUE,NA,0.00926883092362582,0.00926883092362582,0.00926883092362582,0.00926883092362582,8.59112266907623e-05,-0.203358946138335,0.225527765744035,1,0.953891332741146,0.0376006327411463,0.0376006327411463,0.0376006327411463,0.00141380758253457,0.77859137572244,1.13601797188429,1,0.847665710067715,-0.0686249899322851,0.0686249899322851,0.0686249899322851,0.00470938924320622,0.595928068295295,1.10020261686959,1,1.51487307095055,0.0148730709505471,0.0148730709505471,0.0148730709505471,0.000221208239500009,1.48977490324306,1.57318084141975,1,1.81550906305586,0.0155090630558641,0.0155090630558641,0.0155090630558641,0.000240531036870768,1.77590426581359,1.86383969403636,1
19,"n1400-b1_1-b2_2p5-b3_2p5",1400,5,185,1,1,0,0.9162907,0.9162907,1.5,1.8,1,1.3,0.0985714285714285,448,250,475,227,FALSE,NA,TRUE,NA,0.0560080960819989,0.0560080960819989,0.0560080960819989,0.0560080960819989,0.00313690682673042,-0.149827605439169,0.264049860857286,1,0.967633586945959,0.0513428869459586,0.0513428869459586,0.0513428869459586,0.00263609203994548,0.789077650934317,1.15035582399848,1,0.891614659166056,-0.0246760408339441,0.0246760408339441,0.0246760408339441,0.000608906991238479,0.63990708438175,1.13676016520462,1,1.50156428264125,0.00156428264124697,0.00156428264124697,0.00156428264124697,2.4469801817066e-06,1.46403487133603,1.54897430253228,1,1.81034261380343,0.010342613803431,0.010342613803431,0.010342613803431,0.000106969660286922,1.76486044105955,1.87815574047825,1
19,"n1400-b1_1-b2_2p5-b3_2p5",1400,6,186,1,1,0,0.9162907,0.9162907,1.5,1.8,1,1.3,0.11,458,252,476,214,FALSE,NA,TRUE,NA,0.0805992811056896,0.0805992811056896,0.0805992811056896,0.0805992811056896,0.00649624411475397,-0.135493282540161,0.293819633162502,1,0.966707844094428,0.0504171440944283,0.0504171440944283,0.0504171440944283,0.00254188841863835,0.77877429552519,1.15791795613923,1,0.847983416375939,-0.0683072836240607,0.0683072836240607,0.0683072836240607,0.00466588499609787,0.594100117810344,1.1047711712231,1,1.42626277746635,-0.0737372225336452,0.0737372225336452,0.0737372225336452,0.00543717798697632,1.33962340440042,1.51228785330096,1,1.78502402515108,-0.0149759748489191,0.0149759748489191,0.0149759748489191,0.000224279822675458,1.72855083288231,1.85717414524133,1
19,"n1400-b1_1-b2_2p5-b3_2p5",1400,7,187,1,1,0,0.9162907,0.9162907,1.5,1.8,1,1.3,0.0992857142857143,441,218,499,242,FALSE,NA,TRUE,NA,-0.192906584667833,-0.192906584667833,0.192906584667833,0.192906584667833,0.0372129504082078,-0.403695080559086,0.0152109755740192,1,0.832891668002875,-0.0833990319971254,0.0833990319971254,0.0833990319971254,0.00695539853805755,0.657541786667748,1.0085945796837,1,1.15074891047304,0.234458210473044,0.234458210473044,0.234458210473044,0.0549706524582221,0.902745970148293,1.40271033628975,1,1.47831056419554,-0.0216894358044601,0.0216894358044601,0.0216894358044601,0.000470431625515798,1.31740003645084,1.58141934065842,1,1.85647313097918,0.0564731309791842,0.0564731309791842,0.0564731309791842,0.00318921452259209,1.76150777329096,2.07074130307589,1
19,"n1400-b1_1-b2_2p5-b3_2p5",1400,8,188,1,1,0,0.9162907,0.9162907,1.5,1.8,1,1.3,0.103571428571429,488,237,427,248,FALSE,NA,TRUE,NA,0.132601538925987,0.132601538925987,0.132601538925987,0.132601538925987,0.01758316812554,-0.073991543016542,0.33760544615167,1,1.15485904815394,0.238568348153943,0.238568348153943,0.238568348153943,0.0569148567409011,0.967283196185447,1.3435206894977,0,0.750658605784306,-0.165632094215694,0.165632094215694,0.165632094215694,0.0274339906342767,0.502916138351133,0.998861187550927,1,1.49192029378221,-0.00807970621778731,0.00807970621778731,0.00807970621778731,6.52816525657509e-05,1.459744244274,1.5424637182236,1,1.81642488698628,0.0164248869862842,0.0164248869862842,0.0164248869862842,0.000269776912512208,1.78607235128179,1.89163266399411,1
19,"n1400-b1_1-b2_2p5-b3_2p5",1400,9,189,1,1,0,0.9162907,0.9162907,1.5,1.8,1,1.3,0.095,473,234,470,223,FALSE,NA,TRUE,NA,-0.00183862503445293,-0.00183862503445293,0.00183862503445293,0.00183862503445293,3.38054201731702e-06,-0.211567373770011,0.205615748840877,1,0.928749099460242,0.012458399460242,0.012458399460242,0.012458399460242,0.000155211717110957,0.744945147016774,1.11454877882378,1,0.894890242555745,-0.021400457444255,0.021400457444255,0.021400457444255,0.000457979578823369,0.645247034082683,1.14412052611646,1,1.5441666070945,0.0441666070944966,0.0441666070944966,0.0441666070944966,0.00195068918223964,1.45156295649415,1.65796386059375,1,1.835912449722,0.0359124497220018,0.0359124497220018,0.0359124497220018,0.00128970404503531,1.77792796566635,1.93482983326127,1
19,"n1400-b1_1-b2_2p5-b3_2p5",1400,10,190,1,1,0,0.9162907,0.9162907,1.5,1.8,1,1.3,0.0885714285714285,465,204,497,234,FALSE,NA,TRUE,NA,-0.114931367918801,-0.114931367918801,0.114931367918801,0.114931367918801,0.0132092193316868,-0.33191071104998,0.0978057878558006,1,0.919645705325262,0.00335500532526189,0.00335500532526189,0.00335500532526189,1.12560607325357e-05,0.741103859165855,1.10218596878349,1,1.11391828945255,0.197627589452553,0.197627589452553,0.197627589452553,0.0390566641128267,0.86233764848422,1.36824491947658,1,1.52237812919127,0.0223781291912706,0.0223781291912706,0.0223781291912706,0.000500780666101196,1.48792230757386,1.566951407156,1,1.78723764138794,-0.0127623586120647,0.0127623586120647,0.0127623586120647,0.000162877797342941,1.74781946411226,1.88084926856035,1
20,"n1400-b1_1-b2_2p5-b3_2p5",1400,1,191,1,1,0,0.9162907,0.9162907,1.5,1.8,1,1.3,0.101428571428571,466,239,466,229,FALSE,NA,TRUE,NA,-0.0938809111053145,-0.0938809111053145,0.0938809111053145,0.0938809111053145,0.00881362546996396,-0.307680164854342,0.117977644570225,1,0.955202085286167,0.0389113852861667,0.0389113852861667,0.0389113852861667,0.00151409590488851,0.775666285081323,1.14144918844198,1,0.996592816477412,0.0803021164774117,0.0803021164774117,0.0803021164774117,0.0064484299107518,0.746279624839599,1.24880702303117,1,1.50708557344679,0.00708557344678851,0.00708557344678851,0.00708557344678851,5.02053510698344e-05,1.48853128961484,1.54601641908566,1,1.79009428452458,-0.00990571547541985,0.00990571547541985,0.00990571547541985,9.81231990799723e-05,1.76640010431307,1.84640994650124,1
20,"n1400-b1_1-b2_2p5-b3_2p5",1400,2,192,1,1,0,0.9162907,0.9162907,1.5,1.8,1,1.3,0.0942857142857143,462,224,492,222,FALSE,NA,TRUE,NA,-0.136654607761769,-0.136654607761769,0.136654607761769,0.136654607761769,0.018674481822523,-0.341191185539482,0.0710429797872318,1,0.66506902917029,-0.25122167082971,0.25122167082971,0.25122167082971,0.0631123278944713,0.492114963901469,0.841071047064463,0,1.04340163505857,0.127110935058573,0.127110935058573,0.127110935058573,0.0161571898114647,0.792210696280675,1.2934306081823,1,1.50051913160744,0.000519131607442658,0.000519131607442658,0.000519131607442658,2.69497625845998e-07,1.46642216106399,1.57686111358546,1,1.71158539776415,-0.0884146022358467,0.0884146022358467,0.0884146022358467,0.007817141888523,1.57704603296239,1.81531821994919,1
20,"n1400-b1_1-b2_2p5-b3_2p5",1400,3,193,1,1,0,0.9162907,0.9162907,1.5,1.8,1,1.3,0.102142857142857,485,222,484,209,FALSE,NA,TRUE,NA,0.0517630527806925,0.0517630527806925,0.0517630527806925,0.0517630527806925,0.00267941363317675,-0.168552236217876,0.270316682222594,1,0.938324869781371,0.0220341697813708,0.0220341697813708,0.0220341697813708,0.000485504637954276,0.753014892811155,1.12925921947395,1,0.883503934729889,-0.0327867652701112,0.0327867652701112,0.0327867652701112,0.00107497197687737,0.626776844928257,1.13774680203553,1,1.52348930907898,0.0234893090789783,0.0234893090789783,0.0234893090789783,0.000551747641007772,1.44951148509258,1.655815124687,1,1.80344082288019,0.00344082288018943,0.00344082288018943,0.00344082288018943,1.18392620928351e-05,1.69232479289417,1.90916573849706,1
20,"n1400-b1_1-b2_2p5-b3_2p5",1400,4,194,1,1,0,0.9162907,0.9162907,1.5,1.8,1,1.3,0.110714285714286,466,249,451,234,FALSE,NA,TRUE,NA,-0.00934751209973697,-0.00934751209973697,0.00934751209973697,0.00934751209973697,8.7375982454729e-05,-0.220864463814815,0.200889930329963,1,1.14334993855376,0.227059238553762,0.227059238553762,0.227059238553762,0.0515558978126141,0.95732516821226,1.33505087700994,0,0.810083335616171,-0.106207364383829,0.106207364383829,0.106207364383829,0.0112800042493593,0.555703000034683,1.06456900992731,1,1.52410912836204,0.0241091283620389,0.0241091283620389,0.0241091283620389,0.00058125007037727,1.4772699150251,1.59750281804483,1,1.80940645362108,0.00940645362107895,0.00940645362107895,0.00940645362107895,8.84813697255092e-05,1.78014064989648,1.84835197410053,1
20,"n1400-b1_1-b2_2p5-b3_2p5",1400,5,195,1,1,0,0.9162907,0.9162907,1.5,1.8,1,1.3,0.0871428571428572,491,234,468,207,FALSE,NA,TRUE,NA,0.00695193496641722,0.00695193496641722,0.00695193496641722,0.00695193496641722,4.83293997772943e-05,-0.206190817856306,0.218648973245267,1,0.925217871265208,0.00892717126520759,0.00892717126520759,0.00892717126520759,7.96943867983481e-05,0.739843262989003,1.11653801163047,1,1.03285599361845,0.116565293618454,0.116565293618454,0.116565293618454,0.0135874676763564,0.781069580356144,1.28484886364146,1,1.51589109452424,0.0158910945242441,0.0158910945242441,0.0158910945242441,0.00025252688517846,1.47451775858961,1.58753022998117,1,1.8562203348547,0.0562203348547028,0.0562203348547028,0.0562203348547028,0.00316072605117491,1.80041736013035,1.96993973108206,0
20,"n1400-b1_1-b2_2p5-b3_2p5",1400,6,196,1,1,0,0.9162907,0.9162907,1.5,1.8,1,1.3,0.0914285714285714,448,246,477,229,FALSE,NA,TRUE,NA,0.112637526119357,0.112637526119357,0.112637526119357,0.112637526119357,0.0126872122902888,-0.0901900095869964,0.316323366783945,1,0.89573321663975,-0.0205574833602497,0.0205574833602497,0.0205574833602497,0.000422610122106941,0.719983311522672,1.07585816629582,1,0.842865000793569,-0.0734256992064314,0.0734256992064314,0.0734256992064314,0.00539133330395334,0.598882628615742,1.08471827424868,1,1.52879185389101,0.028791853891013,0.028791853891013,0.028791853891013,0.000828970850481442,1.41916054428129,1.59720500440829,1,1.92992569522717,0.129925695227166,0.129925695227166,0.129925695227166,0.0168806862802624,1.76063933875828,2.01973831366579,1
20,"n1400-b1_1-b2_2p5-b3_2p5",1400,7,197,1,1,0,0.9162907,0.9162907,1.5,1.8,1,1.3,0.0885714285714285,466,240,463,231,FALSE,NA,TRUE,NA,-0.108717844312626,-0.108717844312626,0.108717844312626,0.108717844312626,0.0118195696719843,-0.309052932785591,0.0938494194974023,1,0.831903081733981,-0.0843876182660187,0.0843876182660187,0.0843876182660187,0.00712127011661129,0.658461540698259,1.00985219745211,1,1.11161838027368,0.195327680273679,0.195327680273679,0.195327680273679,0.0381529026810967,0.864514379900609,1.35571240725235,1,1.49335047250832,-0.0066495274916849,0.0066495274916849,0.0066495274916849,4.42162158626733e-05,1.45694259872208,1.52879173838817,1,1.79779968450307,-0.00220031549693367,0.00220031549693367,0.00220031549693367,4.84138828604646e-06,1.74725803951818,1.8472929789495,1
20,"n1400-b1_1-b2_2p5-b3_2p5",1400,8,198,1,1,0,0.9162907,0.9162907,1.5,1.8,1,1.3,0.0957142857142858,511,225,450,214,FALSE,NA,TRUE,NA,0.0986936113900797,0.0986936113900797,0.0986936113900797,0.0986936113900797,0.00974042892921607,-0.116866806027614,0.316880934933728,1,0.88897096097895,-0.0273197390210496,0.0273197390210496,0.0273197390210496,0.000746368140178258,0.703724661176061,1.07632456824264,1,0.761284853217686,-0.155005846782314,0.155005846782314,0.155005846782314,0.0240268125367021,0.504656983201012,1.01409760300268,1,1.44851668652295,-0.0514833134770549,0.0514833134770549,0.0514833134770549,0.00265053156657671,1.382736080469,1.5323260607802,1,1.78432234397462,-0.0156776560253771,0.0156776560253771,0.0156776560253771,0.000245788898450042,1.7248769559802,1.86849821731187,1
20,"n1400-b1_1-b2_2p5-b3_2p5",1400,9,199,1,1,0,0.9162907,0.9162907,1.5,1.8,1,1.3,0.0957142857142858,494,230,466,210,FALSE,NA,TRUE,NA,0.124400308417932,0.124400308417932,0.124400308417932,0.124400308417932,0.0154754367344767,-0.0937277016544543,0.343332006233023,1,0.998796254789215,0.0825055547892146,0.0825055547892146,0.0825055547892146,0.0068071665710761,0.811563121603253,1.19065873873788,1,0.84181621815344,-0.0744744818465604,0.0744744818465604,0.0744744818465604,0.00554644844631365,0.584959081816449,1.09751363116882,1,1.50103110174089,0.0010311017408875,0.0010311017408875,0.0010311017408875,1.06317080006123e-06,1.46744074929353,1.54448726662043,1,1.76927912584451,-0.0307208741554874,0.0307208741554874,0.0307208741554874,0.000943772108877294,1.73359397063964,1.80794424282768,1
20,"n1400-b1_1-b2_2p5-b3_2p5",1400,10,200,1,1,0,0.9162907,0.9162907,1.5,1.8,1,1.3,0.107857142857143,464,243,464,229,FALSE,NA,TRUE,NA,0.153851109222173,0.153851109222173,0.153851109222173,0.153851109222173,0.023670163808893,-0.0551642683403415,0.366803133212478,1,1.12599905912332,0.209708359123316,0.209708359123316,0.209708359123316,0.0439775958861936,0.941331855912621,1.31462899123876,0,0.673042647741224,-0.243248052258776,0.243248052258776,0.243248052258776,0.0591696149276884,0.424581811531583,0.920130552574934,1,1.50111239344118,0.00111239344118164,0.00111239344118164,0.00111239344118164,1.23741916798392e-06,1.45411125704367,1.63911205467464,1,1.79598595578372,-0.00401404421627682,0.00401404421627682,0.00401404421627682,1.61125509702254e-05,1.74574868307868,1.86614977818672,1
21,"n1400-b1_1-b2_2p5-b3_2p5",1400,1,201,1,1,0,0.9162907,0.9162907,1.5,1.8,1,1.3,0.11,471,224,473,232,FALSE,NA,TRUE,NA,0.0637181431660739,0.0637181431660739,0.0637181431660739,0.0637181431660739,0.00406000176853229,-0.149598668722707,0.278196183266084,1,0.885656246504133,-0.0306344534958669,0.0306344534958669,0.0306344534958669,0.000938469740990432,0.706351631696074,1.0706301786707,1,0.805818592260562,-0.110472107739438,0.110472107739438,0.110472107739438,0.012204086588394,0.551441929407588,1.06061924949483,1,1.50786281524509,0.00786281524508925,0.00786281524508925,0.00786281524508925,6.18238635784079e-05,1.46669217255294,1.57066262435354,1,1.81531819482471,0.015318194824711,0.015318194824711,0.015318194824711,0.000234647092687802,1.7663037495355,1.86450398770551,1
21,"n1400-b1_1-b2_2p5-b3_2p5",1400,2,202,1,1,0,0.9162907,0.9162907,1.5,1.8,1,1.3,0.101428571428571,467,246,445,242,FALSE,NA,TRUE,NA,0.0310032774816633,0.0310032774816633,0.0310032774816633,0.0310032774816633,0.000961203214605008,-0.170028164941397,0.231184082709916,1,0.917713445652209,0.00142274565220923,0.00142274565220923,0.00142274565220923,2.02420519088028e-06,0.741189059897516,1.09550943374873,1,0.837021600111545,-0.0792690998884551,0.0792690998884551,0.0792690998884551,0.00628359019712587,0.591039412750812,1.08050114135927,1,1.57171173597708,0.0717117359770754,0.0717117359770754,0.0717117359770754,0.00514257307684577,1.5039303260102,1.64366337412446,0,1.904830125523,0.104830125522996,0.104830125522996,0.104830125522996,0.0109893552171672,1.80447619387624,1.97534390525924,0
21,"n1400-b1_1-b2_2p5-b3_2p5",1400,3,203,1,1,0,0.9162907,0.9162907,1.5,1.8,1,1.3,0.0942857142857143,440,230,497,233,FALSE,NA,TRUE,NA,-0.17955060072007,-0.17955060072007,0.17955060072007,0.17955060072007,0.032238418218938,-0.391756465340243,0.0288099250699876,1,0.859071943271391,-0.0572187567286093,0.0572187567286093,0.0572187567286093,0.00327398612156777,0.687695037537446,1.03385546991456,1,1.16420255194746,0.247911851947455,0.247911851947455,0.247911851947455,0.0614602863360171,0.91126445981565,1.41649332730822,1,1.51329958316367,0.0132995831636669,0.0132995831636669,0.0132995831636669,0.000176878912327291,1.49128689308952,1.53890973534228,1,1.80895977083711,0.0089597708371123,0.0089597708371123,0.0089597708371123,8.02774934535681e-05,1.78822133762367,1.84476339869236,1
21,"n1400-b1_1-b2_2p5-b3_2p5",1400,4,204,1,1,0,0.9162907,0.9162907,1.5,1.8,1,1.3,0.0885714285714285,475,215,450,260,FALSE,NA,TRUE,NA,0.193340106237879,0.193340106237879,0.193340106237879,0.193340106237879,0.0373803966800745,-0.0104493688952355,0.397192378423404,1,0.913710911109108,-0.00257978889089228,0.00257978889089228,0.00257978889089228,6.6553107215712e-06,0.73820884785647,1.09259406892122,1,0.731147506469956,-0.185143193530044,0.185143193530044,0.185143193530044,0.0342780021105032,0.486474008809132,0.977050642218111,1,1.42725207969435,-0.0727479203056534,0.0727479203056534,0.0727479203056534,0.00529225990879769,1.40327225695207,1.48243594769611,0,1.77561662920856,-0.0243833707914385,0.0243833707914385,0.0243833707914385,0.000594548771152776,1.7189339437027,1.82765204770133,1
21,"n1400-b1_1-b2_2p5-b3_2p5",1400,5,205,1,1,0,0.9162907,0.9162907,1.5,1.8,1,1.3,0.0978571428571429,456,238,487,219,FALSE,NA,TRUE,NA,-0.0548465604335638,-0.0548465604335638,0.0548465604335638,0.0548465604335638,0.00300814519139257,-0.264894077461845,0.155088951205757,1,0.985250118760982,0.0689594187609821,0.0689594187609821,0.0689594187609821,0.00475540143585249,0.804773976054407,1.17061210786094,1,0.910925412674964,-0.00536528732503594,0.00536528732503594,0.00536528732503594,2.87863080801913e-05,0.658607147133861,1.16151506575675,1,1.53178354058121,0.0317835405812064,0.0317835405812064,0.0317835405812064,0.00101019345187719,1.48909450991544,1.61855090863053,1,1.8123415143454,0.0123415143454044,0.0123415143454044,0.0123415143454044,0.000152312976337823,1.76488607213477,1.89064091517393,1
21,"n1400-b1_1-b2_2p5-b3_2p5",1400,6,206,1,1,0,0.9162907,0.9162907,1.5,1.8,1,1.3,0.107142857142857,454,248,472,226,FALSE,NA,TRUE,NA,-0.127455720982771,-0.127455720982771,0.127455720982771,0.127455720982771,0.0162449608112379,-0.337457798315764,0.0783945761461598,1,0.830052320279684,-0.0862383797203164,0.0862383797203164,0.0862383797203164,0.00743705813678549,0.651660687306497,1.01285009555546,1,1.11392332410129,0.197632624101288,0.197632624101288,0.197632624101288,0.0390586541091609,0.860798844532744,1.36634029550249,1,1.48454939787413,-0.0154506021258745,0.0154506021258745,0.0154506021258745,0.000238721106052076,1.45325618594973,1.51018419406627,1,1.79849675948123,-0.00150324051877226,0.00150324051877226,0.00150324051877226,2.25973205727871e-06,1.78178477857067,1.82923031306725,1
21,"n1400-b1_1-b2_2p5-b3_2p5",1400,7,207,1,1,0,0.9162907,0.9162907,1.5,1.8,1,1.3,0.0971428571428572,452,233,466,249,FALSE,NA,TRUE,NA,0.0857935870081798,0.0857935870081798,0.0857935870081798,0.0857935870081798,0.00736053957173012,-0.118746250192239,0.290015528430638,1,0.911569784949961,-0.00472091505003935,0.00472091505003935,0.00472091505003935,2.22870389096881e-05,0.737346251234665,1.08907088763436,1,0.97510854463693,0.0588178446369301,0.0588178446369301,0.0588178446369301,0.00345953884773404,0.729367442128891,1.22117527968112,1,1.51469786988869,0.0146978698886884,0.0146978698886884,0.0146978698886884,0.000216027379264812,1.47894520949281,1.5842144861397,1,1.7948602649281,-0.00513973507189935,0.00513973507189935,0.00513973507189935,2.64168766093123e-05,1.74953961828555,1.86099807914405,1
21,"n1400-b1_1-b2_2p5-b3_2p5",1400,8,208,1,1,0,0.9162907,0.9162907,1.5,1.8,1,1.3,0.0992857142857143,477,207,485,231,FALSE,NA,TRUE,NA,0.0282581318060993,0.0282581318060993,0.0282581318060993,0.0282581318060993,0.000798522013170879,-0.191005387179153,0.244266259494639,1,1.07096961363473,0.15467891363473,0.15467891363473,0.15467891363473,0.0239255663232203,0.885518660911481,1.25284669753093,1,0.883251803255339,-0.0330388967446607,0.0330388967446607,0.0330388967446607,0.00109156869810435,0.629682077030383,1.13828835534621,1,1.52450399380441,0.0245039938044063,0.0245039938044063,0.0245039938044063,0.000600445712366381,1.48592387136354,1.6000584964834,1,1.85960556691026,0.0596055669102589,0.0596055669102589,0.0596055669102589,0.00355282360669335,1.80471375422247,1.93524149949712,0
21,"n1400-b1_1-b2_2p5-b3_2p5",1400,9,209,1,1,0,0.9162907,0.9162907,1.5,1.8,1,1.3,0.0985714285714285,493,225,459,223,FALSE,NA,TRUE,NA,-0.0641626503835943,-0.0641626503835943,0.0641626503835943,0.0641626503835943,0.00411684570424735,-0.279260604471644,0.148200714265632,1,0.899435318116492,-0.0168553818835084,0.0168553818835084,0.0168553818835084,0.000284103898438904,0.716929229573955,1.08413953650113,1,0.985472014586696,0.0691813145866957,0.0691813145866957,0.0691813145866957,0.00478605428794336,0.732897315165916,1.24176503834832,1,1.48895940338214,-0.0110405966178553,0.0110405966178553,0.0110405966178553,0.000121894773678197,1.4250175395236,1.54254051049238,1,1.77190940496127,-0.0280905950387271,0.0280905950387271,0.0280905950387271,0.000789081529629761,1.70888923974174,1.83724066131533,1
21,"n1400-b1_1-b2_2p5-b3_2p5",1400,10,210,1,1,0,0.9162907,0.9162907,1.5,1.8,1,1.3,0.09,466,243,444,247,FALSE,NA,TRUE,NA,-0.179393216368328,-0.179393216368328,0.179393216368328,0.179393216368328,0.0321819260789737,-0.381796692412974,0.0199700433117731,1,0.819478339840798,-0.0968123601592021,0.0968123601592021,0.0968123601592021,0.00937263307959507,0.651659726633593,0.990331214624273,1,1.04693932141654,0.130648621416536,0.130648621416536,0.130648621416536,0.0170690622780413,0.800136496632562,1.28751151219155,1,1.52262029913308,0.0226202991330751,0.0226202991330751,0.0226202991330751,0.000511677932869796,1.49185058509565,1.56789588479792,1,1.82117203453234,0.0211720345323383,0.0211720345323383,0.0211720345323383,0.000448255046238525,1.78197682869326,1.89412605928025,1
22,"n1400-b1_1-b2_2p5-b3_2p5",1400,1,211,1,1,0,0.9162907,0.9162907,1.5,1.8,1,1.3,0.0892857142857143,489,238,447,226,FALSE,NA,TRUE,NA,-0.169656779876839,-0.169656779876839,0.169656779876839,0.169656779876839,0.0287834229581781,-0.375241945924897,0.0386202719481842,1,0.737743564962977,-0.178547135037023,0.178547135037023,0.178547135037023,0.0318790794299291,0.561148495945182,0.915486443575737,0,1.07817971569665,0.161889015696652,0.161889015696652,0.161889015696652,0.0262080534032307,0.831437203868,1.32794461422585,1,1.54949214593139,0.0494921459313864,0.0494921459313864,0.0494921459313864,0.00244947250889365,1.49575043143664,1.658730479507,1,1.85883467721137,0.0588346772113719,0.0588346772113719,0.0588346772113719,0.00346151924256633,1.77760146453229,1.92436803907078,1
22,"n1400-b1_1-b2_2p5-b3_2p5",1400,2,212,1,1,0,0.9162907,0.9162907,1.5,1.8,1,1.3,0.102857142857143,473,212,482,233,FALSE,NA,TRUE,NA,-0.0913184335276639,-0.0913184335276639,0.0913184335276639,0.0913184335276639,0.00833905630194637,-0.307105890462232,0.124878536766153,1,0.940491457703265,0.024200757703265,0.024200757703265,0.024200757703265,0.000585676673412141,0.763240346938545,1.12291733789194,1,0.933672303891748,0.0173816038917483,0.0173816038917483,0.0173816038917483,0.000302120153849638,0.677649248486575,1.18781806572887,1,1.50910591999985,0.00910591999984534,0.00910591999984534,0.00910591999984534,8.29177790435833e-05,1.45852157161434,1.57947392761984,1,1.8294800211184,0.029480021118401,0.029480021118401,0.029480021118401,0.000869071645141368,1.76766850958635,2.00411100219451,1
22,"n1400-b1_1-b2_2p5-b3_2p5",1400,3,213,1,1,0,0.9162907,0.9162907,1.5,1.8,1,1.3,0.107142857142857,489,229,433,249,FALSE,NA,TRUE,NA,0.107133084988867,0.107133084988867,0.107133084988867,0.107133084988867,0.0114774978992318,-0.098659267240873,0.311574375498806,1,0.955955803147887,0.0396651031478874,0.0396651031478874,0.0396651031478874,0.00157332040773255,0.777862580388993,1.13807042024907,1,0.879140385359962,-0.0371503146400383,0.0371503146400383,0.0371503146400383,0.00138014587785384,0.630221122529602,1.12875858057567,1,1.51813874538273,0.0181387453827313,0.0181387453827313,0.0181387453827313,0.000329014084059556,1.47531792993316,1.57706610525653,1,1.80638295774194,0.00638295774194431,0.00638295774194431,0.00638295774194431,4.07421495354468e-05,1.76102237452134,1.85875200936023,1
22,"n1400-b1_1-b2_2p5-b3_2p5",1400,4,214,1,1,0,0.9162907,0.9162907,1.5,1.8,1,1.3,0.100714285714286,467,227,474,232,FALSE,NA,TRUE,NA,0.0342201631606058,0.0342201631606058,0.0342201631606058,0.0342201631606058,0.00117101956673848,-0.185861598222972,0.248353160170537,1,0.946229901792282,0.0299392017922817,0.0299392017922817,0.0299392017922817,0.000896355803958964,0.763450697512349,1.13116484583399,1,0.913584248264557,-0.00270645173544304,0.00270645173544304,0.00270645173544304,7.32488099628263e-06,0.658056579732451,1.17250324657118,1,1.47238245845473,-0.0276175415452669,0.0276175415452669,0.0276175415452669,0.000762728601004541,1.45222645705597,1.49460089319418,0,1.74463231589329,-0.0553676841067052,0.0553676841067052,0.0553676841067052,0.0030655804433399,1.69308282009308,1.78217832191345,0
22,"n1400-b1_1-b2_2p5-b3_2p5",1400,5,215,1,1,0,0.9162907,0.9162907,1.5,1.8,1,1.3,0.113571428571429,471,251,472,206,FALSE,NA,TRUE,NA,-0.00156050527154304,-0.00156050527154304,0.00156050527154304,0.00156050527154304,2.43517670251362e-06,-0.213546297460728,0.216432010049717,1,1.11958324314829,0.203292543148289,0.203292543148289,0.203292543148289,0.041327858099699,0.925927478077528,1.3173175027797,0,0.936425666970656,0.0201349669706556,0.0201349669706556,0.0201349669706556,0.000405416894909394,0.68119590957846,1.19010832667791,1,1.48205310809406,-0.0179468919059385,0.0179468919059385,0.0179468919059385,0.000322090929083439,1.42543150095546,1.5294287251836,1,1.79457382708087,-0.00542617291913228,0.00542617291913228,0.00542617291913228,2.94433525483245e-05,1.72966933366155,1.85066407122906,1
22,"n1400-b1_1-b2_2p5-b3_2p5",1400,6,216,1,1,0,0.9162907,0.9162907,1.5,1.8,1,1.3,0.0907142857142857,501,215,433,251,FALSE,NA,TRUE,NA,0.177968668466562,0.177968668466562,0.177968668466562,0.177968668466562,0.0316728469557609,-0.0331441149966661,0.386456804814172,1,1.01373114536832,0.0974404453683213,0.0974404453683213,0.0974404453683213,0.00949464039357681,0.835520450232144,1.19781625611993,1,0.649553693635951,-0.266737006364049,0.266737006364049,0.266737006364049,0.0711486305640545,0.403234728333721,0.900819512587412,0,1.50637890000054,0.00637890000054098,0.00637890000054098,0.00637890000054098,4.06903652169017e-05,1.46983630766415,1.56591633935052,1,1.78805188796342,-0.0119481120365779,0.0119481120365779,0.0119481120365779,0.000142757381238617,1.73710331252154,1.83250291406168,1
22,"n1400-b1_1-b2_2p5-b3_2p5",1400,7,217,1,1,0,0.9162907,0.9162907,1.5,1.8,1,1.3,0.117857142857143,423,268,492,217,FALSE,NA,TRUE,NA,0.00134295743024201,0.00134295743024201,0.00134295743024201,0.00134295743024201,1.80353465944223e-06,-0.209299136237977,0.212364875436652,1,1.03518463937898,0.118893939378983,0.118893939378983,0.118893939378983,0.0141357688210532,0.848104900427936,1.22743476249386,1,0.979942306566888,0.0636516065668883,0.0636516065668883,0.0636516065668883,0.00405152701854594,0.722118081154884,1.2378998189902,1,1.49412027048349,-0.00587972951651117,0.00587972951651117,0.00587972951651117,3.45712191873326e-05,1.46923325935847,1.52321559434657,1,1.78470263071526,-0.0152973692847445,0.0152973692847445,0.0152973692847445,0.000234009507033843,1.73955700460442,1.82938455860681,1
22,"n1400-b1_1-b2_2p5-b3_2p5",1400,8,218,1,1,0,0.9162907,0.9162907,1.5,1.8,1,1.3,0.107857142857143,451,241,467,241,FALSE,NA,TRUE,NA,-0.0101755326357166,-0.0101755326357166,0.0101755326357166,0.0101755326357166,0.000103541464420534,-0.215809439520055,0.195846802310038,1,0.974293370014468,0.0580026700144678,0.0580026700144678,0.0580026700144678,0.00336430972880724,0.797593800921561,1.15290116635048,1,0.900134657335731,-0.0161560426642691,0.0161560426642691,0.0161560426642691,0.000261017714569682,0.651239464081428,1.1510980715207,1,1.51054882826326,0.0105488282632629,0.0105488282632629,0.0105488282632629,0.000111277777727813,1.47807777417728,1.55281530739041,1,1.79838928554274,-0.00161071445726213,0.00161071445726213,0.00161071445726213,2.59440106283324e-06,1.76939616858026,1.83813603523516,1
22,"n1400-b1_1-b2_2p5-b3_2p5",1400,9,219,1,1,0,0.9162907,0.9162907,1.5,1.8,1,1.3,0.109285714285714,442,264,449,245,FALSE,NA,TRUE,NA,0.110986990557714,0.110986990557714,0.110986990557714,0.110986990557714,0.012318112073058,-0.091830427389256,0.312457633281333,1,0.947977732341042,0.0316870323410424,0.0316870323410424,0.0316870323410424,0.00100406801858227,0.770930251363822,1.12905639501008,1,0.797574439684829,-0.118716260315171,0.118716260315171,0.118716260315171,0.0140935504632194,0.553408510457309,1.03898315438815,1,1.48914467332294,-0.0108553266770639,0.0108553266770639,0.0108553266770639,0.000117838117265775,1.46307152426268,1.54117875750946,1,1.76632839368915,-0.0336716063108489,0.0336716063108489,0.0336716063108489,0.0011337770715528,1.71833096123054,1.81372051467079,1
22,"n1400-b1_1-b2_2p5-b3_2p5",1400,10,220,1,1,0,0.9162907,0.9162907,1.5,1.8,1,1.3,0.102857142857143,450,248,482,220,FALSE,NA,TRUE,NA,-0.0122527925060273,-0.0122527925060273,0.0122527925060273,0.0122527925060273,0.00015013092419576,-0.223822635361839,0.202464721116273,1,0.973754249373111,0.0574635493731109,0.0574635493731109,0.0574635493731109,0.00330205950655596,0.790589400817867,1.1622181498476,1,0.838592183076154,-0.0776985169238463,0.0776985169238463,0.0776985169238463,0.00603705953216523,0.587199916844042,1.08866618597113,1,1.48923184791716,-0.0107681520828418,0.0107681520828418,0.0107681520828418,0.000115953099279209,1.4447164717327,1.53212355407626,1,1.79176081120808,-0.00823918879192465,0.00823918879192465,0.00823918879192465,6.78842319489767e-05,1.76094567620118,1.82782695032086,1
23,"n1400-b1_1-b2_2p5-b3_2p5",1400,1,221,1,1,0,0.9162907,0.9162907,1.5,1.8,1,1.3,0.0964285714285714,459,216,472,253,FALSE,NA,TRUE,NA,0.0716640678701973,0.0716640678701973,0.0716640678701973,0.0716640678701973,0.00513573862370425,-0.133402900165422,0.276116552393187,1,0.823717677314227,-0.0925730226857726,0.0925730226857726,0.0925730226857726,0.00856976452918057,0.65290816257869,0.995079331589693,1,0.841868143173061,-0.0744225568269388,0.0744225568269388,0.0744225568269388,0.00553871696465893,0.595068634047591,1.09243531365092,1,1.57438153375802,0.0743815337580152,0.0743815337580152,0.0743815337580152,0.00553261256419475,1.47744380874631,1.64663639995455,1,1.84873440667018,0.0487344066701765,0.0487344066701765,0.0487344066701765,0.00237504239349414,1.79189828949355,1.92608156443281,1
23,"n1400-b1_1-b2_2p5-b3_2p5",1400,2,222,1,1,0,0.9162907,0.9162907,1.5,1.8,1,1.3,0.102857142857143,497,235,448,220,FALSE,NA,TRUE,NA,-0.0527804479287859,-0.0527804479287859,0.0527804479287859,0.0527804479287859,0.00278577568356328,-0.262407081779438,0.158426732440093,1,0.850205738266172,-0.0660849617338281,0.0660849617338281,0.0660849617338281,0.00436722216736152,0.66773208759973,1.0329079730045,1,1.00126860027922,0.084977900279219,0.084977900279219,0.084977900279219,0.00722124353586489,0.751390572282017,1.24908886018287,1,1.51705844593227,0.0170584459322651,0.0170584459322651,0.0170584459322651,0.000290990577624013,1.48411788457088,1.59868063355627,1,1.81649603580141,0.0164960358014059,0.0164960358014059,0.0164960358014059,0.000272119197161265,1.78515006600034,1.87374707218778,1
23,"n1400-b1_1-b2_2p5-b3_2p5",1400,3,223,1,1,0,0.9162907,0.9162907,1.5,1.8,1,1.3,0.105,466,225,476,233,FALSE,NA,TRUE,NA,0.125467359311518,0.125467359311518,0.125467359311518,0.125467359311518,0.0157420582526055,-0.0839466421836346,0.34087362938346,1,0.986489170313817,0.0701984703138167,0.0701984703138167,0.0701984703138167,0.0049278252343998,0.800110553120032,1.17574155478877,1,0.800306908005775,-0.115983791994225,0.115983791994225,0.115983791994225,0.0134522400053597,0.544778526209767,1.05117016629015,1,1.47460301500317,-0.025396984996835,0.025396984996835,0.025396984996835,0.00064500684692946,1.33998204489922,1.52344000278756,1,1.82616736992221,0.026167369922212,0.026167369922212,0.026167369922212,0.000684731248645887,1.77549450459938,1.99868812236576,1
23,"n1400-b1_1-b2_2p5-b3_2p5",1400,4,224,1,1,0,0.9162907,0.9162907,1.5,1.8,1,1.3,0.102142857142857,464,247,458,231,FALSE,NA,TRUE,NA,0.0110639188141406,0.0110639188141406,0.0110639188141406,0.0110639188141406,0.000122410299525894,-0.188850477781817,0.216769400469158,1,0.9131713439738,-0.00311935602620017,0.00311935602620017,0.00311935602620017,9.73038201819132e-06,0.738105873785739,1.09477005790737,1,0.968303662655496,0.0520129626554957,0.0520129626554957,0.0520129626554957,0.00270534828420199,0.721162674688708,1.21328366777243,1,1.52980435681181,0.0298043568118103,0.0298043568118103,0.0298043568118103,0.000888299684965701,1.49965515629584,1.55985251699217,1,1.80080577245939,0.000805772459394172,0.000805772459394172,0.000805772459394172,6.49269256318132e-07,1.77568942419304,1.82744483377044,1
23,"n1400-b1_1-b2_2p5-b3_2p5",1400,5,225,1,1,0,0.9162907,0.9162907,1.5,1.8,1,1.3,0.107142857142857,449,244,481,226,FALSE,NA,TRUE,NA,-0.0731734977467415,-0.0731734977467415,0.0731734977467415,0.0731734977467415,0.00535436077249238,-0.279237089395281,0.133377109495791,1,0.926144248080905,0.00985354808090499,0.00985354808090499,0.00985354808090499,9.70924097827065e-05,0.750675046740092,1.10543384671885,1,0.953585707127083,0.037295007127083,0.037295007127083,0.037295007127083,0.00139091755660917,0.706995063889518,1.19951166715664,1,1.49513949834858,-0.00486050165142493,0.00486050165142493,0.00486050165142493,2.36244763035045e-05,1.46585500644237,1.54467899365655,1,1.79117907489068,-0.00882092510931631,0.00882092510931631,0.00882092510931631,7.7808719784167e-05,1.75061861195879,1.8502839704926,1
23,"n1400-b1_1-b2_2p5-b3_2p5",1400,6,226,1,1,0,0.9162907,0.9162907,1.5,1.8,1,1.3,0.0828571428571429,476,235,467,222,FALSE,NA,TRUE,NA,0.147144368460899,0.147144368460899,0.147144368460899,0.147144368460899,0.0216514651697568,-0.0562106224462214,0.352783142703617,1,0.794882924228114,-0.121407775771886,0.121407775771886,0.121407775771886,0.0147398480178765,0.617113925146342,0.976486257913847,1,0.720006230612821,-0.196284469387179,0.196284469387179,0.196284469387179,0.0385275929226064,0.47421680789209,0.964365096896523,1,1.45823739997599,-0.0417626000240088,0.0417626000240088,0.0417626000240088,0.00174411476076534,1.42647140121764,1.53257698283321,1,1.81345259404026,0.0134525940402603,0.0134525940402603,0.0134525940402603,0.000180972286412048,1.77649267954794,1.87095106807391,1
23,"n1400-b1_1-b2_2p5-b3_2p5",1400,7,227,1,1,0,0.9162907,0.9162907,1.5,1.8,1,1.3,0.102142857142857,482,209,480,229,FALSE,NA,TRUE,NA,-0.0170743767140914,-0.0170743767140914,0.0170743767140914,0.0170743767140914,0.000291534340174705,-0.23306140624141,0.202968742384889,1,0.924977379390377,0.00868667939037671,0.00868667939037671,0.00868667939037671,7.54583988311954e-05,0.749176150851015,1.10661547155061,1,1.03828500254206,0.121994302542062,0.121994302542062,0.121994302542062,0.0148826098527243,0.780568253215447,1.29284748023168,1,1.53525954935737,0.0352595493573669,0.0352595493573669,0.0352595493573669,0.00124323582088459,1.48928252656586,1.64102573635888,1,1.814700365723,0.0147003657229963,0.0147003657229963,0.0147003657229963,0.000216100752389844,1.77974886189144,1.88633291653014,1
23,"n1400-b1_1-b2_2p5-b3_2p5",1400,8,228,1,1,0,0.9162907,0.9162907,1.5,1.8,1,1.3,0.101428571428571,438,229,478,255,FALSE,NA,TRUE,NA,-0.0162817509087955,-0.0162817509087955,0.0162817509087955,0.0162817509087955,0.000265095412656063,-0.222747299324758,0.189204887219055,1,0.899668366924247,-0.0166223330757531,0.0166223330757531,0.0166223330757531,0.000276301956881276,0.726513813462617,1.0740540242428,1,0.951976936280769,0.0356862362807689,0.0356862362807689,0.0356862362807689,0.00127350745988687,0.704821834114262,1.20053421932158,1,1.52964568903151,0.0296456890315115,0.0296456890315115,0.0296456890315115,0.000878866878153084,1.49315322236503,1.57749643024117,1,1.81181545325702,0.0118154532570203,0.0118154532570203,0.0118154532570203,0.000139604935668831,1.77190104874738,1.88292340880729,1
23,"n1400-b1_1-b2_2p5-b3_2p5",1400,9,229,1,1,0,0.9162907,0.9162907,1.5,1.8,1,1.3,0.102857142857143,476,244,455,225,FALSE,NA,TRUE,NA,0.0109397361606837,0.0109397361606837,0.0109397361606837,0.0109397361606837,0.00011967782726537,-0.198996898345843,0.221439192172436,1,0.976273080349489,0.0599823803494887,0.0599823803494887,0.0599823803494887,0.00359788595239072,0.794001036441088,1.16305048301884,1,0.872930589955025,-0.0433601100449754,0.0433601100449754,0.0433601100449754,0.00188009914311238,0.618327683102838,1.12415636300881,1,1.50395416828119,0.00395416828118522,0.00395416828118522,0.00395416828118522,1.56354467959313e-05,1.47763167801992,1.54008262748863,1,1.78567537812444,-0.0143246218755613,0.0143246218755613,0.0143246218755613,0.000205194791877809,1.74884556461354,1.83664905633527,1
23,"n1400-b1_1-b2_2p5-b3_2p5",1400,10,230,1,1,0,0.9162907,0.9162907,1.5,1.8,1,1.3,0.103571428571429,485,252,444,219,FALSE,NA,TRUE,NA,-0.0286631417608517,-0.0286631417608517,0.0286631417608517,0.0286631417608517,0.000821575695602682,-0.242714842558754,0.184350540901048,1,0.850586952010223,-0.0657037479897769,0.0657037479897769,0.0657037479897769,0.00431698249990411,0.661649190909319,1.03957643635062,1,1.0012824831525,0.0849917831525016,0.0849917831525016,0.0849917831525016,0.00722360320344185,0.746459957132866,1.26129038089759,1,1.44189509858261,-0.0581049014173858,0.0581049014173858,0.0581049014173858,0.00337617956872412,1.40416652297216,1.49591159355735,0,1.7661421370466,-0.0338578629533974,0.0338578629533974,0.0338578629533974,0.00114635488377104,1.72977047462455,1.81578234064176,1
24,"n1400-b1_1-b2_2p5-b3_2p5",1400,1,231,1,1,0,0.9162907,0.9162907,1.5,1.8,1,1.3,0.0885714285714285,456,233,473,238,FALSE,NA,TRUE,NA,0.0178629295616097,0.0178629295616097,0.0178629295616097,0.0178629295616097,0.000319084252523031,-0.186679281106832,0.220555216827956,1,0.919977742612891,0.00368704261289121,0.00368704261289121,0.00368704261289121,1.35942832292757e-05,0.742732452437833,1.09952012243342,1,0.825372644564095,-0.0909180554359055,0.0909180554359055,0.0909180554359055,0.00826609280424638,0.583443452202498,1.0686295133366,1,1.49696795961843,-0.00303204038157112,0.00303204038157112,0.00303204038157112,9.19326887547795e-06,1.42477754423,1.58474594843981,1,1.80264551123915,0.00264551123914725,0.00264551123914725,0.00264551123914725,6.9987297164544e-06,1.75002232891984,1.85277778460182,1
24,"n1400-b1_1-b2_2p5-b3_2p5",1400,2,232,1,1,0,0.9162907,0.9162907,1.5,1.8,1,1.3,0.102857142857143,457,238,448,257,FALSE,NA,TRUE,NA,-0.0866131321224966,-0.0866131321224966,0.0866131321224966,0.0866131321224966,0.00750183465606905,-0.289802537964737,0.111104037573713,1,0.790992916344584,-0.125297783655416,0.125297783655416,0.125297783655416,0.0156995345889594,0.61945053568524,0.96562781936825,1,0.948580642864756,0.0322899428647561,0.0322899428647561,0.0322899428647561,0.00104264041020921,0.702033788841771,1.2005134634779,1,1.50859012931745,0.00859012931745173,0.00859012931745173,0.00859012931745173,7.37903216905438e-05,1.47768954121722,1.59691269752371,1,1.79525844197779,-0.00474155802221454,0.00474155802221454,0.00474155802221454,2.24823724780271e-05,1.72529595270309,1.87297314188153,1
24,"n1400-b1_1-b2_2p5-b3_2p5",1400,3,233,1,1,0,0.9162907,0.9162907,1.5,1.8,1,1.3,0.0985714285714285,465,243,480,212,FALSE,NA,TRUE,NA,0.0577878010377943,0.0577878010377943,0.0577878010377943,0.0577878010377943,0.0033394299487837,-0.150376583466177,0.271282103930878,1,0.843382743042039,-0.0729079569579613,0.0729079569579613,0.0729079569579613,0.00531557018778393,0.662591072669858,1.03043229698697,1,0.966187413169236,0.0498967131692358,0.0498967131692358,0.0498967131692358,0.00248968198509299,0.713714930782156,1.21791583801153,1,1.50913538808796,0.00913538808795877,0.00913538808795877,0.00913538808795877,8.34553155176191e-05,1.39035113805527,1.62074109649646,1,1.89562414773492,0.0956241477349176,0.0956241477349176,0.0956241477349176,0.00914397763002934,1.77663830080912,2.0258014539781,1
24,"n1400-b1_1-b2_2p5-b3_2p5",1400,4,234,1,1,0,0.9162907,0.9162907,1.5,1.8,1,1.3,0.103571428571429,468,243,443,246,FALSE,NA,TRUE,NA,0.0418646574767622,0.0418646574767622,0.0418646574767622,0.0418646574767622,0.00175264954564662,-0.157619419520739,0.243685075036185,1,0.882808057471985,-0.0334826425280151,0.0334826425280151,0.0334826425280151,0.00112108735065885,0.703296776271639,1.06308548906686,1,0.852357487834423,-0.0639332121655768,0.0639332121655768,0.0639332121655768,0.00408745561780866,0.606889902261443,1.09764928709306,1,1.50332851696477,0.00332851696476655,0.00332851696476655,0.00332851696476655,1.10790251847387e-05,1.46956117002392,1.56816356413856,1,1.79948091472445,-0.000519085275551445,0.000519085275551445,0.000519085275551445,2.6944952329432e-07,1.73995980692425,1.84404930664059,1
24,"n1400-b1_1-b2_2p5-b3_2p5",1400,5,235,1,1,0,0.9162907,0.9162907,1.5,1.8,1,1.3,0.123571428571429,430,236,470,264,FALSE,NA,TRUE,NA,-0.0156983520168915,-0.0156983520168915,0.0156983520168915,0.0156983520168915,0.000246438256046241,-0.221559170482669,0.189663941628757,1,0.830743146591484,-0.0855475534085165,0.0855475534085165,0.0855475534085165,0.00731838389418298,0.658389872829149,1.00363682630644,1,0.842725500960958,-0.0735651990390419,0.0735651990390419,0.0735651990390419,0.00541183850965385,0.596737624816958,1.09084608260847,1,1.52362608461156,0.023626084611563,0.023626084611563,0.023626084611563,0.000558191874072735,1.48713781672922,1.59325533974015,1,1.79331281126211,-0.00668718873789431,0.00668718873789431,0.00668718873789431,4.47184932162205e-05,1.76254035199808,1.84957700259438,1
24,"n1400-b1_1-b2_2p5-b3_2p5",1400,6,236,1,1,0,0.9162907,0.9162907,1.5,1.8,1,1.3,0.0835714285714285,481,224,469,226,FALSE,NA,TRUE,NA,0.121879634976968,0.121879634976968,0.121879634976968,0.121879634976968,0.0148546454221189,-0.0858876675761788,0.32987714720939,1,1.02685544552485,0.110564745524853,0.110564745524853,0.110564745524853,0.0122245629529755,0.846128486883378,1.21007130160818,1,0.784106225357746,-0.132184474642254,0.132184474642254,0.132184474642254,0.0174727353364487,0.540042242712264,1.03264530711875,1,1.50217856483932,0.00217856483932244,0.00217856483932244,0.00217856483932244,4.746144759132e-06,1.45782579470551,1.60397157383243,1,1.76334343660803,-0.0366565633919673,0.0366565633919673,0.0366565633919673,0.00134370363970932,1.68112087301043,1.86268209682035,1
24,"n1400-b1_1-b2_2p5-b3_2p5",1400,7,237,1,1,0,0.9162907,0.9162907,1.5,1.8,1,1.3,0.105714285714286,461,244,454,241,FALSE,NA,TRUE,NA,-0.0302561702958639,-0.0302561702958639,0.0302561702958639,0.0302561702958639,0.000915435840972317,-0.238896428385282,0.177884406588184,1,0.800663268270376,-0.115627431729624,0.115627431729624,0.115627431729624,0.0133697029683889,0.619569656895784,0.982969170969111,1,1.07223262796363,0.155941927963629,0.155941927963629,0.155941927963629,0.0243178848970136,0.821562475721233,1.32011968439796,1,1.50514989866555,0.00514989866554805,0.00514989866554805,0.00514989866554805,2.65214562654136e-05,1.45985602886582,1.55719692605293,1,1.7994913632865,-0.000508636713503652,0.000508636713503652,0.000508636713503652,2.58711306323796e-07,1.76086623976745,1.87134670119089,1
24,"n1400-b1_1-b2_2p5-b3_2p5",1400,8,238,1,1,0,0.9162907,0.9162907,1.5,1.8,1,1.3,0.107142857142857,456,248,466,230,FALSE,NA,TRUE,NA,-0.0718968065029338,-0.0718968065029338,0.0718968065029338,0.0718968065029338,0.0051691507853203,-0.279015166891489,0.135277582804048,1,0.938254477736865,0.0219637777368649,0.0219637777368649,0.0219637777368649,0.000482407532474401,0.755981965336184,1.12215087799919,1,0.798476891616042,-0.117813808383958,0.117813808383958,0.117813808383958,0.0138800934459319,0.551963464022005,1.04518591027582,1,1.50593813566583,0.00593813566582613,0.00593813566582613,0.00593813566582613,3.52614551857563e-05,1.478032154132,1.5685713424134,1,1.82069815269668,0.0206981526966834,0.0206981526966834,0.0206981526966834,0.000428413525055222,1.78578376693279,1.87674528448405,1
24,"n1400-b1_1-b2_2p5-b3_2p5",1400,9,239,1,1,0,0.9162907,0.9162907,1.5,1.8,1,1.3,0.108571428571429,467,258,433,242,FALSE,NA,TRUE,NA,0.0956831239620902,0.0956831239620902,0.0956831239620902,0.0956831239620902,0.00915526021114472,-0.104984843506701,0.298127219876797,1,0.864281765620545,-0.0520089343794545,0.0520089343794545,0.0520089343794545,0.00270492925528641,0.684813494409252,1.0484982354306,1,0.808731742857093,-0.107558957142907,0.107558957142907,0.107558957142907,0.0115689292616697,0.563166106601363,1.0488432023172,1,1.5197964878432,0.0197964878431967,0.0197964878431967,0.0197964878431967,0.000391900930925833,1.44488051348874,1.66785701212322,1,1.8416622717213,0.0416622717213035,0.0416622717213035,0.0416622717213035,0.00173574488497973,1.7743365755894,1.93802992195006,1
24,"n1400-b1_1-b2_2p5-b3_2p5",1400,10,240,1,1,0,0.9162907,0.9162907,1.5,1.8,1,1.3,0.09,456,238,451,255,FALSE,NA,TRUE,NA,0.116050057287497,0.116050057287497,0.116050057287497,0.116050057287497,0.0134676157964312,-0.0812892687000125,0.316981835997392,1,0.961743011458549,0.0454523114585492,0.0454523114585492,0.0454523114585492,0.00206591261692496,0.787966350770133,1.14088687096943,1,0.846117872197513,-0.0701728278024875,0.0701728278024875,0.0701728278024875,0.00492422576179756,0.604060561547877,1.08671369895206,1,1.52003120226422,0.0200312022642226,0.0200312022642226,0.0200312022642226,0.000401249064150197,1.46343413257323,1.60253405861675,1,1.8200049230313,0.0200049230312984,0.0200049230312984,0.0200049230312984,0.000400196945488174,1.7522711894571,1.91100466439482,1
25,"n1400-b1_1-b2_2p5-b3_2p5",1400,1,241,1,1,0,0.9162907,0.9162907,1.5,1.8,1,1.3,0.095,457,231,464,248,FALSE,NA,TRUE,NA,0.217141993021206,0.217141993021206,0.217141993021206,0.217141993021206,0.0471506451332213,0.0131251681793648,0.420833600278152,0,1.00553548992063,0.0892447899206257,0.0892447899206257,0.0892447899206257,0.00796463252797661,0.831329026560264,1.1859826573089,1,0.636532177006981,-0.279758522993019,0.279758522993019,0.279758522993019,0.0782648311872354,0.393782582648293,0.880214877060101,0,1.49024661996752,-0.00975338003248361,0.00975338003248361,0.00975338003248361,9.51284220580499e-05,1.43012489897069,1.53648642612541,1,1.79863831449981,-0.001361685500191,0.001361685500191,0.001361685500191,1.85418740143042e-06,1.75427349321604,1.87077686448035,1
25,"n1400-b1_1-b2_2p5-b3_2p5",1400,2,242,1,1,0,0.9162907,0.9162907,1.5,1.8,1,1.3,0.106428571428571,480,243,436,241,FALSE,NA,TRUE,NA,0.108738198333832,0.108738198333832,0.108738198333832,0.108738198333832,0.0118239957768878,-0.0967677660704137,0.313606019162857,1,0.95809647727306,0.0418057772730601,0.0418057772730601,0.0418057772730601,0.00174772301340471,0.775480050121953,1.14415038008272,1,0.962592442721782,0.0463017427217816,0.0463017427217816,0.0463017427217816,0.00214385137907405,0.712792137844897,1.20916513039299,1,1.47701892627872,-0.0229810737212817,0.0229810737212817,0.0229810737212817,0.000528129749382983,1.46105670074023,1.50839053088626,1,1.79149195147912,-0.00850804852087617,0.00850804852087617,0.00850804852087617,7.23868896335831e-05,1.74342645880412,1.86468927247986,1
25,"n1400-b1_1-b2_2p5-b3_2p5",1400,3,243,1,1,0,0.9162907,0.9162907,1.5,1.8,1,1.3,0.0978571428571429,471,248,464,217,FALSE,NA,TRUE,NA,-0.0373377825688172,-0.0373377825688172,0.0373377825688172,0.0373377825688172,0.00139411000715627,-0.24499278189757,0.166767791532492,1,0.969496429231515,0.0532057292315149,0.0532057292315149,0.0532057292315149,0.00283084962305728,0.78430249918287,1.15511067141433,1,0.857704127395688,-0.0585865726043121,0.0585865726043121,0.0585865726043121,0.00343238648952033,0.610634364263849,1.10718903719253,1,1.49382332183091,-0.00617667816908951,0.00617667816908951,0.00617667816908951,3.8151353204507e-05,1.48037698689105,1.51715222340238,1,1.78531075024915,-0.0146892497508531,0.0146892497508531,0.0146892497508531,0.000215774058242937,1.75766105890222,1.81454861342963,1
25,"n1400-b1_1-b2_2p5-b3_2p5",1400,4,244,1,1,0,0.9162907,0.9162907,1.5,1.8,1,1.3,0.0878571428571429,482,235,450,233,FALSE,NA,TRUE,NA,-0.0631513408628585,-0.0631513408628585,0.0631513408628585,0.0631513408628585,0.00398809185277694,-0.26540171789056,0.140137991505146,1,0.859072234108275,-0.0572184658917251,0.0572184658917251,0.0572184658917251,0.00327395283900251,0.681105074678506,1.03995518426574,1,0.9732355222046,0.0569448222045996,0.0569448222045996,0.0569448222045996,0.00324271277591346,0.723633983118994,1.22035726447487,1,1.53318158437293,0.0331815843729326,0.0331815843729326,0.0331815843729326,0.00110101754149805,1.48436717795661,1.62363912415472,1,1.82368897774078,0.0236889777407845,0.0236889777407845,0.0236889777407845,0.000561167666403383,1.7791091937234,1.89724345240532,1
25,"n1400-b1_1-b2_2p5-b3_2p5",1400,5,245,1,1,0,0.9162907,0.9162907,1.5,1.8,1,1.3,0.0964285714285714,462,255,461,222,FALSE,NA,TRUE,NA,-0.0837716591531533,-0.0837716591531533,0.0837716591531533,0.0837716591531533,0.00701769087727208,-0.292386322473247,0.125368839067447,1,1.03860905220175,0.12231835220175,0.12231835220175,0.12231835220175,0.0149617792853514,0.856654249007216,1.21950056452647,1,0.916906689682244,0.000615989682243523,0.000615989682243523,0.000615989682243523,3.79443288630476e-07,0.670943504200957,1.16399941208884,1,1.48645786340984,-0.0135421365901605,0.0135421365901605,0.0135421365901605,0.000183389463426563,1.37023644363335,1.54168038375473,1,1.79320823460145,-0.00679176539854853,0.00679176539854853,0.00679176539854853,4.61280772289211e-05,1.74064772392044,1.82448647700963,1
25,"n1400-b1_1-b2_2p5-b3_2p5",1400,6,246,1,1,0,0.9162907,0.9162907,1.5,1.8,1,1.3,0.0914285714285714,469,225,480,226,FALSE,NA,TRUE,NA,0.116865290148489,0.116865290148489,0.116865290148489,0.116865290148489,0.0136574960414905,-0.0945215639432202,0.329193328997641,1,0.895199411398066,-0.0210912886019338,0.0210912886019338,0.0210912886019338,0.000444842454890061,0.712694320169223,1.08482997512783,1,0.765174162758187,-0.151116537241813,0.151116537241813,0.151116537241813,0.0228362078279563,0.512164134356774,1.0167875268313,1,1.52029175401842,0.0202917540184222,0.0202917540184222,0.0202917540184222,0.000411755281144154,1.49445510572319,1.59898121682152,1,1.81307685178645,0.0130768517864459,0.0130768517864459,0.0130768517864459,0.000171004052644674,1.77576867815674,1.88387009547671,1
25,"n1400-b1_1-b2_2p5-b3_2p5",1400,7,247,1,1,0,0.9162907,0.9162907,1.5,1.8,1,1.3,0.0914285714285714,465,242,462,231,FALSE,NA,TRUE,NA,0.0824714709920794,0.0824714709920794,0.0824714709920794,0.0824714709920794,0.00680154352759739,-0.124604065296699,0.287246563761543,1,0.983166407698031,0.0668757076980309,0.0668757076980309,0.0668757076980309,0.00447236028011246,0.805477610540418,1.16503710327916,1,0.693488147130037,-0.222802552869963,0.222802552869963,0.222802552869963,0.0496409775653728,0.447334953826401,0.940356067379918,1,1.51852149415674,0.0185214941567386,0.0185214941567386,0.0185214941567386,0.000343045745798104,1.49043226662004,1.55132196960854,1,1.7897027474963,-0.0102972525036982,0.0102972525036982,0.0102972525036982,0.000106033409124918,1.7640649625535,1.82243477991447,1
25,"n1400-b1_1-b2_2p5-b3_2p5",1400,8,248,1,1,0,0.9162907,0.9162907,1.5,1.8,1,1.3,0.0978571428571429,479,214,466,241,FALSE,NA,TRUE,NA,0.0716085135176107,0.0716085135176107,0.0716085135176107,0.0716085135176107,0.00512777920820183,-0.141946406086932,0.285719730863621,1,0.95016994740882,0.0338792474088204,0.0338792474088204,0.0338792474088204,0.00114780340498807,0.773130278569295,1.13182547809201,1,0.885313145736418,-0.0309775542635817,0.0309775542635817,0.0309775542635817,0.000959608868153151,0.634308384644433,1.13908591933441,1,1.49434135247489,-0.00565864752511303,0.00565864752511303,0.00565864752511303,3.20202918134678e-05,1.45199252705353,1.55504266320841,1,1.79766252458577,-0.00233747541422602,0.00233747541422602,0.00233747541422602,5.4637913121111e-06,1.76198658124723,1.8627565650763,1
25,"n1400-b1_1-b2_2p5-b3_2p5",1400,9,249,1,1,0,0.9162907,0.9162907,1.5,1.8,1,1.3,0.109285714285714,466,243,447,244,FALSE,NA,TRUE,NA,-0.028520060360818,-0.028520060360818,0.028520060360818,0.028520060360818,0.000813393842984705,-0.230413278370548,0.180511569395257,1,0.864597674660111,-0.0516930253398887,0.0516930253398887,0.0516930253398887,0.00267216886879038,0.686297161596003,1.04766728862194,1,0.946609957607911,0.0303192576079111,0.0303192576079111,0.0303192576079111,0.000919257381894875,0.69665861078615,1.19267563258654,1,1.51899463953098,0.0189946395309801,0.0189946395309801,0.0189946395309801,0.000360796330911873,1.46913990279839,1.60351534556211,1,1.80533598573148,0.00533598573148164,0.00533598573148164,0.00533598573148164,2.84727437265757e-05,1.73642923152786,1.87826105558055,1
25,"n1400-b1_1-b2_2p5-b3_2p5",1400,10,250,1,1,0,0.9162907,0.9162907,1.5,1.8,1,1.3,0.107857142857143,464,242,470,224,FALSE,NA,TRUE,NA,-0.1411563613988,-0.1411563613988,0.1411563613988,0.1411563613988,0.0199251183633485,-0.351286029588657,0.0685384859089945,1,0.879381230823281,-0.0369094691767188,0.0369094691767188,0.0369094691767188,0.00136230891490715,0.698055418999217,1.06871358321032,1,1.17066946618002,0.254378766180018,0.254378766180018,0.254378766180018,0.0647085566832684,0.919227497513604,1.42285924725096,0,1.51734581806561,0.0173458180656059,0.0173458180656059,0.0173458180656059,0.000300877404365099,1.49762714138075,1.55875055741657,1,1.80364576822391,0.00364576822390839,0.00364576822390839,0.00364576822390839,1.32916259424601e-05,1.77405058420061,1.86547146098189,1
26,"n1400-b1_1-b2_2p5-b3_2p5",1400,1,251,1,1,0,0.9162907,0.9162907,1.5,1.8,1,1.3,0.0885714285714285,468,245,476,211,FALSE,NA,TRUE,NA,0.29752610970216,0.29752610970216,0.29752610970216,0.29752610970216,0.088521785954502,0.0823647405408087,0.513064157660079,0,1.15456071709166,0.238270017091665,0.238270017091665,0.238270017091665,0.0567726010448622,0.963580320879537,1.34864521165756,0,0.597573189530679,-0.318717510469321,0.318717510469321,0.318717510469321,0.101580851479762,0.343433159533446,0.851482698962796,0,1.49451760553696,-0.00548239446304288,0.00548239446304288,0.00548239446304288,3.00566490484033e-05,1.44459270805665,1.58289482205447,1,1.76813286152622,-0.0318671384737819,0.0318671384737819,0.0318671384737819,0.00101551451450719,1.68977900502525,1.84975748466264,1
26,"n1400-b1_1-b2_2p5-b3_2p5",1400,2,252,1,1,0,0.9162907,0.9162907,1.5,1.8,1,1.3,0.102857142857143,432,232,511,225,FALSE,NA,TRUE,NA,0.0155168848232,0.0155168848232,0.0155168848232,0.0155168848232,0.000240773714616455,-0.198478678955316,0.223303183900249,1,0.888732868787173,-0.0275578312128267,0.0275578312128267,0.0275578312128267,0.000759434061154647,0.705637476363335,1.07275509045536,1,0.844022806730343,-0.0722678932696567,0.0722678932696567,0.0722678932696567,0.00522264839763449,0.595032880467969,1.0938392170553,1,1.48474216381542,-0.0152578361845803,0.0152578361845803,0.0152578361845803,0.000232801565035489,1.4502806396965,1.53649584093509,1,1.77572625901206,-0.0242737409879381,0.0242737409879381,0.0242737409879381,0.000589214501549507,1.7393515730388,1.82363802441822,1
26,"n1400-b1_1-b2_2p5-b3_2p5",1400,3,253,1,1,0,0.9162907,0.9162907,1.5,1.8,1,1.3,0.104285714285714,474,230,463,233,FALSE,NA,TRUE,NA,-0.0371001403756761,-0.0371001403756761,0.0371001403756761,0.0371001403756761,0.00137642041589488,-0.248533661574257,0.176066083048736,1,0.939229733272589,0.0229390332725894,0.0229390332725894,0.0229390332725894,0.000526199247480963,0.757542867337118,1.12597332075035,1,0.970181549578277,0.0538908495782772,0.0538908495782772,0.0538908495782772,0.0029042236682685,0.717614473082363,1.22157515419559,1,1.50543785874316,0.00543785874316338,0.00543785874316338,0.00543785874316338,2.95703077105984e-05,1.47231848945027,1.5572512238237,1,1.80227331840108,0.00227331840108236,0.00227331840108236,0.00227331840108236,5.16797655269965e-06,1.77485397015868,1.83237002183156,1
26,"n1400-b1_1-b2_2p5-b3_2p5",1400,4,254,1,1,0,0.9162907,0.9162907,1.5,1.8,1,1.3,0.0871428571428572,479,224,485,212,FALSE,NA,TRUE,NA,-0.0585618163162812,-0.0585618163162812,0.0585618163162812,0.0585618163162812,0.00342948633026186,-0.267678724124396,0.153210245409701,1,0.777764633777806,-0.138526066222194,0.138526066222194,0.138526066222194,0.0191894710229958,0.600704483594093,0.96135446779734,1,1.00302508688098,0.0867343868809816,0.0867343868809816,0.0867343868809816,0.00752285386761979,0.748188549637173,1.25143013749225,1,1.49246258652289,-0.00753741347710868,0.00753741347710868,0.00753741347710868,5.68126019248995e-05,1.44150931914363,1.57464409122186,1,1.75215408859489,-0.0478459114051135,0.0478459114051135,0.0478459114051135,0.00228923123818597,1.70548687227119,1.81681108375156,1
26,"n1400-b1_1-b2_2p5-b3_2p5",1400,5,255,1,1,0,0.9162907,0.9162907,1.5,1.8,1,1.3,0.0957142857142858,468,234,445,253,FALSE,NA,TRUE,NA,-0.265392561678462,-0.265392561678462,0.265392561678462,0.265392561678462,0.0704332117942561,-0.473398006889324,-0.0606843002564459,0,0.744776813243712,-0.171513886756288,0.171513886756288,0.171513886756288,0.0294170133502486,0.575612257331964,0.917397262185477,1,1.12563075098843,0.209340050988433,0.209340050988433,0.209340050988433,0.0438232569478397,0.871473484549308,1.37597643229486,1,1.50421221540915,0.00421221540915218,0.00421221540915218,0.00421221540915218,1.7742758653099e-05,1.4441607992201,1.5532004502447,1,1.77874381702652,-0.0212561829734768,0.0212561829734768,0.0212561829734768,0.000451825314601923,1.6940899915033,1.82730239507674,1
26,"n1400-b1_1-b2_2p5-b3_2p5",1400,6,256,1,1,0,0.9162907,0.9162907,1.5,1.8,1,1.3,0.0957142857142858,468,214,482,236,FALSE,NA,TRUE,NA,-0.266266734640785,-0.266266734640785,0.266266734640785,0.266266734640785,0.070897973976266,-0.4821223865805,-0.0523243307727877,0,0.82761504857126,-0.0886756514287402,0.0886756514287402,0.0886756514287402,0.00786337115631144,0.651668190539778,1.00809865489092,1,1.04115511936082,0.124864419360823,0.124864419360823,0.124864419360823,0.0155911232223154,0.786796585221853,1.29201062984934,1,1.46800283929134,-0.0319971607086591,0.0319971607086591,0.0319971607086591,0.00102381829341576,1.43569514086538,1.50739808419048,1,1.72364878224591,-0.0763512177540879,0.0763512177540879,0.0763512177540879,0.00582950845253215,1.67209169372559,1.79283535182591,0
26,"n1400-b1_1-b2_2p5-b3_2p5",1400,7,257,1,1,0,0.9162907,0.9162907,1.5,1.8,1,1.3,0.0942857142857143,419,232,506,243,FALSE,NA,TRUE,NA,0.084647844473127,0.084647844473127,0.084647844473127,0.084647844473127,0.00716525757394669,-0.121765026893119,0.285104248676791,1,0.955049235591218,0.0387585355912177,0.0387585355912177,0.0387585355912177,0.00150222408117569,0.777084129532537,1.1348279795841,1,0.891749045628403,-0.0245416543715969,0.0245416543715969,0.0245416543715969,0.000602292799294923,0.647701154216447,1.14157603504756,1,1.44130761954435,-0.0586923804556507,0.0586923804556507,0.0586923804556507,0.00344479552355085,1.35015427123951,1.55499804987829,1,1.73848266981027,-0.0615173301897298,0.0615173301897298,0.0615173301897298,0.00378438191367224,1.67810154561277,1.81701091553959,1
26,"n1400-b1_1-b2_2p5-b3_2p5",1400,8,258,1,1,0,0.9162907,0.9162907,1.5,1.8,1,1.3,0.110714285714286,452,257,431,260,FALSE,NA,TRUE,NA,0.00793050723377897,0.00793050723377897,0.00793050723377897,0.00793050723377897,6.28929449850205e-05,-0.186510327477327,0.206072570206623,1,0.909247744824242,-0.00704295517575781,0.00704295517575781,0.00704295517575781,4.96032176077338e-05,0.732714491605922,1.08949501501914,1,0.913779413126282,-0.00251128687371838,0.00251128687371838,0.00251128687371838,6.30656176211022e-06,0.665919824418465,1.15405218106418,1,1.48560945311424,-0.0143905468857621,0.0143905468857621,0.0143905468857621,0.000207087839671318,1.42398181927829,1.56103645052375,1,1.80534652519692,0.0053465251969238,0.0053465251969238,0.0053465251969238,2.85853316813411e-05,1.74334597532707,1.89506498391579,1
26,"n1400-b1_1-b2_2p5-b3_2p5",1400,9,259,1,1,0,0.9162907,0.9162907,1.5,1.8,1,1.3,0.0971428571428572,461,248,476,215,FALSE,NA,TRUE,NA,-0.141935508731345,-0.141935508731345,0.141935508731345,0.141935508731345,0.0201456886388257,-0.350129913800585,0.0654280294620157,1,0.864359213312031,-0.0519314866879688,0.0519314866879688,0.0519314866879688,0.00269687930962268,0.686633510619655,1.04771476883729,1,1.00849555099643,0.0922048509964264,0.0922048509964264,0.0922048509964264,0.00850173454727319,0.758138773854814,1.25907779650734,1,1.51799721684555,0.0179972168455533,0.0179972168455533,0.0179972168455533,0.000323899814185869,1.48665099128761,1.54728177630624,1,1.8181737203458,0.0181737203458014,0.0181737203458014,0.0181737203458014,0.000330284111207397,1.78378546767064,1.86352840563231,1
26,"n1400-b1_1-b2_2p5-b3_2p5",1400,10,260,1,1,0,0.9162907,0.9162907,1.5,1.8,1,1.3,0.0871428571428572,493,218,455,234,FALSE,NA,TRUE,NA,-0.0566404495242196,-0.0566404495242196,0.0566404495242196,0.0566404495242196,0.00320814052230567,-0.26658104234638,0.153842112787829,1,0.816583248261691,-0.0997074517383094,0.0997074517383094,0.0997074517383094,0.0099415759321473,0.638618059265674,0.997005678795846,1,1.06447195914054,0.148181259140538,0.148181259140538,0.148181259140538,0.0219576855604754,0.811840664441736,1.31506471411993,1,1.52470425055006,0.0247042505500645,0.0247042505500645,0.0247042505500645,0.000610299995240364,1.48741706116038,1.59336861309159,1,1.76438874242962,-0.0356112575703789,0.0356112575703789,0.0356112575703789,0.00126816166574387,1.72495940289957,1.84294131232912,1
27,"n1400-b1_1-b2_2p5-b3_2p5",1400,1,261,1,1,0,0.9162907,0.9162907,1.5,1.8,1,1.3,0.101428571428571,488,219,480,213,FALSE,NA,TRUE,NA,-0.153048715373241,-0.153048715373241,0.153048715373241,0.153048715373241,0.0234239092773992,-0.375068089247527,0.0689630480461745,1,0.9498468901881,0.0335561901880997,0.0335561901880997,0.0335561901880997,0.00112601789993992,0.762877031542667,1.13806478770116,1,1.05597138153904,0.139680681539044,0.139680681539044,0.139680681539044,0.0195106927952118,0.799229148790715,1.31789393817706,1,1.50742342214846,0.00742342214845682,0.00742342214845682,0.00742342214845682,5.51071963941992e-05,1.45677515079333,1.57352865109571,1,1.79052330852912,-0.00947669147087993,0.00947669147087993,0.00947669147087993,8.98076812342484e-05,1.7432866574759,1.86082028054097,1
27,"n1400-b1_1-b2_2p5-b3_2p5",1400,2,262,1,1,0,0.9162907,0.9162907,1.5,1.8,1,1.3,0.100714285714286,442,247,491,220,FALSE,NA,TRUE,NA,-0.140216013501557,-0.140216013501557,0.140216013501557,0.140216013501557,0.0196605304422688,-0.351742467783763,0.0698290121763668,1,0.866906273955561,-0.0493844260444392,0.0493844260444392,0.0493844260444392,0.00243882153573868,0.691039200611547,1.04988632741604,1,0.965299841901878,0.0490091419018778,0.0490091419018778,0.0490091419018778,0.00240189598995839,0.716239378973386,1.21508210879559,1,1.50702997255933,0.00702997255933324,0.00702997255933324,0.00702997255933324,4.94205141849784e-05,1.48142448000162,1.53646167541422,1,1.83447723156569,0.0344772315656905,0.0344772315656905,0.0344772315656905,0.00118867949643424,1.78465030655245,1.88731098866687,1
27,"n1400-b1_1-b2_2p5-b3_2p5",1400,3,263,1,1,0,0.9162907,0.9162907,1.5,1.8,1,1.3,0.115,449,234,467,250,FALSE,NA,TRUE,NA,0.174085739515471,0.174085739515471,0.174085739515471,0.174085739515471,0.0303058447026484,-0.0343156333144218,0.385746090182899,1,1.05354842731442,0.137257727314416,0.137257727314416,0.137257727314416,0.0188396837075186,0.871124951509093,1.23823200575159,1,0.728695180139855,-0.187595519860145,0.187595519860145,0.187595519860145,0.035192079071598,0.47786455341742,0.9765700774715,1,1.50290908263667,0.00290908263667355,0.00290908263667355,0.00290908263667355,8.46276178699556e-06,1.47828162410752,1.52653184249872,1,1.79604729970723,-0.00395270029276706,0.00395270029276706,0.00395270029276706,1.56238396044408e-05,1.77679640127202,1.81868123144739,1
27,"n1400-b1_1-b2_2p5-b3_2p5",1400,4,264,1,1,0,0.9162907,0.9162907,1.5,1.8,1,1.3,0.0971428571428572,481,235,465,219,FALSE,NA,TRUE,NA,-0.100624066324362,-0.100624066324362,0.100624066324362,0.100624066324362,0.0101252027236497,-0.313066330322484,0.112020655713534,1,0.887519235677185,-0.0287714643228146,0.0287714643228146,0.0287714643228146,0.000827797159278995,0.704022374788018,1.07419699716153,1,0.997329688961684,0.0810389889616844,0.0810389889616844,0.0810389889616844,0.006567317731932,0.744316314995779,1.24868413164933,1,1.51988440295987,0.0198844029598726,0.0198844029598726,0.0198844029598726,0.00039538948107059,1.43266408301252,1.56698367348775,1,1.78971709609154,-0.0102829039084587,0.0102829039084587,0.0102829039084587,0.000105738112790594,1.76137935238964,1.84993091257369,1
27,"n1400-b1_1-b2_2p5-b3_2p5",1400,5,265,1,1,0,0.9162907,0.9162907,1.5,1.8,1,1.3,0.0921428571428572,493,235,449,223,FALSE,NA,TRUE,NA,-0.149261503572909,-0.149261503572909,0.149261503572909,0.149261503572909,0.0222789964488456,-0.356683638632987,0.0640473850770976,1,0.859709269223655,-0.0565814307763453,0.0565814307763453,0.0565814307763453,0.00320145830869835,0.6801630895847,1.04455246849163,1,1.06010970473379,0.143819004733786,0.143819004733786,0.143819004733786,0.0206839061226168,0.80354678267623,1.3129605911372,1,1.48092849991837,-0.0190715000816295,0.0190715000816295,0.0190715000816295,0.000363722115363594,1.4461001330218,1.52962373335905,1,1.81092922150894,0.010929221508944,0.010929221508944,0.010929221508944,0.000119447882791565,1.76319231669763,1.84616772765905,1
27,"n1400-b1_1-b2_2p5-b3_2p5",1400,6,266,1,1,0,0.9162907,0.9162907,1.5,1.8,1,1.3,0.0942857142857143,496,235,446,223,FALSE,NA,TRUE,NA,0.168001704505392,0.168001704505392,0.168001704505392,0.168001704505392,0.028224572716717,-0.0455268132715957,0.379375766975338,1,1.04199446724929,0.12570376724929,0.12570376724929,0.12570376724929,0.0158014371006637,0.85470103069229,1.23039356997918,1,0.657594641574329,-0.258696058425671,0.258696058425671,0.258696058425671,0.0669236506449781,0.408438219051968,0.911745850111645,0,1.50556987409088,0.00556987409087806,0.00556987409087806,0.00556987409087806,3.10234973882347e-05,1.48039280830704,1.54236113166976,1,1.79013185417256,-0.009868145827441,0.009868145827441,0.009868145827441,9.73803020716412e-05,1.75890191891461,1.82029515360356,1
27,"n1400-b1_1-b2_2p5-b3_2p5",1400,7,267,1,1,0,0.9162907,0.9162907,1.5,1.8,1,1.3,0.0942857142857143,473,240,473,214,FALSE,NA,TRUE,NA,-0.18741841007233,-0.18741841007233,0.18741841007233,0.18741841007233,0.0351256604340399,-0.395467320039415,0.0229304638174807,1,0.735497102759133,-0.180793597240867,0.180793597240867,0.180793597240867,0.0326863248032929,0.558762918201651,0.918930521415251,1,1.1166674108934,0.200376710893404,0.200376710893404,0.200376710893404,0.0401508262684586,0.863847354017233,1.36663911966294,1,1.47859953778158,-0.0214004622184154,0.0214004622184154,0.0214004622184154,0.000457979783161825,1.44069189965,1.54629601799311,1,1.8040842341142,0.00408423411419867,0.00408423411419867,0.00408423411419867,1.66809682995842e-05,1.76611684213223,1.86804947599342,1
27,"n1400-b1_1-b2_2p5-b3_2p5",1400,8,268,1,1,0,0.9162907,0.9162907,1.5,1.8,1,1.3,0.0978571428571429,453,250,479,218,FALSE,NA,TRUE,NA,0.14224700088238,0.14224700088238,0.14224700088238,0.14224700088238,0.0202342092600317,-0.066974391187919,0.351366087959332,1,0.883980737639729,-0.0323099623602707,0.0323099623602707,0.0323099623602707,0.00104393366772211,0.697008806027507,1.07515869901006,1,0.807631700721035,-0.108658999278965,0.108658999278965,0.108658999278965,0.011806778124306,0.554076347560761,1.05968621490545,1,1.45140405637083,-0.0485959436291676,0.0485959436291676,0.0485959436291676,0.00236156573720924,1.38826034480259,1.54126090606779,1,1.7641320843857,-0.0358679156143045,0.0358679156143045,0.0358679156143045,0.00128650737051487,1.69706097240812,1.83078844214991,1
27,"n1400-b1_1-b2_2p5-b3_2p5",1400,9,269,1,1,0,0.9162907,0.9162907,1.5,1.8,1,1.3,0.119285714285714,440,248,444,268,FALSE,NA,TRUE,NA,-0.100353103092241,-0.100353103092241,0.100353103092241,0.100353103092241,0.0100707453002419,-0.304586418235663,0.100878910247366,1,0.881546734163375,-0.0347439658366253,0.0347439658366253,0.0347439658366253,0.00120714316205659,0.71333441125677,1.05442767595894,1,0.970483166843705,0.0541924668437049,0.0541924668437049,0.0541924668437049,0.00293682346260606,0.724745168466885,1.21806570756481,1,1.47661487505295,-0.0233851249470494,0.0233851249470494,0.0233851249470494,0.00054686406878911,1.4302184638214,1.54704763906969,1,1.82327641954519,0.0232764195451893,0.0232764195451893,0.0232764195451893,0.000541791706843672,1.78438261058724,1.89685411724436,1
27,"n1400-b1_1-b2_2p5-b3_2p5",1400,10,270,1,1,0,0.9162907,0.9162907,1.5,1.8,1,1.3,0.102857142857143,455,233,472,240,FALSE,NA,TRUE,NA,-0.055452554429875,-0.055452554429875,0.055452554429875,0.055452554429875,0.00307498579279825,-0.262354384229161,0.153322789882524,1,0.983708454987419,0.067417754987419,0.067417754987419,0.067417754987419,0.00454515368754366,0.803367463374056,1.16214596014349,1,0.980794605611527,0.0645039056115265,0.0645039056115265,0.0645039056115265,0.00416075383914072,0.7337102768711,1.23063029011253,1,1.5003697773107,0.00036977731069987,0.00036977731069987,0.00036977731069987,1.36735259508428e-07,1.44845016022779,1.57249621772091,1,1.78199147034343,-0.018008529656574,0.018008529656574,0.018008529656574,0.000324307140391704,1.73408387293861,1.8183200753679,1
28,"n1400-b1_1-b2_2p5-b3_2p5",1400,1,271,1,1,0,0.9162907,0.9162907,1.5,1.8,1,1.3,0.102142857142857,487,209,470,234,FALSE,NA,TRUE,NA,0.0353721068280384,0.0353721068280384,0.0353721068280384,0.0353721068280384,0.00125118594145416,-0.186341697055156,0.25368756062192,1,0.94260712320125,0.02631642320125,0.02631642320125,0.02631642320125,0.000692554130107292,0.760639526091861,1.12741590745615,1,0.982676457196279,0.0663857571962793,0.0663857571962793,0.0663857571962793,0.00440706875852334,0.729319111879314,1.24272984961961,1,1.52910465086135,0.0291046508613548,0.0291046508613548,0.0291046508613548,0.000847080701761363,1.48042080177148,1.61453576900751,1,1.79551813172457,-0.00448186827542818,0.00448186827542818,0.00448186827542818,2.00871432382896e-05,1.75092156198532,1.87261956040333,1
28,"n1400-b1_1-b2_2p5-b3_2p5",1400,2,272,1,1,0,0.9162907,0.9162907,1.5,1.8,1,1.3,0.103571428571429,491,214,460,235,FALSE,NA,TRUE,NA,0.141815276108717,0.141815276108717,0.141815276108717,0.141815276108717,0.0201115725377918,-0.0738801604379006,0.354005476645304,1,0.890865199090537,-0.0254255009094628,0.0254255009094628,0.0254255009094628,0.000646456096497095,0.710936663634871,1.07395230378761,1,0.731672651422014,-0.184618048577986,0.184618048577986,0.184618048577986,0.0340838238607438,0.480335186145015,0.986735603898043,1,1.49964189307726,-0.000358106922737633,0.000358106922737633,0.000358106922737633,1.28240568112617e-07,1.44677240647152,1.6748315986304,1,1.82321821213657,0.0232182121365681,0.0232182121365681,0.0232182121365681,0.000539085374818676,1.77286095523848,2.01610076699645,1
28,"n1400-b1_1-b2_2p5-b3_2p5",1400,3,273,1,1,0,0.9162907,0.9162907,1.5,1.8,1,1.3,0.0942857142857143,465,243,474,218,FALSE,NA,TRUE,NA,0.166165919923679,0.166165919923679,0.166165919923679,0.166165919923679,0.0276111129440826,-0.0449843029684679,0.37900117378476,1,1.06882135689164,0.152530656891645,0.152530656891645,0.152530656891645,0.0232656012917966,0.883495034376003,1.25534270059879,1,0.600025936335647,-0.316264763664353,0.316264763664353,0.316264763664353,0.100023400735669,0.351282313219861,0.849528130471689,0,1.4912834797253,-0.00871652027470282,0.00871652027470282,0.00871652027470282,7.59777256993053e-05,1.39406827879141,1.56853720475977,1,1.82245449103148,0.0224544910314806,0.0224544910314806,0.0224544910314806,0.000504204167482841,1.75766154949165,1.90531399616387,1
28,"n1400-b1_1-b2_2p5-b3_2p5",1400,4,274,1,1,0,0.9162907,0.9162907,1.5,1.8,1,1.3,0.0878571428571429,502,234,449,215,FALSE,NA,TRUE,NA,-0.0780594976571141,-0.0780594976571141,0.0780594976571141,0.0780594976571141,0.00609328517448101,-0.289211314737126,0.133158181025283,1,0.806164491130141,-0.110126208869859,0.110126208869859,0.110126208869859,0.0121277818800479,0.625416806083744,0.989550200863214,1,1.06169931453032,0.145408614530324,0.145408614530324,0.145408614530324,0.0211436651796285,0.808623506112637,1.31597146566172,1,1.50363861469835,0.00363861469835447,0.00363861469835447,0.00363861469835447,1.32395169230812e-05,1.47915961906337,1.55313740961147,1,1.80490752582835,0.00490752582834819,0.00490752582834819,0.00490752582834819,2.40838097559046e-05,1.75688307082267,1.88053831430252,1
28,"n1400-b1_1-b2_2p5-b3_2p5",1400,5,275,1,1,0,0.9162907,0.9162907,1.5,1.8,1,1.3,0.116428571428571,443,239,474,244,FALSE,NA,TRUE,NA,0.0779997194812641,0.0779997194812641,0.0779997194812641,0.0779997194812641,0.00608395623915589,-0.131892352292684,0.285879618268108,1,0.983029088136359,0.0667383881363586,0.0667383881363586,0.0667383881363586,0.00445401245103925,0.802646292281628,1.16559984285318,1,1.01899482669526,0.102704126695261,0.102704126695261,0.102704126695261,0.0105481376402362,0.766490080604397,1.2717762382437,1,1.52587503995188,0.0258750399518828,0.0258750399518828,0.0258750399518828,0.00066951769251153,1.48842241380229,1.576752695813,1,1.81952095855993,0.0195209585599252,0.0195209585599252,0.0195209585599252,0.000381067823098317,1.7966780679489,1.85373423120216,1
28,"n1400-b1_1-b2_2p5-b3_2p5",1400,6,276,1,1,0,0.9162907,0.9162907,1.5,1.8,1,1.3,0.106428571428571,495,242,448,215,FALSE,NA,TRUE,NA,-0.056818351466809,-0.056818351466809,0.056818351466809,0.056818351466809,0.00322832506340583,-0.269566581787523,0.154872152582081,1,0.952115434642897,0.0358247346428969,0.0358247346428969,0.0358247346428969,0.00128341161223398,0.763040666900485,1.14297782273523,1,1.14803506154374,0.231744361543736,0.231744361543736,0.231744361543736,0.0537054491073139,0.89472507288523,1.40453509220951,1,1.48249701537441,-0.017502984625589,0.017502984625589,0.017502984625589,0.000306354470803604,1.43976566862812,1.51267365086817,1,1.79003750042715,-0.00996249957284712,0.00996249957284712,0.00996249957284712,9.9251397738979e-05,1.74117982252072,1.83510650143995,1
28,"n1400-b1_1-b2_2p5-b3_2p5",1400,7,277,1,1,0,0.9162907,0.9162907,1.5,1.8,1,1.3,0.0942857142857143,484,225,456,235,FALSE,NA,TRUE,NA,0.0247872125137987,0.0247872125137987,0.0247872125137987,0.0247872125137987,0.000614405904204221,-0.183708487777887,0.234351004776516,1,0.748921733686017,-0.167368966313983,0.167368966313983,0.167368966313983,0.0280123708850113,0.574278609937207,0.924694987064977,1,0.975651016140074,0.0593603161400738,0.0593603161400738,0.0593603161400738,0.0035236471322495,0.726372432120298,1.22764050713561,1,1.47939089843253,-0.0206091015674668,0.0206091015674668,0.0206091015674668,0.000424735067418161,1.42930889115582,1.54096835091705,1,1.81187493200018,0.0118749320001801,0.0118749320001801,0.0118749320001801,0.000141014010008901,1.75779524653498,1.87456804634432,1
28,"n1400-b1_1-b2_2p5-b3_2p5",1400,8,278,1,1,0,0.9162907,0.9162907,1.5,1.8,1,1.3,0.0842857142857143,476,216,482,226,FALSE,NA,TRUE,NA,-0.154586323751894,-0.154586323751894,0.154586323751894,0.154586323751894,0.0238969314911252,-0.364798436643584,0.0535726983467996,1,0.814120622835855,-0.102170077164145,0.102170077164145,0.102170077164145,0.0104387246677273,0.64038980856062,0.990634031679814,1,0.908471683127618,-0.00781901687238251,0.00781901687238251,0.00781901687238251,6.11370248506024e-05,0.660391737104961,1.15500886134049,1,1.51668032813324,0.0166803281332386,0.0166803281332386,0.0166803281332386,0.000278233346632511,1.49226709800936,1.56097148135116,1,1.82491899615898,0.024918996158982,0.024918996158982,0.024918996158982,0.000620956369571358,1.79201498268212,1.87220188828083,1
28,"n1400-b1_1-b2_2p5-b3_2p5",1400,9,279,1,1,0,0.9162907,0.9162907,1.5,1.8,1,1.3,0.105,446,244,456,254,FALSE,NA,TRUE,NA,-0.238772701244812,-0.238772701244812,0.238772701244812,0.238772701244812,0.0570124028597441,-0.444577137803027,-0.0374551085478211,0,0.835313070070611,-0.0809776299293895,0.0809776299293895,0.0809776299293895,0.00655737654898116,0.661759073544484,1.01001846362991,1,1.1598006500262,0.243509950026197,0.243509950026197,0.243509950026197,0.0592970957617612,0.910080002426352,1.41057102756778,1,1.52635934646917,0.0263593464691692,0.0263593464691692,0.0263593464691692,0.0006948151462817,1.46874674616596,1.5809226877479,1,1.80935501817111,0.00935501817111239,0.00935501817111239,0.00935501817111239,8.75163649818431e-05,1.7663275152333,1.86220165461809,1
28,"n1400-b1_1-b2_2p5-b3_2p5",1400,10,280,1,1,0,0.9162907,0.9162907,1.5,1.8,1,1.3,0.107142857142857,432,253,477,238,FALSE,NA,TRUE,NA,0.145500219549063,0.145500219549063,0.145500219549063,0.145500219549063,0.0211703138888255,-0.0555395774715566,0.344577279200714,1,1.02834193418398,0.112051234183975,0.112051234183975,0.112051234183975,0.012555479082152,0.844942450449403,1.21285584739765,1,0.779219074487395,-0.137071625512605,0.137071625512605,0.137071625512605,0.0187886305206677,0.53421516680835,1.02134362335585,1,1.51253906164238,0.0125390616423822,0.0125390616423822,0.0125390616423822,0.00015722806687146,1.47690213206552,1.57581026778042,1,1.81496695835205,0.0149669583520533,0.0149669583520533,0.0149669583520533,0.000224009842312098,1.78363671581306,1.85997731908558,1
29,"n1400-b1_1-b2_2p5-b3_2p5",1400,1,281,1,1,0,0.9162907,0.9162907,1.5,1.8,1,1.3,0.0992857142857143,485,252,457,206,FALSE,NA,TRUE,NA,-0.0100363521717502,-0.0100363521717502,0.0100363521717502,0.0100363521717502,0.000100728364915394,-0.220673282138723,0.202830830046234,1,0.90296291048808,-0.0133277895119204,0.0133277895119204,0.0133277895119204,0.000177629973274055,0.71421164892641,1.0949814566493,1,1.00028123279506,0.0839905327950639,0.0839905327950639,0.0839905327950639,0.0070544095991987,0.746602308146387,1.25337680709159,1,1.52652412157953,0.0265241215795335,0.0265241215795335,0.0265241215795335,0.000703529025565877,1.48853385865162,1.58111574958146,1,1.83438966195977,0.0343896619597652,0.0343896619597652,0.0343896619597652,0.00118264884970692,1.79041580927967,1.9098612841816,1
29,"n1400-b1_1-b2_2p5-b3_2p5",1400,2,282,1,1,0,0.9162907,0.9162907,1.5,1.8,1,1.3,0.107857142857143,447,247,459,247,FALSE,NA,TRUE,NA,0.0839414690970634,0.0839414690970634,0.0839414690970634,0.0839414690970634,0.00704617023417325,-0.119665419592904,0.285899161120464,1,0.915155627730255,-0.00113507226974485,0.00113507226974485,0.00113507226974485,1.28838905754373e-06,0.737789022393905,1.09452086410264,1,0.83590081356363,-0.08038988643637,0.08038988643637,0.08038988643637,0.00646253384125247,0.590566281491884,1.08031639718215,1,1.51966905463612,0.0196690546361249,0.0196690546361249,0.0196690546361249,0.000386871710278866,1.48094245231558,1.58278003698556,1,1.82038013163126,0.0203801316312617,0.0203801316312617,0.0203801316312617,0.000415349765307555,1.7405035581347,1.90489964783901,1
29,"n1400-b1_1-b2_2p5-b3_2p5",1400,3,283,1,1,0,0.9162907,0.9162907,1.5,1.8,1,1.3,0.107857142857143,466,244,459,231,FALSE,NA,TRUE,NA,-0.0876743904290404,-0.0876743904290404,0.0876743904290404,0.0876743904290404,0.00768679873710381,-0.299618221182577,0.124153532192042,1,0.914866539118147,-0.00142416088185293,0.00142416088185293,0.00142416088185293,2.02823421740012e-06,0.735292768497306,1.09968197251294,1,0.965864362546195,0.0495736625461948,0.0495736625461948,0.0495736625461948,0.00245754801824399,0.712542378286125,1.21788585225783,1,1.52020381707433,0.0202038170743344,0.0202038170743344,0.0202038170743344,0.000408194224373166,1.45294808317379,1.57093593266771,1,1.78471457243851,-0.015285427561494,0.015285427561494,0.015285427561494,0.00023364429573768,1.69507596074568,1.8616633980139,1
29,"n1400-b1_1-b2_2p5-b3_2p5",1400,4,284,1,1,0,0.9162907,0.9162907,1.5,1.8,1,1.3,0.09,466,211,478,245,FALSE,NA,TRUE,NA,-0.0259789859008759,-0.0259789859008759,0.0259789859008759,0.0259789859008759,0.00067490770843791,-0.236596578406444,0.184271070657283,1,0.796651870105205,-0.119638829894795,0.119638829894795,0.119638829894795,0.0143134496185956,0.621492213013634,0.97361888138638,1,0.936443259363088,0.0201525593630881,0.0201525593630881,0.0201525593630881,0.000406125648882791,0.683507557705718,1.18854795051078,1,1.39218862493268,-0.10781137506732,0.10781137506732,0.10781137506732,0.0116232925939064,1.36114437971388,1.45818003910206,0,1.76586424948106,-0.0341357505189386,0.0341357505189386,0.0341357505189386,0.00116524946349122,1.68773438420743,1.8396083492646,1
29,"n1400-b1_1-b2_2p5-b3_2p5",1400,5,285,1,1,0,0.9162907,0.9162907,1.5,1.8,1,1.3,0.100714285714286,478,231,463,228,FALSE,NA,TRUE,NA,0.266318571327642,0.266318571327642,0.266318571327642,0.266318571327642,0.0709255814339966,0.0471784918724116,0.480727439087601,0,1.13155485678977,0.215264156789773,0.215264156789773,0.215264156789773,0.046338657198412,0.942224126987517,1.32163453983545,0,0.754009403215716,-0.162281296784284,0.162281296784284,0.162281296784284,0.0263352192859889,0.502356451495986,1.01147729313265,1,1.48885330208046,-0.0111466979195443,0.0111466979195443,0.0111466979195443,0.000124248874509572,1.46656253518389,1.52188424018728,1,1.78423965148618,-0.0157603485138189,0.0157603485138189,0.0157603485138189,0.000248388585277034,1.74883262038835,1.84636268562051,1
29,"n1400-b1_1-b2_2p5-b3_2p5",1400,6,286,1,1,0,0.9162907,0.9162907,1.5,1.8,1,1.3,0.0978571428571429,462,227,473,238,FALSE,NA,TRUE,NA,-0.0454572031752221,-0.0454572031752221,0.0454572031752221,0.0454572031752221,0.00206635732051342,-0.253391986308111,0.165044925342337,1,0.880939641559469,-0.0353510584405309,0.0353510584405309,0.0353510584405309,0.00124969733286583,0.707682507808604,1.06009380135844,1,0.86859070723256,-0.0476999927674395,0.0476999927674395,0.0476999927674395,0.00227528931001378,0.617488677129653,1.11545310047705,1,1.52536986826491,0.0253698682649135,0.0253698682649135,0.0253698682649135,0.000643630215779065,1.49791226540086,1.60825875929012,1,1.81725012242697,0.0172501224269654,0.0172501224269654,0.0172501224269654,0.000297566723745296,1.7872902921407,1.878990795994,1
29,"n1400-b1_1-b2_2p5-b3_2p5",1400,7,287,1,1,0,0.9162907,0.9162907,1.5,1.8,1,1.3,0.0857142857142857,464,214,466,256,FALSE,NA,TRUE,NA,-0.0338873209332219,-0.0338873209332219,0.0338873209332219,0.0338873209332219,0.00114835052003118,-0.240103673881788,0.175615525621314,1,0.835471676988373,-0.0808190230116274,0.0808190230116274,0.0808190230116274,0.00653171448055395,0.661247130966374,1.00873607829051,1,1.03242447852065,0.116133778520651,0.116133778520651,0.116133778520651,0.0134870545134835,0.782436057468544,1.28302127953856,1,1.5016969795589,0.0016969795588988,0.0016969795588988,0.0016969795588988,2.87973962332038e-06,1.47864091433696,1.58144011663731,1,1.80405079363337,0.00405079363336736,0.00405079363336736,0.00405079363336736,1.64089290601295e-05,1.76253900876637,1.90389402053876,1
29,"n1400-b1_1-b2_2p5-b3_2p5",1400,8,288,1,1,0,0.9162907,0.9162907,1.5,1.8,1,1.3,0.107142857142857,464,207,465,264,FALSE,NA,TRUE,NA,0.270899276250987,0.270899276250987,0.270899276250987,0.270899276250987,0.0733864178733087,0.0574217446971713,0.483894815656335,0,1.10956444581452,0.193273745814515,0.193273745814515,0.193273745814515,0.0373547408211738,0.932291208757777,1.29189512943374,0,0.686130752509957,-0.230159947490043,0.230159947490043,0.230159947490043,0.0529736014286195,0.431588182955979,0.940342826394995,1,1.47793011144715,-0.0220698885528501,0.0220698885528501,0.0220698885528501,0.000487079980735223,1.45941692605523,1.52860980130811,1,1.78994354843278,-0.010056451567225,0.010056451567225,0.010056451567225,0.000101132218123942,1.76592278533241,1.83038778047334,1
29,"n1400-b1_1-b2_2p5-b3_2p5",1400,9,289,1,1,0,0.9162907,0.9162907,1.5,1.8,1,1.3,0.106428571428571,472,236,460,232,FALSE,NA,TRUE,NA,0.0471910135449823,0.0471910135449823,0.0471910135449823,0.0471910135449823,0.0022269917594027,-0.163179572553218,0.254993752145906,1,0.924529562033924,0.00823886203392399,0.00823886203392399,0.00823886203392399,6.78788476140341e-05,0.744202836982136,1.10862189471805,1,0.93680746884981,0.0205167688498099,0.0205167688498099,0.0205167688498099,0.00042093780403653,0.685019365982158,1.18751817133682,1,1.51221368791878,0.0122136879187791,0.0122136879187791,0.0122136879187791,0.00014917417257733,1.43537984856783,1.61405298150329,1,1.82053212952538,0.0205321295253795,0.0205321295253795,0.0205321295253795,0.000421568342846962,1.76630224655678,1.91077790258635,1
29,"n1400-b1_1-b2_2p5-b3_2p5",1400,10,290,1,1,0,0.9162907,0.9162907,1.5,1.8,1,1.3,0.102142857142857,467,235,471,227,FALSE,NA,TRUE,NA,0.0383006406965839,0.0383006406965839,0.0383006406965839,0.0383006406965839,0.00146693907776882,-0.170136254389563,0.2454615826013,1,0.867363053645502,-0.048927646354498,0.048927646354498,0.048927646354498,0.00239391457779082,0.687184396834922,1.05205648458342,1,0.886977247290255,-0.0293134527097454,0.0293134527097454,0.0293134527097454,0.000859278509766479,0.63941852207448,1.13473738154027,1,1.49912528268844,-0.00087471731156219,0.00087471731156219,0.00087471731156219,7.65130375146585e-07,1.4451222780868,1.52302635045946,1,1.78554136689175,-0.0144586331082481,0.0144586331082481,0.0144586331082481,0.000209052071358929,1.73946832015506,1.8058095062764,1
30,"n1400-b1_1-b2_2p5-b3_2p5",1400,1,291,1,1,0,0.9162907,0.9162907,1.5,1.8,1,1.3,0.107857142857143,437,258,495,210,FALSE,NA,TRUE,NA,0.0668305139912552,0.0668305139912552,0.0668305139912552,0.0668305139912552,0.00446631760033536,-0.148018010713798,0.283486295971544,1,1.00704016516555,0.0907494651655505,0.0907494651655505,0.0907494651655505,0.00823546542783346,0.817355668875701,1.20028431740476,1,0.746569225675421,-0.169721474324579,0.169721474324579,0.169721474324579,0.0288053788469087,0.491832659365519,1.00027775926282,1,1.50032662249251,0.000326622492506923,0.000326622492506923,0.000326622492506923,1.06682252611435e-07,1.48492482133411,1.53016639122562,1,1.81308123777517,0.0130812377751703,0.0130812377751703,0.0130812377751703,0.000171118781730543,1.79131150498603,1.84886090801665,1
30,"n1400-b1_1-b2_2p5-b3_2p5",1400,2,292,1,1,0,0.9162907,0.9162907,1.5,1.8,1,1.3,0.0992857142857143,453,237,481,229,FALSE,NA,TRUE,NA,-0.0441045368340017,-0.0441045368340017,0.0441045368340017,0.0441045368340017,0.00194521016934181,-0.252084079943067,0.165848314767539,1,0.921068895194235,0.00477819519423506,0.00477819519423506,0.00477819519423506,2.2831149314211e-05,0.740702280362137,1.10517170966367,1,0.920946424638698,0.00465572463869823,0.00465572463869823,0.00465572463869823,2.16757719113818e-05,0.670909342570895,1.1699280571314,1,1.50278968006741,0.00278968006740676,0.00278968006740676,0.00278968006740676,7.7823148784866e-06,1.47124756596256,1.56939131364808,1,1.79722303402765,-0.00277696597235022,0.00277696597235022,0.00277696597235022,7.71154001159101e-06,1.77287018070943,1.84384387580734,1
30,"n1400-b1_1-b2_2p5-b3_2p5",1400,3,293,1,1,0,0.9162907,0.9162907,1.5,1.8,1,1.3,0.0985714285714285,475,217,463,245,FALSE,NA,TRUE,NA,0.175991811523779,0.175991811523779,0.175991811523779,0.175991811523779,0.0309731177234215,-0.0355184067309459,0.389327777384579,1,0.992073829053494,0.0757831290534938,0.0757831290534938,0.0757831290534938,0.0057430826491385,0.814779902597681,1.17293173426807,1,0.720861704136802,-0.195428995863198,0.195428995863198,0.195428995863198,0.0381924924240979,0.470907731653019,0.971777426183763,1,1.48751249040923,-0.0124875095907713,0.0124875095907713,0.0124875095907713,0.000155937895779605,1.46484955247879,1.54443773069881,1,1.79318368879211,-0.0068163112078945,0.0068163112078945,0.0068163112078945,4.64620984828682e-05,1.7581207886054,1.84452979475972,1
30,"n1400-b1_1-b2_2p5-b3_2p5",1400,4,294,1,1,0,0.9162907,0.9162907,1.5,1.8,1,1.3,0.114285714285714,447,240,480,233,FALSE,NA,TRUE,NA,0.0957987335663332,0.0957987335663332,0.0957987335663332,0.0957987335663332,0.0091773973529133,-0.1151270097713,0.306449345536802,1,1.02107694423602,0.104786244236017,0.104786244236017,0.104786244236017,0.0109801569810902,0.839633176177901,1.20479446243222,1,0.843396907569356,-0.0728937924306442,0.0728937924306442,0.0728937924306442,0.00531350497492184,0.58930663748384,1.09528926164442,1,1.51458721930412,0.0145872193041248,0.0145872193041248,0.0145872193041248,0.00021278696702663,1.49789624459365,1.54244787938896,1,1.81162777249847,0.011627772498465,0.011627772498465,0.011627772498465,0.00013520509327606,1.77950758912242,1.83854867754544,1
30,"n1400-b1_1-b2_2p5-b3_2p5",1400,5,295,1,1,0,0.9162907,0.9162907,1.5,1.8,1,1.3,0.102857142857143,461,216,473,250,FALSE,NA,TRUE,NA,-0.0222383193896566,-0.0222383193896566,0.0222383193896566,0.0222383193896566,0.000494542849276376,-0.230208410531785,0.189175767914352,1,0.928037211150804,0.0117465111508043,0.0117465111508043,0.0117465111508043,0.000137980524215969,0.754572186332237,1.10593850788117,1,0.993747044880384,0.0774563448803841,0.0774563448803841,0.0774563448803841,0.00599948536222901,0.743059265492586,1.24528311404821,1,1.51611149063491,0.0161114906349136,0.0161114906349136,0.0161114906349136,0.000259580130478908,1.47941845245424,1.57046732807679,1,1.81320050529831,0.0132005052983057,0.0132005052983057,0.0132005052983057,0.000174253340130598,1.74560308215537,1.89567119025944,1
30,"n1400-b1_1-b2_2p5-b3_2p5",1400,6,296,1,1,0,0.9162907,0.9162907,1.5,1.8,1,1.3,0.08,466,223,453,258,FALSE,NA,TRUE,NA,0.0257101129524935,0.0257101129524935,0.0257101129524935,0.0257101129524935,0.000661009908029974,-0.176912434031498,0.223234021463725,1,0.847637510775389,-0.0686531892246109,0.0686531892246109,0.0686531892246109,0.00471326039071024,0.677155455249322,1.02166265421856,1,0.902297196657169,-0.0139935033428312,0.0139935033428312,0.0139935033428312,0.000195818135805829,0.663575148763986,1.14337171060609,1,1.50281222295666,0.00281222295665806,0.00281222295665806,0.00281222295665806,7.90859795795461e-06,1.48982443656021,1.52713850059451,1,1.80534160964824,0.00534160964824015,0.00534160964824015,0.00534160964824015,2.85327936341723e-05,1.78321037558013,1.86687667006365,1
30,"n1400-b1_1-b2_2p5-b3_2p5",1400,7,297,1,1,0,0.9162907,0.9162907,1.5,1.8,1,1.3,0.1,453,228,482,237,FALSE,NA,TRUE,NA,0.0422443295136692,0.0422443295136692,0.0422443295136692,0.0422443295136692,0.00178458337605946,-0.16673190986204,0.251486741183841,1,0.894359620516845,-0.0219310794831552,0.0219310794831552,0.0219310794831552,0.000480972247296471,0.719911362036961,1.07227411764516,1,0.852598742299885,-0.063691957700115,0.063691957700115,0.063691957700115,0.00405666547567324,0.599327113770229,1.10392388615223,1,1.49281353406454,-0.00718646593545924,0.00718646593545924,0.00718646593545924,5.16452926415161e-05,1.43971948144805,1.60202983303858,1,1.81260906780828,0.0126090678082826,0.0126090678082826,0.0126090678082826,0.00015898859099387,1.76575098123928,1.8796507463582,1
30,"n1400-b1_1-b2_2p5-b3_2p5",1400,8,298,1,1,0,0.9162907,0.9162907,1.5,1.8,1,1.3,0.0921428571428572,451,256,456,237,FALSE,NA,TRUE,NA,0.00644683625720356,0.00644683625720356,0.00644683625720356,0.00644683625720356,4.15616977271944e-05,-0.194797658040334,0.206071984835244,1,0.838707964811814,-0.0775827351881864,0.0775827351881864,0.0775827351881864,0.00601908079928025,0.664349592865882,1.01661959688834,1,0.902983846452093,-0.0133068535479068,0.0133068535479068,0.0133068535479068,0.000177072351345441,0.658690736896281,1.14649686877594,1,1.55445269982385,0.0544526998238528,0.0544526998238528,0.0544526998238528,0.00296509651810662,1.49017580327941,1.67228251974961,1,1.83431384910134,0.0343138491013368,0.0343138491013368,0.0343138491013368,0.00117744024014931,1.78679969072293,1.93699180887197,1
30,"n1400-b1_1-b2_2p5-b3_2p5",1400,9,299,1,1,0,0.9162907,0.9162907,1.5,1.8,1,1.3,0.0978571428571429,475,222,471,232,FALSE,NA,TRUE,NA,0.103654045656434,0.103654045656434,0.103654045656434,0.103654045656434,0.0107441611809462,-0.111160312089906,0.315501559876312,1,1.14035747186437,0.224066771864372,0.224066771864372,0.224066771864372,0.0502059182537205,0.95618011709798,1.32849203116158,0,0.665462536108134,-0.250828163891866,0.250828163891866,0.250828163891866,0.0629147678013646,0.414842405237976,0.919454187547328,1,1.49441220720759,-0.0055877927924104,0.0055877927924104,0.0055877927924104,3.12234282909136e-05,1.47511002535809,1.54310090170476,1,1.79834318056025,-0.00165681943975415,0.00165681943975415,0.00165681943975415,2.74505065594727e-06,1.7782933259712,1.84416610657503,1
30,"n1400-b1_1-b2_2p5-b3_2p5",1400,10,300,1,1,0,0.9162907,0.9162907,1.5,1.8,1,1.3,0.106428571428571,439,207,512,242,FALSE,NA,TRUE,NA,-0.0431905006402112,-0.0431905006402112,0.0431905006402112,0.0431905006402112,0.00186541934555208,-0.260997417464739,0.173328098746448,1,0.977844379894066,0.0615536798940665,0.0615536798940665,0.0615536798940665,0.0037888555085012,0.803047554208859,1.15837076441378,1,0.850767869038938,-0.0655228309610619,0.0655228309610619,0.0655228309610619,0.0042932413771519,0.595590945380993,1.10391511369055,1,1.42385844580151,-0.0761415541984893,0.0761415541984893,0.0761415541984893,0.00579753627576149,1.38588136548813,1.52236984261534,1,1.79129642626819,-0.00870357373181418,0.00870357373181418,0.00870357373181418,7.57521957051259e-05,1.70101250378308,1.85071393173533,1
31,"n1400-b1_1-b2_2p5-b3_2p5",1400,1,301,1,1,0,0.9162907,0.9162907,1.5,1.8,1,1.3,0.105,483,236,447,234,FALSE,NA,TRUE,NA,-0.0884604254625653,-0.0884604254625653,0.0884604254625653,0.0884604254625653,0.00782524687301808,-0.294097975121219,0.121461436492211,1,0.862555623995954,-0.0537350760040465,0.0537350760040465,0.0537350760040465,0.00288745839316065,0.685220027853802,1.03886963787845,1,1.0029451354672,0.0866544354671994,0.0866544354671994,0.0866544354671994,0.00750899118613903,0.75577171237956,1.25326040944339,1,1.5243783540708,0.0243783540708029,0.0243783540708029,0.0243783540708029,0.000594304147201433,1.50109239935521,1.55621919889893,0,1.81801130013395,0.018011300133947,0.018011300133947,0.018011300133947,0.00032440693251512,1.79225900016297,1.86355000556673,1
31,"n1400-b1_1-b2_2p5-b3_2p5",1400,2,302,1,1,0,0.9162907,0.9162907,1.5,1.8,1,1.3,0.105714285714286,467,228,482,223,FALSE,NA,TRUE,NA,0.113847271782053,0.113847271782053,0.113847271782053,0.113847271782053,0.0129612012922167,-0.0968898415654487,0.325812889300878,1,0.974404471007553,0.0581137710075529,0.0581137710075529,0.0581137710075529,0.00337721038071829,0.789572087985212,1.16442033535977,1,0.879591977362787,-0.0366987226372127,0.0366987226372127,0.0366987226372127,0.00134679624320307,0.625439126267091,1.12983321117622,1,1.49639383410419,-0.00360616589581442,0.00360616589581442,0.00360616589581442,1.3004432468135e-05,1.46300559192901,1.57425249083493,1,1.81092951929028,0.0109295192902821,0.0109295192902821,0.0109295192902821,0.000119454391916648,1.79141158688449,1.89026510464742,1
31,"n1400-b1_1-b2_2p5-b3_2p5",1400,3,303,1,1,0,0.9162907,0.9162907,1.5,1.8,1,1.3,0.0928571428571429,487,220,467,226,FALSE,NA,TRUE,NA,-0.0750957441875404,-0.0750957441875404,0.0750957441875404,0.0750957441875404,0.00563937079508051,-0.288199172423662,0.138615758891547,1,0.824186811390005,-0.092103888609995,0.092103888609995,0.092103888609995,0.00848312629708236,0.647687514905602,1.0045633846558,1,0.943931314487808,0.0276406144878084,0.0276406144878084,0.0276406144878084,0.000764003569263644,0.689506738540001,1.19713259609991,1,1.49249067662881,-0.00750932337119226,0.00750932337119226,0.00750932337119226,5.63899374931342e-05,1.44679625957359,1.5773339514822,1,1.82036612629074,0.02036612629074,0.02036612629074,0.02036612629074,0.00041477910009037,1.78519875068517,1.87293372304291,1
31,"n1400-b1_1-b2_2p5-b3_2p5",1400,4,304,1,1,0,0.9162907,0.9162907,1.5,1.8,1,1.3,0.11,467,245,455,233,FALSE,NA,TRUE,NA,-0.0947284991584368,-0.0947284991584368,0.0947284991584368,0.0947284991584368,0.00897348855280996,-0.305552210474131,0.118298864674994,1,0.920866689286698,0.00457598928669811,0.00457598928669811,0.00457598928669811,2.09396779519759e-05,0.7409497534531,1.10390731399843,1,1.0658400605183,0.149549360518304,0.149549360518304,0.149549360518304,0.0223650112314337,0.808698144983008,1.32229131188959,1,1.46468398900815,-0.0353160109918473,0.0353160109918473,0.0353160109918473,0.00124722063237628,1.39047053103878,1.51555132356302,1,1.70215707743824,-0.0978429225617627,0.0978429225617627,0.0978429225617627,0.0095732374954271,1.59033095247584,1.80628362828861,1
31,"n1400-b1_1-b2_2p5-b3_2p5",1400,5,305,1,1,0,0.9162907,0.9162907,1.5,1.8,1,1.3,0.0957142857142858,454,242,450,254,FALSE,NA,TRUE,NA,-0.0705034305294437,-0.0705034305294437,0.0705034305294437,0.0705034305294437,0.0049707337164201,-0.268538009998249,0.12494114055876,1,0.927669164084974,0.0113784640849744,0.0113784640849744,0.0113784640849744,0.000129469444933053,0.753680060000867,1.10331711240223,1,0.945766279775372,0.029475579775372,0.029475579775372,0.029475579775372,0.000868809803094317,0.704769807538639,1.18895548302349,1,1.49773627411479,-0.00226372588521095,0.00226372588521095,0.00226372588521095,5.12445488337412e-06,1.46091180426193,1.55148706467309,1,1.80185417305764,0.00185417305763913,0.00185417305763913,0.00185417305763913,3.43795772767484e-06,1.76118341807136,1.87270442180891,1
31,"n1400-b1_1-b2_2p5-b3_2p5",1400,6,306,1,1,0,0.9162907,0.9162907,1.5,1.8,1,1.3,0.0892857142857143,466,232,483,219,FALSE,NA,TRUE,NA,-0.190768424230503,-0.190768424230503,0.190768424230503,0.190768424230503,0.0363925916833893,-0.402663564813875,0.0200284298265682,1,0.704237250396223,-0.212053449603777,0.212053449603777,0.212053449603777,0.0449666654888616,0.525361753520552,0.886331157508281,0,1.12011179994296,0.203821099942961,0.203821099942961,0.203821099942961,0.0415430407819587,0.870023881962417,1.37240947344126,1,1.45956549437608,-0.0404345056239224,0.0404345056239224,0.0404345056239224,0.00163494924505101,1.37602010433304,1.52572403731598,1,1.74415680258395,-0.0558431974160531,0.0558431974160531,0.0558431974160531,0.00311846269764828,1.66564809721509,1.80786216166183,1
31,"n1400-b1_1-b2_2p5-b3_2p5",1400,7,307,1,1,0,0.9162907,0.9162907,1.5,1.8,1,1.3,0.102142857142857,466,254,455,225,FALSE,NA,TRUE,NA,0.193050562393633,0.193050562393633,0.193050562393633,0.193050562393633,0.0372685196404978,-0.0152337010041608,0.403310764464917,1,1.07375381867138,0.157463118671377,0.157463118671377,0.157463118671377,0.024794633741716,0.88651016289883,1.26688936966164,1,0.640144628084723,-0.276146071915277,0.276146071915277,0.276146071915277,0.0762566530342373,0.393444201444926,0.885523518767319,0,1.50288474380303,0.0028847438030335,0.0028847438030335,0.0028847438030335,8.32174680914016e-06,1.48651122212128,1.54275542134329,1,1.81487648148598,0.0148764814859796,0.0148764814859796,0.0148764814859796,0.000221309701402695,1.76425997103116,1.88868584378343,1
31,"n1400-b1_1-b2_2p5-b3_2p5",1400,8,308,1,1,0,0.9162907,0.9162907,1.5,1.8,1,1.3,0.0978571428571429,457,237,474,232,FALSE,NA,TRUE,NA,-0.0113838849826709,-0.0113838849826709,0.0113838849826709,0.0113838849826709,0.000129592837298681,-0.218695134574308,0.200817777543262,1,0.920818366463964,0.00452766646396385,0.00452766646396385,0.00452766646396385,2.04997636089029e-05,0.742850851708142,1.10084804756825,1,0.972111486954179,0.0558207869541788,0.0558207869541788,0.0558207869541788,0.00311596025618382,0.720592414926804,1.22080175478099,1,1.49783081457476,-0.00216918542524369,0.00216918542524369,0.00216918542524369,4.70536540908966e-06,1.40445642627533,1.59044477344858,1,1.85927113096445,0.0592711309644465,0.0592711309644465,0.0592711309644465,0.00351306696580457,1.76536922663452,2.10491436303771,1
31,"n1400-b1_1-b2_2p5-b3_2p5",1400,9,309,1,1,0,0.9162907,0.9162907,1.5,1.8,1,1.3,0.0964285714285714,471,253,466,210,FALSE,NA,TRUE,NA,0.143317250399324,0.143317250399324,0.143317250399324,0.143317250399324,0.0205398342620226,-0.0653157619452061,0.353006746261064,1,1.09879894685354,0.182508246853535,0.182508246853535,0.182508246853535,0.0333092601695509,0.907962101918914,1.29123208403087,1,0.719045017931264,-0.197245682068736,0.197245682068736,0.197245682068736,0.0389058590947611,0.471513338214192,0.967767597999959,1,1.51820639566814,0.0182063956681362,0.0182063956681362,0.0182063956681362,0.000331472843224729,1.47902167870681,1.55489742782768,1,1.79186993789708,-0.00813006210291589,0.00813006210291589,0.00813006210291589,6.60979097972692e-05,1.74362012966319,1.82980212050507,1
31,"n1400-b1_1-b2_2p5-b3_2p5",1400,10,310,1,1,0,0.9162907,0.9162907,1.5,1.8,1,1.3,0.106428571428571,434,242,474,250,FALSE,NA,TRUE,NA,-0.186640976619024,-0.186640976619024,0.186640976619024,0.186640976619024,0.0348348541533032,-0.393825854088243,0.020663746497226,1,0.848754507657681,-0.0675361923423189,0.0675361923423189,0.0675361923423189,0.00456113727609869,0.675216968195224,1.0262295086062,1,1.16324146682605,0.246950766826054,0.246950766826054,0.246950766826054,0.0609846812359762,0.914526965804549,1.41386179808136,1,1.48276720821884,-0.0172327917811597,0.0172327917811597,0.0172327917811597,0.000296969112572804,1.45384107826237,1.51366904586501,1,1.75664429758044,-0.0433557024195572,0.0433557024195572,0.0433557024195572,0.0018797169322932,1.71226506316043,1.80273646213603,1
32,"n1400-b1_1-b2_2p5-b3_2p5",1400,1,311,1,1,0,0.9162907,0.9162907,1.5,1.8,1,1.3,0.0985714285714285,439,242,503,216,FALSE,NA,TRUE,NA,-0.136515406684988,-0.136515406684988,0.136515406684988,0.136515406684988,0.0186364562623678,-0.34843381016052,0.0735669832892101,1,0.820059346601541,-0.096231353398459,0.096231353398459,0.096231353398459,0.00926047337689911,0.641273993348477,1.00203529019527,1,1.10543799993866,0.18914729993866,0.18914729993866,0.18914729993866,0.0357767010740853,0.853510659401323,1.35958705168462,1,1.51597233173104,0.0159723317310383,0.0159723317310383,0.0159723317310383,0.000255115380926333,1.48108095793382,1.58193110862066,1,1.81563995193896,0.0156399519389641,0.0156399519389641,0.0156399519389641,0.000244608096653106,1.78560640522774,1.84641986907242,1
32,"n1400-b1_1-b2_2p5-b3_2p5",1400,2,312,1,1,0,0.9162907,0.9162907,1.5,1.8,1,1.3,0.100714285714286,467,259,459,215,FALSE,NA,TRUE,NA,0.101637501085835,0.101637501085835,0.101637501085835,0.101637501085835,0.0103301816269731,-0.105933490644065,0.308584284420355,1,0.875284140863152,-0.0410065591368478,0.0410065591368478,0.0410065591368478,0.0016815378922438,0.684280206608048,1.06632855848047,1,0.800317343211974,-0.115973356788026,0.115973356788026,0.115973356788026,0.0134498194846829,0.553535685575938,1.05150010017758,1,1.49191697219405,-0.00808302780594872,0.00808302780594872,0.00808302780594872,6.53353385117401e-05,1.44427865667795,1.58129702116978,1,1.80967122359794,0.00967122359793948,0.00967122359793948,0.00967122359793948,9.35325658813415e-05,1.7446873141925,1.93404658376822,1
32,"n1400-b1_1-b2_2p5-b3_2p5",1400,3,313,1,1,0,0.9162907,0.9162907,1.5,1.8,1,1.3,0.102142857142857,470,229,464,237,FALSE,NA,TRUE,NA,0.0426697794792596,0.0426697794792596,0.0426697794792596,0.0426697794792596,0.00182071008080864,-0.168137455442087,0.252285849433356,1,0.958536307506954,0.0422456075069537,0.0422456075069537,0.0422456075069537,0.00178469135363158,0.777491767441752,1.14331439577696,1,0.860283142211595,-0.0560075577884053,0.0560075577884053,0.0560075577884053,0.00313684652942156,0.60574933156036,1.11493851855214,1,1.49403529682481,-0.00596470317518771,0.00596470317518771,0.00596470317518771,3.55776839680944e-05,1.44661011978528,1.53829369061728,1,1.81386632549121,0.013866325491213,0.013866325491213,0.013866325491213,0.000192274982628264,1.75280519943359,1.86388385554897,1
32,"n1400-b1_1-b2_2p5-b3_2p5",1400,4,314,1,1,0,0.9162907,0.9162907,1.5,1.8,1,1.3,0.0821428571428572,461,266,424,249,FALSE,NA,TRUE,NA,-0.064933131999883,-0.064933131999883,0.064933131999883,0.064933131999883,0.00421631163131423,-0.255250714867491,0.129264086847844,1,0.736381533827936,-0.179909166172064,0.179909166172064,0.179909166172064,0.0323673080727272,0.564275894277337,0.914239178037748,0,0.937502487154408,0.0212117871544082,0.0212117871544082,0.0212117871544082,0.000449939914283916,0.699540160650912,1.17330772469265,1,1.46032486966093,-0.0396751303390741,0.0396751303390741,0.0396751303390741,0.00157411596742252,1.25538227727713,1.52941365132757,1,1.8185970079293,0.0185970079292963,0.0185970079292963,0.0185970079292963,0.00034584870392231,1.71698927283917,1.93877416126401,1
32,"n1400-b1_1-b2_2p5-b3_2p5",1400,5,315,1,1,0,0.9162907,0.9162907,1.5,1.8,1,1.3,0.106428571428571,463,229,471,237,FALSE,NA,TRUE,NA,-0.156208966840912,-0.156208966840912,0.156208966840912,0.156208966840912,0.0244012413215051,-0.367814289731774,0.052831290367386,1,0.812440004074621,-0.103850695925379,0.103850695925379,0.103850695925379,0.0107849670441855,0.634745127520243,0.992592774075222,1,1.10832847385958,0.192037773859578,0.192037773859578,0.192037773859578,0.0368785065889422,0.856009018972567,1.36193960873161,1,1.53236543194276,0.0323654319427562,0.0323654319427562,0.0323654319427562,0.00104752118484118,1.41523862145542,1.61800736803205,1,1.80492378662127,0.00492378662127457,0.00492378662127457,0.00492378662127457,2.42436746918425e-05,1.71228867333856,1.90829932107585,1
32,"n1400-b1_1-b2_2p5-b3_2p5",1400,6,316,1,1,0,0.9162907,0.9162907,1.5,1.8,1,1.3,0.101428571428571,465,231,476,228,FALSE,NA,TRUE,NA,-0.116153594382544,-0.116153594382544,0.116153594382544,0.116153594382544,0.0134916574879846,-0.327363889979667,0.0992607085290997,1,0.83344875791643,-0.0828419420835698,0.0828419420835698,0.0828419420835698,0.00686278736817753,0.65657456219265,1.01554116383752,1,1.07801824245752,0.161727542457517,0.161727542457517,0.161727542457517,0.0261557979893481,0.823394673548794,1.32989771158958,1,1.54389531505048,0.0438953150504753,0.0438953150504753,0.0438953150504753,0.00192679868338048,1.48601504542772,1.60458412434906,1,1.81106443668106,0.0110644366810573,0.0110644366810573,0.0110644366810573,0.000122421759069126,1.77023959125197,1.86081773028692,1
32,"n1400-b1_1-b2_2p5-b3_2p5",1400,7,317,1,1,0,0.9162907,0.9162907,1.5,1.8,1,1.3,0.0921428571428572,463,222,470,245,FALSE,NA,TRUE,NA,0.0489601726509306,0.0489601726509306,0.0489601726509306,0.0489601726509306,0.00239709850600894,-0.163110160190431,0.259930104990588,1,0.913184219217015,-0.00310648078298525,0.00310648078298525,0.00310648078298525,9.65022285505668e-06,0.73677064972461,1.09309832186081,1,0.883410154808759,-0.032880545191241,0.032880545191241,0.032880545191241,0.00108113025207324,0.630970563796062,1.13300755188921,1,1.44026018286391,-0.0597398171360892,0.0597398171360892,0.0597398171360892,0.00356884575145338,1.39555838202652,1.49302572449291,0,1.74248840567278,-0.057511594327224,0.057511594327224,0.057511594327224,0.00330758348205918,1.70423946463833,1.79949349620536,0
32,"n1400-b1_1-b2_2p5-b3_2p5",1400,8,318,1,1,0,0.9162907,0.9162907,1.5,1.8,1,1.3,0.09,518,226,444,212,FALSE,NA,TRUE,NA,-0.0401531693967464,-0.0401531693967464,0.0401531693967464,0.0401531693967464,0.00161227701260381,-0.251292520397864,0.173388783820959,1,0.937771804115342,0.0214811041153423,0.0214811041153423,0.0214811041153423,0.000461437834014177,0.751609714333679,1.12902318893652,1,1.00792108573736,0.091630385737355,0.091630385737355,0.091630385737355,0.00839612759037648,0.750605156883906,1.26334029018503,1,1.49246277761393,-0.00753722238606946,0.00753722238606946,0.00753722238606946,5.68097212970667e-05,1.42725456446746,1.54661306226382,1,1.7690432647734,-0.030956735226604,0.030956735226604,0.030956735226604,0.000958319455890067,1.74453842032311,1.80784480951172,1
32,"n1400-b1_1-b2_2p5-b3_2p5",1400,9,319,1,1,0,0.9162907,0.9162907,1.5,1.8,1,1.3,0.102857142857143,453,225,491,231,FALSE,NA,TRUE,NA,-0.0516839467857609,-0.0516839467857609,0.0516839467857609,0.0516839467857609,0.00267123035535337,-0.266628343168676,0.158028331227929,1,0.795496562758253,-0.120794137241747,0.120794137241747,0.120794137241747,0.0145912235919781,0.617703649023552,0.976319428728205,1,1.10048079169838,0.184190091698383,0.184190091698383,0.184190091698383,0.0339259898798586,0.848517334784978,1.35474811472965,1,1.49263168725736,-0.00736831274264027,0.00736831274264027,0.00736831274264027,5.4292032673355e-05,1.46681232035776,1.53972536378503,1,1.75843445204075,-0.0415655479592505,0.0415655479592505,0.0415655479592505,0.00172769477715275,1.72072521317759,1.80794616685036,1
32,"n1400-b1_1-b2_2p5-b3_2p5",1400,10,320,1,1,0,0.9162907,0.9162907,1.5,1.8,1,1.3,0.095,455,208,520,217,FALSE,NA,TRUE,NA,0.121608733492059,0.121608733492059,0.121608733492059,0.121608733492059,0.0147886840615427,-0.0949420688350676,0.339706559299191,1,0.924855211627909,0.00856451162790894,0.00856451162790894,0.00856451162790894,7.33508594245875e-05,0.74299982507787,1.1098281367213,1,0.793530961550057,-0.122759738449943,0.122759738449943,0.122759738449943,0.0150699533842984,0.536319543750667,1.04856953314675,1,1.50541230775786,0.00541230775786317,0.00541230775786317,0.00541230775786317,2.92930752658258e-05,1.49317154647329,1.52486872141589,1,1.80540549230542,0.00540549230542231,0.00540549230542231,0.00540549230542231,2.92193470639798e-05,1.78775483463701,1.8404299172005,1
33,"n1400-b1_1-b2_2p5-b3_2p5",1400,1,321,1,1,0,0.9162907,0.9162907,1.5,1.8,1,1.3,0.0971428571428572,454,244,462,240,FALSE,NA,TRUE,NA,0.128650610737299,0.128650610737299,0.128650610737299,0.128650610737299,0.0165509796430801,-0.0766041794844414,0.33190663441032,1,1.04328345834725,0.126992758347253,0.126992758347253,0.126992758347253,0.0161271606726438,0.862818118524517,1.22615410318403,1,0.698215241745291,-0.218075458254709,0.218075458254709,0.218075458254709,0.0475569054930013,0.453509992961292,0.945855814579915,1,1.49928849658606,-0.00071150341394155,0.00071150341394155,0.00071150341394155,5.06237108050481e-07,1.47525136117366,1.52669664176391,1,1.80673611658342,0.00673611658341944,0.00673611658341944,0.00673611658341944,4.53752666254184e-05,1.767395141443,1.88219216400472,1
33,"n1400-b1_1-b2_2p5-b3_2p5",1400,2,322,1,1,0,0.9162907,0.9162907,1.5,1.8,1,1.3,0.0978571428571429,486,227,432,255,FALSE,NA,TRUE,NA,-0.00608306739876768,-0.00608306739876768,0.00608306739876768,0.00608306739876768,3.70037089779502e-05,-0.214847641109869,0.199657346332967,1,1.01088348167425,0.0945927816742509,0.0945927816742509,0.0945927816742509,0.0089477943448725,0.834313273827203,1.19070717860685,1,0.730591860424448,-0.185698839575552,0.185698839575552,0.185698839575552,0.0344840590197065,0.482321884157686,0.981242627976003,1,1.51223615511363,0.0122361551136276,0.0122361551136276,0.0122361551136276,0.000149723491964756,1.48883945827427,1.5558884704662,1,1.80103392547675,0.00103392547674508,0.00103392547674508,0.00103392547674508,1.06900189146254e-06,1.7104479319973,1.84250151250991,1
33,"n1400-b1_1-b2_2p5-b3_2p5",1400,3,323,1,1,0,0.9162907,0.9162907,1.5,1.8,1,1.3,0.0971428571428572,460,228,464,248,FALSE,NA,TRUE,NA,-0.134053041449884,-0.134053041449884,0.134053041449884,0.134053041449884,0.0179702179219643,-0.344273028273713,0.076786358740944,1,0.895111269534808,-0.0211794304651923,0.0211794304651923,0.0211794304651923,0.000448568274829917,0.719265472360306,1.07425128586406,1,1.00995389549189,0.0936631954918865,0.0936631954918865,0.0936631954918865,0.00877279418975135,0.757670157593,1.26346935644069,1,1.5222133784575,0.0222133784575009,0.0222133784575009,0.0222133784575009,0.000493434182496166,1.48657278270923,1.64840182357235,1,1.80833423194268,0.00833423194268312,0.00833423194268312,0.00833423194268312,6.94594220744397e-05,1.78548667049411,1.89160728382865,1
33,"n1400-b1_1-b2_2p5-b3_2p5",1400,4,324,1,1,0,0.9162907,0.9162907,1.5,1.8,1,1.3,0.109285714285714,435,245,466,254,FALSE,NA,TRUE,NA,-0.0962649271129681,-0.0962649271129681,0.0962649271129681,0.0962649271129681,0.00926693619206507,-0.300422049145422,0.106997903065391,1,0.83972071153188,-0.0765699884681196,0.0765699884681196,0.0765699884681196,0.00586296313400796,0.669474450003356,1.01502724850005,1,1.00088989267209,0.0845991926720939,0.0845991926720939,0.0845991926720939,0.00715702340077007,0.754580450928877,1.24757490688319,1,1.45349412013589,-0.0465058798641116,0.0465058798641116,0.0465058798641116,0.00216279686193518,1.39158988955413,1.53534434604301,1,1.74861779702803,-0.0513822029719671,0.0513822029719671,0.0513822029719671,0.00264013078225242,1.67641173916878,1.86405975420262,1
33,"n1400-b1_1-b2_2p5-b3_2p5",1400,5,325,1,1,0,0.9162907,0.9162907,1.5,1.8,1,1.3,0.0964285714285714,471,240,481,208,FALSE,NA,TRUE,NA,0.0259098004587518,0.0259098004587518,0.0259098004587518,0.0259098004587518,0.000671317759812336,-0.188722858850925,0.241059431120749,1,0.881681513993799,-0.0346091860062013,0.0346091860062013,0.0346091860062013,0.00119779575601184,0.696190694722643,1.06892484814314,1,0.999752390641809,0.0834616906418092,0.0834616906418092,0.0834616906418092,0.00696585380478906,0.744054072944144,1.25330894726918,1,1.50908838457703,0.00908838457702932,0.00908838457702932,0.00908838457702932,8.25987342199844e-05,1.48625909624886,1.55655592155955,1,1.78599440034145,-0.0140055996585509,0.0140055996585509,0.0140055996585509,0.0001961568217956,1.7405247275996,1.84101303693712,1
33,"n1400-b1_1-b2_2p5-b3_2p5",1400,6,326,1,1,0,0.9162907,0.9162907,1.5,1.8,1,1.3,0.0792857142857143,461,236,478,225,FALSE,NA,TRUE,NA,-0.129021808524942,-0.129021808524942,0.129021808524942,0.129021808524942,0.0166466270750468,-0.33390725494883,0.0764141580201802,1,0.764283867272146,-0.152006832727854,0.152006832727854,0.152006832727854,0.0231060771959538,0.592410445478487,0.93952266432219,1,1.03911673851247,0.12282603851247,0.12282603851247,0.12282603851247,0.0150862357366667,0.794464245666753,1.2844829862152,1,1.48323766080163,-0.0167623391983709,0.0167623391983709,0.0167623391983709,0.000280976015401241,1.46160657525985,1.51124103455059,1,1.78926374110642,-0.0107362588935818,0.0107362588935818,0.0107362588935818,0.000115267255030013,1.77814635813306,1.8039045421572,1
33,"n1400-b1_1-b2_2p5-b3_2p5",1400,7,327,1,1,0,0.9162907,0.9162907,1.5,1.8,1,1.3,0.107142857142857,452,223,488,237,FALSE,NA,TRUE,NA,0.0504987520384499,0.0504987520384499,0.0504987520384499,0.0504987520384499,0.00255012395744085,-0.159783471505436,0.260959138211254,1,0.86935775971254,-0.0469329402874596,0.0469329402874596,0.0469329402874596,0.00220270088402625,0.690375995984239,1.04686569685268,1,0.964282324909477,0.0479916249094773,0.0479916249094773,0.0479916249094773,0.00230319606145196,0.716116517179911,1.21552491190754,1,1.51234680869628,0.0123468086962817,0.0123468086962817,0.0123468086962817,0.000152443684982577,1.48262200273265,1.60719133725827,1,1.86724997686321,0.0672499768632071,0.0672499768632071,0.0672499768632071,0.00452255938810189,1.78747474866083,1.9638702552048,1
33,"n1400-b1_1-b2_2p5-b3_2p5",1400,8,328,1,1,0,0.9162907,0.9162907,1.5,1.8,1,1.3,0.0885714285714285,467,238,463,232,FALSE,NA,TRUE,NA,0.0136352640981257,0.0136352640981257,0.0136352640981257,0.0136352640981257,0.000185920427025636,-0.187163130601923,0.2154798873994,1,0.865198848424889,-0.0510918515751114,0.0510918515751114,0.0510918515751114,0.00261037729737322,0.689989702670809,1.04291223561481,1,1.06611971818779,0.149829018187795,0.149829018187795,0.149829018187795,0.0224487346911185,0.819202044388906,1.31545564516353,1,1.49685119727726,-0.00314880272274287,0.00314880272274287,0.00314880272274287,9.91495858675292e-06,1.44445008983782,1.59017689956058,1,1.78313567707465,-0.0168643229253542,0.0168643229253542,0.0168643229253542,0.000284405387730628,1.71575177159547,1.83975834216449,1
33,"n1400-b1_1-b2_2p5-b3_2p5",1400,9,329,1,1,0,0.9162907,0.9162907,1.5,1.8,1,1.3,0.101428571428571,485,223,470,222,FALSE,NA,TRUE,NA,0.0259820782466974,0.0259820782466974,0.0259820782466974,0.0259820782466974,0.000675068390017508,-0.190129424376366,0.243495731839108,1,0.948358607346258,0.0320679073462579,0.0320679073462579,0.0320679073462579,0.00102835068156818,0.764792391027078,1.13236188110961,1,0.929160596330909,0.0128698963309088,0.0128698963309088,0.0128698963309088,0.000165634231568341,0.673706674701055,1.18484727891292,1,1.48291699823212,-0.0170830017678809,0.0170830017678809,0.0170830017678809,0.000291828949401422,1.45385517413737,1.50662407705668,1,1.77896164606565,-0.0210383539343537,0.0210383539343537,0.0210383539343537,0.000442612336267136,1.75119070342553,1.82091019467907,1
33,"n1400-b1_1-b2_2p5-b3_2p5",1400,10,330,1,1,0,0.9162907,0.9162907,1.5,1.8,1,1.3,0.0992857142857143,474,227,464,235,FALSE,NA,TRUE,NA,0.0100683011965703,0.0100683011965703,0.0100683011965703,0.0100683011965703,0.000101370688984859,-0.198210618239452,0.221271307647265,1,0.901091200191726,-0.0151994998082742,0.0151994998082742,0.0151994998082742,0.000231024794421727,0.719645473113522,1.08334264240781,1,0.900973513805206,-0.0153171861947944,0.0153171861947944,0.0153171861947944,0.000234616192926,0.649168354722598,1.15034732982449,1,1.49483320523109,-0.00516679476891069,0.00516679476891069,0.00516679476891069,2.66957681840428e-05,1.46276955701387,1.52894908069042,1,1.79336680452409,-0.00663319547590757,0.00663319547590757,0.00663319547590757,4.39992822216007e-05,1.7584118933229,1.85104848370764,1
34,"n1400-b1_1-b2_2p5-b3_2p5",1400,1,331,1,1,0,0.9162907,0.9162907,1.5,1.8,1,1.3,0.0964285714285714,457,231,497,215,FALSE,NA,TRUE,NA,0.00193377781058105,0.00193377781058105,0.00193377781058105,0.00193377781058105,3.73949662069564e-06,-0.215048103938158,0.217677994252638,1,0.97610096938199,0.0598102693819895,0.0598102693819895,0.0598102693819895,0.00357726832354615,0.792561547215349,1.16637359874944,1,0.792268781847965,-0.124021918152035,0.124021918152035,0.124021918152035,0.0153814361821101,0.537537481430673,1.04844553801323,1,1.49654628824819,-0.00345371175181164,0.00345371175181164,0.00345371175181164,1.19281248646018e-05,1.46631788600541,1.53312308635045,1,1.78279643469835,-0.0172035653016498,0.0172035653016498,0.0172035653016498,0.000295962659088129,1.76233213059852,1.81701411342582,1
34,"n1400-b1_1-b2_2p5-b3_2p5",1400,2,332,1,1,0,0.9162907,0.9162907,1.5,1.8,1,1.3,0.0921428571428572,467,214,490,229,FALSE,NA,TRUE,NA,0.0546646614634765,0.0546646614634765,0.0546646614634765,0.0546646614634765,0.00298822521291649,-0.160158080752904,0.266612926712816,1,0.938113982914412,0.021823282914412,0.021823282914412,0.021823282914412,0.000476255677162469,0.759550728014566,1.12310943359444,1,0.828134508542823,-0.0881561914571773,0.0881561914571773,0.0881561914571773,0.00777151409223451,0.574967060984014,1.08223784823932,1,1.50577351902727,0.00577351902726719,0.00577351902726719,0.00577351902726719,3.33335219582163e-05,1.47890051177568,1.54628207939275,1,1.80035688312758,0.000356883127576424,0.000356883127576424,0.000356883127576424,1.2736556674873e-07,1.76110533481233,1.86540115572506,1
34,"n1400-b1_1-b2_2p5-b3_2p5",1400,3,333,1,1,0,0.9162907,0.9162907,1.5,1.8,1,1.3,0.101428571428571,440,222,522,216,FALSE,NA,TRUE,NA,0.0919252868037736,0.0919252868037736,0.0919252868037736,0.0919252868037736,0.00845025835395604,-0.128571506686657,0.309714688857332,1,1.08096387472554,0.164673174725535,0.164673174725535,0.164673174725535,0.0271172544741867,0.893604280546194,1.27186228049468,1,0.812877931827466,-0.103412768172534,0.103412768172534,0.103412768172534,0.0106942006211062,0.555773225302034,1.07314199818878,1,1.49285713368584,-0.00714286631415928,0.00714286631415928,0.00714286631415928,5.10205391819514e-05,1.43223923408886,1.55714512362576,1,1.75867532997205,-0.041324670027953,0.041324670027953,0.041324670027953,0.0017077283529192,1.67957109078044,1.87794758095547,1
34,"n1400-b1_1-b2_2p5-b3_2p5",1400,4,334,1,1,0,0.9162907,0.9162907,1.5,1.8,1,1.3,0.109285714285714,452,249,468,231,FALSE,NA,TRUE,NA,0.0524606178824919,0.0524606178824919,0.0524606178824919,0.0524606178824919,0.00275211642861283,-0.152138842355986,0.262535897129167,1,0.942526326204335,0.0262356262043351,0.0262356262043351,0.0262356262043351,0.000688308082333593,0.762353771087114,1.12611240942647,1,0.833170721384968,-0.0831199786150322,0.0831199786150322,0.0831199786150322,0.00690893084496341,0.581732071318301,1.08085351031195,1,1.45089960938467,-0.0491003906153316,0.0491003906153316,0.0491003906153316,0.00241084835857814,1.39592860629289,1.52432207695315,1,1.74004888400234,-0.0599511159976562,0.0599511159976562,0.0599511159976562,0.00359413630936443,1.66219107460893,1.84074097855138,1
34,"n1400-b1_1-b2_2p5-b3_2p5",1400,5,335,1,1,0,0.9162907,0.9162907,1.5,1.8,1,1.3,0.0907142857142857,459,228,478,235,FALSE,NA,TRUE,NA,-0.00637058394895724,-0.00637058394895724,0.00637058394895724,0.00637058394895724,4.05843398507116e-05,-0.212186246304501,0.201020768395576,1,0.907923389299304,-0.00836731070069641,0.00836731070069641,0.00836731070069641,7.00118883619886e-05,0.731375560271158,1.08617542593133,1,0.924784651949817,0.00849395194981661,0.00849395194981661,0.00849395194981661,7.21472197257935e-05,0.67893797209435,1.17434977465591,1,1.56438532422381,0.0643853242238137,0.0643853242238137,0.0643853242238137,0.00414546997540561,1.4916738338123,1.68948193719738,1,1.81964498709257,0.0196449870925728,0.0196449870925728,0.0196449870925728,0.000385925517867351,1.76967006646129,1.90090731789352,1
34,"n1400-b1_1-b2_2p5-b3_2p5",1400,6,336,1,1,0,0.9162907,0.9162907,1.5,1.8,1,1.3,0.105714285714286,482,266,413,239,FALSE,NA,TRUE,NA,0.0633266881952149,0.0633266881952149,0.0633266881952149,0.0633266881952149,0.00401026943777398,-0.136243020247551,0.264358629925332,1,0.806729722155685,-0.109560977844315,0.109560977844315,0.109560977844315,0.0120036078662024,0.627474440208256,0.987008632644249,1,1.01689005963808,0.100599359638077,0.100599359638077,0.100599359638077,0.0101202311595911,0.772367282145712,1.26206871151307,1,1.47867408070658,-0.0213259192934214,0.0213259192934214,0.0213259192934214,0.000454794833709524,1.4452115527206,1.51012515052054,1,1.79299686506656,-0.00700313493343718,0.00700313493343718,0.00700313493343718,4.90438988959282e-05,1.73929794199557,1.84349033612433,1
34,"n1400-b1_1-b2_2p5-b3_2p5",1400,7,337,1,1,0,0.9162907,0.9162907,1.5,1.8,1,1.3,0.0985714285714285,463,230,478,229,FALSE,NA,TRUE,NA,-0.125092334416418,-0.125092334416418,0.125092334416418,0.125092334416418,0.0156480921297489,-0.336729809690145,0.0863043413484852,1,0.893799649056841,-0.0224910509431587,0.0224910509431587,0.0224910509431587,0.000505847372527761,0.713349737814146,1.07677748728894,1,1.11884284221569,0.202552142215689,0.202552142215689,0.202552142215689,0.0410273703161648,0.865309528819635,1.37209502695489,1,1.4271393350758,-0.0728606649241992,0.0728606649241992,0.0728606649241992,0.00530867649319643,1.40439409675174,1.47037845512858,0,1.79035719475308,-0.00964280524692418,0.00964280524692418,0.00964280524692418,9.29836930301085e-05,1.75552960914918,1.83207456894107,1
34,"n1400-b1_1-b2_2p5-b3_2p5",1400,8,338,1,1,0,0.9162907,0.9162907,1.5,1.8,1,1.3,0.0935714285714285,478,225,445,252,FALSE,NA,TRUE,NA,0.0916582492823156,0.0916582492823156,0.0916582492823156,0.0916582492823156,0.00840123466149911,-0.112623992836788,0.293572356507427,1,0.960396732537009,0.0441060325370085,0.0441060325370085,0.0441060325370085,0.00194534210615565,0.784468747972284,1.13792513356124,1,0.890721546493571,-0.025569153506429,0.025569153506429,0.025569153506429,0.000653781611035329,0.644435423581706,1.13955705517822,1,1.52405273982361,0.0240527398236097,0.0240527398236097,0.0240527398236097,0.000578534293022259,1.49722563273214,1.57189754120302,1,1.79211372316812,-0.00788627683187748,0.00788627683187748,0.00788627683187748,6.21933622690075e-05,1.77183658831722,1.83138282220442,1
34,"n1400-b1_1-b2_2p5-b3_2p5",1400,9,339,1,1,0,0.9162907,0.9162907,1.5,1.8,1,1.3,0.105,463,241,465,231,FALSE,NA,TRUE,NA,-0.0881761425059824,-0.0881761425059824,0.0881761425059824,0.0881761425059824,0.00777503210723531,-0.29512083715576,0.122036648888487,1,0.91073003641452,-0.00556066358547969,0.00556066358547969,0.00556066358547969,3.09209795108798e-05,0.732709281335217,1.09437531411079,1,0.936226428939667,0.0199357289396671,0.0199357289396671,0.0199357289396671,0.000397433288355881,0.683419759693062,1.18484310261262,1,1.48412114139729,-0.0158788586027128,0.0158788586027128,0.0158788586027128,0.000252138150524945,1.44093298546583,1.54100483940042,1,1.79522717880866,-0.00477282119133537,0.00477282119133537,0.00477282119133537,2.277982212446e-05,1.75615490554617,1.83758412919554,1
34,"n1400-b1_1-b2_2p5-b3_2p5",1400,10,340,1,1,0,0.9162907,0.9162907,1.5,1.8,1,1.3,0.105,448,231,456,265,FALSE,NA,TRUE,NA,-0.0941178613099804,-0.0941178613099804,0.0941178613099804,0.0941178613099804,0.00885817181756471,-0.300477789587484,0.107294336590473,1,0.92100961211559,0.00471891211558984,0.00471891211558984,0.00471891211558984,2.22681315546605e-05,0.751381097440983,1.09708044072099,1,0.993757578707744,0.0774668787077443,0.0774668787077443,0.0774668787077443,0.00600111729672036,0.747421941995963,1.23911442098229,1,1.54844366575628,0.0484436657562757,0.0484436657562757,0.0484436657562757,0.00234678875190576,1.49297905872521,1.62886185180508,1,1.80685957391245,0.00685957391245084,0.00685957391245084,0.00685957391245084,4.70537542603762e-05,1.77738084868494,1.85355166769686,1
35,"n1400-b1_1-b2_2p5-b3_2p5",1400,1,341,1,1,0,0.9162907,0.9162907,1.5,1.8,1,1.3,0.102857142857143,484,223,461,232,FALSE,NA,TRUE,NA,-0.0196592126459895,-0.0196592126459895,0.0196592126459895,0.0196592126459895,0.000386484641860233,-0.229999917285366,0.194808359630021,1,0.911498704872965,-0.0047919951270351,0.0047919951270351,0.0047919951270351,2.29632172975281e-05,0.729219055091091,1.09816830907477,1,0.935059963356738,0.018769263356738,0.018769263356738,0.018769263356738,0.000352285246954588,0.680247976927776,1.18728075483095,1,1.5125170048049,0.0125170048049013,0.0125170048049013,0.0125170048049013,0.000156675409285921,1.47249551866221,1.5512230414186,1,1.82252131030189,0.0225213103018886,0.0225213103018886,0.0225213103018886,0.000507209417713955,1.75503525786193,1.93252250024243,1
35,"n1400-b1_1-b2_2p5-b3_2p5",1400,2,342,1,1,0,0.9162907,0.9162907,1.5,1.8,1,1.3,0.104285714285714,437,265,466,232,FALSE,NA,TRUE,NA,-0.0197166242569752,-0.0197166242569752,0.0197166242569752,0.0197166242569752,0.000388745272090744,-0.224793910508642,0.183773491209965,1,0.838870489947666,-0.0774202100523341,0.0774202100523341,0.0774202100523341,0.00599388892454754,0.66290983662523,1.02005241540696,1,0.945217358003012,0.0289266580030118,0.0289266580030118,0.0289266580030118,0.000836751543223204,0.700188122417394,1.1949821979341,1,1.4811741104292,-0.0188258895707951,0.0188258895707951,0.0188258895707951,0.000354414118131772,1.45804417212349,1.51673176221375,1,1.81661015455064,0.0166101545506441,0.0166101545506441,0.0166101545506441,0.000275897234196282,1.75806250818244,1.86678162709883,1
35,"n1400-b1_1-b2_2p5-b3_2p5",1400,3,343,1,1,0,0.9162907,0.9162907,1.5,1.8,1,1.3,0.106428571428571,473,244,429,254,FALSE,NA,TRUE,NA,-0.0803911721300477,-0.0803911721300477,0.0803911721300477,0.0803911721300477,0.00646274055644296,-0.281054252473029,0.118604329877198,1,0.784617018758012,-0.131673681241988,0.131673681241988,0.131673681241988,0.0173379583318166,0.607207721642665,0.962026969339545,1,1.12050761249383,0.204216912493833,0.204216912493833,0.204216912493833,0.041704547348514,0.878280207829835,1.36583226207418,1,1.50397871814975,0.00397871814974549,0.00397871814974549,0.00397871814974549,1.58301981151141e-05,1.46883702814205,1.56599580605031,1,1.80547955513006,0.00547955513006437,0.00547955513006437,0.00547955513006437,3.00255244234148e-05,1.77173275162548,1.89707475883997,1
35,"n1400-b1_1-b2_2p5-b3_2p5",1400,4,344,1,1,0,0.9162907,0.9162907,1.5,1.8,1,1.3,0.095,461,213,480,246,FALSE,NA,TRUE,NA,0.193534570398752,0.193534570398752,0.193534570398752,0.193534570398752,0.0374556299394295,-0.0164106168352118,0.402582103825898,1,0.98264876037772,0.0663580603777204,0.0663580603777204,0.0663580603777204,0.00440339217709319,0.808097756748262,1.16266765248537,1,0.654374250930523,-0.261916449069477,0.261916449069477,0.261916449069477,0.0686002262931639,0.405531937395864,0.90062290471548,0,1.52931058380605,0.0293105838060508,0.0293105838060508,0.0293105838060508,0.000859110323051526,1.45952695406468,1.58381024230904,1,1.80449855022699,0.00449855022699408,0.00449855022699408,0.00449855022699408,2.02369541447885e-05,1.76177950976232,1.86337625693008,1
35,"n1400-b1_1-b2_2p5-b3_2p5",1400,5,345,1,1,0,0.9162907,0.9162907,1.5,1.8,1,1.3,0.0935714285714285,480,241,455,224,FALSE,NA,TRUE,NA,0.0766273297605095,0.0766273297605095,0.0766273297605095,0.0766273297605095,0.00587174766622586,-0.12985747072345,0.278779208711388,1,0.885769634733814,-0.0305210652661857,0.0305210652661857,0.0305210652661857,0.000931535424982767,0.702474768728279,1.0715606058925,1,0.966468299038037,0.0501775990380371,0.0501775990380371,0.0501775990380371,0.00251779144522202,0.721473009925957,1.21564773608848,1,1.47968126611935,-0.0203187338806536,0.0203187338806536,0.0203187338806536,0.000412850946512822,1.40243378661802,1.55580088367146,1,1.84072480861472,0.0407248086147247,0.0407248086147247,0.0407248086147247,0.00165851003670596,1.79331692577778,1.93611954952501,1
35,"n1400-b1_1-b2_2p5-b3_2p5",1400,6,346,1,1,0,0.9162907,0.9162907,1.5,1.8,1,1.3,0.102142857142857,465,216,488,231,FALSE,NA,TRUE,NA,-0.078849808961575,-0.078849808961575,0.078849808961575,0.078849808961575,0.00621729237327688,-0.294830603454449,0.138193027522283,1,0.967447240441887,0.0511565404418868,0.0511565404418868,0.0511565404418868,0.0026169916299824,0.785168022496289,1.15311609898035,1,0.902628690250801,-0.013662009749199,0.013662009749199,0.013662009749199,0.000186650510387207,0.648359779305142,1.15733877837346,1,1.52224362961897,0.0222436296189699,0.0222436296189699,0.0222436296189699,0.000494779058625913,1.46830201160773,1.64280497629029,1,1.8177484078463,0.017748407846303,0.017748407846303,0.017748407846303,0.000315005981078712,1.78831009132499,1.90796474036996,1
35,"n1400-b1_1-b2_2p5-b3_2p5",1400,7,347,1,1,0,0.9162907,0.9162907,1.5,1.8,1,1.3,0.106428571428571,468,254,433,245,FALSE,NA,TRUE,NA,-0.0605047644901051,-0.0605047644901051,0.0605047644901051,0.0605047644901051,0.00366082652600308,-0.267440227422045,0.141649262048178,1,0.856411953788407,-0.0598787462115935,0.0598787462115935,0.0598787462115935,0.00358546424787242,0.678615889961954,1.03528633319896,1,1.0231998521066,0.1069091521066,0.1069091521066,0.1069091521066,0.0114295668041521,0.773282983201074,1.27253102981209,1,1.47686547858013,-0.0231345214198704,0.0231345214198704,0.0231345214198704,0.000535206081326441,1.39568856195985,1.51771880343124,1,1.80622638346564,0.00622638346564464,0.00622638346564464,0.00622638346564464,3.87678510612529e-05,1.74342662215537,1.86517024023405,1
35,"n1400-b1_1-b2_2p5-b3_2p5",1400,8,348,1,1,0,0.9162907,0.9162907,1.5,1.8,1,1.3,0.0842857142857143,498,232,446,224,FALSE,NA,TRUE,NA,0.0192000804154966,0.0192000804154966,0.0192000804154966,0.0192000804154966,0.000368643087961535,-0.193036548384303,0.227101356630837,1,0.962559483776511,0.0462687837765112,0.0462687837765112,0.0462687837765112,0.00214080035215755,0.781911060654215,1.1456734420906,1,0.919121834568052,0.00283113456805206,0.00283113456805206,0.00283113456805206,8.01532294241934e-06,0.665899233811133,1.17018607219522,1,1.4445961981204,-0.0554038018795968,0.0554038018795968,0.0554038018795968,0.00306958126271362,1.39853857320203,1.50313869038274,1,1.78402943570061,-0.0159705642993948,0.0159705642993948,0.0159705642993948,0.000255058924041104,1.74556931586862,1.83914272824595,1
35,"n1400-b1_1-b2_2p5-b3_2p5",1400,9,349,1,1,0,0.9162907,0.9162907,1.5,1.8,1,1.3,0.0957142857142858,469,247,443,241,FALSE,NA,TRUE,NA,0.00417563478482556,0.00417563478482556,0.00417563478482556,0.00417563478482556,1.74359258562452e-05,-0.196190120209561,0.207366794814549,1,0.961460110915617,0.0451694109156168,0.0451694109156168,0.0451694109156168,0.00204027568246384,0.781605557698809,1.14111429308576,1,0.945414003405352,0.0291233034053521,0.0291233034053521,0.0291233034053521,0.000848166801240192,0.700439891408671,1.18816909017181,1,1.50354338057848,0.00354338057847947,0.00354338057847947,0.00354338057847947,1.25555459239455e-05,1.47979095128398,1.53029459057985,1,1.79895124856792,-0.00104875143208361,0.00104875143208361,0.00104875143208361,1.09987956629741e-06,1.77408877565701,1.84725610864904,1
35,"n1400-b1_1-b2_2p5-b3_2p5",1400,10,350,1,1,0,0.9162907,0.9162907,1.5,1.8,1,1.3,0.112857142857143,449,223,489,239,FALSE,NA,TRUE,NA,-0.348175993018209,-0.348175993018209,0.348175993018209,0.348175993018209,0.121226522114216,-0.568039183399812,-0.12857029718402,0,0.961957834159226,0.0456671341592256,0.0456671341592256,0.0456671341592256,0.00208548714231671,0.782189357491595,1.14614875990667,1,1.23290778743533,0.31661708743533,0.31661708743533,0.31661708743533,0.100246380056032,0.978236059588242,1.49156159280733,0,1.50020091234445,0.000200912344448634,0.000200912344448634,0.000200912344448634,4.03657701518465e-08,1.49129646199187,1.52580947623377,1,1.80247849423959,0.00247849423958724,0.00247849423958724,0.00247849423958724,6.14293369566711e-06,1.78829347865229,1.82007743242392,1
36,"n1400-b1_1-b2_2p5-b3_2p5",1400,1,351,1,1,0,0.9162907,0.9162907,1.5,1.8,1,1.3,0.104285714285714,446,236,469,249,FALSE,NA,TRUE,NA,0.130669576944171,0.130669576944171,0.130669576944171,0.130669576944171,0.0170745383387685,-0.0749817459910026,0.337475008083108,1,0.99017743546033,0.0738867354603298,0.0738867354603298,0.0738867354603298,0.00545924967698475,0.81258303691344,1.1732954770316,1,0.704330321266056,-0.211960378733944,0.211960378733944,0.211960378733944,0.0449272021530371,0.455798974798771,0.952951466628001,1,1.58771644053505,0.0877164405350481,0.0877164405350481,0.0877164405350481,0.00769417394013863,1.55017100112849,1.65864742809396,0,1.72203032612838,-0.0779696738716158,0.0779696738716158,0.0779696738716158,0.00607927004364613,1.67253955263863,1.79118143673128,0
36,"n1400-b1_1-b2_2p5-b3_2p5",1400,2,352,1,1,0,0.9162907,0.9162907,1.5,1.8,1,1.3,0.110714285714286,455,247,459,239,FALSE,NA,TRUE,NA,-0.0382510666719452,-0.0382510666719452,0.0382510666719452,0.0382510666719452,0.0014631441015416,-0.244681722649031,0.167928032956429,1,0.828469195794485,-0.0878215042055147,0.0878215042055147,0.0878215042055147,0.00771261660091924,0.649598263157183,1.0098563958161,1,1.01439051116258,0.098099811162579,0.098099811162579,0.098099811162579,0.00962357295013367,0.762701625450106,1.26417524730624,1,1.50883117234993,0.00883117234992725,0.00883117234992725,0.00883117234992725,7.79896050741196e-05,1.46921469407617,1.56800778492512,1,1.80434552803659,0.00434552803658828,0.00434552803658828,0.00434552803658828,1.88836139167748e-05,1.76312109283195,1.85891870134914,1
36,"n1400-b1_1-b2_2p5-b3_2p5",1400,3,353,1,1,0,0.9162907,0.9162907,1.5,1.8,1,1.3,0.105,454,233,484,229,FALSE,NA,TRUE,NA,0.0663372206293088,0.0663372206293088,0.0663372206293088,0.0663372206293088,0.00440062684082159,-0.145125708863059,0.278902222203321,1,0.998447062415905,0.0821563624159054,0.0821563624159054,0.0821563624159054,0.00674966788541359,0.816660892483962,1.18442518618667,1,0.781471960689044,-0.134818739310956,0.134818739310956,0.134818739310956,0.0181760924693955,0.529773598693865,1.03364109854567,1,1.54775343767142,0.0477534376714233,0.0477534376714233,0.0477534376714233,0.00228039080943851,1.44985171322125,1.65395256656879,1,1.78298386415397,-0.0170161358460292,0.0170161358460292,0.0170161358460292,0.000289548879130521,1.67450252381034,1.86090638597535,1
36,"n1400-b1_1-b2_2p5-b3_2p5",1400,4,354,1,1,0,0.9162907,0.9162907,1.5,1.8,1,1.3,0.104285714285714,482,230,458,230,FALSE,NA,TRUE,NA,0.0169177422849278,0.0169177422849278,0.0169177422849278,0.0169177422849278,0.000286210004019234,-0.194954427217079,0.225006050656946,1,0.907472918740337,-0.00881778125966326,0.00881778125966326,0.00881778125966326,7.77532663432686e-05,0.724654477691726,1.08875716629031,1,0.804603025612427,-0.111687674387573,0.111687674387573,0.111687674387573,0.0124741366101045,0.55579393297757,1.05844576838029,1,1.52820843734073,0.0282084373407279,0.0282084373407279,0.0282084373407279,0.00079571593720577,1.48860939729451,1.59651919252632,1,1.81962970121807,0.0196297012180655,0.0196297012180655,0.0196297012180655,0.000385325169910523,1.76242795064988,1.90166638135082,1
36,"n1400-b1_1-b2_2p5-b3_2p5",1400,5,355,1,1,0,0.9162907,0.9162907,1.5,1.8,1,1.3,0.0907142857142857,488,224,449,239,FALSE,NA,TRUE,NA,-0.0100938144709736,-0.0100938144709736,0.0100938144709736,0.0100938144709736,0.000101885090574436,-0.217624222801001,0.198640127877383,1,0.816280003608641,-0.100010696391359,0.100010696391359,0.100010696391359,0.0100021393926846,0.638403199151048,0.997313094096166,1,0.870528767092421,-0.0457619329075786,0.0457619329075786,0.0457619329075786,0.00209415450343772,0.620551652489062,1.11811268817271,1,1.46733332090845,-0.0326666790915542,0.0326666790915542,0.0326666790915542,0.00106711192287058,1.38562833106672,1.5425305837025,1,1.75796459700005,-0.0420354029999517,0.0420354029999517,0.0420354029999517,0.00176697510536835,1.70360427337488,1.82796202836174,1
36,"n1400-b1_1-b2_2p5-b3_2p5",1400,6,356,1,1,0,0.9162907,0.9162907,1.5,1.8,1,1.3,0.0907142857142857,481,219,445,255,FALSE,NA,TRUE,NA,0.156732725308466,0.156732725308466,0.156732725308466,0.156732725308466,0.0245651471826192,-0.0515810521328233,0.36111460289168,1,1.0300128233361,0.113722123336097,0.113722123336097,0.113722123336097,0.0129327213360704,0.854477055630716,1.21143045200705,1,0.673743113217646,-0.242547586782354,0.242547586782354,0.242547586782354,0.0588293318539437,0.425945316813936,0.919206485738412,1,1.45272005841661,-0.0472799415833878,0.0472799415833878,0.0472799415833878,0.00223539287612856,1.4105294642033,1.50356922188347,1,1.79642820387242,-0.0035717961275763,0.0035717961275763,0.0035717961275763,1.2757727576969e-05,1.74026222208848,1.86013004219263,1
36,"n1400-b1_1-b2_2p5-b3_2p5",1400,7,357,1,1,0,0.9162907,0.9162907,1.5,1.8,1,1.3,0.0957142857142858,453,215,481,251,FALSE,NA,TRUE,NA,0.115196033353911,0.115196033353911,0.115196033353911,0.115196033353911,0.0132701261004753,-0.0944097481772941,0.326731513311058,1,0.89333668699813,-0.0229540130018697,0.0229540130018697,0.0229540130018697,0.000526886712890004,0.722252990007088,1.06861224644435,1,0.70588856198979,-0.21040213801021,0.21040213801021,0.21040213801021,0.0442690596792673,0.453056227719054,0.955137596737413,1,1.46097187597182,-0.0390281240281798,0.0390281240281798,0.0390281240281798,0.00152319446515898,1.41466205040235,1.52634721541702,1,1.7437705851327,-0.0562294148672993,0.0562294148672993,0.0562294148672993,0.00316174709631886,1.6826110648183,1.79387562183995,0
36,"n1400-b1_1-b2_2p5-b3_2p5",1400,8,358,1,1,0,0.9162907,0.9162907,1.5,1.8,1,1.3,0.109285714285714,475,206,464,255,FALSE,NA,TRUE,NA,-0.0792943652195538,-0.0792943652195538,0.0792943652195538,0.0792943652195538,0.00628759635557199,-0.299842971968256,0.138761472083256,1,0.944667542670927,0.0283768426709272,0.0283768426709272,0.0283768426709272,0.000805245199970556,0.772644665737288,1.11884668108297,1,0.960131144545032,0.0438404445450319,0.0438404445450319,0.0438404445450319,0.00192198457790602,0.701581130045626,1.22019621818236,1,1.51651823037142,0.0165182303714195,0.0165182303714195,0.0165182303714195,0.000272851934603287,1.47971231752903,1.5770492666574,1,1.82510936768702,0.0251093676870247,0.0251093676870247,0.0251093676870247,0.000630480345642198,1.78243535775441,1.90426979331447,1
36,"n1400-b1_1-b2_2p5-b3_2p5",1400,9,359,1,1,0,0.9162907,0.9162907,1.5,1.8,1,1.3,0.0942857142857143,507,209,438,246,FALSE,NA,TRUE,NA,-0.00579028239091493,-0.00579028239091493,0.00579028239091493,0.00579028239091493,3.35273701665395e-05,-0.219756061979819,0.205299477611281,1,0.859179329491157,-0.0571113705088426,0.0571113705088426,0.0571113705088426,0.0032617086413983,0.683625505942257,1.03648493452425,1,0.969051054142125,0.0527603541421253,0.0527603541421253,0.0527603541421253,0.00278365496920248,0.709806666777501,1.22089046462764,1,1.48332307483158,-0.0166769251684176,0.0166769251684176,0.0166769251684176,0.000278119833072999,1.45610009628551,1.52543880564784,1,1.81401913355756,0.014019133557561,0.014019133557561,0.014019133557561,0.000196536105704733,1.78262785308106,1.86314876328657,1
36,"n1400-b1_1-b2_2p5-b3_2p5",1400,10,360,1,1,0,0.9162907,0.9162907,1.5,1.8,1,1.3,0.104285714285714,451,230,490,229,FALSE,NA,TRUE,NA,-0.228056037470337,-0.228056037470337,0.228056037470337,0.228056037470337,0.0520095562266716,-0.445133502231352,-0.0144618798255264,0,0.979135170602042,0.0628444706020419,0.0628444706020419,0.0628444706020419,0.00394942748525091,0.80171436738681,1.15877699298676,1,1.17353181827502,0.257241118275015,0.257241118275015,0.257241118275015,0.0661729929313805,0.919106366736931,1.42883199094023,0,1.48144701632866,-0.0185529836713418,0.0185529836713418,0.0185529836713418,0.000344213203109077,1.45878421564634,1.532933014733,1,1.79322102027302,-0.00677897972697883,0.00677897972697883,0.00677897972697883,4.595456613879e-05,1.77578820438455,1.82370522265056,1
37,"n1400-b1_1-b2_2p5-b3_2p5",1400,1,361,1,1,0,0.9162907,0.9162907,1.5,1.8,1,1.3,0.0985714285714285,492,215,461,232,FALSE,NA,TRUE,NA,0.156720162784626,0.156720162784626,0.156720162784626,0.156720162784626,0.0245612094232398,-0.0581510930418903,0.367836772447837,1,1.11452114024509,0.198230440245091,0.198230440245091,0.198230440245091,0.0392953074397627,0.931835854517171,1.30325887354102,0,0.75945194371385,-0.15683875628615,0.15683875628615,0.15683875628615,0.0245983954733863,0.510751431233872,1.01093642758384,1,1.5035238859047,0.00352388590470021,0.00352388590470021,0.00352388590470021,1.24177718693448e-05,1.47101362486079,1.53231903686568,1,1.80403425656822,0.00403425656822365,0.00403425656822365,0.00403425656822365,1.62752260582557e-05,1.77646126531261,1.83311232704835,1
37,"n1400-b1_1-b2_2p5-b3_2p5",1400,2,362,1,1,0,0.9162907,0.9162907,1.5,1.8,1,1.3,0.0928571428571429,493,207,465,235,FALSE,NA,TRUE,NA,-0.0211999236574568,-0.0211999236574568,0.0211999236574568,0.0211999236574568,0.000449436763081999,-0.240512068461111,0.197467211674545,1,1.02405262938245,0.107761929382451,0.107761929382451,0.107761929382451,0.0116126334242283,0.836777574698024,1.2121136221243,1,0.875168153383029,-0.0411225466169711,0.0411225466169711,0.0411225466169711,0.00169106384026496,0.617654344099493,1.13526985525958,1,1.35138294792981,-0.148617052070187,0.148617052070187,0.148617052070187,0.0220870281660326,1.27574240998739,1.46355219212613,0,1.79592602489907,-0.00407397510092866,0.00407397510092866,0.00407397510092866,1.65972731229867e-05,1.69362735934448,1.90515005022152,1
37,"n1400-b1_1-b2_2p5-b3_2p5",1400,3,363,1,1,0,0.9162907,0.9162907,1.5,1.8,1,1.3,0.102142857142857,446,219,497,238,FALSE,NA,TRUE,NA,-0.0278501108506954,-0.0278501108506954,0.0278501108506954,0.0278501108506954,0.000775628674396024,-0.236917359247701,0.181681498004388,1,0.880547951333354,-0.0357427486666458,0.0357427486666458,0.0357427486666458,0.00127754408224701,0.705403127691355,1.05906942550092,1,0.988540282736793,0.0722495827367933,0.0722495827367933,0.0722495827367933,0.00522000220564074,0.734518888159286,1.23989075323213,1,1.52318834412441,0.0231883441244134,0.0231883441244134,0.0231883441244134,0.000537699303232217,1.47490929832863,1.70238470817649,1,1.77272433645568,-0.0272756635443241,0.0272756635443241,0.0272756635443241,0.00074396182178317,1.71685732268171,1.94778536957986,1
37,"n1400-b1_1-b2_2p5-b3_2p5",1400,4,364,1,1,0,0.9162907,0.9162907,1.5,1.8,1,1.3,0.112142857142857,453,241,457,249,FALSE,NA,TRUE,NA,-0.0221089108551569,-0.0221089108551569,0.0221089108551569,0.0221089108551569,0.000488803939201275,-0.226053534999803,0.185325742642376,1,0.892403327869828,-0.0238873721301719,0.0238873721301719,0.0238873721301719,0.000570606547285313,0.717799417105344,1.07421544105289,1,1.04435852017271,0.128067820172705,0.128067820172705,0.128067820172705,0.0164013665637884,0.793904476374188,1.293698942446,1,1.53705454552451,0.0370545455245124,0.0370545455245124,0.0370545455245124,0.00137303934402816,1.48141321102149,1.59303275274862,1,1.84651949945228,0.0465194994522837,0.0465194994522837,0.0465194994522837,0.00216406382929103,1.7514324711808,1.92051456069913,1
37,"n1400-b1_1-b2_2p5-b3_2p5",1400,5,365,1,1,0,0.9162907,0.9162907,1.5,1.8,1,1.3,0.0928571428571429,490,217,447,246,FALSE,NA,TRUE,NA,0.151930012599545,0.151930012599545,0.151930012599545,0.151930012599545,0.0230827287284979,-0.0578227610520713,0.362493014657561,1,1.0506512260839,0.134360526083904,0.134360526083904,0.134360526083904,0.0180527509695434,0.87357727548909,1.22977341141671,1,0.748369578943985,-0.167921121056015,0.167921121056015,0.167921121056015,0.0281975028967088,0.499979843637252,1.00160455790202,1,1.55078249346831,0.0507824934683101,0.0507824934683101,0.0507824934683101,0.00257886164285896,1.44510978978854,1.62009831986852,1,1.74989841364206,-0.0501015863579444,0.0501015863579444,0.0501015863579444,0.00251016895558256,1.69007677548995,1.80051690211101,1
37,"n1400-b1_1-b2_2p5-b3_2p5",1400,6,366,1,1,0,0.9162907,0.9162907,1.5,1.8,1,1.3,0.109285714285714,466,239,450,245,FALSE,NA,TRUE,NA,0.0785329944929428,0.0785329944929428,0.0785329944929428,0.0785329944929428,0.00616743122402858,-0.129277200003057,0.283973112863453,1,0.977565111459467,0.0612744114594674,0.0612744114594674,0.0612744114594674,0.00375455349970411,0.800608947350642,1.15598634671984,1,0.903109001345624,-0.0131816986543761,0.0131816986543761,0.0131816986543761,0.000173757179414781,0.653260183003912,1.15029284773276,1,1.51988421409251,0.0198842140925137,0.0198842140925137,0.0198842140925137,0.000395381970076922,1.45924266432225,1.58991790263308,1,1.81688904909197,0.0168890490919704,0.0168890490919704,0.0168890490919704,0.000285239979230987,1.76853689607329,1.87522167971508,1
37,"n1400-b1_1-b2_2p5-b3_2p5",1400,7,367,1,1,0,0.9162907,0.9162907,1.5,1.8,1,1.3,0.0842857142857143,478,226,459,237,FALSE,NA,TRUE,NA,0.0654329120354276,0.0654329120354276,0.0654329120354276,0.0654329120354276,0.00428146597743601,-0.139436514433311,0.275562307892279,1,0.939817649267828,0.0235269492678284,0.0235269492678284,0.0235269492678284,0.000553517341850971,0.762761934532481,1.12210828859675,1,0.847858081810122,-0.0684326181898781,0.0684326181898781,0.0684326181898781,0.00468302323232164,0.599465513042811,1.09694991065637,1,1.48547495183472,-0.0145250481652752,0.0145250481652752,0.0145250481652752,0.000210977024203565,1.40362009811056,1.54287850697182,1,1.7988336450429,-0.00116635495710304,0.00116635495710304,0.00116635495710304,1.36038388595884e-06,1.67029299654607,1.88588355575499,1
37,"n1400-b1_1-b2_2p5-b3_2p5",1400,8,368,1,1,0,0.9162907,0.9162907,1.5,1.8,1,1.3,0.104285714285714,452,247,456,245,FALSE,NA,TRUE,NA,-0.106487026282493,-0.106487026282493,0.106487026282493,0.106487026282493,0.0113394867664883,-0.311881028459463,0.0931952185920019,1,0.931969404249579,0.0156787042495793,0.0156787042495793,0.0156787042495793,0.000245821766945776,0.757449496992411,1.10945236330882,1,1.01578166655504,0.0994909665550374,0.0994909665550374,0.0994909665550374,0.00989845242605557,0.770964797076862,1.26421727515381,1,1.50930585506763,0.00930585506762549,0.00930585506762549,0.00930585506762549,8.6598938539651e-05,1.49045496880976,1.5348762598505,1,1.78775165535574,-0.0122483446442638,0.0122483446442638,0.0122483446442638,0.000150021946524666,1.76907711178514,1.84160828045364,1
37,"n1400-b1_1-b2_2p5-b3_2p5",1400,9,369,1,1,0,0.9162907,0.9162907,1.5,1.8,1,1.3,0.106428571428571,459,247,448,246,FALSE,NA,TRUE,NA,-0.0190904309723102,-0.0190904309723102,0.0190904309723102,0.0190904309723102,0.000364444554708542,-0.221029976108034,0.183806312074593,1,0.813281878591994,-0.103008821408006,0.103008821408006,0.103008821408006,0.0106108172878665,0.637816999738362,0.991861749323268,1,0.889117262806973,-0.0271734371930271,0.0271734371930271,0.0271734371930271,0.000738395688883389,0.638629714627963,1.13831831857842,1,1.49729376324651,-0.00270623675349091,0.00270623675349091,0.00270623675349091,7.32371736594502e-06,1.47022320681532,1.54124032783,1,1.79620745437162,-0.00379254562837739,0.00379254562837739,0.00379254562837739,1.43834023433244e-05,1.77253463977328,1.82911232950925,1
37,"n1400-b1_1-b2_2p5-b3_2p5",1400,10,370,1,1,0,0.9162907,0.9162907,1.5,1.8,1,1.3,0.100714285714286,433,254,476,237,FALSE,NA,TRUE,NA,0.147991537690477,0.147991537690477,0.147991537690477,0.147991537690477,0.0219014952279918,-0.0491678332327792,0.348050461905346,1,1.04028848697842,0.123997786978416,0.123997786978416,0.123997786978416,0.0153754511755447,0.860034809498765,1.22258344742606,1,0.789311729676952,-0.126978970323048,0.126978970323048,0.126978970323048,0.0161236589043015,0.544589975723918,1.03216809456364,1,1.47849837960759,-0.0215016203924114,0.0215016203924114,0.0215016203924114,0.000462319679499363,1.45533259890024,1.5047082060326,1,1.78830282648937,-0.0116971735106286,0.0116971735106286,0.0116971735106286,0.000136823868137751,1.7537415163653,1.83572219337972,1
38,"n1400-b1_1-b2_2p5-b3_2p5",1400,1,371,1,1,0,0.9162907,0.9162907,1.5,1.8,1,1.3,0.0964285714285714,470,229,471,230,FALSE,NA,TRUE,NA,0.130918582050995,0.130918582050995,0.130918582050995,0.130918582050995,0.0171396751262432,-0.0790168632863896,0.343412779374285,1,1.01805110719591,0.101760407195908,0.101760407195908,0.101760407195908,0.010355180472677,0.834501339423451,1.20800299728543,1,0.876775078739441,-0.0395156212605593,0.0395156212605593,0.0395156212605593,0.00156148432360797,0.621610347597035,1.12703778648483,1,1.53192714443277,0.03192714443277,0.03192714443277,0.03192714443277,0.00101934255163096,1.46334308200985,1.57676807093259,1,1.79536780655601,-0.00463219344399346,0.00463219344399346,0.00463219344399346,2.1457216102576e-05,1.76052718694161,1.83809030193675,1
38,"n1400-b1_1-b2_2p5-b3_2p5",1400,2,372,1,1,0,0.9162907,0.9162907,1.5,1.8,1,1.3,0.105,460,232,449,259,FALSE,NA,TRUE,NA,0.145706923712097,0.145706923712097,0.145706923712097,0.145706923712097,0.0212305076176429,-0.0596959775915679,0.352117156913552,1,1.09003042532729,0.173739725327286,0.173739725327286,0.173739725327286,0.0301854921568008,0.911611585957002,1.27103075278284,1,0.66861111481454,-0.24767958518546,0.24767958518546,0.24767958518546,0.0613451769176416,0.421850005114296,0.913296318678926,0,1.52970420902526,0.0297042090252573,0.0297042090252573,0.0297042090252573,0.000882340033816176,1.47032675453624,1.64833605749392,1,1.804236543787,0.00423654378700378,0.00423654378700378,0.00423654378700378,1.79483032592003e-05,1.76659649955298,1.86500924945601,1
38,"n1400-b1_1-b2_2p5-b3_2p5",1400,3,373,1,1,0,0.9162907,0.9162907,1.5,1.8,1,1.3,0.102142857142857,466,244,448,242,FALSE,NA,TRUE,NA,-0.0641152645420813,-0.0641152645420813,0.0641152645420813,0.0641152645420813,0.00411076714730106,-0.264361030123132,0.138493124488982,1,0.837798031112539,-0.0784926688874606,0.0784926688874606,0.0784926688874606,0.00616109906907653,0.660458886169972,1.01764087813936,1,1.05279753256306,0.136506832563056,0.136506832563056,0.136506832563056,0.0186341153363982,0.805839948812715,1.29762260563623,1,1.48627148302786,-0.0137285169721446,0.0137285169721446,0.0137285169721446,0.000188472178254463,1.4560072841271,1.52004691747758,1,1.82325506759999,0.0232550675999896,0.0232550675999896,0.0232550675999896,0.000540798169080087,1.78736945131053,1.89468257142901,1
38,"n1400-b1_1-b2_2p5-b3_2p5",1400,4,374,1,1,0,0.9162907,0.9162907,1.5,1.8,1,1.3,0.0957142857142858,457,253,481,209,FALSE,NA,TRUE,NA,0.136105934023837,0.136105934023837,0.136105934023837,0.136105934023837,0.0185248252765011,-0.0725714876309417,0.343360051149558,1,0.947116709346387,0.0308260093463868,0.0308260093463868,0.0308260093463868,0.000950242852223526,0.762297311944699,1.13543710658786,1,0.816957063868013,-0.0993336361319869,0.0993336361319869,0.0993336361319869,0.00986717126720197,0.566980803759336,1.06710911546815,1,1.51290182664741,0.0129018266474068,0.0129018266474068,0.0129018266474068,0.000166457130839736,1.49094735898075,1.55677301125258,1,1.82125054674383,0.0212505467438315,0.0212505467438315,0.0212505467438315,0.000451585736911769,1.7838440250089,1.8752807000038,1
38,"n1400-b1_1-b2_2p5-b3_2p5",1400,5,375,1,1,0,0.9162907,0.9162907,1.5,1.8,1,1.3,0.117857142857143,450,197,491,262,FALSE,NA,TRUE,NA,-0.126651424532975,-0.126651424532975,0.126651424532975,0.126651424532975,0.0160405833362319,-0.347496714759944,0.0915569409149586,1,0.939542152556056,0.0232514525560555,0.0232514525560555,0.0232514525560555,0.000540630045966502,0.764608928202242,1.11603751521765,1,0.953362926175275,0.0370722261752751,0.0370722261752751,0.0370722261752751,0.00137434995359075,0.69512129341438,1.21235490022235,1,1.49520347168874,-0.00479652831125899,0.00479652831125899,0.00479652831125899,2.3006683840709e-05,1.46494314129556,1.5540188151411,1,1.81482965409639,0.0148296540963933,0.0148296540963933,0.0148296540963933,0.000219918640618673,1.79976256276615,1.87158972961587,1
38,"n1400-b1_1-b2_2p5-b3_2p5",1400,6,376,1,1,0,0.9162907,0.9162907,1.5,1.8,1,1.3,0.102142857142857,460,216,470,254,FALSE,NA,TRUE,NA,0.0439103013270367,0.0439103013270367,0.0439103013270367,0.0439103013270367,0.00192811456263116,-0.160645225938276,0.246541073478871,1,0.888181146388685,-0.0281095536113148,0.0281095536113148,0.0281095536113148,0.000790147004227383,0.7163414161748,1.06632732510839,1,0.956446156705737,0.0401554567057371,0.0401554567057371,0.0401554567057371,0.00161246070324632,0.710418543048547,1.20578398849045,1,1.55928886781386,0.0592888678138634,0.0592888678138634,0.0592888678138634,0.00351516984664977,1.48734357851482,1.60390997642272,1,1.81490320452473,0.0149032045247319,0.0149032045247319,0.0149032045247319,0.00022210550510599,1.79326502328419,1.85743568056002,1
38,"n1400-b1_1-b2_2p5-b3_2p5",1400,7,377,1,1,0,0.9162907,0.9162907,1.5,1.8,1,1.3,0.100714285714286,498,242,423,237,FALSE,NA,TRUE,NA,0.214124319707503,0.214124319707503,0.214124319707503,0.214124319707503,0.0458492242902007,0.00750163938620302,0.420036967854614,0,0.939424018270408,0.0231333182704079,0.0231333182704079,0.0231333182704079,0.000535150414199987,0.755994256721792,1.12610969986444,1,0.76830513188666,-0.14798556811334,0.14798556811334,0.14798556811334,0.0218997283698279,0.52100802496574,1.02324314466884,1,1.57684210231871,0.0768421023187127,0.0768421023187127,0.0768421023187127,0.00590470868875951,1.49554403151622,1.64232127777889,1,1.88893699159412,0.0889369915941216,0.0889369915941216,0.0889369915941216,0.00790978847381286,1.74735867158586,2.02554986327871,1
38,"n1400-b1_1-b2_2p5-b3_2p5",1400,8,378,1,1,0,0.9162907,0.9162907,1.5,1.8,1,1.3,0.0907142857142857,462,216,485,237,FALSE,NA,TRUE,NA,0.0430678704011738,0.0430678704011738,0.0430678704011738,0.0430678704011738,0.0018548414608923,-0.16686754499703,0.253374199695526,1,0.899913033110565,-0.0163776668894352,0.0163776668894352,0.0163776668894352,0.000268227972741302,0.724220760252694,1.07944688999097,1,0.876074571123685,-0.0402161288763145,0.0402161288763145,0.0402161288763145,0.00161733702179634,0.62693664033603,1.12682057692356,1,1.52697124159108,0.0269712415910799,0.0269712415910799,0.0269712415910799,0.000727447872964397,1.49848364514808,1.56987902228485,1,1.80890669885952,0.00890669885952122,0.00890669885952122,0.00890669885952122,7.93292845741966e-05,1.79646801471678,1.84597261643468,1
38,"n1400-b1_1-b2_2p5-b3_2p5",1400,9,379,1,1,0,0.9162907,0.9162907,1.5,1.8,1,1.3,0.115,430,260,459,251,FALSE,NA,TRUE,NA,0.0290263877841825,0.0290263877841825,0.0290263877841825,0.0290263877841825,0.000842531187797736,-0.174239006016752,0.231461810715398,1,1.00480722335604,0.0885165233560414,0.0885165233560414,0.0885165233560414,0.00783517490704063,0.830128274238507,1.17989370784182,1,0.883196543672944,-0.0330941563270557,0.0330941563270557,0.0330941563270557,0.0010952231829996,0.637713682903734,1.13036658806354,1,1.55574818674525,0.0557481867452514,0.0557481867452514,0.0557481867452514,0.00310786032538342,1.4697278121472,1.62982037593154,1,1.82016817114961,0.0201681711496051,0.0201681711496051,0.0201681711496051,0.000406755127519764,1.7652405042147,1.87847470332277,1
38,"n1400-b1_1-b2_2p5-b3_2p5",1400,10,380,1,1,0,0.9162907,0.9162907,1.5,1.8,1,1.3,0.0942857142857143,515,228,433,224,FALSE,NA,TRUE,NA,-0.0173229458302956,-0.0173229458302956,0.0173229458302956,0.0173229458302956,0.000300084452239357,-0.230500012674522,0.191678557373757,1,0.885464279822774,-0.0308264201772259,0.0308264201772259,0.0308264201772259,0.000950268180942881,0.704017420832783,1.06835414828788,1,0.847849684177,-0.0684410158230001,0.0684410158230001,0.0684410158230001,0.00468417264688415,0.600698794335916,1.10109464198525,1,1.50078729980811,0.000787299808108433,0.000787299808108433,0.000787299808108433,6.19840987847575e-07,1.46224493298125,1.52736028650629,1,1.79037103364266,-0.00962896635734123,0.00962896635734123,0.00962896635734123,9.27169931108092e-05,1.73218988233539,1.83805140526872,1
39,"n1400-b1_1-b2_2p5-b3_2p5",1400,1,381,1,1,0,0.9162907,0.9162907,1.5,1.8,1,1.3,0.102142857142857,471,205,458,266,FALSE,NA,TRUE,NA,0.0433273510512519,0.0433273510512519,0.0433273510512519,0.0433273510512519,0.00187725934911842,-0.172383231057859,0.253450371029152,1,0.859611466427486,-0.0566792335725141,0.0566792335725141,0.0566792335725141,0.00321253551836761,0.684603491035505,1.03621971372171,1,0.958749665138897,0.0424589651388972,0.0424589651388972,0.0424589651388972,0.00180276372066609,0.704954202588657,1.21588293096226,1,1.47927986628486,-0.0207201337151424,0.0207201337151424,0.0207201337151424,0.000429323941173379,1.45578328912113,1.53259159029674,1,1.78196490797346,-0.018035092026542,0.018035092026542,0.018035092026542,0.000325264544405838,1.75618938700272,1.83606540483618,1
39,"n1400-b1_1-b2_2p5-b3_2p5",1400,2,382,1,1,0,0.9162907,0.9162907,1.5,1.8,1,1.3,0.0971428571428572,441,231,486,242,FALSE,NA,TRUE,NA,0.109340873851277,0.109340873851277,0.109340873851277,0.109340873851277,0.0119554266945608,-0.0942124891637641,0.313812702524123,1,0.822985905369325,-0.0933047946306752,0.0933047946306752,0.0933047946306752,0.00870578470107248,0.646361809582795,1.00232380104534,1,0.80930428305009,-0.10698641694991,0.10698641694991,0.10698641694991,0.01144609341178,0.559428568917194,1.06036244456518,1,1.47878899646227,-0.0212110035377266,0.0212110035377266,0.0212110035377266,0.000449906671077452,1.41679218510168,1.53382303919653,1,1.7697576303403,-0.0302423696596978,0.0302423696596978,0.0302423696596978,0.000914600922633813,1.7045561329599,1.82028666935257,1
39,"n1400-b1_1-b2_2p5-b3_2p5",1400,3,383,1,1,0,0.9162907,0.9162907,1.5,1.8,1,1.3,0.122857142857143,452,236,470,242,FALSE,NA,TRUE,NA,0.0682798859908467,0.0682798859908467,0.0682798859908467,0.0682798859908467,0.00466214283092303,-0.14692086136902,0.281833768962678,1,1.01173341428675,0.0954427142867524,0.0954427142867524,0.0954427142867524,0.00910931171042266,0.829861700009071,1.1969892209654,1,0.801631996279068,-0.114658703720932,0.114658703720932,0.114658703720932,0.0131466183389645,0.550781098305449,1.05741042941576,1,1.48533669638909,-0.0146633036109105,0.0146633036109105,0.0146633036109105,0.000215012472785741,1.46193825078631,1.52035391988471,1,1.77585024412412,-0.0241497558758814,0.0241497558758814,0.0241497558758814,0.000583210708864669,1.74912631010498,1.82720894547286,1
39,"n1400-b1_1-b2_2p5-b3_2p5",1400,4,384,1,1,0,0.9162907,0.9162907,1.5,1.8,1,1.3,0.0907142857142857,454,252,459,235,FALSE,NA,TRUE,NA,0.124049469299195,0.124049469299195,0.124049469299195,0.124049469299195,0.0153882708334119,-0.0754168333873759,0.325644512144134,1,0.971062131528114,0.0547714315281138,0.0547714315281138,0.0547714315281138,0.00299990971163886,0.791585348732558,1.15268721306312,1,0.786949346623399,-0.129341353376601,0.129341353376601,0.129341353376601,0.0167291856932907,0.544439065216877,1.03207934270526,1,1.50199058685808,0.00199058685808118,0.00199058685808118,0.00199058685808118,3.9624360395655e-06,1.4821111860415,1.57225602486655,1,1.79707684623537,-0.00292315376463148,0.00292315376463148,0.00292315376463148,8.5448279316792e-06,1.74792496672576,1.87861239065509,1
39,"n1400-b1_1-b2_2p5-b3_2p5",1400,5,385,1,1,0,0.9162907,0.9162907,1.5,1.8,1,1.3,0.106428571428571,472,226,485,217,FALSE,NA,TRUE,NA,-0.0592180538929796,-0.0592180538929796,0.0592180538929796,0.0592180538929796,0.00350677790687184,-0.282644408200986,0.163528610568797,1,0.968235863661616,0.0519451636616157,0.0519451636616157,0.0519451636616157,0.00269830002783204,0.78123503463016,1.15934732126324,1,0.998051233375982,0.0817605333759821,0.0817605333759821,0.0817605333759821,0.00668478481792508,0.73756751829806,1.25123687112189,1,1.49504607194701,-0.00495392805298756,0.00495392805298756,0.00495392805298756,2.45414031541771e-05,1.43116036726678,1.52492454838264,1,1.79088371507985,-0.00911628492015071,0.00911628492015071,0.00911628492015071,8.31066507453672e-05,1.74684204426132,1.8108439881848,1
39,"n1400-b1_1-b2_2p5-b3_2p5",1400,6,386,1,1,0,0.9162907,0.9162907,1.5,1.8,1,1.3,0.0914285714285714,505,246,421,228,FALSE,NA,TRUE,NA,0.216597139956288,0.216597139956288,0.216597139956288,0.216597139956288,0.0469143210372436,0.0111631906251889,0.424377658544447,0,1.02296223084663,0.106671530846632,0.106671530846632,0.106671530846632,0.0113788154931639,0.838398141626907,1.20987314182126,1,0.624907177111551,-0.291383522888449,0.291383522888449,0.291383522888449,0.0849043574108835,0.3770336103876,0.870192280951601,0,1.5331605065481,0.0331605065481029,0.0331605065481029,0.0331605065481029,0.00109961919452677,1.48255497717685,1.61856466793002,1,1.86641129219556,0.0664112921955595,0.0664112921955595,0.0664112921955595,0.00441045973108399,1.79972534007724,1.99017620842303,1
39,"n1400-b1_1-b2_2p5-b3_2p5",1400,7,387,1,1,0,0.9162907,0.9162907,1.5,1.8,1,1.3,0.0964285714285714,469,239,460,232,FALSE,NA,TRUE,NA,-0.20495862124776,-0.20495862124776,0.20495862124776,0.20495862124776,0.0420080364237829,-0.413039114366601,0.0032242766134437,1,0.76113613586506,-0.15515456413494,0.15515456413494,0.15515456413494,0.0240729387719031,0.58710924759941,0.93673570136063,1,1.12161806171096,0.205327361710956,0.205327361710956,0.205327361710956,0.0421593254671817,0.870463524990135,1.36743595307287,1,1.49017584467273,-0.00982415532727221,0.00982415532727221,0.00982415532727221,9.6514027894371e-05,1.4504950686513,1.53317226975915,1,1.7549143875312,-0.0450856124687962,0.0450856124687962,0.0450856124687962,0.00203271245168647,1.70750922239417,1.8190134725566,1
39,"n1400-b1_1-b2_2p5-b3_2p5",1400,8,388,1,1,0,0.9162907,0.9162907,1.5,1.8,1,1.3,0.105714285714286,466,246,443,245,FALSE,NA,TRUE,NA,0.00966120202758554,0.00966120202758554,0.00966120202758554,0.00966120202758554,9.3338824617823e-05,-0.197333282438198,0.21748161501935,1,0.894579162821467,-0.0217115371785335,0.0217115371785335,0.0217115371785335,0.000471390846654841,0.717926879124674,1.07449625260052,1,1.0068297843314,0.0905390843314005,0.0905390843314005,0.0905390843314005,0.00819732579156844,0.757096949391685,1.25442892541582,1,1.49853871769426,-0.00146128230573583,0.00146128230573583,0.00146128230573583,2.13534597705663e-06,1.4449719853661,1.55915112234069,1,1.80475908413645,0.00475908413645465,0.00475908413645465,0.00475908413645465,2.26488818178543e-05,1.75922442291753,1.87868553301355,1
39,"n1400-b1_1-b2_2p5-b3_2p5",1400,9,389,1,1,0,0.9162907,0.9162907,1.5,1.8,1,1.3,0.0821428571428572,429,245,465,261,FALSE,NA,TRUE,NA,-0.0852487536287063,-0.0852487536287063,0.0852487536287063,0.0852487536287063,0.00726734999524787,-0.278225504021778,0.105885019825994,1,0.792688256109077,-0.123602443890923,0.123602443890923,0.123602443890923,0.0152775641358087,0.625786927110319,0.961715779533117,1,1.0538250454232,0.137534345423199,0.137534345423199,0.137534345423199,0.0189156961709877,0.813229042177037,1.29618880454549,1,1.51427860900913,0.0142786090091276,0.0142786090091276,0.0142786090091276,0.000203878675235539,1.49756933565388,1.59147310509081,1,1.78673303945972,-0.0132669605402769,0.0132669605402769,0.0132669605402769,0.000176012241977264,1.75936520323887,1.83266313358439,1
39,"n1400-b1_1-b2_2p5-b3_2p5",1400,10,390,1,1,0,0.9162907,0.9162907,1.5,1.8,1,1.3,0.095,417,259,487,237,FALSE,NA,TRUE,NA,0.0577520461781281,0.0577520461781281,0.0577520461781281,0.0577520461781281,0.00333529883776065,-0.137205363030727,0.255864000277618,1,0.866879979914678,-0.0494107200853215,0.0494107200853215,0.0494107200853215,0.00244141925935,0.697112684288137,1.04024146633275,1,0.899232430530446,-0.0170582694695536,0.0170582694695536,0.0170582694695536,0.000290984557295904,0.657845100539777,1.13948575334039,1,1.52420992629818,0.0242099262981765,0.0242099262981765,0.0242099262981765,0.00058612053136314,1.49670644099261,1.68333129995183,1,1.79756824130275,-0.00243175869725265,0.00243175869725265,0.00243175869725265,5.91345036166391e-06,1.76533252813187,1.89859351361136,1
40,"n1400-b1_1-b2_2p5-b3_2p5",1400,1,391,1,1,0,0.9162907,0.9162907,1.5,1.8,1,1.3,0.105,491,223,445,241,FALSE,NA,TRUE,NA,-0.0505189798796783,-0.0505189798796783,0.0505189798796783,0.0505189798796783,0.00255216732808334,-0.263433345446582,0.163769169945474,1,0.874026002728731,-0.0422646972712689,0.0422646972712689,0.0422646972712689,0.00178630463543201,0.692486636290534,1.05448956109382,1,0.880704413804103,-0.0355862861958968,0.0355862861958968,0.0355862861958968,0.00126638376521627,0.628193251622293,1.1355391264515,1,1.47938087676175,-0.0206191232382487,0.0206191232382487,0.0206191232382487,0.000425148243114086,1.421206339252,1.53602573323452,1,1.66319379810101,-0.136806201898988,0.136806201898988,0.136806201898988,0.0187159368780266,1.61069804697157,1.76867219028775,0
40,"n1400-b1_1-b2_2p5-b3_2p5",1400,2,392,1,1,0,0.9162907,0.9162907,1.5,1.8,1,1.3,0.107857142857143,465,214,476,245,FALSE,NA,TRUE,NA,-0.00369942587690409,-0.00369942587690409,0.00369942587690409,0.00369942587690409,1.36857518187076e-05,-0.21850537050222,0.211378184622935,1,1.02842311323382,0.112132413233817,0.112132413233817,0.112132413233817,0.0125736780976396,0.849390767927632,1.21163251584674,1,0.906243849509743,-0.010046850490257,0.010046850490257,0.010046850490257,0.000100939204773577,0.65194118923179,1.16288268249864,1,1.49702880712451,-0.00297119287548675,0.00297119287548675,0.00297119287548675,8.82798710334322e-06,1.40333313076112,1.5589412805702,1,1.84707887558017,0.0470788755801685,0.0470788755801685,0.0470788755801685,0.00221642052589299,1.7643503702861,1.95992772664196,1
40,"n1400-b1_1-b2_2p5-b3_2p5",1400,3,393,1,1,0,0.9162907,0.9162907,1.5,1.8,1,1.3,0.101428571428571,455,236,480,229,FALSE,NA,TRUE,NA,0.0172529733694477,0.0172529733694477,0.0172529733694477,0.0172529733694477,0.000297665090086871,-0.191623533420556,0.227837138931258,1,0.857100086748917,-0.0591906132510828,0.0591906132510828,0.0591906132510828,0.00350352869703925,0.680750268640165,1.03728076834516,1,0.925515038889587,0.00922433888958707,0.00922433888958707,0.00922433888958707,8.50884279499484e-05,0.673199119203714,1.17346054040091,1,1.5333701559905,0.0333701559905017,0.0333701559905017,0.0333701559905017,0.00111356731083042,1.50137774365974,1.57621067634785,0,1.81041284191758,0.0104128419175846,0.0104128419175846,0.0104128419175846,0.000108427276800607,1.78067783506615,1.84331311989067,1
40,"n1400-b1_1-b2_2p5-b3_2p5",1400,4,394,1,1,0,0.9162907,0.9162907,1.5,1.8,1,1.3,0.107142857142857,434,253,464,249,FALSE,NA,TRUE,NA,-0.016534926445295,-0.016534926445295,0.016534926445295,0.016534926445295,0.000273403792551316,-0.220237642174743,0.183748091632432,1,0.85599419626528,-0.0602965037347196,0.0602965037347196,0.0602965037347196,0.00363566836263106,0.681133654723415,1.03375832731459,1,1.01817270044343,0.101882000443429,0.101882000443429,0.101882000443429,0.0103799420143549,0.77422287000917,1.26396161887157,1,1.52669476531445,0.026694765314454,0.026694765314454,0.026694765314454,0.000712610495193778,1.4816027024108,1.63996015775004,1,1.79587420622408,-0.00412579377591848,0.00412579377591848,0.00412579377591848,1.70221742814077e-05,1.73358673603837,1.87573678900077,1
40,"n1400-b1_1-b2_2p5-b3_2p5",1400,5,395,1,1,0,0.9162907,0.9162907,1.5,1.8,1,1.3,0.108571428571429,474,237,441,248,FALSE,NA,TRUE,NA,-0.0973042005033147,-0.0973042005033147,0.0973042005033147,0.0973042005033147,0.00946810743558926,-0.301466268853955,0.109303122999485,1,0.91053087971469,-0.00575982028530952,0.00575982028530952,0.00575982028530952,3.31755297190631e-05,0.730821397757127,1.09360686000229,1,0.947852775783611,0.0315620757836114,0.0315620757836114,0.0315620757836114,0.000996164627770427,0.701210996844996,1.19699891058367,1,1.498808483527,-0.00119151647299898,0.00119151647299898,0.00119151647299898,1.41971150542792e-06,1.4520577465845,1.55957496679928,1,1.83495390699778,0.0349539069977809,0.0349539069977809,0.0349539069977809,0.00122177561440952,1.75429109644065,1.89756365874614,1
40,"n1400-b1_1-b2_2p5-b3_2p5",1400,6,396,1,1,0,0.9162907,0.9162907,1.5,1.8,1,1.3,0.0992857142857143,470,244,445,241,FALSE,NA,TRUE,NA,0.0105183250176866,0.0105183250176866,0.0105183250176866,0.0105183250176866,0.000110635161177691,-0.196481142754709,0.215462021026056,1,0.943943558304646,0.0276528583046456,0.0276528583046456,0.0276528583046456,0.000764680572416807,0.767664162170755,1.12460567580159,1,0.767470111454144,-0.148820588545856,0.148820588545856,0.148820588545856,0.022147567575135,0.523434404886491,1.01292597982165,1,1.54032013356847,0.0403201335684691,0.0403201335684691,0.0403201335684691,0.00162571317097919,1.48479377692841,1.60332718091156,1,1.82589255429903,0.0258925542990345,0.0258925542990345,0.0258925542990345,0.000670424368128449,1.78813263600158,1.8888515153845,1
40,"n1400-b1_1-b2_2p5-b3_2p5",1400,7,397,1,1,0,0.9162907,0.9162907,1.5,1.8,1,1.3,0.100714285714286,452,274,429,245,FALSE,NA,TRUE,NA,0.127580827329881,0.127580827329881,0.127580827329881,0.127580827329881,0.0162768675021768,-0.067660777510841,0.329903396085717,1,0.964483921163097,0.0481932211630968,0.0481932211630968,0.0481932211630968,0.00232258656607516,0.786291057685512,1.14739266674665,1,0.880477155209597,-0.0358135447904031,0.0358135447904031,0.0358135447904031,0.00128260999045421,0.630439966996061,1.12491359591592,1,1.55928094099033,0.059280940990331,0.059280940990331,0.059280940990331,0.0035142299646991,1.49427861907753,1.64189019847342,1,1.84577698636206,0.0457769863620592,0.0457769863620592,0.0457769863620592,0.00209553248039215,1.79384852904876,1.92124819431369,1
40,"n1400-b1_1-b2_2p5-b3_2p5",1400,8,398,1,1,0,0.9162907,0.9162907,1.5,1.8,1,1.3,0.111428571428571,477,246,433,244,FALSE,NA,TRUE,NA,-0.012502296484257,-0.012502296484257,0.012502296484257,0.012502296484257,0.000156307417380266,-0.221481065960089,0.194628523391991,1,1.07613343496652,0.159842734966522,0.159842734966522,0.159842734966522,0.0255496999215779,0.892124215850054,1.2597879549624,1,0.918909597243431,0.00261889724343123,0.00261889724343123,0.00261889724343123,6.85862277165169e-06,0.667636849123153,1.16917932223479,1,1.50561134372754,0.00561134372753691,0.00561134372753691,0.00561134372753691,3.14871784285678e-05,1.48720250526692,1.52541135086497,1,1.79173425714903,-0.00826574285097004,0.00826574285097004,0.00826574285097004,6.83225048783623e-05,1.76731647346085,1.82714241174722,1
40,"n1400-b1_1-b2_2p5-b3_2p5",1400,9,399,1,1,0,0.9162907,0.9162907,1.5,1.8,1,1.3,0.122142857142857,467,241,468,224,FALSE,NA,TRUE,NA,0.060161700233248,0.060161700233248,0.060161700233248,0.060161700233248,0.00361943017495519,-0.159273337312354,0.279099435240903,1,1.10190115591392,0.185610455913921,0.185610455913921,0.185610455913921,0.0344512413445737,0.916437915501068,1.29352216378725,0,0.793195042400976,-0.123095657599024,0.123095657599024,0.123095657599024,0.0151525409197361,0.535754893843491,1.05037678760106,1,1.49945119435777,-0.000548805642228256,0.000548805642228256,0.000548805642228256,3.01187632941569e-07,1.48208231052921,1.52368524807113,1,1.83671720068471,0.0367172006847121,0.0367172006847121,0.0367172006847121,0.00134815282612142,1.81342551180947,1.89714705297801,0
40,"n1400-b1_1-b2_2p5-b3_2p5",1400,10,400,1,1,0,0.9162907,0.9162907,1.5,1.8,1,1.3,0.103571428571429,481,235,440,244,FALSE,NA,TRUE,NA,0.133216352780244,0.133216352780244,0.133216352780244,0.133216352780244,0.0177465966480704,-0.0717995512534122,0.3384182672933,1,0.889235349376136,-0.0270553506238638,0.0270553506238638,0.0270553506238638,0.000731991997380206,0.710236825391365,1.07427164185793,1,0.917345418572655,0.00105471857265493,0.00105471857265493,0.00105471857265493,1.11243126750326e-06,0.670836578682756,1.16417428423384,1,1.52537854268293,0.0253785426829303,0.0253785426829303,0.0253785426829303,0.000644070428709314,1.48274789637029,1.57439410441607,1,1.79490369859334,-0.00509630140665718,0.00509630140665718,0.00509630140665718,2.59722880274959e-05,1.75175939532597,1.85432017064233,1
41,"n1400-b1_1-b2_2p5-b3_2p5",1400,1,401,1,1,0,0.9162907,0.9162907,1.5,1.8,1,1.3,0.112142857142857,480,231,446,243,FALSE,NA,TRUE,NA,0.0158160337422568,0.0158160337422568,0.0158160337422568,0.0158160337422568,0.000250146923336207,-0.197047204648188,0.225792931564932,1,0.957539522380026,0.0412488223800264,0.0412488223800264,0.0412488223800264,0.00170146534773896,0.776077840642374,1.13949226216512,1,0.911744615919782,-0.00454608408021773,0.00454608408021773,0.00454608408021773,2.06668804644091e-05,0.659526818892147,1.1645581997843,1,1.52000126192771,0.0200012619277108,0.0200012619277108,0.0200012619277108,0.000400050478700893,1.46908391817663,1.59988061919772,1,1.80015871979357,0.000158719793568185,0.000158719793568185,0.000158719793568185,2.51919728703273e-08,1.72895059836109,1.89900971114336,1
41,"n1400-b1_1-b2_2p5-b3_2p5",1400,2,402,1,1,0,0.9162907,0.9162907,1.5,1.8,1,1.3,0.102857142857143,467,211,464,258,FALSE,NA,TRUE,NA,0.0687874413114012,0.0687874413114012,0.0687874413114012,0.0687874413114012,0.00473171208216946,-0.13895008670512,0.277355813805563,1,0.875825985713017,-0.0404647142869831,0.0404647142869831,0.0404647142869831,0.00163739310232717,0.699279506444495,1.05796157076987,1,0.756680776441983,-0.159609923558017,0.159609923558017,0.159609923558017,0.0254753276981959,0.50867137953413,1.00548267504084,1,1.5234118462854,0.0234118462853996,0.0234118462853996,0.0234118462853996,0.000548114546491179,1.46493417695698,1.58163912966198,1,1.76333183776374,-0.0366681622362623,0.0366681622362623,0.0366681622362623,0.00134455412178486,1.72765548446413,1.83771233787675,1
41,"n1400-b1_1-b2_2p5-b3_2p5",1400,3,403,1,1,0,0.9162907,0.9162907,1.5,1.8,1,1.3,0.0971428571428572,455,243,471,231,FALSE,NA,TRUE,NA,0.0759201167843329,0.0759201167843329,0.0759201167843329,0.0759201167843329,0.00576386413254674,-0.126703430929107,0.284049641183265,1,0.990020073610857,0.0737293736108567,0.0737293736108567,0.0737293736108567,0.0054360205330493,0.811789265679147,1.17542422614483,1,0.836618495365381,-0.0796722046346194,0.0796722046346194,0.0796722046346194,0.00634766019134067,0.591232774436009,1.07978931904134,1,1.47061692773893,-0.0293830722610746,0.0293830722610746,0.0293830722610746,0.000863364935499533,1.44134193660241,1.54046621726549,1,1.76182608717945,-0.0381739128205465,0.0381739128205465,0.0381739128205465,0.00145724762003068,1.71309340493402,1.84676387779557,1
41,"n1400-b1_1-b2_2p5-b3_2p5",1400,4,404,1,1,0,0.9162907,0.9162907,1.5,1.8,1,1.3,0.100714285714286,472,244,458,226,FALSE,NA,TRUE,NA,-0.0634521479756349,-0.0634521479756349,0.0634521479756349,0.0634521479756349,0.00402617508272187,-0.274671234532778,0.14648486745023,1,1.05566604918497,0.139375349184968,0.139375349184968,0.139375349184968,0.0194254879604317,0.874946284428004,1.23932164050238,1,0.810045059553759,-0.106245640446241,0.106245640446241,0.106245640446241,0.0112881361138318,0.558765185859072,1.06129673641182,1,1.45643981203209,-0.0435601879679051,0.0435601879679051,0.0435601879679051,0.00189748997579922,1.3643627756794,1.52555635477152,1,1.78782227012171,-0.0121777298782941,0.0121777298782941,0.0121777298782941,0.000148297104988698,1.74162191982715,1.86304837375546,1
41,"n1400-b1_1-b2_2p5-b3_2p5",1400,5,405,1,1,0,0.9162907,0.9162907,1.5,1.8,1,1.3,0.105,477,214,481,228,FALSE,NA,TRUE,NA,-0.0784759913730882,-0.0784759913730882,0.0784759913730882,0.0784759913730882,0.00615848122198901,-0.299231181030558,0.137078185735184,1,0.830322878819706,-0.0859678211802936,0.0859678211802936,0.0859678211802936,0.00739046627848693,0.652412142683348,1.01227367099305,1,0.986318328176335,0.0700276281763355,0.0700276281763355,0.0700276281763355,0.00490386870800309,0.735837534019761,1.24258242082859,1,1.47122947356336,-0.0287705264366434,0.0287705264366434,0.0287705264366434,0.000827743191441594,1.40334404586813,1.54553383903869,1,1.74628007915045,-0.053719920849552,0.053719920849552,0.053719920849552,0.00288582989608213,1.62304168541672,1.84027170227923,1
41,"n1400-b1_1-b2_2p5-b3_2p5",1400,6,406,1,1,0,0.9162907,0.9162907,1.5,1.8,1,1.3,0.095,501,231,429,239,FALSE,NA,TRUE,NA,-0.0217934272330035,-0.0217934272330035,0.0217934272330035,0.0217934272330035,0.00047495347056022,-0.228094609059329,0.185444248468581,1,0.92707081186436,0.0107801118643599,0.0107801118643599,0.0107801118643599,0.000116210811808113,0.750629797845331,1.10988694222395,1,0.952586081748344,0.0362953817483436,0.0362953817483436,0.0362953817483436,0.00131735473625799,0.701359027284995,1.20103275296335,1,1.43742359741537,-0.0625764025846283,0.0625764025846283,0.0625764025846283,0.00391580616043347,1.41306665398975,1.47561711877919,0,1.73217806123747,-0.0678219387625318,0.0678219387625318,0.0678219387625318,0.00459981537750862,1.70762734000417,1.80015601288434,1
41,"n1400-b1_1-b2_2p5-b3_2p5",1400,7,407,1,1,0,0.9162907,0.9162907,1.5,1.8,1,1.3,0.0964285714285714,461,236,467,236,FALSE,NA,TRUE,NA,0.0903234683200366,0.0903234683200366,0.0903234683200366,0.0903234683200366,0.00815832892936066,-0.115338275088862,0.299820129219629,1,0.987818616670229,0.0715279166702288,0.0715279166702288,0.0715279166702288,0.0051162428631832,0.806757609757939,1.172898604962,1,0.893392313224574,-0.0228983867754263,0.0228983867754263,0.0228983867754263,0.000524336116917019,0.6430769449395,1.14376211217787,1,1.4835739453068,-0.0164260546931994,0.0164260546931994,0.0164260546931994,0.000269815272783977,1.45279508836314,1.53589234238366,1,1.74771819539084,-0.0522818046091564,0.0522818046091564,0.0522818046091564,0.00273338709319001,1.71560114222906,1.79906286682321,0
41,"n1400-b1_1-b2_2p5-b3_2p5",1400,8,408,1,1,0,0.9162907,0.9162907,1.5,1.8,1,1.3,0.1,494,215,464,227,FALSE,NA,TRUE,NA,0.105568033160667,0.105568033160667,0.105568033160667,0.105568033160667,0.0111446096254117,-0.112307627385786,0.324876389565515,1,0.966548712795361,0.050258012795361,0.050258012795361,0.050258012795361,0.00252586785013867,0.782140253792829,1.15362014272815,1,0.911791649158421,-0.00449905084157898,0.00449905084157898,0.00449905084157898,2.02414584751125e-05,0.652039494593257,1.16519391892055,1,1.48606110766948,-0.0139388923305153,0.0139388923305153,0.0139388923305153,0.000194292719401697,1.4548888557238,1.54437562558423,1,1.75304724284451,-0.0469527571554931,0.0469527571554931,0.0469527571554931,0.00220456140450271,1.68677325502272,1.83215405113852,1
41,"n1400-b1_1-b2_2p5-b3_2p5",1400,9,409,1,1,0,0.9162907,0.9162907,1.5,1.8,1,1.3,0.102142857142857,472,219,452,257,FALSE,NA,TRUE,NA,-0.115843558846771,-0.115843558846771,0.115843558846771,0.115843558846771,0.0134197301262852,-0.323215515403125,0.0911714842401009,1,0.843518201450831,-0.0727724985491695,0.0727724985491695,0.0727724985491695,0.00529583654508887,0.67102097171329,1.01866864765646,1,0.960295670612457,0.0440049706124573,0.0440049706124573,0.0440049706124573,0.00193643743860323,0.709715263851906,1.20850221203417,1,1.50177127622475,0.0017712762247537,0.0017712762247537,0.0017712762247537,3.13741946437773e-06,1.45965994954485,1.58272063868043,1,1.77151591469258,-0.0284840853074206,0.0284840853074206,0.0284840853074206,0.000811343115800416,1.70644193120749,1.83784776958861,1
41,"n1400-b1_1-b2_2p5-b3_2p5",1400,10,410,1,1,0,0.9162907,0.9162907,1.5,1.8,1,1.3,0.0871428571428572,460,248,460,232,FALSE,NA,TRUE,NA,0.104393275514986,0.104393275514986,0.104393275514986,0.104393275514986,0.0108979559727477,-0.0978275180586368,0.308555728097715,1,0.959230554624134,0.0429398546241337,0.0429398546241337,0.0429398546241337,0.00184383111514174,0.77944269406836,1.14062966974991,1,0.793637806386498,-0.122652893613502,0.122652893613502,0.122652893613502,0.015043732311765,0.54873260813906,1.03825060569456,1,1.50753528454229,0.00753528454229291,0.00753528454229291,0.00753528454229291,5.67805131333184e-05,1.44608290845009,1.59939025057772,1,1.75754427272495,-0.0424557272750539,0.0424557272750539,0.0424557272750539,0.00180248877845375,1.67110429926937,1.89301444487227,1
42,"n1400-b1_1-b2_2p5-b3_2p5",1400,1,411,1,1,0,0.9162907,0.9162907,1.5,1.8,1,1.3,0.0978571428571429,475,224,470,231,FALSE,NA,TRUE,NA,-0.102207638388357,-0.102207638388357,0.102207638388357,0.102207638388357,0.0104464013449252,-0.314254348291059,0.106944153481503,1,0.666703911519329,-0.249586788480672,0.249586788480672,0.249586788480672,0.0622935649840955,0.49352265889971,0.840841222540324,0,1.19552444699824,0.279233746998242,0.279233746998242,0.279233746998242,0.0779714854626781,0.946393527143426,1.44911406934706,0,1.46662305518578,-0.03337694481422,0.03337694481422,0.03337694481422,0.00111402044513149,1.39595498057933,1.54636334201305,1,1.79677575455256,-0.00322424544744204,0.00322424544744204,0.00322424544744204,1.03957587053507e-05,1.77780089629051,1.83625111037507,1
42,"n1400-b1_1-b2_2p5-b3_2p5",1400,2,412,1,1,0,0.9162907,0.9162907,1.5,1.8,1,1.3,0.103571428571429,467,248,469,216,FALSE,NA,TRUE,NA,-0.195385952210545,-0.195385952210545,0.195385952210545,0.195385952210545,0.0381756703212215,-0.40644698668175,0.0142619308287037,1,0.744406196933707,-0.171884503066293,0.171884503066293,0.171884503066293,0.0295442823943463,0.564028549659952,0.92881791924625,1,1.22056126622889,0.304270566228895,0.304270566228895,0.304270566228895,0.0925805774732523,0.964806767424855,1.47377552115304,0,1.52187246698423,0.0218724669842336,0.0218724669842336,0.0218724669842336,0.00047840481197639,1.45913544830495,1.5744220359915,1,1.81787479384899,0.0178747938489934,0.0178747938489934,0.0178747938489934,0.000319508255144011,1.76810300688021,1.88488446643123,1
42,"n1400-b1_1-b2_2p5-b3_2p5",1400,3,413,1,1,0,0.9162907,0.9162907,1.5,1.8,1,1.3,0.105714285714286,501,233,441,225,FALSE,NA,TRUE,NA,0.0107500366586777,0.0107500366586777,0.0107500366586777,0.0107500366586777,0.000115563288162914,-0.206722266594758,0.225666852771913,1,1.00080739162556,0.0845166916255597,0.0845166916255597,0.0845166916255597,0.00714307116332996,0.81320806472734,1.1904703328722,1,0.867516014856896,-0.0487746851431038,0.0487746851431038,0.0487746851431038,0.00237896991080891,0.613248720693639,1.12469405563879,1,1.50281799770363,0.00281799770362956,0.00281799770362956,0.00281799770362956,7.94111105766147e-06,1.46492759964543,1.56281290514214,1,1.79220345064067,-0.00779654935933016,0.00779654935933016,0.00779654935933016,6.07861819124716e-05,1.75285969438179,1.84720422274963,1
42,"n1400-b1_1-b2_2p5-b3_2p5",1400,4,414,1,1,0,0.9162907,0.9162907,1.5,1.8,1,1.3,0.106428571428571,442,267,443,248,FALSE,NA,TRUE,NA,0.0368778585846066,0.0368778585846066,0.0368778585846066,0.0368778585846066,0.00135997645378624,-0.159361483885479,0.236132447349965,1,1.01562210791479,0.0993314079147853,0.0993314079147853,0.0993314079147853,0.00986672859833348,0.840560259129013,1.19329408502668,1,0.864953161107658,-0.0513375388923423,0.0513375388923423,0.0513375388923423,0.00263554289952276,0.624357892118528,1.10751097096878,1,1.52031050078439,0.0203105007843913,0.0203105007843913,0.0203105007843913,0.000412516442112761,1.48546807310566,1.56156293399799,1,1.84497191467667,0.0449719146766721,0.0449719146766721,0.0449719146766721,0.00202247310968587,1.78185131914925,1.94364895017759,1
42,"n1400-b1_1-b2_2p5-b3_2p5",1400,5,415,1,1,0,0.9162907,0.9162907,1.5,1.8,1,1.3,0.100714285714286,460,260,462,218,FALSE,NA,TRUE,NA,0.0994640885668803,0.0994640885668803,0.0994640885668803,0.0994640885668803,0.00989310491444021,-0.109998720124526,0.308275674062244,1,1.05286483834354,0.136574138343543,0.136574138343543,0.136574138343543,0.0186524952642814,0.86700380737415,1.24283946220729,1,0.810872263317777,-0.105418436682223,0.105418436682223,0.105418436682223,0.0111130467925239,0.562569263800631,1.05664852673801,1,1.44653917989347,-0.0534608201065336,0.0534608201065336,0.0534608201065336,0.00285805928646315,1.41901083340738,1.49481417596439,0,1.77152940751039,-0.0284705924896149,0.0284705924896149,0.0284705924896149,0.000810574636709717,1.74626237887845,1.85146787862063,1
42,"n1400-b1_1-b2_2p5-b3_2p5",1400,6,416,1,1,0,0.9162907,0.9162907,1.5,1.8,1,1.3,0.107142857142857,460,243,461,236,FALSE,NA,TRUE,NA,-0.0347764687104412,-0.0347764687104412,0.0347764687104412,0.0347764687104412,0.0012094027759683,-0.238739892042177,0.171905944462699,1,0.948194418879929,0.031903718879929,0.031903718879929,0.031903718879929,0.00101784727836954,0.769950626596434,1.1343421037426,1,1.01105047859947,0.0947597785994658,0.0947597785994658,0.0947597785994658,0.00897941564021978,0.764373615864845,1.25509369811081,1,1.5155031652891,0.0155031652890956,0.0155031652890956,0.0155031652890956,0.000240348133981018,1.49288019132781,1.57106951162991,1,1.79076620741064,-0.00923379258935686,0.00923379258935686,0.00923379258935686,8.52629255832617e-05,1.7595145207217,1.83755644706544,1
42,"n1400-b1_1-b2_2p5-b3_2p5",1400,7,417,1,1,0,0.9162907,0.9162907,1.5,1.8,1,1.3,0.105714285714286,451,222,452,275,FALSE,NA,TRUE,NA,0.0364016062146232,0.0364016062146232,0.0364016062146232,0.0364016062146232,0.0013250769350045,-0.167122977681159,0.240297957127762,1,0.811811406646989,-0.104479293353011,0.104479293353011,0.104479293353011,0.0109159227395446,0.645717532115788,0.983302425281159,1,0.952780787057223,0.0364900870572231,0.0364900870572231,0.0364900870572231,0.00133152645344372,0.704131585082868,1.20090881225629,1,1.50171945691562,0.00171945691562359,0.00171945691562359,0.00171945691562359,2.95653208468577e-06,1.48371957004309,1.52658024069468,1,1.79980707589926,-0.000192924100744118,0.000192924100744118,0.000192924100744118,3.72197086479268e-08,1.77711250009578,1.83887017159186,1
42,"n1400-b1_1-b2_2p5-b3_2p5",1400,8,418,1,1,0,0.9162907,0.9162907,1.5,1.8,1,1.3,0.0971428571428572,482,231,475,212,FALSE,NA,TRUE,NA,-0.050104743705299,-0.050104743705299,0.050104743705299,0.050104743705299,0.0025104853417737,-0.261202114886525,0.165218771820116,1,0.881099387691266,-0.0351913123087343,0.0351913123087343,0.0351913123087343,0.00123842846201087,0.701419410109803,1.06515567335263,1,0.816788279351852,-0.0995024206481484,0.0995024206481484,0.0995024206481484,0.00990073171484107,0.565349295616711,1.06907015497317,1,1.49622226428068,-0.00377773571932405,0.00377773571932405,0.00377773571932405,1.42712871650568e-05,1.46332597889527,1.54567529142506,1,1.86349645293792,0.0634964529379201,0.0634964529379201,0.0634964529379201,0.0040317995356975,1.80526372647974,1.91081131276188,0
42,"n1400-b1_1-b2_2p5-b3_2p5",1400,9,419,1,1,0,0.9162907,0.9162907,1.5,1.8,1,1.3,0.11,499,239,465,197,FALSE,NA,TRUE,NA,0.185808717002197,0.185808717002197,0.185808717002197,0.185808717002197,0.0345248793140025,-0.0335111709670638,0.410549753455085,1,0.965170371603618,0.0488796716036182,0.0488796716036182,0.0488796716036182,0.00238922229607756,0.769563471755214,1.16620506402714,1,0.68263386531417,-0.23365683468583,0.23365683468583,0.23365683468583,0.0545955163954011,0.426114252506184,0.937820173912243,1,1.51692527451823,0.0169252745182342,0.0169252745182342,0.0169252745182342,0.000286464917517589,1.44593250120535,1.62565340390259,1,1.81379475973261,0.0137947597326111,0.0137947597326111,0.0137947597326111,0.000190295396080469,1.78135442569743,1.85917428015292,1
42,"n1400-b1_1-b2_2p5-b3_2p5",1400,10,420,1,1,0,0.9162907,0.9162907,1.5,1.8,1,1.3,0.110714285714286,482,205,477,236,FALSE,NA,TRUE,NA,-0.115458842713288,-0.115458842713288,0.115458842713288,0.115458842713288,0.0133307443606917,-0.333889673647029,0.100042934728423,1,0.866596790914529,-0.0496939090854708,0.0496939090854708,0.0496939090854708,0.00246948460019504,0.688492911530798,1.04821355752357,1,1.24748215562332,0.331191455623324,0.331191455623324,0.331191455623324,0.109687780277896,0.988726566037113,1.50574216794993,0,1.51700027424974,0.0170002742497422,0.0170002742497422,0.0170002742497422,0.000289009324566446,1.4831836877037,1.56670995076785,1,1.83904412359232,0.0390441235923245,0.0390441235923245,0.0390441235923245,0.00152444358709271,1.79093320022124,1.92640728906581,1
43,"n1400-b1_1-b2_2p5-b3_2p5",1400,1,421,1,1,0,0.9162907,0.9162907,1.5,1.8,1,1.3,0.0835714285714285,468,207,488,237,FALSE,NA,TRUE,NA,0.0852041724853461,0.0852041724853461,0.0852041724853461,0.0852041724853461,0.00725975100891261,-0.125133902371285,0.291218653346786,1,1.05661276661856,0.140322066618555,0.140322066618555,0.140322066618555,0.0196902823801022,0.881621791736469,1.23486879747941,1,0.751450307826311,-0.164840392173689,0.164840392173689,0.164840392173689,0.0271723548919756,0.503415099714116,0.999919105593152,1,1.5196401257529,0.0196401257528982,0.0196401257528982,0.0196401257528982,0.000385734539589655,1.46612181364821,1.64143828450895,1,1.82476044771778,0.0247604477177785,0.0247604477177785,0.0247604477177785,0.000613079771184844,1.78955867451559,1.90053039528169,1
43,"n1400-b1_1-b2_2p5-b3_2p5",1400,2,422,1,1,0,0.9162907,0.9162907,1.5,1.8,1,1.3,0.085,463,241,442,254,FALSE,NA,TRUE,NA,0.0221343892091986,0.0221343892091986,0.0221343892091986,0.0221343892091986,0.00048993118566429,-0.175167645285669,0.220931600933275,1,0.947521011801494,0.031230311801494,0.031230311801494,0.031230311801494,0.000975332375218538,0.774948733413025,1.12615815413219,1,0.813389703076709,-0.102900996923291,0.102900996923291,0.102900996923291,0.0105886151678071,0.574899175011214,1.05406054764896,1,1.4715470190349,-0.028452980965104,0.028452980965104,0.028452980965104,0.000809572125800568,1.38048782520247,1.5052224574228,1,1.80996711117694,0.00996711117693994,0.00996711117693994,0.00996711117693994,9.9343305213481e-05,1.77130293458738,1.86802454033889,1
43,"n1400-b1_1-b2_2p5-b3_2p5",1400,3,423,1,1,0,0.9162907,0.9162907,1.5,1.8,1,1.3,0.105714285714286,487,220,446,247,FALSE,NA,TRUE,NA,-0.052997347057694,-0.052997347057694,0.052997347057694,0.052997347057694,0.00280871879515367,-0.26732130492722,0.158451203259072,1,0.91905266667653,0.00276196667653039,0.00276196667653039,0.00276196667653039,7.62845992226434e-06,0.741898881380653,1.10228313771084,1,1.00721573274428,0.0909250327442759,0.0909250327442759,0.0909250327442759,0.00826736157954764,0.755542056157535,1.26165804958842,1,1.5006908442349,0.000690844234898513,0.000690844234898513,0.000690844234898513,4.77265756892512e-07,1.47459361433679,1.54291056428973,1,1.7852901711798,-0.0147098288202039,0.0147098288202039,0.0147098288202039,0.000216379063919701,1.75561227169097,1.8125891664926,1
43,"n1400-b1_1-b2_2p5-b3_2p5",1400,4,424,1,1,0,0.9162907,0.9162907,1.5,1.8,1,1.3,0.100714285714286,472,223,481,224,FALSE,NA,TRUE,NA,-0.103177311574314,-0.103177311574314,0.103177311574314,0.103177311574314,0.010645557623703,-0.319511355070446,0.111361325329152,1,0.873259744703689,-0.0430309552963107,0.0430309552963107,0.0430309552963107,0.00185166311371309,0.693193771875406,1.05507341024409,1,0.952741406235112,0.0364507062351125,0.0364507062351125,0.0364507062351125,0.00132865398503847,0.699816735353229,1.21015526852647,1,1.51944060045196,0.0194406004519572,0.0194406004519572,0.0194406004519572,0.000377936945932637,1.46553342166444,1.61653256739523,1,1.81365610516369,0.013656105163691,0.013656105163691,0.013656105163691,0.000186489208241787,1.77419825378096,1.87684951294233,1
43,"n1400-b1_1-b2_2p5-b3_2p5",1400,5,425,1,1,0,0.9162907,0.9162907,1.5,1.8,1,1.3,0.0971428571428572,487,232,451,230,FALSE,NA,TRUE,NA,-0.123983115621429,-0.123983115621429,0.123983115621429,0.123983115621429,0.0153718129591967,-0.335081372018871,0.0883703780781569,1,0.906471533919686,-0.00981916608031386,0.00981916608031386,0.00981916608031386,9.64160225127862e-05,0.724431923710618,1.08968139333548,1,1.11208390127266,0.19579320127266,0.19579320127266,0.19579320127266,0.0383349776645964,0.857418402998998,1.36250576307415,1,1.4815652426519,-0.0184347573480994,0.0184347573480994,0.0184347573480994,0.000339840278483305,1.40432445168255,1.58768018073596,1,1.69492614487299,-0.105073855127011,0.105073855127011,0.105073855127011,0.011040515031252,1.64104210571512,1.7713765711794,0
43,"n1400-b1_1-b2_2p5-b3_2p5",1400,6,426,1,1,0,0.9162907,0.9162907,1.5,1.8,1,1.3,0.0921428571428572,493,217,461,229,FALSE,NA,TRUE,NA,0.0664645380116453,0.0664645380116453,0.0664645380116453,0.0664645380116453,0.00441753481310145,-0.145898058703241,0.277643418508431,1,0.833417841062017,-0.0828728589379835,0.0828728589379835,0.0828728589379835,0.00686791074855491,0.655089510598783,1.01515923721851,1,0.879569111673319,-0.0367215883266806,0.0367215883266806,0.0367215883266806,0.0013484750492342,0.629138231652479,1.13582827135029,1,1.50090110278984,0.000901102789837571,0.000901102789837571,0.000901102789837571,8.11986237853054e-07,1.47685122062019,1.52866523531542,1,1.79193605681681,-0.00806394318319015,0.00806394318319015,0.00806394318319015,6.50271796617189e-05,1.77300374765353,1.81837004874373,1
43,"n1400-b1_1-b2_2p5-b3_2p5",1400,7,427,1,1,0,0.9162907,0.9162907,1.5,1.8,1,1.3,0.11,478,253,448,221,FALSE,NA,TRUE,NA,0.114513956794679,0.114513956794679,0.114513956794679,0.114513956794679,0.0131134463007736,-0.0928440811014669,0.323406903931542,1,1.04227290432149,0.125982204321492,0.125982204321492,0.125982204321492,0.015871515805702,0.852527150721954,1.23428053609681,1,0.773361318769791,-0.142929381230209,0.142929381230209,0.142929381230209,0.0204288080188503,0.521404364956735,1.02743828876349,1,1.52667618180582,0.0266761818058181,0.0266761818058181,0.0266761818058181,0.000711618675737061,1.48881273748227,1.57124746901746,1,1.81230852651605,0.0123085265160459,0.0123085265160459,0.0123085265160459,0.000151499824996204,1.7806792041306,1.85568824419401,1
43,"n1400-b1_1-b2_2p5-b3_2p5",1400,8,428,1,1,0,0.9162907,0.9162907,1.5,1.8,1,1.3,0.0892857142857143,490,216,483,211,FALSE,NA,TRUE,NA,0.00233518717813354,0.00233518717813354,0.00233518717813354,0.00233518717813354,5.45309915691927e-06,-0.21273443307602,0.218657192395408,1,0.825987691428117,-0.0903030085718834,0.0903030085718834,0.0903030085718834,0.00815463335713366,0.642090319771347,1.01364279992952,1,0.89388176144249,-0.0224089385575104,0.0224089385575104,0.0224089385575104,0.000502160527274275,0.643168057849105,1.14413486207416,1,1.49273976506243,-0.00726023493757166,0.00726023493757166,0.00726023493757166,5.27110113487362e-05,1.46057009784837,1.53387132988621,1,1.74679336030841,-0.0532066396915878,0.0532066396915878,0.0532066396915878,0.00283094650727044,1.71763511713786,1.81118623149532,1
43,"n1400-b1_1-b2_2p5-b3_2p5",1400,9,429,1,1,0,0.9162907,0.9162907,1.5,1.8,1,1.3,0.102142857142857,450,224,469,257,FALSE,NA,TRUE,NA,0.0143295956287945,0.0143295956287945,0.0143295956287945,0.0143295956287945,0.000205337310884766,-0.193443910169301,0.222522217967822,1,0.892738470050613,-0.0235522299493869,0.0235522299493869,0.0235522299493869,0.000554707535588796,0.719071076132992,1.0687446164992,1,0.899684292309556,-0.0166064076904436,0.0166064076904436,0.0166064076904436,0.000275772776381226,0.650314509273016,1.14684921133204,1,1.49901899965501,-0.000981000344985494,0.000981000344985494,0.000981000344985494,9.62361676861659e-07,1.46802951227718,1.52490990715109,1,1.80821751855548,0.00821751855548158,0.00821751855548158,0.00821751855548158,6.75276112096841e-05,1.76645964134758,1.88168367564336,1
43,"n1400-b1_1-b2_2p5-b3_2p5",1400,10,430,1,1,0,0.9162907,0.9162907,1.5,1.8,1,1.3,0.105714285714286,446,245,477,232,FALSE,NA,TRUE,NA,0.0388678685269255,0.0388678685269255,0.0388678685269255,0.0388678685269255,0.00151071120382637,-0.171457235556741,0.250057985108875,1,1.08430077781972,0.168010077819715,0.168010077819715,0.168010077819715,0.0282273862489868,0.901645469760283,1.27014719287936,1,0.81493441519468,-0.10135628480532,0.10135628480532,0.10135628480532,0.0102730964695371,0.564403871013006,1.06713178665966,1,1.49712970805425,-0.00287029194574884,0.00287029194574884,0.00287029194574884,8.23857585383065e-06,1.46183243312963,1.55783348038224,1,1.74450528598899,-0.0554947140110145,0.0554947140110145,0.0554947140110145,0.00307966328316429,1.66041085977587,1.89154875847285,1
44,"n1400-b1_1-b2_2p5-b3_2p5",1400,1,431,1,1,0,0.9162907,0.9162907,1.5,1.8,1,1.3,0.1,469,260,445,226,FALSE,NA,TRUE,NA,0.0857039445496239,0.0857039445496239,0.0857039445496239,0.0857039445496239,0.00734516611136501,-0.118866509443889,0.288321336477852,1,0.839322099743906,-0.0769686002560936,0.0769686002560936,0.0769686002560936,0.00592416542538234,0.66048477582881,1.02195962808004,1,0.94853691998332,0.0322462199833199,0.0322462199833199,0.0322462199833199,0.00103981870321266,0.699301401809279,1.19602868369415,1,1.51530916584525,0.01530916584525,0.01530916584525,0.01530916584525,0.000234370558877369,1.4907400851989,1.55973361601249,1,1.79906300751892,-0.000936992481076704,0.000936992481076704,0.000936992481076704,8.77954909594277e-07,1.77302057899476,1.84090490516404,1
44,"n1400-b1_1-b2_2p5-b3_2p5",1400,2,432,1,1,0,0.9162907,0.9162907,1.5,1.8,1,1.3,0.0992857142857143,471,249,458,222,FALSE,NA,TRUE,NA,0.00948682259426722,0.00948682259426722,0.00948682259426722,0.00948682259426722,8.99998029350991e-05,-0.194065765054684,0.216127557152133,1,0.934765685276916,0.0184749852769164,0.0184749852769164,0.0184749852769164,0.000341325080982277,0.755569536551385,1.12151137268948,1,0.944591154820618,0.0283004548206182,0.0283004548206182,0.0283004548206182,0.00080091574305385,0.698576383827063,1.193885829561,1,1.50131669113929,0.00131669113929078,0.00131669113929078,0.00131669113929078,1.73367555628686e-06,1.43267293287332,1.57022990550409,1,1.81800753088701,0.0180075308870054,0.0180075308870054,0.0180075308870054,0.000324271168646452,1.76672223706101,1.87504372304734,1
44,"n1400-b1_1-b2_2p5-b3_2p5",1400,3,433,1,1,0,0.9162907,0.9162907,1.5,1.8,1,1.3,0.0978571428571429,478,221,467,234,FALSE,NA,TRUE,NA,0.0187546684666666,0.0187546684666666,0.0187546684666666,0.0187546684666666,0.000351737589294577,-0.19516530399832,0.232066351340618,1,0.841629382844572,-0.0746613171554281,0.0746613171554281,0.0746613171554281,0.00557431227938342,0.660007724160845,1.02127015882231,1,1.00154717541571,0.085256475415705,0.085256475415705,0.085256475415705,0.00726866660030872,0.750685269958447,1.2557643568695,1,1.47162360526459,-0.0283763947354128,0.0283763947354128,0.0283763947354128,0.000805219778179961,1.43370060959755,1.59012865049686,1,1.75823981990843,-0.0417601800915695,0.0417601800915695,0.0417601800915695,0.00174391264128031,1.60771357385087,1.84077732271857,1
44,"n1400-b1_1-b2_2p5-b3_2p5",1400,4,434,1,1,0,0.9162907,0.9162907,1.5,1.8,1,1.3,0.104285714285714,471,240,467,222,FALSE,NA,TRUE,NA,-0.239941351573298,-0.239941351573298,0.239941351573298,0.239941351573298,0.0575718521948208,-0.451663551820855,-0.027023797745615,0,0.985433952411304,0.0691432524113039,0.0691432524113039,0.0691432524113039,0.00478078935401329,0.804323999063791,1.17367030855012,1,1.13743408881503,0.221143388815032,0.221143388815032,0.221143388815032,0.0489043984165964,0.887112864941023,1.39281200982099,1,1.53815970035222,0.0381597003522212,0.0381597003522212,0.0381597003522212,0.00145616273097131,1.47779933544731,1.58026310706981,1,1.80068153345443,0.000681533454434113,0.000681533454434113,0.000681533454434113,4.64487849512896e-07,1.77869611610439,1.82271550899321,1
44,"n1400-b1_1-b2_2p5-b3_2p5",1400,5,435,1,1,0,0.9162907,0.9162907,1.5,1.8,1,1.3,0.0935714285714285,518,232,452,198,FALSE,NA,TRUE,NA,-0.0504099981269638,-0.0504099981269638,0.0504099981269638,0.0504099981269638,0.0025411679111605,-0.268951371665023,0.16566925125641,1,0.897923790631042,-0.0183669093689576,0.0183669093689576,0.0183669093689576,0.000337343359767501,0.71000528460204,1.08797663811686,1,0.991782876275123,0.0754921762751232,0.0754921762751232,0.0754921762751232,0.00569906867875427,0.739427375537953,1.24646733489744,1,1.5008711293329,0.000871129332901788,0.000871129332901788,0.000871129332901788,7.58866314641914e-07,1.46091801701818,1.54216254738433,1,1.78158489809442,-0.0184151019055825,0.0184151019055825,0.0184151019055825,0.000339115978192988,1.6942749521481,1.83651140126429,1
44,"n1400-b1_1-b2_2p5-b3_2p5",1400,6,436,1,1,0,0.9162907,0.9162907,1.5,1.8,1,1.3,0.0814285714285714,478,227,471,224,FALSE,NA,TRUE,NA,0.0700892537104482,0.0700892537104482,0.0700892537104482,0.0700892537104482,0.00491250348568758,-0.1388792776123,0.274127673130966,1,0.828953522224787,-0.087337177775213,0.087337177775213,0.087337177775213,0.00762778262173916,0.651819817377389,1.01036480554578,1,0.857720903880614,-0.0585697961193864,0.0585697961193864,0.0585697961193864,0.00343042101746649,0.611079980091138,1.10761941826208,1,1.50309259524999,0.0030925952499874,0.0030925952499874,0.0030925952499874,9.5641453802446e-06,1.46745064667008,1.54805925223957,1,1.78590187874144,-0.0140981212585636,0.0140981212585636,0.0140981212585636,0.000198757023021162,1.75320685703713,1.8386136660724,1
44,"n1400-b1_1-b2_2p5-b3_2p5",1400,7,437,1,1,0,0.9162907,0.9162907,1.5,1.8,1,1.3,0.118571428571429,485,240,422,253,FALSE,NA,TRUE,NA,-0.0218310953022535,-0.0218310953022535,0.0218310953022535,0.0218310953022535,0.000476596722096075,-0.234231457478815,0.1894915433367,1,1.03776543156748,0.121474731567482,0.121474731567482,0.121474731567482,0.0147561104093919,0.852527467079554,1.22147062302495,1,0.883050115960382,-0.0332405840396179,0.0332405840396179,0.0332405840396179,0.0011049364272949,0.632405932292891,1.13989855643775,1,1.49401868618633,-0.00598131381367195,0.00598131381367195,0.00598131381367195,3.57761149376229e-05,1.47680793182626,1.54249780810493,1,1.81580265162183,0.0158026516218279,0.0158026516218279,0.0158026516218279,0.000249723798280861,1.70286418879694,1.8875819317103,1
44,"n1400-b1_1-b2_2p5-b3_2p5",1400,8,438,1,1,0,0.9162907,0.9162907,1.5,1.8,1,1.3,0.111428571428571,452,241,487,220,FALSE,NA,TRUE,NA,0.0434014951936087,0.0434014951936087,0.0434014951936087,0.0434014951936087,0.00188368978504084,-0.171151267679805,0.259027433273606,1,0.992060484258333,0.075769784258333,0.075769784258333,0.075769784258333,0.00574106020655433,0.809389078660971,1.1798484862461,1,0.905563441216828,-0.010727258783172,0.010727258783172,0.010727258783172,0.000115074081001142,0.647202183917629,1.16027185899555,1,1.46869004140801,-0.0313099585919854,0.0313099585919854,0.0313099585919854,0.000980313507031839,1.43219963099,1.50403897036888,1,1.77873397814089,-0.0212660218591121,0.0212660218591121,0.0212660218591121,0.000452243685712233,1.7500106826209,1.82858870246094,1
44,"n1400-b1_1-b2_2p5-b3_2p5",1400,9,439,1,1,0,0.9162907,0.9162907,1.5,1.8,1,1.3,0.104285714285714,460,247,466,227,FALSE,NA,TRUE,NA,-0.0310834831395751,-0.0310834831395751,0.0310834831395751,0.0310834831395751,0.000966182924088248,-0.242985226778151,0.178441093240632,1,0.929266899120182,0.0129761991201821,0.0129761991201821,0.0129761991201821,0.000168381743606615,0.749017931955217,1.11340550821748,1,0.88827651946214,-0.0280141805378602,0.0280141805378602,0.0280141805378602,0.000784794311207825,0.638657986057936,1.14061162915202,1,1.50145654636528,0.00145654636527803,0.00145654636527803,0.00145654636527803,2.12152731420465e-06,1.44590824833457,1.56362248165397,1,1.79515446941777,-0.00484553058222925,0.00484553058222925,0.00484553058222925,2.34791666233189e-05,1.75756669250768,1.83907525445213,1
44,"n1400-b1_1-b2_2p5-b3_2p5",1400,10,440,1,1,0,0.9162907,0.9162907,1.5,1.8,1,1.3,0.0914285714285714,462,235,455,248,FALSE,NA,TRUE,NA,0.137911970784435,0.137911970784435,0.137911970784435,0.137911970784435,0.0190197116856467,-0.0673553187495551,0.337725530037652,1,0.980862064273245,0.0645713642732453,0.0645713642732453,0.0645713642732453,0.00416946108410814,0.800996693241088,1.16173033253047,1,0.783652786503501,-0.132637913496499,0.132637913496499,0.132637913496499,0.0175928160967048,0.540140858335364,1.02920666699045,1,1.48693506759011,-0.0130649324098948,0.0130649324098948,0.0130649324098948,0.00017069245887512,1.45409615999849,1.53144868287254,1,1.79048996761132,-0.00951003238868453,0.00951003238868453,0.00951003238868453,9.04407160338288e-05,1.74993627335422,1.82524474178625,1
45,"n1400-b1_1-b2_2p5-b3_2p5",1400,1,441,1,1,0,0.9162907,0.9162907,1.5,1.8,1,1.3,0.104285714285714,450,219,501,230,FALSE,NA,TRUE,NA,0.181823930731454,0.181823930731454,0.181823930731454,0.181823930731454,0.0330599417866366,-0.0381432206624135,0.403087161011673,1,1.05775633092246,0.141465630922462,0.141465630922462,0.141465630922462,0.0200125247322901,0.873779348153988,1.24659936022656,1,0.60466787185182,-0.31162282814818,0.31162282814818,0.31162282814818,0.0971087870230704,0.34505479268325,0.864995985782913,0,1.54207675338797,0.0420767533879733,0.0420767533879733,0.0420767533879733,0.00177045317567233,1.48240385219972,1.6764015561273,1,1.81804414954782,0.0180441495478161,0.0180441495478161,0.0180441495478161,0.000325591332903951,1.76865922074322,1.95909108503898,1
45,"n1400-b1_1-b2_2p5-b3_2p5",1400,2,442,1,1,0,0.9162907,0.9162907,1.5,1.8,1,1.3,0.0785714285714286,498,207,495,200,FALSE,NA,TRUE,NA,0.0554906135339457,0.0554906135339457,0.0554906135339457,0.0554906135339457,0.00307920819037372,-0.16270683666002,0.277469176591775,1,1.00175631580993,0.0854656158099314,0.0854656158099314,0.0854656158099314,0.00730437148577079,0.816342496736676,1.18997956779777,1,0.795959403705589,-0.120331296294411,0.120331296294411,0.120331296294411,0.0144796208678933,0.538680142270037,1.05270266148188,1,1.54064147516058,0.0406414751605844,0.0406414751605844,0.0406414751605844,0.0016517295032284,1.50259428205005,1.62575752719147,0,1.89049188276141,0.0904918827614132,0.0904918827614132,0.0904918827614132,0.00818878084570535,1.81869602607182,1.96779668935928,0
45,"n1400-b1_1-b2_2p5-b3_2p5",1400,3,443,1,1,0,0.9162907,0.9162907,1.5,1.8,1,1.3,0.102142857142857,475,227,470,228,FALSE,NA,TRUE,NA,0.108295534356023,0.108295534356023,0.108295534356023,0.108295534356023,0.0117279227614565,-0.100381918692268,0.319249008939828,1,0.973277943124749,0.0569872431247495,0.0569872431247495,0.0569872431247495,0.0032475458789593,0.791473931524021,1.16103180051457,1,0.901215759411898,-0.0150749405881018,0.0150749405881018,0.0150749405881018,0.000227253833734798,0.650485779539698,1.15287925714238,1,1.50167974218113,0.00167974218113343,0.00167974218113343,0.00167974218113343,2.82153379507888e-06,1.48073719521551,1.51779898041836,1,1.79062249254401,-0.00937750745598698,0.00937750745598698,0.00937750745598698,8.79376460870914e-05,1.76181089497466,1.86651114232735,1
45,"n1400-b1_1-b2_2p5-b3_2p5",1400,4,444,1,1,0,0.9162907,0.9162907,1.5,1.8,1,1.3,0.109285714285714,457,248,474,221,FALSE,NA,TRUE,NA,-0.10926136026142,-0.10926136026142,0.10926136026142,0.10926136026142,0.0119380448461758,-0.322993331716245,0.1016844277117,1,0.80522352460006,-0.11106717539994,0.11106717539994,0.11106717539994,0.012335917451321,0.621488722369129,0.989095403041142,1,1.03535729070483,0.11906659070483,0.11906659070483,0.11906659070483,0.0141768530220715,0.781971792576837,1.2907200601885,1,1.48346571800117,-0.0165342819988326,0.0165342819988326,0.0165342819988326,0.000273382481216918,1.44588161931685,1.51842198281766,1,1.7955214676645,-0.0044785323355041,0.0044785323355041,0.0044785323355041,2.00572518801558e-05,1.74151819544667,1.85167321143399,1
45,"n1400-b1_1-b2_2p5-b3_2p5",1400,5,445,1,1,0,0.9162907,0.9162907,1.5,1.8,1,1.3,0.0992857142857143,482,202,483,233,FALSE,NA,TRUE,NA,-0.0550834844018275,-0.0550834844018275,0.0550834844018275,0.0550834844018275,0.00303419025384638,-0.274512677292191,0.161158697448849,1,0.901419059628635,-0.0148716403713651,0.0148716403713651,0.0148716403713651,0.000221165687335217,0.720020703632175,1.08492924769231,1,0.870264263299938,-0.046026436700062,0.046026436700062,0.046026436700062,0.00211843287530482,0.616211571062363,1.12559072203358,1,1.49294234774481,-0.00705765225518573,0.00705765225518573,0.00705765225518573,4.98104553551282e-05,1.4788533389275,1.54311046285397,1,1.82673420603068,0.0267342060306841,0.0267342060306841,0.0267342060306841,0.000714717772091066,1.79836803982611,1.865478636486,1
45,"n1400-b1_1-b2_2p5-b3_2p5",1400,6,446,1,1,0,0.9162907,0.9162907,1.5,1.8,1,1.3,0.0921428571428572,443,240,473,244,FALSE,NA,TRUE,NA,0.0248292764547793,0.0248292764547793,0.0248292764547793,0.0248292764547793,0.00061649296926786,-0.172798925538264,0.224335271197786,1,0.912835891360892,-0.00345480863910819,0.00345480863910819,0.00345480863910819,1.19357027328566e-05,0.739590616715594,1.0901795559674,1,0.821877448225234,-0.0944132517747656,0.0944132517747656,0.0944132517747656,0.00891386211068527,0.58233668803755,1.06525468881583,1,1.51220619660596,0.0122061966059566,0.0122061966059566,0.0122061966059566,0.000148991235583266,1.48863855045292,1.54231988399362,1,1.7776383877825,-0.0223616122175028,0.0223616122175028,0.0223616122175028,0.000500041700965969,1.76582477238477,1.80814872444003,1
45,"n1400-b1_1-b2_2p5-b3_2p5",1400,7,447,1,1,0,0.9162907,0.9162907,1.5,1.8,1,1.3,0.095,471,240,447,242,FALSE,NA,TRUE,NA,0.0162208648752572,0.0162208648752572,0.0162208648752572,0.0162208648752572,0.000263116457301353,-0.185375967196458,0.216454163760464,1,0.842524020821926,-0.0737666791780739,0.0737666791780739,0.0737666791780739,0.00544152295696088,0.668923598162502,1.02307182946954,1,0.866396403308175,-0.0498942966918254,0.0498942966918254,0.0498942966918254,0.0024894408423719,0.627072252648151,1.10937433220768,1,1.48749529270367,-0.0125047072963298,0.0125047072963298,0.0125047072963298,0.000156367704566884,1.46181945178749,1.5199830092722,1,1.77488393407659,-0.025116065923414,0.025116065923414,0.025116065923414,0.000630816767469277,1.74776810126083,1.8294075115689,1
45,"n1400-b1_1-b2_2p5-b3_2p5",1400,8,448,1,1,0,0.9162907,0.9162907,1.5,1.8,1,1.3,0.095,463,228,481,228,FALSE,NA,TRUE,NA,0.0236698973685314,0.0236698973685314,0.0236698973685314,0.0236698973685314,0.000560264041436809,-0.187375612965671,0.232836840041389,1,1.02085547563584,0.104564775635844,0.104564775635844,0.104564775635844,0.0109337923037743,0.841060558112984,1.20532989176228,1,0.95007936368694,0.0337886636869398,0.0337886636869398,0.0337886636869398,0.00114167379374912,0.698613917906968,1.20477563335679,1,1.46195015219033,-0.0380498478096742,0.0380498478096742,0.0380498478096742,0.00144779091833937,1.35260661183369,1.53298434073217,1,1.79153584098957,-0.0084641590104253,0.0084641590104253,0.0084641590104253,7.16419877537638e-05,1.6981083496955,1.84906894850246,1
45,"n1400-b1_1-b2_2p5-b3_2p5",1400,9,449,1,1,0,0.9162907,0.9162907,1.5,1.8,1,1.3,0.1,464,220,504,212,FALSE,NA,TRUE,NA,0.135627156313493,0.135627156313493,0.135627156313493,0.135627156313493,0.0183947255296846,-0.0858671718476617,0.354568582345829,1,0.968433745622689,0.0521430456226891,0.0521430456226891,0.0521430456226891,0.00271889720680984,0.781212845288116,1.15832985940693,1,0.818352156410295,-0.0979385435897047,0.0979385435897047,0.0979385435897047,0.00959195832047248,0.559328834030116,1.07338663291028,1,1.43191448908324,-0.0680855109167569,0.0680855109167569,0.0680855109167569,0.00463563679679582,1.36004000750108,1.51872916681352,1,1.79175284856328,-0.00824715143671573,0.00824715143671573,0.00824715143671573,6.80155068201223e-05,1.72092895794133,1.90711320711472,1
45,"n1400-b1_1-b2_2p5-b3_2p5",1400,10,450,1,1,0,0.9162907,0.9162907,1.5,1.8,1,1.3,0.0907142857142857,476,226,459,239,FALSE,NA,TRUE,NA,0.0770612271709643,0.0770612271709643,0.0770612271709643,0.0770612271709643,0.00593843273309497,-0.132627047554153,0.291734392815175,1,0.938579909415223,0.0222892094152228,0.0222892094152228,0.0222892094152228,0.000496808856355658,0.759496640099721,1.12096690132336,1,0.916478673362123,0.000187973362122729,0.000187973362122729,0.000187973362122729,3.53339848677225e-08,0.664124737555835,1.16772081327976,1,1.48672111902225,-0.01327888097775,0.01327888097775,0.01327888097775,0.00017632868002125,1.45191411626164,1.52600709973318,1,1.79917132807508,-0.000828671924915758,0.000828671924915758,0.000828671924915758,6.86697159143588e-07,1.75937011631511,1.8399172555635,1
46,"n1400-b1_1-b2_2p5-b3_2p5",1400,1,451,1,1,0,0.9162907,0.9162907,1.5,1.8,1,1.3,0.103571428571429,472,224,466,238,FALSE,NA,TRUE,NA,-0.032621770032424,-0.032621770032424,0.032621770032424,0.032621770032424,0.00106417988004835,-0.242290305328991,0.179542356529183,1,0.866195492246111,-0.0500952077538893,0.0500952077538893,0.0500952077538893,0.00250952983990533,0.6872220176219,1.04804871396873,1,1.03507173250055,0.118781032500551,0.118781032500551,0.118781032500551,0.0141089336818969,0.782611611779886,1.28137258238719,1,1.49701672874567,-0.0029832712543254,0.0029832712543254,0.0029832712543254,8.89990737688427e-06,1.4779458223081,1.53219018555014,1,1.80445534042959,0.00445534042959372,0.00445534042959372,0.00445534042959372,1.98500583435724e-05,1.78264576974307,1.83033469403995,1
46,"n1400-b1_1-b2_2p5-b3_2p5",1400,2,452,1,1,0,0.9162907,0.9162907,1.5,1.8,1,1.3,0.107857142857143,442,242,491,225,FALSE,NA,TRUE,NA,0.140106594857702,0.140106594857702,0.140106594857702,0.140106594857702,0.0196298579226201,-0.0727145424963068,0.353830947281842,1,1.0620138146296,0.145723114629597,0.145723114629597,0.145723114629597,0.0212352261373507,0.875396195532891,1.25111766026334,1,0.827273623348843,-0.0890170766511572,0.0890170766511572,0.0890170766511572,0.007924039935518,0.571701169141308,1.08083282849584,1,1.45204316034914,-0.0479568396508643,0.0479568396508643,0.0479568396508643,0.00229985846929871,1.43007500998081,1.50101684673457,1,1.73487483054074,-0.0651251694592587,0.0651251694592587,0.0651251694592587,0.00424128769709717,1.69068347619781,1.81833666815044,1
46,"n1400-b1_1-b2_2p5-b3_2p5",1400,3,453,1,1,0,0.9162907,0.9162907,1.5,1.8,1,1.3,0.0885714285714285,468,217,469,246,FALSE,NA,TRUE,NA,0.148831549474792,0.148831549474792,0.148831549474792,0.148831549474792,0.0221508301190675,-0.0541224439291457,0.350932736153799,1,0.885712537362802,-0.0305781626371983,0.0305781626371983,0.0305781626371983,0.000935024030266948,0.707836429016534,1.06375627142279,1,0.776900173618694,-0.139390526381306,0.139390526381306,0.139390526381306,0.0194297188448576,0.53035915448219,1.02392438938797,1,1.51669067516737,0.0166906751673666,0.0166906751673666,0.0166906751673666,0.000278578637542547,1.4843656933592,1.58195623131926,1,1.81227579414234,0.0122757941423448,0.0122757941423448,0.0122757941423448,0.000150695121825227,1.78152557992541,1.86235895242333,1
46,"n1400-b1_1-b2_2p5-b3_2p5",1400,4,454,1,1,0,0.9162907,0.9162907,1.5,1.8,1,1.3,0.0971428571428572,420,229,493,258,FALSE,NA,TRUE,NA,-0.0196369795566083,-0.0196369795566083,0.0196369795566083,0.0196369795566083,0.000385610966106652,-0.22160065333293,0.181971669800943,1,0.960559707012454,0.0442690070124544,0.0442690070124544,0.0442690070124544,0.00195974498186874,0.790690775045003,1.13225297236163,1,0.853270167028397,-0.0630205329716029,0.0630205329716029,0.0630205329716029,0.00397158757602489,0.607566152487406,1.0987175541702,1,1.47186860895731,-0.0281313910426886,0.0281313910426886,0.0281313910426886,0.000791375161996659,1.39248709856812,1.53514813905286,1,1.81047409631453,0.0104740963145324,0.0104740963145324,0.0104740963145324,0.000109706693606102,1.7375922289269,1.87347748764938,1
46,"n1400-b1_1-b2_2p5-b3_2p5",1400,5,455,1,1,0,0.9162907,0.9162907,1.5,1.8,1,1.3,0.0978571428571429,467,236,477,220,FALSE,NA,TRUE,NA,0.0798884027232579,0.0798884027232579,0.0798884027232579,0.0798884027232579,0.00638215688967343,-0.133274151098638,0.292499408687752,1,0.995747432788576,0.0794567327885756,0.0794567327885756,0.0794567327885756,0.0063133723854351,0.808333301122256,1.18317652413618,1,0.870540678989695,-0.0457500210103047,0.0457500210103047,0.0457500210103047,0.00209306442244332,0.619617972690063,1.12113239109859,1,1.52955060535379,0.0295506053537933,0.0295506053537933,0.0295506053537933,0.000873238276775636,1.45850906207425,1.57482766649163,1,1.84423016424861,0.0442301642486134,0.0442301642486134,0.0442301642486134,0.00195630742945932,1.79489690463586,1.88914026161932,1
46,"n1400-b1_1-b2_2p5-b3_2p5",1400,6,456,1,1,0,0.9162907,0.9162907,1.5,1.8,1,1.3,0.0957142857142858,455,213,493,239,FALSE,NA,TRUE,NA,-0.0483707911064456,-0.0483707911064456,0.0483707911064456,0.0483707911064456,0.0023397334322634,-0.264985787790315,0.165977560423896,1,0.867010129075671,-0.0492805709243294,0.0492805709243294,0.0492805709243294,0.00242857467062786,0.690397287815254,1.0486160310982,1,0.895273549031466,-0.0210171509685336,0.0210171509685336,0.0210171509685336,0.000441720634834134,0.641220595891069,1.15071514975009,1,1.51464592689493,0.0146459268949326,0.0146459268949326,0.0146459268949326,0.00021450317461171,1.48115230427415,1.60902490348507,1,1.79114151346901,-0.00885848653098797,0.00885848653098797,0.00885848653098797,7.84727836196954e-05,1.71090055112605,1.83008439198664,1
46,"n1400-b1_1-b2_2p5-b3_2p5",1400,7,457,1,1,0,0.9162907,0.9162907,1.5,1.8,1,1.3,0.0864285714285714,509,219,446,226,FALSE,NA,TRUE,NA,-0.169513440710325,-0.169513440710325,0.169513440710325,0.169513440710325,0.0287348065814528,-0.381626922894228,0.0432075755333936,1,0.769804772546375,-0.146485927453625,0.146485927453625,0.146485927453625,0.0214581269419486,0.592652935656145,0.950234262815113,1,0.993146898401543,0.0768561984015431,0.0768561984015431,0.0768561984015431,0.00590687523273736,0.743694694145738,1.23929706895858,1,1.49396392974928,-0.00603607025071673,0.00603607025071673,0.00603607025071673,3.64341440715875e-05,1.47159031778206,1.54163354216348,1,1.78084999536989,-0.0191500046301105,0.0191500046301105,0.0191500046301105,0.000366722677333254,1.71758257911838,1.86384145477846,1
46,"n1400-b1_1-b2_2p5-b3_2p5",1400,8,458,1,1,0,0.9162907,0.9162907,1.5,1.8,1,1.3,0.1,501,234,444,221,FALSE,NA,TRUE,NA,-0.0479790585695526,-0.0479790585695526,0.0479790585695526,0.0479790585695526,0.00230199006122056,-0.257856802599973,0.161444301630979,1,0.97719849105611,0.0609077910561101,0.0609077910561101,0.0609077910561101,0.00370975901133477,0.792786495828209,1.16269967140137,1,0.911283087771197,-0.00500761222880275,0.00500761222880275,0.00500761222880275,2.50761802340548e-05,0.660503695093321,1.16570397594023,1,1.48373936655656,-0.0162606334434425,0.0162606334434425,0.0162606334434425,0.000264408199982002,1.43900480659466,1.55434426551717,1,1.76575684573488,-0.0342431542651167,0.0342431542651167,0.0342431542651167,0.00117259361402458,1.70197923178991,1.84126839789832,1
46,"n1400-b1_1-b2_2p5-b3_2p5",1400,9,459,1,1,0,0.9162907,0.9162907,1.5,1.8,1,1.3,0.0878571428571429,466,223,481,230,FALSE,NA,TRUE,NA,-0.0283630053586582,-0.0283630053586582,0.0283630053586582,0.0283630053586582,0.000804460072975276,-0.23903585289038,0.183899006576941,1,1.00241753259455,0.0861268325945526,0.0861268325945526,0.0861268325945526,0.00741783129277008,0.821251526339012,1.18824735932526,1,0.980941482054169,0.0646507820541685,0.0646507820541685,0.0646507820541685,0.0041797236202156,0.73010109210717,1.23310312092039,1,1.49921166931746,-0.000788330682541583,0.000788330682541583,0.000788330682541583,6.21465265036477e-07,1.49017331567467,1.51388635719065,1,1.79424327768876,-0.00575672231123958,0.00575672231123958,0.00575672231123958,3.31398517687236e-05,1.78086894976855,1.81284976549991,1
46,"n1400-b1_1-b2_2p5-b3_2p5",1400,10,460,1,1,0,0.9162907,0.9162907,1.5,1.8,1,1.3,0.109285714285714,456,240,493,211,FALSE,NA,TRUE,NA,-0.0211618564826857,-0.0211618564826857,0.0211618564826857,0.0211618564826857,0.000447824169793788,-0.239125698172419,0.19350098783767,1,0.926887417096843,0.0105967170968431,0.0105967170968431,0.0105967170968431,0.000112290413230526,0.739313752913011,1.118244375556,1,0.993048324031785,0.076757624031785,0.076757624031785,0.076757624031785,0.00589173284700486,0.735276117985741,1.25123913877975,1,1.52090963489222,0.0209096348922195,0.0209096348922195,0.0209096348922195,0.000437212831325924,1.49069782792117,1.58758297661761,1,1.82012734169839,0.0201273416983923,0.0201273416983923,0.0201273416983923,0.00040510988384384,1.78692323366744,1.8718770075306,1
47,"n1400-b1_1-b2_2p5-b3_2p5",1400,1,461,1,1,0,0.9162907,0.9162907,1.5,1.8,1,1.3,0.0842857142857143,490,219,455,236,FALSE,NA,TRUE,NA,-0.0250683129870743,-0.0250683129870743,0.0250683129870743,0.0250683129870743,0.000628420316017916,-0.238048318946925,0.186824729225507,1,0.906285628546551,-0.0100050714534493,0.0100050714534493,0.0100050714534493,0.000100101454788626,0.730690440461352,1.08832793906237,1,0.930870633823013,0.0145799338230129,0.0145799338230129,0.0145799338230129,0.000212574470283436,0.678930160600888,1.18590879698269,1,1.45436294104357,-0.0456370589564274,0.0456370589564274,0.0456370589564274,0.00208274115019243,1.38680478554004,1.54813035738727,1,1.68031113200245,-0.119688867997554,0.119688867997554,0.119688867997554,0.0143254251225358,1.54811694094872,1.85954105118023,1
47,"n1400-b1_1-b2_2p5-b3_2p5",1400,2,462,1,1,0,0.9162907,0.9162907,1.5,1.8,1,1.3,0.095,471,254,478,197,FALSE,NA,TRUE,NA,0.00681377390221733,0.00681377390221733,0.00681377390221733,0.00681377390221733,4.6427514790538e-05,-0.209539091022914,0.22746125736915,1,1.00997868300367,0.0936879830036659,0.0936879830036659,0.0936879830036659,0.00877743815929519,0.820207274136592,1.20469438496615,1,0.862787693419882,-0.0535030065801181,0.0535030065801181,0.0535030065801181,0.00286257171311216,0.606985283992922,1.12032682207901,1,1.47412843309553,-0.0258715669044689,0.0258715669044689,0.0258715669044689,0.000669337974092411,1.42226702778789,1.53218162708134,1,1.78914782670005,-0.0108521732999469,0.0108521732999469,0.0108521732999469,0.000117769665332081,1.74376000433269,1.85420696792659,1
47,"n1400-b1_1-b2_2p5-b3_2p5",1400,3,463,1,1,0,0.9162907,0.9162907,1.5,1.8,1,1.3,0.0835714285714285,494,214,450,242,FALSE,NA,TRUE,NA,-0.00118001420583476,-0.00118001420583476,0.00118001420583476,0.00118001420583476,1.39243352597185e-06,-0.208246809639456,0.206569755291672,1,0.866395976512304,-0.0498947234876963,0.0498947234876963,0.0498947234876963,0.00248948343191367,0.691819534561058,1.04381297009932,1,0.977632392275275,0.0613416922752745,0.0613416922752745,0.0613416922752745,0.00376280321119447,0.729034911305469,1.22365082288131,1,1.4970425692457,-0.00295743075429677,0.00295743075429677,0.00295743075429677,8.74639666646039e-06,1.44390868244866,1.54285956151806,1,1.74861608622964,-0.0513839137703602,0.0513839137703602,0.0513839137703602,0.00264030659435982,1.69985440136063,1.82140200025035,1
47,"n1400-b1_1-b2_2p5-b3_2p5",1400,4,464,1,1,0,0.9162907,0.9162907,1.5,1.8,1,1.3,0.118571428571429,448,240,470,242,FALSE,NA,TRUE,NA,0.0519013149087039,0.0519013149087039,0.0519013149087039,0.0519013149087039,0.00269374648925245,-0.158493426992797,0.263468000071438,1,1.00301391137216,0.0867232113721637,0.0867232113721637,0.0867232113721637,0.00752091539070098,0.819455930024779,1.18689589711278,1,0.8454253480043,-0.0708653519956998,0.0708653519956998,0.0708653519956998,0.00502189811347443,0.594967782122812,1.09826898978477,1,1.50591481631006,0.00591481631006219,0.00591481631006219,0.00591481631006219,3.49850519817777e-05,1.4434577763765,1.56599623003589,1,1.80932304441725,0.00932304441725385,0.00932304441725385,0.00932304441725385,8.69191572060881e-05,1.77316174219395,1.85372159093744,1
47,"n1400-b1_1-b2_2p5-b3_2p5",1400,5,465,1,1,0,0.9162907,0.9162907,1.5,1.8,1,1.3,0.107857142857143,472,248,436,244,FALSE,NA,TRUE,NA,-0.00201106366367255,-0.00201106366367255,0.00201106366367255,0.00201106366367255,4.04437705934407e-06,-0.206189143529986,0.202076646447907,1,0.926217296398388,0.00992659639838767,0.00992659639838767,0.00992659639838767,9.8537316056483e-05,0.748120075905988,1.10678881812797,1,0.85086650726724,-0.0654241927327602,0.0654241927327602,0.0654241927327602,0.00428032499473336,0.606218946891053,1.09952851750372,1,1.49704724257569,-0.0029527574243069,0.0029527574243069,0.0029527574243069,8.71877640679949e-06,1.47800497593057,1.52726897319578,1,1.8042504105819,0.00425041058190145,0.00425041058190145,0.00425041058190145,1.80659901147399e-05,1.78008863584591,1.83895899874202,1
47,"n1400-b1_1-b2_2p5-b3_2p5",1400,6,466,1,1,0,0.9162907,0.9162907,1.5,1.8,1,1.3,0.107857142857143,430,248,459,263,FALSE,NA,TRUE,NA,-0.128630693505751,-0.128630693505751,0.128630693505751,0.128630693505751,0.0165458553117704,-0.336081970561525,0.0761453280484361,1,0.865132956039569,-0.0511577439604308,0.0511577439604308,0.0511577439604308,0.002617114767121,0.686982429976418,1.0433747237777,1,0.987863233956405,0.0715725339564051,0.0715725339564051,0.0715725339564051,0.00512262761694076,0.738482140851826,1.23476012206352,1,1.35816867367323,-0.141831326326766,0.141831326326766,0.141831326326766,0.0201161251276095,1.28693189252425,1.50663720943248,1,1.73196471806687,-0.0680352819331262,0.0680352819331262,0.0680352819331262,0.00462879958771997,1.62172425031954,1.83667074046161,1
47,"n1400-b1_1-b2_2p5-b3_2p5",1400,7,467,1,1,0,0.9162907,0.9162907,1.5,1.8,1,1.3,0.103571428571429,452,259,472,217,FALSE,NA,TRUE,NA,0.0878213533789948,0.0878213533789948,0.0878213533789948,0.0878213533789948,0.00771259010931827,-0.121784908218387,0.292320032766306,1,0.999929323260689,0.0836386232606886,0.0836386232606886,0.0836386232606886,0.0069954193009434,0.815499769052029,1.18954834241837,1,0.817409520322323,-0.0988811796776771,0.0988811796776771,0.0988811796776771,0.00977748769444906,0.571262259100483,1.0660103634735,1,1.5282312653604,0.0282312653603995,0.0282312653603995,0.0282312653603995,0.000797004343849295,1.45662920022071,1.60009504012417,1,1.75129900658078,-0.0487009934192162,0.0487009934192162,0.0487009934192162,0.00237178676001854,1.71458568198582,1.82774568787234,1
47,"n1400-b1_1-b2_2p5-b3_2p5",1400,8,468,1,1,0,0.9162907,0.9162907,1.5,1.8,1,1.3,0.114285714285714,454,230,476,240,FALSE,NA,TRUE,NA,-0.0644857352562097,-0.0644857352562097,0.0644857352562097,0.0644857352562097,0.00415841005153397,-0.279167663747271,0.148267527197799,1,0.84425975874014,-0.0720309412598599,0.0720309412598599,0.0720309412598599,0.00518845649878138,0.667669569532609,1.02335526291563,1,1.13346004867193,0.217169348671932,0.217169348671932,0.217169348671932,0.047162526002591,0.881046680729042,1.39062723131232,1,1.56263150123937,0.062631501239373,0.062631501239373,0.062631501239373,0.00392270494749758,1.50013949642864,1.66934436946431,0,1.84590576447802,0.0459057644780241,0.0459057644780241,0.0459057644780241,0.00210733921231182,1.79892885703411,1.90494115482444,1
47,"n1400-b1_1-b2_2p5-b3_2p5",1400,9,469,1,1,0,0.9162907,0.9162907,1.5,1.8,1,1.3,0.112142857142857,486,230,435,249,FALSE,NA,TRUE,NA,0.132390849983791,0.132390849983791,0.132390849983791,0.132390849983791,0.0175273371594307,-0.0819076042048423,0.342396861508158,1,0.966548307705139,0.0502576077051389,0.0502576077051389,0.0502576077051389,0.00252582713224363,0.785062084740273,1.14920315964447,1,0.881807068700018,-0.0344836312999819,0.0344836312999819,0.0344836312999819,0.00118912082763309,0.629860816070178,1.13475382536469,1,1.49515570667835,-0.00484429332164571,0.00484429332164571,0.00484429332164571,2.34671777861412e-05,1.48155582948059,1.52211776097427,1,1.79410140494562,-0.00589859505437906,0.00589859505437906,0.00589859505437906,3.47934236155451e-05,1.77027793948809,1.81540738907535,1
47,"n1400-b1_1-b2_2p5-b3_2p5",1400,10,470,1,1,0,0.9162907,0.9162907,1.5,1.8,1,1.3,0.0957142857142858,488,212,475,225,FALSE,NA,TRUE,NA,0.0425124088249259,0.0425124088249259,0.0425124088249259,0.0425124088249259,0.00180730490409763,-0.175649884188923,0.259479236821659,1,0.985568662721515,0.0692779627215145,0.0692779627215145,0.0692779627215145,0.00479943611884356,0.80406604798497,1.16796861206335,1,0.811554821841536,-0.104735878158464,0.104735878158464,0.104735878158464,0.0109696041736246,0.56232706619077,1.07068183483473,1,1.52433216122572,0.0243321612257239,0.0243321612257239,0.0243321612257239,0.000592054069914622,1.48154899112338,1.66212868219047,1,1.81293354187565,0.012933541875646,0.012933541875646,0.012933541875646,0.000167276505449088,1.75891622004948,1.89472410840083,1
48,"n1400-b1_1-b2_2p5-b3_2p5",1400,1,471,1,1,0,0.9162907,0.9162907,1.5,1.8,1,1.3,0.0942857142857143,481,225,446,248,FALSE,NA,TRUE,NA,0.00896612877853148,0.00896612877853148,0.00896612877853148,0.00896612877853148,8.03914652732104e-05,-0.198486084356961,0.215248744939527,1,0.871302917736334,-0.0449877822636665,0.0449877822636665,0.0449877822636665,0.00202390055300307,0.695192704385334,1.04920660449211,1,0.892155711233243,-0.0241349887667567,0.0241349887667567,0.0241349887667567,0.000582497682771471,0.643644238134003,1.13932804169801,1,1.39661935676531,-0.103380643234693,0.103380643234693,0.103380643234693,0.0106875573956188,1.33946655723014,1.50174239285697,1,1.74619418078354,-0.0538058192164581,0.0538058192164581,0.0538058192164581,0.00289506618155417,1.68473918584046,1.84592311879598,1
48,"n1400-b1_1-b2_2p5-b3_2p5",1400,2,472,1,1,0,0.9162907,0.9162907,1.5,1.8,1,1.3,0.102857142857143,456,229,463,252,FALSE,NA,TRUE,NA,0.127951992101577,0.127951992101577,0.127951992101577,0.127951992101577,0.0163717122827621,-0.0816831890387817,0.337542374405592,1,0.999296026397342,0.0830053263973416,0.0830053263973416,0.0830053263973416,0.00688988421032921,0.824225116034835,1.18074756837127,1,0.826163686449576,-0.0901270135504244,0.0901270135504244,0.0901270135504244,0.00812287857151838,0.575235949895454,1.07748880299267,1,1.51324173913989,0.0132417391398947,0.0132417391398947,0.0132417391398947,0.000175343655449019,1.49727936922046,1.53711731741621,1,1.80450740503619,0.00450740503618952,0.00450740503618952,0.00450740503618952,2.03167001602666e-05,1.77289974472195,1.84004325399325,1
48,"n1400-b1_1-b2_2p5-b3_2p5",1400,3,473,1,1,0,0.9162907,0.9162907,1.5,1.8,1,1.3,0.0942857142857143,485,226,469,220,FALSE,NA,TRUE,NA,0.0474685863442179,0.0474685863442179,0.0474685863442179,0.0474685863442179,0.00225326668951847,-0.162000866958191,0.256525039874137,1,0.9080295890293,-0.0082611109706997,0.0082611109706997,0.0082611109706997,6.8245954470215e-05,0.725796224039175,1.09499556956183,1,0.878533827619696,-0.037756872380304,0.037756872380304,0.037756872380304,0.00142558141194256,0.627611165993848,1.13062254883094,1,1.55835599024279,0.0583559902427881,0.0583559902427881,0.0583559902427881,0.00340542159721639,1.49558185931761,1.6807257539619,1,1.79617854315975,-0.00382145684024859,0.00382145684024859,0.00382145684024859,1.46035323818828e-05,1.65612228085337,1.86762367110629,1
48,"n1400-b1_1-b2_2p5-b3_2p5",1400,4,474,1,1,0,0.9162907,0.9162907,1.5,1.8,1,1.3,0.0957142857142858,481,213,471,235,FALSE,NA,TRUE,NA,-0.232250700706837,-0.232250700706837,0.232250700706837,0.232250700706837,0.0539403879788169,-0.44845335399081,-0.0181998619397733,0,0.804418089177263,-0.111872610822737,0.111872610822737,0.111872610822737,0.0125154810522957,0.624710403276324,0.984683221524317,1,1.15633276647691,0.240042066476914,0.240042066476914,0.240042066476914,0.057620193678507,0.90095901067813,1.41072542497068,1,1.50346632276735,0.00346632276735304,0.00346632276735304,0.00346632276735304,1.201539352747e-05,1.47340351217189,1.5759449297266,1,1.78474847554159,-0.0152515244584066,0.0152515244584066,0.0152515244584066,0.000232608998305375,1.63057549709478,1.83319222824464,1
48,"n1400-b1_1-b2_2p5-b3_2p5",1400,5,475,1,1,0,0.9162907,0.9162907,1.5,1.8,1,1.3,0.0892857142857143,496,243,454,207,FALSE,NA,TRUE,NA,-0.0047073380143007,-0.0047073380143007,0.0047073380143007,0.0047073380143007,2.21590311808805e-05,-0.213746174547726,0.20539062344699,1,0.756596167842383,-0.159694532157617,0.159694532157617,0.159694532157617,0.0255023436010401,0.574069687466776,0.946480057320539,1,0.913856586082372,-0.0024341139176276,0.0024341139176276,0.0024341139176276,5.92491056398839e-06,0.667212811445705,1.16114906471688,1,1.51452605720449,0.0145260572044918,0.0145260572044918,0.0145260572044918,0.00021100633790817,1.49020397649338,1.55202703459133,1,1.83943361819041,0.0394336181904107,0.0394336181904107,0.0394336181904107,0.00155501024358709,1.78927877590284,1.90570348797639,1
48,"n1400-b1_1-b2_2p5-b3_2p5",1400,6,476,1,1,0,0.9162907,0.9162907,1.5,1.8,1,1.3,0.100714285714286,468,220,454,258,FALSE,NA,TRUE,NA,-0.0875474919568813,-0.0875474919568813,0.0875474919568813,0.0875474919568813,0.0076645633479402,-0.29778873714519,0.123691816926464,1,0.799351294055031,-0.116939405944969,0.116939405944969,0.116939405944969,0.0136748246627622,0.627201243191164,0.973050010492071,1,1.10796241327762,0.191671713277617,0.191671713277617,0.191671713277617,0.036738045670777,0.854400918421173,1.36193385119073,1,1.40166570748497,-0.0983342925150319,0.0983342925150319,0.0983342925150319,0.00966963308443186,1.3559509725596,1.47774099746312,0,1.76748618540247,-0.032513814597527,0.032513814597527,0.032513814597527,0.00105714813968236,1.71780100554841,1.84632619905503,1
48,"n1400-b1_1-b2_2p5-b3_2p5",1400,7,477,1,1,0,0.9162907,0.9162907,1.5,1.8,1,1.3,0.0992857142857143,456,235,482,227,FALSE,NA,TRUE,NA,0.00148601128083202,0.00148601128083202,0.00148601128083202,0.00148601128083202,2.20822952676001e-06,-0.20998948698754,0.211373792891093,1,0.933210209500738,0.0169195095007378,0.0169195095007378,0.0169195095007378,0.000286269801745558,0.753352887452568,1.11469049186765,1,0.974684178842693,0.0583934788426934,0.0583934788426934,0.0583934788426934,0.00340979837135208,0.723665987999911,1.22735869129533,1,1.51356768094872,0.0135676809487211,0.0135676809487211,0.0135676809487211,0.000184081966326289,1.47917947902606,1.56304898188118,1,1.78462236762959,-0.0153776323704098,0.0153776323704098,0.0153776323704098,0.000236471577319475,1.73096998600945,1.84833883315998,1
48,"n1400-b1_1-b2_2p5-b3_2p5",1400,8,478,1,1,0,0.9162907,0.9162907,1.5,1.8,1,1.3,0.0985714285714285,479,231,473,217,FALSE,NA,TRUE,NA,0.0342101418987253,0.0342101418987253,0.0342101418987253,0.0342101418987253,0.00117033380873092,-0.177890439630951,0.245031599404388,1,0.948822319169686,0.0325316191696857,0.0325316191696857,0.0325316191696857,0.00105830624580146,0.763057478610704,1.13617378634739,1,0.956124228479207,0.039833528479207,0.039833528479207,0.039833528479207,0.00158670999110379,0.702897895237745,1.20862494977694,1,1.48668385326883,-0.0133161467311658,0.0133161467311658,0.0133161467311658,0.000177319763765937,1.47253203091293,1.51927395165435,1,1.82284150683415,0.0228415068341457,0.0228415068341457,0.0228415068341457,0.000521734434454323,1.79656086822919,1.85352735838875,1
48,"n1400-b1_1-b2_2p5-b3_2p5",1400,9,479,1,1,0,0.9162907,0.9162907,1.5,1.8,1,1.3,0.102142857142857,452,239,488,221,FALSE,NA,TRUE,NA,-0.101483760414362,-0.101483760414362,0.101483760414362,0.101483760414362,0.0102989536278396,-0.315664475103483,0.113402577378783,1,0.84131660483583,-0.0749740951641704,0.0749740951641704,0.0749740951641704,0.00562111494568608,0.663033353849215,1.02312099260784,1,1.09859324232706,0.182302542327065,0.182302542327065,0.182302542327065,0.0332342169389112,0.846070143894059,1.34723130199368,1,1.51059551523013,0.0105955152301285,0.0105955152301285,0.0105955152301285,0.000112264942991884,1.46235070067499,1.5578186709303,1,1.77681022997484,-0.0231897700251578,0.0231897700251578,0.0231897700251578,0.000537765433819705,1.73306982412952,1.85649977300493,1
48,"n1400-b1_1-b2_2p5-b3_2p5",1400,10,480,1,1,0,0.9162907,0.9162907,1.5,1.8,1,1.3,0.107142857142857,508,249,426,217,FALSE,NA,TRUE,NA,-0.161200747932905,-0.161200747932905,0.161200747932905,0.161200747932905,0.0259856811341281,-0.370131728832535,0.0489601744460696,1,0.715059907868977,-0.201230792131023,0.201230792131023,0.201230792131023,0.040493831701679,0.532769588198717,0.903040696112889,0,1.13986743548379,0.223576735483792,0.223576735483792,0.223576735483792,0.0499865566495895,0.886114673109227,1.38859000624219,1,1.50812099719458,0.00812099719458215,0.00812099719458215,0.00812099719458215,6.59505954344111e-05,1.36394143924711,1.56585879999695,1,1.82764144489547,0.0276414448954685,0.0276414448954685,0.0276414448954685,0.000764049475909221,1.74911876997125,1.92100403625582,1
49,"n1400-b1_1-b2_2p5-b3_2p5",1400,1,481,1,1,0,0.9162907,0.9162907,1.5,1.8,1,1.3,0.0992857142857143,470,227,469,234,FALSE,NA,TRUE,NA,-0.326068728960847,-0.326068728960847,0.326068728960847,0.326068728960847,0.106320816006143,-0.540592004360932,-0.109092650953274,0,0.830339561620896,-0.0859511383791038,0.0859511383791038,0.0859511383791038,0.00738759818866386,0.655454070341489,1.01095846945994,1,1.08240138544093,0.166110685440925,0.166110685440925,0.166110685440925,0.027592759817654,0.827804483334108,1.33690399215821,1,1.47835705920474,-0.021642940795263,0.021642940795263,0.021642940795263,0.000468416886267258,1.42272491527078,1.51937012404035,1,1.78453174818863,-0.0154682518113658,0.0154682518113658,0.0154682518113658,0.000239266814099821,1.67221440140635,1.84555764206534,1
49,"n1400-b1_1-b2_2p5-b3_2p5",1400,2,482,1,1,0,0.9162907,0.9162907,1.5,1.8,1,1.3,0.105714285714286,469,235,445,251,FALSE,NA,TRUE,NA,0.285787174785626,0.285787174785626,0.285787174785626,0.285787174785626,0.08167430927195,0.0761192720328411,0.492810858469575,0,1.16292007200346,0.246629372003458,0.246629372003458,0.246629372003458,0.0608260471348203,0.979227182907676,1.35222735648949,0,0.724157951210072,-0.192132748789928,0.192132748789928,0.192132748789928,0.0369149931575738,0.471235204573042,0.974265460786438,1,1.50268303509433,0.00268303509432721,0.00268303509432721,0.00268303509432721,7.19867731739144e-06,1.45432880617507,1.56811710964014,1,1.79445790658647,-0.00554209341352663,0.00554209341352663,0.00554209341352663,3.07147994042552e-05,1.73464677492166,1.85953754817221,1
49,"n1400-b1_1-b2_2p5-b3_2p5",1400,3,483,1,1,0,0.9162907,0.9162907,1.5,1.8,1,1.3,0.101428571428571,460,230,451,259,FALSE,NA,TRUE,NA,0.0119771620503514,0.0119771620503514,0.0119771620503514,0.0119771620503514,0.000143452410780377,-0.189881303380227,0.214877283423832,1,1.01095659934718,0.0946658993471845,0.0946658993471845,0.0946658993471845,0.00896163249921127,0.836624897355611,1.18758512100568,1,0.963284098341132,0.0469933983411321,0.0469933983411321,0.0469933983411321,0.00220837948764832,0.716041043916782,1.20818706444517,1,1.53071745896116,0.0307174589611581,0.0307174589611581,0.0307174589611581,0.00094356228503043,1.50010726875167,1.56683624893696,0,1.85518377538207,0.0551837753820665,0.0551837753820665,0.0551837753820665,0.00304524906541837,1.81436002551474,1.88423036108944,0
49,"n1400-b1_1-b2_2p5-b3_2p5",1400,4,484,1,1,0,0.9162907,0.9162907,1.5,1.8,1,1.3,0.106428571428571,503,250,436,211,FALSE,NA,TRUE,NA,-0.100912685716283,-0.100912685716283,0.100912685716283,0.100912685716283,0.0101833701384734,-0.316535136417531,0.116729425897104,1,0.812781780895602,-0.103508919104398,0.103508919104398,0.103508919104398,0.0107140963341607,0.624181820649727,1.00567419349579,1,1.1332128814142,0.2169221814142,0.2169221814142,0.2169221814142,0.047055232789495,0.866858307666988,1.38958584170956,1,1.48670893646794,-0.0132910635320584,0.0132910635320584,0.0132910635320584,0.000176652369813214,1.43146897902301,1.52125004829206,1,1.72426272888272,-0.0757372711172759,0.0757372711172759,0.0757372711172759,0.00573613423629175,1.68410291828777,1.76840402290013,0
49,"n1400-b1_1-b2_2p5-b3_2p5",1400,5,485,1,1,0,0.9162907,0.9162907,1.5,1.8,1,1.3,0.105714285714286,470,247,451,232,FALSE,NA,TRUE,NA,-0.106599221017499,-0.106599221017499,0.106599221017499,0.106599221017499,0.0113633939215376,-0.311803554547553,0.103329929259102,1,0.85256859341387,-0.0637221065861299,0.0637221065861299,0.0637221065861299,0.0040605068677741,0.676984423585598,1.03427245701319,1,0.962533145079602,0.0462424450796015,0.0462424450796015,0.0462424450796015,0.00213836372693996,0.714385187895052,1.20671355885346,1,1.50618228995836,0.00618228995835857,0.00618228995835857,0.00618228995835857,3.82207091292212e-05,1.47581744142796,1.5413908338737,1,1.80851795874417,0.0085179587441695,0.0085179587441695,0.0085179587441695,7.25556211673736e-05,1.76456336577123,1.84836880121946,1
49,"n1400-b1_1-b2_2p5-b3_2p5",1400,6,486,1,1,0,0.9162907,0.9162907,1.5,1.8,1,1.3,0.0985714285714285,471,233,480,216,FALSE,NA,TRUE,NA,-0.130196864160842,-0.130196864160842,0.130196864160842,0.130196864160842,0.0169512234373167,-0.342117115474308,0.0829814484094594,1,0.928552732482626,0.0122620324826256,0.0122620324826256,0.0122620324826256,0.000150357440604965,0.747871912433877,1.11326682856056,1,0.973409801824286,0.057119101824286,0.057119101824286,0.057119101824286,0.00326259179321316,0.720699658454313,1.22348759018478,1,1.49550551051873,-0.00449448948126618,0.00449448948126618,0.00449448948126618,2.02004356972124e-05,1.42272218819342,1.54981966587689,1,1.82655805613421,0.0265580561342083,0.0265580561342083,0.0265580561342083,0.000705330345627757,1.77821062522588,1.9474369757169,1
49,"n1400-b1_1-b2_2p5-b3_2p5",1400,7,487,1,1,0,0.9162907,0.9162907,1.5,1.8,1,1.3,0.0928571428571429,470,229,485,216,FALSE,NA,TRUE,NA,-0.0265278543867665,-0.0265278543867665,0.0265278543867665,0.0265278543867665,0.000703727058365484,-0.244800878440678,0.189368098791213,1,0.895952669199997,-0.0203380308000034,0.0203380308000034,0.0203380308000034,0.000413635496821887,0.716124937135812,1.08177932361291,1,0.904154840778985,-0.0121358592210155,0.0121358592210155,0.0121358592210155,0.000147279079032306,0.64618394580638,1.1587902085593,1,1.46411943912893,-0.0358805608710673,0.0358805608710673,0.0358805608710673,0.00128741464842236,1.43221776678974,1.54246209680026,1,1.72232523604771,-0.0776747639522872,0.0776747639522872,0.0776747639522872,0.00603336895504354,1.6332094390237,1.83717296052701,1
49,"n1400-b1_1-b2_2p5-b3_2p5",1400,8,488,1,1,0,0.9162907,0.9162907,1.5,1.8,1,1.3,0.1,458,246,472,224,FALSE,NA,TRUE,NA,0.0313042926021021,0.0313042926021021,0.0313042926021021,0.0313042926021021,0.000979958735318023,-0.178521359980094,0.240990871678875,1,0.963308960040305,0.0470182600403052,0.0470182600403052,0.0470182600403052,0.00221071677721776,0.778889658447271,1.14837005854635,1,0.948676144797463,0.0323854447974632,0.0323854447974632,0.0323854447974632,0.00104881703472954,0.699031889727189,1.20203892931926,1,1.52893143433494,0.0289314343349376,0.0289314343349376,0.0289314343349376,0.000837027892676807,1.4971815956369,1.58757988559843,1,1.82698187708963,0.0269818770896348,0.0269818770896348,0.0269818770896348,0.000728021691280162,1.78169523048393,1.91272297734452,1
49,"n1400-b1_1-b2_2p5-b3_2p5",1400,9,489,1,1,0,0.9162907,0.9162907,1.5,1.8,1,1.3,0.0971428571428572,474,224,463,239,FALSE,NA,TRUE,NA,-0.0116606854256751,-0.0116606854256751,0.0116606854256751,0.0116606854256751,0.000135971584596553,-0.22172908247239,0.198176409389865,1,0.910997272600973,-0.00529342739902738,0.00529342739902738,0.00529342739902738,2.80203736287738e-05,0.733603134003453,1.09091541941885,1,0.888119105553904,-0.0281715944460955,0.0281715944460955,0.0281715944460955,0.00079363873363528,0.634763187967791,1.13738098122097,1,1.49353304636857,-0.00646695363142946,0.00646695363142946,0.00646695363142946,4.18214892710587e-05,1.48333775534205,1.51521615701825,1,1.79867735533588,-0.00132264466412346,0.00132264466412346,0.00132264466412346,1.74938890753427e-06,1.78627125647746,1.82874621976145,1
49,"n1400-b1_1-b2_2p5-b3_2p5",1400,10,490,1,1,0,0.9162907,0.9162907,1.5,1.8,1,1.3,0.106428571428571,443,229,483,245,FALSE,NA,TRUE,NA,-0.191853360393041,-0.191853360393041,0.191853360393041,0.191853360393041,0.0368077118941022,-0.402180820622465,0.0172742751179627,1,0.90669024358278,-0.00960045641721952,0.00960045641721952,0.00960045641721952,9.21687634189314e-05,0.734200268658507,1.08672550491754,1,1.16534570928198,0.249055009281982,0.249055009281982,0.249055009281982,0.0620283976484482,0.915199680929116,1.41994423349936,1,1.53068955217418,0.0306895521741837,0.0306895521741837,0.0306895521741837,0.000941848612651942,1.49791840251324,1.56241148976659,1,1.80361168286041,0.00361168286041069,0.00361168286041069,0.00361168286041069,1.30442530841844e-05,1.77353114567902,1.85766381214712,1
50,"n1400-b1_1-b2_2p5-b3_2p5",1400,1,491,1,1,0,0.9162907,0.9162907,1.5,1.8,1,1.3,0.112142857142857,476,251,439,234,FALSE,NA,TRUE,NA,0.151126753046651,0.151126753046651,0.151126753046651,0.151126753046651,0.0228392954864233,-0.0573834307111146,0.35826285079348,1,0.955554950796792,0.0392642507967919,0.0392642507967919,0.0392642507967919,0.00154168139063337,0.770007256801047,1.1421406981537,1,0.673622862093026,-0.242667837906974,0.242667837906974,0.242667837906974,0.0588876795544452,0.426056570515107,0.924788200940845,1,1.50527812000141,0.00527812000141092,0.00527812000141092,0.00527812000141092,2.78585507492941e-05,1.42564552726268,1.5956840665541,1,1.7650236129113,-0.0349763870887045,0.0349763870887045,0.0349763870887045,0.0012233476537789,1.67985882169713,1.85540659556448,1
50,"n1400-b1_1-b2_2p5-b3_2p5",1400,2,492,1,1,0,0.9162907,0.9162907,1.5,1.8,1,1.3,0.113571428571429,484,200,460,256,FALSE,NA,TRUE,NA,0.0800837663139882,0.0800837663139882,0.0800837663139882,0.0800837663139882,0.00641340962703347,-0.137182295524927,0.294723782007315,1,0.931659571169599,0.0153688711695994,0.0153688711695994,0.0153688711695994,0.000236202201027744,0.755405728917772,1.1111180087177,1,0.78637611972879,-0.12991458027121,0.12991458027121,0.12991458027121,0.0168777981670446,0.532520110568402,1.04043437775741,1,1.49889640402966,-0.00110359597034493,0.00110359597034493,0.00110359597034493,1.21792406576156e-06,1.47626261075443,1.55232463875666,1,1.7925420173892,-0.00745798261079966,0.00745798261079966,0.00745798261079966,5.56215046229902e-05,1.74544394469876,1.85111240782109,1
50,"n1400-b1_1-b2_2p5-b3_2p5",1400,3,493,1,1,0,0.9162907,0.9162907,1.5,1.8,1,1.3,0.102857142857143,429,243,483,245,FALSE,NA,TRUE,NA,0.0443296713730834,0.0443296713730834,0.0443296713730834,0.0443296713730834,0.00196511976404557,-0.159712430058342,0.251113774417807,1,0.922873058243219,0.00658235824321851,0.00658235824321851,0.00658235824321851,4.33274400420667e-05,0.745700162433021,1.10093543522912,1,0.82695449200692,-0.0893362079930803,0.0893362079930803,0.0893362079930803,0.0079809580585829,0.579673323093582,1.0712496447874,1,1.44538151396362,-0.0546184860363785,0.0546184860363785,0.0546184860363785,0.00298317901690608,1.35506535622681,1.52490649985004,1,1.71437195746574,-0.0856280425342573,0.0856280425342573,0.0856280425342573,0.00733216166824857,1.63349650991197,1.81987838827003,1
50,"n1400-b1_1-b2_2p5-b3_2p5",1400,4,494,1,1,0,0.9162907,0.9162907,1.5,1.8,1,1.3,0.0914285714285714,464,237,447,252,FALSE,NA,TRUE,NA,0.233500767425932,0.233500767425932,0.233500767425932,0.233500767425932,0.0545226083884993,0.0306239650727268,0.431884385384359,0,1.00637951720939,0.0900888172093914,0.0900888172093914,0.0900888172093914,0.00811599498618714,0.830458753336698,1.18559904615972,1,0.645352213220984,-0.270938486779016,0.270938486779016,0.270938486779016,0.0734076636181028,0.403912435417588,0.891564075004404,0,1.4926109268334,-0.00738907316660153,0.00738907316660153,0.00738907316660153,5.45984022613908e-05,1.44477375721043,1.57483156903229,1,1.75301284213075,-0.0469871578692476,0.0469871578692476,0.0469871578692476,0.00220779300462959,1.69488823336002,1.84052306624061,1
50,"n1400-b1_1-b2_2p5-b3_2p5",1400,5,495,1,1,0,0.9162907,0.9162907,1.5,1.8,1,1.3,0.1,492,182,469,257,FALSE,NA,TRUE,NA,0.139291904288908,0.139291904288908,0.139291904288908,0.139291904288908,0.0194022346004304,-0.0791683939931689,0.350707453038443,1,0.931104472395103,0.0148137723951031,0.0148137723951031,0.0148137723951031,0.000219447852573918,0.755777684299971,1.1052457184594,1,0.72628810156624,-0.19000259843376,0.19000259843376,0.19000259843376,0.0361009874115805,0.469511014799022,0.984154772766859,1,1.59309840825909,0.0930984082590862,0.0930984082590862,0.0930984082590862,0.00866731362037549,1.52666494908384,1.66070181264245,0,1.87327205496216,0.0732720549621584,0.0732720549621584,0.0732720549621584,0.00536879403837756,1.77842649625254,1.92434880364808,1
50,"n1400-b1_1-b2_2p5-b3_2p5",1400,6,496,1,1,0,0.9162907,0.9162907,1.5,1.8,1,1.3,0.105714285714286,440,268,451,241,FALSE,NA,TRUE,NA,-0.107277156116381,-0.107277156116381,0.107277156116381,0.107277156116381,0.0115083882244184,-0.307449091256712,0.0941986512766676,1,0.81396343360807,-0.10232726639193,0.10232726639193,0.10232726639193,0.0104708694472449,0.641471984429188,0.992498924883845,1,0.980268881886242,0.0639781818862423,0.0639781818862423,0.0639781818862423,0.0040932077574691,0.7349584263838,1.22837759908966,1,1.49609433598294,-0.00390566401706272,0.00390566401706272,0.00390566401706272,1.52542114141785e-05,1.4541866101413,1.55614204472318,1,1.79343234472161,-0.00656765527839465,0.00656765527839465,0.00656765527839465,4.31340958558251e-05,1.74607379504882,1.87489508278033,1
50,"n1400-b1_1-b2_2p5-b3_2p5",1400,7,497,1,1,0,0.9162907,0.9162907,1.5,1.8,1,1.3,0.0807142857142857,471,215,469,245,FALSE,NA,TRUE,NA,-0.106480818064188,-0.106480818064188,0.106480818064188,0.106480818064188,0.0113381646156186,-0.312534314517013,0.102711371588983,1,0.843371109706344,-0.0729195902936557,0.0729195902936557,0.0729195902936557,0.00531726664859461,0.670643739587674,1.01568919357688,1,0.993438570557222,0.0771478705572222,0.0771478705572222,0.0771478705572222,0.00595179393151391,0.745444725003711,1.24075254865435,1,1.46538085070712,-0.0346191492928829,0.0346191492928829,0.0346191492928829,0.00119848549776291,1.40590637724156,1.5382539933926,1,1.68360927831156,-0.116390721688445,0.116390721688445,0.116390721688445,0.013546800095157,1.6422922470003,1.7544638577911,0
50,"n1400-b1_1-b2_2p5-b3_2p5",1400,8,498,1,1,0,0.9162907,0.9162907,1.5,1.8,1,1.3,0.118571428571429,444,231,472,253,FALSE,NA,TRUE,NA,0.0226731045556706,0.0226731045556706,0.0226731045556706,0.0226731045556706,0.000514069670192369,-0.183872232273869,0.233596973804481,1,0.922149491399509,0.00585879139950851,0.00585879139950851,0.00585879139950851,3.43254366629549e-05,0.747966093246771,1.10158635752302,1,0.957130676300796,0.0408399763007962,0.0408399763007962,0.0408399763007962,0.00166790366424959,0.703689925955938,1.20848312739715,1,1.50523949032869,0.00523949032868587,0.00523949032868587,0.00523949032868587,2.74522589043928e-05,1.49004890055563,1.54645614823413,1,1.79998631525791,-1.36847420939556e-05,1.36847420939556e-05,1.36847420939556e-05,1.87272166178082e-10,1.76858830425325,1.85479139141257,1
50,"n1400-b1_1-b2_2p5-b3_2p5",1400,9,499,1,1,0,0.9162907,0.9162907,1.5,1.8,1,1.3,0.0964285714285714,458,218,462,262,FALSE,NA,TRUE,NA,-0.00601778269981352,-0.00601778269981352,0.00601778269981352,0.00601778269981352,3.62137086221749e-05,-0.215195066612018,0.201901075290944,1,0.838601048775892,-0.0776896512241078,0.0776896512241078,0.0776896512241078,0.00603568190732351,0.668120381343233,1.0108002975893,1,0.939004174027698,0.0227134740276976,0.0227134740276976,0.0227134740276976,0.000515901902406895,0.689595403653004,1.19171889957815,1,1.46659176966346,-0.0334082303365388,0.0334082303365388,0.0334082303365388,0.00111610985421923,1.39793469886385,1.55036039021076,1,1.79091515711348,-0.009084842886522,0.009084842886522,0.009084842886522,8.25343702727895e-05,1.75966636209847,1.84813680943515,1
50,"n1400-b1_1-b2_2p5-b3_2p5",1400,10,500,1,1,0,0.9162907,0.9162907,1.5,1.8,1,1.3,0.0957142857142858,479,233,453,235,FALSE,NA,TRUE,NA,0.109591212674458,0.109591212674458,0.109591212674458,0.109591212674458,0.0120102338954582,-0.0969925816996933,0.318552347095458,1,0.877437000975143,-0.0388536990248571,0.0388536990248571,0.0388536990248571,0.00150960992791418,0.698204627317214,1.05733053529943,1,0.731050964536806,-0.185239735463194,0.185239735463194,0.185239735463194,0.0343137595944743,0.483167320494384,0.979303643287047,1,1.48868167225887,-0.0113183277411271,0.0113183277411271,0.0113183277411271,0.000128104542855566,1.4533610418418,1.51660853874153,1,1.78572260443113,-0.0142773955688704,0.0142773955688704,0.0142773955688704,0.000203844024230001,1.75400020489873,1.8487739499692,1
