"replicate_index","scenario_label","data_n","data_set_index","global_data_set_index","data_set_attempt","start_index","true_beta_1","true_beta_2","true_beta_3","true_gamma_1","true_gamma_2","gamma_start_1","gamma_start_2","censoring_proportion","treated_above","treated_below","control_above","control_below","skipped","skip_reason","converged","error","beta_1_value","beta_1_bias","beta_1_absolute_bias","beta_1_rmse","beta_1_squared_bias","beta_1_interval_lower","beta_1_interval_upper","beta_1_covered","beta_2_value","beta_2_bias","beta_2_absolute_bias","beta_2_rmse","beta_2_squared_bias","beta_2_interval_lower","beta_2_interval_upper","beta_2_covered","beta_3_value","beta_3_bias","beta_3_absolute_bias","beta_3_rmse","beta_3_squared_bias","beta_3_interval_lower","beta_3_interval_upper","beta_3_covered","gamma_1_value","gamma_1_bias","gamma_1_absolute_bias","gamma_1_rmse","gamma_1_squared_bias","gamma_1_interval_lower","gamma_1_interval_upper","gamma_1_covered","gamma_2_value","gamma_2_bias","gamma_2_absolute_bias","gamma_2_rmse","gamma_2_squared_bias","gamma_2_interval_lower","gamma_2_interval_upper","gamma_2_covered"
1,"n600-b1_2-b2_2p5-b3_2p5",600,1,1,1,1,0.6931472,0.9162907,0.9162907,1.5,1.8,1,1.3,0.0916666666666667,176,99,215,110,FALSE,NA,TRUE,NA,0.695214669078453,0.00206746907845268,0.00206746907845268,0.00206746907845268,4.27442839035796e-06,0.383584403162455,1.00171365043857,1,1.06285971916425,0.146569019164251,0.146569019164251,0.146569019164251,0.0214824773787705,0.793184249519173,1.34102204264913,1,1.13220029603944,0.215909596039437,0.215909596039437,0.215909596039437,0.046616953661913,0.747405478043862,1.51695480818549,1,1.47840054414886,-0.0215994558511396,0.0215994558511396,0.0215994558511396,0.000466536493065331,1.40206583165001,1.56463605246561,1,1.81341398431364,0.0134139843136423,0.0134139843136423,0.0134139843136423,0.000179934975166641,1.78179704306076,1.93122893691042,1
1,"n600-b1_2-b2_2p5-b3_2p5",600,2,2,1,1,0.6931472,0.9162907,0.9162907,1.5,1.8,1,1.3,0.0816666666666667,193,114,206,87,FALSE,NA,TRUE,NA,0.950996117842043,0.257848917842043,0.257848917842043,0.257848917842043,0.0664860644323125,0.616627668827365,1.29212254105822,1,1.26274593909244,0.346455239092438,0.346455239092438,0.346455239092438,0.120031232694598,0.952568187110465,1.58328111481141,0,0.380256540191135,-0.536034159808865,0.536034159808865,0.536034159808865,0.287332620481996,-0.0195755786188254,0.775521186984041,0,1.51429430497766,0.0142943049776594,0.0142943049776594,0.0142943049776594,0.000204327154794338,1.43243951344361,1.60594123554181,1,1.72606878175746,-0.0739312182425422,0.0739312182425422,0.0739312182425422,0.00546582503082641,1.67595245738979,1.8404945073608,1
1,"n600-b1_2-b2_2p5-b3_2p5",600,3,3,1,1,0.6931472,0.9162907,0.9162907,1.5,1.8,1,1.3,0.08,197,84,207,112,FALSE,NA,TRUE,NA,0.840378424463379,0.147231224463379,0.147231224463379,0.147231224463379,0.0216770334569858,0.518934897170466,1.17005738133932,1,1.10305376735822,0.186763067358217,0.186763067358217,0.186763067358217,0.0348804433290497,0.830677493052826,1.37926882914775,1,0.702129017845132,-0.214161682154868,0.214161682154868,0.214161682154868,0.0458652261034025,0.310505258031386,1.08726933378235,1,1.53715698369425,0.0371569836942467,0.0371569836942467,0.0371569836942467,0.00138064143725451,1.4327085546433,1.71006427146626,1,1.82246897228132,0.0224689722813223,0.0224689722813223,0.0224689722813223,0.000504854715378829,1.63105712507877,2.02184184879164,1
1,"n600-b1_2-b2_2p5-b3_2p5",600,4,4,1,1,0.6931472,0.9162907,0.9162907,1.5,1.8,1,1.3,0.1,192,92,211,105,FALSE,NA,TRUE,NA,0.994068743308715,0.300921543308715,0.300921543308715,0.300921543308715,0.0905537752272988,0.670877555940886,1.32479694693896,1,1.08025629652307,0.16396559652307,0.16396559652307,0.16396559652307,0.0268847168431662,0.795278964343296,1.37376906028205,1,0.591513759369861,-0.324776940630139,0.324776940630139,0.324776940630139,0.105480061165073,0.19911241089559,0.983336945603001,1,1.51651904972889,0.0165190497288923,0.0165190497288923,0.0165190497288923,0.000272879003945616,1.42353186157322,1.722871948797,1,1.82813783208968,0.0281378320896846,0.0281378320896846,0.0281378320896846,0.000791737594707283,1.69081094698337,2.06428872393631,1
1,"n600-b1_2-b2_2p5-b3_2p5",600,5,5,1,1,0.6931472,0.9162907,0.9162907,1.5,1.8,1,1.3,0.0583333333333333,188,123,207,82,FALSE,NA,TRUE,NA,0.634972204086689,-0.0581749959133108,0.0581749959133108,0.0581749959133108,0.00338433014951372,0.331312063128372,0.946959189198055,1,0.940322152085137,0.0240314520851371,0.0240314520851371,0.0240314520851371,0.000577510689320242,0.650986376844803,1.2412901603257,1,1.18843288562264,0.272142185622635,0.272142185622635,0.272142185622635,0.0740613691954648,0.800173047250605,1.56824781205733,1,1.52060629505477,0.0206062950547703,0.0206062950547703,0.0206062950547703,0.000424619395884251,1.49122820703778,1.65133179113049,1,1.79634486320561,-0.00365513679439355,0.00365513679439355,0.00365513679439355,1.33600249857296e-05,1.73890944691775,1.89907260600386,1
1,"n600-b1_2-b2_2p5-b3_2p5",600,6,6,1,1,0.6931472,0.9162907,0.9162907,1.5,1.8,1,1.3,0.0666666666666667,209,95,197,99,FALSE,NA,TRUE,NA,1.0030697191746,0.309922519174599,0.309922519174599,0.309922519174599,0.0960519678915295,0.678592566482262,1.32634102599727,1,0.857385992689426,-0.0589047073105737,0.0589047073105737,0.0589047073105737,0.00346976454334436,0.579179771354367,1.14602030281306,1,0.971316084790172,0.0550253847901718,0.0550253847901718,0.0550253847901718,0.00302779297130647,0.581684844341057,1.36072145026949,1,1.48664714271823,-0.0133528572817676,0.0133528572817676,0.0133528572817676,0.000178298797587254,1.43105521747907,1.5937124312953,1,1.74208281539954,-0.0579171846004611,0.0579171846004611,0.0579171846004611,0.00335440027204389,1.68074387486285,1.84047419716774,1
1,"n600-b1_2-b2_2p5-b3_2p5",600,7,7,1,1,0.6931472,0.9162907,0.9162907,1.5,1.8,1,1.3,0.0583333333333333,211,92,185,112,FALSE,NA,TRUE,NA,0.660841105285957,-0.0323060947140427,0.0323060947140427,0.0323060947140427,0.0010436837556727,0.35650285589871,0.96374940839025,1,0.877227078219181,-0.0390636217808186,0.0390636217808186,0.0390636217808186,0.00152596654663484,0.61426546008401,1.14836764634458,1,0.71000973963923,-0.20628096036077,0.20628096036077,0.20628096036077,0.0425518346073614,0.332308766337766,1.08146576917207,1,1.45352581846909,-0.0464741815309098,0.0464741815309098,0.0464741815309098,0.00215984954896795,1.30744142556953,1.63572514746738,1,1.86686323963337,0.0668632396333682,0.0668632396333682,0.0668632396333682,0.00447069281426921,1.73507110098172,2.04889311659822,1
1,"n600-b1_2-b2_2p5-b3_2p5",600,8,8,1,1,0.6931472,0.9162907,0.9162907,1.5,1.8,1,1.3,0.0766666666666667,209,92,203,96,FALSE,NA,TRUE,NA,0.80515700029727,0.11200980029727,0.11200980029727,0.11200980029727,0.0125461953626343,0.467966438720191,1.14284179882427,1,0.942663598806376,0.0263728988063757,0.0263728988063757,0.0263728988063757,0.000695529791451334,0.652462970861515,1.23959131363254,1,0.921222264477889,0.00493156447788856,0.00493156447788856,0.00493156447788856,2.43203281995723e-05,0.521183381817691,1.31627203507324,1,1.49267062397769,-0.00732937602230965,0.00732937602230965,0.00732937602230965,5.37197528764077e-05,1.43431657151359,1.63788549734482,1,1.81048578333226,0.0104857833322594,0.0104857833322594,0.0104857833322594,0.000109951652091088,1.72712320134401,2.04122676408169,1
1,"n600-b1_2-b2_2p5-b3_2p5",600,9,9,1,1,0.6931472,0.9162907,0.9162907,1.5,1.8,1,1.3,0.07,188,96,208,108,FALSE,NA,TRUE,NA,0.806506477059061,0.113359277059061,0.113359277059061,0.113359277059061,0.0128503256953529,0.497481881618444,1.11711312145077,1,0.99634634972577,0.0800556497257703,0.0800556497257703,0.0800556497257703,0.00640890705301522,0.728713155779922,1.27141753644418,1,0.662941814087176,-0.253348885912824,0.253348885912824,0.253348885912824,0.0641856579932693,0.289082125935909,1.03474859942789,1,1.58448388216873,0.0844838821687288,0.0844838821687288,0.0844838821687288,0.00713752634629966,1.48024839685097,1.83006114701845,1,1.88253624631271,0.0825362463127057,0.0825362463127057,0.0825362463127057,0.00681223195539163,1.75127919198155,2.14593296730903,1
1,"n600-b1_2-b2_2p5-b3_2p5",600,10,10,1,1,0.6931472,0.9162907,0.9162907,1.5,1.8,1,1.3,0.085,195,97,198,110,FALSE,NA,TRUE,NA,0.798604161444993,0.105456961444993,0.105456961444993,0.105456961444993,0.0111211707172108,0.489040830190495,1.10736909411286,1,0.955830817001484,0.0395401170014836,0.0395401170014836,0.0395401170014836,0.00156342085249101,0.681661454768266,1.23606927635978,1,0.74430462445031,-0.17198607554969,0.17198607554969,0.17198607554969,0.0295792101829838,0.36714392653693,1.1196804485383,1,1.54129290462157,0.0412929046215664,0.0412929046215664,0.0412929046215664,0.00170510397208578,1.45065578526912,1.67000199914587,1,1.8771392052592,0.0771392052591982,0.0771392052591982,0.0771392052591982,0.0059504569880207,1.60267020211784,2.03981607463083,1
2,"n600-b1_2-b2_2p5-b3_2p5",600,1,11,1,1,0.6931472,0.9162907,0.9162907,1.5,1.8,1,1.3,0.0633333333333334,196,118,191,95,FALSE,NA,TRUE,NA,0.76244189384524,0.0692946938452397,0.0692946938452397,0.0692946938452397,0.0048017545951055,0.465229046017995,1.06065117515242,1,0.851043282473855,-0.0652474175261448,0.0652474175261448,0.0652474175261448,0.00425722549383107,0.575143518271506,1.13018243161604,1,0.890998674355014,-0.0252920256449859,0.0252920256449859,0.0252920256449859,0.000639686561226624,0.521496942613552,1.25750602480447,1,1.70055970100604,0.20055970100604,0.20055970100604,0.20055970100604,0.040224193667632,1.63250611130463,1.89814114178174,0,1.89000264836341,0.0900026483634149,0.0900026483634149,0.0900026483634149,0.00810047671242851,1.78489034906013,2.18501828352795,1
2,"n600-b1_2-b2_2p5-b3_2p5",600,2,12,1,1,0.6931472,0.9162907,0.9162907,1.5,1.8,1,1.3,0.07,207,94,209,90,FALSE,NA,TRUE,NA,0.608330905335116,-0.0848162946648835,0.0848162946648835,0.0848162946648835,0.00719380384068034,0.290163508606542,0.926101181015307,1,0.811040463877409,-0.105250236122591,0.105250236122591,0.105250236122591,0.0110776122038611,0.536854617590248,1.09456484947887,1,1.2544559516155,0.3381652516155,0.3381652516155,0.3381652516155,0.114355737400174,0.867290722851879,1.6425085666981,1,1.54385106698242,0.043851066982417,0.043851066982417,0.043851066982417,0.00192291607549643,1.47558431810183,1.7600067176602,1,1.90212914086432,0.102129140864323,0.102129140864323,0.102129140864323,0.0104303614136847,1.78982492913407,2.11664757239828,1
2,"n600-b1_2-b2_2p5-b3_2p5",600,3,13,1,1,0.6931472,0.9162907,0.9162907,1.5,1.8,1,1.3,0.0783333333333334,197,105,199,99,FALSE,NA,TRUE,NA,0.769325602327734,0.0761784023277342,0.0761784023277342,0.0761784023277342,0.00580314898120614,0.455046793027019,1.08764885307599,1,1.20263957128538,0.286348871285377,0.286348871285377,0.286348871285377,0.0819956760864094,0.915440467385683,1.4962913924314,1,0.658639156653487,-0.257651543346513,0.257651543346513,0.257651543346513,0.06638431778884,0.270823100166777,1.04399694349298,1,1.40603305166759,-0.0939669483324117,0.0939669483324117,0.0939669483324117,0.00882978737890613,1.37628158829469,1.45072948373536,0,1.75095289477975,-0.0490471052202512,0.0490471052202512,0.0490471052202512,0.0024056185304864,1.66859315935291,1.88390438225217,1
2,"n600-b1_2-b2_2p5-b3_2p5",600,4,14,1,1,0.6931472,0.9162907,0.9162907,1.5,1.8,1,1.3,0.0766666666666667,196,82,222,100,FALSE,NA,TRUE,NA,0.552504014817277,-0.140643185182723,0.140643185182723,0.140643185182723,0.0197805055383417,0.227595470017568,0.887948469263998,1,0.795242898515463,-0.121047801484537,0.121047801484537,0.121047801484537,0.0146525702442398,0.525830001324172,1.07542524038962,1,0.974489401171094,0.0581987011710937,0.0581987011710937,0.0581987011710937,0.00338708881800226,0.583951927608299,1.3615395619781,1,1.51181823952739,0.0118182395273929,0.0118182395273929,0.0118182395273929,0.000139670785526832,1.40356383325913,1.76902464609086,1,1.8009202999644,0.000920299964396243,0.000920299964396243,0.000920299964396243,8.46952024467726e-07,1.67473544175911,2.07509319477464,1
2,"n600-b1_2-b2_2p5-b3_2p5",600,5,15,1,1,0.6931472,0.9162907,0.9162907,1.5,1.8,1,1.3,0.0733333333333334,183,91,207,119,FALSE,NA,TRUE,NA,0.47477736584451,-0.21836983415549,0.21836983415549,0.21836983415549,0.0476853844690963,0.172237478001203,0.776041326927182,1,0.938713567724827,0.0224228677248266,0.0224228677248266,0.0224228677248266,0.00050278499700507,0.68356605923001,1.20092872013969,1,1.27394252741482,0.357651827414817,0.357651827414817,0.357651827414817,0.127914829653158,0.887398555793721,1.66016143383627,1,1.50156843404458,0.00156843404458407,0.00156843404458407,0.00156843404458407,2.45998535221033e-06,1.46022210294498,1.56045641091678,1,1.80692409120147,0.00692409120146986,0.00692409120146986,0.00692409120146986,4.79430389662724e-05,1.70051972525215,1.88474907790988,1
2,"n600-b1_2-b2_2p5-b3_2p5",600,6,16,1,1,0.6931472,0.9162907,0.9162907,1.5,1.8,1,1.3,0.0883333333333334,198,82,211,109,FALSE,NA,TRUE,NA,0.686856639251425,-0.00629056074857448,0.00629056074857448,0.00629056074857448,3.95711545315059e-05,0.371761535074471,0.998493070108082,1,0.925888674691757,0.00959797469175661,0.00959797469175661,0.00959797469175661,9.21211181836003e-05,0.657834513563788,1.19949824088508,1,1.13916280704842,0.222872107048422,0.222872107048422,0.222872107048422,0.0496719761002033,0.74671391058147,1.53094224572775,1,1.50391913477298,0.00391913477298189,0.00391913477298189,0.00391913477298189,1.53596173687958e-05,1.45914813723408,1.58475368683498,1,1.84201971885621,0.042019718856209,0.042019718856209,0.042019718856209,0.00176565677275485,1.77734268513499,1.93422384130711,1
2,"n600-b1_2-b2_2p5-b3_2p5",600,7,17,1,1,0.6931472,0.9162907,0.9162907,1.5,1.8,1,1.3,0.0649999999999999,191,101,218,90,FALSE,NA,TRUE,NA,0.622544388930071,-0.0706028110699293,0.0706028110699293,0.0706028110699293,0.00498475693097613,0.305439819850326,0.944713395265598,1,1.04958835198833,0.133297651988332,0.133297651988332,0.133297651988332,0.0177682640256024,0.762167776927223,1.34720264596453,1,0.78758236716894,-0.12870833283106,0.12870833283106,0.12870833283106,0.0165658349401509,0.405520462040597,1.1659529165646,1,1.51888416657034,0.0188841665703392,0.0188841665703392,0.0188841665703392,0.000356611747056317,1.44335759567747,1.74463975027228,1,1.7755295912785,-0.0244704087215044,0.0244704087215044,0.0244704087215044,0.000598800902997479,1.68836386297691,1.99948941496246,1
2,"n600-b1_2-b2_2p5-b3_2p5",600,8,18,1,1,0.6931472,0.9162907,0.9162907,1.5,1.8,1,1.3,0.08,212,102,175,111,FALSE,NA,TRUE,NA,0.961966169637823,0.268818969637823,0.268818969637823,0.268818969637823,0.0722636384371409,0.650429426371706,1.27940360792012,1,1.03465904596842,0.118368345968422,0.118368345968422,0.118368345968422,0.0140110653273001,0.760695399752749,1.31893199888317,1,0.646080160370975,-0.270210539629025,0.270210539629025,0.270210539629025,0.0730137357266088,0.261181670687491,1.02312190629469,1,1.55244771135511,0.052447711355109,0.052447711355109,0.052447711355109,0.00275076242638882,1.38963851088881,1.71314646166331,1,1.83545878566295,0.0354587856629522,0.0354587856629522,0.0354587856629522,0.00125732548069119,1.57303871894588,2.08921899361562,1
2,"n600-b1_2-b2_2p5-b3_2p5",600,9,19,1,1,0.6931472,0.9162907,0.9162907,1.5,1.8,1,1.3,0.0783333333333334,211,106,187,96,FALSE,NA,TRUE,NA,0.622812354311847,-0.0703348456881527,0.0703348456881527,0.0703348456881527,0.00494699051797626,0.304585694185432,0.942433780229495,1,1.0288826729942,0.112591972994198,0.112591972994198,0.112591972994198,0.0126769523827262,0.743120344546421,1.32105330928148,1,0.8723376442399,-0.0439530557601001,0.0439530557601001,0.0439530557601001,0.00193187111065047,0.480365314552967,1.2583945698734,1,1.41863957211554,-0.0813604278844648,0.0813604278844648,0.0813604278844648,0.0066195192255432,1.11502246092615,1.6024904049406,1,1.7853012238668,-0.0146987761332003,0.0146987761332003,0.0146987761332003,0.000216054019813937,1.60084931671184,1.91718249802437,1
2,"n600-b1_2-b2_2p5-b3_2p5",600,10,20,1,1,0.6931472,0.9162907,0.9162907,1.5,1.8,1,1.3,0.0633333333333334,202,99,197,102,FALSE,NA,TRUE,NA,0.69560216295734,0.0024549629573396,0.0024549629573396,0.0024549629573396,6.0268431219096e-06,0.387331037391111,1.00686905871204,1,0.788856735011791,-0.127433964988209,0.127433964988209,0.127433964988209,0.016239415432616,0.51517583063837,1.07307202791257,1,1.05566120157175,0.139370501571752,0.139370501571752,0.139370501571752,0.0194241367083618,0.667035151541725,1.43835217579742,1,1.48799435134207,-0.0120056486579319,0.0120056486579319,0.0120056486579319,0.000144135599697701,1.43266516577022,1.59201903094584,1,1.69189817707409,-0.108101822925909,0.108101822925909,0.108101822925909,0.0116860041199046,1.4961428222481,1.87732021435429,1
3,"n600-b1_2-b2_2p5-b3_2p5",600,1,21,1,1,0.6931472,0.9162907,0.9162907,1.5,1.8,1,1.3,0.0666666666666667,202,93,202,103,FALSE,NA,TRUE,NA,0.845609290467494,0.152462090467494,0.152462090467494,0.152462090467494,0.0232446890297183,0.520948152422069,1.17415825164948,1,1.17406395358144,0.257773253581444,0.257773253581444,0.257773253581444,0.0664470502619636,0.894457965707008,1.45976968403306,1,0.57299505502004,-0.34329564497996,0.34329564497996,0.34329564497996,0.117851899862207,0.18896037422897,0.954183164500161,1,1.44251013206778,-0.0574898679322227,0.0574898679322227,0.0574898679322227,0.0033050849148644,1.36951707729438,1.56556227928056,1,1.58607309539773,-0.213926904602266,0.213926904602266,0.213926904602266,0.045764720512707,1.45917190797178,1.79069481595391,0
3,"n600-b1_2-b2_2p5-b3_2p5",600,2,22,1,1,0.6931472,0.9162907,0.9162907,1.5,1.8,1,1.3,0.07,191,107,213,89,FALSE,NA,TRUE,NA,0.587842928165673,-0.105304271834327,0.105304271834327,0.105304271834327,0.0110889896665578,0.279941664392507,0.904064224565861,1,1.0003720855676,0.0840813855675975,0.0840813855675975,0.0840813855675975,0.00706967939896699,0.711448307706661,1.29293830367278,1,0.946273331691029,0.0299826316910285,0.0299826316910285,0.0299826316910285,0.000898958203119869,0.559907714950451,1.3331993918173,1,1.55185055674711,0.0518505567471075,0.0518505567471075,0.0518505567471075,0.00268848023498501,1.37158795258952,1.69035431901592,1,1.73859459787508,-0.0614054021249195,0.0614054021249195,0.0614054021249195,0.00377062341012307,1.62202605285304,1.87635998115146,1
3,"n600-b1_2-b2_2p5-b3_2p5",600,3,23,1,1,0.6931472,0.9162907,0.9162907,1.5,1.8,1,1.3,0.07,186,111,196,107,FALSE,NA,TRUE,NA,0.820989751028185,0.127842551028185,0.127842551028185,0.127842551028185,0.016343717853394,0.519071070373772,1.12834998096385,1,0.921682728630805,0.00539202863080535,0.00539202863080535,0.00539202863080535,2.90739727554246e-05,0.652274423161611,1.19645804236151,1,0.825937631519535,-0.0903530684804649,0.0903530684804649,0.0903530684804649,0.00816367698383557,0.452989379860832,1.19714763578266,1,1.59278303705516,0.0927830370551566,0.0927830370551566,0.0927830370551566,0.00860869196517856,1.38228286173683,1.79673494937204,1,1.77569150262171,-0.0243084973782888,0.0243084973782888,0.0243084973782888,0.000590903044790272,1.59206043865415,2.0796726930948,1
3,"n600-b1_2-b2_2p5-b3_2p5",600,4,24,1,1,0.6931472,0.9162907,0.9162907,1.5,1.8,1,1.3,0.0666666666666667,206,97,187,110,FALSE,NA,TRUE,NA,0.609992617648884,-0.0831545823511162,0.0831545823511162,0.0831545823511162,0.00691468456598856,0.311289139340302,0.908728464810999,1,0.952586761302706,0.0362960613027062,0.0362960613027062,0.0362960613027062,0.00131740406608981,0.68094503271043,1.22978745664869,1,1.15421745606547,0.237926756065474,0.237926756065474,0.237926756065474,0.0566091412518397,0.779455243729029,1.53376213660397,1,1.47540690728488,-0.0245930927151174,0.0245930927151174,0.0245930927151174,0.000604820209294363,1.43027372955701,1.55699064594317,1,1.7988515133297,-0.00114848667029643,0.00114848667029643,0.00114848667029643,1.31902163184859e-06,1.71887625616938,1.88582654967041,1
3,"n600-b1_2-b2_2p5-b3_2p5",600,5,25,1,1,0.6931472,0.9162907,0.9162907,1.5,1.8,1,1.3,0.09,213,93,188,106,FALSE,NA,TRUE,NA,0.675550720242771,-0.0175964797572293,0.0175964797572293,0.0175964797572293,0.000309636099846582,0.352402511805633,1.00237439507441,1,1.04036854399706,0.124077843997059,0.124077843997059,0.124077843997059,0.0153953113709586,0.756210919903604,1.33794153520639,1,0.90467621078808,-0.0116144892119197,0.0116144892119197,0.0116144892119197,0.000134896359653798,0.512330205985782,1.29669785489906,1,1.51780395514152,0.017803955141523,0.017803955141523,0.017803955141523,0.000316980818681363,1.47204279499506,1.5671790198627,1,1.82827273336096,0.02827273336096,0.02827273336096,0.02827273336096,0.000799347451699942,1.77611449106091,1.90461543021586,1
3,"n600-b1_2-b2_2p5-b3_2p5",600,6,26,1,1,0.6931472,0.9162907,0.9162907,1.5,1.8,1,1.3,0.0633333333333334,183,109,199,109,FALSE,NA,TRUE,NA,0.457360125219695,-0.235787074780305,0.235787074780305,0.235787074780305,0.0555955446334531,0.165095566744273,0.74789397573498,1,0.622836480061301,-0.293454219938699,0.293454219938699,0.293454219938699,0.0861153791998303,0.362893395506017,0.885725655607582,0,1.34227517889463,0.425984478894629,0.425984478894629,0.425984478894629,0.181462776259129,0.965156997469531,1.71689928360676,0,1.46468953197727,-0.0353104680227267,0.0353104680227267,0.0353104680227267,0.00124682915198401,1.3702640640601,1.59519600074162,1,1.85071360002507,0.0507136000250688,0.0507136000250688,0.0507136000250688,0.00257186922750265,1.6711569228572,1.97076457139828,1
3,"n600-b1_2-b2_2p5-b3_2p5",600,7,27,1,1,0.6931472,0.9162907,0.9162907,1.5,1.8,1,1.3,0.095,191,109,202,98,FALSE,NA,TRUE,NA,0.710876932207203,0.0177297322072035,0.0177297322072035,0.0177297322072035,0.00031434340413915,0.393260042284136,1.03703023953206,1,1.10091897002491,0.184628270024906,0.184628270024906,0.184628270024906,0.0340875980923895,0.805367253239499,1.40855573544604,1,0.743016077749266,-0.173274622250734,0.173274622250734,0.173274622250734,0.0300240947161346,0.348563810651455,1.13793829668821,1,1.62758906989824,0.12758906989824,0.12758906989824,0.12758906989824,0.0162789707574979,1.45525136122663,1.76186870913178,1,1.83862146589745,0.0386214658974509,0.0386214658974509,0.0386214658974509,0.00149161762806796,1.60168234384672,2.04402456029544,1
3,"n600-b1_2-b2_2p5-b3_2p5",600,8,28,1,1,0.6931472,0.9162907,0.9162907,1.5,1.8,1,1.3,0.0666666666666667,194,97,207,102,FALSE,NA,TRUE,NA,0.659870064500628,-0.0332771354993724,0.0332771354993724,0.0332771354993724,0.00110736774704359,0.351520826136722,0.971013265174703,1,0.890202468226857,-0.0260882317731432,0.0260882317731432,0.0260882317731432,0.00068059583704924,0.618671130248546,1.16457051822901,1,0.879556823420437,-0.036733876579563,0.036733876579563,0.036733876579563,0.00134937768856256,0.498859638848377,1.25633216548008,1,1.62748351682309,0.127483516823094,0.127483516823094,0.127483516823094,0.0162520470615841,1.4503141803333,1.80733334901077,1,1.82746174521175,0.0274617452117492,0.0274617452117492,0.0274617452117492,0.000754147450075028,1.63970505237307,1.95588034895534,1
3,"n600-b1_2-b2_2p5-b3_2p5",600,9,29,1,1,0.6931472,0.9162907,0.9162907,1.5,1.8,1,1.3,0.0933333333333334,189,98,190,123,FALSE,NA,TRUE,NA,0.712197909009902,0.0190507090099024,0.0190507090099024,0.0190507090099024,0.000362929513779975,0.414271290651726,1.00918557383802,1,1.0576359118216,0.141345211821603,0.141345211821603,0.141345211821603,0.0199784689048939,0.781748605862326,1.3389139974494,1,0.748070270661245,-0.168220429338755,0.168220429338755,0.168220429338755,0.0282981128469149,0.369037028729313,1.1294725510439,1,1.51475589039237,0.0147558903923743,0.0147558903923743,0.0147558903923743,0.000217736301271766,1.39197608891474,1.57851943565082,1,1.79943219019267,-0.000567809807333841,0.000567809807333841,0.000567809807333841,3.22407977304494e-07,1.4983751253878,1.90037053281974,1
3,"n600-b1_2-b2_2p5-b3_2p5",600,10,30,1,1,0.6931472,0.9162907,0.9162907,1.5,1.8,1,1.3,0.0583333333333333,211,87,202,100,FALSE,NA,TRUE,NA,0.691913301375013,-0.00123389862498724,0.00123389862498724,0.00123389862498724,1.5225058167454e-06,0.368995310141361,1.01377959257631,1,0.799241200168462,-0.117049499831538,0.117049499831538,0.117049499831538,0.0137005854108132,0.532192488340938,1.07419344373369,1,0.943562950440662,0.0272722504406623,0.0272722504406623,0.0272722504406623,0.000743775644098204,0.561907928282933,1.3253343527959,1,1.49594840864854,-0.00405159135146449,0.00405159135146449,0.00405159135146449,1.64153924792618e-05,1.42131604712163,1.56457319614159,1,1.8148190740047,0.0148190740046983,0.0148190740046983,0.0148190740046983,0.000219604954356724,1.57963450515894,1.9324916310894,1
4,"n600-b1_2-b2_2p5-b3_2p5",600,1,31,1,1,0.6931472,0.9162907,0.9162907,1.5,1.8,1,1.3,0.075,202,84,215,99,FALSE,NA,TRUE,NA,0.71110578181254,0.0179585818125397,0.0179585818125397,0.0179585818125397,0.000322510660717683,0.383903977069194,1.0295640695811,1,1.00055798461916,0.0842672846191554,0.0842672846191554,0.0842672846191554,0.00710097525708575,0.723260059938226,1.28413122293296,1,0.812576131493692,-0.103714568506308,0.103714568506308,0.103714568506308,0.0107567117204496,0.427669987835028,1.20300184652276,1,1.51350812556943,0.0135081255694305,0.0135081255694305,0.0135081255694305,0.000182469456399502,1.44923248752386,1.56589997887291,1,1.81317661010581,0.013176610105808,0.013176610105808,0.013176610105808,0.00017362305388048,1.7537226845891,1.87569076293915,1
4,"n600-b1_2-b2_2p5-b3_2p5",600,2,32,1,1,0.6931472,0.9162907,0.9162907,1.5,1.8,1,1.3,0.0633333333333334,189,102,207,102,FALSE,NA,TRUE,NA,0.389921584704124,-0.303225615295876,0.303225615295876,0.303225615295876,0.0919457737715624,0.0849580679485431,0.696885764001325,1,0.850224641370517,-0.0660660586294831,0.0660660586294831,0.0660660586294831,0.0043647241028343,0.583031433090037,1.12237054433913,1,1.02116275184961,0.104872051849611,0.104872051849611,0.104872051849611,0.0109981472591475,0.639202000345459,1.39606304070172,1,1.45598403588955,-0.0440159641104523,0.0440159641104523,0.0440159641104523,0.00193740509657262,1.42565552664465,1.54365933335462,1,1.77231751586554,-0.0276824841344632,0.0276824841344632,0.0276824841344632,0.000766319927854805,1.70350937547669,1.867414886021,1
4,"n600-b1_2-b2_2p5-b3_2p5",600,3,33,1,1,0.6931472,0.9162907,0.9162907,1.5,1.8,1,1.3,0.075,216,88,201,95,FALSE,NA,TRUE,NA,0.932953508233236,0.239806308233236,0.239806308233236,0.239806308233236,0.057507065468454,0.587863301679067,1.27940003068487,1,1.00612919959163,0.0898384995916304,0.0898384995916304,0.0898384995916304,0.00807095600887537,0.709889582289861,1.31054847565087,1,0.58951311580731,-0.32677758419269,0.32677758419269,0.32677758419269,0.106783589530811,0.184129757104147,1.00213295773626,1,1.55253003895698,0.0525300389569756,0.0525300389569756,0.0525300389569756,0.00275940499282138,1.45061816191506,1.83344162658808,1,1.7266180403347,-0.0733819596653049,0.0733819596653049,0.0733819596653049,0.00538491200432044,1.55610892650957,2.09369216932717,1
4,"n600-b1_2-b2_2p5-b3_2p5",600,4,34,1,1,0.6931472,0.9162907,0.9162907,1.5,1.8,1,1.3,0.07,239,92,182,87,FALSE,NA,TRUE,NA,1.06647772680773,0.373330526807725,0.373330526807725,0.373330526807725,0.139375682246534,0.71905286868722,1.42091038907034,0,1.07709526683529,0.160804566835287,0.160804566835287,0.160804566835287,0.0258581087150843,0.772051112896684,1.39776491432733,1,0.611019150986812,-0.305271549013188,0.305271549013188,0.305271549013188,0.0931907186369114,0.19484326096948,1.01926523189868,1,1.45132982778232,-0.0486701722176839,0.0486701722176839,0.0486701722176839,0.00236878566369901,1.36529358652965,1.60853295301284,1,1.78419174275977,-0.0158082572402316,0.0158082572402316,0.0158082572402316,0.000249900996973335,1.69480959526221,1.91862088551906,1
4,"n600-b1_2-b2_2p5-b3_2p5",600,5,35,1,1,0.6931472,0.9162907,0.9162907,1.5,1.8,1,1.3,0.0816666666666667,197,93,207,103,FALSE,NA,TRUE,NA,0.931226014567204,0.238078814567204,0.238078814567204,0.238078814567204,0.0566815219457251,0.604375359201561,1.26009801142708,1,1.13414182063762,0.217851120637618,0.217851120637618,0.217851120637618,0.047459110763066,0.846146492654105,1.42729499248829,1,0.648185654199231,-0.268105045800769,0.268105045800769,0.268105045800769,0.0718803155838324,0.254556935250329,1.04139628991732,1,1.51015566701758,0.0101556670175793,0.0101556670175793,0.0101556670175793,0.000103137572571948,1.42084863247316,1.65909615691733,1,1.81481305130127,0.0148130513012694,0.0148130513012694,0.0148130513012694,0.00021942648885404,1.74402875218656,1.9074487806911,1
4,"n600-b1_2-b2_2p5-b3_2p5",600,6,36,1,1,0.6931472,0.9162907,0.9162907,1.5,1.8,1,1.3,0.0716666666666667,206,105,194,95,FALSE,NA,TRUE,NA,1.12215382042871,0.429006620428711,0.429006620428711,0.429006620428711,0.184046680371664,0.794296843604565,1.45828687096887,0,1.19526525959098,0.278974559590978,0.278974559590978,0.278974559590978,0.0778268048989804,0.893968640051039,1.51032214496254,1,0.569645757027578,-0.346644942972422,0.346644942972422,0.346644942972422,0.120162716488353,0.173967047205419,0.974062291181076,1,1.51486382428417,0.0148638242841734,0.0148638242841734,0.0148638242841734,0.000220933272350784,1.39044004236785,1.65047158267445,1,1.83926614647124,0.0392661464712409,0.0392661464712409,0.0392661464712409,0.00154183025870095,1.68017811811034,2.07712853542439,1
4,"n600-b1_2-b2_2p5-b3_2p5",600,7,37,1,1,0.6931472,0.9162907,0.9162907,1.5,1.8,1,1.3,0.0649999999999999,226,109,171,94,FALSE,NA,TRUE,NA,0.474795580138629,-0.218351619861371,0.218351619861371,0.218351619861371,0.0476774298960848,0.170299185269648,0.79191185811731,1,0.992514512955811,0.0762238129558106,0.0762238129558106,0.0762238129558106,0.0058100696615224,0.700147565420686,1.29105116568385,1,1.17891458509436,0.262623885094355,0.262623885094355,0.262623885094355,0.0689713050220531,0.793033150548388,1.56759261207276,1,1.49872748099284,-0.00127251900716074,0.00127251900716074,0.00127251900716074,1.61930462358537e-06,1.33398404403851,1.67135864946826,1,1.84356908068433,0.0435690806843263,0.0435690806843263,0.0435690806843263,0.00189826479167734,1.77312302486981,1.96502802938781,1
4,"n600-b1_2-b2_2p5-b3_2p5",600,8,38,1,1,0.6931472,0.9162907,0.9162907,1.5,1.8,1,1.3,0.0716666666666667,207,105,186,102,FALSE,NA,TRUE,NA,0.564824259624881,-0.128322940375119,0.128322940375119,0.128322940375119,0.0164667770265163,0.264397390014557,0.865460031121782,1,0.836912335721061,-0.0793783642789389,0.0793783642789389,0.0793783642789389,0.00630092471559992,0.569267197536228,1.11504144114059,1,1.07698772522219,0.160697025222191,0.160697025222191,0.160697025222191,0.0258235339152616,0.708118350373917,1.45020696543674,1,1.53695534589354,0.0369553458935352,0.0369553458935352,0.0369553458935352,0.00136569759011083,1.48663476817147,1.66085278950731,1,1.86006618524767,0.0600661852476747,0.0600661852476747,0.0600661852476747,0.00360794661020797,1.79422791584262,1.96878790221674,1
4,"n600-b1_2-b2_2p5-b3_2p5",600,9,39,1,1,0.6931472,0.9162907,0.9162907,1.5,1.8,1,1.3,0.0683333333333334,196,97,204,103,FALSE,NA,TRUE,NA,0.648259174055256,-0.0448880259447441,0.0448880259447441,0.0448880259447441,0.00201493487321602,0.339160688034102,0.951371693938336,1,0.91051112809777,-0.00577957190222966,0.00577957190222966,0.00577957190222966,3.34034513730426e-05,0.645040544938477,1.17829435117527,1,0.914571185961345,-0.00171951403865456,0.00171951403865456,0.00171951403865456,2.95672852913011e-06,0.531411496879092,1.29482877937953,1,1.45976751872478,-0.0402324812752179,0.0402324812752179,0.0402324812752179,0.00161865254956076,1.35662824893862,1.61249352165616,1,1.8165608826258,0.0165608826257984,0.0165608826257984,0.0165608826257984,0.00027426283334547,1.73246167797513,1.95542708246481,1
4,"n600-b1_2-b2_2p5-b3_2p5",600,10,40,1,1,0.6931472,0.9162907,0.9162907,1.5,1.8,1,1.3,0.0783333333333334,210,80,200,110,FALSE,NA,TRUE,NA,0.320761140877101,-0.372386059122899,0.372386059122899,0.372386059122899,0.138671377029083,-0.000194299268719193,0.643664986647205,0,0.737072620975433,-0.179218079024567,0.179218079024567,0.179218079024567,0.0321191198492559,0.475931754529233,1.00938635724041,1,1.15067546351235,0.234384763512353,0.234384763512353,0.234384763512353,0.0549362173667419,0.761636528410689,1.53628065544698,1,1.38902983869935,-0.110970161300652,0.110970161300652,0.110970161300652,0.0123143766990926,1.26728556411851,1.55580477897566,1,1.74818981097584,-0.0518101890241558,0.0518101890241558,0.0518101890241558,0.00268429568671875,1.67213095932351,1.86770163349834,1
5,"n600-b1_2-b2_2p5-b3_2p5",600,1,41,1,1,0.6931472,0.9162907,0.9162907,1.5,1.8,1,1.3,0.0816666666666667,208,82,204,106,FALSE,NA,TRUE,NA,0.689574915217612,-0.00357228478238814,0.00357228478238814,0.00357228478238814,1.27612185664818e-05,0.367474110593268,1.01679252519791,1,1.07574837093731,0.159457670937307,0.159457670937307,0.159457670937307,0.0254267488207506,0.797857713361256,1.36393676659519,1,1.02452268405984,0.108231984059842,0.108231984059842,0.108231984059842,0.0117141623735298,0.631146736115252,1.41747689840326,1,1.56907129575709,0.0690712957570865,0.0690712957570865,0.0690712957570865,0.00477084389756291,1.42673327293674,1.75208141050652,1,1.84730546038008,0.0473054603800807,0.0473054603800807,0.0473054603800807,0.00223780658177138,1.65265343475648,2.05102815858503,1
5,"n600-b1_2-b2_2p5-b3_2p5",600,2,42,1,1,0.6931472,0.9162907,0.9162907,1.5,1.8,1,1.3,0.07,185,123,187,105,FALSE,NA,TRUE,NA,0.864009381737,0.170862181737,0.170862181737,0.170862181737,0.0291938851479276,0.566544092046634,1.16348916132287,1,1.07077708369022,0.154486383690219,0.154486383690219,0.154486383690219,0.0238660427456816,0.789275421430384,1.35762129716836,1,0.785828224130695,-0.130462475869305,0.130462475869305,0.130462475869305,0.017020457609949,0.407131142206838,1.16262689376716,1,1.39449354623754,-0.105506453762457,0.105506453762457,0.105506453762457,0.0111316117855296,1.28259413793663,1.51436979122515,1,1.81423608000064,0.014236080000636,0.014236080000636,0.014236080000636,0.000202665973784509,1.6821841448236,2.03204585390295,1
5,"n600-b1_2-b2_2p5-b3_2p5",600,3,43,1,1,0.6931472,0.9162907,0.9162907,1.5,1.8,1,1.3,0.0933333333333334,204,87,204,105,FALSE,NA,TRUE,NA,0.758576319591855,0.0654291195918547,0.0654291195918547,0.0654291195918547,0.00428096969056523,0.43166251333164,1.08345555792314,1,1.01426324802761,0.097972548027613,0.097972548027613,0.097972548027613,0.00959862016702294,0.739523602802783,1.30253301042871,1,0.885559343644675,-0.0307313563553246,0.0307313563553246,0.0307313563553246,0.000944416263437953,0.490764558341732,1.27881803749116,1,1.51274061092167,0.0127406109216743,0.0127406109216743,0.0127406109216743,0.000162323166657487,1.38480021812533,1.639493130306,1,1.81225509810729,0.0122550981072889,0.0122550981072889,0.0122550981072889,0.000150187429619275,1.72410561097483,1.93045789583048,1
5,"n600-b1_2-b2_2p5-b3_2p5",600,4,44,1,1,0.6931472,0.9162907,0.9162907,1.5,1.8,1,1.3,0.0816666666666667,207,98,188,107,FALSE,NA,TRUE,NA,0.755845595887094,0.062698395887094,0.062698395887094,0.062698395887094,0.00393108884681477,0.436812261836354,1.0735975636182,1,0.883728358093639,-0.0325623419063606,0.0325623419063606,0.0325623419063606,0.00106030611042673,0.612721523297804,1.16372795685689,1,0.876878806358298,-0.0394118936417025,0.0394118936417025,0.0394118936417025,0.00155329736042487,0.486519966004213,1.25861252694592,1,1.51166790510769,0.0116679051076867,0.0116679051076867,0.0116679051076867,0.000136140009601981,1.34149624500262,1.65356180902536,1,1.76862711135211,-0.0313728886478895,0.0313728886478895,0.0313728886478895,0.000984258142112871,1.66805351540401,1.85445792548997,1
5,"n600-b1_2-b2_2p5-b3_2p5",600,5,45,1,1,0.6931472,0.9162907,0.9162907,1.5,1.8,1,1.3,0.0633333333333334,203,117,196,84,FALSE,NA,TRUE,NA,0.378283909683821,-0.314863290316179,0.314863290316179,0.314863290316179,0.0991388915887305,0.0686546801316732,0.700653037198107,1,0.611974257942872,-0.304316442057128,0.304316442057128,0.304316442057128,0.0926084969063093,0.324037856331634,0.910149711057685,0,1.26330022074761,0.347009520747608,0.347009520747608,0.347009520747608,0.120415607489485,0.869462348136875,1.65202127171124,1,1.44784996256012,-0.0521500374398769,0.0521500374398769,0.0521500374398769,0.00271962640498056,1.28807599223886,1.56597776747837,1,1.68239217692309,-0.117607823076907,0.117607823076907,0.117607823076907,0.013831600048889,1.48578095003837,1.80833626780209,1
5,"n600-b1_2-b2_2p5-b3_2p5",600,6,46,1,1,0.6931472,0.9162907,0.9162907,1.5,1.8,1,1.3,0.0600000000000001,208,93,209,90,FALSE,NA,TRUE,NA,0.350831661456833,-0.342315538543167,0.342315538543167,0.342315538543167,0.117179927928099,0.0336576127476632,0.671138469033824,0,0.928783750229724,0.0124930502297241,0.0124930502297241,0.0124930502297241,0.00015607630404241,0.654441679002285,1.20868824865012,1,1.17272538301984,0.256434683019838,0.256434683019838,0.256434683019838,0.0657587466554847,0.777117738708223,1.56866621324055,1,1.59202880783477,0.0920288078347742,0.0920288078347742,0.0920288078347742,0.00846930147148979,1.47139943204256,1.7386756103796,1,1.89891521955712,0.0989152195571241,0.0989152195571241,0.0989152195571241,0.00978422066003407,1.78882001566719,2.05413308046916,1
5,"n600-b1_2-b2_2p5-b3_2p5",600,7,47,1,1,0.6931472,0.9162907,0.9162907,1.5,1.8,1,1.3,0.07,199,97,205,99,FALSE,NA,TRUE,NA,0.756533474507418,0.0633862745074185,0.0633862745074185,0.0633862745074185,0.00401781979592981,0.436339672906361,1.07266511940563,1,1.09185889546906,0.175568195469058,0.175568195469058,0.175568195469058,0.0308241912602615,0.817754712247804,1.37822052789708,1,0.810131979166137,-0.106158720833863,0.106158720833863,0.106158720833863,0.0112696740090821,0.425482059067401,1.19443795233028,1,1.52289238686934,0.0228923868693438,0.0228923868693438,0.0228923868693438,0.000524061376575705,1.47165641705244,1.65572170301286,1,1.81334247018313,0.0133424701831282,0.0133424701831282,0.0133424701831282,0.000178021510587664,1.75595203018736,1.90428808711546,1
5,"n600-b1_2-b2_2p5-b3_2p5",600,8,48,1,1,0.6931472,0.9162907,0.9162907,1.5,1.8,1,1.3,0.075,188,91,210,111,FALSE,NA,TRUE,NA,0.89533596325026,0.20218876325026,0.20218876325026,0.20218876325026,0.0408802959846698,0.584361167294676,1.21530748647038,1,1.02592362305082,0.109632923050822,0.109632923050822,0.109632923050822,0.0120193778166674,0.756674826758241,1.30180635828255,1,0.825952373761383,-0.0903383262386166,0.0903383262386166,0.0903383262386166,0.00816101318759472,0.440003752311241,1.20742803152627,1,1.52026215137026,0.0202621513702561,0.0202621513702561,0.0202621513702561,0.000410554778151172,1.45870082664279,1.62326205289135,1,1.86052180548305,0.0605218054830508,0.0605218054830508,0.0605218054830508,0.00366288893892823,1.70966290357749,2.20746594404772,1
5,"n600-b1_2-b2_2p5-b3_2p5",600,9,49,1,1,0.6931472,0.9162907,0.9162907,1.5,1.8,1,1.3,0.0566666666666666,197,115,192,96,FALSE,NA,TRUE,NA,0.758985834575924,0.0658386345759242,0.0658386345759242,0.0658386345759242,0.00433472580282208,0.462349562024479,1.06440154920949,1,0.877175605485113,-0.0391150945148873,0.0391150945148873,0.0391150945148873,0.00152999061890856,0.603812565280208,1.16443596281009,1,0.849831976096038,-0.0664587239039617,0.0664587239039617,0.0664587239039617,0.00441676198294301,0.478463161608747,1.21658093116064,1,1.42378107185465,-0.0762189281453465,0.0762189281453465,0.0762189281453465,0.00580932500762549,1.26153842232974,1.57825385885702,1,1.77983040412791,-0.0201695958720882,0.0201695958720882,0.0201695958720882,0.000406812597643358,1.66233664397903,1.93239571440312,1
5,"n600-b1_2-b2_2p5-b3_2p5",600,10,50,1,1,0.6931472,0.9162907,0.9162907,1.5,1.8,1,1.3,0.0733333333333334,198,107,198,97,FALSE,NA,TRUE,NA,0.822219580759002,0.129072380759002,0.129072380759002,0.129072380759002,0.0166596794747968,0.513676413466861,1.12888032527055,1,0.948565237686982,0.032274537686982,0.032274537686982,0.032274537686982,0.00104164578290842,0.671718706680597,1.23545619798007,1,0.804005717218889,-0.112284982781111,0.112284982781111,0.112284982781111,0.0126079173581543,0.427176884997031,1.18310324554565,1,1.52116004329782,0.0211600432978185,0.0211600432978185,0.0211600432978185,0.000447747432365554,1.378685223175,1.80845491285066,1,1.93745985404511,0.137459854045107,0.137459854045107,0.137459854045107,0.0188952114741022,1.76293310757733,2.15218780688726,1
6,"n600-b1_2-b2_2p5-b3_2p5",600,1,51,1,1,0.6931472,0.9162907,0.9162907,1.5,1.8,1,1.3,0.08,188,104,206,102,FALSE,NA,TRUE,NA,0.728494660648199,0.035347460648199,0.035347460648199,0.035347460648199,0.00124944297427598,0.410340039903965,1.04422789414795,1,1.05824332356181,0.141952623561814,0.141952623561814,0.141952623561814,0.0201505473360821,0.776854923036624,1.34225319494602,1,0.852870524309261,-0.0634201756907392,0.0634201756907392,0.0634201756907392,0.00402211868464423,0.470994342667386,1.23599092247042,1,1.46981425339994,-0.0301857466000586,0.0301857466000586,0.0301857466000586,0.000911179297802948,1.42777190615943,1.54238826626488,1,1.79843665614111,-0.00156334385888734,0.00156334385888734,0.00156334385888734,2.44404402112077e-06,1.71991437489758,1.88636237656947,1
6,"n600-b1_2-b2_2p5-b3_2p5",600,2,52,1,1,0.6931472,0.9162907,0.9162907,1.5,1.8,1,1.3,0.075,215,90,208,87,FALSE,NA,TRUE,NA,0.736536566790899,0.0433893667908994,0.0433893667908994,0.0433893667908994,0.00188263715051521,0.408154964288792,1.06588121873887,1,0.902672225108842,-0.0136184748911576,0.0136184748911576,0.0136184748911576,0.000185462858361091,0.616516364998068,1.19491017628958,1,0.804184347656776,-0.112106352343224,0.112106352343224,0.112106352343224,0.012567834235703,0.412617351710794,1.19516213894894,1,1.49009479888688,-0.00990520111312065,0.00990520111312065,0.00990520111312065,9.81130090913666e-05,1.44809015363994,1.54267005518173,1,1.79542977187188,-0.00457022812812014,0.00457022812812014,0.00457022812812014,2.08869851430605e-05,1.76092232434726,1.85138785393657,1
6,"n600-b1_2-b2_2p5-b3_2p5",600,3,53,1,1,0.6931472,0.9162907,0.9162907,1.5,1.8,1,1.3,0.0716666666666667,204,102,197,97,FALSE,NA,TRUE,NA,0.465880630637426,-0.227266569362574,0.227266569362574,0.227266569362574,0.0516500935498336,0.138280017750605,0.79792852243085,1,0.80793203874545,-0.10835866125455,0.10835866125455,0.10835866125455,0.0117415994688784,0.521733696559089,1.10360810812096,1,1.12440655701916,0.208115857019158,0.208115857019158,0.208115857019158,0.0433122099428188,0.723302709923922,1.51909643380788,1,1.26317435007412,-0.236825649925879,0.236825649925879,0.236825649925879,0.056086388462815,1.13585643529762,1.42844122669639,0,1.43966911145027,-0.360330888549725,0.360330888549725,0.360330888549725,0.129838349243035,1.17909452794333,1.72407154130947,0
6,"n600-b1_2-b2_2p5-b3_2p5",600,4,54,1,1,0.6931472,0.9162907,0.9162907,1.5,1.8,1,1.3,0.105,204,93,198,105,FALSE,NA,TRUE,NA,0.57933662058089,-0.11381057941911,0.11381057941911,0.11381057941911,0.0129528479877134,0.26524431286978,0.897408289295758,1,0.826512432461057,-0.0897782675389431,0.0897782675389431,0.0897782675389431,0.00806013732229405,0.553396159849047,1.10796328122889,1,0.999927491049244,0.0836367910492443,0.0836367910492443,0.0836367910492443,0.00699511281701495,0.609764927838518,1.38706586394624,1,1.51982210647193,0.0198221064719306,0.0198221064719306,0.0198221064719306,0.000392915904984553,1.46640975053208,1.61095470172952,1,1.86863726426499,0.0686372642649926,0.0686372642649926,0.0686372642649926,0.00471107404578243,1.75944249290017,1.9778613310099,1
6,"n600-b1_2-b2_2p5-b3_2p5",600,5,55,1,1,0.6931472,0.9162907,0.9162907,1.5,1.8,1,1.3,0.0783333333333334,183,109,213,95,FALSE,NA,TRUE,NA,0.617078137854372,-0.0760690621456279,0.0760690621456279,0.0760690621456279,0.0057865022157154,0.309869496947901,0.926881748232076,1,0.947507409370948,0.0312167093709476,0.0312167093709476,0.0312167093709476,0.000974482943950205,0.671272198786893,1.23459961711961,1,1.12669561537183,0.210404915371835,0.210404915371835,0.210404915371835,0.044270228412629,0.739791728348623,1.50972256720078,1,1.50112835332236,0.00112835332236116,0.00112835332236116,0.00112835332236116,1.27318122008348e-06,1.43483685054234,1.59607764799037,1,1.79467824162555,-0.00532175837445248,0.00532175837445248,0.00532175837445248,2.83211121960551e-05,1.75881118311456,1.87936770047122,1
6,"n600-b1_2-b2_2p5-b3_2p5",600,6,56,1,1,0.6931472,0.9162907,0.9162907,1.5,1.8,1,1.3,0.0933333333333334,180,99,209,112,FALSE,NA,TRUE,NA,0.901716211706136,0.208569011706136,0.208569011706136,0.208569011706136,0.0435010326440743,0.587328239793876,1.21936452927619,1,1.11381320678726,0.197522506787264,0.197522506787264,0.197522506787264,0.0390151406875248,0.839399538260085,1.39070254665714,1,0.64747707463137,-0.26881362536863,0.26881362536863,0.26881362536863,0.0722607651838263,0.268844640134447,1.02872714934742,1,1.52169983846579,0.0216998384657876,0.0216998384657876,0.0216998384657876,0.000470882989441275,1.37704105878503,1.65186967158815,1,1.69643941973834,-0.103560580261655,0.103560580261655,0.103560580261655,0.0107247937841308,1.62077380878633,1.80488137340494,1
6,"n600-b1_2-b2_2p5-b3_2p5",600,7,57,1,1,0.6931472,0.9162907,0.9162907,1.5,1.8,1,1.3,0.0883333333333334,196,109,202,93,FALSE,NA,TRUE,NA,0.623818973124199,-0.0693282268758005,0.0693282268758005,0.0693282268758005,0.00480640304174247,0.319410372637128,0.934625008156081,1,0.961151434755185,0.0448607347551851,0.0448607347551851,0.0448607347551851,0.00201248552277508,0.681603303242646,1.24840522936141,1,0.945579299690756,0.0292885996907557,0.0292885996907557,0.0292885996907557,0.000857822071845335,0.563668123881883,1.32742430065152,1,1.54699646779239,0.0469964677923949,0.0469964677923949,0.0469964677923949,0.00220866798496161,1.43498829972525,1.64868281982682,1,1.84665702773522,0.0466570277352247,0.0466570277352247,0.0466570277352247,0.00217687823708553,1.7863964332927,1.95681992983775,1
6,"n600-b1_2-b2_2p5-b3_2p5",600,8,58,1,1,0.6931472,0.9162907,0.9162907,1.5,1.8,1,1.3,0.0666666666666667,195,103,202,100,FALSE,NA,TRUE,NA,0.712331711657798,0.0191845116577984,0.0191845116577984,0.0191845116577984,0.000368045487548204,0.40158974541761,1.02599571736135,1,0.965638025731646,0.0493473257316464,0.0493473257316464,0.0493473257316464,0.00243515855686521,0.688528159986173,1.25205131791385,1,0.739588610133962,-0.176702089866038,0.176702089866038,0.176702089866038,0.0312236285630254,0.35729123092833,1.12468000039996,1,1.59674875860068,0.0967487586006825,0.0967487586006825,0.0967487586006825,0.00936032229077315,1.48003665713263,1.77766798815232,1,1.7822384215613,-0.0177615784387035,0.0177615784387035,0.0177615784387035,0.000315473668634218,1.68676941252831,1.98667499942574,1
6,"n600-b1_2-b2_2p5-b3_2p5",600,9,59,1,1,0.6931472,0.9162907,0.9162907,1.5,1.8,1,1.3,0.0733333333333334,208,92,199,101,FALSE,NA,TRUE,NA,0.56223837912868,-0.13090882087132,0.13090882087132,0.13090882087132,0.0171371193819194,0.252502841876023,0.867476436169907,1,0.66458944864474,-0.25170125135526,0.25170125135526,0.25170125135526,0.0633535199338037,0.398953996303297,0.933350058944265,1,1.06063454422098,0.144343844220979,0.144343844220979,0.144343844220979,0.0208351453644902,0.678043007208123,1.44031771086961,1,1.861058464234,0.361058464233998,0.361058464233998,0.361058464233998,0.130363214595013,1.49510880641683,2.41300665481117,1,2.4220281757126,0.622028175712604,0.622028175712604,0.622028175712604,0.38691905138035,1.77571019682203,2.98128879212358,1
6,"n600-b1_2-b2_2p5-b3_2p5",600,10,60,1,1,0.6931472,0.9162907,0.9162907,1.5,1.8,1,1.3,0.0683333333333334,179,117,201,103,FALSE,NA,TRUE,NA,0.576700906134836,-0.116446293865164,0.116446293865164,0.116446293865164,0.0135597393549322,0.291518098658012,0.87089099454236,1,0.75855480255021,-0.15773589744979,0.15773589744979,0.15773589744979,0.0248806133442907,0.494526322041297,1.03360534342076,1,0.970923543408831,0.0546328434088315,0.0546328434088315,0.0546328434088315,0.0029847475789339,0.598702741848151,1.33802872181255,1,1.6761514690316,0.176151469031602,0.176151469031602,0.176151469031602,0.0310293400419913,1.47632280398153,1.79962571906529,1,1.85989930408684,0.0598993040868425,0.0598993040868425,0.0598993040868425,0.00358792663008803,1.75037690295708,2.00361011411483,1
7,"n600-b1_2-b2_2p5-b3_2p5",600,1,61,1,1,0.6931472,0.9162907,0.9162907,1.5,1.8,1,1.3,0.0683333333333334,193,102,216,89,FALSE,NA,TRUE,NA,1.0028568951372,0.309709695137204,0.309709695137204,0.309709695137204,0.0959200952619797,0.6800075911589,1.33513597173808,1,1.05264141319841,0.136350713198412,0.136350713198412,0.136350713198412,0.0185915169897156,0.757938194397753,1.35877547142127,1,0.610257063844925,-0.306033636155075,0.306033636155075,0.306033636155075,0.0936565864582967,0.215404177952544,0.999997887953191,1,1.50805843640665,0.0080584364066516,0.0080584364066516,0.0080584364066516,6.4938397320048e-05,1.4046295018632,1.78763388907894,1,1.73969489723037,-0.0603051027696269,0.0603051027696269,0.0603051027696269,0.00363670542005526,1.50692825117703,2.05288469056224,1
7,"n600-b1_2-b2_2p5-b3_2p5",600,2,62,1,1,0.6931472,0.9162907,0.9162907,1.5,1.8,1,1.3,0.0766666666666667,197,101,211,91,FALSE,NA,TRUE,NA,0.651739128392584,-0.0414080716074164,0.0414080716074164,0.0414080716074164,0.00171462839424493,0.327371636003692,0.976533213725879,1,1.05097451428062,0.134683814280621,0.134683814280621,0.134683814280621,0.0181397298291769,0.764191858959596,1.34780210352712,1,0.717693857813072,-0.198596842186928,0.198596842186928,0.198596842186928,0.0394407057266194,0.320101799986808,1.11058225546685,1,1.49690739687661,-0.00309260312338555,0.00309260312338555,0.00309260312338555,9.56419407877407e-06,1.43670198919773,1.56813308090461,1,1.7684213200841,-0.0315786799158957,0.0315786799158957,0.0315786799158957,0.000997213025230594,1.66902545573543,1.8828881974024,1
7,"n600-b1_2-b2_2p5-b3_2p5",600,3,63,1,1,0.6931472,0.9162907,0.9162907,1.5,1.8,1,1.3,0.0683333333333334,201,100,195,104,FALSE,NA,TRUE,NA,0.811912587848133,0.118765387848133,0.118765387848133,0.118765387848133,0.0141052173507176,0.501125508739997,1.12246766482054,1,0.850756755661191,-0.0655339443388088,0.0655339443388088,0.0655339443388088,0.00429469786060209,0.579409237924531,1.1283557014758,1,1.12434536744044,0.208054667440436,0.208054667440436,0.208054667440436,0.0432867446437503,0.739067569132396,1.50996840571948,1,1.49710247785237,-0.00289752214763128,0.00289752214763128,0.00289752214763128,8.3956345960138e-06,1.4198690411941,1.6812227807228,1,1.79296162517693,-0.00703837482306957,0.00703837482306957,0.00703837482306957,4.95387201500196e-05,1.70877511318563,2.03503086027036,1
7,"n600-b1_2-b2_2p5-b3_2p5",600,4,64,1,1,0.6931472,0.9162907,0.9162907,1.5,1.8,1,1.3,0.0649999999999999,211,101,203,85,FALSE,NA,TRUE,NA,0.773119454431657,0.0799722544316566,0.0799722544316566,0.0799722544316566,0.00639556147888161,0.426317803131087,1.11978361702652,1,1.04026690331524,0.123976203315244,0.123976203315244,0.123976203315244,0.0153700989884628,0.732502531834053,1.3545595383497,1,0.898638326551966,-0.0176523734480343,0.0176523734480343,0.0176523734480343,0.000311606288348865,0.485451960933861,1.3093288444401,1,1.44846811321284,-0.0515318867871615,0.0515318867871615,0.0515318867871615,0.00265553535584483,1.27660143886998,1.62271085318611,1,1.79040846887864,-0.00959153112136457,0.00959153112136457,0.00959153112136457,9.19974692521051e-05,1.62462620492057,1.89749688192956,1
7,"n600-b1_2-b2_2p5-b3_2p5",600,5,65,1,1,0.6931472,0.9162907,0.9162907,1.5,1.8,1,1.3,0.0933333333333334,210,109,179,102,FALSE,NA,TRUE,NA,0.855599661369364,0.162452461369364,0.162452461369364,0.162452461369364,0.0263908022049648,0.544330946569844,1.17076739396634,1,1.04650210446527,0.130211404465269,0.130211404465269,0.130211404465269,0.0169550098528179,0.758919284294788,1.33834602022971,1,0.785866888350522,-0.130423811649478,0.130423811649478,0.130423811649478,0.0170103706451786,0.394498882617392,1.16800366499904,1,1.67121758029344,0.171217580293437,0.171217580293437,0.171217580293437,0.0293154598015396,1.49128753451992,1.87726182200344,1,1.76685443703865,-0.0331455629613466,0.0331455629613466,0.0331455629613466,0.00109862834402459,1.66619610254345,1.87201354208772,1
7,"n600-b1_2-b2_2p5-b3_2p5",600,6,66,1,1,0.6931472,0.9162907,0.9162907,1.5,1.8,1,1.3,0.08,176,111,212,101,FALSE,NA,TRUE,NA,0.796661065059582,0.103513865059582,0.103513865059582,0.103513865059582,0.0107151202595734,0.492127949221988,1.10708614427597,1,0.984408871149882,0.0681181711498824,0.0681181711498824,0.0681181711498824,0.00464008524080467,0.706060383704124,1.27291854701693,1,0.839597665759953,-0.0766930342400475,0.0766930342400475,0.0766930342400475,0.00588182150094509,0.451810437449581,1.22009056546305,1,1.50976082811419,0.00976082811419343,0.00976082811419343,0.00976082811419343,9.52737654748289e-05,1.41361169609262,1.55420208797234,1,1.83305484000367,0.0330548400036712,0.0330548400036712,0.0330548400036712,0.0010926224476683,1.76723201695103,1.94970353532256,1
7,"n600-b1_2-b2_2p5-b3_2p5",600,7,67,1,1,0.6931472,0.9162907,0.9162907,1.5,1.8,1,1.3,0.0733333333333334,200,97,198,105,FALSE,NA,TRUE,NA,0.759610896375356,0.0664636963753558,0.0664636963753558,0.0664636963753558,0.00441742293587548,0.448136927445991,1.06899664561688,1,0.767586381050505,-0.148704318949495,0.148704318949495,0.148704318949495,0.0221129744742332,0.504719710101892,1.03677719755167,1,0.813869354795661,-0.102421345204339,0.102421345204339,0.102421345204339,0.0104901319534664,0.438869955537171,1.18578926148347,1,1.47121852790795,-0.0287814720920527,0.0287814720920527,0.0287814720920527,0.00082837313578561,1.31054265692083,1.63089676577262,1,1.82862351398427,0.0286235139842677,0.0286235139842677,0.0286235139842677,0.000819305552807566,1.6976016044082,1.96013897609116,1
7,"n600-b1_2-b2_2p5-b3_2p5",600,8,68,1,1,0.6931472,0.9162907,0.9162907,1.5,1.8,1,1.3,0.0783333333333334,207,109,198,86,FALSE,NA,TRUE,NA,0.73485672333524,0.0417095233352403,0.0417095233352403,0.0417095233352403,0.00173968433685295,0.405689214501639,1.06681565665106,1,1.22518720213496,0.308896502134959,0.308896502134959,0.308896502134959,0.0954170490312127,0.917306434278335,1.53702978433333,0,0.727189997942127,-0.189100702057873,0.189100702057873,0.189100702057873,0.0357590755187804,0.327903853714105,1.12763819969992,1,1.54977080839857,0.0497708083985668,0.0497708083985668,0.0497708083985668,0.00247713336864685,1.50930301169143,1.59684705502141,0,1.65239637058483,-0.147603629415167,0.147603629415167,0.147603629415167,0.0217868314165301,1.61086641709596,1.70587257070701,0
7,"n600-b1_2-b2_2p5-b3_2p5",600,9,69,1,1,0.6931472,0.9162907,0.9162907,1.5,1.8,1,1.3,0.07,201,95,196,108,FALSE,NA,TRUE,NA,0.552999839385016,-0.140147360614984,0.140147360614984,0.140147360614984,0.0196412826873463,0.248365166169223,0.85885290737249,1,0.782765717161975,-0.133524982838025,0.133524982838025,0.133524982838025,0.0178289210418948,0.508001750870167,1.06063312261578,1,1.07713484968839,0.160844149688391,0.160844149688391,0.160844149688391,0.0258708404889814,0.7003002695966,1.46388635618199,1,1.47946342172438,-0.0205365782756159,0.0205365782756159,0.0205365782756159,0.000421751047270501,1.3846977369101,1.56075698594257,1,1.72249493208192,-0.0775050679180824,0.0775050679180824,0.0775050679180824,0.00600703555298657,1.50957275270703,1.9116975929722,1
7,"n600-b1_2-b2_2p5-b3_2p5",600,10,70,1,1,0.6931472,0.9162907,0.9162907,1.5,1.8,1,1.3,0.0566666666666666,200,103,222,75,FALSE,NA,TRUE,NA,0.651984348723378,-0.0411628512766218,0.0411628512766218,0.0411628512766218,0.00169438032522128,0.315387530415063,0.992625107566987,1,1.02885437368736,0.112563673687357,0.112563673687357,0.112563673687357,0.0126705806339937,0.725677725743315,1.34519628382706,1,0.813193281171683,-0.103097418828317,0.103097418828317,0.103097418828317,0.0106290777690613,0.413205041096568,1.21556480592824,1,1.54282880473061,0.0428288047306133,0.0428288047306133,0.0428288047306133,0.00183430651465301,1.48637545869411,1.66140454675176,1,1.72859768516149,-0.0714023148385114,0.0714023148385114,0.0714023148385114,0.00509829056429791,1.64050164181169,1.88072903130395,1
8,"n600-b1_2-b2_2p5-b3_2p5",600,1,71,1,1,0.6931472,0.9162907,0.9162907,1.5,1.8,1,1.3,0.0600000000000001,222,92,192,94,FALSE,NA,TRUE,NA,0.964930898131465,0.271783698131465,0.271783698131465,0.271783698131465,0.0738663785700154,0.634038554063037,1.29514485399566,1,1.25412057700375,0.337829877003752,0.337829877003752,0.337829877003752,0.11412902579637,0.958474819071993,1.56166128247568,0,0.570101081470646,-0.346189618529354,0.346189618529354,0.346189618529354,0.1198472519775,0.176745222085242,0.963681389685139,1,1.4270851507317,-0.0729148492682976,0.0729148492682976,0.0729148492682976,0.00531657524381856,1.3377789132543,1.5312680424972,1,1.74879398081229,-0.0512060191877119,0.0512060191877119,0.0512060191877119,0.00262205640105232,1.61181566919307,1.86302266119755,1
8,"n600-b1_2-b2_2p5-b3_2p5",600,2,72,1,1,0.6931472,0.9162907,0.9162907,1.5,1.8,1,1.3,0.0666666666666667,209,113,176,102,FALSE,NA,TRUE,NA,0.723146838324416,0.0299996383244158,0.0299996383244158,0.0299996383244158,0.000899978299595755,0.427495052249341,1.01976496168064,1,0.892077400999535,-0.0242132990004649,0.0242132990004649,0.0242132990004649,0.000586283848485913,0.612439098218098,1.17773506152658,1,0.774612067330716,-0.141678632669284,0.141678632669284,0.141678632669284,0.0200728349550379,0.407767813994092,1.14732567093722,1,1.45093923664621,-0.0490607633537912,0.0490607633537912,0.0490607633537912,0.0024069585008567,1.01273362972173,1.66484355143404,1,1.85039138148304,0.0503913814830399,0.0503913814830399,0.0503913814830399,0.00253929132776926,1.74761349440408,2.02373194698581,1
8,"n600-b1_2-b2_2p5-b3_2p5",600,3,73,1,1,0.6931472,0.9162907,0.9162907,1.5,1.8,1,1.3,0.0716666666666667,185,104,208,103,FALSE,NA,TRUE,NA,0.952692129960261,0.259544929960261,0.259544929960261,0.259544929960261,0.067363570668077,0.640094199132538,1.26489172037815,1,1.12760141749719,0.211310717497192,0.211310717497192,0.211310717497192,0.0446522193291779,0.84611396366795,1.41592503729774,1,0.566994107396693,-0.349296592603307,0.349296592603307,0.349296592603307,0.12200810960428,0.188291145065882,0.951408583585203,1,1.51882535357574,0.0188253535757377,0.0188253535757377,0.0188253535757377,0.000354393937251539,1.37617959609764,1.60731620878663,1,1.82019485402542,0.0201948540254244,0.0201948540254244,0.0201948540254244,0.000407832129108201,1.7565745466694,1.91615841962652,1
8,"n600-b1_2-b2_2p5-b3_2p5",600,4,74,1,1,0.6931472,0.9162907,0.9162907,1.5,1.8,1,1.3,0.075,191,95,215,99,FALSE,NA,TRUE,NA,0.877514753447851,0.184367553447851,0.184367553447851,0.184367553447851,0.0339913947643463,0.555918426826645,1.20720248073948,1,1.09476590000625,0.178475200006251,0.178475200006251,0.178475200006251,0.0318533970172715,0.817027004870011,1.38590064585793,1,0.61779822400948,-0.29849247599052,0.29849247599052,0.29849247599052,0.0890977582229514,0.226871939484375,0.99950276092322,1,1.57337867507586,0.0733786750758625,0.0733786750758625,0.0733786750758625,0.005384429955889,1.44620164801736,1.72648168193525,1,1.84075081578242,0.0407508157824195,0.0407508157824195,0.0407508157824195,0.00166062898693269,1.77130724228915,1.96314676156782,1
8,"n600-b1_2-b2_2p5-b3_2p5",600,5,75,1,1,0.6931472,0.9162907,0.9162907,1.5,1.8,1,1.3,0.0833333333333334,181,114,210,95,FALSE,NA,TRUE,NA,0.904085010305413,0.210937810305413,0.210937810305413,0.210937810305413,0.0444947598164425,0.58839135046562,1.22364899120638,1,1.24264705669548,0.326356356695479,0.326356356695479,0.326356356695479,0.106508471555547,0.945769543091218,1.54424862173853,0,0.492798701745951,-0.423491998254049,0.423491998254049,0.423491998254049,0.179345472585207,0.10684666347767,0.882297112543546,0,1.53875957628788,0.0387595762878827,0.0387595762878827,0.0387595762878827,0.0015023047540162,1.49875578737464,1.59212287133841,1,1.82745176835963,0.027451768359634,0.027451768359634,0.027451768359634,0.000753599586071004,1.78111119148788,1.92987462220858,1
8,"n600-b1_2-b2_2p5-b3_2p5",600,6,76,1,1,0.6931472,0.9162907,0.9162907,1.5,1.8,1,1.3,0.0716666666666667,213,85,211,91,FALSE,NA,TRUE,NA,0.493767402290716,-0.199379797709284,0.199379797709284,0.199379797709284,0.0397523037345952,0.165563212144385,0.823922441056617,1,0.860389587791796,-0.055901112208204,0.055901112208204,0.055901112208204,0.00312493434611422,0.58473392337161,1.14600456963199,1,1.15268195271919,0.236391252719194,0.236391252719194,0.236391252719194,0.0558808243621498,0.761038137472168,1.5503115095796,1,1.49175587871979,-0.00824412128021179,0.00824412128021179,0.00824412128021179,6.79655356828409e-05,1.46212704788803,1.62274339554055,1,1.779740009885,-0.0202599901150036,0.0202599901150036,0.0202599901150036,0.000410467199460042,1.71123853208953,1.83305620044408,1
8,"n600-b1_2-b2_2p5-b3_2p5",600,7,77,1,1,0.6931472,0.9162907,0.9162907,1.5,1.8,1,1.3,0.0600000000000001,214,81,201,104,FALSE,NA,TRUE,NA,0.752785268671788,0.0596380686717884,0.0596380686717884,0.0596380686717884,0.00355669923490095,0.426860942006269,1.07939844360529,1,1.17165202891856,0.255361328918563,0.255361328918563,0.255361328918563,0.0652094083070545,0.897464610060852,1.45495658917502,1,0.833727778011457,-0.0825629219885431,0.0825629219885431,0.0825629219885431,0.00681663608728625,0.443737390956561,1.22236162293983,1,1.48166745182808,-0.0183325481719194,0.0183325481719194,0.0183325481719194,0.000336082322475746,1.38481780537611,1.54715708020137,1,1.8097241334699,0.00972413346989898,0.00972413346989898,0.00972413346989898,9.45587717404095e-05,1.69079178296618,1.90610060283833,1
8,"n600-b1_2-b2_2p5-b3_2p5",600,8,78,1,1,0.6931472,0.9162907,0.9162907,1.5,1.8,1,1.3,0.0683333333333334,212,102,196,90,FALSE,NA,TRUE,NA,0.752846105415531,0.0596989054155312,0.0596989054155312,0.0596989054155312,0.00356395930781255,0.429055003888059,1.07562526337715,1,1.13728011386568,0.220989413865678,0.220989413865678,0.220989413865678,0.0488363210406961,0.841125717100765,1.44215943405218,1,0.638102736601884,-0.278187963398116,0.278187963398116,0.278187963398116,0.0773885429795918,0.253968016408045,1.02762661368119,1,1.48696102436358,-0.0130389756364162,0.0130389756364162,0.0130389756364162,0.000170014885647055,1.43917103734283,1.59669423892254,1,1.79235524537962,-0.00764475462037795,0.00764475462037795,0.00764475462037795,5.844227320579e-05,1.72808632664515,1.93237131056262,1
8,"n600-b1_2-b2_2p5-b3_2p5",600,9,79,1,1,0.6931472,0.9162907,0.9162907,1.5,1.8,1,1.3,0.07,179,102,206,113,FALSE,NA,TRUE,NA,0.650462274944638,-0.0426849250553616,0.0426849250553616,0.0426849250553616,0.00182200282698184,0.349064550917858,0.954243651226863,1,0.992816319120243,0.0765256191202431,0.0765256191202431,0.0765256191202431,0.00585617038173652,0.723900559314215,1.26914526503972,1,0.745519824148397,-0.170770875851603,0.170770875851603,0.170770875851603,0.0291626920391236,0.371306025374124,1.11883211976662,1,1.41050480682211,-0.0894951931778927,0.0894951931778927,0.0894951931778927,0.00800938960194833,1.31283454494267,1.51853237266864,1,1.81506223422138,0.0150622342213766,0.0150622342213766,0.0150622342213766,0.00022687089973961,1.63999805622787,1.91400143001202,1
8,"n600-b1_2-b2_2p5-b3_2p5",600,10,80,1,1,0.6931472,0.9162907,0.9162907,1.5,1.8,1,1.3,0.0683333333333334,219,97,191,93,FALSE,NA,TRUE,NA,0.753644504466142,0.0604973044661418,0.0604973044661418,0.0604973044661418,0.00365992384766906,0.441358995436825,1.07165351989077,1,0.809403383773507,-0.106887316226493,0.106887316226493,0.106887316226493,0.0114248983701022,0.529462532949865,1.09638346513894,1,0.831160661260047,-0.0851300387399532,0.0851300387399532,0.0851300387399532,0.00724712349586593,0.444431674554753,1.21638256646159,1,1.59087360465291,0.0908736046529144,0.0908736046529144,0.0908736046529144,0.00825801202261418,1.4330746732273,1.77265749011543,1,1.82797417393581,0.0279741739358121,0.0279741739358121,0.0279741739358121,0.000782554407391071,1.75058784276021,1.98061842049324,1
9,"n600-b1_2-b2_2p5-b3_2p5",600,1,81,1,1,0.6931472,0.9162907,0.9162907,1.5,1.8,1,1.3,0.095,210,84,207,99,FALSE,NA,TRUE,NA,1.22205845522275,0.528911255222755,0.528911255222755,0.528911255222755,0.27974711590131,0.869685908045848,1.57714217817386,0,1.52771537615223,0.611424676152229,0.611424676152229,0.611424676152229,0.373840134607858,1.21404588627565,1.84754110103907,0,0.256379856600398,-0.659910843399602,0.659910843399602,0.659910843399602,0.435482321236374,-0.154752321499245,0.66714621987607,0,1.55688910454173,0.0568891045417308,0.0568891045417308,0.0568891045417308,0.00323637021555998,1.47599745579441,1.71640488550771,1,1.85327510501118,0.0532751050111817,0.0532751050111817,0.0532751050111817,0.00283823681395244,1.74678908655243,2.00755625764303,1
9,"n600-b1_2-b2_2p5-b3_2p5",600,2,82,1,1,0.6931472,0.9162907,0.9162907,1.5,1.8,1,1.3,0.0600000000000001,202,104,204,90,FALSE,NA,TRUE,NA,0.631718583548157,-0.0614286164518429,0.0614286164518429,0.0614286164518429,0.00377347491918763,0.323238117418316,0.942562013017362,1,0.795967883432402,-0.120322816567598,0.120322816567598,0.120322816567598,0.0144775801867598,0.519914507465428,1.08116552203216,1,1.04597055796567,0.129679857965673,0.129679857965673,0.129679857965673,0.0168168655619973,0.666574169314298,1.42379743941106,1,1.50159526547682,0.00159526547681943,0.00159526547681943,0.00159526547681943,2.54487194153192e-06,1.43912122537339,1.57623867612162,1,1.84165900552381,0.041659005523814,0.041659005523814,0.041659005523814,0.00173547274123316,1.76720765007517,1.94186464337356,1
9,"n600-b1_2-b2_2p5-b3_2p5",600,3,83,1,1,0.6931472,0.9162907,0.9162907,1.5,1.8,1,1.3,0.045,183,105,210,102,FALSE,NA,TRUE,NA,0.465690767706407,-0.227456432293593,0.227456432293593,0.227456432293593,0.0517364285917298,0.173981713445551,0.767018928926611,1,0.926751199446606,0.0104604994466062,0.0104604994466062,0.0104604994466062,0.000109422048672449,0.66655512074135,1.19637897054454,1,1.27197433370323,0.355683633703228,0.355683633703228,0.355683633703228,0.126510847284332,0.888891835087062,1.65697170851035,1,1.52841421342479,0.0284142134247891,0.0284142134247891,0.0284142134247891,0.000807367524549466,1.47162424883415,1.61772294960817,1,1.81754539637854,0.0175453963785404,0.0175453963785404,0.0175453963785404,0.000307840934080097,1.76443007909612,1.93377885554626,1
9,"n600-b1_2-b2_2p5-b3_2p5",600,4,84,1,1,0.6931472,0.9162907,0.9162907,1.5,1.8,1,1.3,0.0616666666666666,200,86,219,95,FALSE,NA,TRUE,NA,0.915147226501981,0.222000026501981,0.222000026501981,0.222000026501981,0.0492840117668801,0.579148712626919,1.25363511300357,1,0.984202145442809,0.067911445442809,0.067911445442809,0.067911445442809,0.00461196442213163,0.698143480525491,1.28432884614482,1,0.590975476016732,-0.325315223983268,0.325315223983268,0.325315223983268,0.105829994955284,0.199073739840645,0.985152334897914,1,1.51260875593808,0.0126087559380834,0.0126087559380834,0.0126087559380834,0.000158980726306154,1.46212674354908,1.64300339224474,1,1.7529951261726,-0.0470048738274038,0.0470048738274038,0.0470048738274038,0.00220945816353015,1.67586420703949,1.81888206127097,1
9,"n600-b1_2-b2_2p5-b3_2p5",600,5,85,1,1,0.6931472,0.9162907,0.9162907,1.5,1.8,1,1.3,0.075,191,95,221,93,FALSE,NA,TRUE,NA,0.368675496936246,-0.324471703063754,0.324471703063754,0.324471703063754,0.105281886089093,0.0559108874906492,0.678738079035407,0,0.75748652758209,-0.15880417241791,0.15880417241791,0.15880417241791,0.0252187651773373,0.492036085076598,1.02986948623911,1,1.39553565856436,0.479244958564357,0.479244958564357,0.479244958564357,0.229675730309352,1.01355570447799,1.77918237471473,0,1.54593131712626,0.0459313171262634,0.0459313171262634,0.0459313171262634,0.00210968589295338,1.49929981954877,1.60947410808571,1,1.79682407994513,-0.00317592005486644,0.00317592005486644,0.00317592005486644,1.00864681949029e-05,1.74891962480215,1.84190804356807,1
9,"n600-b1_2-b2_2p5-b3_2p5",600,6,86,1,1,0.6931472,0.9162907,0.9162907,1.5,1.8,1,1.3,0.07,207,87,200,106,FALSE,NA,TRUE,NA,0.830385368886982,0.137238168886982,0.137238168886982,0.137238168886982,0.0188343149994517,0.50751939515203,1.15339909889536,1,0.994641943374916,0.0783512433749161,0.0783512433749161,0.0783512433749161,0.00613891733839533,0.717306290670059,1.28109293096337,1,0.726218771576853,-0.190071928423147,0.190071928423147,0.190071928423147,0.0361273379744941,0.339583122735339,1.10863141466606,1,1.52273703874047,0.0227370387404671,0.0227370387404671,0.0227370387404671,0.0005169729306855,1.42611992127705,1.6275531332781,1,1.80359681758966,0.00359681758966457,0.00359681758966457,0.00359681758966457,1.29370967733204e-05,1.68018760800669,1.9319165829966,1
9,"n600-b1_2-b2_2p5-b3_2p5",600,7,87,1,1,0.6931472,0.9162907,0.9162907,1.5,1.8,1,1.3,0.0683333333333334,188,84,209,119,FALSE,NA,TRUE,NA,0.556167996342472,-0.136979203657528,0.136979203657528,0.136979203657528,0.0187633022346505,0.248403386685991,0.857095461340323,1,0.823314562294321,-0.0929761377056788,0.0929761377056788,0.0929761377056788,0.00864456218266535,0.571082076929567,1.08085509562593,1,1.20235203523015,0.286061335230147,0.286061335230147,0.286061335230147,0.0818310875136547,0.825957731960565,1.58975331579003,1,1.50743795654222,0.00743795654221935,0.00743795654221935,0.00743795654221935,5.53231975239436e-05,1.45522115446937,1.59468418263954,1,1.83580129636356,0.0358012963635586,0.0358012963635586,0.0358012963635586,0.00128173282131135,1.79322234684512,1.91504128509397,1
9,"n600-b1_2-b2_2p5-b3_2p5",600,8,88,1,1,0.6931472,0.9162907,0.9162907,1.5,1.8,1,1.3,0.0716666666666667,201,98,198,103,FALSE,NA,TRUE,NA,0.726800381850765,0.0336531818507655,0.0336531818507655,0.0336531818507655,0.00113253664868069,0.420557519287041,1.03223346878819,1,1.00305351503387,0.0867628150338675,0.0867628150338675,0.0867628150338675,0.00752778607260111,0.737018277779676,1.28437749926418,1,0.751807440268823,-0.164483259731177,0.164483259731177,0.164483259731177,0.0270547427317938,0.375070895054116,1.12539305125455,1,1.4899583955107,-0.0100416044893024,0.0100416044893024,0.0100416044893024,0.000100833820719577,1.40068493655433,1.63749536864126,1,1.8213599058012,0.0213599058011977,0.0213599058011977,0.0213599058011977,0.000456245575836041,1.7220937584803,2.04346432385375,1
9,"n600-b1_2-b2_2p5-b3_2p5",600,9,89,1,1,0.6931472,0.9162907,0.9162907,1.5,1.8,1,1.3,0.075,198,113,189,100,FALSE,NA,TRUE,NA,0.516438582092295,-0.176708617907705,0.176708617907705,0.176708617907705,0.0312259356428511,0.217897620152473,0.815334512929715,1,0.651673069486551,-0.264617630513449,0.264617630513449,0.264617630513449,0.070022490378552,0.385613643412878,0.925954714173647,1,1.10372356989023,0.187432869890229,0.187432869890229,0.187432869890229,0.0351310807152876,0.733755298147156,1.47397449030916,1,1.47040873080728,-0.0295912691927152,0.0295912691927152,0.0295912691927152,0.000875643212435733,1.3920914925598,1.6040363970467,1,1.70266919501956,-0.0973308049804438,0.0973308049804438,0.0973308049804438,0.00947328559814118,1.61336767782203,1.80496167827568,1
9,"n600-b1_2-b2_2p5-b3_2p5",600,10,90,1,1,0.6931472,0.9162907,0.9162907,1.5,1.8,1,1.3,0.106666666666667,202,97,193,108,FALSE,NA,TRUE,NA,0.788728807997181,0.0955816079971809,0.0955816079971809,0.0955816079971809,0.00913584378732675,0.45902340427473,1.11779176140842,1,1.00046755111271,0.0841768511127061,0.0841768511127061,0.0841768511127061,0.00708574226325069,0.707156007137607,1.2975375685496,1,0.82633911635188,-0.0899515836481197,0.0899515836481197,0.0899515836481197,0.00809128740080468,0.425798763813808,1.22978882632797,1,1.47019183316935,-0.0298081668306485,0.0298081668306485,0.0298081668306485,0.000888526809803771,1.36819182528171,1.60167667883282,1,1.70386376698207,-0.0961362330179347,0.0961362330179347,0.0961362330179347,0.00924217529887864,1.51217213813264,1.98209512109334,1
10,"n600-b1_2-b2_2p5-b3_2p5",600,1,91,1,1,0.6931472,0.9162907,0.9162907,1.5,1.8,1,1.3,0.0683333333333334,232,111,168,89,FALSE,NA,TRUE,NA,0.70498557373918,0.0118383737391796,0.0118383737391796,0.0118383737391796,0.000140147092788498,0.383316230514185,1.03245491711754,1,1.04857334061201,0.132282640612013,0.132282640612013,0.132282640612013,0.0174986970072869,0.749116569089451,1.3643747839698,1,0.744535245575815,-0.171755454424185,0.171755454424185,0.171755454424185,0.0294999361244582,0.350199049310378,1.1328692357814,1,1.37361784886348,-0.126382151136516,0.126382151136516,0.126382151136516,0.0159724481258932,1.27130375025242,1.53934411149737,1,1.69072627595922,-0.10927372404078,0.10927372404078,0.10927372404078,0.0119407467657405,1.55819535736112,1.88054611104355,1
10,"n600-b1_2-b2_2p5-b3_2p5",600,2,92,1,1,0.6931472,0.9162907,0.9162907,1.5,1.8,1,1.3,0.0883333333333334,208,99,189,104,FALSE,NA,TRUE,NA,0.582619981718592,-0.110527218281408,0.110527218281408,0.110527218281408,0.012216265981026,0.26955172016527,0.897272752519155,1,1.04857106591555,0.132280365915553,0.132280365915553,0.132280365915553,0.0174980952067525,0.767983047915794,1.338166607507,1,1.10415445378014,0.187863753780135,0.187863753780135,0.187863753780135,0.0352927899843632,0.716674129704726,1.49530706780645,1,1.44407519035338,-0.0559248096466189,0.0559248096466189,0.0559248096466189,0.00312758433401056,1.33753873831141,1.65915005497997,1,1.76800966567357,-0.0319903343264278,0.0319903343264278,0.0319903343264278,0.00102338149031663,1.70568245880988,1.88155738862412,1
10,"n600-b1_2-b2_2p5-b3_2p5",600,3,93,1,1,0.6931472,0.9162907,0.9162907,1.5,1.8,1,1.3,0.0783333333333334,211,87,202,100,FALSE,NA,TRUE,NA,0.819728650942912,0.126581450942912,0.126581450942912,0.126581450942912,0.0160228637228129,0.494850334454638,1.15012821540706,1,1.00591718597483,0.0896264859748295,0.0896264859748295,0.0896264859748295,0.0080329069881963,0.718990860061331,1.29868529621421,1,0.844186076176411,-0.0721046238235891,0.0721046238235891,0.0721046238235891,0.00519907677674129,0.447387938615547,1.24753437491358,1,1.37280587526626,-0.127194124733741,0.127194124733741,0.127194124733741,0.0161783453667825,1.28013840993876,1.50316766306766,1,1.75024420488467,-0.0497557951153316,0.0497557951153316,0.0497557951153316,0.00247563914755885,1.64020396434394,1.84308531503545,1
10,"n600-b1_2-b2_2p5-b3_2p5",600,4,94,1,1,0.6931472,0.9162907,0.9162907,1.5,1.8,1,1.3,0.0733333333333334,205,85,209,101,FALSE,NA,TRUE,NA,0.613717719901918,-0.0794294800980822,0.0794294800980822,0.0794294800980822,0.00630904230865163,0.289850965216891,0.93194989600914,1,0.63176047722538,-0.28453022277462,0.28453022277462,0.28453022277462,0.0809574476721751,0.372826851798596,0.903004076936501,0,1.11162323917086,0.195332539170857,0.195332539170857,0.195332539170857,0.0381548008589345,0.726210178404457,1.50706839597415,1,1.56760818410055,0.0676081841005503,0.0676081841005503,0.0676081841005503,0.0045708665573739,1.46889948699508,1.73030962078223,1,1.79913760745048,-0.000862392549518143,0.000862392549518143,0.000862392549518143,7.43720909464402e-07,1.59761951496846,1.99739429563209,1
10,"n600-b1_2-b2_2p5-b3_2p5",600,5,95,1,1,0.6931472,0.9162907,0.9162907,1.5,1.8,1,1.3,0.0766666666666667,189,94,193,124,FALSE,NA,TRUE,NA,0.624617795133104,-0.0685294048668956,0.0685294048668956,0.0685294048668956,0.0046962793314109,0.327245904037341,0.919016941164372,1,0.874974025125081,-0.041316674874919,0.041316674874919,0.041316674874919,0.00170706762271976,0.616951068185292,1.13365260482674,1,0.98167406278487,0.0653833627848702,0.0653833627848702,0.0653833627848702,0.00427498412905795,0.607713540775712,1.35832505463543,1,1.58335188761369,0.0833518876136901,0.0833518876136901,0.0833518876136901,0.00694753716876522,1.41993501346259,1.79813332380378,1,1.8547615142275,0.0547615142275009,0.0547615142275009,0.0547615142275009,0.00299882344048878,1.77964252015485,2.0235342158252,1
10,"n600-b1_2-b2_2p5-b3_2p5",600,6,96,1,1,0.6931472,0.9162907,0.9162907,1.5,1.8,1,1.3,0.0783333333333334,196,109,192,103,FALSE,NA,TRUE,NA,0.896165446136994,0.203018246136994,0.203018246136994,0.203018246136994,0.041216408264541,0.591129077476511,1.20932132252238,1,1.04340022531103,0.127109525311029,0.127109525311029,0.127109525311029,0.0161568314247951,0.758778291920924,1.33909867908621,1,0.752023682519856,-0.164267017480144,0.164267017480144,0.164267017480144,0.026983653031822,0.360224991043422,1.13945860568981,1,1.48287192416101,-0.0171280758389944,0.0171280758389944,0.0171280758389944,0.000293370981946345,1.38574523214928,1.63866497772389,1,1.8441567212835,0.0441567212834977,0.0441567212834977,0.0441567212834977,0.0019498160345085,1.69858611012322,2.07887160605297,1
10,"n600-b1_2-b2_2p5-b3_2p5",600,7,97,1,1,0.6931472,0.9162907,0.9162907,1.5,1.8,1,1.3,0.075,194,92,218,96,FALSE,NA,TRUE,NA,0.789661867140004,0.096514667140004,0.096514667140004,0.096514667140004,0.00931508097314577,0.454397583777261,1.12759373862175,1,1.01234475146585,0.0960540514658539,0.0960540514658539,0.0960540514658539,0.00922638080300491,0.723490346749835,1.31447362075699,1,0.727462535811812,-0.188828164188188,0.188828164188188,0.188828164188188,0.0356560755906812,0.324772466240704,1.12306983038574,1,1.58453922181583,0.0845392218158278,0.0845392218158278,0.0845392218158278,0.00714688002522574,1.41366772180221,1.75263909149886,1,1.8365159514754,0.0365159514753972,0.0365159514753972,0.0365159514753972,0.00133341471215356,1.73618122978957,1.90393596332461,1
10,"n600-b1_2-b2_2p5-b3_2p5",600,8,98,1,1,0.6931472,0.9162907,0.9162907,1.5,1.8,1,1.3,0.0683333333333334,233,93,177,97,FALSE,NA,TRUE,NA,0.878109550880776,0.184962350880776,0.184962350880776,0.184962350880776,0.0342110712433432,0.544038744474883,1.20913948862386,1,0.848254002179372,-0.0680366978206276,0.0680366978206276,0.0680366978206276,0.00462899225033539,0.560600949650166,1.14275301886015,1,0.781544926445451,-0.134745773554549,0.134745773554549,0.134745773554549,0.0181564234908138,0.391860567607001,1.17349803673327,1,1.45669717435863,-0.0433028256413708,0.0433028256413708,0.0433028256413708,0.00187513470852696,1.38580045745029,1.52064782615162,1,1.72167649417064,-0.078323505829363,0.078323505829363,0.078323505829363,0.00613457156540226,1.59137495950045,1.80216888630365,1
10,"n600-b1_2-b2_2p5-b3_2p5",600,9,99,1,1,0.6931472,0.9162907,0.9162907,1.5,1.8,1,1.3,0.0833333333333334,192,96,215,97,FALSE,NA,TRUE,NA,0.727993029801605,0.0348458298016048,0.0348458298016048,0.0348458298016048,0.00121423185456241,0.404960656665053,1.05239277337705,1,1.08368528526159,0.167394585261592,0.167394585261592,0.167394585261592,0.0280209471749004,0.797639285242798,1.37649489680495,1,0.954523508890979,0.0382328088909786,0.0382328088909786,0.0382328088909786,0.00146174767569409,0.557044158450595,1.34798352613185,1,1.45724927864323,-0.0427507213567679,0.0427507213567679,0.0427507213567679,0.00182762417652401,1.35385408941954,1.56534073081528,1,1.75188877219092,-0.0481112278090772,0.0481112278090772,0.0481112278090772,0.00231469024129692,1.66139858862856,1.83535420061227,1
10,"n600-b1_2-b2_2p5-b3_2p5",600,10,100,1,1,0.6931472,0.9162907,0.9162907,1.5,1.8,1,1.3,0.0866666666666667,194,96,199,111,FALSE,NA,TRUE,NA,0.68482774098236,-0.00831945901764042,0.00831945901764042,0.00831945901764042,6.92133983461985e-05,0.373732909474782,0.998185025065097,1,0.76449850250959,-0.15179219749041,0.15179219749041,0.15179219749041,0.0230408712189677,0.490001685264977,1.03958435374624,1,1.0193594523622,0.103068752362199,0.103068752362199,0.103068752362199,0.0106231677135003,0.630063665876196,1.40294113108895,1,1.54309406350248,0.0430940635024795,0.0430940635024795,0.0430940635024795,0.00185709830915573,1.42301988921944,1.7386635785801,1,1.85137205959353,0.0513720595935283,0.0513720595935283,0.0513720595935283,0.00263908850688102,1.72360277074417,2.11782962492331,1
11,"n600-b1_2-b2_2p5-b3_2p5",600,1,101,1,1,0.6931472,0.9162907,0.9162907,1.5,1.8,1,1.3,0.0600000000000001,191,107,191,111,FALSE,NA,TRUE,NA,0.838277359005975,0.145130159005975,0.145130159005975,0.145130159005975,0.0210627630530997,0.53168522400567,1.15208647483811,1,0.955211071471283,0.0389203714712831,0.0389203714712831,0.0389203714712831,0.00151479531546267,0.68605250272639,1.23790219885283,1,0.921422880057353,0.00513218005735294,0.00513218005735294,0.00513218005735294,2.63392721410912e-05,0.540467205761216,1.30049298493131,1,1.53146232506574,0.0314623250657431,0.0314623250657431,0.0314623250657431,0.000989877898542486,1.46528760132579,1.6564178525757,1,1.85498002405042,0.0549800240504195,0.0549800240504195,0.0549800240504195,0.0030228030445847,1.74473200427112,2.02687967056216,1
11,"n600-b1_2-b2_2p5-b3_2p5",600,2,102,1,1,0.6931472,0.9162907,0.9162907,1.5,1.8,1,1.3,0.0649999999999999,183,111,200,106,FALSE,NA,TRUE,NA,0.861434791511248,0.168287591511248,0.168287591511248,0.168287591511248,0.0283207134566566,0.563790751499014,1.16144108933834,1,0.935338957682539,0.0190482576825394,0.0190482576825394,0.0190482576825394,0.00036283612074042,0.6696659612166,1.20761417482896,1,0.980007187199432,0.0637164871994316,0.0637164871994316,0.0637164871994316,0.00405979074103533,0.609740613512191,1.35009059857135,1,1.5719351520352,0.0719351520352016,0.0719351520352016,0.0719351520352016,0.00517466609832757,1.4600371035329,1.68320836960837,1,1.84096394118515,0.0409639411851466,0.0409639411851466,0.0409639411851466,0.00167804447742015,1.78250415582112,1.97944902457789,1
11,"n600-b1_2-b2_2p5-b3_2p5",600,3,103,1,1,0.6931472,0.9162907,0.9162907,1.5,1.8,1,1.3,0.0783333333333334,221,94,189,96,FALSE,NA,TRUE,NA,0.641635953111913,-0.0515112468880868,0.0515112468880868,0.0515112468880868,0.00265340855596544,0.324590208451815,0.960427571484498,1,0.829203143173236,-0.0870875568267636,0.0870875568267636,0.0870875568267636,0.00758424255405478,0.545845851103485,1.11895529450712,1,1.09551854059805,0.179227840598055,0.179227840598055,0.179227840598055,0.0321226188454416,0.70255870678608,1.48855184954452,1,1.50246941098071,0.00246941098070641,0.00246941098070641,0.00246941098070641,6.09799059163339e-06,1.44359907289131,1.76027699520236,1,2.01848023168766,0.218480231687664,0.218480231687664,0.218480231687664,0.0477336116382953,1.81714675714285,2.25545040899424,0
11,"n600-b1_2-b2_2p5-b3_2p5",600,4,104,1,1,0.6931472,0.9162907,0.9162907,1.5,1.8,1,1.3,0.07,195,108,210,87,FALSE,NA,TRUE,NA,0.706497026342783,0.0133498263427828,0.0133498263427828,0.0133498263427828,0.000178217863382458,0.39671194910291,1.02210480876175,1,0.951348175245039,0.0350574752450388,0.0350574752450388,0.0350574752450388,0.00122902657055651,0.664946046683854,1.24146707129211,1,1.07968567314062,0.163394973140623,0.163394973140623,0.163394973140623,0.0266979172476248,0.690192281008475,1.46374064333896,1,1.53810569082311,0.0381056908231099,0.0381056908231099,0.0381056908231099,0.00145204367310644,1.43370600773716,1.65480657112054,1,1.81605471453875,0.0160547145387535,0.0160547145387535,0.0160547145387535,0.000257753858920863,1.697962846138,1.91256073960397,1
11,"n600-b1_2-b2_2p5-b3_2p5",600,5,105,1,1,0.6931472,0.9162907,0.9162907,1.5,1.8,1,1.3,0.0583333333333333,208,87,208,97,FALSE,NA,TRUE,NA,0.609341481354039,-0.0838057186459608,0.0838057186459608,0.0838057186459608,0.00702339847776593,0.294723119846039,0.923523752163889,1,0.836179763735245,-0.0801109362647552,0.0801109362647552,0.0801109362647552,0.00641776210921567,0.567481262485818,1.11384796856914,1,0.961817966293762,0.0455272662937624,0.0455272662937624,0.0455272662937624,0.00207273197618315,0.576068309670874,1.34341647396627,1,1.59984141610956,0.0998414161095627,0.0998414161095627,0.0998414161095627,0.00996830837076284,1.49685108695127,1.78460934169134,1,1.83675075814351,0.0367507581435145,0.0367507581435145,0.0367507581435145,0.0013506182241231,1.71540802359067,2.00546276217603,1
11,"n600-b1_2-b2_2p5-b3_2p5",600,6,106,1,1,0.6931472,0.9162907,0.9162907,1.5,1.8,1,1.3,0.07,182,114,215,89,FALSE,NA,TRUE,NA,0.599815054836967,-0.0933321451630326,0.0933321451630326,0.0933321451630326,0.00871088932073338,0.298615100508958,0.905415471824638,1,0.743404126178163,-0.172886573821837,0.172886573821837,0.172886573821837,0.0298897674078534,0.466286196681008,1.02426305559841,1,1.0174070959814,0.101116395981395,0.101116395981395,0.101116395981395,0.0102245255362663,0.637075484130858,1.395288267245,1,1.56346965925006,0.063469659250063,0.063469659250063,0.063469659250063,0.00402839764531911,1.46120299344936,1.67506269247903,1,2.0263468667831,0.226346866783096,0.226346866783096,0.226346866783096,0.0512329041025247,1.78607407847235,2.28228851557597,1
11,"n600-b1_2-b2_2p5-b3_2p5",600,7,107,1,1,0.6931472,0.9162907,0.9162907,1.5,1.8,1,1.3,0.0716666666666667,193,95,216,96,FALSE,NA,TRUE,NA,0.671573651799407,-0.0215735482005925,0.0215735482005925,0.0215735482005925,0.00046541798196329,0.354091663528692,0.988700762439184,1,1.1175767410971,0.201286041097105,0.201286041097105,0.201286041097105,0.0405160703405454,0.834601458969902,1.40706775556324,1,0.85847677256015,-0.05781392743985,0.05781392743985,0.05781392743985,0.00334245020602024,0.472879200855685,1.24084762649674,1,1.47260766104632,-0.0273923389536797,0.0273923389536797,0.0273923389536797,0.000750340233353276,1.41772500026617,1.5522824928365,1,1.78582907690896,-0.0141709230910407,0.0141709230910407,0.0141709230910407,0.000200815061252191,1.74830155060958,1.85299584086074,1
11,"n600-b1_2-b2_2p5-b3_2p5",600,8,108,1,1,0.6931472,0.9162907,0.9162907,1.5,1.8,1,1.3,0.0633333333333334,206,103,205,86,FALSE,NA,TRUE,NA,0.678160459022737,-0.0149867409772626,0.0149867409772626,0.0149867409772626,0.000224602405119562,0.355901177659068,1.00559186367237,1,0.783916048994753,-0.132374651005247,0.132374651005247,0.132374651005247,0.0175230482287609,0.497803858256099,1.07977001668419,1,0.89052730449591,-0.0257633955040899,0.0257633955040899,0.0257633955040899,0.00066375254790016,0.496542638356152,1.2792558579296,1,1.4956761668821,-0.00432383311790074,0.00432383311790074,0.00432383311790074,1.86955328314553e-05,1.43441694959316,1.57021855464135,1,1.78223220080513,-0.0177677991948735,0.0177677991948735,0.0177677991948735,0.000315694688229347,1.70940468514363,1.83515461669236,1
11,"n600-b1_2-b2_2p5-b3_2p5",600,9,109,1,1,0.6931472,0.9162907,0.9162907,1.5,1.8,1,1.3,0.0866666666666667,209,108,180,103,FALSE,NA,TRUE,NA,0.583992542110747,-0.109154657889253,0.109154657889253,0.109154657889253,0.0119147393389198,0.282242685313371,0.892281056174987,1,0.865046541629848,-0.0512441583701518,0.0512441583701518,0.0512441583701518,0.0026259637670652,0.585427749083341,1.14149811990214,1,0.989641893997446,0.0733511939974455,0.0733511939974455,0.0733511939974455,0.00538039766085088,0.615163018114619,1.36569321476366,1,1.54278727475269,0.0427872747526921,0.0427872747526921,0.0427872747526921,0.00183075088076236,1.48599370191751,1.68209586288892,1,1.78167074430007,-0.0183292556999262,0.0183292556999262,0.0183292556999262,0.000335961614513276,1.71127317441421,2.01478890228942,1
11,"n600-b1_2-b2_2p5-b3_2p5",600,10,110,1,1,0.6931472,0.9162907,0.9162907,1.5,1.8,1,1.3,0.0883333333333334,190,100,200,110,FALSE,NA,TRUE,NA,0.735552231380816,0.0424050313808161,0.0424050313808161,0.0424050313808161,0.001798186686408,0.434248098709856,1.0349677850701,1,1.07204583188837,0.155755131888367,0.155755131888367,0.155755131888367,0.0242596611095625,0.804468952340061,1.34597579676761,1,0.761090593635468,-0.155200106364532,0.155200106364532,0.155200106364532,0.0240870730155621,0.384153135462644,1.13495750211067,1,1.6572457303711,0.157245730371105,0.157245730371105,0.157245730371105,0.0247262197199422,1.48113150956302,1.92586628303261,1,1.97476388579744,0.174763885797439,0.174763885797439,0.174763885797439,0.0305424157790202,1.66828824672708,2.1143451015897,1
12,"n600-b1_2-b2_2p5-b3_2p5",600,1,111,1,1,0.6931472,0.9162907,0.9162907,1.5,1.8,1,1.3,0.0716666666666667,189,106,200,105,FALSE,NA,TRUE,NA,0.452364353130865,-0.240782846869135,0.240782846869135,0.240782846869135,0.0579763793464054,0.16088644739328,0.750551812815924,1,0.747824537627129,-0.168466162372871,0.168466162372871,0.168466162372871,0.0283808478646426,0.484689397328294,1.01744196114209,1,0.995972568108088,0.0796818681080881,0.0796818681080881,0.0796818681080881,0.00634920010519474,0.619457379570964,1.36205181860507,1,1.54661208087188,0.0466120808718771,0.0466120808718771,0.0466120808718771,0.00217268608320641,1.45494923140194,1.63072247301314,1,1.82986696992233,0.0298669699223306,0.0298669699223306,0.0298669699223306,0.000892035892341402,1.77128922139722,1.95477540953624,1
12,"n600-b1_2-b2_2p5-b3_2p5",600,2,112,1,1,0.6931472,0.9162907,0.9162907,1.5,1.8,1,1.3,0.0716666666666667,197,91,211,101,FALSE,NA,TRUE,NA,0.620166681391771,-0.0729805186082294,0.0729805186082294,0.0729805186082294,0.00532615609632612,0.303680228272981,0.942211086498921,1,0.854403352923739,-0.0618873470762613,0.0618873470762613,0.0618873470762613,0.00383004372813763,0.585904166252519,1.13568637532977,1,0.96467370844217,0.0483830084421698,0.0483830084421698,0.0483830084421698,0.00234091550591507,0.577091492051215,1.34760896983306,1,1.39788944402345,-0.102110555976547,0.102110555976547,0.102110555976547,0.0104265656418395,1.35339047644784,1.48927913973227,0,1.86664871383885,0.0666487138388456,0.0666487138388456,0.0666487138388456,0.00444205105637233,1.77804655261148,1.96727963887566,1
12,"n600-b1_2-b2_2p5-b3_2p5",600,3,113,1,1,0.6931472,0.9162907,0.9162907,1.5,1.8,1,1.3,0.075,198,96,210,96,FALSE,NA,TRUE,NA,0.588983408163399,-0.104163791836601,0.104163791836601,0.104163791836601,0.0108500955297786,0.272260991976426,0.900740590482328,1,1.03290149233313,0.116610792333131,0.116610792333131,0.116610792333131,0.0135980768885606,0.759029971141981,1.31235935542105,1,0.87833981205569,-0.0379508879443105,0.0379508879443105,0.0379508879443105,0.00144026989576161,0.499874031334354,1.26153154060586,1,1.53035999973236,0.0303599997323591,0.0303599997323591,0.0303599997323591,0.000921729583748847,1.44843536252095,1.60796559097362,1,1.8555042389283,0.0555042389283034,0.0555042389283034,0.0555042389283034,0.00308072053901019,1.7790165601962,1.94551940234105,1
12,"n600-b1_2-b2_2p5-b3_2p5",600,4,114,1,1,0.6931472,0.9162907,0.9162907,1.5,1.8,1,1.3,0.0633333333333334,186,100,208,106,FALSE,NA,TRUE,NA,0.622642372996676,-0.0705048270033242,0.0705048270033242,0.0705048270033242,0.00497093063076867,0.323727731170898,0.922728795520754,1,0.747428229107187,-0.168862470892813,0.168862470892813,0.168862470892813,0.0285145340760262,0.488923079150915,1.0106560433079,1,0.979670830582197,0.0633801305821969,0.0633801305821969,0.0633801305821969,0.00401704095261634,0.613510512978786,1.35048196388068,1,1.56081483578147,0.0608148357814708,0.0608148357814708,0.0608148357814708,0.00369844425112727,1.4743269152868,1.71298922781259,1,1.84132392344768,0.0413239234476792,0.0413239234476792,0.0413239234476792,0.00170766664910965,1.74278970216373,2.06464697261905,1
12,"n600-b1_2-b2_2p5-b3_2p5",600,5,115,1,1,0.6931472,0.9162907,0.9162907,1.5,1.8,1,1.3,0.07,199,102,188,111,FALSE,NA,TRUE,NA,0.99093677205155,0.29778957205155,0.29778957205155,0.29778957205155,0.0886786292226452,0.689636872002692,1.29931465380929,1,1.02082953820558,0.104538838205578,0.104538838205578,0.104538838205578,0.0109283686933719,0.754497192030011,1.29899201958442,1,0.710995373632493,-0.205295326367507,0.205295326367507,0.205295326367507,0.0421461710283411,0.332177605681704,1.0855952576882,1,1.56677308305019,0.0667730830501863,0.0667730830501863,0.0667730830501863,0.00445864462002707,1.46104165137638,1.82702565837104,1,1.88860256694084,0.0886025669408383,0.0886025669408383,0.0886025669408383,0.00785041486850574,1.73155066300351,2.23037756658838,1
12,"n600-b1_2-b2_2p5-b3_2p5",600,6,116,1,1,0.6931472,0.9162907,0.9162907,1.5,1.8,1,1.3,0.075,188,110,214,88,FALSE,NA,TRUE,NA,0.619035368159789,-0.0741118318402108,0.0741118318402108,0.0741118318402108,0.00549256361871168,0.306372396932553,0.935532013344554,1,0.812843348900248,-0.103447351099752,0.103447351099752,0.103447351099752,0.0107013544495555,0.529261932136241,1.11045906338966,1,1.04103647705213,0.124745777052133,0.124745777052133,0.124745777052133,0.0155615088923405,0.647997385870078,1.42493954370972,1,1.4956198815274,-0.00438011847260356,0.00438011847260356,0.00438011847260356,1.91854378340429e-05,1.33525807633596,1.65944094301731,1,1.90589980100428,0.105899801004283,0.105899801004283,0.105899801004283,0.0112147678527468,1.62525094768478,2.12378737005432,1
12,"n600-b1_2-b2_2p5-b3_2p5",600,7,117,1,1,0.6931472,0.9162907,0.9162907,1.5,1.8,1,1.3,0.07,203,97,184,116,FALSE,NA,TRUE,NA,0.472646387230887,-0.220500812769113,0.220500812769113,0.220500812769113,0.0486206084318392,0.179517030172533,0.769871260691481,1,0.985298950961151,0.0690082509611515,0.0690082509611515,0.0690082509611515,0.00476213870071726,0.715982039214695,1.25404988042144,1,1.02505116328245,0.108760463282449,0.108760463282449,0.108760463282449,0.0118288383734128,0.650891311350448,1.39742745560578,1,1.51246091243312,0.0124609124331194,0.0124609124331194,0.0124609124331194,0.00015527433866587,1.38370812568337,1.70827835704389,1,1.7232391278367,-0.0767608721633042,0.0767608721633042,0.0767608721633042,0.00589223149527113,1.62669351517588,1.89305181946285,1
12,"n600-b1_2-b2_2p5-b3_2p5",600,8,118,1,1,0.6931472,0.9162907,0.9162907,1.5,1.8,1,1.3,0.095,187,102,191,120,FALSE,NA,TRUE,NA,0.849343851021472,0.156196651021472,0.156196651021472,0.156196651021472,0.0243973937903236,0.555709164832146,1.14664243812537,1,0.971325025509984,0.0550343255099844,0.0550343255099844,0.0550343255099844,0.00302877698433892,0.708352248513941,1.24484571611724,1,0.715753800173254,-0.200536899826746,0.200536899826746,0.200536899826746,0.0402150481921224,0.339756519083792,1.08441084588289,1,1.51682276193779,0.0168227619377894,0.0168227619377894,0.0168227619377894,0.000283005319215536,1.47060799384388,1.58740036510116,1,1.76548457138372,-0.0345154286162781,0.0345154286162781,0.0345154286162781,0.00119131481256539,1.68534227254883,1.92060805955336,1
12,"n600-b1_2-b2_2p5-b3_2p5",600,9,119,1,1,0.6931472,0.9162907,0.9162907,1.5,1.8,1,1.3,0.0816666666666667,194,109,211,86,FALSE,NA,TRUE,NA,0.794861557676673,0.101714357676673,0.101714357676673,0.101714357676673,0.0103458105575782,0.461240390320814,1.13249303284444,1,0.961280223111304,0.0449895231113041,0.0449895231113041,0.0449895231113041,0.00202405718978257,0.668979939180536,1.26599513550531,1,0.730134609501514,-0.186156090498486,0.186156090498486,0.186156090498486,0.0346540900296806,0.332969751932397,1.12241312392797,1,1.36851350778395,-0.131486492216046,0.131486492216046,0.131486492216046,0.0172886976352804,1.16894841566935,1.47856976014132,0,1.64666666695329,-0.153333333046711,0.153333333046711,0.153333333046711,0.0235111110232136,1.49347444325591,1.82539365252698,1
12,"n600-b1_2-b2_2p5-b3_2p5",600,10,120,1,1,0.6931472,0.9162907,0.9162907,1.5,1.8,1,1.3,0.0933333333333334,187,88,212,113,FALSE,NA,TRUE,NA,0.69332559348015,0.000178393480149586,0.000178393480149586,0.000178393480149586,3.18242337598806e-08,0.370504390502347,1.01435209403457,1,0.976616011509945,0.0603253115099449,0.0603253115099449,0.0603253115099449,0.00363914320877189,0.709784233513465,1.25523893242094,1,0.938074309159287,0.0217836091592868,0.0217836091592868,0.0217836091592868,0.000474525628004563,0.548549783975198,1.33001563009386,1,1.52091852854344,0.0209185285434375,0.0209185285434375,0.0209185285434375,0.000437584836422607,1.44494932573459,1.71885555585424,1,1.79655998824387,-0.00344001175612507,0.00344001175612507,0.00344001175612507,1.18336808822787e-05,1.73975993350091,1.94333132048929,1
13,"n600-b1_2-b2_2p5-b3_2p5",600,1,121,1,1,0.6931472,0.9162907,0.9162907,1.5,1.8,1,1.3,0.0600000000000001,199,108,203,90,FALSE,NA,TRUE,NA,0.877833597589617,0.184686397589617,0.184686397589617,0.184686397589617,0.0341090654546302,0.566290190193779,1.19212965610789,1,0.921989748715552,0.00569904871555149,0.00569904871555149,0.00569904871555149,3.24791562622291e-05,0.641410519949835,1.21010540620455,1,0.862577398865717,-0.0537133011342827,0.0537133011342827,0.0537133011342827,0.00288511871874214,0.477446905261031,1.24786987139247,1,1.44884442309342,-0.0511555769065768,0.0511555769065768,0.0511555769065768,0.00261689304864469,1.39923500974795,1.51160157067667,1,1.77884002641913,-0.0211599735808674,0.0211599735808674,0.0211599735808674,0.000447744481943007,1.66639984904305,1.88507551749868,1
13,"n600-b1_2-b2_2p5-b3_2p5",600,2,122,1,1,0.6931472,0.9162907,0.9162907,1.5,1.8,1,1.3,0.0566666666666666,213,97,199,91,FALSE,NA,TRUE,NA,0.569227238853141,-0.123919961146859,0.123919961146859,0.123919961146859,0.015356156770639,0.251712828119622,0.894702782092014,1,0.945732399370242,0.0294416993702418,0.0294416993702418,0.0294416993702418,0.000866813661807695,0.672539282415864,1.23470811890458,1,0.914770964964933,-0.00151973503506664,0.00151973503506664,0.00151973503506664,2.309594576809e-06,0.528160123728034,1.28674443381076,1,1.52432644677119,0.0243264467711906,0.0243264467711906,0.0243264467711906,0.000591776012511568,1.45272683960888,1.6042987814179,1,1.83689303702035,0.0368930370203546,0.0368930370203546,0.0368930370203546,0.00136109618058526,1.75844225217658,1.94014275103526,1
13,"n600-b1_2-b2_2p5-b3_2p5",600,3,123,1,1,0.6931472,0.9162907,0.9162907,1.5,1.8,1,1.3,0.0833333333333334,194,109,212,85,FALSE,NA,TRUE,NA,0.73217171048357,0.0390245104835705,0.0390245104835705,0.0390245104835705,0.0015229124184823,0.403696635049461,1.0686436826457,1,0.961834636120739,0.0455439361207393,0.0455439361207393,0.0455439361207393,0.00207425011736998,0.663652198790325,1.27323631361324,1,0.782545733026993,-0.133744966973007,0.133744966973007,0.133744966973007,0.0178877161906107,0.386950534628391,1.17633941155256,1,1.56771646479833,0.067716464798329,0.067716464798329,0.067716464798329,0.00458551960478334,1.46375449615744,1.80912060280686,1,1.87767819694965,0.0776781969496516,0.0776781969496516,0.0776781969496516,0.00603390228134887,1.76330728859013,2.30982132037518,1
13,"n600-b1_2-b2_2p5-b3_2p5",600,4,124,1,1,0.6931472,0.9162907,0.9162907,1.5,1.8,1,1.3,0.0733333333333334,204,95,192,109,FALSE,NA,TRUE,NA,0.792982316566161,0.0998351165661615,0.0998351165661615,0.0998351165661615,0.00996705049977906,0.477594885044822,1.10940170281303,1,0.997409039802175,0.0811183398021749,0.0811183398021749,0.0811183398021749,0.00658018505226111,0.729837957707898,1.27900692252854,1,0.885919918829058,-0.0303707811709424,0.0303707811709424,0.0303707811709424,0.000922384348933269,0.505075488339118,1.2692019233484,1,1.50648950883235,0.00648950883234845,0.00648950883234845,0.00648950883234845,4.21137248851285e-05,1.45199833782376,1.64190229465637,1,1.82600105482358,0.0260010548235752,0.0260010548235752,0.0260010548235752,0.000676054851938562,1.76195513304306,1.92481919219625,1
13,"n600-b1_2-b2_2p5-b3_2p5",600,5,125,1,1,0.6931472,0.9162907,0.9162907,1.5,1.8,1,1.3,0.0649999999999999,196,104,202,98,FALSE,NA,TRUE,NA,0.419755022215484,-0.273392177784516,0.273392177784516,0.273392177784516,0.0747432828737602,0.118392355781307,0.724512740002019,1,0.680558103729015,-0.235732596270985,0.235732596270985,0.235732596270985,0.0555698569446592,0.41428525555051,0.955502775299439,1,1.23238229948143,0.316091599481427,0.316091599481427,0.316091599481427,0.099913899262727,0.855760646286925,1.60449674192116,1,1.58329195397062,0.0832919539706207,0.0832919539706207,0.0832919539706207,0.006937549596244,1.48722810616777,1.68129200292295,1,1.83395526897166,0.033955268971658,0.033955268971658,0.033955268971658,0.00115296029093764,1.69458825733892,1.90131260999751,1
13,"n600-b1_2-b2_2p5-b3_2p5",600,6,126,1,1,0.6931472,0.9162907,0.9162907,1.5,1.8,1,1.3,0.0683333333333334,200,103,196,101,FALSE,NA,TRUE,NA,0.809482580972175,0.116335380972175,0.116335380972175,0.116335380972175,0.013533920865941,0.506831689324763,1.11128936221486,1,0.777716012759802,-0.138574687240198,0.138574687240198,0.138574687240198,0.0192029439437186,0.504587338403075,1.05650367117639,1,0.905624391264539,-0.0106663087354613,0.0106663087354613,0.0106663087354613,0.000113770142040177,0.51927127969153,1.28399637550834,1,1.49975789812129,-0.000242101878705769,0.000242101878705769,0.000242101878705769,5.86133196728631e-08,1.24916052542711,1.73873639823194,1,1.84539301695857,0.0453930169585743,0.0453930169585743,0.0453930169585743,0.00206052598860142,1.6648703735861,2.09391305654153,1
13,"n600-b1_2-b2_2p5-b3_2p5",600,7,127,1,1,0.6931472,0.9162907,0.9162907,1.5,1.8,1,1.3,0.0816666666666667,200,87,212,101,FALSE,NA,TRUE,NA,0.634478331737357,-0.0586688682626428,0.0586688682626428,0.0586688682626428,0.00344203610321934,0.315710942238772,0.953893692542142,1,0.788065737130615,-0.128224962869385,0.128224962869385,0.128224962869385,0.0164416411028552,0.515711620575136,1.0671496263455,1,0.991361097571756,0.0750703975717555,0.0750703975717555,0.0750703975717555,0.00563556459158143,0.595081619801236,1.39260360844185,1,1.44249809585341,-0.0575019041465894,0.0575019041465894,0.0575019041465894,0.00330646898048356,1.39709371441445,1.5173070283236,1,1.75787182421893,-0.0421281757810703,0.0421281757810703,0.0421281757810703,0.00177478319464076,1.66915909162529,1.84741239081905,1
13,"n600-b1_2-b2_2p5-b3_2p5",600,8,128,1,1,0.6931472,0.9162907,0.9162907,1.5,1.8,1,1.3,0.0783333333333334,211,89,191,109,FALSE,NA,TRUE,NA,0.921414316497572,0.228267116497572,0.228267116497572,0.228267116497572,0.0521058764741161,0.602315195910773,1.25297199974458,1,1.19308905295623,0.276798352956227,0.276798352956227,0.276798352956227,0.0766173281992803,0.904735954458866,1.48947458154351,1,0.63664127819115,-0.27964942180885,0.27964942180885,0.27964942180885,0.0782037991180241,0.244005796663043,1.03173503828823,1,1.48532165298895,-0.0146783470110454,0.0146783470110454,0.0146783470110454,0.000215453870976666,1.44798764473683,1.51624669651118,1,1.77403470711353,-0.0259652928864726,0.0259652928864726,0.0259652928864726,0.000674196434680307,1.6569540502844,1.81487130661274,1
13,"n600-b1_2-b2_2p5-b3_2p5",600,9,129,1,1,0.6931472,0.9162907,0.9162907,1.5,1.8,1,1.3,0.08,195,94,205,106,FALSE,NA,TRUE,NA,0.589930287392145,-0.103216912607855,0.103216912607855,0.103216912607855,0.0106537310482976,0.277240736916067,0.898625922702074,1,0.831649987047999,-0.0846407129520006,0.0846407129520006,0.0846407129520006,0.00716405028902296,0.562994027280308,1.1022761522658,1,0.974784825679851,0.0584941256798507,0.0584941256798507,0.0584941256798507,0.00342156273905017,0.593046387726168,1.35617982228115,1,1.76194812487816,0.261948124878162,0.261948124878162,0.261948124878162,0.068616820127185,1.47874132068978,1.90659970224261,1,1.77969327556785,-0.0203067244321542,0.0203067244321542,0.0203067244321542,0.000412363057163448,1.6669798466426,1.92987974451211,1
13,"n600-b1_2-b2_2p5-b3_2p5",600,10,130,1,1,0.6931472,0.9162907,0.9162907,1.5,1.8,1,1.3,0.0916666666666667,202,88,202,108,FALSE,NA,TRUE,NA,0.924857689412557,0.231710489412557,0.231710489412557,0.231710489412557,0.0536897509038065,0.587391004891181,1.26222844585831,1,1.27508609448542,0.358795394485416,0.358795394485416,0.358795394485416,0.128734135103945,0.98455042877466,1.57078729902009,0,0.573410039159364,-0.342880660840637,0.342880660840637,0.342880660840637,0.117567147578512,0.174327794706818,0.971139161598126,1,1.52619729887801,0.0261972988780113,0.0261972988780113,0.0261972988780113,0.00068629846850385,1.47969809360001,1.58226324531593,1,1.79025622540583,-0.00974377459416731,0.00974377459416731,0.00974377459416731,9.49411433419403e-05,1.75011041812771,1.8366126501502,1
14,"n600-b1_2-b2_2p5-b3_2p5",600,1,131,1,1,0.6931472,0.9162907,0.9162907,1.5,1.8,1,1.3,0.0783333333333334,162,107,226,105,FALSE,NA,TRUE,NA,0.966099295703646,0.272952095703647,0.272952095703647,0.272952095703647,0.0745028465490126,0.664622030616495,1.26403614466069,1,1.04625388144416,0.129963181444156,0.129963181444156,0.129963181444156,0.0168904285310865,0.780646762802205,1.31985040977077,1,0.71175686949782,-0.20453383050218,0.20453383050218,0.20453383050218,0.0418340878198947,0.335771869973036,1.09158787903139,1,1.5737018067723,0.0737018067722968,0.0737018067722968,0.0737018067722968,0.00543195632150097,1.48914734540215,1.70614932871598,1,1.84125434638637,0.0412543463863735,0.0412543463863735,0.0412543463863735,0.00170192109576689,1.75035032200929,1.96148175894375,1
14,"n600-b1_2-b2_2p5-b3_2p5",600,2,132,1,1,0.6931472,0.9162907,0.9162907,1.5,1.8,1,1.3,0.095,188,109,190,113,FALSE,NA,TRUE,NA,0.435285736403262,-0.257861463596738,0.257861463596738,0.257861463596738,0.0664925344082517,0.135438512526651,0.735167059806194,1,0.700269736921856,-0.216020963078144,0.216020963078144,0.216020963078144,0.0466650564892089,0.437544120366161,0.971644015868365,1,1.1885681494277,0.272277449427699,0.272277449427699,0.272277449427699,0.0741350094668534,0.801167073750939,1.57245544311091,1,1.43082621764253,-0.069173782357469,0.069173782357469,0.069173782357469,0.00478501216563848,1.28648416119317,1.51938128218284,1,1.73080202612539,-0.0691979738746094,0.0691979738746094,0.0691979738746094,0.00478835958835112,1.45102706834782,1.93204033034582,1
14,"n600-b1_2-b2_2p5-b3_2p5",600,3,133,1,1,0.6931472,0.9162907,0.9162907,1.5,1.8,1,1.3,0.0683333333333334,213,93,187,107,FALSE,NA,TRUE,NA,0.756701297932505,0.0635540979325047,0.0635540979325047,0.0635540979325047,0.00403912336401439,0.45374506445839,1.06324283111887,1,0.975190694620581,0.0588999946205812,0.0588999946205812,0.0588999946205812,0.00346920936630449,0.697219179163079,1.25975103330502,1,0.864046746612555,-0.0522439533874453,0.0522439533874453,0.0522439533874453,0.00272943066554955,0.487292742873879,1.24274459427053,1,1.51876310064317,0.0187631006431708,0.0187631006431708,0.0187631006431708,0.000352053945745755,1.48012767054274,1.63210199644344,1,1.9002765401017,0.100276540101699,0.100276540101699,0.100276540101699,0.0100553844947676,1.77775187166388,2.13844597686504,1
14,"n600-b1_2-b2_2p5-b3_2p5",600,4,134,1,1,0.6931472,0.9162907,0.9162907,1.5,1.8,1,1.3,0.0666666666666667,198,94,206,102,FALSE,NA,TRUE,NA,0.68735223209741,-0.00579496790259004,0.00579496790259004,0.00579496790259004,3.35816529920488e-05,0.378992538086175,0.994789867446975,1,0.894637793977804,-0.0216529060221961,0.0216529060221961,0.0216529060221961,0.000468848339206054,0.618668486558002,1.18148133534265,1,0.940844613330113,0.0245539133301133,0.0245539133301133,0.0245539133301133,0.000602894659822713,0.559359824963848,1.3220012780208,1,1.5096268870624,0.00962688706239545,0.00962688706239545,0.00962688706239545,9.26769545121169e-05,1.40723449565737,1.72000590548955,1,1.76837309801124,-0.0316269019887581,0.0316269019887581,0.0316269019887581,0.00100026092940651,1.65656504884086,1.88908141501622,1
14,"n600-b1_2-b2_2p5-b3_2p5",600,5,135,1,1,0.6931472,0.9162907,0.9162907,1.5,1.8,1,1.3,0.0816666666666667,189,82,225,104,FALSE,NA,TRUE,NA,0.756338799373666,0.063191599373666,0.063191599373666,0.063191599373666,0.00399317823140191,0.436750729615228,1.07999043129129,1,0.622356036731686,-0.293934663268314,0.293934663268314,0.293934663268314,0.0863975862706569,0.350895097351016,0.894707554802283,0,1.00553337716818,0.089242677168178,0.089242677168178,0.089242677168178,0.00796425542814364,0.621309388420949,1.39122659101697,1,1.40730829651672,-0.0926917034832828,0.0926917034832828,0.0926917034832828,0.00859175189463282,1.10879432532776,1.53898687813505,1,1.74179178484801,-0.0582082151519898,0.0582082151519898,0.0582082151519898,0.00338819631118034,1.55578623527999,1.85148803068232,1
14,"n600-b1_2-b2_2p5-b3_2p5",600,6,136,1,1,0.6931472,0.9162907,0.9162907,1.5,1.8,1,1.3,0.08,197,120,189,94,FALSE,NA,TRUE,NA,0.92880656774171,0.23565936774171,0.23565936774171,0.23565936774171,0.0555353376044227,0.61018043570877,1.25774832289429,1,1.2123461707366,0.296055470736603,0.296055470736603,0.296055470736603,0.0876488417530713,0.916411070419927,1.52252160301905,0,0.659919650803585,-0.256371049196415,0.256371049196415,0.256371049196415,0.0657261148660708,0.269873823292858,1.04620464735167,1,1.49893049324795,-0.00106950675205053,0.00106950675205053,0.00106950675205053,1.14384469268168e-06,1.39079029858195,1.60839314895284,1,1.87607960713868,0.0760796071386785,0.0760796071386785,0.0760796071386785,0.00578810662237565,1.78141663752071,1.973124315017,1
14,"n600-b1_2-b2_2p5-b3_2p5",600,7,137,1,1,0.6931472,0.9162907,0.9162907,1.5,1.8,1,1.3,0.07,210,93,208,89,FALSE,NA,TRUE,NA,0.727956624660085,0.0348094246600852,0.0348094246600852,0.0348094246600852,0.00121169604516615,0.411210499929908,1.05552564801599,1,0.859344979325594,-0.0569457206744057,0.0569457206744057,0.0569457206744057,0.00324281510312744,0.577889537760744,1.15094083455117,1,0.90877047419051,-0.00752022580948952,0.00752022580948952,0.00752022580948952,5.65537962257123e-05,0.517426020404338,1.29685455871936,1,1.47994990907389,-0.0200500909261081,0.0200500909261081,0.0200500909261081,0.000402006146145202,1.35402418657835,1.73887136154392,1,1.8321532361341,0.0321532361340966,0.0321532361340966,0.0321532361340966,0.00103383059389497,1.6842538911512,2.07434541949337,1
14,"n600-b1_2-b2_2p5-b3_2p5",600,8,138,1,1,0.6931472,0.9162907,0.9162907,1.5,1.8,1,1.3,0.085,191,106,192,111,FALSE,NA,TRUE,NA,0.737936173813163,0.044788973813163,0.044788973813163,0.044788973813163,0.00200605217523621,0.441807483783879,1.0406771874437,1,0.757495075150731,-0.158795624849269,0.158795624849269,0.158795624849269,0.0252160504712697,0.486581776868788,1.03173064445763,1,1.09608958481733,0.179798884817334,0.179798884817334,0.179798884817334,0.0323276389815569,0.711467778139868,1.48438699314664,1,1.259679963529,-0.240320036470996,0.240320036470996,0.240320036470996,0.0577537199294207,1.10441323655509,1.40958405679064,0,1.85771620661179,0.0577162066117904,0.0577162066117904,0.0577162066117904,0.00333116050565488,1.56654848331146,2.1348318188461,1
14,"n600-b1_2-b2_2p5-b3_2p5",600,9,139,1,1,0.6931472,0.9162907,0.9162907,1.5,1.8,1,1.3,0.075,218,102,176,104,FALSE,NA,TRUE,NA,0.704193341858601,0.011046141858601,0.011046141858601,0.011046141858601,0.000122017249960337,0.395408398004404,1.01251054723979,1,0.847937177869579,-0.0683535221304206,0.0683535221304206,0.0683535221304206,0.00467220398763389,0.576677040000549,1.13370560027021,1,0.953357533699381,0.0370668336993811,0.0370668336993811,0.0370668336993811,0.00137395016049758,0.565537034681181,1.33713124981893,1,1.51582284644615,0.015822846446151,0.015822846446151,0.015822846446151,0.000250362469658472,1.47899258966793,1.5921186974097,1,1.80833536372346,0.00833536372345511,0.00833536372345511,0.00833536372345511,6.94782884022915e-05,1.74731874949605,1.88835582241741,1
14,"n600-b1_2-b2_2p5-b3_2p5",600,10,140,1,1,0.6931472,0.9162907,0.9162907,1.5,1.8,1,1.3,0.0733333333333334,184,110,202,104,FALSE,NA,TRUE,NA,0.496813939469341,-0.196333260530659,0.196333260530659,0.196333260530659,0.0385467491905996,0.200127230136432,0.793653014276161,1,0.652236030627128,-0.264054669372872,0.264054669372872,0.264054669372872,0.0697248684176165,0.388998082596619,0.921010153748623,1,1.11834241072598,0.202051710725983,0.202051710725983,0.202051710725983,0.0408248938072964,0.746139694754854,1.49400990358312,1,1.46607599815072,-0.0339240018492828,0.0339240018492828,0.0339240018492828,0.00115083790147014,1.39619845377742,1.57524585838373,1,1.77231263336628,-0.0276873666337201,0.0276873666337201,0.0276873666337201,0.000766590271110035,1.69343853051525,1.89447521271825,1
15,"n600-b1_2-b2_2p5-b3_2p5",600,1,141,1,1,0.6931472,0.9162907,0.9162907,1.5,1.8,1,1.3,0.0733333333333334,202,98,204,96,FALSE,NA,TRUE,NA,0.869799229391808,0.176652029391808,0.176652029391808,0.176652029391808,0.0312059394882441,0.544239208601186,1.19895932253963,1,0.947402598758821,0.0311118987588213,0.0311118987588213,0.0311118987588213,0.000967950244379144,0.664634230426323,1.23848223235163,1,0.854240790519302,-0.0620499094806976,0.0620499094806976,0.0620499094806976,0.00385019126656276,0.464185567359137,1.23579168359318,1,1.53843511535109,0.038435115351092,0.038435115351092,0.038435115351092,0.00147725809205175,1.47598028998016,1.66712621827918,1,1.84410803759288,0.04410803759288,0.04410803759288,0.04410803759288,0.00194551898029491,1.79640935283292,1.95370877171075,1
15,"n600-b1_2-b2_2p5-b3_2p5",600,2,142,1,1,0.6931472,0.9162907,0.9162907,1.5,1.8,1,1.3,0.0683333333333334,191,100,217,92,FALSE,NA,TRUE,NA,0.912090662829644,0.218943462829644,0.218943462829644,0.218943462829644,0.0479362399158358,0.588797470635441,1.24150190271215,1,0.893066068319318,-0.0232246316806817,0.0232246316806817,0.0232246316806817,0.000539383516703323,0.612816443093832,1.17842666838938,1,1.01772428502456,0.10143358502456,0.10143358502456,0.10143358502456,0.0102887721709346,0.618205950905573,1.42125202987192,1,1.51720515565518,0.0172051556551835,0.0172051556551835,0.0172051556551835,0.000296017381119094,1.43095306649868,1.59082395122701,1,1.90196500289242,0.101965002892419,0.101965002892419,0.101965002892419,0.0103968618148511,1.78257412830892,1.98327435722767,1
15,"n600-b1_2-b2_2p5-b3_2p5",600,3,143,1,1,0.6931472,0.9162907,0.9162907,1.5,1.8,1,1.3,0.0600000000000001,193,106,212,89,FALSE,NA,TRUE,NA,0.518034938610625,-0.175112261389375,0.175112261389375,0.175112261389375,0.0306643040889009,0.206787449540115,0.832879396997632,1,0.818660258474693,-0.0976304415253069,0.0976304415253069,0.0976304415253069,0.00953170311242636,0.539236725306249,1.10141182180569,1,1.06695784191786,0.150667141917864,0.150667141917864,0.150667141917864,0.0227005876536979,0.688383684965022,1.44986482181092,1,1.44654409122444,-0.0534559087755559,0.0534559087755559,0.0534559087755559,0.00285753418302056,1.28067400829208,1.58864991614982,1,1.76254144535698,-0.0374585546430204,0.0374585546430204,0.0374585546430204,0.00140314331594414,1.58490289369839,1.9866178711153,1
15,"n600-b1_2-b2_2p5-b3_2p5",600,4,144,1,1,0.6931472,0.9162907,0.9162907,1.5,1.8,1,1.3,0.09,189,95,207,109,FALSE,NA,TRUE,NA,0.719726580164516,0.0265793801645157,0.0265793801645157,0.0265793801645157,0.000706463449929849,0.40101410254902,1.04056135688358,1,0.96332104868525,0.0470303486852498,0.0470303486852498,0.0470303486852498,0.00221185369745618,0.691206738472272,1.24273279440077,1,0.931643509776039,0.0153528097760388,0.0153528097760388,0.0153528097760388,0.000235708768019233,0.544260089127383,1.32475284361216,1,1.45813295598894,-0.0418670440110629,0.0418670440110629,0.0418670440110629,0.00175284937422428,1.37234475348006,1.60731460495143,1,1.81751615217765,0.017516152177653,0.017516152177653,0.017516152177653,0.000306815587110698,1.73707574724108,2.03295903362108,1
15,"n600-b1_2-b2_2p5-b3_2p5",600,5,145,1,1,0.6931472,0.9162907,0.9162907,1.5,1.8,1,1.3,0.075,208,109,193,90,FALSE,NA,TRUE,NA,0.871761282864708,0.178614082864708,0.178614082864708,0.178614082864708,0.0319029905976008,0.545709741821469,1.19469460719954,1,0.806178608571935,-0.110112091428065,0.110112091428065,0.110112091428065,0.0121246726786625,0.523613851191158,1.10293239729527,1,1.01462759334277,0.0983368933427735,0.0983368933427735,0.0983368933427735,0.00967014459230801,0.624932291042687,1.4012516701803,1,1.38389330956908,-0.116106690430919,0.116106690430919,0.116106690430919,0.0134807635628213,1.27141904731869,1.53496671800422,1,1.66702152343399,-0.132978476566012,0.132978476566012,0.132978476566012,0.0176832752298174,1.58235034041789,1.85281059734079,1
15,"n600-b1_2-b2_2p5-b3_2p5",600,6,146,1,1,0.6931472,0.9162907,0.9162907,1.5,1.8,1,1.3,0.07,204,96,215,85,FALSE,NA,TRUE,NA,0.606594991478374,-0.086552208521626,0.086552208521626,0.086552208521626,0.00749128479997104,0.290656883266999,0.922584891285148,1,0.731180975052444,-0.185109724947556,0.185109724947556,0.185109724947556,0.0342656102701597,0.451193355931968,1.01496424084517,1,0.969351808841385,0.0530611088413855,0.0530611088413855,0.0530611088413855,0.00281548127147736,0.586601074384066,1.35492919278396,1,1.58446769915045,0.0844676991504456,0.0844676991504456,0.0844676991504456,0.00713479219977019,1.40637998599356,1.77816909748308,1,2.25756451831545,0.457564518315453,0.457564518315453,0.457564518315453,0.209365288421253,1.73693725981339,2.56572018585646,1
15,"n600-b1_2-b2_2p5-b3_2p5",600,7,147,1,1,0.6931472,0.9162907,0.9162907,1.5,1.8,1,1.3,0.0983333333333334,210,89,188,113,FALSE,NA,TRUE,NA,0.885950557122584,0.192803357122584,0.192803357122584,0.192803357122584,0.0371731345177386,0.564097561502943,1.21005384749171,1,1.15811963665298,0.241828936652978,0.241828936652978,0.241828936652978,0.0584812346027098,0.870969160947846,1.45233952851192,1,0.605346101689617,-0.310944598310383,0.310944598310383,0.310944598310383,0.0966865432184055,0.215618690829696,0.991854716215347,1,1.51369323273799,0.0136932327379931,0.0136932327379931,0.0136932327379931,0.000187504622816845,1.48324136786917,1.57129308015991,1,1.79016011184462,-0.00983988815537895,0.00983988815537895,0.00983988815537895,9.6823398910367e-05,1.76003582713464,1.82790573809626,1
15,"n600-b1_2-b2_2p5-b3_2p5",600,8,148,1,1,0.6931472,0.9162907,0.9162907,1.5,1.8,1,1.3,0.085,204,111,182,103,FALSE,NA,TRUE,NA,0.689653983340766,-0.00349321665923419,0.00349321665923419,0.00349321665923419,1.22025626283513e-05,0.385034535530415,0.994854222409046,1,0.864781363967762,-0.0515093360322385,0.0515093360322385,0.0515093360322385,0.00265321169848206,0.592306189785091,1.141207753287,1,1.06757505190992,0.151284351909917,0.151284351909917,0.151284351909917,0.0228869551328036,0.682613255056138,1.45366308548754,1,1.53371179780467,0.0337117978046715,0.0337117978046715,0.0337117978046715,0.00113648531122305,1.45849810301384,1.68156475530051,1,1.83630477547298,0.0363047754729784,0.0363047754729784,0.0363047754729784,0.00131803672214337,1.74886832757456,2.04416005490346,1
15,"n600-b1_2-b2_2p5-b3_2p5",600,9,149,1,1,0.6931472,0.9162907,0.9162907,1.5,1.8,1,1.3,0.0683333333333334,199,112,205,84,FALSE,NA,TRUE,NA,0.917899041377662,0.224751841377662,0.224751841377662,0.224751841377662,0.0505133902026496,0.579366575802422,1.26167494402195,1,0.998563956457186,0.0822732564571864,0.0822732564571864,0.0822732564571864,0.00676888872806997,0.689599732469108,1.32043420157686,1,0.525250561460684,-0.391040138539316,0.391040138539316,0.391040138539316,0.152912389948847,0.111636925257987,0.924712598290449,1,1.48439454966048,-0.0156054503395171,0.0156054503395171,0.0156054503395171,0.000243530080299134,1.43131652114892,1.56564932739633,1,1.82214906141654,0.0221490614165443,0.0221490614165443,0.0221490614165443,0.00049058092163385,1.73801639281112,1.94107079077395,1
15,"n600-b1_2-b2_2p5-b3_2p5",600,10,150,1,1,0.6931472,0.9162907,0.9162907,1.5,1.8,1,1.3,0.1,200,102,196,102,FALSE,NA,TRUE,NA,0.584103671887219,-0.109043528112781,0.109043528112781,0.109043528112781,0.0118904910232829,0.270341424778817,0.909922838564285,1,0.855498910103442,-0.0607917898965579,0.0607917898965579,0.0607917898965579,0.00369564171882724,0.578591842534324,1.14471577326584,1,1.14867680994305,0.232386109943054,0.232386109943054,0.232386109943054,0.054003304094465,0.74399153164227,1.54309614458485,1,1.47937182696636,-0.0206281730336415,0.0206281730336415,0.0206281730336415,0.000425521522705855,1.41025158970509,1.60849048255317,1,1.86132783225472,0.0613278322547191,0.0613278322547191,0.0613278322547191,0.00376110300906296,1.75547343931217,2.01235951141145,1
16,"n600-b1_2-b2_2p5-b3_2p5",600,1,151,1,1,0.6931472,0.9162907,0.9162907,1.5,1.8,1,1.3,0.0649999999999999,204,115,181,100,FALSE,NA,TRUE,NA,0.724097367390657,0.0309501673906573,0.0309501673906573,0.0309501673906573,0.000957912861509704,0.417225295591296,1.03285159251208,1,0.966720649666255,0.0504299496662555,0.0504299496662555,0.0504299496662555,0.00254317982334106,0.685260027009585,1.25622124419517,1,1.06905032835021,0.152759628350215,0.152759628350215,0.152759628350215,0.0233355040536958,0.686694340515331,1.45807856952358,1,1.64557233212509,0.145572332125093,0.145572332125093,0.145572332125093,0.0211913038803384,1.52516700560372,1.83067664908919,0,1.78905753023107,-0.0109424697689302,0.0109424697689302,0.0109424697689302,0.000119737644643952,1.68889646342554,1.98052882596772,1
16,"n600-b1_2-b2_2p5-b3_2p5",600,2,152,1,1,0.6931472,0.9162907,0.9162907,1.5,1.8,1,1.3,0.0666666666666667,209,115,177,99,FALSE,NA,TRUE,NA,0.782599268242348,0.089452068242348,0.089452068242348,0.089452068242348,0.00800167251283368,0.481470601525688,1.08933108154926,1,0.956282352325856,0.0399916523258557,0.0399916523258557,0.0399916523258557,0.00159933225575212,0.680180233061364,1.23419716289432,1,0.694644725238718,-0.221645974761282,0.221645974761282,0.221645974761282,0.0491269381278788,0.321644786255567,1.06779215790618,1,1.5222025899594,0.0222025899594018,0.0222025899594018,0.0222025899594018,0.000492955000905331,1.27611540554911,1.62562112893541,1,2.00540468160748,0.205404681607484,0.205404681607484,0.205404681607484,0.0421910832262718,1.80129251576586,2.17756286036747,0
16,"n600-b1_2-b2_2p5-b3_2p5",600,3,153,1,1,0.6931472,0.9162907,0.9162907,1.5,1.8,1,1.3,0.0633333333333334,211,93,212,84,FALSE,NA,TRUE,NA,0.413300204916682,-0.279846995083318,0.279846995083318,0.279846995083318,0.0783143406571629,0.0904974224145579,0.741490347407208,1,0.837267067421592,-0.0790236325784078,0.0790236325784078,0.0790236325784078,0.0062447345058872,0.553270724591407,1.12921011161955,1,1.11571605268707,0.19942535268707,0.19942535268707,0.19942535268707,0.0397704712943624,0.724315901421537,1.50911954619883,1,1.43579238202997,-0.0642076179700271,0.0642076179700271,0.0642076179700271,0.00412261820538494,1.3562194915246,1.53745418965319,1,1.69936096962926,-0.100639030370736,0.100639030370736,0.100639030370736,0.0101282144339619,1.56962211303415,1.81862575516481,1
16,"n600-b1_2-b2_2p5-b3_2p5",600,4,154,1,1,0.6931472,0.9162907,0.9162907,1.5,1.8,1,1.3,0.0883333333333334,196,112,200,92,FALSE,NA,TRUE,NA,0.752652965993056,0.0595057659930563,0.0595057659930563,0.0595057659930563,0.00354093618642038,0.428824009603997,1.07980035099506,1,1.22199589572061,0.30570519572061,0.30570519572061,0.30570519572061,0.0934556666905765,0.919916657277954,1.53497373916286,0,0.800195279386187,-0.116095420613813,0.116095420613813,0.116095420613813,0.0134781466874981,0.393943042182978,1.20407528293484,1,1.51705525854897,0.0170552585489721,0.0170552585489721,0.0170552585489721,0.000290881844172284,1.43462998787873,1.66129972746479,1,1.79646541770159,-0.0035345822984072,0.0035345822984072,0.0035345822984072,1.24932720242135e-05,1.5975689613737,1.93943744707411,1
16,"n600-b1_2-b2_2p5-b3_2p5",600,5,155,1,1,0.6931472,0.9162907,0.9162907,1.5,1.8,1,1.3,0.07,213,91,181,115,FALSE,NA,TRUE,NA,0.333604940185156,-0.359542259814844,0.359542259814844,0.359542259814844,0.129270636592765,0.0352977186790571,0.631628875091518,0,0.541551648445229,-0.374739051554771,0.374739051554771,0.374739051554771,0.140429356760169,0.284247465342015,0.800743127494502,0,1.40476930629866,0.488478606298661,0.488478606298661,0.488478606298661,0.238611348811482,1.02605903554483,1.7841413836864,0,1.48629928757307,-0.0137007124269279,0.0137007124269279,0.0137007124269279,0.000187709521005378,1.43662983781582,1.56697867787771,1,1.79587132710108,-0.00412867289892338,0.00412867289892338,0.00412867289892338,1.70459399063044e-05,1.75745346713603,1.85700021533927,1
16,"n600-b1_2-b2_2p5-b3_2p5",600,6,156,1,1,0.6931472,0.9162907,0.9162907,1.5,1.8,1,1.3,0.0649999999999999,201,109,197,93,FALSE,NA,TRUE,NA,0.641322833014645,-0.0518243669853552,0.0518243669853552,0.0518243669853552,0.00268576501343277,0.330230891357394,0.954926775469035,1,0.88934335133191,-0.0269473486680897,0.0269473486680897,0.0269473486680897,0.000726159600239594,0.613375512387515,1.17296931058575,1,0.918289581043004,0.0019988810430035,0.0019988810430035,0.0019988810430035,3.99552542407875e-06,0.545938675933276,1.29472656909422,1,1.47905041117945,-0.0209495888205471,0.0209495888205471,0.0209495888205471,0.000438885271749992,1.3902683646645,1.57776550879862,1,1.79015982639937,-0.00984017360063016,0.00984017360063016,0.00984017360063016,9.68290164905388e-05,1.71815148391617,1.91675522887081,1
16,"n600-b1_2-b2_2p5-b3_2p5",600,7,157,1,1,0.6931472,0.9162907,0.9162907,1.5,1.8,1,1.3,0.0600000000000001,217,90,195,98,FALSE,NA,TRUE,NA,0.587917870441847,-0.105229329558153,0.105229329558153,0.105229329558153,0.0110732117992585,0.270504018975755,0.904251582809705,1,0.829856519041376,-0.0864341809586239,0.0864341809586239,0.0864341809586239,0.00747086763798814,0.554317966872771,1.11566783289607,1,1.05996341722188,0.143672717221878,0.143672717221878,0.143672717221878,0.0206418496739177,0.669483663325753,1.445947334343,1,1.48670786359246,-0.0132921364075396,0.0132921364075396,0.0132921364075396,0.000176680890276639,1.30905573304642,1.6309625503765,1,1.83804276351529,0.0380427635152871,0.0380427635152871,0.0380427635152871,0.00144725185588006,1.7497206748716,2.10801540504373,1
16,"n600-b1_2-b2_2p5-b3_2p5",600,8,158,1,1,0.6931472,0.9162907,0.9162907,1.5,1.8,1,1.3,0.0816666666666667,200,116,192,92,FALSE,NA,TRUE,NA,1.09575649305525,0.40260929305525,0.40260929305525,0.40260929305525,0.162094242854448,0.772600949822373,1.42372595432309,0,1.20453853951901,0.288247839519005,0.288247839519005,0.288247839519005,0.0830868169873741,0.90868293256013,1.51119052326786,1,0.671018313478041,-0.245272386521959,0.245272386521959,0.245272386521959,0.0601585435901772,0.275074297293828,1.06066414271,1,1.52943593359631,0.0294359335963088,0.0294359335963088,0.0294359335963088,0.000866474186686301,1.49063347573376,1.63174644533947,1,1.81196158221279,0.011961582212793,0.011961582212793,0.011961582212793,0.000143079449033405,1.78268764903358,1.87227825057111,1
16,"n600-b1_2-b2_2p5-b3_2p5",600,9,159,1,1,0.6931472,0.9162907,0.9162907,1.5,1.8,1,1.3,0.0816666666666667,181,103,201,115,FALSE,NA,TRUE,NA,0.643797619350699,-0.049349580649301,0.049349580649301,0.049349580649301,0.00243538111026186,0.333772564315314,0.955559547528413,1,0.822007355756681,-0.0942833442433194,0.0942833442433194,0.0942833442433194,0.00888934900170427,0.544742100298003,1.10179266068209,1,1.10029313445275,0.184002434452751,0.184002434452751,0.184002434452751,0.0338568958845388,0.70771856765457,1.49249124746873,1,1.45751986790705,-0.0424801320929464,0.0424801320929464,0.0424801320929464,0.00180456162263418,1.21313933565193,1.59938937042624,1,1.67643218709702,-0.123567812902977,0.123567812902977,0.123567812902977,0.0152690043856251,1.53403756822218,1.86869738223833,1
16,"n600-b1_2-b2_2p5-b3_2p5",600,10,160,1,1,0.6931472,0.9162907,0.9162907,1.5,1.8,1,1.3,0.0766666666666667,200,108,181,111,FALSE,NA,TRUE,NA,0.794486745699098,0.101339545699098,0.101339545699098,0.101339545699098,0.0102697035224996,0.486032062367639,1.10580524813454,1,1.1076049838261,0.191314283826101,0.191314283826101,0.191314283826101,0.0366011551958938,0.822381414925223,1.40936602586856,1,0.718661265104562,-0.197629434895438,0.197629434895438,0.197629434895438,0.0390573935370901,0.336156357562763,1.09680029303038,1,1.43859939131682,-0.0614006086831784,0.0614006086831784,0.0614006086831784,0.00377003474666481,1.28513146049381,1.5248870159714,1,1.66449191611532,-0.135508083884685,0.135508083884685,0.135508083884685,0.0183624407980988,1.59271188550093,1.73626093290395,0
17,"n600-b1_2-b2_2p5-b3_2p5",600,1,161,1,1,0.6931472,0.9162907,0.9162907,1.5,1.8,1,1.3,0.0766666666666667,212,101,186,101,FALSE,NA,TRUE,NA,0.701607671904725,0.00846047190472488,0.00846047190472488,0.00846047190472488,7.1579584850639e-05,0.392813269212956,1.01817671346686,1,0.921268708167271,0.00497800816727068,0.00497800816727068,0.00497800816727068,2.47805653134135e-05,0.641005018443839,1.21200491786479,1,0.892716354327065,-0.023574345672935,0.023574345672935,0.023574345672935,0.000555749773907031,0.507859817037451,1.26947802421898,1,1.3866499760801,-0.113350023919901,0.113350023919901,0.113350023919901,0.0128482279226421,1.31935775975156,1.52119596200697,1,1.73143680327617,-0.0685631967238336,0.0685631967238336,0.0685631967238336,0.00470091194499111,1.65780391884439,1.84378926796597,1
17,"n600-b1_2-b2_2p5-b3_2p5",600,2,162,1,1,0.6931472,0.9162907,0.9162907,1.5,1.8,1,1.3,0.0666666666666667,195,91,219,95,FALSE,NA,TRUE,NA,0.464393923092358,-0.228753276907642,0.228753276907642,0.228753276907642,0.0523280616959842,0.152574524750508,0.776902723549573,1,0.776355427874731,-0.139935272125269,0.139935272125269,0.139935272125269,0.019581880384773,0.500323574129685,1.05390197785231,1,1.10977651519758,0.193485815197575,0.193485815197575,0.193485815197575,0.0374367606826703,0.724751489878931,1.49642900650136,1,1.36206576071416,-0.137934239285843,0.137934239285843,0.137934239285843,0.0190258543673642,1.24321176355243,1.53656867070184,1,1.77877268932036,-0.0212273106796375,0.0212273106796375,0.0212273106796375,0.00045059871868985,1.56823906109533,2.02149913369928,1
17,"n600-b1_2-b2_2p5-b3_2p5",600,3,163,1,1,0.6931472,0.9162907,0.9162907,1.5,1.8,1,1.3,0.0616666666666666,196,114,188,102,FALSE,NA,TRUE,NA,0.83080896622036,0.13766176622036,0.13766176622036,0.13766176622036,0.0189507618789089,0.539197663471096,1.12760759545689,1,0.951809930861129,0.0355192308611294,0.0355192308611294,0.0355192308611294,0.00126161576096621,0.674477645194908,1.23165417566468,1,0.585640722530293,-0.330649977469707,0.330649977469707,0.330649977469707,0.109329407600718,0.222433990234928,0.945505678020049,1,1.53381006572819,0.0338100657281881,0.0338100657281881,0.0338100657281881,0.0011431205445444,1.44784566527454,1.64460586766216,1,1.81205919554369,0.0120591955436904,0.0120591955436904,0.0120591955436904,0.000145424197160962,1.75936125105861,1.94752467958022,1
17,"n600-b1_2-b2_2p5-b3_2p5",600,4,164,1,1,0.6931472,0.9162907,0.9162907,1.5,1.8,1,1.3,0.0566666666666666,193,83,227,97,FALSE,NA,TRUE,NA,0.634409486482766,-0.0587377135172337,0.0587377135172337,0.0587377135172337,0.00345011898923261,0.30659481628088,0.9653428634966,1,0.922902942577771,0.0066122425777706,0.0066122425777706,0.0066122425777706,4.37217519072824e-05,0.650626396875048,1.20734722778694,1,0.84456162537599,-0.0717290746240099,0.0717290746240099,0.0717290746240099,0.00514506014641678,0.453045182688692,1.23282891682409,1,1.38960802457516,-0.110391975424839,0.110391975424839,0.110391975424839,0.0121863882381984,1.30185921633832,1.47770758623915,0,1.74186434326139,-0.058135656738614,0.058135656738614,0.058135656738614,0.00337975458442995,1.67725793915924,1.85576983840026,1
17,"n600-b1_2-b2_2p5-b3_2p5",600,5,165,1,1,0.6931472,0.9162907,0.9162907,1.5,1.8,1,1.3,0.0516666666666666,226,94,200,80,FALSE,NA,TRUE,NA,0.817477449491872,0.124330249491872,0.124330249491872,0.124330249491872,0.0154580109387112,0.48650720782995,1.15874667587685,1,0.887107922618763,-0.0291827773812373,0.0291827773812373,0.0291827773812373,0.000851634495682856,0.590425980875789,1.20119735650244,1,0.726844685951139,-0.189446014048861,0.189446014048861,0.189446014048861,0.0358897922390011,0.328275289464012,1.11904335474323,1,1.49730435984331,-0.00269564015669022,0.00269564015669022,0.00269564015669022,7.26647585436085e-06,1.35801659682477,1.63609593380582,1,1.79571809607496,-0.00428190392503636,0.00428190392503636,0.00428190392503636,1.83347012232418e-05,1.65973311776556,2.11375450081516,1
17,"n600-b1_2-b2_2p5-b3_2p5",600,6,166,1,1,0.6931472,0.9162907,0.9162907,1.5,1.8,1,1.3,0.0783333333333334,195,98,202,105,FALSE,NA,TRUE,NA,0.867115693356496,0.173968493356496,0.173968493356496,0.173968493356496,0.0302650366807292,0.559772744743182,1.17925652174145,1,0.987073901397062,0.0707832013970615,0.0707832013970615,0.0707832013970615,0.00501026160001697,0.715094003698466,1.26734247312856,1,0.710710112111962,-0.205580587888038,0.205580587888038,0.205580587888038,0.0422633781163915,0.331968226485498,1.0870610607101,1,1.54736595482503,0.0473659548250274,0.0473659548250274,0.0473659548250274,0.00224353367648653,1.4752444790531,1.70043473690096,1,1.83410704666221,0.034107046662214,0.034107046662214,0.034107046662214,0.00116329063201844,1.75906074701369,1.96927970789194,1
17,"n600-b1_2-b2_2p5-b3_2p5",600,7,167,1,1,0.6931472,0.9162907,0.9162907,1.5,1.8,1,1.3,0.075,191,112,212,85,FALSE,NA,TRUE,NA,1.00811556719333,0.314968367193327,0.314968367193327,0.314968367193327,0.0992050723324307,0.679593552832917,1.34930116933286,1,1.03356555927866,0.117274859278661,0.117274859278661,0.117274859278661,0.0137533926188296,0.736706260824327,1.34729951892346,1,0.707036153409821,-0.209254546590179,0.209254546590179,0.209254546590179,0.0437874652686613,0.303234022642101,1.10204484490967,1,1.58333401724237,0.0833340172423727,0.0833340172423727,0.0833340172423727,0.00694455842975206,1.45255339831461,1.70657418478291,1,1.85264136209463,0.0526413620946313,0.0526413620946313,0.0526413620946313,0.00277111300317809,1.76378666135253,2.00082218463058,1
17,"n600-b1_2-b2_2p5-b3_2p5",600,8,168,1,1,0.6931472,0.9162907,0.9162907,1.5,1.8,1,1.3,0.0583333333333333,207,95,190,108,FALSE,NA,TRUE,NA,0.844095604099839,0.150948404099839,0.150948404099839,0.150948404099839,0.0227854207002884,0.524080955723167,1.16353033489962,1,0.932959759344829,0.016669059344829,0.016669059344829,0.016669059344829,0.00027785753944143,0.654950476514888,1.21412853502904,1,0.881414685974294,-0.0348760140257061,0.0348760140257061,0.0348760140257061,0.00121633635432125,0.486682084733794,1.27371943126358,1,1.49235809332219,-0.00764190667780862,0.00764190667780862,0.00764190667780862,5.8398737672336e-05,1.42345053339358,1.59763024539808,1,1.76778146634124,-0.0322185336587577,0.0322185336587577,0.0322185336587577,0.0010380339111205,1.68233606343799,1.96143382519117,1
17,"n600-b1_2-b2_2p5-b3_2p5",600,9,169,1,1,0.6931472,0.9162907,0.9162907,1.5,1.8,1,1.3,0.05,223,75,219,83,FALSE,NA,TRUE,NA,0.27843633832494,-0.41471086167506,0.41471086167506,0.41471086167506,0.171985098791271,-0.0573828229850046,0.607593706461916,0,0.731452094352311,-0.184838605647689,0.184838605647689,0.184838605647689,0.0341653101377819,0.455369673603366,1.01530742818093,1,1.38805891275222,0.471768212752224,0.471768212752224,0.471768212752224,0.222565246563427,0.981702863862444,1.79562008826764,0,1.53472863428405,0.0347286342840509,0.0347286342840509,0.0347286342840509,0.00120607803923536,1.37995602334586,1.81065663886018,1,1.84080318579702,0.0408031857970175,0.0408031857970175,0.0408031857970175,0.00166489997118593,1.73730315317388,2.06224288374839,1
17,"n600-b1_2-b2_2p5-b3_2p5",600,10,170,1,1,0.6931472,0.9162907,0.9162907,1.5,1.8,1,1.3,0.0566666666666666,195,97,211,97,FALSE,NA,TRUE,NA,0.686583027220906,-0.00656417277909371,0.00656417277909371,0.00656417277909371,4.30883642737949e-05,0.378138489092481,0.997399026231305,1,0.905142640338851,-0.0111480596611492,0.0111480596611492,0.0111480596611492,0.000124279234208542,0.639231412890289,1.18326090286293,1,0.922827846649103,0.00653714664910288,0.00653714664910288,0.00653714664910288,4.2734286311877e-05,0.540817007794901,1.30394689982073,1,1.53385138782239,0.0338513878223938,0.0338513878223938,0.0338513878223938,0.00114591645750211,1.41933907467588,1.67494066211863,1,1.79407307288145,-0.00592692711854959,0.00592692711854959,0.00592692711854959,3.51284650685985e-05,1.61471203569354,2.03024483159836,1
18,"n600-b1_2-b2_2p5-b3_2p5",600,1,171,1,1,0.6931472,0.9162907,0.9162907,1.5,1.8,1,1.3,0.0633333333333334,191,111,203,95,FALSE,NA,TRUE,NA,0.611361443472702,-0.0817857565272976,0.0817857565272976,0.0817857565272976,0.0066889099707424,0.308205252067373,0.919164111183797,1,0.715305703177239,-0.200984996822761,0.200984996822761,0.200984996822761,0.0403949689478454,0.445008521010341,0.988799819545626,1,1.03109363441367,0.114802934413672,0.114802934413672,0.114802934413672,0.0131797137499899,0.65122491985477,1.40421091629338,1,1.45955586376019,-0.0404441362398127,0.0404441362398127,0.0404441362398127,0.00163572815618453,1.37420668713128,1.59664025293934,1,1.71301389607258,-0.086986103927422,0.086986103927422,0.086986103927422,0.00756658227647226,1.629441268994,1.82882636502142,1
18,"n600-b1_2-b2_2p5-b3_2p5",600,2,172,1,1,0.6931472,0.9162907,0.9162907,1.5,1.8,1,1.3,0.0833333333333334,177,89,217,117,FALSE,NA,TRUE,NA,0.733327485073544,0.0401802850735444,0.0401802850735444,0.0401802850735444,0.0016144553085913,0.423202973906318,1.04345072016083,1,0.982990365938146,0.0666996659381457,0.0666996659381457,0.0666996659381457,0.00444884543626023,0.720609211127607,1.25099381861413,1,1.04376704130435,0.127476341304355,0.127476341304355,0.127476341304355,0.0162502175923443,0.654170891325392,1.43508358374412,1,1.54062724662896,0.0406272466289566,0.0406272466289566,0.0406272466289566,0.00165057316865006,1.45001615532723,1.796977170469,1,1.79325988136173,-0.00674011863826807,0.00674011863826807,0.00674011863826807,4.54291992579286e-05,1.7379305146476,1.99372242961123,1
18,"n600-b1_2-b2_2p5-b3_2p5",600,3,173,1,1,0.6931472,0.9162907,0.9162907,1.5,1.8,1,1.3,0.0733333333333334,200,112,188,100,FALSE,NA,TRUE,NA,0.415794785623066,-0.277352414376934,0.277352414376934,0.277352414376934,0.0769243617607147,0.11745471024311,0.717202870962689,1,0.630139474074268,-0.286151225925732,0.286151225925732,0.286151225925732,0.0818825240987994,0.35858636507797,0.909958565600704,0,1.49428493697057,0.577994236970575,0.577994236970575,0.577994236970575,0.334077337971197,1.10799577085675,1.88311471784918,0,1.5346063797645,0.0346063797645002,0.0346063797645002,0.0346063797645002,0.00119760152040481,1.46434259311244,1.68784515138583,1,1.6998732066585,-0.100126793341496,0.100126793341496,0.100126793341496,0.0100253747448507,1.65432992739229,1.81035964158249,1
18,"n600-b1_2-b2_2p5-b3_2p5",600,4,174,1,1,0.6931472,0.9162907,0.9162907,1.5,1.8,1,1.3,0.0733333333333334,183,110,207,100,FALSE,NA,TRUE,NA,0.72264764699528,0.0295004469952795,0.0295004469952795,0.0295004469952795,0.000870276372921298,0.416378547391743,1.02958315308323,1,0.929115116438086,0.0128244164380859,0.0128244164380859,0.0128244164380859,0.000164465656977447,0.65448718853173,1.21010869758335,1,0.911201856251807,-0.00508884374819252,0.00508884374819252,0.00508884374819252,2.58963306935181e-05,0.531781105490909,1.28814331391912,1,1.51050850108363,0.0105085010836308,0.0105085010836308,0.0105085010836308,0.000110428595024669,1.34850414657576,1.71791458805476,1,1.89790751469995,0.0979075146999464,0.0979075146999464,0.0979075146999464,0.00958588143472022,1.78953993560323,2.05299193607368,1
18,"n600-b1_2-b2_2p5-b3_2p5",600,5,175,1,1,0.6931472,0.9162907,0.9162907,1.5,1.8,1,1.3,0.0733333333333334,189,114,201,96,FALSE,NA,TRUE,NA,1.20083715864422,0.507689958644217,0.507689958644217,0.507689958644217,0.257749094108166,0.877009855403455,1.5247436479001,0,1.3049236033102,0.388632903310202,0.388632903310202,0.388632903310202,0.151035533535317,1.00936518032511,1.60929698164845,0,0.523853212888299,-0.392437487111701,0.392437487111701,0.392437487111701,0.154007181290547,0.136108497949993,0.910698980182614,0,1.56476237292803,0.0647623729280331,0.0647623729280331,0.0647623729280331,0.00419416494726964,1.46570000116954,1.68741807785544,1,1.81091140571226,0.0109114057122588,0.0109114057122588,0.0109114057122588,0.000119058774617514,1.71970047949614,1.91214590124881,1
18,"n600-b1_2-b2_2p5-b3_2p5",600,6,176,1,1,0.6931472,0.9162907,0.9162907,1.5,1.8,1,1.3,0.0533333333333333,182,119,196,103,FALSE,NA,TRUE,NA,0.402108403373436,-0.291038796626564,0.291038796626564,0.291038796626564,0.0847035811418386,0.120274645032431,0.68667008537217,0,0.745429765531174,-0.170860934468826,0.170860934468826,0.170860934468826,0.0291934589275605,0.486829209418863,1.01033239118621,1,1.17053676986567,0.254246069865667,0.254246069865667,0.254246069865667,0.0646410640421377,0.807392954372548,1.52951859123341,1,1.53899260560609,0.0389926056060899,0.0389926056060899,0.0389926056060899,0.00152042329195207,1.4830190916369,1.6057307028018,1,1.83289671210993,0.0328967121099253,0.0328967121099253,0.0328967121099253,0.0010821936676433,1.7533844507358,1.96668662958298,1
18,"n600-b1_2-b2_2p5-b3_2p5",600,7,177,1,1,0.6931472,0.9162907,0.9162907,1.5,1.8,1,1.3,0.0616666666666666,206,96,187,111,FALSE,NA,TRUE,NA,0.991027638576704,0.297880438576704,0.297880438576704,0.297880438576704,0.0887327556866495,0.672112359568247,1.30703556723246,1,1.07579661946928,0.15950591946928,0.15950591946928,0.15950591946928,0.0254421383457404,0.790120191249349,1.36275383573909,1,0.45833663826169,-0.45795406173831,0.45795406173831,0.45795406173831,0.209721922662616,0.073307431271855,0.848892741359789,0,1.55766260391157,0.0576626039115742,0.0576626039115742,0.0576626039115742,0.00332497588986309,1.48950108630113,1.68956186494102,1,1.72504212466091,-0.0749578753390943,0.0749578753390943,0.0749578753390943,0.0056186830753512,1.58897075638115,1.89822818617703,1
18,"n600-b1_2-b2_2p5-b3_2p5",600,8,178,1,1,0.6931472,0.9162907,0.9162907,1.5,1.8,1,1.3,0.0649999999999999,214,86,208,92,FALSE,NA,TRUE,NA,0.734863911533247,0.0417167115332469,0.0417167115332469,0.0417167115332469,0.00174028402114813,0.399005609713063,1.07561642961727,1,1.03440847592496,0.118117775924957,0.118117775924957,0.118117775924957,0.0139518089894583,0.752890323399265,1.3296412285306,1,0.779777861642438,-0.136512838357562,0.136512838357562,0.136512838357562,0.0186357550364379,0.381907996033494,1.17293094998152,1,1.43094657295241,-0.0690534270475895,0.0690534270475895,0.0690534270475895,0.00476837578701677,1.33401339321448,1.59205227916286,1,1.71224249005352,-0.0877575099464805,0.0877575099464805,0.0877575099464805,0.00770138055200662,1.63176014572753,1.83201587830223,1
18,"n600-b1_2-b2_2p5-b3_2p5",600,9,179,1,1,0.6931472,0.9162907,0.9162907,1.5,1.8,1,1.3,0.0666666666666667,205,100,207,88,FALSE,NA,TRUE,NA,0.77468158087567,0.08153438087567,0.08153438087567,0.08153438087567,0.00664785526477882,0.456120968446027,1.0984125530369,1,0.924615469407504,0.00832476940750393,0.00832476940750393,0.00832476940750393,6.93017856881133e-05,0.641319413031614,1.21544841903701,1,0.794105587234532,-0.122185112765468,0.122185112765468,0.122185112765468,0.0149292017815101,0.416658769686246,1.17457908073752,1,1.5511162170704,0.0511162170703974,0.0511162170703974,0.0511162170703974,0.00261286764758798,1.4432038753176,1.80256850030092,1,1.79619068677039,-0.0038093132296102,0.0038093132296102,0.0038093132296102,1.45108672812833e-05,1.6800988862006,1.94524510167093,1
18,"n600-b1_2-b2_2p5-b3_2p5",600,10,180,1,1,0.6931472,0.9162907,0.9162907,1.5,1.8,1,1.3,0.0583333333333333,200,98,226,76,FALSE,NA,TRUE,NA,0.561911192266767,-0.131236007733233,0.131236007733233,0.131236007733233,0.0172228897257572,0.245610167076195,0.884045881980126,1,0.691053136755769,-0.225237563244231,0.225237563244231,0.225237563244231,0.050731959896199,0.416005438238874,0.982446711077494,1,1.24020737792882,0.32391667792882,0.32391667792882,0.32391667792882,0.104922014240443,0.847774348682481,1.62375866910589,1,1.51626098820359,0.0162609882035858,0.0162609882035858,0.0162609882035858,0.000264419737357156,1.44967746707724,1.66866645196103,1,1.89866786417601,0.0986678641760133,0.0986678641760133,0.0986678641760133,0.0097353474210562,1.80437587441297,2.12337391558419,0
19,"n600-b1_2-b2_2p5-b3_2p5",600,1,181,1,1,0.6931472,0.9162907,0.9162907,1.5,1.8,1,1.3,0.0733333333333334,186,91,209,114,FALSE,NA,TRUE,NA,0.822903642335932,0.129756442335932,0.129756442335932,0.129756442335932,0.0168367343276781,0.512203584363195,1.13585748478962,1,1.10863483306131,0.192344133061308,0.192344133061308,0.192344133061308,0.0369962655231063,0.831279581199228,1.39278014762487,1,0.927470925855874,0.0111802258558743,0.0111802258558743,0.0111802258558743,0.00012499745018836,0.536078997047436,1.31458990528681,1,1.51089612576138,0.0108961257613829,0.0108961257613829,0.0108961257613829,0.000118725556607872,1.45658119143039,1.5848479916681,1,1.80192870614379,0.00192870614379403,0.00192870614379403,0.00192870614379403,3.71990738910885e-06,1.75222457279718,1.88864723949559,1
19,"n600-b1_2-b2_2p5-b3_2p5",600,2,182,1,1,0.6931472,0.9162907,0.9162907,1.5,1.8,1,1.3,0.0649999999999999,189,102,195,114,FALSE,NA,TRUE,NA,0.595386554768308,-0.097760645231692,0.097760645231692,0.097760645231692,0.00955714375611675,0.298086939579934,0.894908079048445,1,0.965618753874703,0.0493280538747032,0.0493280538747032,0.0493280538747032,0.00243325689906562,0.69816150852367,1.23748922238704,1,0.891055076311631,-0.0252356236883692,0.0252356236883692,0.0252356236883692,0.00063683670294098,0.516412975725784,1.26472032495755,1,1.54716358692728,0.0471635869272802,0.0471635869272802,0.0471635869272802,0.00222440393184711,1.48256374013606,1.71303715081352,1,1.76517827572926,-0.0348217242707449,0.0348217242707449,0.0348217242707449,0.00121255248118779,1.61490429231126,1.93289037008079,1
19,"n600-b1_2-b2_2p5-b3_2p5",600,3,183,1,1,0.6931472,0.9162907,0.9162907,1.5,1.8,1,1.3,0.08,221,95,177,107,FALSE,NA,TRUE,NA,0.620483782091427,-0.0726634179085734,0.0726634179085734,0.0726634179085734,0.00527997230215599,0.316403754131125,0.929326708004819,1,0.756648501814328,-0.159642198185672,0.159642198185672,0.159642198185672,0.0254856314415534,0.48999537645043,1.03263831105127,1,0.987987513469996,0.0716968134699961,0.0716968134699961,0.0716968134699961,0.00514043306175142,0.606593592611648,1.37521468626487,1,1.47547014952056,-0.02452985047944,0.02452985047944,0.02452985047944,0.000601713564543683,1.36551858689937,1.60081290092115,1,1.83692332450013,0.0369233245001339,0.0369233245001339,0.0369233245001339,0.00136333189214219,1.78053283580571,1.96471708752902,1
19,"n600-b1_2-b2_2p5-b3_2p5",600,4,184,1,1,0.6931472,0.9162907,0.9162907,1.5,1.8,1,1.3,0.055,191,87,204,118,FALSE,NA,TRUE,NA,0.582691400972822,-0.110455799027178,0.110455799027178,0.110455799027178,0.0122004835387324,0.284834297388313,0.88146826079296,1,0.72111050053566,-0.195180199464341,0.195180199464341,0.195180199464341,0.0380953102629397,0.471657044764295,0.97259977985853,1,1.06241528444655,0.146124584446554,0.146124584446554,0.146124584446554,0.0213523941796781,0.686322107463437,1.4356885628638,1,1.52601612710413,0.0260161271041344,0.0260161271041344,0.0260161271041344,0.000676838869498475,1.44532911323998,1.68218698801636,1,1.89634136676552,0.0963413667655248,0.0963413667655248,0.0963413667655248,0.00928165895024938,1.73310658765451,2.37414263669111,1
19,"n600-b1_2-b2_2p5-b3_2p5",600,5,185,1,1,0.6931472,0.9162907,0.9162907,1.5,1.8,1,1.3,0.0716666666666667,202,101,198,99,FALSE,NA,TRUE,NA,0.889692955361856,0.196545755361856,0.196545755361856,0.196545755361856,0.0386302339507626,0.578813825563807,1.20768683803797,1,0.896716604473605,-0.0195740955263947,0.0195740955263947,0.0195740955263947,0.000383145215676424,0.620021862768579,1.18424766050859,1,0.733912306798764,-0.182378393201236,0.182378393201236,0.182378393201236,0.0332618783066648,0.34995283304077,1.11437359004327,1,1.54660791087502,0.0466079108750246,0.0466079108750246,0.0466079108750246,0.00217229735613423,1.36330089777301,1.68805997590914,1,1.89397116480928,0.0939711648092776,0.0939711648092776,0.0939711648092776,0.00883057981561241,1.75267965194084,2.15352356784519,1
19,"n600-b1_2-b2_2p5-b3_2p5",600,6,186,1,1,0.6931472,0.9162907,0.9162907,1.5,1.8,1,1.3,0.08,191,98,195,116,FALSE,NA,TRUE,NA,0.899951952008785,0.206804752008785,0.206804752008785,0.206804752008785,0.0427682054534151,0.6041113892767,1.19967156339042,1,0.877226722264321,-0.0390639777356793,0.0390639777356793,0.0390639777356793,0.00152599435653365,0.617898908570121,1.14675270212236,1,0.617357213204089,-0.298933486795911,0.298933486795911,0.298933486795911,0.0893612295279608,0.243750923189887,0.984493297260973,1,1.50044938336427,0.000449383364270917,0.000449383364270917,0.000449383364270917,2.01945408083447e-07,1.43935073564486,1.67358511846642,1,1.81025760585245,0.0102576058524495,0.0102576058524495,0.0102576058524495,0.000105218477824206,1.75383750520525,1.9266633774245,1
19,"n600-b1_2-b2_2p5-b3_2p5",600,7,187,1,1,0.6931472,0.9162907,0.9162907,1.5,1.8,1,1.3,0.0583333333333333,218,97,197,88,FALSE,NA,TRUE,NA,0.33642857080786,-0.35671862919214,0.35671862919214,0.35671862919214,0.12724818041272,0.0230773133753725,0.646535085131055,0,0.621780111387525,-0.294510588612475,0.294510588612475,0.294510588612475,0.0867364868048666,0.349775277211272,0.895459338022486,0,1.4113000973932,0.4950093973932,0.4950093973932,0.4950093973932,0.245034303507579,1.02602269686059,1.79425344601686,0,1.48753537250641,-0.0124646274935878,0.0124646274935878,0.0124646274935878,0.000155366938553905,1.45006488522342,1.54691440405623,1,1.76600440124169,-0.0339955987583078,0.0339955987583078,0.0339955987583078,0.00115570073493586,1.65551984558793,1.88261266024221,1
19,"n600-b1_2-b2_2p5-b3_2p5",600,8,188,1,1,0.6931472,0.9162907,0.9162907,1.5,1.8,1,1.3,0.07,188,102,222,88,FALSE,NA,TRUE,NA,0.719449741264332,0.0263025412643317,0.0263025412643317,0.0263025412643317,0.000691823676961874,0.384198927584587,1.0580855867947,1,1.06811213247384,0.151821432473845,0.151821432473845,0.151821432473845,0.0230497473584102,0.773497930048485,1.37542506429209,1,0.802321820308395,-0.113968879691605,0.113968879691605,0.113968879691605,0.0129889055381596,0.399232888763596,1.20534362444151,1,1.39439078802438,-0.105609211975624,0.105609211975624,0.105609211975624,0.0111533056541123,1.30778045477686,1.54290423585322,1,1.66057139926871,-0.139428600731293,0.139428600731293,0.139428600731293,0.0194403347018864,1.45729881694822,1.91675344692184,1
19,"n600-b1_2-b2_2p5-b3_2p5",600,9,189,1,1,0.6931472,0.9162907,0.9162907,1.5,1.8,1,1.3,0.0733333333333334,187,99,206,108,FALSE,NA,TRUE,NA,0.913984541970645,0.220837341970645,0.220837341970645,0.220837341970645,0.0487691316086596,0.606835488299146,1.21675419977441,1,0.973580130307277,0.057289430307277,0.057289430307277,0.057289430307277,0.00328207882493234,0.707288695425759,1.24702240983286,1,0.845866426702845,-0.0704242732971549,0.0704242732971549,0.0704242732971549,0.00495957826943237,0.465255480180934,1.2251436726785,1,1.58914925567679,0.0891492556767857,0.0891492556767857,0.0891492556767857,0.0079475897877249,1.43727369733909,1.73380263260011,1,2.1131704848649,0.313170484864902,0.313170484864902,0.313170484864902,0.0980757525905179,1.79504345081047,2.34376878959145,1
19,"n600-b1_2-b2_2p5-b3_2p5",600,10,190,1,1,0.6931472,0.9162907,0.9162907,1.5,1.8,1,1.3,0.0716666666666667,210,94,198,98,FALSE,NA,TRUE,NA,0.829813379609474,0.136666179609474,0.136666179609474,0.136666179609474,0.018677644649049,0.502563170093588,1.15994207951717,1,0.933388411964844,0.0170977119648443,0.0170977119648443,0.0170977119648443,0.000292331754432781,0.647079667761108,1.22506648897969,1,0.913244856892615,-0.00304584310738454,0.00304584310738454,0.00304584310738454,9.2771602348019e-06,0.515205986675347,1.31495320450169,1,1.42501705132845,-0.0749829486715483,0.0749829486715483,0.0749829486715483,0.00562244259148005,1.37036216538101,1.51870297053644,1,1.74694182068062,-0.0530581793193836,0.0530581793193836,0.0530581793193836,0.00281517039268787,1.69452641508519,1.82003314645379,1
20,"n600-b1_2-b2_2p5-b3_2p5",600,1,191,1,1,0.6931472,0.9162907,0.9162907,1.5,1.8,1,1.3,0.0916666666666667,213,91,192,104,FALSE,NA,TRUE,NA,0.762883217073029,0.0697360170730293,0.0697360170730293,0.0697360170730293,0.00486311207720984,0.430991609093004,1.09158656689172,1,1.08076281305614,0.164472113056135,0.164472113056135,0.164472113056135,0.0270510759731501,0.784020656676745,1.38789836615803,1,1.05982710030759,0.143536400307592,0.143536400307592,0.143536400307592,0.0206026982132614,0.655859872614931,1.46402665649567,1,1.49703176537903,-0.0029682346209654,0.0029682346209654,0.0029682346209654,8.81041676509764e-06,1.42964437458026,1.55895537702021,1,1.83149535338172,0.0314953533817215,0.0314953533817215,0.0314953533817215,0.000991957284639515,1.7735947252282,1.91596867215506,1
20,"n600-b1_2-b2_2p5-b3_2p5",600,2,192,1,1,0.6931472,0.9162907,0.9162907,1.5,1.8,1,1.3,0.085,186,106,202,106,FALSE,NA,TRUE,NA,0.792344210295412,0.0991970102954122,0.0991970102954122,0.0991970102954122,0.00984004685154811,0.485585404508932,1.10168802848575,1,0.970955858712661,0.0546651587126613,0.0546651587126613,0.0546651587126613,0.00298827957708045,0.700976515196096,1.25323903210504,1,0.904517663145752,-0.0117730368542481,0.0117730368542481,0.0117730368542481,0.000138604396771485,0.522026254772242,1.28007493695765,1,1.52979132458787,0.0297913245878731,0.0297913245878731,0.0297913245878731,0.000887523020700015,1.486136116196,1.60045280609492,1,1.85881032769798,0.0588103276979832,0.0588103276979832,0.0588103276979832,0.00345865464394417,1.77088382241763,1.94934464052254,1
20,"n600-b1_2-b2_2p5-b3_2p5",600,3,193,1,1,0.6931472,0.9162907,0.9162907,1.5,1.8,1,1.3,0.0683333333333334,215,92,194,99,FALSE,NA,TRUE,NA,0.63330193226107,-0.0598452677389296,0.0598452677389296,0.0598452677389296,0.00358145607074417,0.323244159997024,0.945278996948703,1,0.880543706540259,-0.0357469934597408,0.0357469934597408,0.0357469934597408,0.00127784754141075,0.611037112209893,1.15517937395436,1,1.02863428011436,0.112343580114362,0.112343580114362,0.112343580114362,0.0126210799929121,0.647620707961926,1.40766473217431,1,1.47881028588046,-0.0211897141195438,0.0211897141195438,0.0211897141195438,0.000449003984467996,1.4059659529098,1.63253993274747,1,1.77008415925997,-0.0299158407400335,0.0299158407400335,0.0299158407400335,0.000894957527183048,1.68420168109034,1.86161232495084,1
20,"n600-b1_2-b2_2p5-b3_2p5",600,4,194,1,1,0.6931472,0.9162907,0.9162907,1.5,1.8,1,1.3,0.07,186,100,204,110,FALSE,NA,TRUE,NA,1.07276603670873,0.379618836708733,0.379618836708733,0.379618836708733,0.144110461184092,0.771243926562564,1.3791606598382,0,1.09554007920042,0.179249379200424,0.179249379200424,0.179249379200424,0.0321303399437375,0.825229256087793,1.37649070077445,1,0.560344002573656,-0.355946697426344,0.355946697426344,0.355946697426344,0.126698051408721,0.184211859877227,0.933569846769511,1,1.54358795225245,0.0435879522524494,0.0435879522524494,0.0435879522524494,0.00189990958156181,1.4487727876659,1.79915637393326,1,1.82220327539491,0.0222032753949144,0.0222032753949144,0.0222032753949144,0.000492985438262411,1.75384921289542,2.00526421579378,1
20,"n600-b1_2-b2_2p5-b3_2p5",600,5,195,1,1,0.6931472,0.9162907,0.9162907,1.5,1.8,1,1.3,0.0883333333333334,192,90,215,103,FALSE,NA,TRUE,NA,0.772696004602241,0.0795488046022412,0.0795488046022412,0.0795488046022412,0.00632801231364556,0.454592603279432,1.09899234822619,1,0.835128354871864,-0.0811623451281358,0.0811623451281358,0.0811623451281358,0.00658732626669863,0.563541285912777,1.11913270058122,1,0.898908141417236,-0.0173825585827645,0.0173825585827645,0.0173825585827645,0.00030215334288324,0.506384392999175,1.28975547493297,1,1.52086927705094,0.0208692770509376,0.0208692770509376,0.0208692770509376,0.000435526724628789,1.47775439052669,1.65780597674308,1,1.85662710791111,0.0566271079111114,0.0566271079111114,0.0566271079111114,0.00320662935037665,1.76824500472703,2.07102200471985,1
20,"n600-b1_2-b2_2p5-b3_2p5",600,6,196,1,1,0.6931472,0.9162907,0.9162907,1.5,1.8,1,1.3,0.0733333333333334,198,101,190,111,FALSE,NA,TRUE,NA,0.747144274233793,0.0539970742337933,0.0539970742337933,0.0539970742337933,0.00291568402580978,0.441409001605998,1.049922838867,1,0.920421329084717,0.00413062908471684,0.00413062908471684,0.00413062908471684,1.70620966355087e-05,0.658269993793678,1.19168601399428,1,0.887865888573614,-0.0284248114263858,0.0284248114263858,0.0284248114263858,0.00080796990462559,0.510718852578368,1.26639426791985,1,1.38899438708991,-0.111005612910093,0.111005612910093,0.111005612910093,0.0123222460975454,1.34636732245279,1.43125310278218,0,1.77447331194986,-0.0255266880501397,0.0255266880501397,0.0255266880501397,0.000651611802809144,1.70800800714801,2.00477374622599,1
20,"n600-b1_2-b2_2p5-b3_2p5",600,7,197,1,1,0.6931472,0.9162907,0.9162907,1.5,1.8,1,1.3,0.0533333333333333,196,109,215,80,FALSE,NA,TRUE,NA,0.718944222315478,0.0257970223154785,0.0257970223154785,0.0257970223154785,0.000665486360345298,0.401423874578125,1.04180462957846,1,0.904405764392148,-0.0118849356078515,0.0118849356078515,0.0118849356078515,0.000141251694402777,0.616038588145182,1.20580721557045,1,0.918033848736781,0.00174314873678105,0.00174314873678105,0.00174314873678105,3.03856751854138e-06,0.533003342405038,1.30402244303729,1,1.51560718701436,0.0156071870143601,0.0156071870143601,0.0156071870143601,0.000243584286501212,1.43660615733134,1.62238741455586,1,1.8267381930624,0.0267381930624044,0.0267381930624044,0.0267381930624044,0.000714930968242413,1.70216641909208,2.02590232444704,1
20,"n600-b1_2-b2_2p5-b3_2p5",600,8,198,1,1,0.6931472,0.9162907,0.9162907,1.5,1.8,1,1.3,0.045,195,107,209,89,FALSE,NA,TRUE,NA,0.610172204073847,-0.0829749959261529,0.0829749959261529,0.0829749959261529,0.00688484994894509,0.30769369600587,0.917435718802308,1,0.874615717121993,-0.0416749828780071,0.0416749828780071,0.0416749828780071,0.00173680419788218,0.600082623962111,1.15312766114121,1,0.955538496734469,0.0392477967344689,0.0392477967344689,0.0392477967344689,0.00154038954851019,0.578624554094999,1.330557817427,1,1.60468650392289,0.104686503922894,0.104686503922894,0.104686503922894,0.010959264103598,1.40931500432687,1.81267519486028,1,1.82769520459105,0.027695204591053,0.027695204591053,0.027695204591053,0.000767024357340284,1.71232405474537,2.06316601351453,1
20,"n600-b1_2-b2_2p5-b3_2p5",600,9,199,1,1,0.6931472,0.9162907,0.9162907,1.5,1.8,1,1.3,0.0649999999999999,219,100,189,92,FALSE,NA,TRUE,NA,0.696456378370857,0.00330917837085709,0.00330917837085709,0.00330917837085709,1.09506614901484e-05,0.379526197701504,1.01212345388739,1,0.887960907681934,-0.0283297923180658,0.0283297923180658,0.0283297923180658,0.000802577132784738,0.597311872207826,1.18042640463943,1,0.921805729014398,0.00551502901439804,0.00551502901439804,0.00551502901439804,3.04155450296522e-05,0.537285509955454,1.30368211647539,1,1.52067945079296,0.0206794507929629,0.0206794507929629,0.0206794507929629,0.000427639685098572,1.36051760087834,1.65509608387709,1,1.82216158549676,0.0221615854967629,0.0221615854967629,0.0221615854967629,0.000491135871730334,1.71181448009974,1.92749561199117,1
20,"n600-b1_2-b2_2p5-b3_2p5",600,10,200,1,1,0.6931472,0.9162907,0.9162907,1.5,1.8,1,1.3,0.085,192,90,198,120,FALSE,NA,TRUE,NA,0.657315550311393,-0.035831649688607,0.035831649688607,0.035831649688607,0.00128390711940705,0.343046592267567,0.961793075186842,1,0.905060296968835,-0.0112304030311647,0.0112304030311647,0.0112304030311647,0.000126121952242394,0.644240693801379,1.17036188384173,1,0.988093821399511,0.0718031213995109,0.0718031213995109,0.0718031213995109,0.00515568824271291,0.604981917004302,1.37048434008959,1,1.48864852810916,-0.0113514718908412,0.0113514718908412,0.0113514718908412,0.000128855914088557,1.32790218072424,1.5875754306466,1,1.75192719096734,-0.0480728090326572,0.0480728090326572,0.0480728090326572,0.00231099496829033,1.54997867680545,1.89868557562873,1
21,"n600-b1_2-b2_2p5-b3_2p5",600,1,201,1,1,0.6931472,0.9162907,0.9162907,1.5,1.8,1,1.3,0.0583333333333333,190,97,213,100,FALSE,NA,TRUE,NA,0.766726922646323,0.0735797226463232,0.0735797226463232,0.0735797226463232,0.00541397558470984,0.459855935376368,1.07388240559591,1,0.879680840582062,-0.0366098594179378,0.0366098594179378,0.0366098594179378,0.00134028180660117,0.608878525590046,1.15164223869961,1,0.860288348230707,-0.0560023517692926,0.0560023517692926,0.0560023517692926,0.00313626340369159,0.481331180860725,1.23409029133827,1,1.51614476063432,0.0161447606343188,0.0161447606343188,0.0161447606343188,0.00026065329593945,1.47687939239815,1.63825898674425,1,1.7832945797185,-0.0167054202814951,0.0167054202814951,0.0167054202814951,0.000279071066781389,1.70659125310323,1.87361188769622,1
21,"n600-b1_2-b2_2p5-b3_2p5",600,2,202,1,1,0.6931472,0.9162907,0.9162907,1.5,1.8,1,1.3,0.0666666666666667,218,104,196,82,FALSE,NA,TRUE,NA,0.590271603049286,-0.102875596950714,0.102875596950714,0.102875596950714,0.0105833884479658,0.259687699865975,0.924187728600278,1,0.960039270777983,0.0437485707779827,0.0437485707779827,0.0437485707779827,0.00191393744511616,0.653967863486773,1.27649590533481,1,0.968043557480422,0.0517528574804224,0.0517528574804224,0.0517528574804224,0.00267835825738891,0.570297928212559,1.37372728314072,1,1.4251844183607,-0.0748155816393028,0.0748155816393028,0.0748155816393028,0.00559737125602718,1.28764008555261,1.57260254047829,1,1.77707866180246,-0.0229213381975448,0.0229213381975448,0.0229213381975448,0.000525387744766228,1.6268726064161,1.98895954699209,1
21,"n600-b1_2-b2_2p5-b3_2p5",600,3,203,1,1,0.6931472,0.9162907,0.9162907,1.5,1.8,1,1.3,0.0649999999999999,206,89,218,87,FALSE,NA,TRUE,NA,0.713539932745838,0.0203927327458376,0.0203927327458376,0.0203927327458376,0.000415863548843159,0.388121890040404,1.04380781502068,1,0.864464649661591,-0.0518260503384094,0.0518260503384094,0.0518260503384094,0.00268593949367934,0.581695179856556,1.14957998685525,1,0.912863845982565,-0.00342685401743548,0.00342685401743548,0.00342685401743548,1.17433284568137e-05,0.521506562173187,1.3051452555853,1,1.46632942439483,-0.0336705756051661,0.0336705756051661,0.0336705756051661,0.0011337076615832,1.34493823013995,1.68433583360031,1,1.74429941751921,-0.0557005824807884,0.0557005824807884,0.0557005824807884,0.00310255488869911,1.62785484175112,1.93174346166564,1
21,"n600-b1_2-b2_2p5-b3_2p5",600,4,204,1,1,0.6931472,0.9162907,0.9162907,1.5,1.8,1,1.3,0.0816666666666667,208,94,194,104,FALSE,NA,TRUE,NA,0.824254169265704,0.131106969265704,0.131106969265704,0.131106969265704,0.0171890373900382,0.49866230782345,1.1555269210321,1,1.22340318312919,0.307112483129189,0.307112483129189,0.307112483129189,0.0943180772937765,0.930880875597416,1.52512502556733,0,0.732562795213813,-0.183727904786187,0.183727904786187,0.183727904786187,0.0337559429971221,0.336949623789003,1.12441976757582,1,1.43986951026356,-0.0601304897364361,0.0601304897364361,0.0601304897364361,0.00361567579594365,1.36205618448046,1.5525337017777,1,1.78585627869931,-0.0141437213006881,0.0141437213006881,0.0141437213006881,0.000200044852231538,1.66833252290602,1.91691003101492,1
21,"n600-b1_2-b2_2p5-b3_2p5",600,5,205,1,1,0.6931472,0.9162907,0.9162907,1.5,1.8,1,1.3,0.075,195,127,190,88,FALSE,NA,TRUE,NA,0.679734043630735,-0.0134131563692648,0.0134131563692648,0.0134131563692648,0.000179912763786348,0.369815644932243,0.998086446420264,1,0.89381691704734,-0.0224737829526601,0.0224737829526601,0.0224737829526601,0.000505070920203276,0.601079407227201,1.20274583973383,1,1.09016202150698,0.173871321506977,0.173871321506977,0.173871321506977,0.0302312364425826,0.693472471463929,1.47948099635594,1,1.35547089478701,-0.144529105212995,0.144529105212995,0.144529105212995,0.0208886622536689,1.2844080638969,1.55109718600582,1,1.64621293636332,-0.15378706363668,0.15378706363668,0.15378706363668,0.0236504609419922,1.54380000277268,1.80114112087191,1
21,"n600-b1_2-b2_2p5-b3_2p5",600,6,206,1,1,0.6931472,0.9162907,0.9162907,1.5,1.8,1,1.3,0.0666666666666667,188,100,200,112,FALSE,NA,TRUE,NA,0.810237263525669,0.117090063525669,0.117090063525669,0.117090063525669,0.0137100829764451,0.501651966105667,1.11488477307921,1,1.10567048278251,0.189379782782505,0.189379782782505,0.189379782782505,0.0358647021267488,0.83724607710996,1.3803206229927,1,0.806012780153232,-0.110277919846768,0.110277919846768,0.110277919846768,0.0121612196057302,0.429920316640112,1.18437996464507,1,1.44469240486694,-0.0553075951330646,0.0553075951330646,0.0553075951330646,0.00305893007940299,1.33082754923232,1.7944960053985,1,1.79405786211038,-0.00594213788961606,0.00594213788961606,0.00594213788961606,3.53090026992108e-05,1.6773764821541,2.1753638174875,1
21,"n600-b1_2-b2_2p5-b3_2p5",600,7,207,1,1,0.6931472,0.9162907,0.9162907,1.5,1.8,1,1.3,0.07,214,97,200,89,FALSE,NA,TRUE,NA,0.452497106388043,-0.240650093611957,0.240650093611957,0.240650093611957,0.0579124675554437,0.12039905932275,0.787095918424445,1,0.971671689609802,0.0553809896098022,0.0553809896098022,0.0553809896098022,0.00306705401016102,0.680244970839267,1.27397016929038,1,1.25876011826727,0.342469418267268,0.342469418267268,0.342469418267268,0.117285302448321,0.850782614082999,1.66706530766355,1,1.44143750739658,-0.0585624926034247,0.0585624926034247,0.0585624926034247,0.00342956553992618,1.3206167066642,1.53324453594736,1,1.75246965956161,-0.047530340438386,0.047530340438386,0.047530340438386,0.00225913326218887,1.6266813867664,1.84734359410426,1
21,"n600-b1_2-b2_2p5-b3_2p5",600,8,208,1,1,0.6931472,0.9162907,0.9162907,1.5,1.8,1,1.3,0.0916666666666667,195,117,176,112,FALSE,NA,TRUE,NA,0.813727313531329,0.120580113531329,0.120580113531329,0.120580113531329,0.0145395637792283,0.513553874369273,1.11762508663356,1,1.06406243540233,0.14777173540233,0.14777173540233,0.14777173540233,0.0218364857838164,0.781899016733794,1.35095216894283,1,0.728347474924076,-0.187943225075924,0.187943225075924,0.187943225075924,0.0353226558519394,0.353267097160671,1.10734500566449,1,1.54631109991326,0.0463110999132619,0.0463110999132619,0.0463110999132619,0.00214471797517612,1.46130115134638,1.71484190293077,1,1.85483473864768,0.0548347386476777,0.0548347386476777,0.0548347386476777,0.00300684856255912,1.80476774611539,1.9762374275241,0
21,"n600-b1_2-b2_2p5-b3_2p5",600,9,209,1,1,0.6931472,0.9162907,0.9162907,1.5,1.8,1,1.3,0.0766666666666667,215,89,208,88,FALSE,NA,TRUE,NA,0.542289862708341,-0.150857337291659,0.150857337291659,0.150857337291659,0.0227579362147293,0.206251861357455,0.875938456303894,1,1.0341424672104,0.117851767210398,0.117851767210398,0.117851767210398,0.013889039034614,0.750852425031326,1.33069166110352,1,0.977904439536723,0.0616137395367231,0.0616137395367231,0.0616137395367231,0.00379625289969916,0.582092923624756,1.37532054066734,1,1.53991274070426,0.039912740704261,0.039912740704261,0.039912740704261,0.00159302687052557,1.49626153785683,1.631239865636,1,1.69164771300574,-0.108352286994257,0.108352286994257,0.108352286994257,0.0117402180968858,1.6164742797128,1.84245604556553,1
21,"n600-b1_2-b2_2p5-b3_2p5",600,10,210,1,1,0.6931472,0.9162907,0.9162907,1.5,1.8,1,1.3,0.0666666666666667,189,100,200,111,FALSE,NA,TRUE,NA,0.655112650357998,-0.0380345496420023,0.0380345496420023,0.0380345496420023,0.00144662696646993,0.360409689422719,0.949181832205486,1,0.683137756533745,-0.233152943466255,0.233152943466255,0.233152943466255,0.0543602950469789,0.428114993431748,0.947683770913599,1,0.995554840996493,0.0792641409964931,0.0792641409964931,0.0792641409964931,0.00628280404791195,0.616120440493991,1.36461317167797,1,1.53936882351394,0.0393688235139433,0.0393688235139433,0.0393688235139433,0.00154990426487202,1.46643738410268,1.68982105092668,1,1.95565209356484,0.155652093564835,0.155652093564835,0.155652093564835,0.0242275742311162,1.73570703175341,2.18538087277452,1
22,"n600-b1_2-b2_2p5-b3_2p5",600,1,211,1,1,0.6931472,0.9162907,0.9162907,1.5,1.8,1,1.3,0.07,201,115,203,81,FALSE,NA,TRUE,NA,0.809230954152379,0.116083754152379,0.116083754152379,0.116083754152379,0.01347543797811,0.485034132806483,1.144806122607,1,0.958882217579094,0.0425915175790944,0.0425915175790944,0.0425915175790944,0.00181403736969031,0.656231728084974,1.26922086108689,1,0.745235745091476,-0.171054954908524,0.171054954908524,0.171054954908524,0.0292597975987571,0.344539857242019,1.13713379459074,1,1.54345872895885,0.0434587289588497,0.0434587289588497,0.0434587289588497,0.00188866112271876,1.4258720633256,1.74100979488009,1,1.84615871917989,0.0461587191798862,0.0461587191798862,0.0461587191798862,0.0021306273563276,1.68419369222514,2.03651349556288,1
22,"n600-b1_2-b2_2p5-b3_2p5",600,2,212,1,1,0.6931472,0.9162907,0.9162907,1.5,1.8,1,1.3,0.0783333333333334,186,101,210,103,FALSE,NA,TRUE,NA,0.769482755253128,0.0763355552531284,0.0763355552531284,0.0763355552531284,0.00582711699580342,0.469686397380655,1.07643393559212,1,0.888936079181164,-0.0273546208188357,0.0273546208188357,0.0273546208188357,0.000748275280142277,0.622973252705264,1.16265079244798,1,0.754518827148454,-0.161771872851546,0.161771872851546,0.161771872851546,0.0261701388458969,0.380883562137514,1.12452768527046,1,1.60465841813988,0.104658418139884,0.104658418139884,0.104658418139884,0.0109533844875427,1.4635989331682,1.8591164186296,1,1.87322138494239,0.0732213849423875,0.0732213849423875,0.0732213849423875,0.00536137121288129,1.76843832797684,2.03925155270085,1
22,"n600-b1_2-b2_2p5-b3_2p5",600,3,213,1,1,0.6931472,0.9162907,0.9162907,1.5,1.8,1,1.3,0.0633333333333334,201,89,196,114,FALSE,NA,TRUE,NA,0.386704233756845,-0.306442966243155,0.306442966243155,0.306442966243155,0.0939072915599033,0.0887048241689875,0.67686464141305,0,0.562264755280501,-0.354025944719499,0.354025944719499,0.354025944719499,0.125334369534534,0.310948242749461,0.817253386388684,0,1.26589672977038,0.349606029770377,0.349606029770377,0.349606029770377,0.122224376051806,0.898073617452733,1.63940819148584,1,1.50925000977744,0.00925000977744217,0.00925000977744217,0.00925000977744217,8.55626808827757e-05,1.44886673612418,1.59817111157306,1,1.81408291000607,0.0140829100060655,0.0140829100060655,0.0140829100060655,0.000198328354238941,1.72206605969129,1.92904750607413,1
22,"n600-b1_2-b2_2p5-b3_2p5",600,4,214,1,1,0.6931472,0.9162907,0.9162907,1.5,1.8,1,1.3,0.0600000000000001,190,107,203,100,FALSE,NA,TRUE,NA,0.834215365289466,0.141068165289466,0.141068165289466,0.141068165289466,0.0199002272581361,0.521820815878652,1.14058644089491,1,1.10284608761323,0.186555387613226,0.186555387613226,0.186555387613226,0.0348029126475211,0.820120674023116,1.38900569816843,1,0.802303907521339,-0.113986792478662,0.113986792478662,0.113986792478662,0.0129929888595734,0.42459172556973,1.18694327043015,1,1.43558210328514,-0.0644178967148643,0.0644178967148643,0.0644178967148643,0.00414966541716693,1.32965316722083,1.63193407488605,1,1.76521975648397,-0.0347802435160254,0.0347802435160254,0.0347802435160254,0.00120966533903403,1.66942490806356,1.92230960575125,1
22,"n600-b1_2-b2_2p5-b3_2p5",600,5,215,1,1,0.6931472,0.9162907,0.9162907,1.5,1.8,1,1.3,0.0733333333333334,204,90,205,101,FALSE,NA,TRUE,NA,0.977308059112702,0.284160859112703,0.284160859112703,0.284160859112703,0.0807473938516692,0.638574513394406,1.32050234456933,1,1.28678713971091,0.370496439710913,0.370496439710913,0.370496439710913,0.137267611838462,0.989059213444015,1.59728190562317,0,0.42718702164696,-0.48910367835304,0.48910367835304,0.48910367835304,0.239222408178474,0.0167437794668675,0.827023608182596,0,1.34577103645365,-0.154228963546349,0.154228963546349,0.154228963546349,0.0237865731965812,1.18727482312453,1.46698160134674,0,1.47634589903033,-0.323654100969665,0.323654100969665,0.323654100969665,0.104751977074482,1.35312699311889,1.56894564637603,0
22,"n600-b1_2-b2_2p5-b3_2p5",600,6,216,1,1,0.6931472,0.9162907,0.9162907,1.5,1.8,1,1.3,0.0766666666666667,198,90,198,114,FALSE,NA,TRUE,NA,0.799623797706033,0.106476597706033,0.106476597706033,0.106476597706033,0.0113372658590524,0.48550595636342,1.1104198687695,1,0.9547097026208,0.0384190026207998,0.0384190026207998,0.0384190026207998,0.00147601976237702,0.6917529721419,1.22647145427219,1,0.867840387738666,-0.0484503122613341,0.0484503122613341,0.0484503122613341,0.00234743275822078,0.480846071914741,1.25696020592628,1,1.51404245416571,0.0140424541657085,0.0140424541657085,0.0140424541657085,0.000197190518996024,1.46107833606989,1.64014377200511,1,1.79006089154687,-0.00993910845312707,0.00993910845312707,0.00993910845312707,9.87858768430219e-05,1.76335056410946,1.87391039269242,1
22,"n600-b1_2-b2_2p5-b3_2p5",600,7,217,1,1,0.6931472,0.9162907,0.9162907,1.5,1.8,1,1.3,0.0866666666666667,175,110,198,117,FALSE,NA,TRUE,NA,0.63078748423282,-0.0623597157671802,0.0623597157671802,0.0623597157671802,0.00388873415056351,0.333317731078017,0.924837943489945,1,0.841620630910675,-0.0746700690893253,0.0746700690893253,0.0746700690893253,0.00557561921780461,0.576365630203251,1.11299632440898,1,0.888287502462824,-0.0280031975371762,0.0280031975371762,0.0280031975371762,0.00078417907230611,0.511915539158444,1.2629294720339,1,1.57348049546888,0.0734804954688766,0.0734804954688766,0.0734804954688766,0.00539938321435159,1.40920389920176,1.80938982163663,1,1.91081784873465,0.110817848734648,0.110817848734648,0.110817848734648,0.0122805955981753,1.6110355250385,2.51665270291384,1
22,"n600-b1_2-b2_2p5-b3_2p5",600,8,218,1,1,0.6931472,0.9162907,0.9162907,1.5,1.8,1,1.3,0.0866666666666667,208,88,190,114,FALSE,NA,TRUE,NA,0.616296763529722,-0.0768504364702782,0.0768504364702782,0.0768504364702782,0.00590598958567227,0.295069247224806,0.935598161977483,1,1.02189565598933,0.105604955989326,0.105604955989326,0.105604955989326,0.0111524067295075,0.741715601030944,1.30494186952942,1,1.01164664636889,0.0953559463688884,0.0953559463688884,0.0953559463688884,0.00909275650790633,0.619680218685876,1.4072067790762,1,1.47391946342888,-0.0260805365711241,0.0260805365711241,0.0260805365711241,0.000680194387837741,1.35073789349084,1.56212043635241,1,1.72202746999195,-0.07797253000805,0.07797253000805,0.07797253000805,0.00607971543585626,1.60409626695099,1.84261933263971,1
22,"n600-b1_2-b2_2p5-b3_2p5",600,9,219,1,1,0.6931472,0.9162907,0.9162907,1.5,1.8,1,1.3,0.0883333333333334,197,95,193,115,FALSE,NA,TRUE,NA,0.569608793520873,-0.123538406479127,0.123538406479127,0.123538406479127,0.0152617378754021,0.255719716704475,0.880103116273649,1,0.878889748368531,-0.0374009516314686,0.0374009516314686,0.0374009516314686,0.00139883118293945,0.608484212249012,1.15940938199588,1,0.930377529737651,0.0140868297376507,0.0140868297376507,0.0140868297376507,0.000198438772057561,0.54765081946793,1.31370014672574,1,1.47230586395591,-0.0276941360440868,0.0276941360440868,0.0276941360440868,0.000766965171228386,1.25931320251199,1.69868940924165,1,1.74040030256202,-0.0595996974379811,0.0595996974379811,0.0595996974379811,0.00355212393469889,1.44715923416303,1.98788528276526,1
22,"n600-b1_2-b2_2p5-b3_2p5",600,10,220,1,1,0.6931472,0.9162907,0.9162907,1.5,1.8,1,1.3,0.09,196,102,203,99,FALSE,NA,TRUE,NA,1.01606533963412,0.322918139634124,0.322918139634124,0.322918139634124,0.104276124904764,0.687396697191601,1.35078354529548,1,1.25119200825241,0.334901308252414,0.334901308252414,0.334901308252414,0.112158886269178,0.956676305841674,1.56293473654835,0,0.612364473738071,-0.303926226261929,0.303926226261929,0.303926226261929,0.0923711510098173,0.220108895759691,1.00396603440034,1,1.50302097245572,0.00302097245571953,0.00302097245571953,0.00302097245571953,9.12627457821608e-06,1.4512493345369,1.57544167868671,1,1.80504597262759,0.00504597262758621,0.00504597262758621,0.00504597262758621,2.54618397583493e-05,1.73274837080794,1.89563912469742,1
23,"n600-b1_2-b2_2p5-b3_2p5",600,1,221,1,1,0.6931472,0.9162907,0.9162907,1.5,1.8,1,1.3,0.055,204,78,208,110,FALSE,NA,TRUE,NA,0.444392171086484,-0.248755028913516,0.248755028913516,0.248755028913516,0.0618790644097641,0.127361666829487,0.754461844023524,1,0.778422237751449,-0.137868462248551,0.137868462248551,0.137868462248551,0.0190077128827802,0.523924313346858,1.03973641794279,1,1.452962933496,0.536672233496004,0.536672233496004,0.536672233496004,0.288017086205589,1.05719207380274,1.84645698912904,0,1.58701807159364,0.0870180715936357,0.0870180715936357,0.0870180715936357,0.00757214478387511,1.43455874015785,1.86120713524184,1,1.7908349521273,-0.00916504787270189,0.00916504787270189,0.00916504787270189,8.39981025089175e-05,1.6562768564776,1.93635794706198,1
23,"n600-b1_2-b2_2p5-b3_2p5",600,2,222,1,1,0.6931472,0.9162907,0.9162907,1.5,1.8,1,1.3,0.0683333333333334,191,103,204,102,FALSE,NA,TRUE,NA,0.949824310245272,0.256677110245272,0.256677110245272,0.256677110245272,0.0658831389238633,0.636924049286113,1.26866218259535,1,0.814774870547503,-0.101515829452497,0.101515829452497,0.101515829452497,0.0103054636294286,0.535239770803225,1.10803462186801,1,0.759944000063183,-0.156346699936817,0.156346699936817,0.156346699936817,0.0244442905811331,0.368330337682746,1.14748608495022,1,1.34318486538866,-0.156815134611336,0.156815134611336,0.156815134611336,0.0245909864431716,1.22782323659608,1.48680172634348,0,1.78323911181195,-0.0167608881880461,0.0167608881880461,0.0167608881880461,0.000280927372852184,1.58971873689012,2.01110982340038,1
23,"n600-b1_2-b2_2p5-b3_2p5",600,3,223,1,1,0.6931472,0.9162907,0.9162907,1.5,1.8,1,1.3,0.075,202,93,211,94,FALSE,NA,TRUE,NA,0.899265516659258,0.206118316659258,0.206118316659258,0.206118316659258,0.0424847604624462,0.581057224051087,1.22216539549255,1,0.929400107537672,0.013109407537672,0.013109407537672,0.013109407537672,0.000171856565988771,0.655178984284856,1.21954638943391,1,0.641845373840164,-0.274445326159836,0.274445326159836,0.274445326159836,0.0753202370509786,0.256697451981272,1.02632509894827,1,1.60114097972658,0.101140979726584,0.101140979726584,0.101140979726584,0.0102294977800533,1.51421212272256,1.69043408803134,0,1.82456918552754,0.0245691855275414,0.0245691855275414,0.0245691855275414,0.000603644877486749,1.78807645608162,1.86152182851077,1
23,"n600-b1_2-b2_2p5-b3_2p5",600,4,224,1,1,0.6931472,0.9162907,0.9162907,1.5,1.8,1,1.3,0.07,181,116,204,99,FALSE,NA,TRUE,NA,0.533158681739052,-0.159988518260948,0.159988518260948,0.159988518260948,0.0255963259753336,0.245603748555811,0.831767133400391,1,0.762740915382078,-0.153549784617922,0.153549784617922,0.153549784617922,0.0235775363562101,0.494859303643778,1.0415682367625,1,1.08309409709477,0.166803397094774,0.166803397094774,0.166803397094774,0.027823373282357,0.708930956687319,1.44547006252825,1,1.62059545249485,0.120595452494847,0.120595452494847,0.120595452494847,0.014543263162437,1.49917135164241,1.72655458114502,1,1.74339690754533,-0.0566030924546663,0.0566030924546663,0.0566030924546663,0.0032039100754315,1.57159836107647,2.0840240672972,1
23,"n600-b1_2-b2_2p5-b3_2p5",600,5,225,1,1,0.6931472,0.9162907,0.9162907,1.5,1.8,1,1.3,0.0866666666666667,205,101,188,106,FALSE,NA,TRUE,NA,0.741459090220008,0.0483118902200081,0.0483118902200081,0.0483118902200081,0.00233403873663012,0.423855971099457,1.06239311066721,1,0.822582743796969,-0.0937079562030309,0.0937079562030309,0.0937079562030309,0.00878118105574915,0.53971790148529,1.11047002552082,1,0.986872673509142,0.0705819735091423,0.0705819735091423,0.0705819735091423,0.00498181498444527,0.583642632367528,1.38078471494137,1,1.53182869506156,0.0318286950615645,0.0318286950615645,0.0318286950615645,0.00101306582932206,1.37391924898144,1.83878839564336,1,1.78504540259314,-0.0149545974068632,0.0149545974068632,0.0149545974068632,0.00022363998360136,1.65868668079706,1.92867975175271,1
23,"n600-b1_2-b2_2p5-b3_2p5",600,6,226,1,1,0.6931472,0.9162907,0.9162907,1.5,1.8,1,1.3,0.095,209,96,205,90,FALSE,NA,TRUE,NA,0.744994341509583,0.0518471415095827,0.0518471415095827,0.0518471415095827,0.00268812608271469,0.391653215563131,1.10115280252905,1,0.944889326559033,0.0285986265590331,0.0285986265590331,0.0285986265590331,0.000817881441063034,0.639812957071035,1.26108944856922,1,0.928013058471201,0.0117223584712007,0.0117223584712007,0.0117223584712007,0.000137413688127332,0.515203864651117,1.33863025289481,1,1.3473420079401,-0.152657992059899,0.152657992059899,0.152657992059899,0.0233044625397602,1.22570544451478,1.47712575813056,0,1.54925186076376,-0.250748139236243,0.250748139236243,0.250748139236243,0.0628746293304383,1.36791545621485,1.72663103752894,0
23,"n600-b1_2-b2_2p5-b3_2p5",600,7,227,1,1,0.6931472,0.9162907,0.9162907,1.5,1.8,1,1.3,0.0766666666666667,214,98,174,114,FALSE,NA,TRUE,NA,0.851654607063845,0.158507407063845,0.158507407063845,0.158507407063845,0.0251245980941036,0.54074733018213,1.15789331215048,1,0.990271961956777,0.0739812619567771,0.0739812619567771,0.0739812619567771,0.00547322712071728,0.708766731962976,1.27048742687556,1,0.827275942375065,-0.0890147576249354,0.0890147576249354,0.0890147576249354,0.00792362707502599,0.444292518044084,1.2222979626846,1,1.40079439593035,-0.0992056040696476,0.0992056040696476,0.0992056040696476,0.00984175187882368,1.30760149967537,1.5392765272612,1,1.77528398440017,-0.0247160155998258,0.0247160155998258,0.0247160155998258,0.000610881427130834,1.57697099217041,1.89971386391395,1
23,"n600-b1_2-b2_2p5-b3_2p5",600,8,228,1,1,0.6931472,0.9162907,0.9162907,1.5,1.8,1,1.3,0.0583333333333333,210,98,193,99,FALSE,NA,TRUE,NA,0.843734942977518,0.150587742977518,0.150587742977518,0.150587742977518,0.0226766683350631,0.526592529951061,1.16418978917633,1,1.07714709005366,0.160856390053656,0.160856390053656,0.160856390053656,0.0258747782210938,0.79364760938182,1.36536353718093,1,0.752960297107328,-0.163330402892672,0.163330402892672,0.163330402892672,0.0266768205090826,0.364097306080896,1.14454037996777,1,1.50740521928645,0.00740521928644844,0.00740521928644844,0.00740521928644844,5.48372726803879e-05,1.45186599089807,1.58240592403747,1,1.83373794961444,0.0337379496144357,0.0337379496144357,0.0337379496144357,0.0011382492441862,1.78088121459604,1.9683002451209,1
23,"n600-b1_2-b2_2p5-b3_2p5",600,9,229,1,1,0.6931472,0.9162907,0.9162907,1.5,1.8,1,1.3,0.0933333333333334,189,95,201,115,FALSE,NA,TRUE,NA,0.99067337910511,0.29752617910511,0.29752617910511,0.29752617910511,0.0885218272528859,0.674358538067723,1.30641580021965,1,1.12002973705925,0.203739037059245,0.203739037059245,0.203739037059245,0.0415095952218285,0.851219572558547,1.40002995160583,1,0.694555615751096,-0.221735084248904,0.221735084248904,0.221735084248904,0.0491664475868686,0.304181976112535,1.08287331592328,1,1.40648982982792,-0.0935101701720804,0.0935101701720804,0.0935101701720804,0.00874415192561144,1.28351438704371,1.60794932330562,1,1.77224685754136,-0.0277531424586439,0.0277531424586439,0.0277531424586439,0.000770236916329783,1.69684533169522,1.9008214502534,1
23,"n600-b1_2-b2_2p5-b3_2p5",600,10,230,1,1,0.6931472,0.9162907,0.9162907,1.5,1.8,1,1.3,0.05,206,87,207,100,FALSE,NA,TRUE,NA,0.64520499931977,-0.0479422006802298,0.0479422006802298,0.0479422006802298,0.00229845460606343,0.329071768183928,0.961707256070271,1,0.730099393241554,-0.186191306758446,0.186191306758446,0.186191306758446,0.0346672027124176,0.453463354287275,1.01126921751238,1,1.02873773596221,0.112447035962212,0.112447035962212,0.112447035962212,0.012644335896687,0.632657265363965,1.41864494105858,1,1.60869446638239,0.108694466382388,0.108694466382388,0.108694466382388,0.0118144870221521,1.44604908475527,1.74781363623305,1,1.82691857326187,0.0269185732618669,0.0269185732618669,0.0269185732618669,0.000724609586454494,1.69456660491695,1.93823332285606,1
24,"n600-b1_2-b2_2p5-b3_2p5",600,1,231,1,1,0.6931472,0.9162907,0.9162907,1.5,1.8,1,1.3,0.07,193,96,197,114,FALSE,NA,TRUE,NA,0.621821219115159,-0.0713259808848413,0.0713259808848413,0.0713259808848413,0.00508739554918475,0.325411507530673,0.918248830351847,1,0.873453825681476,-0.0428368743185237,0.0428368743185237,0.0428368743185237,0.00183499780138099,0.603034319938598,1.14336751721148,1,0.920509669170827,0.00421896917082676,0.00421896917082676,0.00421896917082676,1.77997008643866e-05,0.551400862362065,1.29254753011632,1,1.54374109716198,0.0437410971619818,0.0437410971619818,0.0437410971619818,0.00191328358093393,1.47899967985121,1.76759648573195,1,1.83577437777138,0.0357743777713821,0.0357743777713821,0.0357743777713821,0.00127980610492956,1.6510089578073,1.94220396798417,1
24,"n600-b1_2-b2_2p5-b3_2p5",600,2,232,1,1,0.6931472,0.9162907,0.9162907,1.5,1.8,1,1.3,0.0633333333333334,204,117,189,90,FALSE,NA,TRUE,NA,0.929467318197113,0.236320118197114,0.236320118197114,0.236320118197114,0.0558471982646977,0.616568463172309,1.2438268134674,1,1.04215411918435,0.12586341918435,0.12586341918435,0.12586341918435,0.0158416002887754,0.744201657676355,1.34257510173229,1,0.86017795844772,-0.0561127415522803,0.0561127415522803,0.0561127415522803,0.003148639764513,0.471244638288659,1.2442114855358,1,1.48162650512749,-0.0183734948725085,0.0183734948725085,0.0183734948725085,0.000337585313830096,1.38420503094617,1.60179196600624,1,1.77600853004792,-0.0239914699520809,0.0239914699520809,0.0239914699520809,0.000575590630461601,1.63166597213365,1.90888364166648,1
24,"n600-b1_2-b2_2p5-b3_2p5",600,3,233,1,1,0.6931472,0.9162907,0.9162907,1.5,1.8,1,1.3,0.0733333333333334,208,95,207,90,FALSE,NA,TRUE,NA,0.796319066859288,0.103171866859288,0.103171866859288,0.103171866859288,0.0106444341112307,0.4658335518573,1.12926552291749,1,1.00075741916303,0.0844667191630324,0.0844667191630324,0.0844667191630324,0.00713462664616658,0.702538108341881,1.31203580153763,1,0.847518376469375,-0.0687723235306246,0.0687723235306246,0.0687723235306246,0.0047296324838009,0.446149756864877,1.24443467890785,1,1.48756102007476,-0.0124389799252367,0.0124389799252367,0.0124389799252367,0.000154728221580441,1.40064045091469,1.60054293036303,1,1.82696615163,0.0269661516300026,0.0269661516300026,0.0269661516300026,0.000727173333732292,1.72574601352738,2.03500385428334,1
24,"n600-b1_2-b2_2p5-b3_2p5",600,4,234,1,1,0.6931472,0.9162907,0.9162907,1.5,1.8,1,1.3,0.0533333333333333,186,102,214,98,FALSE,NA,TRUE,NA,0.634061001735042,-0.0590861982649581,0.0590861982649581,0.0590861982649581,0.00349117882540594,0.326808364904591,0.947673357912941,1,0.839935993940904,-0.076354706059096,0.076354706059096,0.076354706059096,0.00583004113737095,0.569222354319807,1.11687723179248,1,0.904296131816392,-0.0119945681836077,0.0119945681836077,0.0119945681836077,0.000143869665911213,0.52991000346271,1.28408742013113,1,1.39979945784213,-0.100200542157873,0.100200542157873,0.100200542157873,0.0100401486487316,1.29248720030716,1.58777866325868,1,1.69478435408638,-0.105215645913619,0.105215645913619,0.105215645913619,0.01107033214502,1.56021660795344,2.06278533052353,1
24,"n600-b1_2-b2_2p5-b3_2p5",600,5,235,1,1,0.6931472,0.9162907,0.9162907,1.5,1.8,1,1.3,0.0666666666666667,218,97,196,89,FALSE,NA,TRUE,NA,0.512613763792188,-0.180533436207812,0.180533436207812,0.180533436207812,0.0325923215890001,0.192988135154229,0.834269698712952,1,0.850891782964686,-0.0653989170353143,0.0653989170353143,0.0653989170353143,0.00427701834939192,0.572265523200158,1.13936763526551,1,1.11000776196042,0.193717061960421,0.193717061960421,0.193717061960421,0.0375263000945776,0.723202522316745,1.49689859170581,1,1.47100334583273,-0.0289966541672713,0.0289966541672713,0.0289966541672713,0.00084080595289633,1.41815867603931,1.57906310976648,1,1.76196092688769,-0.0380390731123081,0.0380390731123081,0.0380390731123081,0.00144697108324352,1.66084089121189,1.86414733473099,1
24,"n600-b1_2-b2_2p5-b3_2p5",600,6,236,1,1,0.6931472,0.9162907,0.9162907,1.5,1.8,1,1.3,0.0616666666666666,194,101,205,100,FALSE,NA,TRUE,NA,0.775250927052448,0.0821037270524476,0.0821037270524476,0.0821037270524476,0.00674102199590282,0.474709371116419,1.08732641975879,1,0.832234282633847,-0.0840564173661531,0.0840564173661531,0.0840564173661531,0.00706548130043293,0.559581810264655,1.11507117761887,1,0.832500332833825,-0.0837903671661746,0.0837903671661746,0.0837903671661746,0.00702082562984235,0.446826934372947,1.21493697743559,1,1.50248100746178,0.00248100746178026,0.00248100746178026,0.00248100746178026,6.15539802540933e-06,1.35798601092769,1.65363215975397,1,1.71009702879826,-0.0899029712017398,0.0899029712017398,0.0899029712017398,0.00808254423090086,1.50049734464304,1.92538150350398,1
24,"n600-b1_2-b2_2p5-b3_2p5",600,7,237,1,1,0.6931472,0.9162907,0.9162907,1.5,1.8,1,1.3,0.0483333333333333,191,110,205,94,FALSE,NA,TRUE,NA,0.533231056592421,-0.159916143407579,0.159916143407579,0.159916143407579,0.0255731729223533,0.2208108707338,0.849278790975506,1,0.673356673603419,-0.242934026396581,0.242934026396581,0.242934026396581,0.0590169411812549,0.39551154102366,0.960574077611527,1,1.32968242682483,0.413391726824829,0.413391726824829,0.413391726824829,0.170892719807214,0.945367859512237,1.71224558831648,0,1.34957451054722,-0.150425489452776,0.150425489452776,0.150425489452776,0.0226278278771071,1.24569149019758,1.50918667834022,1,1.69968955207128,-0.100310447928725,0.100310447928725,0.100310447928725,0.0100621859636614,1.56968729289004,1.91354099742356,1
24,"n600-b1_2-b2_2p5-b3_2p5",600,8,238,1,1,0.6931472,0.9162907,0.9162907,1.5,1.8,1,1.3,0.0816666666666667,200,98,204,98,FALSE,NA,TRUE,NA,0.759601927953046,0.0664547279530462,0.0664547279530462,0.0664547279530462,0.00441623086731338,0.436935221896555,1.08707301990732,1,0.955835370173702,0.0395446701737023,0.0395446701737023,0.0395446701737023,0.0015637809391469,0.663311594579788,1.2496848255627,1,0.743094763680865,-0.173195936319135,0.173195936319135,0.173195936319135,0.0299968323574618,0.34516812431571,1.14203199533546,1,1.51921473830072,0.0192147383007166,0.0192147383007166,0.0192147383007166,0.000369206167965027,1.3574110805169,1.75317978705065,1,1.84816022630523,0.0481602263052336,0.0481602263052336,0.0481602263052336,0.00231940739777132,1.72804339649338,2.03851195583818,1
24,"n600-b1_2-b2_2p5-b3_2p5",600,9,239,1,1,0.6931472,0.9162907,0.9162907,1.5,1.8,1,1.3,0.0666666666666667,207,108,195,90,FALSE,NA,TRUE,NA,0.686588765915426,-0.00655843408457435,0.00655843408457435,0.00655843408457435,4.30130576417066e-05,0.381644212736231,0.998878799682693,1,0.896238009825881,-0.0200526901741188,0.0200526901741188,0.0200526901741188,0.000402110383219201,0.613858044775823,1.1861933713347,1,0.977794799645438,0.0615040996454382,0.0615040996454382,0.0615040996454382,0.003782754273196,0.600948107821367,1.35422890779079,1,1.63936356195016,0.139363561950158,0.139363561950158,0.139363561950158,0.0194222023994355,1.53957201219791,1.8739831768107,0,2.01099422199309,0.210994221993093,0.210994221993093,0.210994221993093,0.0445185617144708,1.81677544194628,2.32111729695691,0
24,"n600-b1_2-b2_2p5-b3_2p5",600,10,240,1,1,0.6931472,0.9162907,0.9162907,1.5,1.8,1,1.3,0.055,170,100,234,96,FALSE,NA,TRUE,NA,0.764795000069479,0.0716478000694792,0.0716478000694792,0.0716478000694792,0.00513340725479607,0.44776357184728,1.08209067743592,1,1.04950632664073,0.133215626640732,0.133215626640732,0.133215626640732,0.0177464031812828,0.776990691495663,1.33166895373277,1,0.785429487412815,-0.130861212587185,0.130861212587185,0.130861212587185,0.0171246569597884,0.406406502834647,1.16481483985835,1,1.45552199348525,-0.0444780065147525,0.0444780065147525,0.0444780065147525,0.00197829306352637,1.37478051914269,1.5702522104043,1,1.7788160178342,-0.0211839821658046,0.0211839821658046,0.0211839821658046,0.000448761100401129,1.67511246233554,1.87379499957037,1
25,"n600-b1_2-b2_2p5-b3_2p5",600,1,241,1,1,0.6931472,0.9162907,0.9162907,1.5,1.8,1,1.3,0.0916666666666667,176,103,204,117,FALSE,NA,TRUE,NA,0.680254074563216,-0.0128931254367838,0.0128931254367838,0.0128931254367838,0.000166232683528641,0.380201886759622,0.983631794326756,1,0.959537765559201,0.0432470655592005,0.0432470655592005,0.0432470655592005,0.00187030867948179,0.69282716692142,1.23540913069371,1,0.88498768527228,-0.0313030147277199,0.0313030147277199,0.0313030147277199,0.000979878731043849,0.49993225522714,1.25917283133994,1,1.49889571304897,-0.00110428695102827,0.00110428695102827,0.00110428695102827,1.2194496702113e-06,1.41842908617196,1.70447263246748,1,1.75886892253687,-0.0411310774631257,0.0411310774631257,0.0411310774631257,0.00169176553327765,1.67198506870504,1.90193244220017,1
25,"n600-b1_2-b2_2p5-b3_2p5",600,2,242,1,1,0.6931472,0.9162907,0.9162907,1.5,1.8,1,1.3,0.0716666666666667,189,100,205,106,FALSE,NA,TRUE,NA,0.823061563613203,0.129914363613204,0.129914363613204,0.129914363613204,0.0168777418730237,0.519621023345232,1.12887360240664,1,0.957434021593165,0.0411433215931654,0.0411433215931654,0.0411433215931654,0.00169277291171863,0.690750181058803,1.23606466534653,1,0.617235020273647,-0.299055679726353,0.299055679726353,0.299055679726353,0.0894342995765909,0.243712149137579,0.98331917809216,1,1.59211167486965,0.0921116748696464,0.0921116748696464,0.0921116748696464,0.00848456064729146,1.41016027960459,1.9163867828467,1,1.81663125689229,0.0166312568922879,0.0166312568922879,0.0166312568922879,0.000276598705817275,1.56018248001321,2.37784083600738,1
25,"n600-b1_2-b2_2p5-b3_2p5",600,3,243,1,1,0.6931472,0.9162907,0.9162907,1.5,1.8,1,1.3,0.07,187,95,200,118,FALSE,NA,TRUE,NA,0.641227405800778,-0.0519197941992222,0.0519197941992222,0.0519197941992222,0.00269566502968959,0.332639103870349,0.946554721929147,1,0.903818758996817,-0.0124719410031829,0.0124719410031829,0.0124719410031829,0.000155549312386876,0.641622035855813,1.17486359069896,1,1.0965721517212,0.180281451721201,0.180281451721201,0.180281451721201,0.0325014018347036,0.709259797985215,1.48955877431885,1,1.45568579382242,-0.0443142061775759,0.0443142061775759,0.0443142061775759,0.0019637488691487,1.28356377368238,1.69516993024411,1,1.75638292277716,-0.0436170772228426,0.0436170772228426,0.0436170772228426,0.00190244942546341,1.60435005009914,1.92826235919125,1
25,"n600-b1_2-b2_2p5-b3_2p5",600,4,244,1,1,0.6931472,0.9162907,0.9162907,1.5,1.8,1,1.3,0.0783333333333334,181,97,220,102,FALSE,NA,TRUE,NA,0.546738817066778,-0.146408382933222,0.146408382933222,0.146408382933222,0.0214354145931209,0.229320090856282,0.855547905850527,1,0.777003241879258,-0.139287458120742,0.139287458120742,0.139287458120742,0.0194009959897376,0.510548802985975,1.05303799133859,1,1.1734613037405,0.257170603740495,0.257170603740495,0.257170603740495,0.066136719428251,0.786326933610247,1.55484190420129,1,1.50870488518532,0.0087048851853202,0.0087048851853202,0.0087048851853202,7.57750260896071e-05,1.44059853196463,1.64143173191614,1,1.76927970264506,-0.0307202973549401,0.0307202973549401,0.0307202973549401,0.000943736669575939,1.66050407196548,1.87564950728385,1
25,"n600-b1_2-b2_2p5-b3_2p5",600,5,245,1,1,0.6931472,0.9162907,0.9162907,1.5,1.8,1,1.3,0.0716666666666667,222,88,184,106,FALSE,NA,TRUE,NA,0.753409922844476,0.0602627228444758,0.0602627228444758,0.0602627228444758,0.0036315957646301,0.440597324517949,1.07151570710808,1,0.88669144483984,-0.0295992551601603,0.0295992551601603,0.0295992551601603,0.000876115906036274,0.610455051557561,1.17295574460727,1,0.95037731750715,0.0340866175071505,0.0340866175071505,0.0340866175071505,0.00116189749307878,0.56135358017886,1.33606285215949,1,1.55996480423268,0.059964804232681,0.059964804232681,0.059964804232681,0.00359577774666376,1.46936566051091,1.7680945704525,1,1.75340972642718,-0.0465902735728243,0.0465902735728243,0.0465902735728243,0.00217065359159061,1.71498496664951,1.84186419614505,1
25,"n600-b1_2-b2_2p5-b3_2p5",600,6,246,1,1,0.6931472,0.9162907,0.9162907,1.5,1.8,1,1.3,0.0683333333333334,223,107,181,89,FALSE,NA,TRUE,NA,0.825502961708499,0.132355761708499,0.132355761708499,0.132355761708499,0.0175180476574371,0.508887198455948,1.14905695108256,1,0.866641785106951,-0.0496489148930493,0.0496489148930493,0.0496489148930493,0.00246501475005726,0.568146090204564,1.17339893326468,1,0.77051605493697,-0.145774645063031,0.145774645063031,0.145774645063031,0.0212502471432525,0.381213208285484,1.15746061218188,1,1.51643792090527,0.0164379209052674,0.0164379209052674,0.0164379209052674,0.000270205243687827,1.42891939696657,1.86781386426508,1,1.80322060118201,0.00322060118201262,0.00322060118201262,0.00322060118201262,1.03722719735811e-05,1.73121424494619,2.05568799135041,1
25,"n600-b1_2-b2_2p5-b3_2p5",600,7,247,1,1,0.6931472,0.9162907,0.9162907,1.5,1.8,1,1.3,0.095,184,103,217,96,FALSE,NA,TRUE,NA,0.99137964006302,0.298232440063021,0.298232440063021,0.298232440063021,0.0889425883059431,0.662299663684017,1.32246364650299,1,1.14731834955446,0.231027649554464,0.231027649554464,0.231027649554464,0.0533737748586604,0.84897869137651,1.45178144542096,1,0.841187562804453,-0.0751031371955471,0.0751031371955471,0.0751031371955471,0.00564048121661317,0.439752559860694,1.24091146419352,1,1.43912445888922,-0.0608755411107751,0.0608755411107751,0.0608755411107751,0.00370583150552967,1.32500162214219,1.49816761754532,0,1.73537970455699,-0.0646202954430082,0.0646202954430082,0.0646202954430082,0.00417578258314166,1.64842619646345,1.79848581454762,0
25,"n600-b1_2-b2_2p5-b3_2p5",600,8,248,1,1,0.6931472,0.9162907,0.9162907,1.5,1.8,1,1.3,0.0933333333333334,185,110,208,97,FALSE,NA,TRUE,NA,0.728600910044825,0.0354537100448251,0.0354537100448251,0.0354537100448251,0.00125696555594253,0.412287055749851,1.04730126572967,1,1.12718295294068,0.210892252940683,0.210892252940683,0.210892252940683,0.0444755423503969,0.848808062906667,1.41733105454719,1,0.87607506063244,-0.0402156393675601,0.0402156393675601,0.0402156393675601,0.00161729764974165,0.487212476328827,1.25935965414948,1,1.51726426422751,0.0172642642275065,0.0172642642275065,0.0172642642275065,0.00029805481931716,1.42662821516706,1.64533463960736,1,1.82454459518579,0.024544595185793,0.024544595185793,0.024544595185793,0.000602437152834453,1.75193433348161,1.91865673061007,1
25,"n600-b1_2-b2_2p5-b3_2p5",600,9,249,1,1,0.6931472,0.9162907,0.9162907,1.5,1.8,1,1.3,0.07,170,103,213,114,FALSE,NA,TRUE,NA,0.770413958197321,0.0772667581973211,0.0772667581973211,0.0772667581973211,0.00597015192232329,0.480861476975724,1.0682565851016,1,0.862319331130069,-0.0539713688699313,0.0539713688699313,0.0539713688699313,0.00291290865769418,0.594687082856193,1.13575451982383,1,0.797956493571562,-0.118334206428438,0.118334206428438,0.118334206428438,0.0140029844110482,0.425353742628705,1.16320777054003,1,1.49984550741797,-0.000154492582025378,0.000154492582025378,0.000154492582025378,2.38679579008683e-08,1.30171206530968,1.66608719497402,1,1.78832620684997,-0.0116737931500317,0.0116737931500317,0.0116737931500317,0.000136277446509727,1.70422200077199,1.91767930566232,1
25,"n600-b1_2-b2_2p5-b3_2p5",600,10,250,1,1,0.6931472,0.9162907,0.9162907,1.5,1.8,1,1.3,0.0716666666666667,186,99,209,106,FALSE,NA,TRUE,NA,0.723059565665537,0.0299123656655372,0.0299123656655372,0.0299123656655372,0.000894749619708811,0.410452810109634,1.03650267604056,1,1.0764306114401,0.160139911440099,0.160139911440099,0.160139911440099,0.0256447912360428,0.806132086969181,1.35467141401302,1,0.821043838415844,-0.0952468615841559,0.0952468615841559,0.0952468615841559,0.00907196464163134,0.440631839067287,1.20757165065449,1,1.47898915503892,-0.0210108449610797,0.0210108449610797,0.0210108449610797,0.00044145560597853,1.43471556755303,1.53165322566916,1,1.79698085072077,-0.00301914927922953,0.00301914927922953,0.00301914927922953,9.11526237027217e-06,1.72922994360465,1.88236518695104,1
26,"n600-b1_2-b2_2p5-b3_2p5",600,1,251,1,1,0.6931472,0.9162907,0.9162907,1.5,1.8,1,1.3,0.0600000000000001,204,110,205,81,FALSE,NA,TRUE,NA,0.684508320156182,-0.00863887984381817,0.00863887984381817,0.00863887984381817,7.46302449559279e-05,0.360340802635934,1.00995775206857,1,0.892902185612331,-0.0233885143876688,0.0233885143876688,0.0233885143876688,0.000547022605262188,0.606917445686945,1.19689091101283,1,0.884777504743873,-0.0315131952561271,0.0315131952561271,0.0315131952561271,0.000993081475250789,0.48480600630993,1.27163644624337,1,1.44872564519967,-0.0512743548003298,0.0512743548003298,0.0512743548003298,0.00262905946019011,1.22791212244213,1.60103950212995,1,1.75943754718441,-0.0405624528155877,0.0405624528155877,0.0405624528155877,0.00164531257841678,1.4771405472754,1.91959029441492,1
26,"n600-b1_2-b2_2p5-b3_2p5",600,2,252,1,1,0.6931472,0.9162907,0.9162907,1.5,1.8,1,1.3,0.0783333333333334,201,103,194,102,FALSE,NA,TRUE,NA,0.536550710948272,-0.156596489051728,0.156596489051728,0.156596489051728,0.0245224603833279,0.225071910411875,0.848298626791782,1,0.819186106502853,-0.097104593497147,0.097104593497147,0.097104593497147,0.00942930207824615,0.54548935214557,1.10131860432137,1,1.13778908477239,0.221498384772388,0.221498384772388,0.221498384772388,0.0490615344567767,0.749493296274918,1.52578256760922,1,1.49943803045296,-0.000561969547043795,0.000561969547043795,0.000561969547043795,3.15809771804608e-07,1.37691465425964,1.58642872419179,1,1.77499061779512,-0.0250093822048849,0.0250093822048849,0.0250093822048849,0.000625469198270014,1.719642152843,1.83836770754558,1
26,"n600-b1_2-b2_2p5-b3_2p5",600,3,253,1,1,0.6931472,0.9162907,0.9162907,1.5,1.8,1,1.3,0.07,189,108,210,93,FALSE,NA,TRUE,NA,0.698748623253257,0.00560142325325752,0.00560142325325752,0.00560142325325752,3.13759424621341e-05,0.390327207261686,1.01050925808206,1,0.901680844722174,-0.0146098552778262,0.0146098552778262,0.0146098552778262,0.000213447871239026,0.619336610384242,1.18844018949315,1,0.836452607342118,-0.079838092657882,0.079838092657882,0.079838092657882,0.00637412103924855,0.461329203259814,1.21664569802082,1,1.48870752983565,-0.0112924701643462,0.0112924701643462,0.0112924701643462,0.000127519882412649,1.29584636618469,1.62115872933076,1,1.96790810896154,0.167908108961544,0.167908108961544,0.167908108961544,0.0281931330550419,1.69030711299116,2.3648441129683,1
26,"n600-b1_2-b2_2p5-b3_2p5",600,4,254,1,1,0.6931472,0.9162907,0.9162907,1.5,1.8,1,1.3,0.0866666666666667,203,106,194,97,FALSE,NA,TRUE,NA,0.531544501302672,-0.161602698697328,0.161602698697328,0.161602698697328,0.0261154322262594,0.216364698943376,0.852947073734363,1,0.964774131678812,0.0484834316788121,0.0484834316788121,0.0484834316788121,0.00235064314735404,0.678593725999528,1.26148895493662,1,1.16631117449537,0.250020474495366,0.250020474495366,0.250020474495366,0.0625102376668881,0.770715313215551,1.56306984898173,1,1.47605923863023,-0.0239407613697746,0.0239407613697746,0.0239407613697746,0.000573160054964493,1.42901236222199,1.52032059131585,1,1.7894252966389,-0.010574703361101,0.010574703361101,0.010574703361101,0.000111824351175281,1.73607543888766,1.89353089447027,1
26,"n600-b1_2-b2_2p5-b3_2p5",600,5,255,1,1,0.6931472,0.9162907,0.9162907,1.5,1.8,1,1.3,0.0833333333333334,217,88,204,91,FALSE,NA,TRUE,NA,0.793275806943083,0.100128606943083,0.100128606943083,0.100128606943083,0.0100257379283624,0.462912873592697,1.1285484970463,1,0.882116438808917,-0.034174261191083,0.034174261191083,0.034174261191083,0.00116788012795636,0.594538892548463,1.17803008829592,1,1.18279049977823,0.266499799778228,0.266499799778228,0.266499799778228,0.0710221432818358,0.777121117400843,1.59310929622762,1,1.54945135228488,0.0494513522848785,0.0494513522848785,0.0494513522848785,0.00244543624280316,1.44386701635049,1.65919955236228,1,1.85662588866696,0.0566258886669593,0.0566258886669593,0.0566258886669593,0.00320649126732287,1.77882903250713,1.97594794178692,1
26,"n600-b1_2-b2_2p5-b3_2p5",600,6,256,1,1,0.6931472,0.9162907,0.9162907,1.5,1.8,1,1.3,0.0649999999999999,195,113,178,114,FALSE,NA,TRUE,NA,0.620700713691161,-0.0724464863088391,0.0724464863088391,0.0724464863088391,0.00524849337849681,0.321418527278895,0.917539480194184,1,1.03866741245144,0.12237671245144,0.12237671245144,0.12237671245144,0.0149760597504223,0.764368284943846,1.32025921702605,1,1.01766242810129,0.101371728101289,0.101371728101289,0.101371728101289,0.0102762272582417,0.638574918401258,1.39965012629301,1,1.40177941831022,-0.0982205816897814,0.0982205816897814,0.0982205816897814,0.00964728266747903,1.34994006155908,1.52973644562921,1,1.50468989297938,-0.29531010702062,0.29531010702062,0.29531010702062,0.08720805930853,1.44107653362,1.86588577063006,1
26,"n600-b1_2-b2_2p5-b3_2p5",600,7,257,1,1,0.6931472,0.9162907,0.9162907,1.5,1.8,1,1.3,0.0733333333333334,168,108,207,117,FALSE,NA,TRUE,NA,0.765737538125313,0.0725903381253135,0.0725903381253135,0.0725903381253135,0.00526935718914734,0.467365250353697,1.05943977499607,1,0.782303729904205,-0.133986970095795,0.133986970095795,0.133986970095795,0.0179525081554515,0.52532281306473,1.03980029679169,1,0.652664365751486,-0.263626334248514,0.263626334248514,0.263626334248514,0.0694988441093093,0.282312535462338,1.01672077067482,1,1.46434314005844,-0.0356568599415645,0.0356568599415645,0.0356568599415645,0.00127141166089235,1.38489487051163,1.55566986878226,1,1.77314985181244,-0.0268501481875554,0.0268501481875554,0.0268501481875554,0.000720930457693683,1.68370843604694,1.91770470654047,1
26,"n600-b1_2-b2_2p5-b3_2p5",600,8,258,1,1,0.6931472,0.9162907,0.9162907,1.5,1.8,1,1.3,0.0600000000000001,204,97,212,87,FALSE,NA,TRUE,NA,0.69391618848751,0.00076898848751028,0.00076898848751028,0.00076898848751028,5.91343293923349e-07,0.370333956890732,1.02262852670875,1,0.945890232016174,0.0295995320161739,0.0295995320161739,0.0295995320161739,0.000876132295576506,0.659535813872371,1.24124267140788,1,0.992443653906056,0.0761529539060563,0.0761529539060563,0.0761529539060563,0.00579927238861793,0.592010162182929,1.38684662324878,1,1.51478801135098,0.0147880113509846,0.0147880113509846,0.0147880113509846,0.00021868527971685,1.46475285532096,1.60670238120267,1,1.74016795202668,-0.0598320479733192,0.0598320479733192,0.0598320479733192,0.00357987396468157,1.68516461189806,1.87410169979979,1
26,"n600-b1_2-b2_2p5-b3_2p5",600,9,259,1,1,0.6931472,0.9162907,0.9162907,1.5,1.8,1,1.3,0.0633333333333334,223,106,180,91,FALSE,NA,TRUE,NA,0.535610127376167,-0.157537072623833,0.157537072623833,0.157537072623833,0.0248179292508869,0.224315985641743,0.844136982696197,1,0.758819873425155,-0.157470826574845,0.157470826574845,0.157470826574845,0.0247970612221649,0.479491353417357,1.03705776845852,1,1.16488226105798,0.248591561057978,0.248591561057978,0.248591561057978,0.0617977642292422,0.77772130044075,1.55381397023454,1,1.46060475580685,-0.0393952441931467,0.0393952441931467,0.0393952441931467,0.00155198526503766,1.30059592424258,1.56262140355101,1,1.80623522060674,0.00623522060673998,0.00623522060673998,0.00623522060673998,3.88779760147148e-05,1.64243163815018,1.93811967886817,1
26,"n600-b1_2-b2_2p5-b3_2p5",600,10,260,1,1,0.6931472,0.9162907,0.9162907,1.5,1.8,1,1.3,0.0683333333333334,193,101,217,89,FALSE,NA,TRUE,NA,0.831835666314572,0.138688466314572,0.138688466314572,0.138688466314572,0.0192344906886883,0.493683788027924,1.17483516426789,1,1.18883009477538,0.27253939477538,0.27253939477538,0.27253939477538,0.0742777217045304,0.878287723090328,1.52173269481363,1,0.659623373418802,-0.256667326581198,0.256667326581198,0.256667326581198,0.0658781165343393,0.234249209983909,1.06598267833797,1,1.43456030268604,-0.0654396973139577,0.0654396973139577,0.0654396973139577,0.0042823539845424,1.26451676178389,1.65267668019788,1,1.7975487657244,-0.00245123427559979,0.00245123427559979,0.00245123427559979,6.00854947387523e-06,1.5691806900102,2.1069859624161,1
27,"n600-b1_2-b2_2p5-b3_2p5",600,1,261,1,1,0.6931472,0.9162907,0.9162907,1.5,1.8,1,1.3,0.0600000000000001,204,86,203,107,FALSE,NA,TRUE,NA,0.547736998545239,-0.145410201454761,0.145410201454761,0.145410201454761,0.0211441266871141,0.238752136035195,0.856821874962147,1,0.70516265165865,-0.21112804834135,0.21112804834135,0.21112804834135,0.0445750527964276,0.446167046986826,0.967103239407681,1,1.19017405130941,0.273883351309407,0.273883351309407,0.273883351309407,0.075012090124472,0.80583744339728,1.57642682118062,1,1.54680295933713,0.0468029593371282,0.0468029593371282,0.0468029593371282,0.00219051700271287,1.45081069438399,1.66504324079346,1,1.83131943170342,0.0313194317034236,0.0313194317034236,0.0313194317034236,0.000980906802225412,1.67624333996878,1.9441601837939,1
27,"n600-b1_2-b2_2p5-b3_2p5",600,2,262,1,1,0.6931472,0.9162907,0.9162907,1.5,1.8,1,1.3,0.0716666666666667,201,86,200,113,FALSE,NA,TRUE,NA,0.596439258638901,-0.0967079413610989,0.0967079413610989,0.0967079413610989,0.00935242592230175,0.290230833529125,0.906242286718057,1,0.936297974961597,0.0200072749615967,0.0200072749615967,0.0200072749615967,0.000400291051388935,0.672074975631454,1.20620530889121,1,1.09934002111456,0.183049321114559,0.183049321114559,0.183049321114559,0.0335070539605009,0.714187315519829,1.48308132350475,1,1.50133736684881,0.0013373668488148,0.0013373668488148,0.0013373668488148,1.78855008830884e-06,1.43743603417588,1.59872439257932,1,1.81757071383709,0.0175707138370909,0.0175707138370909,0.0175707138370909,0.000308729984744936,1.78573152622166,1.86547291351663,1
27,"n600-b1_2-b2_2p5-b3_2p5",600,3,263,1,1,0.6931472,0.9162907,0.9162907,1.5,1.8,1,1.3,0.0833333333333334,206,90,207,97,FALSE,NA,TRUE,NA,0.67770058035843,-0.0154466196415696,0.0154466196415696,0.0154466196415696,0.000238598058351323,0.353949710029244,1.00984842958476,1,1.13556162432192,0.219270924321917,0.219270924321917,0.219270924321917,0.048079738252988,0.860373566865319,1.42085295322971,1,0.993716465702608,0.0774257657026077,0.0774257657026077,0.0774257657026077,0.00599474919463511,0.590267837403196,1.38864094062006,1,1.56336521230574,0.0633652123057431,0.0633652123057431,0.0633652123057431,0.0040151501305519,1.40644418027929,1.69597903125936,1,1.83244296294497,0.0324429629449681,0.0324429629449681,0.0324429629449681,0.00105254584464857,1.69972242561327,1.98635626545232,1
27,"n600-b1_2-b2_2p5-b3_2p5",600,4,264,1,1,0.6931472,0.9162907,0.9162907,1.5,1.8,1,1.3,0.0733333333333334,207,83,205,105,FALSE,NA,TRUE,NA,0.741685232314111,0.0485380323141106,0.0485380323141106,0.0485380323141106,0.00235594058092564,0.416218539522243,1.0700554245699,1,0.953305084647273,0.0370143846472731,0.0370143846472731,0.0370143846472731,0.00137006467081629,0.681638500299642,1.24080629510062,1,0.75637851806757,-0.15991218193243,0.15991218193243,0.15991218193243,0.0255719059303907,0.365416771657646,1.1485232271582,1,1.43227566865652,-0.0677243313434828,0.0677243313434828,0.0677243313434828,0.00458658505592184,1.28253852474315,1.51813717938995,1,1.7439391528394,-0.0560608471606019,0.0560608471606019,0.0560608471606019,0.00314281858436436,1.63930926065511,1.92817656870658,1
27,"n600-b1_2-b2_2p5-b3_2p5",600,5,265,1,1,0.6931472,0.9162907,0.9162907,1.5,1.8,1,1.3,0.0633333333333334,204,111,179,106,FALSE,NA,TRUE,NA,0.704487077310754,0.0113398773107539,0.0113398773107539,0.0113398773107539,0.000128592817422952,0.40978278453237,1.00826122158996,1,0.842129759363862,-0.0741609406361383,0.0741609406361383,0.0741609406361383,0.00549984511603683,0.564570511637324,1.12152087409385,1,0.900238541751477,-0.0160521582485231,0.0160521582485231,0.0160521582485231,0.000257671784435629,0.523199901267684,1.2762191973126,1,1.51790880879145,0.0179088087914461,0.0179088087914461,0.0179088087914461,0.000320725432328576,1.44576633568759,1.71269124276557,1,1.75507001781993,-0.0449299821800748,0.0449299821800748,0.0449299821800748,0.00201870329870184,1.69578240407132,1.87463516422285,1
27,"n600-b1_2-b2_2p5-b3_2p5",600,6,266,1,1,0.6931472,0.9162907,0.9162907,1.5,1.8,1,1.3,0.07,191,98,207,104,FALSE,NA,TRUE,NA,0.779987523968352,0.0868403239683517,0.0868403239683517,0.0868403239683517,0.00754124186692828,0.461839459241861,1.09715302339585,1,1.07586574021071,0.159575040210708,0.159575040210708,0.159575040210708,0.025464193458249,0.793494376314633,1.36574789619214,1,0.727393105463228,-0.188897594536772,0.188897594536772,0.188897594536772,0.0356823012217789,0.339721253682344,1.11714304153148,1,1.54124625231519,0.0412462523151851,0.0412462523151851,0.0412462523151851,0.00170125333004791,1.4797530119581,1.66508978640706,1,1.7817359467803,-0.0182640532197007,0.0182640532197007,0.0182640532197007,0.00033357564001206,1.56938811953177,1.89611319808365,1
27,"n600-b1_2-b2_2p5-b3_2p5",600,7,267,1,1,0.6931472,0.9162907,0.9162907,1.5,1.8,1,1.3,0.0866666666666667,180,104,207,109,FALSE,NA,TRUE,NA,0.531255604658292,-0.161891595341708,0.161891595341708,0.161891595341708,0.0262088886422833,0.226516777933866,0.838344780787649,1,0.957732919507512,0.0414422195075118,0.0414422195075118,0.0414422195075118,0.00171745755770879,0.684517797288585,1.23489244678562,1,0.835138705132077,-0.0811519948679226,0.0811519948679226,0.0811519948679226,0.00658564627104333,0.452765396105664,1.21008685147127,1,1.52445112362785,0.024451123627852,0.024451123627852,0.024451123627852,0.0005978574466645,1.44933993301451,1.58907631852396,1,1.83121530747091,0.0312153074709072,0.0312153074709072,0.0312153074709072,0.000974395420503273,1.76161296549658,1.90198361279878,1
27,"n600-b1_2-b2_2p5-b3_2p5",600,8,268,1,1,0.6931472,0.9162907,0.9162907,1.5,1.8,1,1.3,0.075,206,97,202,95,FALSE,NA,TRUE,NA,0.539300728887199,-0.153846471112801,0.153846471112801,0.153846471112801,0.0236687366738619,0.228809294001612,0.847517668787979,1,0.798301945305534,-0.117988754694466,0.117988754694466,0.117988754694466,0.0139213462343509,0.52521429662434,1.0813288288848,1,1.2494778444733,0.333187144473303,0.333187144473303,0.333187144473303,0.111013673242274,0.870820284752514,1.62605833830906,1,1.49320602656335,-0.00679397343664623,0.00679397343664623,0.00679397343664623,4.61580750578546e-05,1.44697890996666,1.55098354579807,1,1.78598261061377,-0.0140173893862283,0.0140173893862283,0.0140173893862283,0.000196487205205146,1.71761438716875,1.89454020942658,1
27,"n600-b1_2-b2_2p5-b3_2p5",600,9,269,1,1,0.6931472,0.9162907,0.9162907,1.5,1.8,1,1.3,0.0616666666666666,208,109,204,79,FALSE,NA,TRUE,NA,0.981523603360148,0.288376403360148,0.288376403360148,0.288376403360148,0.0831609500149347,0.647430417607214,1.31777401925463,1,1.12394408520566,0.207653385205657,0.207653385205657,0.207653385205657,0.043119928387369,0.813963042643001,1.44462649369841,1,0.697794131396768,-0.218496568603232,0.218496568603232,0.218496568603232,0.0477407504913868,0.296806613336842,1.09580270879867,1,1.44343188255289,-0.0565681174471058,0.0565681174471058,0.0565681174471058,0.00319995191150955,1.3526307256857,1.60951286294664,1,1.77926424212222,-0.0207357578777752,0.0207357578777752,0.0207357578777752,0.000429971654765714,1.69309550466981,1.91712429920322,1
27,"n600-b1_2-b2_2p5-b3_2p5",600,10,270,1,1,0.6931472,0.9162907,0.9162907,1.5,1.8,1,1.3,0.0616666666666666,202,90,223,85,FALSE,NA,TRUE,NA,0.464721686088873,-0.228425513911127,0.228425513911127,0.228425513911127,0.0521782154055625,0.146416680909117,0.789115740551264,1,0.845121069556468,-0.0711696304435315,0.0711696304435315,0.0711696304435315,0.00506511629746885,0.56589694400044,1.13168282037396,1,1.06900593186513,0.152715231865125,0.152715231865125,0.152715231865125,0.023321942043619,0.677752646215988,1.45226433334798,1,1.66220472483612,0.16220472483612,0.16220472483612,0.16220472483612,0.0263103727591614,1.50563771158381,1.81990890600027,0,1.85801279305386,0.0580127930538643,0.0580127930538643,0.0580127930538643,0.00336548415791049,1.74291869610305,2.00698877712507,1
28,"n600-b1_2-b2_2p5-b3_2p5",600,1,271,1,1,0.6931472,0.9162907,0.9162907,1.5,1.8,1,1.3,0.0666666666666667,194,101,219,86,FALSE,NA,TRUE,NA,0.722336903476404,0.0291897034764045,0.0291897034764045,0.0291897034764045,0.00085203878904042,0.405086697020614,1.04211082908211,1,0.908290338297777,-0.00800036170222307,0.00800036170222307,0.00800036170222307,6.40057873663976e-05,0.621876634563288,1.20569476679481,1,0.99146131702467,0.0751706170246702,0.0751706170246702,0.0751706170246702,0.00565062166386964,0.602064428573668,1.38142864958728,1,1.60885580856393,0.108855808563926,0.108855808563926,0.108855808563926,0.0118495870581061,1.43081539908679,1.77171527950716,1,1.76264495125917,-0.0373550487408323,0.0373550487408323,0.0373550487408323,0.00139539966642996,1.51159768681612,1.97702416094207,1
28,"n600-b1_2-b2_2p5-b3_2p5",600,2,272,1,1,0.6931472,0.9162907,0.9162907,1.5,1.8,1,1.3,0.0833333333333334,182,99,200,119,FALSE,NA,TRUE,NA,0.725625577988955,0.0324783779889553,0.0324783779889553,0.0324783779889553,0.00105484503679345,0.423730126171281,1.02092150411943,1,0.87723970025132,-0.0390509997486799,0.0390509997486799,0.0390509997486799,0.0015249805813714,0.622342135508251,1.14183498444845,1,1.1450582926241,0.228767592624098,0.228767592624098,0.228767592624098,0.052334611435025,0.760046707863212,1.5289070724016,1,1.55251132514875,0.0525113251487481,0.0525113251487481,0.0525113251487481,0.00275743926887755,1.44377618584772,1.68302853924773,1,2.11804171352791,0.318041713527905,0.318041713527905,0.318041713527905,0.101150531543766,1.81081045187273,2.32431847469097,0
28,"n600-b1_2-b2_2p5-b3_2p5",600,3,273,1,1,0.6931472,0.9162907,0.9162907,1.5,1.8,1,1.3,0.0516666666666666,198,105,197,100,FALSE,NA,TRUE,NA,0.633980564652312,-0.0591666353476881,0.0591666353476881,0.0591666353476881,0.00350069073836629,0.342284886099995,0.930082108927346,1,0.944144435614064,0.0278537356140641,0.0278537356140641,0.0278537356140641,0.000775830587658184,0.679033389727837,1.22037076226333,1,0.837406227129903,-0.0788844728700975,0.0788844728700975,0.0788844728700975,0.00622276005999314,0.463515922147327,1.2063487695992,1,1.50485644143399,0.00485644143398578,0.00485644143398578,0.00485644143398578,2.35850234017339e-05,1.45708145875097,1.58613873048344,1,1.85128537657744,0.0512853765774401,0.0512853765774401,0.0512853765774401,0.00263018985068985,1.72722336809729,1.95664252932795,1
28,"n600-b1_2-b2_2p5-b3_2p5",600,4,274,1,1,0.6931472,0.9162907,0.9162907,1.5,1.8,1,1.3,0.0683333333333334,213,94,203,90,FALSE,NA,TRUE,NA,0.561666761890898,-0.131480438109102,0.131480438109102,0.131480438109102,0.0172871056053614,0.242140208832838,0.880924425543053,1,0.805058567961508,-0.111232132038492,0.111232132038492,0.111232132038492,0.0123725871978285,0.517781116773491,1.09746370844315,1,1.03277088174855,0.116480181748549,0.116480181748549,0.116480181748549,0.013567632740175,0.647669038494126,1.42078571566869,1,1.48315461430267,-0.0168453856973332,0.0168453856973332,0.0168453856973332,0.000283767019291917,1.41595479969674,1.56684433271713,1,1.85102558859502,0.0510255885950186,0.0510255885950186,0.0510255885950186,0.00260361069146809,1.78516027457811,1.93154821875452,1
28,"n600-b1_2-b2_2p5-b3_2p5",600,5,275,1,1,0.6931472,0.9162907,0.9162907,1.5,1.8,1,1.3,0.05,209,87,215,89,FALSE,NA,TRUE,NA,0.43271572798188,-0.26043147201812,0.26043147201812,0.26043147201812,0.0678245516175246,0.101979856092424,0.762228205551786,1,0.714489113066653,-0.201801586933347,0.201801586933347,0.201801586933347,0.040723880488817,0.44003064795375,0.994533807762283,1,1.25171152086812,0.33542082086812,0.33542082086812,0.33542082086812,0.112507127071844,0.856550943855436,1.64576660110802,1,1.37663756377646,-0.123362436223544,0.123362436223544,0.123362436223544,0.015218290671008,1.25684797267145,1.53067840252682,1,1.4144197214002,-0.385580278599798,0.385580278599798,0.385580278599798,0.148672151245098,1.29732273496467,1.6379020662447,0
28,"n600-b1_2-b2_2p5-b3_2p5",600,6,276,1,1,0.6931472,0.9162907,0.9162907,1.5,1.8,1,1.3,0.05,209,107,202,82,FALSE,NA,TRUE,NA,0.496023531529068,-0.197123668470932,0.197123668470932,0.197123668470932,0.0388577406714378,0.184843744783216,0.809173044114389,1,0.923584997157717,0.00729429715771657,0.00729429715771657,0.00729429715771657,5.3206771025072e-05,0.63849411659146,1.21651648973071,1,0.989305482285589,0.0730147822855888,0.0730147822855888,0.0730147822855888,0.00533115843221193,0.6131078729182,1.37062032073082,1,1.51314875766271,0.0131487576627114,0.0131487576627114,0.0131487576627114,0.000172889828072712,1.41263411017815,1.62949363538282,1,1.99956278677449,0.199562786774493,0.199562786774493,0.199562786774493,0.0398253058652018,1.73321760741524,2.17226699169709,1
28,"n600-b1_2-b2_2p5-b3_2p5",600,7,277,1,1,0.6931472,0.9162907,0.9162907,1.5,1.8,1,1.3,0.0683333333333334,176,98,217,109,FALSE,NA,TRUE,NA,0.570545632920488,-0.122601567079512,0.122601567079512,0.122601567079512,0.0150311442503521,0.271308434906387,0.871144159301068,1,0.84527613084137,-0.0710145691586305,0.0710145691586305,0.0710145691586305,0.00504306903278591,0.585801441930048,1.11349447655779,1,1.02461951871601,0.108328818716015,0.108328818716015,0.108328818716015,0.0117351329644071,0.648740920002913,1.39206863104483,1,1.53556447803347,0.0355644780334738,0.0355644780334738,0.0355644780334738,0.00126483209779344,1.44090937263428,1.7699435981302,1,1.85345652101219,0.0534565210121898,0.0534565210121898,0.0534565210121898,0.00285759963872669,1.67942740582197,2.0721895793434,1
28,"n600-b1_2-b2_2p5-b3_2p5",600,8,278,1,1,0.6931472,0.9162907,0.9162907,1.5,1.8,1,1.3,0.0666666666666667,189,112,199,100,FALSE,NA,TRUE,NA,0.707063699375942,0.0139164993759419,0.0139164993759419,0.0139164993759419,0.00019366895488059,0.408420315802664,1.00811393814269,1,0.951070256874121,0.0347795568741213,0.0347795568741213,0.0347795568741213,0.00120961757636024,0.678656666582367,1.22611236750349,1,0.78672727558095,-0.12956342441905,0.12956342441905,0.12956342441905,0.016786680947191,0.412754691595133,1.15483214195565,1,1.49409915415364,-0.00590084584636341,0.00590084584636341,0.00590084584636341,3.48199817025443e-05,1.40391510202375,1.61841249436761,1,1.87131510546877,0.0713151054687717,0.0713151054687717,0.0713151054687717,0.00508584426802204,1.74829843384597,2.02724621649462,1
28,"n600-b1_2-b2_2p5-b3_2p5",600,9,279,1,1,0.6931472,0.9162907,0.9162907,1.5,1.8,1,1.3,0.075,197,111,195,97,FALSE,NA,TRUE,NA,0.564303660136292,-0.128843539863708,0.128843539863708,0.128843539863708,0.0166006577646109,0.266035277693883,0.868395458219362,1,0.625651866832139,-0.290638833167861,0.290638833167861,0.290638833167861,0.0844709313451756,0.354257406096488,0.90458826016578,0,1.21185562613216,0.295564926132161,0.295564926132161,0.295564926132161,0.0873586255595099,0.82492637383335,1.58883140921459,1,1.56287221093822,0.0628722109382169,0.0628722109382169,0.0628722109382169,0.00395291490825964,1.4565999717449,1.72604017012215,1,1.86623437016383,0.0662343701638335,0.0662343701638335,0.0662343701638335,0.00438699179099972,1.78442237403545,2.0777292596493,1
28,"n600-b1_2-b2_2p5-b3_2p5",600,10,280,1,1,0.6931472,0.9162907,0.9162907,1.5,1.8,1,1.3,0.0616666666666666,218,91,192,99,FALSE,NA,TRUE,NA,0.575078301788945,-0.118068898211055,0.118068898211055,0.118068898211055,0.0139402647247724,0.261443773909396,0.889047477170111,1,0.716966133020166,-0.199324566979834,0.199324566979834,0.199324566979834,0.0397302830016985,0.451909518154949,0.993164071244346,1,1.18301985834422,0.266729158344221,0.266729158344221,0.266729158344221,0.0711444439110163,0.800034555400297,1.56930480471806,1,1.48519043175382,-0.0148095682461789,0.0148095682461789,0.0148095682461789,0.000219323311638229,1.45244801519672,1.55213291166996,1,1.8007961241347,0.000796124134699649,0.000796124134699649,0.000796124134699649,6.33813637851266e-07,1.75211478966803,1.88800592670497,1
29,"n600-b1_2-b2_2p5-b3_2p5",600,1,281,1,1,0.6931472,0.9162907,0.9162907,1.5,1.8,1,1.3,0.0666666666666667,221,100,190,89,FALSE,NA,TRUE,NA,0.390712325332717,-0.302434874667282,0.302434874667282,0.302434874667282,0.0914668534150149,0.0784099984830225,0.702579131659246,1,0.737881695001516,-0.178409004998484,0.178409004998484,0.178409004998484,0.0318297730645489,0.459320461946863,1.02029395178539,1,1.10213824495821,0.185847544958209,0.185847544958209,0.185847544958209,0.0345393099669934,0.717992770614003,1.48206571796914,1,1.47331429750894,-0.0266857024910616,0.0266857024910616,0.0266857024910616,0.000712126717441452,1.42856036545912,1.5463620783671,1,1.8013455938161,0.001345593816104,0.001345593816104,0.001345593816104,1.81062271793731e-06,1.75913873758548,1.85880520495668,1
29,"n600-b1_2-b2_2p5-b3_2p5",600,2,282,1,1,0.6931472,0.9162907,0.9162907,1.5,1.8,1,1.3,0.0583333333333333,196,103,197,104,FALSE,NA,TRUE,NA,0.717994319713874,0.0248471197138737,0.0248471197138737,0.0248471197138737,0.000617379358075569,0.408351819995652,1.03367885501291,1,0.8771681599769,-0.0391225400230998,0.0391225400230998,0.0391225400230998,0.00153057313785904,0.606723056572393,1.15469667951764,1,0.923553616287318,0.00726291628731823,0.00726291628731823,0.00726291628731823,5.27499529965925e-05,0.54421840328555,1.30252935006249,1,1.45029238874259,-0.0497076112574069,0.0497076112574069,0.0497076112574069,0.00247084661691748,1.26149028475641,1.97762800931924,1,1.73973238429874,-0.0602676157012574,0.0602676157012574,0.0602676157012574,0.00363218550231445,1.53205148876692,2.12816015999169,1
29,"n600-b1_2-b2_2p5-b3_2p5",600,3,283,1,1,0.6931472,0.9162907,0.9162907,1.5,1.8,1,1.3,0.0716666666666667,202,94,195,109,FALSE,NA,TRUE,NA,0.739312482588001,0.0461652825880006,0.0461652825880006,0.0461652825880006,0.00213123331642995,0.430057049436289,1.04633934488234,1,1.0472914388678,0.1310007388678,0.1310007388678,0.1310007388678,0.0171611935839094,0.774489099833206,1.32607948422813,1,0.900749503341013,-0.015541196658987,0.015541196658987,0.015541196658987,0.000241528793593309,0.514872890916772,1.27821908174971,1,1.5549061405087,0.0549061405087008,0.0549061405087008,0.0549061405087008,0.00301468426556119,1.41287794028079,1.69198547368871,1,1.78213067522945,-0.0178693247705548,0.0178693247705548,0.0178693247705548,0.000319312767755564,1.71802419011985,1.86781635605497,1
29,"n600-b1_2-b2_2p5-b3_2p5",600,4,284,1,1,0.6931472,0.9162907,0.9162907,1.5,1.8,1,1.3,0.0783333333333334,176,116,211,97,FALSE,NA,TRUE,NA,0.509862181438539,-0.183285018561461,0.183285018561461,0.183285018561461,0.0335933980290753,0.21013839515795,0.808770175573509,1,0.643888866364946,-0.272401833635054,0.272401833635054,0.272401833635054,0.0742027589677398,0.378840065075683,0.915221412998422,0,0.969946928759726,0.0536562287597255,0.0536562287597255,0.0536562287597255,0.002878990884716,0.602465648221484,1.33176175968951,1,1.50907742457499,0.00907742457498562,0.00907742457498562,0.00907742457498562,8.23996369145528e-05,1.41633119739472,1.79692389265419,1,1.73384492875431,-0.0661550712456931,0.0661550712456931,0.0661550712456931,0.00437649345152273,1.62861015839663,1.89248783651954,1
29,"n600-b1_2-b2_2p5-b3_2p5",600,5,285,1,1,0.6931472,0.9162907,0.9162907,1.5,1.8,1,1.3,0.0783333333333334,227,95,187,91,FALSE,NA,TRUE,NA,0.544188206562011,-0.148958993437989,0.148958993437989,0.148958993437989,0.0221887817260588,0.215981725827248,0.873734858249116,1,0.908497969417232,-0.0077927305827683,0.0077927305827683,0.0077927305827683,6.07266499356124e-05,0.622142039025149,1.2025124877829,1,1.05931785728809,0.143027157288089,0.143027157288089,0.143027157288089,0.0204567677219116,0.67099485547611,1.44779712154884,1,1.50165013960199,0.00165013960198546,0.00165013960198546,0.00165013960198546,2.72296070604072e-06,1.42987837959239,1.65633133113665,1,1.78646922397242,-0.0135307760275838,0.0135307760275838,0.0135307760275838,0.000183081899908636,1.73492478868034,1.89493509570446,1
29,"n600-b1_2-b2_2p5-b3_2p5",600,6,286,1,1,0.6931472,0.9162907,0.9162907,1.5,1.8,1,1.3,0.0683333333333334,202,105,208,85,FALSE,NA,TRUE,NA,0.548852711386461,-0.144294488613539,0.144294488613539,0.144294488613539,0.0208208994442428,0.226115929934125,0.877231342888039,1,0.800342415366083,-0.115948284633917,0.115948284633917,0.115948284633917,0.0134440047095478,0.519543403785389,1.09011290619759,1,1.12373414695252,0.207443446952522,0.207443446952522,0.207443446952522,0.0430327836835437,0.728402524332572,1.51793183031989,1,1.45432892785529,-0.0456710721447131,0.0456710721447131,0.0456710721447131,0.00208584683084759,1.36922732680992,1.54198255353675,1,1.78155606232506,-0.0184439376749366,0.0184439376749366,0.0184439376749366,0.000340178836956945,1.71085266352241,1.92360937043045,1
29,"n600-b1_2-b2_2p5-b3_2p5",600,7,287,1,1,0.6931472,0.9162907,0.9162907,1.5,1.8,1,1.3,0.0683333333333334,202,93,188,117,FALSE,NA,TRUE,NA,0.437779643924083,-0.255367556075917,0.255367556075917,0.255367556075917,0.0652125886961866,0.144909805589886,0.725193842285078,1,0.85373801131116,-0.0625526886888402,0.0625526886888402,0.0625526886888402,0.00391283886220296,0.592327410945381,1.11839297315307,1,1.33733160771047,0.421040907710473,0.421040907710473,0.421040907710473,0.177275445965659,0.959315140013158,1.72202334871803,0,1.57371394226446,0.0737139422644566,0.0737139422644566,0.0737139422644566,0.00543374528416764,1.4924049662658,1.6788945652158,1,1.83230848553677,0.0323084855367708,0.0323084855367708,0.0323084855367708,0.00104383823767973,1.79934776909555,1.87835304874363,1
29,"n600-b1_2-b2_2p5-b3_2p5",600,8,288,1,1,0.6931472,0.9162907,0.9162907,1.5,1.8,1,1.3,0.0733333333333334,204,104,192,100,FALSE,NA,TRUE,NA,0.556609706149311,-0.136537493850689,0.136537493850689,0.136537493850689,0.018642487227027,0.247215443479696,0.86252681961024,1,0.749351528426177,-0.166939171573823,0.166939171573823,0.166939171573823,0.0278686870057544,0.47089969467186,1.0289895501449,1,0.95525520246867,0.0389645024686704,0.0389645024686704,0.0389645024686704,0.00151823245263103,0.580477576970003,1.33597012198137,1,1.55137330771808,0.0513733077180842,0.0513733077180842,0.0513733077180842,0.00263921674589697,1.46959116760558,1.71120425857191,1,1.85498382832499,0.0549838283249935,0.0549838283249935,0.0549838283249935,0.00302322137727236,1.71280978802275,1.99690701833361,1
29,"n600-b1_2-b2_2p5-b3_2p5",600,9,289,1,1,0.6931472,0.9162907,0.9162907,1.5,1.8,1,1.3,0.0766666666666667,207,94,198,101,FALSE,NA,TRUE,NA,0.66056086756198,-0.0325863324380204,0.0325863324380204,0.0325863324380204,0.00106186906176118,0.349169757594032,0.978139054738384,1,0.795837842875037,-0.120452857124963,0.120452857124963,0.120452857124963,0.0145088907895669,0.522456819256876,1.0762343755742,1,0.735474399899784,-0.180816300100216,0.180816300100216,0.180816300100216,0.0326945343819313,0.35708506616393,1.1125137442565,1,1.48252208684217,-0.0174779131578324,0.0174779131578324,0.0174779131578324,0.000305477448352732,1.29594051324984,1.66897196114067,1,1.8749636517485,0.0749636517484964,0.0749636517484964,0.0749636517484964,0.00561954908346985,1.68920163554436,2.28869052275006,1
29,"n600-b1_2-b2_2p5-b3_2p5",600,10,290,1,1,0.6931472,0.9162907,0.9162907,1.5,1.8,1,1.3,0.055,185,114,218,83,FALSE,NA,TRUE,NA,0.528321448547938,-0.164825751452062,0.164825751452062,0.164825751452062,0.027167528341737,0.220335943636017,0.839185992677862,1,0.82703505843243,-0.0892556415675697,0.0892556415675697,0.0892556415675697,0.00796656955163848,0.544729344531841,1.11802486514719,1,1.17614724619248,0.259856546192478,0.259856546192478,0.259856546192478,0.0675254245990837,0.791992038983585,1.56013331065058,1,1.43688585928033,-0.0631141407196671,0.0631141407196671,0.0631141407196671,0.00398339475878195,1.36420706535761,1.5325187234536,1,1.75337157488384,-0.0466284251161579,0.0466284251161579,0.0466284251161579,0.00217421002881315,1.60573201549607,1.90013590500883,1
30,"n600-b1_2-b2_2p5-b3_2p5",600,1,291,1,1,0.6931472,0.9162907,0.9162907,1.5,1.8,1,1.3,0.0816666666666667,199,109,197,95,FALSE,NA,TRUE,NA,0.580203936240723,-0.112943263759277,0.112943263759277,0.112943263759277,0.0127561808285977,0.274059873279418,0.884302460641426,1,0.91554713949879,-0.000743560501209606,0.000743560501209606,0.000743560501209606,5.5288221895908e-07,0.630298504988175,1.20636199533732,1,0.99166803408336,0.0753773340833601,0.0753773340833601,0.0753773340833601,0.00568174249351448,0.603192238047258,1.378502330381,1,1.58765994518588,0.0876599451858788,0.0876599451858788,0.0876599451858788,0.00768426598999128,1.51957198871901,1.66401566534143,0,1.90213600228252,0.102136002282521,0.102136002282521,0.102136002282521,0.0104317629622551,1.79443130764399,2.09455729934105,1
30,"n600-b1_2-b2_2p5-b3_2p5",600,2,292,1,1,0.6931472,0.9162907,0.9162907,1.5,1.8,1,1.3,0.0883333333333334,202,107,196,95,FALSE,NA,TRUE,NA,0.596500731579448,-0.0966464684205518,0.0966464684205518,0.0966464684205518,0.00934053985816472,0.287335659120972,0.916341524271542,1,0.888818240366547,-0.0274724596334531,0.0274724596334531,0.0274724596334531,0.000754736038311712,0.609225678263223,1.18000658371448,1,1.05150680915923,0.13521610915923,0.13521610915923,0.13521610915923,0.0182833961761609,0.661459662993152,1.44110954832616,1,1.67089398155115,0.170893981551154,0.170893981551154,0.170893981551154,0.0292047529304062,1.50365249269475,1.98956123316232,0,2.09467322413574,0.294673224135744,0.294673224135744,0.294673224135744,0.0868323090225546,1.55534057673638,2.56248326493032,1
30,"n600-b1_2-b2_2p5-b3_2p5",600,3,293,1,1,0.6931472,0.9162907,0.9162907,1.5,1.8,1,1.3,0.07,196,97,212,95,FALSE,NA,TRUE,NA,0.683029517382668,-0.0101176826173319,0.0101176826173319,0.0101176826173319,0.000102367501545061,0.368640407525288,1.00769268376364,1,1.06719412788327,0.150903427883271,0.150903427883271,0.150903427883271,0.0227718445469215,0.786943141163367,1.35987143380883,1,1.0277981994034,0.111507499403395,0.111507499403395,0.111507499403395,0.0124339224231982,0.63339682009714,1.41723171169329,1,1.54427990202809,0.0442799020280866,0.0442799020280866,0.0442799020280866,0.00196070972361695,1.40520552639621,1.71023618404272,1,1.81875350230035,0.0187535023003536,0.0187535023003536,0.0187535023003536,0.000351693848529366,1.73237483607792,1.92192482110529,1
30,"n600-b1_2-b2_2p5-b3_2p5",600,4,294,1,1,0.6931472,0.9162907,0.9162907,1.5,1.8,1,1.3,0.0833333333333334,196,99,199,106,FALSE,NA,TRUE,NA,0.941381050846797,0.248233850846797,0.248233850846797,0.248233850846797,0.0616200447062298,0.627354997183319,1.2520986452882,1,1.15894009640498,0.242649396404979,0.242649396404979,0.242649396404979,0.0588787295757006,0.878060015179765,1.44325137513856,1,0.590629261285412,-0.325661438714588,0.325661438714588,0.325661438714588,0.106055372665655,0.204879272481574,0.968350640307867,1,1.50238361666921,0.00238361666921194,0.00238361666921194,0.00238361666921194,5.68162842574503e-06,1.47927230072944,1.56152184610684,1,1.79301813733945,-0.00698186266054823,0.00698186266054823,0.00698186266054823,4.87464062107576e-05,1.76360435341079,1.83076157944154,1
30,"n600-b1_2-b2_2p5-b3_2p5",600,5,295,1,1,0.6931472,0.9162907,0.9162907,1.5,1.8,1,1.3,0.0683333333333334,184,111,221,84,FALSE,NA,TRUE,NA,0.721376886892905,0.0282296868929055,0.0282296868929055,0.0282296868929055,0.000796915222071481,0.406557449259855,1.03379630678306,1,0.770890335384928,-0.145400364615072,0.145400364615072,0.145400364615072,0.0211412660301959,0.4937863597478,1.05667581517766,1,0.96851942446378,0.0522287244637798,0.0522287244637798,0.0522287244637798,0.00272783965911343,0.581863123974008,1.3553477797489,1,1.6171879493012,0.1171879493012,0.1171879493012,0.1171879493012,0.0137330154614206,1.47880593243403,1.72701999146508,1,1.92838865681625,0.128388656816248,0.128388656816248,0.128388656816248,0.0164836471990803,1.79267770336602,2.05121149143396,1
30,"n600-b1_2-b2_2p5-b3_2p5",600,6,296,1,1,0.6931472,0.9162907,0.9162907,1.5,1.8,1,1.3,0.07,212,94,203,91,FALSE,NA,TRUE,NA,0.941022512069204,0.247875312069204,0.247875312069204,0.247875312069204,0.0614421703334053,0.614320162191583,1.27172276484745,1,1.04058683876202,0.124296138762024,0.124296138762024,0.124296138762024,0.0154495301111482,0.751580740610582,1.33546443161051,1,0.787542488749314,-0.128748211250686,0.128748211250686,0.128748211250686,0.0165761019002512,0.398929316898689,1.18028883455092,1,1.54336896658024,0.0433689665802433,0.0433689665802433,0.0433689665802433,0.00188086726223826,1.43162138811573,1.72831356823066,1,1.87343077140507,0.073430771405073,0.073430771405073,0.073430771405073,0.00539207818914409,1.69456078065566,2.22203611628478,1
30,"n600-b1_2-b2_2p5-b3_2p5",600,7,297,1,1,0.6931472,0.9162907,0.9162907,1.5,1.8,1,1.3,0.0833333333333334,190,101,200,109,FALSE,NA,TRUE,NA,0.853159556023123,0.160012356023123,0.160012356023123,0.160012356023123,0.0256039540800706,0.547530852850818,1.15730225536322,1,0.834179528119859,-0.0821111718801412,0.0821111718801412,0.0821111718801412,0.00674224454753009,0.565207718470866,1.11069422339291,1,0.716076374256611,-0.200214325743389,0.200214325743389,0.200214325743389,0.0400857762328797,0.337913297646592,1.08753605577867,1,1.48512565753202,-0.0148743424679778,0.0148743424679778,0.0148743424679778,0.000221246063854688,1.45563968293647,1.54722866978788,1,1.80301690327281,0.00301690327280735,0.00301690327280735,0.00301690327280735,9.10170535747568e-06,1.77180613082627,1.86757907934525,1
30,"n600-b1_2-b2_2p5-b3_2p5",600,8,298,1,1,0.6931472,0.9162907,0.9162907,1.5,1.8,1,1.3,0.0933333333333334,211,85,196,108,FALSE,NA,TRUE,NA,0.632971444561308,-0.0601757554386924,0.0601757554386924,0.0601757554386924,0.00362112154261731,0.30468624609522,0.967729049747694,1,0.969436168467235,0.0531454684672352,0.0531454684672352,0.0531454684672352,0.00282444081860189,0.690308017516754,1.25486575445196,1,1.11456319265464,0.198272492654639,0.198272492654639,0.198272492654639,0.0393119813434838,0.708447751344617,1.51435797138192,1,1.44638416427434,-0.0536158357256631,0.0536158357256631,0.0536158357256631,0.00287465784056129,1.36986638315373,1.5408231176718,1,1.72955609230856,-0.0704439076914405,0.0704439076914405,0.0704439076914405,0.00496234413084019,1.62794748757224,1.81604329289625,1
30,"n600-b1_2-b2_2p5-b3_2p5",600,9,299,1,1,0.6931472,0.9162907,0.9162907,1.5,1.8,1,1.3,0.055,205,111,183,101,FALSE,NA,TRUE,NA,0.5553838504267,-0.1377633495733,0.1377633495733,0.1377633495733,0.0189787404856552,0.261959108779619,0.849860963029503,1,0.705781100060498,-0.210509599939502,0.210509599939502,0.210509599939502,0.0443142916666891,0.441965949151018,0.973481592804835,1,1.1671967135577,0.250906013557701,0.250906013557701,0.250906013557701,0.0629538276394174,0.793417255409049,1.53584908915098,1,1.47952501613287,-0.0204749838671279,0.0204749838671279,0.0204749838671279,0.000419224964359147,1.41712612495302,1.56822333462805,1,1.82368007966173,0.0236800796617274,0.0236800796617274,0.0236800796617274,0.000560746172785754,1.76867619433042,1.9138164345602,1
30,"n600-b1_2-b2_2p5-b3_2p5",600,10,300,1,1,0.6931472,0.9162907,0.9162907,1.5,1.8,1,1.3,0.0816666666666667,202,103,188,107,FALSE,NA,TRUE,NA,0.811542110074231,0.118394910074231,0.118394910074231,0.118394910074231,0.0140173547314852,0.505633727519134,1.12214037543621,1,0.972449225084353,0.0561585250843526,0.0561585250843526,0.0561585250843526,0.00315377993964986,0.695361628790583,1.2595202853871,1,0.69766721366888,-0.21862348633112,0.21862348633112,0.21862348633112,0.0477962287755734,0.317435184558783,1.07401555393837,1,1.49344352077735,-0.00655647922264979,0.00655647922264979,0.00655647922264979,4.29874197970384e-05,1.39823722808527,1.68057979775021,1,1.76006036485384,-0.0399396351461621,0.0399396351461621,0.0399396351461621,0.00159517445560854,1.71042254436438,1.86995986136149,1
31,"n600-b1_2-b2_2p5-b3_2p5",600,1,301,1,1,0.6931472,0.9162907,0.9162907,1.5,1.8,1,1.3,0.075,224,100,189,87,FALSE,NA,TRUE,NA,0.532197084144066,-0.160950115855934,0.160950115855934,0.160950115855934,0.0259049397940385,0.217513806204953,0.851292075323137,1,0.7398906506622,-0.1764000493378,0.1764000493378,0.1764000493378,0.0311169774063783,0.454232960276547,1.03513246895582,1,1.21838087760611,0.302090177606114,0.302090177606114,0.302090177606114,0.0912584754060935,0.827455233616637,1.61572848956165,1,1.51200031842593,0.0120003184259321,0.0120003184259321,0.0120003184259321,0.000144007642323765,1.49793094730504,1.58786293336225,1,1.82418494565681,0.0241849456568086,0.0241849456568086,0.0241849456568086,0.000584911596422786,1.77713913352894,1.91695058074865,1
31,"n600-b1_2-b2_2p5-b3_2p5",600,2,302,1,1,0.6931472,0.9162907,0.9162907,1.5,1.8,1,1.3,0.0716666666666667,194,100,194,112,FALSE,NA,TRUE,NA,0.737150933462014,0.0440037334620145,0.0440037334620145,0.0440037334620145,0.00193632855859601,0.440360047895453,1.03467978160373,1,0.834269198611241,-0.0820215013887587,0.0820215013887587,0.0820215013887587,0.00672752669006615,0.5727990177797,1.10265040382325,1,0.85245081383546,-0.0638398861645398,0.0638398861645398,0.0638398861645398,0.0040755310655014,0.49012514178197,1.22352149389976,1,1.4582672577168,-0.0417327422832039,0.0417327422832039,0.0417327422832039,0.00174162177847631,1.26800821224281,1.58235929121492,1,1.81380360208955,0.0138036020895469,0.0138036020895469,0.0138036020895469,0.000190539430646543,1.70696322855142,2.08867278508271,1
31,"n600-b1_2-b2_2p5-b3_2p5",600,3,303,1,1,0.6931472,0.9162907,0.9162907,1.5,1.8,1,1.3,0.0733333333333334,181,89,204,126,FALSE,NA,TRUE,NA,0.792562842812995,0.0994156428129949,0.0994156428129949,0.0994156428129949,0.00988347003592098,0.490637123158595,1.08928360859105,1,0.862364528980043,-0.0539261710199568,0.0539261710199568,0.0539261710199568,0.00290803192087363,0.615204271974359,1.11659068550541,1,0.815709398072283,-0.100581301927717,0.100581301927717,0.100581301927717,0.0101165982974746,0.452392572386636,1.19104204746721,1,1.64339922749745,0.143399227497446,0.143399227497446,0.143399227497446,0.0205633384468642,1.52024609692946,2.01953789902409,0,1.81127389134284,0.011273891342841,0.011273891342841,0.011273891342841,0.000127100626010184,1.74588910943295,2.0064391740593,1
31,"n600-b1_2-b2_2p5-b3_2p5",600,4,304,1,1,0.6931472,0.9162907,0.9162907,1.5,1.8,1,1.3,0.0633333333333334,196,107,209,88,FALSE,NA,TRUE,NA,0.784903377380022,0.091756177380022,0.091756177380022,0.091756177380022,0.00841919608739405,0.467109745869025,1.10772880689394,1,0.886097098133647,-0.0301936018663528,0.0301936018663528,0.0301936018663528,0.000911653593663822,0.598486823326337,1.17955561276896,1,0.826453084464816,-0.0898376155351839,0.0898376155351839,0.0898376155351839,0.00807079716504751,0.43935554985862,1.21331710021244,1,1.68366322018191,0.183663220181909,0.183663220181909,0.183663220181909,0.0337321784475884,1.50752780115252,1.87609779164947,0,1.73805440966151,-0.0619455903384916,0.0619455903384916,0.0619455903384916,0.00383725616238422,1.66048394442467,1.84839562287258,1
31,"n600-b1_2-b2_2p5-b3_2p5",600,5,305,1,1,0.6931472,0.9162907,0.9162907,1.5,1.8,1,1.3,0.07,191,109,201,99,FALSE,NA,TRUE,NA,0.816249108979972,0.123101908979972,0.123101908979972,0.123101908979972,0.0151540799945133,0.500028781674539,1.13356579057912,1,0.958937125150242,0.0426464251502422,0.0426464251502422,0.0426464251502422,0.00181871757809521,0.68207817552175,1.24740958981316,1,0.641585144216903,-0.274705555783097,0.274705555783097,0.274705555783097,0.0754631423781001,0.253112091215653,1.02302258710329,1,1.47364286237557,-0.0263571376244316,0.0263571376244316,0.0263571376244316,0.000694698703753227,1.39182394074077,1.61154837923161,1,1.789370211076,-0.0106297889239981,0.0106297889239981,0.0106297889239981,0.000112992412568753,1.68843233914426,1.89951501813974,1
31,"n600-b1_2-b2_2p5-b3_2p5",600,6,306,1,1,0.6931472,0.9162907,0.9162907,1.5,1.8,1,1.3,0.0833333333333334,201,99,185,115,FALSE,NA,TRUE,NA,0.613883069308349,-0.0792641306916508,0.0792641306916508,0.0792641306916508,0.0062828024143031,0.315463132598386,0.910067302980618,1,0.811596122680563,-0.104694577319437,0.104694577319437,0.104694577319437,0.0109609545200957,0.545648388795382,1.08314035580588,1,1.20577499927933,0.28948429927933,0.28948429927933,0.28948429927933,0.0838011595292449,0.826185326172651,1.5868445402407,1,1.54673580030115,0.0467358003011518,0.0467358003011518,0.0467358003011518,0.00218423502978914,1.49322618083662,1.64806579616222,1,1.89291579362548,0.0929157936254816,0.0929157936254816,0.0929157936254816,0.00863334470505309,1.72829288964953,2.05609149656074,1
31,"n600-b1_2-b2_2p5-b3_2p5",600,7,307,1,1,0.6931472,0.9162907,0.9162907,1.5,1.8,1,1.3,0.0866666666666667,179,110,193,118,FALSE,NA,TRUE,NA,0.448389544907057,-0.244757655092943,0.244757655092943,0.244757655092943,0.0599063097265962,0.165030385645325,0.73351030427563,1,0.754576095049904,-0.161714604950096,0.161714604950096,0.161714604950096,0.0261516134541656,0.505402481749937,1.01322877809466,1,1.18653789574415,0.270247195744147,0.270247195744147,0.270247195744147,0.0730335468075751,0.821940741401458,1.55084166913092,1,1.54851010574388,0.0485101057438828,0.0485101057438828,0.0485101057438828,0.00235323035928269,1.49425820473936,1.71331074107628,1,1.85834166827912,0.0583416682791198,0.0583416682791198,0.0583416682791198,0.00340375025759085,1.78004984225049,2.01609959755203,1
31,"n600-b1_2-b2_2p5-b3_2p5",600,8,308,1,1,0.6931472,0.9162907,0.9162907,1.5,1.8,1,1.3,0.0600000000000001,188,111,202,99,FALSE,NA,TRUE,NA,0.62923722194694,-0.0639099780530603,0.0639099780530603,0.0639099780530603,0.00408448529474265,0.326166194897701,0.941403571265012,1,0.89276808935902,-0.02352261064098,0.02352261064098,0.02352261064098,0.000553313211367148,0.62345900245093,1.17626709260701,1,1.01112636824798,0.0948356682479798,0.0948356682479798,0.0948356682479798,0.00899380397204089,0.624379111880754,1.390341342701,1,1.50601807391725,0.0060180739172484,0.0060180739172484,0.0060180739172484,3.62172136734655e-05,1.36733947355057,1.58530341373195,1,1.82953763115099,0.029537631150989,0.029537631150989,0.029537631150989,0.000872471654011873,1.74382788829209,1.95388145158376,1
31,"n600-b1_2-b2_2p5-b3_2p5",600,9,309,1,1,0.6931472,0.9162907,0.9162907,1.5,1.8,1,1.3,0.0649999999999999,205,106,205,84,FALSE,NA,TRUE,NA,0.481754994344455,-0.211392205655545,0.211392205655545,0.211392205655545,0.0446866646119164,0.162782678425942,0.804912030820103,1,0.805029059140222,-0.111261640859778,0.111261640859778,0.111261640859778,0.0123791527268102,0.519773851971838,1.10091058572031,1,0.96373961030426,0.0474489103042602,0.0474489103042602,0.0474489103042602,0.00225139908906173,0.577697126388284,1.34649109669898,1,1.49918459292262,-0.000815407077380037,0.000815407077380037,0.000815407077380037,6.64888701841454e-07,1.44440188436236,1.62745102557924,1,1.77191838036625,-0.0280816196337546,0.0280816196337546,0.0280816196337546,0.000788577361254869,1.71239839829605,1.85648568919386,1
31,"n600-b1_2-b2_2p5-b3_2p5",600,10,310,1,1,0.6931472,0.9162907,0.9162907,1.5,1.8,1,1.3,0.075,185,111,209,95,FALSE,NA,TRUE,NA,0.553264998451242,-0.139882201548758,0.139882201548758,0.139882201548758,0.0195670303101272,0.250579483832474,0.854372752408368,1,0.805929450683059,-0.110361249316941,0.110361249316941,0.110361249316941,0.012179605350796,0.52948221801083,1.08858065358687,1,1.20119964945066,0.284908949450656,0.284908949450656,0.284908949450656,0.0811731094770762,0.813482803042121,1.58568326944297,1,1.79214137394146,0.292141373941463,0.292141373941463,0.292141373941463,0.0853465823684058,1.45469512704191,1.99316355654918,1,1.75211133496321,-0.0478886650367933,0.0478886650367933,0.0478886650367933,0.00229332423900619,1.57795054455974,1.95544024199345,1
32,"n600-b1_2-b2_2p5-b3_2p5",600,1,311,1,1,0.6931472,0.9162907,0.9162907,1.5,1.8,1,1.3,0.07,192,90,211,107,FALSE,NA,TRUE,NA,0.745688055362103,0.0525408553621034,0.0525408553621034,0.0525408553621034,0.00276054148218147,0.429593611082967,1.06520101494684,1,1.02033557251507,0.104044872515073,0.104044872515073,0.104044872515073,0.0108253354966777,0.739725347101501,1.30897961490859,1,0.818199724113253,-0.0980909758867473,0.0980909758867473,0.0980909758867473,0.00962183955041444,0.431190080635948,1.20507082082445,1,1.52417682810056,0.024176828100559,0.024176828100559,0.024176828100559,0.000584519017003979,1.44302705591855,1.70278647655291,1,1.77822856965856,-0.0217714303414358,0.0217714303414358,0.0217714303414358,0.000473995179111992,1.68147218380606,1.885278120412,1
32,"n600-b1_2-b2_2p5-b3_2p5",600,2,312,1,1,0.6931472,0.9162907,0.9162907,1.5,1.8,1,1.3,0.085,200,95,204,101,FALSE,NA,TRUE,NA,0.769414161088626,0.0762669610886261,0.0762669610886261,0.0762669610886261,0.005816649353694,0.441749759407145,1.09813768262187,1,1.21783534904923,0.301544649049225,0.301544649049225,0.301544649049225,0.0909291753702203,0.929517972017804,1.51264277383146,0,0.785153791200074,-0.131136908799926,0.131136908799926,0.131136908799926,0.0171968888496002,0.391299607667381,1.17587967811532,1,1.45095734996972,-0.0490426500302754,0.0490426500302754,0.0490426500302754,0.00240518152199207,1.38270457610154,1.56823126465391,1,1.70452121030167,-0.0954787896983325,0.0954787896983325,0.0954787896983325,0.0091161992822584,1.63098391912888,1.79888020014346,0
32,"n600-b1_2-b2_2p5-b3_2p5",600,3,313,1,1,0.6931472,0.9162907,0.9162907,1.5,1.8,1,1.3,0.085,210,91,190,109,FALSE,NA,TRUE,NA,0.641557181540674,-0.0515900184593262,0.0515900184593262,0.0515900184593262,0.00266153000463362,0.32901045551744,0.945532436036038,1,0.788342855861695,-0.127947844138305,0.127947844138305,0.127947844138305,0.01637065081964,0.518561183268866,1.06096348153801,1,1.09096589946357,0.174675199463567,0.174675199463567,0.174675199463567,0.0305114253076368,0.713487186927314,1.47353578106226,1,1.53231068922981,0.0323106892298131,0.0323106892298131,0.0323106892298131,0.00104398063850556,1.3930389733008,1.67212490056626,1,1.79102157171144,-0.00897842828855588,0.00897842828855588,0.00897842828855588,8.06121745327405e-05,1.75131040502721,1.89207093005196,1
32,"n600-b1_2-b2_2p5-b3_2p5",600,4,314,1,1,0.6931472,0.9162907,0.9162907,1.5,1.8,1,1.3,0.0600000000000001,211,98,198,93,FALSE,NA,TRUE,NA,0.389618070782567,-0.303529129217433,0.303529129217433,0.303529129217433,0.0921299322834929,0.0781705533116561,0.703515450756509,1,0.752897769137163,-0.163392930862837,0.163392930862837,0.163392930862837,0.0266972498559478,0.47291869884739,1.03964614432608,1,1.36545107403601,0.449160374036006,0.449160374036006,0.449160374036006,0.201745041604165,0.981830786058984,1.7559765964482,0,1.33067644157289,-0.169323558427115,0.169323558427115,0.169323558427115,0.0286704674384205,1.25249057567242,1.5171270631616,1,1.78525629719663,-0.0147437028033666,0.0147437028033666,0.0147437028033666,0.000217376772353999,1.75297361870102,1.86426737743633,1
32,"n600-b1_2-b2_2p5-b3_2p5",600,5,315,1,1,0.6931472,0.9162907,0.9162907,1.5,1.8,1,1.3,0.0683333333333334,228,101,189,82,FALSE,NA,TRUE,NA,0.89886347918091,0.205716279180911,0.205716279180911,0.205716279180911,0.0423191875200383,0.568107149271992,1.24432298689256,1,1.09611119289947,0.179820492899474,0.179820492899474,0.179820492899474,0.0323354096666099,0.787120886963637,1.41312336539541,1,0.722554604249501,-0.193736095750499,0.193736095750499,0.193736095750499,0.0375336747966464,0.320497608405903,1.11960388571439,1,1.52591187999204,0.0259118799920424,0.0259118799920424,0.0259118799920424,0.000671425524722005,1.49075809236177,1.58262117839617,1,1.84284630284784,0.0428463028478441,0.0428463028478441,0.0428463028478441,0.00183580566772917,1.80069363534073,1.91405385141448,0
32,"n600-b1_2-b2_2p5-b3_2p5",600,6,316,1,1,0.6931472,0.9162907,0.9162907,1.5,1.8,1,1.3,0.08,204,113,185,98,FALSE,NA,TRUE,NA,0.520683533473378,-0.172463666526622,0.172463666526622,0.172463666526622,0.0297437162718059,0.210579385349134,0.830999216624059,1,0.828116128133095,-0.0881745718669051,0.0881745718669051,0.0881745718669051,0.00777475512391202,0.551665815130936,1.11305535481335,1,1.05223230636487,0.135941606364867,0.135941606364867,0.135941606364867,0.0184801203410603,0.671544612573911,1.43492930406852,1,1.26648806876138,-0.233511931238621,0.233511931238621,0.233511931238621,0.0545278220307904,1.20142178778654,1.36827210615387,0,1.64212873402672,-0.157871265973276,0.157871265973276,0.157871265973276,0.024923336620005,1.58867809064899,1.70917064034023,0
32,"n600-b1_2-b2_2p5-b3_2p5",600,7,317,1,1,0.6931472,0.9162907,0.9162907,1.5,1.8,1,1.3,0.0783333333333334,198,95,196,111,FALSE,NA,TRUE,NA,0.617050908874391,-0.0760962911256093,0.0760962911256093,0.0760962911256093,0.00579064552307349,0.316089437083611,0.923678097853846,1,0.755685035593934,-0.160605664406066,0.160605664406066,0.160605664406066,0.0257941794393138,0.491096203322928,1.03182855361296,1,1.06518723024953,0.148896530249526,0.148896530249526,0.148896530249526,0.0221701767203481,0.679524776432276,1.44193273366351,1,1.34231323444793,-0.157686765552068,0.157686765552068,0.157686765552068,0.0248651160302728,1.19252479193955,1.66824848924841,1,1.76207092102523,-0.0379290789747746,0.0379290789747746,0.0379290789747746,0.00143861503187469,1.63477407387744,2.01111471591612,1
32,"n600-b1_2-b2_2p5-b3_2p5",600,8,318,1,1,0.6931472,0.9162907,0.9162907,1.5,1.8,1,1.3,0.08,199,95,200,106,FALSE,NA,TRUE,NA,0.74224417975014,0.04909697975014,0.04909697975014,0.04909697975014,0.00241051342058566,0.422550776717803,1.06046546494057,1,1.03986346489659,0.123572764896588,0.123572764896588,0.123572764896588,0.0152702282241875,0.765684000868184,1.31661384639812,1,0.866570550398578,-0.049720149601422,0.049720149601422,0.049720149601422,0.00247209327638779,0.484410142414793,1.25294872323738,1,1.52766034443098,0.0276603444309764,0.0276603444309764,0.0276603444309764,0.000765094654040249,1.46937119134707,1.65452728876101,1,1.83651676343286,0.0365167634328618,0.0365167634328618,0.0365167634328618,0.00133347401161159,1.76158628854571,1.94544198703035,1
32,"n600-b1_2-b2_2p5-b3_2p5",600,9,319,1,1,0.6931472,0.9162907,0.9162907,1.5,1.8,1,1.3,0.075,191,102,207,100,FALSE,NA,TRUE,NA,0.522822428041353,-0.170324771958647,0.170324771958647,0.170324771958647,0.029010527942765,0.218133657350522,0.828433409033113,1,0.745563807187342,-0.170726892812658,0.170726892812658,0.170726892812658,0.0291476719294649,0.480132974371718,1.02293040754066,1,1.10531804501357,0.18902734501357,0.18902734501357,0.18902734501357,0.0357313371628791,0.727294751838588,1.47775641587448,1,1.55617593926589,0.0561759392658916,0.0561759392658916,0.0561759392658916,0.00315573615240514,1.41593226291394,1.72871663104943,1,1.83675734463779,0.0367573446377869,0.0367573446377869,0.0367573446377869,0.00135110238482104,1.45285090043632,2.03590694732312,1
32,"n600-b1_2-b2_2p5-b3_2p5",600,10,320,1,1,0.6931472,0.9162907,0.9162907,1.5,1.8,1,1.3,0.0583333333333333,226,94,200,80,FALSE,NA,TRUE,NA,0.770757825705667,0.0776106257056673,0.0776106257056673,0.0776106257056673,0.00602340922242519,0.435933742817921,1.10653361275576,1,0.909659515267461,-0.00663118473253943,0.00663118473253943,0.00663118473253943,4.3972610957064e-05,0.617360686093003,1.21203286947923,1,0.882796532098937,-0.0334941679010634,0.0334941679010634,0.0334941679010634,0.00112185928338463,0.486072880959021,1.27882288438364,1,1.52178948368271,0.0217894836827104,0.0217894836827104,0.0217894836827104,0.000474781599159102,1.47292131268184,1.65411611837678,1,1.82593026432829,0.0259302643282908,0.0259302643282908,0.0259302643282908,0.000672378608135031,1.76954518255498,1.97595928252861,1
33,"n600-b1_2-b2_2p5-b3_2p5",600,1,321,1,1,0.6931472,0.9162907,0.9162907,1.5,1.8,1,1.3,0.0716666666666667,201,95,189,115,FALSE,NA,TRUE,NA,0.490660640611905,-0.202486559388095,0.202486559388095,0.202486559388095,0.0410008067328287,0.197668670047597,0.782307915996638,1,0.673965602543677,-0.242325097456323,0.242325097456323,0.242325097456323,0.0587214528572164,0.418763220997141,0.936204864474864,1,1.03526349820328,0.11897279820328,0.11897279820328,0.11897279820328,0.0141545267123185,0.662614161011481,1.40367957631976,1,1.51036048449294,0.0103604844929361,0.0103604844929361,0.0103604844929361,0.00010733963892837,1.37971718349424,1.62032572811405,1,1.84927528336565,0.0492752833656476,0.0492752833656476,0.0492752833656476,0.00242805355076486,1.77615321765052,1.90931742629706,1
33,"n600-b1_2-b2_2p5-b3_2p5",600,2,322,1,1,0.6931472,0.9162907,0.9162907,1.5,1.8,1,1.3,0.08,187,94,208,111,FALSE,NA,TRUE,NA,0.850308046197683,0.157160846197683,0.157160846197683,0.157160846197683,0.0246995315775718,0.530517123686415,1.17063532147431,1,0.989019718094756,0.072729018094756,0.072729018094756,0.072729018094756,0.00528951007302734,0.713515656726645,1.26817704013803,1,0.834933272671766,-0.0813574273282337,0.0813574273282337,0.0813574273282337,0.00661903098146883,0.446149775145203,1.22345036615178,1,1.45039901776198,-0.0496009822380234,0.0496009822380234,0.0496009822380234,0.00246025743897672,1.34591672440104,1.65237947058127,1,1.81648700431283,0.0164870043128253,0.0164870043128253,0.0164870043128253,0.000271821311211122,1.72173754063992,2.062370359426,1
33,"n600-b1_2-b2_2p5-b3_2p5",600,3,323,1,1,0.6931472,0.9162907,0.9162907,1.5,1.8,1,1.3,0.0766666666666667,199,89,212,100,FALSE,NA,TRUE,NA,0.388526733422691,-0.304620466577309,0.304620466577309,0.304620466577309,0.0927936286577774,0.0661772464826427,0.712682147371143,1,0.742813834307541,-0.173476865692459,0.173476865692459,0.173476865692459,0.0300942229304794,0.476214070280611,1.01572337734815,1,1.14697994495285,0.230689244952849,0.230689244952849,0.230689244952849,0.0532175277369154,0.755160936756992,1.54131927888609,1,1.4622800092938,-0.0377199907061991,0.0377199907061991,0.0377199907061991,0.00142279769887575,1.35550512990314,1.59434782773076,1,1.76175429543749,-0.0382457045625066,0.0382457045625066,0.0382457045625066,0.00146273391748254,1.66545487113957,1.88981520619809,1
33,"n600-b1_2-b2_2p5-b3_2p5",600,4,324,1,1,0.6931472,0.9162907,0.9162907,1.5,1.8,1,1.3,0.055,199,97,210,94,FALSE,NA,TRUE,NA,0.602995762481993,-0.0901514375180074,0.0901514375180074,0.0901514375180074,0.00812728168656318,0.291781598496372,0.921548789555305,1,0.860073657201454,-0.0562170427985462,0.0562170427985462,0.0562170427985462,0.00316035590101358,0.590014158344252,1.13808806831004,1,1.15684642146175,0.240555721461747,0.240555721461747,0.240555721461747,0.0578670551279815,0.767804294556221,1.53850551964593,1,1.46273099378791,-0.0372690062120891,0.0372690062120891,0.0372690062120891,0.00138897882403673,1.38578971280021,1.54960713739947,1,1.71863552442465,-0.0813644755753453,0.0813644755753453,0.0813644755753453,0.00662017788565096,1.59575459917521,1.8266212041433,1
33,"n600-b1_2-b2_2p5-b3_2p5",600,5,325,1,1,0.6931472,0.9162907,0.9162907,1.5,1.8,1,1.3,0.075,184,101,204,111,FALSE,NA,TRUE,NA,0.734295755701134,0.0411485557011342,0.0411485557011342,0.0411485557011342,0.00169320363628934,0.43472646842493,1.04646599012418,1,0.960782263808992,0.0444915638089922,0.0444915638089922,0.0444915638089922,0.00197949925016963,0.691506900761634,1.23962265643777,1,0.875167754305162,-0.0411229456948383,0.0411229456948383,0.0411229456948383,0.00169109666262062,0.494527959420477,1.24538629928311,1,1.56531930286629,0.0653193028662873,0.0653193028662873,0.0653193028662873,0.00426661132693777,1.49870262567954,1.72418708956598,1,1.85464443740257,0.0546444374025681,0.0546444374025681,0.0546444374025681,0.00298601453904318,1.7830218840298,1.97950943373524,1
33,"n600-b1_2-b2_2p5-b3_2p5",600,6,326,1,1,0.6931472,0.9162907,0.9162907,1.5,1.8,1,1.3,0.0916666666666667,180,110,201,109,FALSE,NA,TRUE,NA,0.551074896375961,-0.142072303624039,0.142072303624039,0.142072303624039,0.0201845394570411,0.250896428618578,0.846159422587335,1,0.912172220109676,-0.00411847989032366,0.00411847989032366,0.00411847989032366,1.69618766070004e-05,0.647338223566337,1.18354936039674,1,0.928343732845376,0.0120530328453764,0.0120530328453764,0.0120530328453764,0.000145275600771722,0.561784098556969,1.29461131343941,1,1.52123815442182,0.0212381544218236,0.0212381544218236,0.0212381544218236,0.000451059203245227,1.46059994751149,1.66239954966226,1,1.83047264802509,0.0304726480250901,0.0304726480250901,0.0304726480250901,0.000928582277661027,1.75541580105751,1.99130678083522,1
33,"n600-b1_2-b2_2p5-b3_2p5",600,7,327,1,1,0.6931472,0.9162907,0.9162907,1.5,1.8,1,1.3,0.0733333333333334,191,103,204,102,FALSE,NA,TRUE,NA,0.968221673519338,0.275074473519338,0.275074473519338,0.275074473519338,0.075665965981941,0.660048321411059,1.28375312120798,1,1.08234428383348,0.166053583833475,0.166053583833475,0.166053583833475,0.027573792703941,0.805843806497137,1.36909524676785,1,0.661167187659088,-0.255123512340912,0.255123512340912,0.255123512340912,0.0650880065491637,0.279992968983404,1.03616341899518,1,1.46431042874528,-0.0356895712547161,0.0356895712547161,0.0356895712547161,0.00127374549634545,1.42132418855621,1.51347902839992,1,1.75239531507941,-0.0476046849205869,0.0476046849205869,0.0476046849205869,0.00226620602638835,1.68630673050361,1.88550430521379,1
33,"n600-b1_2-b2_2p5-b3_2p5",600,8,328,1,1,0.6931472,0.9162907,0.9162907,1.5,1.8,1,1.3,0.0733333333333334,196,101,186,117,FALSE,NA,TRUE,NA,0.729476789446379,0.036329589446379,0.036329589446379,0.036329589446379,0.00131983906934245,0.420903842551337,1.03616368955971,1,0.933130741077465,0.0168400410774652,0.0168400410774652,0.0168400410774652,0.000283586983490714,0.669418392089061,1.20355181892183,1,0.999723769811849,0.0834330698118494,0.0834330698118494,0.0834330698118494,0.00696107713822893,0.619015010099038,1.38539338362286,1,1.42652639703087,-0.0734736029691321,0.0734736029691321,0.0734736029691321,0.00539837033326565,1.30251987394935,1.58344451254924,1,1.75691428128979,-0.0430857187102118,0.0430857187102118,0.0430857187102118,0.0018563791567755,1.65207032702611,1.86713592939028,1
33,"n600-b1_2-b2_2p5-b3_2p5",600,9,329,1,1,0.6931472,0.9162907,0.9162907,1.5,1.8,1,1.3,0.0716666666666667,200,118,189,93,FALSE,NA,TRUE,NA,0.840861146665566,0.147713946665566,0.147713946665566,0.147713946665566,0.0218194100395176,0.531240363845417,1.15572184554179,1,1.0166059729093,0.100315272909303,0.100315272909303,0.100315272909303,0.0100631539788679,0.729198470592019,1.31848041099063,1,0.769049312364855,-0.147241387635145,0.147241387635145,0.147241387635145,0.021680026232723,0.390732237842371,1.14609145729709,1,1.60968814920669,0.109688149206694,0.109688149206694,0.109688149206694,0.0120314900763899,1.48032223858694,1.81855115274164,1,1.87511456200439,0.0751145620043874,0.0751145620043874,0.0751145620043874,0.00564219742511096,1.74352358577852,2.04498721615433,1
33,"n600-b1_2-b2_2p5-b3_2p5",600,10,330,1,1,0.6931472,0.9162907,0.9162907,1.5,1.8,1,1.3,0.0766666666666667,192,97,198,113,FALSE,NA,TRUE,NA,0.463457071755717,-0.229690128244283,0.229690128244283,0.229690128244283,0.0527575550128753,0.163653265493527,0.758686546204513,1,0.675301675610953,-0.240989024389047,0.240989024389047,0.240989024389047,0.0580757098759845,0.41612690051179,0.939145859331277,1,1.19999819259104,0.283707492591044,0.283707492591044,0.283707492591044,0.0804899413522971,0.824951638487685,1.57902902823862,1,1.49427716377683,-0.00572283622317182,0.00572283622317182,0.00572283622317182,3.27508544372475e-05,1.23200893292768,1.64367441411165,1,1.87264934451885,0.0726493445188532,0.0726493445188532,0.0726493445188532,0.00527792725901902,1.76219907917001,2.07009894579142,1
34,"n600-b1_2-b2_2p5-b3_2p5",600,1,331,1,1,0.6931472,0.9162907,0.9162907,1.5,1.8,1,1.3,0.0833333333333334,201,97,200,102,FALSE,NA,TRUE,NA,0.473762088032158,-0.219385111967842,0.219385111967842,0.219385111967842,0.0481298273531426,0.161572724155568,0.789396748124899,1,0.74394439038701,-0.17234630961299,0.17234630961299,0.17234630961299,0.0297032504372167,0.479255558484222,1.01396652324636,1,1.1850140092677,0.268723309267701,0.268723309267701,0.268723309267701,0.0722122169437845,0.806617305743946,1.56447350417173,1,1.50891189567996,0.0089118956799632,0.0089118956799632,0.0089118956799632,7.94218846105467e-05,1.37628959346799,1.72191890175911,1,1.82937176330465,0.0293717633046462,0.0293717633046462,0.0293717633046462,0.000862700479624161,1.70316282497836,2.0225315054402,1
34,"n600-b1_2-b2_2p5-b3_2p5",600,2,332,1,1,0.6931472,0.9162907,0.9162907,1.5,1.8,1,1.3,0.0766666666666667,207,102,186,105,FALSE,NA,TRUE,NA,0.514614558096182,-0.178532641903818,0.178532641903818,0.178532641903818,0.0318739042251569,0.202726272888691,0.825524175161319,1,0.985887772531941,0.069597072531941,0.069597072531941,0.069597072531941,0.00484375250501626,0.70966661154259,1.26569030738037,1,0.689719963282477,-0.226570736717523,0.226570736717523,0.226570736717523,0.0513342987367212,0.312158123540137,1.06576590376557,1,1.47950443040611,-0.02049556959389,0.02049556959389,0.02049556959389,0.000420068372977988,1.41273395215702,1.60612635935473,1,1.67149003419555,-0.128509965804447,0.128509965804447,0.128509965804447,0.0165148113110602,1.55041672004235,1.81234264560814,1
34,"n600-b1_2-b2_2p5-b3_2p5",600,3,333,1,1,0.6931472,0.9162907,0.9162907,1.5,1.8,1,1.3,0.0649999999999999,198,103,199,100,FALSE,NA,TRUE,NA,0.823708879671509,0.130561679671509,0.130561679671509,0.130561679671509,0.0170463521986457,0.510811477339614,1.14434415685852,1,1.01479252240483,0.098501822404828,0.098501822404828,0.098501822404828,0.00970260901707227,0.731224513822189,1.31188784772456,1,0.644203249111135,-0.272087450888865,0.272087450888865,0.272087450888865,0.0740315809312004,0.261363286829013,1.02642211960519,1,1.42845416971842,-0.0715458302815848,0.0715458302815848,0.0715458302815848,0.00511880583068134,1.36997484747486,1.51449983658993,1,1.8381627029547,0.0381627029546976,0.0381627029546976,0.0381627029546976,0.00145639189680848,1.75265118159954,1.94724445378162,1
34,"n600-b1_2-b2_2p5-b3_2p5",600,4,334,1,1,0.6931472,0.9162907,0.9162907,1.5,1.8,1,1.3,0.055,209,88,214,89,FALSE,NA,TRUE,NA,0.51000009378398,-0.18314710621602,0.18314710621602,0.18314710621602,0.0335428625153022,0.194309472190521,0.831650400949218,1,0.753625507322205,-0.162665192677795,0.162665192677795,0.162665192677795,0.0264599649089042,0.477709292903061,1.03538998310314,1,1.06057692491387,0.144286224913866,0.144286224913866,0.144286224913866,0.0208185146998948,0.66986721960098,1.4496018161166,1,1.51965052332208,0.0196505233220841,0.0196505233220841,0.0196505233220841,0.000386143066831769,1.43168312317316,1.71447547775661,1,2.0534623306329,0.253462330632902,0.253462330632902,0.253462330632902,0.0642431530498628,1.73604434990373,2.25875993731342,1
34,"n600-b1_2-b2_2p5-b3_2p5",600,5,335,1,1,0.6931472,0.9162907,0.9162907,1.5,1.8,1,1.3,0.0716666666666667,200,97,186,117,FALSE,NA,TRUE,NA,0.696022207721935,0.00287500772193527,0.00287500772193527,0.00287500772193527,8.26566940118745e-06,0.391254165445647,1.00022346733723,1,1.0780915683787,0.161800868378696,0.161800868378696,0.161800868378696,0.0261795210081,0.801649154926762,1.35641736328158,1,0.798058262416443,-0.118232437583557,0.118232437583557,0.118232437583557,0.0139789092969497,0.419894010231344,1.17909942463449,1,1.51861549012355,0.0186154901235491,0.0186154901235491,0.0186154901235491,0.000346536472539955,1.41766854285798,1.73465161782132,1,1.81161659279819,0.0116165927981919,0.0116165927981919,0.0116165927981919,0.000134945228239005,1.75746403619122,1.94199696271119,1
34,"n600-b1_2-b2_2p5-b3_2p5",600,6,336,1,1,0.6931472,0.9162907,0.9162907,1.5,1.8,1,1.3,0.0766666666666667,207,95,212,86,FALSE,NA,TRUE,NA,0.924762696628017,0.231615496628017,0.231615496628017,0.231615496628017,0.0536457382782431,0.585309035774537,1.27165975206665,1,1.22477796347993,0.308487263479934,0.308487263479934,0.308487263479934,0.0951643917293384,0.924307667040338,1.5388473198717,0,0.749566784668692,-0.166723915331308,0.166723915331308,0.166723915331308,0.0277968639434012,0.342261028849517,1.16021217072237,1,1.50068781103241,0.000687811032408669,0.000687811032408669,0.000687811032408669,4.7308401630308e-07,1.48351872838839,1.5387400999106,1,1.86210702065468,0.0621070206546841,0.0621070206546841,0.0621070206546841,0.00385728201460136,1.80512521231723,1.93097366295065,0
34,"n600-b1_2-b2_2p5-b3_2p5",600,7,337,1,1,0.6931472,0.9162907,0.9162907,1.5,1.8,1,1.3,0.0649999999999999,193,102,210,95,FALSE,NA,TRUE,NA,0.710333610719755,0.0171864107197555,0.0171864107197555,0.0171864107197555,0.000295372713428125,0.404404990331381,1.01761337678291,1,0.921502745899107,0.0052120458991074,0.0052120458991074,0.0052120458991074,2.71654224544022e-05,0.648672001679386,1.20576494394952,1,0.8792558658281,-0.0370348341718999,0.0370348341718999,0.0370348341718999,0.00137157894214012,0.500844375278302,1.25927317546504,1,1.55385369533382,0.0538536953338249,0.0538536953338249,0.0538536953338249,0.00290022050110843,1.48502193571758,1.61212242959024,1,1.84202981867144,0.0420298186714381,0.0420298186714381,0.0420298186714381,0.00176650565755396,1.77199829778385,1.93030658158167,1
34,"n600-b1_2-b2_2p5-b3_2p5",600,8,338,1,1,0.6931472,0.9162907,0.9162907,1.5,1.8,1,1.3,0.0783333333333334,202,86,194,118,FALSE,NA,TRUE,NA,0.582873531778254,-0.110273668221746,0.110273668221746,0.110273668221746,0.0121602819030797,0.271974299292193,0.892021495720427,1,0.995043446347013,0.0787527463470127,0.0787527463470127,0.0787527463470127,0.00620199505719692,0.726799307057371,1.26473120483362,1,0.894101017436793,-0.0221896825632072,0.0221896825632072,0.0221896825632072,0.000492382012255901,0.517051718062666,1.27594197002641,1,1.46842923277008,-0.0315707672299239,0.0315707672299239,0.0315707672299239,0.000996713343486038,1.32550339506357,1.58129445811251,1,1.89334599411677,0.0933459941167711,0.0933459941167711,0.0933459941167711,0.00871347461764827,1.79265797388158,2.03403404981271,1
34,"n600-b1_2-b2_2p5-b3_2p5",600,9,339,1,1,0.6931472,0.9162907,0.9162907,1.5,1.8,1,1.3,0.0816666666666667,206,109,187,98,FALSE,NA,TRUE,NA,0.815043496495866,0.121896296495867,0.121896296495867,0.121896296495867,0.0148587070994082,0.489827304007012,1.13859108348361,1,1.1068933896743,0.190602689674303,0.190602689674303,0.190602689674303,0.0363293853110787,0.81615084897845,1.40716985299333,1,0.763169074540774,-0.153121625459226,0.153121625459226,0.153121625459226,0.0234462321832756,0.372175609699452,1.15463147808165,1,1.5291771090222,0.0291771090222024,0.0291771090222024,0.0291771090222024,0.000851303690893484,1.42358645238844,1.74129423632637,1,1.91209947936317,0.112099479363174,0.112099479363174,0.112099479363174,0.0125662932734948,1.73936174091676,2.15399123665482,1
34,"n600-b1_2-b2_2p5-b3_2p5",600,10,340,1,1,0.6931472,0.9162907,0.9162907,1.5,1.8,1,1.3,0.0600000000000001,182,116,202,100,FALSE,NA,TRUE,NA,0.812973449198417,0.119826249198417,0.119826249198417,0.119826249198417,0.0143583299969612,0.505458432358906,1.1190917607097,1,0.962257594482946,0.0459668944829464,0.0459668944829464,0.0459668944829464,0.00211295538840633,0.683926331482768,1.24628608730384,1,0.791623778177856,-0.124666921822144,0.124666921822144,0.124666921822144,0.0155418413966086,0.413116343431271,1.17117137029682,1,1.54268374517049,0.042683745170488,0.042683745170488,0.042683745170488,0.00182190210177916,1.48429441730837,1.63601525957716,1,1.74351298187826,-0.0564870181217358,0.0564870181217358,0.0564870181217358,0.00319078321628531,1.63756574798941,1.89099714409261,1
35,"n600-b1_2-b2_2p5-b3_2p5",600,1,341,1,1,0.6931472,0.9162907,0.9162907,1.5,1.8,1,1.3,0.0466666666666666,213,77,214,96,FALSE,NA,TRUE,NA,0.598865113231841,-0.0942820867681585,0.0942820867681585,0.0942820867681585,0.00888911188535857,0.268506408140876,0.929152004663459,1,0.904895103859941,-0.0113955961400594,0.0113955961400594,0.0113955961400594,0.000129859611387336,0.631609842724503,1.18491929857311,1,0.971110886096368,0.0548201860963677,0.0548201860963677,0.0548201860963677,0.00300525280364039,0.571946184505534,1.36529667850173,1,1.54609264078984,0.0460926407898377,0.0460926407898377,0.0460926407898377,0.00212453153498101,1.43103875710524,1.72083771944805,1,1.74186657266442,-0.0581334273355802,0.0581334273355802,0.0581334273355802,0.00337949537378119,1.62871028125811,1.92540397791602,1
35,"n600-b1_2-b2_2p5-b3_2p5",600,2,342,1,1,0.6931472,0.9162907,0.9162907,1.5,1.8,1,1.3,0.0783333333333334,183,103,218,96,FALSE,NA,TRUE,NA,0.889412344981183,0.196265144981183,0.196265144981183,0.196265144981183,0.0385200071344849,0.563134438787832,1.22365438631953,1,1.15049953752591,0.234208837525912,0.234208837525912,0.234208837525912,0.0548537795752391,0.859599957158784,1.45057808637982,1,0.630093514219848,-0.286197185780152,0.286197185780152,0.286197185780152,0.0819088291484789,0.236426120986444,1.01810714703076,1,1.53014740618234,0.030147406182335,0.030147406182335,0.030147406182335,0.000908866099522692,1.39702990459929,1.64021711745125,1,1.78898709946607,-0.0110129005339268,0.0110129005339268,0.0110129005339268,0.000121283978170165,1.67565296012092,1.9454537669526,1
35,"n600-b1_2-b2_2p5-b3_2p5",600,3,343,1,1,0.6931472,0.9162907,0.9162907,1.5,1.8,1,1.3,0.0766666666666667,188,110,212,90,FALSE,NA,TRUE,NA,0.790466572103375,0.0973193721033749,0.0973193721033749,0.0973193721033749,0.00947106018659515,0.476737025141261,1.11570931275752,1,0.908965861263839,-0.00732483873616074,0.00732483873616074,0.00732483873616074,5.36532625107609e-05,0.632482096471735,1.19796976541337,1,0.792568310600869,-0.123722389399131,0.123722389399131,0.123722389399131,0.0153072296386301,0.404796646241319,1.16996673299113,1,1.39098071939412,-0.109019280605882,0.109019280605882,0.109019280605882,0.0118852035438241,1.21761536800354,1.54396630894673,1,1.820918283041,0.0209182830410002,0.0209182830410002,0.0209182830410002,0.000437574565383396,1.66075038618174,2.00099241846225,1
35,"n600-b1_2-b2_2p5-b3_2p5",600,4,344,1,1,0.6931472,0.9162907,0.9162907,1.5,1.8,1,1.3,0.0766666666666667,194,108,206,92,FALSE,NA,TRUE,NA,0.636779905848319,-0.0563672941516814,0.0563672941516814,0.0563672941516814,0.00317727184998218,0.322461068117193,0.953933755738069,1,0.785180889001591,-0.131109810998409,0.131109810998409,0.131109810998409,0.0171897825400386,0.505300034585682,1.07294500656718,1,0.999759233353148,0.0834685333531477,0.0834685333531477,0.0834685333531477,0.00696699606012554,0.620060138975598,1.38226736906854,1,1.40385479671871,-0.0961452032812924,0.0961452032812924,0.0961452032812924,0.00924390011400104,1.30384526666521,1.63147106496171,1,1.72843756443962,-0.071562435560383,0.071562435560383,0.071562435560383,0.00512118218333397,1.64256793010827,1.91224988828086,1
35,"n600-b1_2-b2_2p5-b3_2p5",600,5,345,1,1,0.6931472,0.9162907,0.9162907,1.5,1.8,1,1.3,0.055,208,88,212,92,FALSE,NA,TRUE,NA,0.751522751261528,0.0583755512615285,0.0583755512615285,0.0583755512615285,0.00340770498508734,0.42551906857287,1.08392818945411,1,0.861015245138402,-0.0552754548615983,0.0552754548615983,0.0552754548615983,0.0030553759101566,0.585366595487338,1.14496808793588,1,0.868957534992643,-0.0473331650073572,0.0473331650073572,0.0473331650073572,0.0022404285096137,0.477491461550002,1.25608829156704,1,1.44979777226943,-0.0502022277305709,0.0502022277305709,0.0502022277305709,0.0025202636691121,1.36956117053935,1.53839947988484,1,1.81467665341916,0.0146766534191594,0.0146766534191594,0.0146766534191594,0.000215404155586122,1.73799843810178,1.90962678947317,1
35,"n600-b1_2-b2_2p5-b3_2p5",600,6,346,1,1,0.6931472,0.9162907,0.9162907,1.5,1.8,1,1.3,0.0716666666666667,205,107,188,100,FALSE,NA,TRUE,NA,0.643271068530227,-0.0498761314697727,0.0498761314697727,0.0498761314697727,0.00248762849039005,0.34085502694273,0.95373174250771,1,0.907497108585719,-0.00879359141428149,0.00879359141428149,0.00879359141428149,7.73272499613251e-05,0.632538264980188,1.19186875609118,1,0.954484918140038,0.0381942181400379,0.0381942181400379,0.0381942181400379,0.0014587982993288,0.569557280032722,1.33774308882962,1,1.54406805502382,0.0440680550238219,0.0440680550238219,0.0440680550238219,0.0019419934735826,1.47770206774624,1.64831073318835,1,1.78944045887375,-0.0105595411262465,0.0105595411262465,0.0105595411262465,0.00011150390879689,1.68447117551959,1.91718898107493,1
35,"n600-b1_2-b2_2p5-b3_2p5",600,7,347,1,1,0.6931472,0.9162907,0.9162907,1.5,1.8,1,1.3,0.0616666666666666,208,110,192,90,FALSE,NA,TRUE,NA,0.673175811795077,-0.0199713882049231,0.0199713882049231,0.0199713882049231,0.00039885634683174,0.358342706903321,0.992134638348453,1,1.09786065002369,0.181569950023692,0.181569950023692,0.181569950023692,0.0329676467516061,0.803900496639134,1.4025738528065,1,0.91393450567995,-0.00235619432005008,0.00235619432005008,0.00235619432005008,5.55165167383624e-06,0.527068464804099,1.29633190065661,1,1.47830396988305,-0.0216960301169531,0.0216960301169531,0.0216960301169531,0.000470717722835736,1.42968372933561,1.57149283879167,1,1.76677164401622,-0.0332283559837849,0.0332283559837849,0.0332283559837849,0.00110412364138514,1.66504809749019,1.93088187600258,1
35,"n600-b1_2-b2_2p5-b3_2p5",600,8,348,1,1,0.6931472,0.9162907,0.9162907,1.5,1.8,1,1.3,0.08,193,110,200,97,FALSE,NA,TRUE,NA,0.745856447779003,0.0527092477790028,0.0527092477790028,0.0527092477790028,0.00277826480142831,0.437122929029206,1.05832998538687,1,0.930238248530914,0.013947548530914,0.013947548530914,0.013947548530914,0.0001945341100222,0.655015594028732,1.21704291506107,1,0.898216486249107,-0.0180742137508926,0.0180742137508926,0.0180742137508926,0.000326677202712954,0.507588025593298,1.27724060491875,1,1.54078101742087,0.0407810174208669,0.0407810174208669,0.0407810174208669,0.00166309138188105,1.45769918136302,1.77667309239556,1,1.84526205159617,0.0452620515961668,0.0452620515961668,0.0452620515961668,0.00204865331469407,1.75008127443042,2.06744286229911,1
35,"n600-b1_2-b2_2p5-b3_2p5",600,9,349,1,1,0.6931472,0.9162907,0.9162907,1.5,1.8,1,1.3,0.0716666666666667,197,104,192,107,FALSE,NA,TRUE,NA,0.61999485998919,-0.0731523400108096,0.0731523400108096,0.0731523400108096,0.0053512648490571,0.326782831767528,0.920225747966196,1,0.965079492512474,0.0487887925124739,0.0487887925124739,0.0487887925124739,0.00238034627482523,0.693228222733731,1.24392330653664,1,0.879148418420842,-0.0371422815791583,0.0371422815791583,0.0371422815791583,0.00137954908090548,0.509649654316892,1.24810267016573,1,1.62103276061129,0.121032760611293,0.121032760611293,0.121032760611293,0.0146489291411905,1.49698768697722,1.82906917315806,1,1.74898432030003,-0.0510156796999672,0.0510156796999672,0.0510156796999672,0.00260259957524965,1.68413003090366,1.84720969324915,1
35,"n600-b1_2-b2_2p5-b3_2p5",600,10,350,1,1,0.6931472,0.9162907,0.9162907,1.5,1.8,1,1.3,0.0766666666666667,217,90,202,91,FALSE,NA,TRUE,NA,0.706526089793709,0.0133788897937094,0.0133788897937094,0.0133788897937094,0.000178994692112221,0.385508425289743,1.03613547781797,1,0.899201083091779,-0.0170896169082205,0.0170896169082205,0.0170896169082205,0.000292055006069737,0.616574247240424,1.19205567046163,1,1.00392819212243,0.0876374921224286,0.0876374921224286,0.0876374921224286,0.00768033002550873,0.612213523155289,1.39503658259657,1,1.45719930596675,-0.042800694033249,0.042800694033249,0.042800694033249,0.0018318994097278,1.32809908365651,1.53264637315961,1,1.81294689286543,0.0129468928654344,0.0129468928654344,0.0129468928654344,0.000167622034869036,1.70444623596975,1.8998346380912,1
36,"n600-b1_2-b2_2p5-b3_2p5",600,1,351,1,1,0.6931472,0.9162907,0.9162907,1.5,1.8,1,1.3,0.095,206,100,191,103,FALSE,NA,TRUE,NA,0.447647041706267,-0.245500158293733,0.245500158293733,0.245500158293733,0.0602703277222482,0.12462737469857,0.773870644627102,1,0.921868540619706,0.00557784061970623,0.00557784061970623,0.00557784061970623,3.11123059788448e-05,0.639458418531794,1.2098504813819,1,1.18479246404671,0.268501764046708,0.268501764046708,0.268501764046708,0.0720931972961942,0.785575326274031,1.58398310837903,1,1.50420168586808,0.00420168586807845,0.00420168586807845,0.00420168586807845,1.76541641340102e-05,1.41654890211456,1.62420388282249,1,1.81545733290541,0.015457332905406,0.015457332905406,0.015457332905406,0.000238929140548546,1.72442510052443,1.92905811713536,1
36,"n600-b1_2-b2_2p5-b3_2p5",600,2,352,1,1,0.6931472,0.9162907,0.9162907,1.5,1.8,1,1.3,0.0683333333333334,202,114,199,85,FALSE,NA,TRUE,NA,0.656034626987777,-0.0371125730122226,0.0371125730122226,0.0371125730122226,0.00137734307558755,0.328774856092245,0.985086008779149,1,0.832913286514228,-0.0833774134857723,0.0833774134857723,0.0833774134857723,0.00695179307957745,0.535530164630894,1.1413845246501,1,0.927558841771372,0.0112681417713724,0.0112681417713724,0.0112681417713724,0.000126971018979747,0.52984546808769,1.3195331636942,1,1.41714853096709,-0.082851469032913,0.082851469032913,0.082851469032913,0.00686436592091174,1.34162573215228,1.53867308370729,1,1.68484413422103,-0.115155865778973,0.115155865778973,0.115155865778973,0.0132608734233049,1.59108645360559,1.80670801620444,1
36,"n600-b1_2-b2_2p5-b3_2p5",600,3,353,1,1,0.6931472,0.9162907,0.9162907,1.5,1.8,1,1.3,0.0600000000000001,207,115,204,74,FALSE,NA,TRUE,NA,0.539533471325392,-0.153613728674608,0.153613728674608,0.153613728674608,0.0235971776373161,0.216750502797274,0.869091514486008,1,0.712300055998705,-0.203990644001295,0.203990644001295,0.203990644001295,0.0416121828400629,0.407697766627034,1.02353665167336,1,0.955113595317476,0.0388228953174764,0.0388228953174764,0.0388228953174764,0.00150721720083173,0.552968578434456,1.34703305822989,1,1.44704908947683,-0.0529509105231685,0.0529509105231685,0.0529509105231685,0.00280379892523259,1.39520401238903,1.62960691703983,1,1.76988471053691,-0.0301152894630861,0.0301152894630861,0.0301152894630861,0.000906930659445462,1.61269559258035,1.98653266076871,1
36,"n600-b1_2-b2_2p5-b3_2p5",600,4,354,1,1,0.6931472,0.9162907,0.9162907,1.5,1.8,1,1.3,0.07,210,95,190,105,FALSE,NA,TRUE,NA,0.865064859330922,0.171917659330922,0.171917659330922,0.171917659330922,0.0295556815898231,0.544575290327165,1.18957781940902,1,1.17559641013484,0.259305710134839,0.259305710134839,0.259305710134839,0.0672394513085332,0.892645307381655,1.47049958639438,1,0.628773552979364,-0.287517147020636,0.287517147020636,0.287517147020636,0.0826661098308859,0.245421316934911,1.01356381406837,1,1.49294789628194,-0.00705210371805931,0.00705210371805931,0.00705210371805931,4.97321668502659e-05,1.4571272600083,1.56316700561486,1,1.79922250815445,-0.000777491845553424,0.000777491845553424,0.000777491845553424,6.0449356990207e-07,1.75526796746523,1.870703705567,1
36,"n600-b1_2-b2_2p5-b3_2p5",600,5,355,1,1,0.6931472,0.9162907,0.9162907,1.5,1.8,1,1.3,0.0616666666666666,202,95,216,87,FALSE,NA,TRUE,NA,0.751234639291848,0.0580874392918479,0.0580874392918479,0.0580874392918479,0.00337415060348411,0.431669567876959,1.07484848266957,1,0.909226076483577,-0.00706462351642345,0.00706462351642345,0.00706462351642345,4.99089054288033e-05,0.633777303524354,1.19141161563966,1,0.7082720714618,-0.2080186285382,0.2080186285382,0.2080186285382,0.0432717498189135,0.330211340257791,1.09191460681802,1,1.58139734164109,0.0813973416410856,0.0813973416410856,0.0813973416410856,0.00662552722623561,1.47677937126925,1.78175744180487,1,1.87388648271941,0.0738864827194057,0.0738864827194057,0.0738864827194057,0.00545921232864503,1.79168444593732,2.11318640331043,1
36,"n600-b1_2-b2_2p5-b3_2p5",600,6,356,1,1,0.6931472,0.9162907,0.9162907,1.5,1.8,1,1.3,0.0583333333333333,192,96,206,106,FALSE,NA,TRUE,NA,0.675527258498453,-0.0176199415015471,0.0176199415015471,0.0176199415015471,0.000310462338517942,0.370584928235586,0.981302149807593,1,0.861648093599351,-0.0546426064006487,0.0546426064006487,0.0546426064006487,0.00298581443425621,0.595792163241812,1.1316641696188,1,0.962743112573003,0.0464524125730026,0.0464524125730026,0.0464524125730026,0.00215782663385245,0.587951747536781,1.33241560483082,1,1.53134228088276,0.0313422808827588,0.0313422808827588,0.0313422808827588,0.000982338570933748,1.45358655873306,1.63165534235513,1,1.84409426879683,0.044094268796832,0.044094268796832,0.044094268796832,0.00194430454072727,1.6433728976635,1.9705468010646,1
36,"n600-b1_2-b2_2p5-b3_2p5",600,7,357,1,1,0.6931472,0.9162907,0.9162907,1.5,1.8,1,1.3,0.0733333333333334,208,91,213,88,FALSE,NA,TRUE,NA,0.570399956809504,-0.122747243190496,0.122747243190496,0.122747243190496,0.0150668857108667,0.23491521596198,0.913648953532608,1,0.856818061710017,-0.0594726382899835,0.0594726382899835,0.0594726382899835,0.00353699470517121,0.565548546705868,1.15482238749325,1,1.13098464618182,0.214693946181823,0.214693946181823,0.214693946181823,0.0460934905271237,0.724028017438782,1.53493506504018,1,1.53507537137863,0.0350753713786309,0.0350753713786309,0.0350753713786309,0.00123028167734888,1.44422053170271,1.68544408604123,1,1.79979330737222,-0.000206692627781058,0.000206692627781058,0.000206692627781058,4.27218423790389e-08,1.56520125417251,2.02909894826416,1
36,"n600-b1_2-b2_2p5-b3_2p5",600,8,358,1,1,0.6931472,0.9162907,0.9162907,1.5,1.8,1,1.3,0.105,204,100,184,112,FALSE,NA,TRUE,NA,0.852813904899219,0.159666704899219,0.159666704899219,0.159666704899219,0.0254934566533743,0.539839366795248,1.1683272066973,1,1.0298626384833,0.113571938483301,0.113571938483301,0.113571938483301,0.0128985852108547,0.745283634405584,1.31813419914986,1,0.888827486461694,-0.0274632135383059,0.0274632135383059,0.0274632135383059,0.000754228097850591,0.497853900476343,1.27989504708011,1,1.50652773066438,0.00652773066438472,0.00652773066438472,0.00652773066438472,4.26112676267486e-05,1.42188849216401,1.59341767329801,1,1.88733659832331,0.0873365983233092,0.0873365983233092,0.0873365983233092,0.00762768140668706,1.77141240083606,2.01172939490885,1
36,"n600-b1_2-b2_2p5-b3_2p5",600,9,359,1,1,0.6931472,0.9162907,0.9162907,1.5,1.8,1,1.3,0.08,213,100,189,98,FALSE,NA,TRUE,NA,0.603264243790088,-0.0898829562099117,0.0898829562099117,0.0898829562099117,0.00807894581703291,0.290524570228599,0.916413139915194,1,0.947664720832212,0.0313740208322124,0.0313740208322124,0.0313740208322124,0.000984329183180098,0.670907804238627,1.23442986511889,1,1.08583591888055,0.169545218880549,0.169545218880549,0.169545218880549,0.0287455812452533,0.704047857636542,1.4679836242247,1,1.6035994331487,0.103599433148701,0.103599433148701,0.103599433148701,0.0107328425487321,1.49994560277582,1.93914754614369,1,1.90072620130063,0.100726201300625,0.100726201300625,0.100726201300625,0.0101457676284541,1.79991339408782,2.29357537126203,1
36,"n600-b1_2-b2_2p5-b3_2p5",600,10,360,1,1,0.6931472,0.9162907,0.9162907,1.5,1.8,1,1.3,0.0649999999999999,212,99,193,96,FALSE,NA,TRUE,NA,0.725106705576739,0.0319595055767388,0.0319595055767388,0.0319595055767388,0.0010214099967096,0.410242169746094,1.04710760232269,1,1.00726858444954,0.090977884449537,0.090977884449537,0.090977884449537,0.00827697545891331,0.717306327427001,1.3112000475928,1,0.966245108673295,0.0499544086732953,0.0499544086732953,0.0499544086732953,0.0024954429458986,0.573609794974877,1.35545132254068,1,1.48956816493416,-0.0104318350658408,0.0104318350658408,0.0104318350658408,0.000108823182840905,1.36761474522553,1.59265172135842,1,1.79377421482188,-0.00622578517812222,0.00622578517812222,0.00622578517812222,3.87604010841264e-05,1.59110158062489,1.99251347382011,1
37,"n600-b1_2-b2_2p5-b3_2p5",600,1,361,1,1,0.6931472,0.9162907,0.9162907,1.5,1.8,1,1.3,0.0866666666666667,215,107,183,95,FALSE,NA,TRUE,NA,0.520807950110082,-0.172339249889918,0.172339249889918,0.172339249889918,0.0297008170526198,0.20443871104803,0.843363342219735,1,0.676794753031845,-0.239495946968155,0.239495946968155,0.239495946968155,0.0573583086141732,0.392433533203395,0.97283392913045,1,1.19200987445232,0.275719174452316,0.275719174452316,0.275719174452316,0.0760210631606666,0.802598363877587,1.58511754202475,1,1.2923754317726,-0.207624568227399,0.207624568227399,0.207624568227399,0.0431079613316139,1.18326128490713,1.53176249841429,1,1.77911612090046,-0.0208838790995363,0.0208838790995363,0.0208838790995363,0.000436136406244048,1.58056581547937,2.05774182873731,1
37,"n600-b1_2-b2_2p5-b3_2p5",600,2,362,1,1,0.6931472,0.9162907,0.9162907,1.5,1.8,1,1.3,0.0683333333333334,207,95,194,104,FALSE,NA,TRUE,NA,0.734647255604629,0.0415000556046285,0.0415000556046285,0.0415000556046285,0.00172225461518726,0.419172379435931,1.04821046720167,1,1.0467894464757,0.130498746475697,0.130498746475697,0.130498746475697,0.0170299228317283,0.768407660515515,1.33332088909105,1,0.961081837770378,0.0447911377703778,0.0447911377703778,0.0447911377703778,0.00200624602276496,0.570106296756578,1.35184413786241,1,1.37175372458113,-0.128246275418869,0.128246275418869,0.128246275418869,0.0164471071588124,1.2712796887383,1.48988952992972,0,1.76639583688348,-0.0336041631165236,0.0336041631165236,0.0336041631165236,0.00112923977876192,1.61347003476934,1.95896453893226,1
37,"n600-b1_2-b2_2p5-b3_2p5",600,3,363,1,1,0.6931472,0.9162907,0.9162907,1.5,1.8,1,1.3,0.0883333333333334,208,105,180,107,FALSE,NA,TRUE,NA,0.720923474111578,0.0277762741115776,0.0277762741115776,0.0277762741115776,0.000771521403521494,0.410695547226859,1.03112040182366,1,0.872291163197734,-0.0439995368022655,0.0439995368022655,0.0439995368022655,0.00193595923881392,0.60374001608286,1.1489579897462,1,0.881578539095228,-0.0347121609047724,0.0347121609047724,0.0347121609047724,0.00120493411467881,0.504158527974267,1.25815694927873,1,1.51290955510831,0.0129095551083089,0.0129095551083089,0.0129095551083089,0.000166656613094465,1.42111777494151,1.73479909932411,1,1.89263209498689,0.0926320949868895,0.0926320949868895,0.0926320949868895,0.00858070502166012,1.79941036268113,2.12657496680747,1
37,"n600-b1_2-b2_2p5-b3_2p5",600,4,364,1,1,0.6931472,0.9162907,0.9162907,1.5,1.8,1,1.3,0.0783333333333334,182,108,207,103,FALSE,NA,TRUE,NA,0.685370487380392,-0.00777671261960833,0.00777671261960833,0.00777671261960833,6.04772591679754e-05,0.389506094894032,0.984201253635068,1,0.946376292028773,0.0300855920287729,0.0300855920287729,0.0300855920287729,0.000905142847721765,0.679144113230647,1.22087684152639,1,0.740520410881901,-0.175770289118099,0.175770289118099,0.175770289118099,0.03089519453666,0.372336017615618,1.11266170570447,1,1.57700552637298,0.0770055263729816,0.0770055263729816,0.0770055263729816,0.00592985109197997,1.43305588028178,1.68837536172534,1,1.89340260197573,0.0934026019757326,0.0934026019757326,0.0934026019757326,0.00872404605583712,1.78445118636185,1.97681747317348,1
37,"n600-b1_2-b2_2p5-b3_2p5",600,5,365,1,1,0.6931472,0.9162907,0.9162907,1.5,1.8,1,1.3,0.0583333333333333,205,104,187,104,FALSE,NA,TRUE,NA,0.383271832297078,-0.309875367702922,0.309875367702922,0.309875367702922,0.0960227435090212,0.0802521495612077,0.685959722638563,0,0.801014748498553,-0.115275951501447,0.115275951501447,0.115275951501447,0.013288544994564,0.528101466012355,1.08239694654197,1,1.14402409373995,0.227733393739948,0.227733393739948,0.227733393739948,0.0518624986243142,0.759556404772306,1.53828127990535,1,1.40276308753032,-0.0972369124696824,0.0972369124696824,0.0972369124696824,0.00945501714663667,1.2545034332297,1.61402721631479,1,1.78435627488159,-0.0156437251184132,0.0156437251184132,0.0156437251184132,0.000244726135580471,1.66736138506723,2.05196518841596,1
37,"n600-b1_2-b2_2p5-b3_2p5",600,6,366,1,1,0.6931472,0.9162907,0.9162907,1.5,1.8,1,1.3,0.0733333333333334,198,92,226,84,FALSE,NA,TRUE,NA,0.876677448119071,0.183530248119071,0.183530248119071,0.183530248119071,0.0336833519746476,0.540236042824562,1.21219526490792,1,1.03833331958788,0.122042619587876,0.122042619587876,0.122042619587876,0.0148944009958711,0.744666913714873,1.3367976362661,1,0.823161317300583,-0.0931293826994167,0.0931293826994167,0.0931293826994167,0.00867308192197442,0.42471362354467,1.22050676764089,1,1.38992942087469,-0.110070579125306,0.110070579125306,0.110070579125306,0.0121155323889803,1.31578406711336,1.57384522069898,1,1.80753866098651,0.00753866098651335,0.00753866098651335,0.00753866098651335,5.68314094695784e-05,1.7430043772357,1.96189583810131,1
37,"n600-b1_2-b2_2p5-b3_2p5",600,7,367,1,1,0.6931472,0.9162907,0.9162907,1.5,1.8,1,1.3,0.075,206,98,190,106,FALSE,NA,TRUE,NA,0.639361613954609,-0.0537855860453914,0.0537855860453914,0.0537855860453914,0.0028928892662462,0.334489706830737,0.945323053244506,1,0.862371396302514,-0.0539193036974855,0.0539193036974855,0.0539193036974855,0.00290729131122168,0.587181864739804,1.14518933339768,1,1.03720105585099,0.120910355850989,0.120910355850989,0.120910355850989,0.0146193141520127,0.657350065285388,1.4164596167615,1,1.52067367868293,0.0206736786829333,0.0206736786829333,0.0206736786829333,0.000427400990285173,1.40642302339363,1.66081545903908,1,1.71081408786983,-0.0891859121301741,0.0891859121301741,0.0891859121301741,0.00795412692249114,1.57436613361512,2.00341390759809,1
37,"n600-b1_2-b2_2p5-b3_2p5",600,8,368,1,1,0.6931472,0.9162907,0.9162907,1.5,1.8,1,1.3,0.0649999999999999,204,105,197,94,FALSE,NA,TRUE,NA,0.7413302580738,0.0481830580738004,0.0481830580738004,0.0481830580738004,0.00232160708534322,0.436518728787759,1.05116030271249,1,0.801221474900703,-0.115069225099298,0.115069225099298,0.115069225099298,0.0132409265649528,0.525943389898674,1.08600247578781,1,0.814316851323584,-0.101973848676416,0.101973848676416,0.101973848676416,0.0103986658138805,0.434667363401665,1.19278181840741,1,1.45903881992569,-0.0409611800743066,0.0409611800743066,0.0409611800743066,0.00167781827307977,1.28499472825811,1.56737474049246,1,1.88365219451931,0.0836521945193056,0.0836521945193056,0.0836521945193056,0.00699768964789574,1.61634773765586,2.18237389499927,1
37,"n600-b1_2-b2_2p5-b3_2p5",600,9,369,1,1,0.6931472,0.9162907,0.9162907,1.5,1.8,1,1.3,0.0683333333333334,220,100,200,80,FALSE,NA,TRUE,NA,0.723804752305632,0.0306575523056325,0.0306575523056325,0.0306575523056325,0.000939885513372592,0.398506910655788,1.05405673105257,1,0.976647972192675,0.0603572721926745,0.0603572721926745,0.0603572721926745,0.0036430003065406,0.674881969125037,1.28812467204268,1,0.849058010791194,-0.0672326892088058,0.0672326892088058,0.0672326892088058,0.00452023449824787,0.453983890908634,1.23931892484533,1,1.46166633932493,-0.0383336606750726,0.0383336606750726,0.0383336606750726,0.00146946954075161,1.26935512872314,1.59598811772819,1,1.8374177411852,0.0374177411851966,0.0374177411851966,0.0374177411851966,0.00140008735540236,1.7367146510818,2.05735602446653,1
37,"n600-b1_2-b2_2p5-b3_2p5",600,10,370,1,1,0.6931472,0.9162907,0.9162907,1.5,1.8,1,1.3,0.0600000000000001,186,98,231,85,FALSE,NA,TRUE,NA,0.467858106790293,-0.225289093209707,0.225289093209707,0.225289093209707,0.0507551755192522,0.145644599691263,0.79153760082537,1,0.632552976658695,-0.283737723341305,0.283737723341305,0.283737723341305,0.0805070956469067,0.353864510163948,0.916353390045394,1,1.24053753974715,0.324246839747153,0.324246839747153,0.324246839747153,0.105136013086016,0.846327465090671,1.63319628730946,1,1.45300264821978,-0.0469973517802171,0.0469973517802171,0.0469973517802171,0.00220875107435348,1.15219197135258,1.64613838881152,1,1.83364516559591,0.0336451655959074,0.0336451655959074,0.0336451655959074,0.00113199716797603,1.69689173347721,2.021022744662,1
38,"n600-b1_2-b2_2p5-b3_2p5",600,1,371,1,1,0.6931472,0.9162907,0.9162907,1.5,1.8,1,1.3,0.0683333333333334,200,108,197,95,FALSE,NA,TRUE,NA,0.795881435515377,0.102734235515378,0.102734235515378,0.102734235515378,0.0105543231469291,0.489921923481069,1.10717258568313,1,1.06146899406895,0.145178294068955,0.145178294068955,0.145178294068955,0.0210767370687719,0.780937057688831,1.35294627782812,1,0.940077101816018,0.0237864018160175,0.0237864018160175,0.0237864018160175,0.000565792911353043,0.553780502600443,1.31626062872585,1,1.49378982665794,-0.00621017334206297,0.00621017334206297,0.00621017334206297,3.85662529384696e-05,1.45199994369061,1.55548660091091,1,1.81370384486205,0.0137038448620541,0.0137038448620541,0.0137038448620541,0.000187795364003247,1.76027024422661,1.87153144456327,1
38,"n600-b1_2-b2_2p5-b3_2p5",600,2,372,1,1,0.6931472,0.9162907,0.9162907,1.5,1.8,1,1.3,0.0566666666666666,180,116,224,80,FALSE,NA,TRUE,NA,0.765348561192205,0.0722013611922045,0.0722013611922045,0.0722013611922045,0.00521303655800718,0.443342642110773,1.09159357993182,1,1.06227440330058,0.145983703300579,0.145983703300579,0.145983703300579,0.0213112416293514,0.7672321103528,1.36925505688569,1,0.809690444434356,-0.106600255565644,0.106600255565644,0.106600255565644,0.0113636144866606,0.414578176387995,1.19703346437857,1,1.47992037547509,-0.0200796245249064,0.0200796245249064,0.0200796245249064,0.000403191321061223,1.40406227282267,1.6237825887271,1,1.79368328979459,-0.00631671020540669,0.00631671020540669,0.00631671020540669,3.99008278190891e-05,1.73370789601849,1.8653115078732,1
38,"n600-b1_2-b2_2p5-b3_2p5",600,3,373,1,1,0.6931472,0.9162907,0.9162907,1.5,1.8,1,1.3,0.08,192,93,211,104,FALSE,NA,TRUE,NA,0.669606418809194,-0.0235407811908056,0.0235407811908056,0.0235407811908056,0.000554168379073387,0.354785438500271,0.987202153531431,1,1.1371612371024,0.220870537102396,0.220870537102396,0.220870537102396,0.048783794159901,0.858872946382306,1.42064452509383,1,0.854464536732783,-0.0618261632672169,0.0618261632672169,0.0618261632672169,0.00382247446434456,0.464150934245009,1.23161025173131,1,1.46328719153496,-0.0367128084650385,0.0367128084650385,0.0367128084650385,0.00134783030539061,1.25230533683562,1.5802859411723,1,1.75881247276297,-0.0411875272370277,0.0411875272370277,0.0411875272370277,0.0016964123999009,1.57801489060263,1.87078395948431,1
38,"n600-b1_2-b2_2p5-b3_2p5",600,4,374,1,1,0.6931472,0.9162907,0.9162907,1.5,1.8,1,1.3,0.0683333333333334,190,97,215,98,FALSE,NA,TRUE,NA,0.731289294048807,0.0381420940488069,0.0381420940488069,0.0381420940488069,0.00145481933842803,0.414370833556795,1.05106651541589,1,0.822618640020324,-0.0936720599796761,0.0936720599796761,0.0936720599796761,0.00877445482083604,0.550860402490255,1.10271377608704,1,0.826442546345519,-0.0898481536544815,0.0898481536544815,0.0898481536544815,0.00807269071511932,0.444156072276036,1.2030712833729,1,1.55685360137391,0.0568536013739094,0.0568536013739094,0.0568536013739094,0.00323233198918339,1.40709951355289,1.79907057386825,1,1.85288669067392,0.0528866906739245,0.0528866906739245,0.0528866906739245,0.00279700205043937,1.78164405622344,2.1087338769558,1
38,"n600-b1_2-b2_2p5-b3_2p5",600,5,375,1,1,0.6931472,0.9162907,0.9162907,1.5,1.8,1,1.3,0.08,213,102,183,102,FALSE,NA,TRUE,NA,0.852696002311826,0.159548802311826,0.159548802311826,0.159548802311826,0.0254558203191382,0.533984584269001,1.17792179523993,1,1.08618891367331,0.169898213673306,0.169898213673306,0.169898213673306,0.0288654030093805,0.809194362486205,1.37944523641417,1,0.644719689743357,-0.271571010256643,0.271571010256643,0.271571010256643,0.0737508136118139,0.252837630204935,1.02551895483932,1,1.48017579365989,-0.0198242063401064,0.0198242063401064,0.0198242063401064,0.000392999157015115,1.42158751849427,1.5870133267418,1,1.74519880572939,-0.054801194270611,0.054801194270611,0.054801194270611,0.00300317089348525,1.68295552717167,1.85698179680965,1
38,"n600-b1_2-b2_2p5-b3_2p5",600,6,376,1,1,0.6931472,0.9162907,0.9162907,1.5,1.8,1,1.3,0.0733333333333334,194,98,199,109,FALSE,NA,TRUE,NA,0.614870777955969,-0.0782764220440312,0.0782764220440312,0.0782764220440312,0.00612719824801529,0.30674073465098,0.924679909020842,1,0.917353085603815,0.001062385603815,0.001062385603815,0.001062385603815,1.12866317119336e-06,0.653815545256656,1.18805580370303,1,0.982982537937191,0.0666918379371906,0.0666918379371906,0.0666918379371906,0.00444780124744049,0.605663056715068,1.3571080418096,1,1.48025801451927,-0.0197419854807341,0.0197419854807341,0.0197419854807341,0.000389745990721517,1.35971449895933,1.58793332447137,1,1.82664233559601,0.0266423355960113,0.0266423355960113,0.0266423355960113,0.000709814046010489,1.77838459170524,2.07797890425545,1
38,"n600-b1_2-b2_2p5-b3_2p5",600,7,377,1,1,0.6931472,0.9162907,0.9162907,1.5,1.8,1,1.3,0.0783333333333334,197,103,209,91,FALSE,NA,TRUE,NA,0.900255750766525,0.207108550766525,0.207108550766525,0.207108550766525,0.0428939518006103,0.576472376370048,1.23510346891319,1,1.123978324422,0.207687624422001,0.207687624422001,0.207687624422001,0.0431341493380543,0.831874586549199,1.42732469965245,1,0.600605648103091,-0.315685051896909,0.315685051896909,0.315685051896909,0.0996570519911541,0.201437678251547,0.993691828500743,1,1.52509919414163,0.0250991941416265,0.0250991941416265,0.0250991941416265,0.00062996954655906,1.4210097237344,1.67744862016943,1,1.84364826507745,0.0436482650774477,0.0436482650774477,0.0436482650774477,0.00190517104427114,1.75035593557916,2.04413516279068,1
38,"n600-b1_2-b2_2p5-b3_2p5",600,8,378,1,1,0.6931472,0.9162907,0.9162907,1.5,1.8,1,1.3,0.0649999999999999,192,94,220,94,FALSE,NA,TRUE,NA,0.815557093709467,0.122409893709467,0.122409893709467,0.122409893709467,0.0149841820779629,0.496118928936351,1.13131814863107,1,1.10845754329129,0.192166843291287,0.192166843291287,0.192166843291287,0.0369280956605382,0.83036706565359,1.39208152934813,1,0.824736020282681,-0.0915546797173192,0.0915546797173192,0.0915546797173192,0.00838225937814091,0.444551786300405,1.20967089958044,1,1.5027370561772,0.00273705617720155,0.00273705617720155,0.00273705617720155,7.49147651715714e-06,1.47765304098084,1.54866083833842,1,1.78325729881563,-0.0167427011843697,0.0167427011843697,0.0167427011843697,0.000280318042949095,1.7556720373279,1.83218475873498,1
38,"n600-b1_2-b2_2p5-b3_2p5",600,9,379,1,1,0.6931472,0.9162907,0.9162907,1.5,1.8,1,1.3,0.0783333333333334,204,95,213,88,FALSE,NA,TRUE,NA,0.859782002972006,0.166634802972006,0.166634802972006,0.166634802972006,0.0277671575615192,0.53165580262686,1.19368606295388,1,1.07832797782409,0.162037277824087,0.162037277824087,0.162037277824087,0.0262560794046403,0.784983692392788,1.3789970553363,1,0.891862487823741,-0.024428212176259,0.024428212176259,0.024428212176259,0.000596737550128329,0.493505096245119,1.28806031864795,1,1.55074590286841,0.0507459028684054,0.0507459028684054,0.0507459028684054,0.00257514665792964,1.49519265114496,1.65697700019641,1,1.81522624893885,0.0152262489388475,0.0152262489388475,0.0152262489388475,0.000231838656747755,1.75936050336025,1.87011537981906,1
38,"n600-b1_2-b2_2p5-b3_2p5",600,10,380,1,1,0.6931472,0.9162907,0.9162907,1.5,1.8,1,1.3,0.0649999999999999,210,101,189,100,FALSE,NA,TRUE,NA,0.646781787802889,-0.0463654121971107,0.0463654121971107,0.0463654121971107,0.00214975144820798,0.339098217859443,0.953720976491848,1,0.775776415540336,-0.140514284459664,0.140514284459664,0.140514284459664,0.0197442641372114,0.494030760401923,1.06381365278781,1,0.890129485185087,-0.0261612148149134,0.0261612148149134,0.0261612148149134,0.000684409160592045,0.514727879339499,1.26118812108563,1,1.29947987885072,-0.200520121149281,0.200520121149281,0.200520121149281,0.0402083189857223,1.24413534865666,1.44582302947671,0,1.68485835188378,-0.115141648116218,0.115141648116218,0.115141648116218,0.0132575991309189,1.61739054843037,1.80856403393105,1
39,"n600-b1_2-b2_2p5-b3_2p5",600,1,381,1,1,0.6931472,0.9162907,0.9162907,1.5,1.8,1,1.3,0.0833333333333334,185,85,226,104,FALSE,NA,TRUE,NA,0.714690263570078,0.0215430635700785,0.0215430635700785,0.0215430635700785,0.000464103587984444,0.391045304131484,1.04192561291016,1,0.948915562590352,0.0326248625903525,0.0326248625903525,0.0326248625903525,0.00106438165903938,0.677363966245846,1.22739739753703,1,0.800419829390639,-0.115870870609361,0.115870870609361,0.115870870609361,0.0134260586557712,0.40390624425678,1.1910696562678,1,1.5719596080863,0.0719596080862961,0.0719596080862961,0.0719596080862961,0.00517818519593333,1.44752375607431,1.76498186465447,1,1.8210133509547,0.021013350954695,0.021013350954695,0.021013350954695,0.000441560918345183,1.73508383636004,1.97801937394199,1
39,"n600-b1_2-b2_2p5-b3_2p5",600,2,382,1,1,0.6931472,0.9162907,0.9162907,1.5,1.8,1,1.3,0.0516666666666666,211,105,199,85,FALSE,NA,TRUE,NA,0.921974185607961,0.228826985607961,0.228826985607961,0.228826985607961,0.052361789342426,0.602434371809752,1.24776948520113,1,0.883972405930146,-0.0323182940698542,0.0323182940698542,0.0323182940698542,0.00104447213158557,0.590632076209658,1.18179015704895,1,0.878584575985612,-0.0377061240143878,0.0377061240143878,0.0377061240143878,0.00142175178818839,0.486219739397137,1.26622780109514,1,1.49233982692768,-0.0076601730723227,0.0076601730723227,0.0076601730723227,5.86782514979377e-05,1.40168206388467,1.64756216459316,1,1.71168710944945,-0.0883128905505468,0.0883128905505468,0.0883128905505468,0.00779916663739286,1.4948218097801,1.83369463843081,1
39,"n600-b1_2-b2_2p5-b3_2p5",600,3,383,1,1,0.6931472,0.9162907,0.9162907,1.5,1.8,1,1.3,0.0733333333333334,207,101,201,91,FALSE,NA,TRUE,NA,0.639401325886771,-0.0537458741132293,0.0537458741132293,0.0537458741132293,0.00288861898419509,0.325459197102751,0.958292252174274,1,0.834702131187209,-0.0815885688127906,0.0815885688127906,0.0815885688127906,0.00665669456091947,0.55042550606731,1.12590940526384,1,0.989354987035211,0.0730642870352114,0.0730642870352114,0.0730642870352114,0.00533839003996376,0.60203042626758,1.37453678995893,1,1.50443034938174,0.00443034938174058,0.00443034938174058,0.00443034938174058,1.96279956442892e-05,1.38039628510411,1.70653010239116,1,1.85457287217859,0.0545728721785939,0.0545728721785939,0.0545728721785939,0.00297819837782114,1.78811535989023,2.00635847863847,1
39,"n600-b1_2-b2_2p5-b3_2p5",600,4,384,1,1,0.6931472,0.9162907,0.9162907,1.5,1.8,1,1.3,0.0616666666666666,198,98,190,114,FALSE,NA,TRUE,NA,0.880568705894309,0.187421505894309,0.187421505894309,0.187421505894309,0.0351268208716905,0.580662769042692,1.18242611223362,1,0.862667784204643,-0.0536229157953567,0.0536229157953567,0.0536229157953567,0.00287541709839592,0.595994597807823,1.13304559629562,1,0.711977101106217,-0.204313598893783,0.204313598893783,0.204313598893783,0.0417440466929296,0.342823765459523,1.08091934096667,1,1.56243999100893,0.0624399910089317,0.0624399910089317,0.0624399910089317,0.00389875247719547,1.47282801768958,1.68880683569671,1,1.80813240400414,0.00813240400413773,0.00813240400413773,0.00813240400413773,6.61359948865154e-05,1.64783966570694,1.9800720095083,1
39,"n600-b1_2-b2_2p5-b3_2p5",600,5,385,1,1,0.6931472,0.9162907,0.9162907,1.5,1.8,1,1.3,0.075,206,103,195,96,FALSE,NA,TRUE,NA,0.537717369877738,-0.155429830122262,0.155429830122262,0.155429830122262,0.0241584320918351,0.227435243902241,0.85201414508038,1,0.802582967302609,-0.113707732697391,0.113707732697391,0.113707732697391,0.0129294484751812,0.524060974835936,1.08726941977671,1,1.05978181324874,0.143491113248738,0.143491113248738,0.143491113248738,0.0205896995813621,0.673530016304176,1.44134859949425,1,1.52372855138151,0.0237285513815118,0.0237285513815118,0.0237285513815118,0.000563044150665043,1.44294605091767,1.70077920455132,1,1.83942451978466,0.0394245197846612,0.0394245197846612,0.0394245197846612,0.00155429276025114,1.78092250477108,1.95855861164153,1
39,"n600-b1_2-b2_2p5-b3_2p5",600,6,386,1,1,0.6931472,0.9162907,0.9162907,1.5,1.8,1,1.3,0.0733333333333334,182,99,206,113,FALSE,NA,TRUE,NA,0.671494611099235,-0.0216525889007652,0.0216525889007652,0.0216525889007652,0.000468834606105538,0.366620296333666,0.974963882651508,1,0.873179637402153,-0.0431110625978472,0.0431110625978472,0.0431110625978472,0.0018585637183155,0.613746501299792,1.14085303528853,1,1.02736284331712,0.111072143317123,0.111072143317123,0.111072143317123,0.0123370210210596,0.644470210385517,1.41062181901493,1,1.52346580693381,0.0234658069338094,0.0234658069338094,0.0234658069338094,0.000550644095054817,1.46454590945366,1.65935943441434,1,1.84889364891848,0.0488936489184848,0.0488936489184848,0.0488936489184848,0.00239058890456405,1.79515283488415,2.0268657909243,1
39,"n600-b1_2-b2_2p5-b3_2p5",600,7,387,1,1,0.6931472,0.9162907,0.9162907,1.5,1.8,1,1.3,0.0600000000000001,223,84,196,97,FALSE,NA,TRUE,NA,0.880468308098294,0.187321108098294,0.187321108098294,0.187321108098294,0.0350891975391726,0.541252514287786,1.21944866010569,1,0.93594550119157,0.0196548011915704,0.0196548011915704,0.0196548011915704,0.000386311209880156,0.64751896002832,1.22935328535598,1,0.687083776302147,-0.229206923697853,0.229206923697853,0.229206923697853,0.0525358138710335,0.289656617669326,1.08413208158335,1,1.4268738923009,-0.0731261076991041,0.0731261076991041,0.0731261076991041,0.00534742762722097,1.37499801538081,1.5242160583227,1,1.76652328572031,-0.0334767142796883,0.0334767142796883,0.0334767142796883,0.00112069039896389,1.72030762209722,1.86905831322504,1
39,"n600-b1_2-b2_2p5-b3_2p5",600,8,388,1,1,0.6931472,0.9162907,0.9162907,1.5,1.8,1,1.3,0.0716666666666667,189,104,218,89,FALSE,NA,TRUE,NA,0.460126039595544,-0.233021160404456,0.233021160404456,0.233021160404456,0.054298861196239,0.137345001622592,0.790532125451233,1,0.698975038601291,-0.217315661398709,0.217315661398709,0.217315661398709,0.0472260966891585,0.415682442918421,0.992713582007991,1,0.998045646812377,0.0817549468123768,0.0817549468123768,0.0817549468123768,0.00668387132829456,0.605839577190424,1.38290283317669,1,1.31806301764895,-0.181936982351049,0.181936982351049,0.181936982351049,0.0331010655470061,1.19393387048743,1.52649736016953,1,1.63161679703506,-0.168383202964941,0.168383202964941,0.168383202964941,0.0283529030407326,1.42538716738575,1.82400377236644,1
39,"n600-b1_2-b2_2p5-b3_2p5",600,9,389,1,1,0.6931472,0.9162907,0.9162907,1.5,1.8,1,1.3,0.05,199,110,199,92,FALSE,NA,TRUE,NA,0.642458352136711,-0.0506888478632893,0.0506888478632893,0.0506888478632893,0.00256935929770769,0.336118194935472,0.951802072453544,1,0.93431484395845,0.0180241439584502,0.0180241439584502,0.0180241439584502,0.000324869765434937,0.663669388764146,1.21409732456746,1,0.946703542313799,0.0304128423137989,0.0304128423137989,0.0304128423137989,0.000924940977603998,0.56990134983355,1.32488086756503,1,1.55100105630485,0.0510010563048453,0.0510010563048453,0.0510010563048453,0.00260110774421,1.49222138732914,1.64966891982941,1,1.8558968110205,0.055896811020504,0.055896811020504,0.055896811020504,0.00312445348226194,1.7788900649899,1.98581780536568,1
39,"n600-b1_2-b2_2p5-b3_2p5",600,10,390,1,1,0.6931472,0.9162907,0.9162907,1.5,1.8,1,1.3,0.0649999999999999,210,101,186,103,FALSE,NA,TRUE,NA,0.754795654415808,0.0616484544158079,0.0616484544158079,0.0616484544158079,0.00380053193185795,0.450916763930891,1.06060742195726,1,0.833257651514558,-0.0830330484854418,0.0830330484854418,0.0830330484854418,0.00689448714078573,0.56173002461414,1.11225411446509,1,0.871965783893,-0.0443249161069997,0.0443249161069997,0.0443249161069997,0.00196469818789256,0.491380273043096,1.24746502130139,1,1.45907503009659,-0.0409249699034142,0.0409249699034142,0.0409249699034142,0.00167485316159536,1.23298511750428,1.59256919647752,1,1.82704410444548,0.0270441044454786,0.0270441044454786,0.0270441044454786,0.000731383585257953,1.70876304635356,2.00834073118149,1
40,"n600-b1_2-b2_2p5-b3_2p5",600,1,391,1,1,0.6931472,0.9162907,0.9162907,1.5,1.8,1,1.3,0.0600000000000001,206,106,186,102,FALSE,NA,TRUE,NA,0.796809829483493,0.103662629483493,0.103662629483493,0.103662629483493,0.0107459407514321,0.490833577113068,1.1062488129285,1,1.07083419671682,0.154543496716819,0.154543496716819,0.154543496716819,0.0238836923774613,0.791111933626912,1.36290243903208,1,0.614546724216152,-0.301743975783848,0.301743975783848,0.301743975783848,0.0910494269218432,0.238264588046619,0.986783696731476,1,1.46843823248878,-0.031561767511225,0.031561767511225,0.031561767511225,0.000996145168432616,1.39685230028932,1.53545774308844,1,1.78937740730848,-0.0106225926915169,0.0106225926915169,0.0106225926915169,0.000112839475489868,1.75908925400155,1.84749347828142,1
40,"n600-b1_2-b2_2p5-b3_2p5",600,2,392,1,1,0.6931472,0.9162907,0.9162907,1.5,1.8,1,1.3,0.0866666666666667,199,101,190,110,FALSE,NA,TRUE,NA,0.622715515986901,-0.0704316840130986,0.0704316840130986,0.0704316840130986,0.00496062211292097,0.318158463241633,0.930235647746829,1,1.05210994308324,0.135819243083239,0.135819243083239,0.135819243083239,0.0184468667917041,0.780994732605515,1.32844072240414,1,0.825833853547954,-0.0904568464520455,0.0904568464520455,0.0904568464520455,0.00818244107004894,0.44940477999724,1.2044144165081,1,1.58959982109845,0.0895998210984537,0.0895998210984537,0.0895998210984537,0.0080281279408749,1.40939885125412,1.86540237428146,1,1.82792577457866,0.0279257745786581,0.0279257745786581,0.0279257745786581,0.000779848885818026,1.69346827373176,2.05668826530744,1
40,"n600-b1_2-b2_2p5-b3_2p5",600,3,393,1,1,0.6931472,0.9162907,0.9162907,1.5,1.8,1,1.3,0.0966666666666667,196,115,179,110,FALSE,NA,TRUE,NA,0.713473110766174,0.0203259107661738,0.0203259107661738,0.0203259107661738,0.000413142648474462,0.413890153428504,1.01833828849148,1,0.856044862731447,-0.0602458372685529,0.0602458372685529,0.0602458372685529,0.00362956090818896,0.584908924643201,1.13602545928174,1,0.900987021953263,-0.0153036780467369,0.0153036780467369,0.0153036780467369,0.000234202561758178,0.524609287434667,1.28291473926024,1,1.44930220125933,-0.0506977987406663,0.0506977987406663,0.0506977987406663,0.0025702667971491,1.35326117372838,1.57037825321824,1,1.73035250019415,-0.0696474998058507,0.0696474998058507,0.0696474998058507,0.00485077422920598,1.68156551511361,1.842476184241,1
40,"n600-b1_2-b2_2p5-b3_2p5",600,4,394,1,1,0.6931472,0.9162907,0.9162907,1.5,1.8,1,1.3,0.0883333333333334,196,104,199,101,FALSE,NA,TRUE,NA,0.322520431042441,-0.370626768957559,0.370626768957559,0.370626768957559,0.13736420186792,0.022235104375633,0.624702724149596,0,0.621143376028066,-0.295147323971934,0.295147323971934,0.295147323971934,0.0871119428477936,0.352169640915776,0.892616789718225,0,1.31821847697544,0.401927776975441,0.401927776975441,0.401927776975441,0.16154593790442,0.936285788300982,1.69989873880733,0,1.62366264827146,0.123662648271457,0.123662648271457,0.123662648271457,0.0152924505775102,1.4572390336468,1.81693888316162,1,1.86546512538802,0.0654651253880247,0.0654651253880247,0.0654651253880247,0.0042856826420698,1.67316827247212,2.06977947508223,1
40,"n600-b1_2-b2_2p5-b3_2p5",600,5,395,1,1,0.6931472,0.9162907,0.9162907,1.5,1.8,1,1.3,0.11,184,111,185,120,FALSE,NA,TRUE,NA,0.649725478097891,-0.0434217219021091,0.0434217219021091,0.0434217219021091,0.0018854459329441,0.352778842404093,0.945851159374862,1,0.987927442462678,0.0716367424626776,0.0716367424626776,0.0716367424626776,0.005131822870664,0.71900407086852,1.26091173976923,1,1.02945231704365,0.113161617043646,0.113161617043646,0.113161617043646,0.0128055515719328,0.654605513369808,1.41272569153786,1,1.6570409988191,0.157040998819099,0.157040998819099,0.157040998819099,0.0246618753101001,1.43873431420725,1.89308964676452,1,1.98562873699834,0.18562873699834,0.18562873699834,0.18562873699834,0.034458027999599,1.80970272341362,2.36393215015426,0
40,"n600-b1_2-b2_2p5-b3_2p5",600,6,396,1,1,0.6931472,0.9162907,0.9162907,1.5,1.8,1,1.3,0.0733333333333334,185,101,216,98,FALSE,NA,TRUE,NA,0.622422041878649,-0.0707251581213506,0.0707251581213506,0.0707251581213506,0.00500204799129005,0.309853569895147,0.937570699915517,1,1.05872562879067,0.142434928790672,0.142434928790672,0.142434928790672,0.0202877089396038,0.773219876389651,1.35291829460613,1,0.677767952790429,-0.238522747209571,0.238522747209571,0.238522747209571,0.0568931009364007,0.29232334156108,1.06584016503725,1,1.58637917061713,0.0863791706171253,0.0863791706171253,0.0863791706171253,0.00746136111650244,1.45166620264617,1.8179624753005,1,1.8289047808615,0.0289047808615035,0.0289047808615035,0.0289047808615035,0.000835486356651539,1.70513267357731,1.93243154612314,1
40,"n600-b1_2-b2_2p5-b3_2p5",600,7,397,1,1,0.6931472,0.9162907,0.9162907,1.5,1.8,1,1.3,0.095,195,94,218,93,FALSE,NA,TRUE,NA,0.795674872752957,0.102527672752957,0.102527672752957,0.102527672752957,0.0105119236801375,0.465375350831061,1.12924607026933,1,0.968591453765959,0.0523007537659586,0.0523007537659586,0.0523007537659586,0.00273536884448743,0.688034169576153,1.26064908886349,1,0.808038604850194,-0.108252095149806,0.108252095149806,0.108252095149806,0.0117185161043227,0.418395382838769,1.20283027650192,1,1.5758999674815,0.0758999674814973,0.0758999674814973,0.0758999674814973,0.00576080506369235,1.46966497257331,1.69573098862638,1,1.84304375222118,0.0430437522211826,0.0430437522211826,0.0430437522211826,0.00185276460527856,1.77245841688038,1.92822267616551,1
40,"n600-b1_2-b2_2p5-b3_2p5",600,8,398,1,1,0.6931472,0.9162907,0.9162907,1.5,1.8,1,1.3,0.07,199,101,207,93,FALSE,NA,TRUE,NA,0.794960288853136,0.101813088853136,0.101813088853136,0.101813088853136,0.0103659050618166,0.480707095284648,1.11594742677699,1,0.737453144247771,-0.178837555752229,0.178837555752229,0.178837555752229,0.0319828713474316,0.466079021326214,1.01698013949373,1,0.934817002051073,0.0185263020510731,0.0185263020510731,0.0185263020510731,0.000343223867687595,0.552910938443207,1.31768292670939,1,1.46293641116653,-0.0370635888334692,0.0370635888334692,0.0370635888334692,0.00137370961721646,1.4071239887995,1.51951971530298,1,1.81420020468905,0.0142002046890455,0.0142002046890455,0.0142002046890455,0.000201645813210789,1.766528746977,1.92048085756954,1
40,"n600-b1_2-b2_2p5-b3_2p5",600,9,399,1,1,0.6931472,0.9162907,0.9162907,1.5,1.8,1,1.3,0.0666666666666667,194,91,194,121,FALSE,NA,TRUE,NA,0.474597055022905,-0.218550144977095,0.218550144977095,0.218550144977095,0.0477641658695094,0.176892591011041,0.769162011346198,1,0.794452202759293,-0.121838497240707,0.121838497240707,0.121838497240707,0.0148446194098739,0.542993190465363,1.04976991270313,1,1.16863305545169,0.252342355451688,0.252342355451688,0.252342355451688,0.0636766643549062,0.800346018998414,1.54460661897011,1,1.51353746218483,0.0135374621848274,0.0135374621848274,0.0135374621848274,0.000183262882405633,1.46339871750394,1.63926980985951,1,1.7959473311049,-0.00405266889510369,0.00405266889510369,0.00405266889510369,1.6424125173341e-05,1.73088921857996,1.90745151625172,1
40,"n600-b1_2-b2_2p5-b3_2p5",600,10,400,1,1,0.6931472,0.9162907,0.9162907,1.5,1.8,1,1.3,0.0733333333333334,211,89,202,98,FALSE,NA,TRUE,NA,0.834915766036039,0.141768566036039,0.141768566036039,0.141768566036039,0.0200983263159147,0.510227405919885,1.15592203357812,1,0.895238994210848,-0.0210517057891516,0.0210517057891516,0.0210517057891516,0.000443174316632999,0.612990759230343,1.18632929900949,1,0.72298129258444,-0.19330940741556,0.19330940741556,0.19330940741556,0.037368526995355,0.334470980213736,1.11306833380129,1,1.58238816739078,0.0823881673907827,0.0823881673907827,0.0823881673907827,0.00678781012601163,1.43936420317839,1.75259519304016,1,1.91813604970542,0.118136049705417,0.118136049705417,0.118136049705417,0.0139561262400007,1.80461781056087,2.09055602724296,0
41,"n600-b1_2-b2_2p5-b3_2p5",600,1,401,1,1,0.6931472,0.9162907,0.9162907,1.5,1.8,1,1.3,0.0649999999999999,206,94,199,101,FALSE,NA,TRUE,NA,0.769338490194181,0.0761912901941812,0.0761912901941812,0.0761912901941812,0.00580511270145394,0.462196846866992,1.07583362821878,1,0.994478061757217,0.078187361757217,0.078187361757217,0.078187361757217,0.00611326353855391,0.722227803207702,1.27416203139842,1,0.675550911701347,-0.240739788298653,0.240739788298653,0.240739788298653,0.0579556456700804,0.30237077549396,1.04949410412574,1,1.50984323648381,0.00984323648381147,0.00984323648381147,0.00984323648381147,9.68893044762372e-05,1.43328242651564,1.59284788979996,1,1.8224333746435,0.0224333746434955,0.0224333746434955,0.0224333746434955,0.000503256297895426,1.71693844944618,1.95473890412727,1
41,"n600-b1_2-b2_2p5-b3_2p5",600,2,402,1,1,0.6931472,0.9162907,0.9162907,1.5,1.8,1,1.3,0.0783333333333334,201,101,186,112,FALSE,NA,TRUE,NA,1.05892020344602,0.365773003446025,0.365773003446025,0.365773003446025,0.133789890049926,0.749149654653553,1.3724221547772,0,1.06666967654131,0.15037897654131,0.15037897654131,0.15037897654131,0.022613836585612,0.797070952147401,1.3431765724766,1,0.722703615195466,-0.193587084804534,0.193587084804534,0.193587084804534,0.0374759594031177,0.341918603845732,1.11043689473512,1,1.50762002127886,0.00762002127886152,0.00762002127886152,0.00762002127886152,5.80647242903024e-05,1.44904220587836,1.63088448198772,1,1.80414298104149,0.00414298104149413,0.00414298104149413,0.00414298104149413,1.71642919101798e-05,1.74887629343318,1.91142390495697,1
41,"n600-b1_2-b2_2p5-b3_2p5",600,3,403,1,1,0.6931472,0.9162907,0.9162907,1.5,1.8,1,1.3,0.0733333333333334,231,103,172,94,FALSE,NA,TRUE,NA,0.981962336583182,0.288815136583182,0.288815136583182,0.288815136583182,0.083414183119562,0.645934627889958,1.32870553005386,1,1.19384631954302,0.277555619543015,0.277555619543015,0.277555619543015,0.0770371219399069,0.886369670625294,1.51369028339842,1,0.551668643885503,-0.364622056114497,0.364622056114497,0.364622056114497,0.132949243805164,0.14912798688295,0.951932215595318,1,1.33093931468995,-0.169060685310046,0.169060685310046,0.169060685310046,0.0285815153175026,1.1079370794582,1.47276637131439,0,1.65188178838926,-0.148118211610742,0.148118211610742,0.148118211610742,0.0219390046107647,1.51940120591639,1.77164712392707,0
41,"n600-b1_2-b2_2p5-b3_2p5",600,4,404,1,1,0.6931472,0.9162907,0.9162907,1.5,1.8,1,1.3,0.07,199,119,184,98,FALSE,NA,TRUE,NA,0.838956576219402,0.145809376219402,0.145809376219402,0.145809376219402,0.0212603741934911,0.536326269726521,1.14834314391895,1,1.04566513093714,0.129374430937143,0.129374430937143,0.129374430937143,0.0167377433803095,0.764860587699262,1.33458415911883,1,0.72424576253605,-0.19204493746395,0.19204493746395,0.19204493746395,0.0368812580055324,0.338533831262324,1.10447150893704,1,1.6241367636785,0.124136763678502,0.124136763678502,0.124136763678502,0.0154099360965723,1.32818849328928,1.82913966033071,1,2.06878972599061,0.268789725990607,0.268789725990607,0.268789725990607,0.0722479167981055,1.73287112855819,2.67049281097207,1
41,"n600-b1_2-b2_2p5-b3_2p5",600,5,405,1,1,0.6931472,0.9162907,0.9162907,1.5,1.8,1,1.3,0.0783333333333334,204,112,195,89,FALSE,NA,TRUE,NA,0.62800236159777,-0.0651448384022297,0.0651448384022297,0.0651448384022297,0.00424384997045263,0.322450562036204,0.938094467566032,1,1.01649730528461,0.100206605284608,0.100206605284608,0.100206605284608,0.0100413637426653,0.73062808870177,1.31004217492222,1,1.10523109319756,0.188940393197556,0.188940393197556,0.188940393197556,0.0356984721816472,0.715866830888308,1.48854796546019,1,1.53503670507198,0.0350367050719771,0.0350367050719771,0.0350367050719771,0.00122757070230071,1.49911897349471,1.60126516173123,1,1.85515389568271,0.0551538956827073,0.0551538956827073,0.0551538956827073,0.00304195220897896,1.81729543247338,1.93190153500111,0
41,"n600-b1_2-b2_2p5-b3_2p5",600,6,406,1,1,0.6931472,0.9162907,0.9162907,1.5,1.8,1,1.3,0.0833333333333334,191,99,204,106,FALSE,NA,TRUE,NA,0.650178003548056,-0.0429691964519441,0.0429691964519441,0.0429691964519441,0.00184635184372576,0.333223510622969,0.974984806148683,1,0.85999445154994,-0.0562962484500603,0.0562962484500603,0.0562962484500603,0.00316926758955092,0.58923645987864,1.13821408636774,1,0.831605185934929,-0.0846855140650707,0.0846855140650707,0.0846855140650707,0.00717163629246529,0.446498303414977,1.21702800988931,1,1.385681874007,-0.114318125992995,0.114318125992995,0.114318125992995,0.0130686339305503,1.20937168605253,1.51611244481914,1,1.63870473898255,-0.161295261017454,0.161295261017454,0.161295261017454,0.0260161612266887,1.50371912055029,1.80331543101064,1
41,"n600-b1_2-b2_2p5-b3_2p5",600,7,407,1,1,0.6931472,0.9162907,0.9162907,1.5,1.8,1,1.3,0.055,202,92,222,84,FALSE,NA,TRUE,NA,0.491048322834485,-0.202098877165515,0.202098877165515,0.202098877165515,0.0408439561515618,0.157345502064462,0.825261201752707,1,0.688335216358756,-0.227955483641244,0.227955483641244,0.227955483641244,0.0519637025221135,0.404255657077661,0.980482735003798,1,1.0165107858063,0.100220085806296,0.100220085806296,0.100220085806296,0.0100440655990214,0.62126316351533,1.41964972951678,1,1.48853466876771,-0.0114653312322894,0.0114653312322894,0.0114653312322894,0.000131453820266112,1.33871942587754,1.76945334669494,1,1.47793564973765,-0.322064350262349,0.322064350262349,0.322064350262349,0.103725445709909,1.40592959376347,1.67915884906268,0
41,"n600-b1_2-b2_2p5-b3_2p5",600,8,408,1,1,0.6931472,0.9162907,0.9162907,1.5,1.8,1,1.3,0.075,220,109,166,105,FALSE,NA,TRUE,NA,0.657175414109681,-0.035971785890319,0.035971785890319,0.035971785890319,0.00129396938013895,0.357344312413251,0.964282038644973,1,1.1319280643375,0.215637364337499,0.215637364337499,0.215637364337499,0.0464994728984232,0.843390970287954,1.42428934384935,1,0.824270960252575,-0.0920197397474247,0.0920197397474247,0.0920197397474247,0.00846763250318378,0.439090364133126,1.20477084237977,1,1.56517296436413,0.065172964364133,0.065172964364133,0.065172964364133,0.00424751528400855,1.4562784297299,1.71186154225212,1,1.83379473477739,0.0337947347773881,0.0337947347773881,0.0337947347773881,0.00114208409867401,1.765538522435,1.92645735492614,1
41,"n600-b1_2-b2_2p5-b3_2p5",600,9,409,1,1,0.6931472,0.9162907,0.9162907,1.5,1.8,1,1.3,0.0866666666666667,180,105,205,110,FALSE,NA,TRUE,NA,0.705870411415801,0.0127232114158011,0.0127232114158011,0.0127232114158011,0.000161880108731172,0.402911112841136,1.01442177479894,1,1.00526686323649,0.0889761632364918,0.0889761632364918,0.0889761632364918,0.00791675762428684,0.737142171665251,1.27985225086568,1,0.877706612206077,-0.0385840877939232,0.0385840877939232,0.0385840877939232,0.00148873183088917,0.494175109373196,1.25056776771519,1,1.50802969958949,0.0080296995894904,0.0080296995894904,0.0080296995894904,6.44760754974623e-05,1.47850364772842,1.56770787555668,1,1.80616756124148,0.00616756124147688,0.00616756124147688,0.00616756124147688,3.80388116673679e-05,1.74140003866059,1.88053401131431,1
41,"n600-b1_2-b2_2p5-b3_2p5",600,10,410,1,1,0.6931472,0.9162907,0.9162907,1.5,1.8,1,1.3,0.0716666666666667,200,98,190,112,FALSE,NA,TRUE,NA,0.753093333791037,0.0599461337910374,0.0599461337910374,0.0599461337910374,0.00359353895649296,0.448902594444957,1.04983056407013,1,1.00866105702857,0.0923703570285659,0.0923703570285659,0.0923703570285659,0.00853228285758473,0.736302757994363,1.28828421434744,1,0.917350808874383,0.00106010887438346,0.00106010887438346,0.00106010887438346,1.12383082554656e-06,0.543154928454657,1.29792315191435,1,1.61973526610317,0.11973526610317,0.11973526610317,0.11973526610317,0.0143365339487968,1.46614930658764,1.81592148645311,1,1.75120792415092,-0.0487920758490779,0.0487920758490779,0.0487920758490779,0.00238066666566217,1.63878571007463,1.91674749798469,1
42,"n600-b1_2-b2_2p5-b3_2p5",600,1,411,1,1,0.6931472,0.9162907,0.9162907,1.5,1.8,1,1.3,0.095,188,111,207,94,FALSE,NA,TRUE,NA,0.787166402407557,0.0940192024075568,0.0940192024075568,0.0940192024075568,0.00883961042135313,0.473454732543471,1.10298643549292,1,0.87850850536493,-0.0377821946350703,0.0377821946350703,0.0377821946350703,0.00142749423144233,0.584135429140975,1.18347886229573,1,0.784797444248614,-0.131493255751386,0.131493255751386,0.131493255751386,0.0172904763080995,0.395920798547672,1.17456729297747,1,1.52443459754439,0.0244345975443856,0.0244345975443856,0.0244345975443856,0.000597049557156094,1.34189426386943,1.90829657641527,1,1.85150874876516,0.0515087487651569,0.0515087487651569,0.0515087487651569,0.00265315119935205,1.77178211501206,2.06494800354206,1
42,"n600-b1_2-b2_2p5-b3_2p5",600,2,412,1,1,0.6931472,0.9162907,0.9162907,1.5,1.8,1,1.3,0.075,205,97,192,106,FALSE,NA,TRUE,NA,0.588778080384774,-0.104369119615226,0.104369119615226,0.104369119615226,0.0108929131292573,0.276726772564381,0.900424684525494,1,0.938713368629395,0.0224226686293953,0.0224226686293953,0.0224226686293953,0.00050277606846367,0.664335770160151,1.2200179556279,1,1.00242391645969,0.0861332164596855,0.0861332164596855,0.0861332164596855,0.00741893097769104,0.619023216852987,1.38423736647862,1,1.48550056006912,-0.01449943993088,0.01449943993088,0.01449943993088,0.000210233758309197,1.42840588177118,1.54004147788392,1,1.79660737148757,-0.00339262851243327,0.00339262851243327,0.00339262851243327,1.15099282233752e-05,1.73200694732984,1.858339134449,1
42,"n600-b1_2-b2_2p5-b3_2p5",600,3,413,1,1,0.6931472,0.9162907,0.9162907,1.5,1.8,1,1.3,0.0633333333333334,194,114,201,91,FALSE,NA,TRUE,NA,0.86956053959884,0.17641333959884,0.17641333959884,0.17641333959884,0.0311216663884157,0.558960937249886,1.18675692544347,1,1.1120024780767,0.195711778076704,0.195711778076704,0.195711778076704,0.0383031000779451,0.822349304278609,1.41506433832782,1,0.8108258110941,-0.1054648889059,0.1054648889059,0.1054648889059,0.0111228427919338,0.422797896140054,1.19645776602129,1,1.50171526756614,0.00171526756614226,0.00171526756614226,0.00171526756614226,2.94214282345961e-06,1.39540495853953,1.68714924974735,1,1.78413556691144,-0.015864433088558,0.015864433088558,0.015864433088558,0.000251680237221334,1.65681780840834,1.96606472107685,1
42,"n600-b1_2-b2_2p5-b3_2p5",600,4,414,1,1,0.6931472,0.9162907,0.9162907,1.5,1.8,1,1.3,0.0583333333333333,223,87,203,87,FALSE,NA,TRUE,NA,0.761242697917783,0.0680954979177832,0.0680954979177832,0.0680954979177832,0.00463699683667082,0.442294061258055,1.09012238792144,1,0.919906600925885,0.00361590092588515,0.00361590092588515,0.00361590092588515,1.30747395058171e-05,0.6363309569259,1.21765931187325,1,1.06094925804008,0.144658558040077,0.144658558040077,0.144658558040077,0.0209260984142342,0.669377221425837,1.45442698210396,1,1.52618451978923,0.0261845197892319,0.0261845197892319,0.0261845197892319,0.000685629076592675,1.46806165320766,1.62248248852728,1,1.82684068913289,0.0268406891328934,0.0268406891328934,0.0268406891328934,0.000720422593128621,1.75333553469941,1.98197443520982,1
42,"n600-b1_2-b2_2p5-b3_2p5",600,5,415,1,1,0.6931472,0.9162907,0.9162907,1.5,1.8,1,1.3,0.0766666666666667,185,104,216,95,FALSE,NA,TRUE,NA,0.450306425892633,-0.242840774107367,0.242840774107367,0.242840774107367,0.0589716415690653,0.146622365902929,0.758935203484777,1,0.871793783779704,-0.0444969162202965,0.0444969162202965,0.0444969162202965,0.00197997555311609,0.60104245578582,1.14911471788743,1,1.03735097079119,0.121060270791188,0.121060270791188,0.121060270791188,0.0146555891640358,0.65387758866122,1.41499117103035,1,1.48118156880989,-0.0188184311901074,0.0188184311901074,0.0188184311901074,0.000354133352456807,1.4156010544396,1.58353179886009,1,1.79893209245639,-0.00106790754360642,0.00106790754360642,0.00106790754360642,1.14042652169149e-06,1.72609024797908,1.99027255890739,1
42,"n600-b1_2-b2_2p5-b3_2p5",600,6,416,1,1,0.6931472,0.9162907,0.9162907,1.5,1.8,1,1.3,0.0649999999999999,205,99,211,85,FALSE,NA,TRUE,NA,0.900510311977934,0.207363111977934,0.207363111977934,0.207363111977934,0.0429994602091731,0.566851224567836,1.24257875875934,1,1.22848487847848,0.312194178478482,0.312194178478482,0.312194178478482,0.097465205075854,0.918409748485242,1.54948193388745,0,0.576119497730426,-0.340171202269574,0.340171202269574,0.340171202269574,0.115716446853527,0.174686359633516,0.971797345101853,1,1.40098446695851,-0.0990155330414866,0.0990155330414866,0.0990155330414866,0.00980407578348972,1.28130728875297,1.61359660310963,1,1.74214801914065,-0.0578519808593501,0.0578519808593501,0.0578519808593501,0.00334685168935061,1.62460806982835,1.95513722412207,1
42,"n600-b1_2-b2_2p5-b3_2p5",600,7,417,1,1,0.6931472,0.9162907,0.9162907,1.5,1.8,1,1.3,0.0733333333333334,198,131,175,96,FALSE,NA,TRUE,NA,1.01481177907954,0.32166457907954,0.32166457907954,0.32166457907954,0.103468101434418,0.715002971065783,1.31810616259341,0,0.892707733671645,-0.0235829663283548,0.0235829663283548,0.0235829663283548,0.000556156300844315,0.602058203746605,1.18203583185905,1,0.890785498996899,-0.0255052010031007,0.0255052010031007,0.0255052010031007,0.00065051527820857,0.510125547613639,1.27177816798669,1,1.43606576724845,-0.06393423275155,0.06393423275155,0.06393423275155,0.00408758611752936,1.40259467986344,1.48135546514002,0,1.78907405644779,-0.0109259435522133,0.0109259435522133,0.0109259435522133,0.000119376242506152,1.753191234527,1.85706130265657,1
42,"n600-b1_2-b2_2p5-b3_2p5",600,8,418,1,1,0.6931472,0.9162907,0.9162907,1.5,1.8,1,1.3,0.0633333333333334,199,100,199,102,FALSE,NA,TRUE,NA,0.624300801628178,-0.0688463983718223,0.0688463983718223,0.0688463983718223,0.00473982656877165,0.320158575695571,0.928775099556431,1,0.825146544935297,-0.0911441550647026,0.0911441550647026,0.0911441550647026,0.00830725700245856,0.563417545063178,1.09631439151217,1,1.00850177744788,0.0922110774478813,0.0922110774478813,0.0922110774478813,0.00850288280409916,0.628456395598224,1.38281245542297,1,1.51017383153094,0.0101738315309381,0.0101738315309381,0.0101738315309381,0.00010350684801991,1.38206349547064,1.7869486590539,1,1.81600252033589,0.0160025203358853,0.0160025203358853,0.0160025203358853,0.000256080657100424,1.71964555774592,1.98733348289827,1
42,"n600-b1_2-b2_2p5-b3_2p5",600,9,419,1,1,0.6931472,0.9162907,0.9162907,1.5,1.8,1,1.3,0.0816666666666667,217,104,183,96,FALSE,NA,TRUE,NA,0.519534828575392,-0.173612371424608,0.173612371424608,0.173612371424608,0.0301412555116761,0.206658780834632,0.837668223358239,1,0.826270736340938,-0.0900199636590616,0.0900199636590616,0.0900199636590616,0.00810359385717878,0.531582432380738,1.12632370794904,1,1.1569343007079,0.240643600707904,0.240643600707904,0.240643600707904,0.0579093425616654,0.76430203530501,1.54607187820143,1,1.4975410742708,-0.0024589257292047,0.0024589257292047,0.0024589257292047,6.04631574174485e-06,1.45235566090884,1.63889052910806,1,1.7597581103379,-0.040241889662104,0.040241889662104,0.040241889662104,0.00161940968357695,1.67552849814583,1.85791357274531,1
42,"n600-b1_2-b2_2p5-b3_2p5",600,10,420,1,1,0.6931472,0.9162907,0.9162907,1.5,1.8,1,1.3,0.0866666666666667,200,92,204,104,FALSE,NA,TRUE,NA,0.724972748073655,0.0318255480736548,0.0318255480736548,0.0318255480736548,0.00101286551018851,0.401570575961994,1.03969905316464,1,1.02141404874401,0.105123348744014,0.105123348744014,0.105123348744014,0.0110509184511556,0.741661566011812,1.30070399914548,1,0.883317718434196,-0.0329729815658043,0.0329729815658043,0.0329729815658043,0.00108721751333887,0.497576139336116,1.26210459495363,1,1.5454277080445,0.0454277080444982,0.0454277080444982,0.0454277080444982,0.00206367665817617,1.42288778121287,1.71142998881865,1,1.89861188128979,0.0986118812897876,0.0986118812897876,0.0986118812897876,0.00972430313151116,1.77271103046142,2.17288925522187,1
43,"n600-b1_2-b2_2p5-b3_2p5",600,1,421,1,1,0.6931472,0.9162907,0.9162907,1.5,1.8,1,1.3,0.0766666666666667,192,99,207,102,FALSE,NA,TRUE,NA,0.839936340121512,0.146789140121512,0.146789140121512,0.146789140121512,0.021547051657613,0.527422574794461,1.15895908481868,1,1.1729730966456,0.256682396645599,0.256682396645599,0.256682396645599,0.0658858527477284,0.891691210695522,1.45921541365319,1,0.908703768132622,-0.00758693186737769,0.00758693186737769,0.00758693186737769,5.75615351602311e-05,0.521969437371523,1.29808615212387,1,1.53195654919413,0.0319565491941349,0.0319565491941349,0.0319565491941349,0.00102122103639717,1.4732727418994,1.61019285821639,1,1.76100690844107,-0.0389930915589265,0.0389930915589265,0.0389930915589265,0.00152046118932282,1.66798546107201,1.87218775035756,1
43,"n600-b1_2-b2_2p5-b3_2p5",600,2,422,1,1,0.6931472,0.9162907,0.9162907,1.5,1.8,1,1.3,0.0683333333333334,195,106,207,92,FALSE,NA,TRUE,NA,0.86469791009541,0.17155071009541,0.17155071009541,0.17155071009541,0.0294296461342396,0.542540645597982,1.19129021851177,1,1.08138621043064,0.165095510430636,0.165095510430636,0.165095510430636,0.0272565275643522,0.786644453247113,1.38621015207382,1,0.670804450928759,-0.245486249071242,0.245486249071242,0.245486249071242,0.0602634984830676,0.277695111707435,1.05785217401542,1,1.50973434853354,0.00973434853354127,0.00973434853354127,0.00973434853354127,9.47575413724571e-05,1.29168372216167,1.7078722706032,1,1.80524334363318,0.00524334363317891,0.00524334363317891,0.00524334363317891,2.74926524555978e-05,1.71033126947433,1.91299182693657,1
43,"n600-b1_2-b2_2p5-b3_2p5",600,3,423,1,1,0.6931472,0.9162907,0.9162907,1.5,1.8,1,1.3,0.0683333333333334,196,123,174,107,FALSE,NA,TRUE,NA,0.669026003561691,-0.0241211964383093,0.0241211964383093,0.0241211964383093,0.000581832117615507,0.379643003651671,0.965480953601104,1,0.765989184525117,-0.150301515474883,0.150301515474883,0.150301515474883,0.0225905455540465,0.4844675520883,1.05453439063744,1,0.890682797324767,-0.0256079026752332,0.0256079026752332,0.0256079026752332,0.000655764679424214,0.509519295801425,1.2565516237215,1,1.58585035143605,0.0858503514360465,0.0858503514360465,0.0858503514360465,0.00737028284169269,1.34123677250479,1.98344641268667,1,1.7461525563923,-0.0538474436076986,0.0538474436076986,0.0538474436076986,0.00289954718308428,1.36676414187747,2.03738698136402,1
43,"n600-b1_2-b2_2p5-b3_2p5",600,4,424,1,1,0.6931472,0.9162907,0.9162907,1.5,1.8,1,1.3,0.0583333333333333,198,92,199,111,FALSE,NA,TRUE,NA,0.828539547402404,0.135392347402404,0.135392347402404,0.135392347402404,0.0183310877351334,0.521475861060238,1.13683942328922,1,1.01366775605575,0.097377056055749,0.097377056055749,0.097377056055749,0.00948229104608448,0.748514265191452,1.28686329178048,1,0.683025347114832,-0.233265352885168,0.233265352885168,0.233265352885168,0.0544127248566421,0.306194847360971,1.05737922772794,1,1.4905305603363,-0.00946943966369629,0.00946943966369629,0.00946943966369629,8.96702875443845e-05,1.40344912350368,1.61967624578711,1,1.76748136212039,-0.0325186378796145,0.0325186378796145,0.0325186378796145,0.0010574618095455,1.70048209159598,1.91966705345064,1
43,"n600-b1_2-b2_2p5-b3_2p5",600,5,425,1,1,0.6931472,0.9162907,0.9162907,1.5,1.8,1,1.3,0.0716666666666667,223,102,178,97,FALSE,NA,TRUE,NA,0.821484980677329,0.128337780677329,0.128337780677329,0.128337780677329,0.0164705859491823,0.507181322650014,1.13992499830503,1,1.1340545842847,0.217763884284702,0.217763884284702,0.217763884284702,0.0474211092987612,0.843676740365175,1.44140505943745,1,0.942024037925388,0.0257333379253882,0.0257333379253882,0.0257333379253882,0.000662204680782224,0.549492073203954,1.33444928209042,1,1.55732633047409,0.0573263304740932,0.0573263304740932,0.0573263304740932,0.00328630816562495,1.4448699660882,1.90401213424775,1,1.8081610742377,0.00816107423770096,0.00816107423770096,0.00816107423770096,6.66031327132663e-05,1.63377586138886,2.20073778963305,1
43,"n600-b1_2-b2_2p5-b3_2p5",600,6,426,1,1,0.6931472,0.9162907,0.9162907,1.5,1.8,1,1.3,0.0833333333333334,203,94,200,103,FALSE,NA,TRUE,NA,0.709877415315804,0.0167302153158042,0.0167302153158042,0.0167302153158042,0.00027990010451317,0.39674469381632,1.02788451289334,1,0.962796408204825,0.0465057082048254,0.0465057082048254,0.0465057082048254,0.00216278089563236,0.679410392719918,1.25328440403994,1,0.875809279578509,-0.0404814204214914,0.0404814204214914,0.0404814204214914,0.00163874539934154,0.488921424777458,1.263248506857,1,1.58162023380698,0.0816202338069831,0.0816202338069831,0.0816202338069831,0.00666186256670659,1.46185882449399,1.83266441113561,1,1.95547710811072,0.155477108110715,0.155477108110715,0.155477108110715,0.024173131146471,1.77125262970528,2.32511483751916,1
43,"n600-b1_2-b2_2p5-b3_2p5",600,7,427,1,1,0.6931472,0.9162907,0.9162907,1.5,1.8,1,1.3,0.103333333333333,200,90,200,110,FALSE,NA,TRUE,NA,0.912788542666947,0.219641342666947,0.219641342666947,0.219641342666947,0.0482423194085391,0.589288035690267,1.24280919379497,1,1.11049931459355,0.194208614593549,0.194208614593549,0.194208614593549,0.0377169859823457,0.823436555983279,1.40607186940724,1,0.680738861489845,-0.235551838510155,0.235551838510155,0.235551838510155,0.0554846686255141,0.28455200819331,1.0745940096492,1,1.51127315492137,0.0112731549213734,0.0112731549213734,0.0112731549213734,0.000127084021881285,1.38030290812014,1.60422785855181,1,1.81730326208117,0.0173032620811682,0.0173032620811682,0.0173032620811682,0.000299402878649592,1.72228715506028,1.92916903358803,1
43,"n600-b1_2-b2_2p5-b3_2p5",600,8,428,1,1,0.6931472,0.9162907,0.9162907,1.5,1.8,1,1.3,0.07,194,80,237,89,FALSE,NA,TRUE,NA,0.316122982529801,-0.377024217470199,0.377024217470199,0.377024217470199,0.142147260559016,-0.0218513828301085,0.64892032124355,0,0.784988497568161,-0.131302202431839,0.131302202431839,0.131302202431839,0.0172402683634517,0.509592740081352,1.06974416136159,1,1.43212153128749,0.515830831287488,0.515830831287488,0.515830831287488,0.266081446506741,1.02012406713597,1.83905555960194,0,1.47644670807072,-0.0235532919292796,0.0235532919292796,0.0235532919292796,0.000554757560705866,1.43502165367917,1.59122237696586,1,1.71624205334585,-0.0837579466541496,0.0837579466541496,0.0837579466541496,0.00701539362771937,1.6704623903469,1.81964264059108,1
43,"n600-b1_2-b2_2p5-b3_2p5",600,9,429,1,1,0.6931472,0.9162907,0.9162907,1.5,1.8,1,1.3,0.0533333333333333,204,102,193,101,FALSE,NA,TRUE,NA,0.721737879684624,0.0285906796846244,0.0285906796846244,0.0285906796846244,0.000817426964828792,0.422381999001556,1.02203936881262,1,0.925141295931233,0.0088505959312325,0.0088505959312325,0.0088505959312325,7.83330483379492e-05,0.652127360048778,1.20725650870768,1,0.893397312499905,-0.0228933875000953,0.0228933875000953,0.0228933875000953,0.000524107191229519,0.513162020446494,1.27421961551625,1,1.42744197515648,-0.0725580248435203,0.0725580248435203,0.0725580248435203,0.0052646669691929,1.28411195885119,1.61860785754678,1,1.85589789571885,0.0558978957188476,0.0558978957188476,0.0558978957188476,0.00312457474579516,1.73429686094624,2.07624282848872,1
43,"n600-b1_2-b2_2p5-b3_2p5",600,10,430,1,1,0.6931472,0.9162907,0.9162907,1.5,1.8,1,1.3,0.0733333333333334,189,96,227,88,FALSE,NA,TRUE,NA,0.544889249959945,-0.148257950040055,0.148257950040055,0.148257950040055,0.0219804197500793,0.232131087198261,0.864492397518187,1,0.93308729370667,0.0167965937066696,0.0167965937066696,0.0167965937066696,0.000282125560146934,0.652361566878565,1.2202770506194,1,1.22059033927277,0.304299639272769,0.304299639272769,0.304299639272769,0.0925982704615375,0.829900622325064,1.60954698802718,1,1.55872668281203,0.0587266828120305,0.0587266828120305,0.0587266828120305,0.00344882327410484,1.49192396669932,1.63642176546564,1,1.87092695449967,0.070926954499668,0.070926954499668,0.070926954499668,0.00503063287459798,1.75344851821334,2.00109643017884,1
44,"n600-b1_2-b2_2p5-b3_2p5",600,1,431,1,1,0.6931472,0.9162907,0.9162907,1.5,1.8,1,1.3,0.08,212,100,191,97,FALSE,NA,TRUE,NA,0.551586753254505,-0.141560446745495,0.141560446745495,0.141560446745495,0.020039360082784,0.235597549525823,0.875392532874103,1,0.82678679958597,-0.0895039004140297,0.0895039004140297,0.0895039004140297,0.00801094818932454,0.543942770302931,1.1228827727451,1,0.969993985548293,0.0537032855482931,0.0537032855482931,0.0537032855482931,0.0028840428786815,0.579750027645771,1.35949388987304,1,1.54413373483065,0.0441337348306452,0.0441337348306452,0.0441337348306452,0.00194778655010171,1.47014034777263,1.68200868807986,1,1.81710773105234,0.0171077310523375,0.0171077310523375,0.0171077310523375,0.000292674461759114,1.7547615203152,1.96413533253629,1
44,"n600-b1_2-b2_2p5-b3_2p5",600,2,432,1,1,0.6931472,0.9162907,0.9162907,1.5,1.8,1,1.3,0.0766666666666667,214,94,199,93,FALSE,NA,TRUE,NA,0.970326522031925,0.277179322031925,0.277179322031925,0.277179322031925,0.0768283765620778,0.637935043198352,1.30213272126195,1,1.18372140761452,0.267430707614521,0.267430707614521,0.267430707614521,0.0715191833752036,0.882283508147535,1.49772257690838,1,0.626560372543106,-0.289730327456894,0.289730327456894,0.289730327456894,0.0839436626482791,0.222381511191715,1.01901660614324,1,1.61948657720185,0.11948657720185,0.11948657720185,0.11948657720185,0.0142770421314136,1.56973487964455,1.66050412899026,0,1.85529527643698,0.055295276436977,0.055295276436977,0.055295276436977,0.0030575675962417,1.76609364858086,1.90626887820715,1
44,"n600-b1_2-b2_2p5-b3_2p5",600,3,433,1,1,0.6931472,0.9162907,0.9162907,1.5,1.8,1,1.3,0.08,233,90,171,106,FALSE,NA,TRUE,NA,0.573729213256094,-0.119417986743906,0.119417986743906,0.119417986743906,0.0142606555579676,0.25787770356522,0.88906600278707,1,0.851468389609694,-0.0648223103903057,0.0648223103903057,0.0648223103903057,0.00420193192433714,0.575371066235161,1.13574379485268,1,0.942421704790168,0.0261310047901679,0.0261310047901679,0.0261310047901679,0.00068282941134378,0.558755745321498,1.32834534899601,1,1.49568874073693,-0.00431125926306741,0.00431125926306741,0.00431125926306741,1.85869564333846e-05,1.43779857472315,1.57447732788568,1,1.80845912649286,0.0084591264928553,0.0084591264928553,0.0084591264928553,7.15568210221263e-05,1.67658198995585,2.02548621876885,1
44,"n600-b1_2-b2_2p5-b3_2p5",600,4,434,1,1,0.6931472,0.9162907,0.9162907,1.5,1.8,1,1.3,0.0716666666666667,209,98,188,105,FALSE,NA,TRUE,NA,0.665209969256805,-0.0279372307431947,0.0279372307431947,0.0279372307431947,0.0007804888615985,0.356267792249859,0.968147055350774,1,0.844070552628609,-0.0722201473713907,0.0722201473713907,0.0722201473713907,0.00521574968634539,0.578705166481952,1.11929736897154,1,0.972100885973372,0.0558101859733722,0.0558101859733722,0.0558101859733722,0.00311477685838239,0.59337792365961,1.35875874002877,1,1.40923082888133,-0.0907691711186653,0.0907691711186653,0.0907691711186653,0.00823904242556955,1.14012759543674,1.76795915827524,1,1.88586967499667,0.0858696749966654,0.0858696749966654,0.0858696749966654,0.00737360108403295,1.63956335209543,2.31991555273721,1
44,"n600-b1_2-b2_2p5-b3_2p5",600,5,435,1,1,0.6931472,0.9162907,0.9162907,1.5,1.8,1,1.3,0.08,194,108,207,91,FALSE,NA,TRUE,NA,0.763791999167761,0.0706447991677608,0.0706447991677608,0.0706447991677608,0.00499068764945325,0.453664800743649,1.07250036035493,1,0.908208714155839,-0.00808198584416087,0.00808198584416087,0.00808198584416087,6.53184951852166e-05,0.623058193396303,1.19895800203368,1,0.899913362095294,-0.0163773379047063,0.0163773379047063,0.0163773379047063,0.00026821719684493,0.518093775395089,1.27985598417064,1,1.5714344108083,0.0714344108083005,0.0714344108083005,0.0714344108083005,0.00510287504752904,1.4675902022662,1.67150950128105,1,1.90665038717487,0.106650387174874,0.106650387174874,0.106650387174874,0.0113743050845504,1.64229786117587,2.15886084752502,1
44,"n600-b1_2-b2_2p5-b3_2p5",600,6,436,1,1,0.6931472,0.9162907,0.9162907,1.5,1.8,1,1.3,0.0866666666666667,209,77,210,104,FALSE,NA,TRUE,NA,0.562334766002683,-0.130812433997317,0.130812433997317,0.130812433997317,0.0171118928883023,0.227367869891712,0.896683097158061,1,0.901510434273631,-0.0147802657263694,0.0147802657263694,0.0147802657263694,0.000218456254942089,0.634924613678516,1.17183833483175,1,1.05662384499351,0.140333144993513,0.140333144993513,0.140333144993513,0.0196933915837703,0.657733027125667,1.4545398493873,1,1.46478415048892,-0.035215849511077,0.035215849511077,0.035215849511077,0.00124015605678682,1.34671100689814,1.5938659776662,1,1.81489869347291,0.0148986934729065,0.0148986934729065,0.0148986934729065,0.000221971067199627,1.58142818883823,2.07350796479395,1
44,"n600-b1_2-b2_2p5-b3_2p5",600,7,437,1,1,0.6931472,0.9162907,0.9162907,1.5,1.8,1,1.3,0.0666666666666667,222,93,196,89,FALSE,NA,TRUE,NA,0.904316649788008,0.211169449788008,0.211169449788008,0.211169449788008,0.0445925365237699,0.582465885372883,1.22615886743607,1,0.917360571019652,0.00106987101965217,0.00106987101965217,0.00106987101965217,1.14462399869157e-06,0.629594819906058,1.21836693300915,1,0.792024048451714,-0.124266651548286,0.124266651548286,0.124266651548286,0.0154422006870232,0.400154663925027,1.18234157246991,1,1.46290747800306,-0.03709252199694,0.03709252199694,0.03709252199694,0.00137585518809348,1.36254108891886,1.62799891974499,1,1.70541729007503,-0.0945827099249661,0.0945827099249661,0.0945827099249661,0.00894588901675028,1.60881056295507,1.84790474939268,1
44,"n600-b1_2-b2_2p5-b3_2p5",600,8,438,1,1,0.6931472,0.9162907,0.9162907,1.5,1.8,1,1.3,0.08,192,93,214,101,FALSE,NA,TRUE,NA,0.674027289827613,-0.0191199101723868,0.0191199101723868,0.0191199101723868,0.00036557096500014,0.35348672104375,1.00444436904506,1,0.858385036138132,-0.057905663861868,0.057905663861868,0.057905663861868,0.00335306590728365,0.586931955865569,1.14057015062907,1,1.08674400317055,0.170453303170546,0.170453303170546,0.170453303170546,0.0290543285617501,0.693332072471291,1.47550223225005,1,1.48526541994807,-0.0147345800519292,0.0147345800519292,0.0147345800519292,0.000217107849306709,1.42116046328629,1.54270973271354,1,1.76815037864349,-0.0318496213565087,0.0318496213565087,0.0318496213565087,0.00101439838055298,1.68550558378657,1.85370450961879,1
44,"n600-b1_2-b2_2p5-b3_2p5",600,9,439,1,1,0.6931472,0.9162907,0.9162907,1.5,1.8,1,1.3,0.0649999999999999,207,102,200,91,FALSE,NA,TRUE,NA,0.693508569247618,0.000361369247617982,0.000361369247617982,0.000361369247617982,1.30587733123986e-07,0.370028576478388,1.02009590429804,1,1.04420860349929,0.127917903499291,0.127917903499291,0.127917903499291,0.0163629900356539,0.760018724401,1.33921337864398,1,1.10916521174361,0.192874511743613,0.192874511743613,0.192874511743613,0.037200577280337,0.712778310253703,1.5064175144378,1,1.49209924694465,-0.00790075305534743,0.00790075305534743,0.00790075305534743,6.24218988415818e-05,1.46140755677762,1.53129347246418,1,1.81634700933774,0.0163470093377416,0.0163470093377416,0.0163470093377416,0.00026722471428821,1.73591830956253,1.92116349387386,1
44,"n600-b1_2-b2_2p5-b3_2p5",600,10,440,1,1,0.6931472,0.9162907,0.9162907,1.5,1.8,1,1.3,0.0483333333333333,191,119,198,92,FALSE,NA,TRUE,NA,0.596548163413675,-0.0965990365863254,0.0965990365863254,0.0965990365863254,0.00933137386940623,0.301304967324207,0.891536623520801,1,0.773189028931369,-0.143101671068631,0.143101671068631,0.143101671068631,0.0204780882626347,0.504336394799774,1.04653745087256,1,1.19821848597648,0.281927785976475,0.281927785976475,0.281927785976475,0.0794832765055974,0.819124972259298,1.57287827400176,1,1.55312290971037,0.0531229097103676,0.0531229097103676,0.0531229097103676,0.00282204353609587,1.41974514921009,1.6979891504198,1,1.8689357641897,0.0689357641897035,0.0689357641897035,0.0689357641897035,0.00475213958441841,1.77278738771535,2.0774944703859,1
45,"n600-b1_2-b2_2p5-b3_2p5",600,1,441,1,1,0.6931472,0.9162907,0.9162907,1.5,1.8,1,1.3,0.0583333333333333,180,98,228,94,FALSE,NA,TRUE,NA,0.785489081690741,0.0923418816907415,0.0923418816907415,0.0923418816907415,0.00852702311418691,0.469557303061584,1.10758279449701,1,0.912677981696752,-0.00361271830324816,0.00361271830324816,0.00361271830324816,1.30517335386243e-05,0.635551623092389,1.19608624755725,1,0.977562066244498,0.0612713662444979,0.0612713662444979,0.0612713662444979,0.0037541803214674,0.589684397645204,1.36317116748148,1,1.33490288891445,-0.165097111085547,0.165097111085547,0.165097111085547,0.0272570560887936,1.29655834471917,1.43927618030228,0,1.66011091791517,-0.139889082084835,0.139889082084835,0.139889082084835,0.0195689552865377,1.55531796486058,1.84872162051739,1
45,"n600-b1_2-b2_2p5-b3_2p5",600,2,442,1,1,0.6931472,0.9162907,0.9162907,1.5,1.8,1,1.3,0.0666666666666667,203,106,198,93,FALSE,NA,TRUE,NA,0.667256380476228,-0.0258908195237715,0.0258908195237715,0.0258908195237715,0.000670334535612506,0.356134008948449,0.986327197521456,1,0.85169273399724,-0.0645979660027604,0.0645979660027604,0.0645979660027604,0.00417289721169378,0.56860543562837,1.14110335258475,1,1.05470722567821,0.138416525678206,0.138416525678206,0.138416525678206,0.0191591345808254,0.668159189845366,1.44476669407532,1,1.50733957026799,0.00733957026798571,0.00733957026798571,0.00733957026798571,5.38692917186998e-05,1.38258770960493,1.68323078410319,1,1.8062519666931,0.0062519666930958,0.0062519666930958,0.0062519666930958,3.90870875315792e-05,1.72434001516637,1.91466410299263,1
45,"n600-b1_2-b2_2p5-b3_2p5",600,3,443,1,1,0.6931472,0.9162907,0.9162907,1.5,1.8,1,1.3,0.0716666666666667,205,119,183,93,FALSE,NA,TRUE,NA,0.538597804299214,-0.154549395700786,0.154549395700786,0.154549395700786,0.023885515711478,0.244277491794747,0.842887655175475,1,0.80590811821556,-0.11038258178444,0.11038258178444,0.11038258178444,0.0121843143613985,0.529997118799268,1.09277796288514,1,1.30688449810766,0.390593798107656,0.390593798107656,0.390593798107656,0.152563515120164,0.914031775754536,1.68506289508952,1,1.55181964257634,0.0518196425763418,0.0518196425763418,0.0518196425763418,0.00268527535673981,1.48400425027227,1.75638321047268,1,1.83082104070599,0.0308210407059888,0.0308210407059888,0.0308210407059888,0.000949936550200218,1.78235248624722,2.09775028656279,1
45,"n600-b1_2-b2_2p5-b3_2p5",600,4,444,1,1,0.6931472,0.9162907,0.9162907,1.5,1.8,1,1.3,0.07,203,99,198,100,FALSE,NA,TRUE,NA,0.652528773581763,-0.0406184264182373,0.0406184264182373,0.0406184264182373,0.00164985656469376,0.34910766998353,0.96507199057557,1,0.974662517827354,0.0583718178273541,0.0583718178273541,0.0583718178273541,0.00340726911646982,0.700697046776868,1.25943093676166,1,0.760178027182566,-0.156112672817434,0.156112672817434,0.156112672817434,0.0243711666142032,0.378603663349217,1.1362786193643,1,1.48801416557008,-0.0119858344299191,0.0119858344299191,0.0119858344299191,0.000143660226981433,1.44997494587921,1.53372520145467,1,1.82628646667517,0.0262864666751674,0.0262864666751674,0.0262864666751674,0.000690978330264688,1.75761338774781,1.92441972484068,1
45,"n600-b1_2-b2_2p5-b3_2p5",600,5,445,1,1,0.6931472,0.9162907,0.9162907,1.5,1.8,1,1.3,0.07,192,108,186,114,FALSE,NA,TRUE,NA,0.701405221094266,0.00825802109426599,0.00825802109426599,0.00825802109426599,6.8194912393342e-05,0.408213712236651,0.999532611387016,1,0.99093845669902,0.0746477566990197,0.0746477566990197,0.0746477566990197,0.00557228758019604,0.719754670367511,1.26867143537071,1,0.846590053795198,-0.0697006462048024,0.0697006462048024,0.0697006462048024,0.00485818008136704,0.472504017864647,1.21733365904661,1,1.60190276998394,0.101902769983941,0.101902769983941,0.101902769983941,0.0103841745303999,1.48171809768122,1.75187456858964,1,1.88830070344961,0.0883007034496086,0.0883007034496086,0.0883007034496086,0.00779701422969572,1.73354265495615,1.99909932151223,1
45,"n600-b1_2-b2_2p5-b3_2p5",600,6,446,1,1,0.6931472,0.9162907,0.9162907,1.5,1.8,1,1.3,0.0600000000000001,188,99,221,92,FALSE,NA,TRUE,NA,0.823610096118618,0.130462896118618,0.130462896118618,0.130462896118618,0.0170205672636574,0.51149092487947,1.13565587888875,1,1.0078901989972,0.0915994989971955,0.0915994989971955,0.0915994989971955,0.00839046821653723,0.724816262375413,1.29683696165704,1,0.674976693993659,-0.241314006006341,0.241314006006341,0.241314006006341,0.0582324494948282,0.295416820567577,1.05742207169455,1,1.4064185615226,-0.0935814384773968,0.0935814384773968,0.0935814384773968,0.00875748562749879,1.24096192671127,1.72137125747231,1,1.6775170120052,-0.122482987994798,0.122482987994798,0.122482987994798,0.0150020823481338,1.56013469575535,1.83726868005971,1
45,"n600-b1_2-b2_2p5-b3_2p5",600,7,447,1,1,0.6931472,0.9162907,0.9162907,1.5,1.8,1,1.3,0.0866666666666667,198,102,199,101,FALSE,NA,TRUE,NA,0.657713274565197,-0.0354339254348032,0.0354339254348032,0.0354339254348032,0.00125556307171919,0.345079770187603,0.968774836819855,1,0.963364686652339,0.0470739866523385,0.0470739866523385,0.0470739866523385,0.00221596021934455,0.683999325506824,1.2485558627041,1,0.857098497313793,-0.0591922026862066,0.0591922026862066,0.0591922026862066,0.00350371685884497,0.476854647406211,1.23493219226233,1,1.57180270532141,0.0718027053214054,0.0718027053214054,0.0718027053214054,0.00515562849147258,1.40623159948318,1.75205407185401,1,1.82831126961667,0.0283112696166739,0.0283112696166739,0.0283112696166739,0.000801527987308,1.74632057413692,2.0113239629941,1
45,"n600-b1_2-b2_2p5-b3_2p5",600,8,448,1,1,0.6931472,0.9162907,0.9162907,1.5,1.8,1,1.3,0.0783333333333334,207,104,180,109,FALSE,NA,TRUE,NA,0.707272599274382,0.0141253992743819,0.0141253992743819,0.0141253992743819,0.00019952690466071,0.402097620389367,1.01142089101543,1,1.05969901221377,0.14340831221377,0.14340831221377,0.14340831221377,0.020565944012002,0.783774553141104,1.34322307488466,1,0.75783103085723,-0.15845966914277,0.15845966914277,0.15845966914277,0.0251094667448363,0.38186457162194,1.13816565861791,1,1.43922799308719,-0.0607720069128139,0.0607720069128139,0.0607720069128139,0.0036932368242111,1.33096924012051,1.53403158670422,1,1.7694771087199,-0.0305228912801037,0.0305228912801037,0.0305228912801037,0.000931646892097028,1.68263428808451,1.91463720703499,1
45,"n600-b1_2-b2_2p5-b3_2p5",600,9,449,1,1,0.6931472,0.9162907,0.9162907,1.5,1.8,1,1.3,0.0983333333333334,204,83,205,108,FALSE,NA,TRUE,NA,0.718277796744625,0.0251305967446251,0.0251305967446251,0.0251305967446251,0.000631546892740964,0.385703113064892,1.054078061198,1,0.962680022854781,0.0463893228547813,0.0463893228547813,0.0463893228547813,0.00215196927492513,0.688920033185088,1.24205337430164,1,0.887317263616813,-0.0289734363831871,0.0289734363831871,0.0289734363831871,0.000839460015850587,0.490341226664122,1.28644505560842,1,1.4798837249483,-0.0201162750517014,0.0201162750517014,0.0201162750517014,0.000404664521955706,1.4385633760839,1.55179943375983,1,1.76347608366323,-0.0365239163367694,0.0365239163367694,0.0365239163367694,0.00133399646457533,1.6818046716698,1.82486211968396,1
45,"n600-b1_2-b2_2p5-b3_2p5",600,10,450,1,1,0.6931472,0.9162907,0.9162907,1.5,1.8,1,1.3,0.0816666666666667,175,116,204,105,FALSE,NA,TRUE,NA,0.485338073775051,-0.207809126224949,0.207809126224949,0.207809126224949,0.0431846329423767,0.188834316917348,0.785364164168171,1,0.797177437264071,-0.119113262735929,0.119113262735929,0.119113262735929,0.0141879693595984,0.532558707815866,1.06709137177339,1,1.25674129006389,0.340450590063891,0.340450590063891,0.340450590063891,0.115906604274852,0.884842472969279,1.63576734436092,1,1.4865844920194,-0.0134155079806031,0.0134155079806031,0.0134155079806031,0.000179975854377625,1.4167277495797,1.6093655272277,1,1.7899232878036,-0.0100767121964014,0.0100767121964014,0.0100767121964014,0.000101540128689104,1.6960772913631,1.93974099129099,1
46,"n600-b1_2-b2_2p5-b3_2p5",600,1,451,1,1,0.6931472,0.9162907,0.9162907,1.5,1.8,1,1.3,0.0649999999999999,193,103,211,93,FALSE,NA,TRUE,NA,0.612781281865937,-0.0803659181340629,0.0803659181340629,0.0803659181340629,0.0064586807975309,0.298046820195444,0.932988585529887,1,1.01864567149459,0.102354971494586,0.102354971494586,0.102354971494586,0.0104765401896576,0.736232219783484,1.31621431897703,1,0.789336083243136,-0.126954616756864,0.126954616756864,0.126954616756864,0.0161174747158821,0.401922320044449,1.1683435704241,1,1.38174145883142,-0.118258541168583,0.118258541168583,0.118258541168583,0.0139850825593214,1.28317214058229,1.52671479090411,1,1.72196881365659,-0.0780311863434138,0.0780311863434138,0.0780311863434138,0.00608886604216056,1.63297959018665,1.82220710015835,1
46,"n600-b1_2-b2_2p5-b3_2p5",600,2,452,1,1,0.6931472,0.9162907,0.9162907,1.5,1.8,1,1.3,0.0566666666666666,195,107,192,106,FALSE,NA,TRUE,NA,0.537583646878439,-0.155563553121561,0.155563553121561,0.155563553121561,0.0242000190598046,0.247906453302642,0.828271000141839,1,0.844412953188367,-0.0718777468116333,0.0718777468116333,0.0718777468116333,0.00516641048671726,0.584751649286771,1.10584456104326,1,0.907947188787506,-0.00834351121249421,0.00834351121249421,0.00834351121249421,6.96141793530167e-05,0.546168134448541,1.27611993442019,1,1.52734743504142,0.0273474350414171,0.0273474350414171,0.0273474350414171,0.000747882203344529,1.44981886748881,1.61594743601817,1,1.78836468474606,-0.0116353152539388,0.0116353152539388,0.0116353152539388,0.000135380561058541,1.7167336769542,1.85888339469811,1
46,"n600-b1_2-b2_2p5-b3_2p5",600,3,453,1,1,0.6931472,0.9162907,0.9162907,1.5,1.8,1,1.3,0.0816666666666667,189,95,220,96,FALSE,NA,TRUE,NA,0.694114981504742,0.000967781504742082,0.000967781504742082,0.000967781504742082,9.36601040920849e-07,0.378964046045852,1.00449011122848,1,0.890806838813169,-0.0254838611868307,0.0254838611868307,0.0254838611868307,0.000649427180989654,0.618585803170719,1.16810626922395,1,1.10906535611706,0.192774656117058,0.192774656117058,0.192774656117058,0.0371620680410498,0.716223574834009,1.50110777129629,1,1.50290302434071,0.00290302434071044,0.00290302434071044,0.00290302434071044,8.42755032275726e-06,1.46210201819372,1.57345669824467,1,1.85231149086998,0.0523114908699751,0.0523114908699751,0.0523114908699751,0.00273649207703949,1.77620436510468,1.9799413225309,1
46,"n600-b1_2-b2_2p5-b3_2p5",600,4,454,1,1,0.6931472,0.9162907,0.9162907,1.5,1.8,1,1.3,0.0633333333333334,189,88,204,119,FALSE,NA,TRUE,NA,0.901177189421564,0.208029989421564,0.208029989421564,0.208029989421564,0.0432764764987359,0.600941379341429,1.19948148360729,1,0.853731840257974,-0.0625588597420265,0.0625588597420265,0.0625588597420265,0.00391361093222254,0.600732071661533,1.10982302156596,1,0.842008463003869,-0.0742822369961309,0.0742822369961309,0.0742822369961309,0.00551785073314936,0.46915851908268,1.21451683790319,1,1.67669966530904,0.17669966530904,0.17669966530904,0.17669966530904,0.0312227717203268,1.49506031980912,1.90010384407191,1,1.83436533611012,0.0343653361101222,0.0343653361101222,0.0343653361101222,0.00118097632596167,1.75459488999517,1.94384384573283,1
46,"n600-b1_2-b2_2p5-b3_2p5",600,5,455,1,1,0.6931472,0.9162907,0.9162907,1.5,1.8,1,1.3,0.0733333333333334,202,103,193,102,FALSE,NA,TRUE,NA,0.777410077977836,0.0842628779778358,0.0842628779778358,0.0842628779778358,0.00710023260510765,0.461216674349092,1.09475730883256,1,0.980049017905364,0.0637583179053637,0.0637583179053637,0.0637583179053637,0.00406512310212142,0.696944698186813,1.26836536668691,1,0.728323729276605,-0.187966970723395,0.187966970723395,0.187966970723395,0.0353315820829298,0.338361177452025,1.11084390044397,1,1.37276451581443,-0.127235484185573,0.127235484185573,0.127235484185573,0.0161888684359372,1.30165500133377,1.46676695284809,0,1.66515644997635,-0.134843550023646,0.134843550023646,0.134843550023646,0.0181827829829796,1.52523509221125,1.80096617265055,1
46,"n600-b1_2-b2_2p5-b3_2p5",600,6,456,1,1,0.6931472,0.9162907,0.9162907,1.5,1.8,1,1.3,0.0916666666666667,174,98,204,124,FALSE,NA,TRUE,NA,0.61956552223365,-0.0735816777663495,0.0735816777663495,0.0735816777663495,0.00541426330291089,0.32183582365181,0.915934355835262,1,0.709136340443272,-0.207154359556728,0.207154359556728,0.207154359556728,0.042912928683358,0.461125047851116,0.962881271682622,1,0.907911087025289,-0.00837961297471124,0.00837961297471124,0.00837961297471124,7.02179136059489e-05,0.537379876678756,1.27902329091162,1,1.35984579017668,-0.140154209823324,0.140154209823324,0.140154209823324,0.0196432025312003,1.13451948058043,1.58284148336058,1,1.7650981763943,-0.034901823605695,0.034901823605695,0.034901823605695,0.00121813729100305,1.58672422684335,2.00026499901536,1
46,"n600-b1_2-b2_2p5-b3_2p5",600,7,457,1,1,0.6931472,0.9162907,0.9162907,1.5,1.8,1,1.3,0.0816666666666667,207,100,193,100,FALSE,NA,TRUE,NA,0.641601603395349,-0.0515455966046513,0.0515455966046513,0.0515455966046513,0.00265694852932944,0.327990599742654,0.961425342163174,1,0.816708383260395,-0.0995823167396054,0.0995823167396054,0.0995823167396054,0.00991663780722709,0.541937273821975,1.09984246156357,1,0.909030458484705,-0.00726024151529459,0.00726024151529459,0.00726024151529459,5.2711106860407e-05,0.525666716191873,1.29289999067982,1,1.44081571061693,-0.059184289383071,0.059184289383071,0.059184289383071,0.00350278010977909,1.28784258860349,1.61353457505741,1,1.73368415515505,-0.0663158448449512,0.0663158448449512,0.0663158448449512,0.00439779127749964,1.59248779607561,1.88177265263647,1
46,"n600-b1_2-b2_2p5-b3_2p5",600,8,458,1,1,0.6931472,0.9162907,0.9162907,1.5,1.8,1,1.3,0.0716666666666667,194,88,221,97,FALSE,NA,TRUE,NA,0.809738831714248,0.116591631714248,0.116591631714248,0.116591631714248,0.0135936085857909,0.485190795939742,1.13273724256721,1,0.978659385828781,0.0623686858287807,0.0623686858287807,0.0623686858287807,0.00388985297200916,0.703157740103414,1.26158510543034,1,0.835629444340493,-0.0806612556595074,0.0806612556595074,0.0806612556595074,0.00650623816456842,0.439576972095329,1.22788424095147,1,1.39367866465785,-0.106321335342149,0.106321335342149,0.106321335342149,0.0113042263489378,1.28194411734796,1.52809997573803,1,1.68332333349538,-0.116676666504625,0.116676666504625,0.116676666504625,0.0136134445066314,1.51348447845949,1.8655673334456,1
46,"n600-b1_2-b2_2p5-b3_2p5",600,9,459,1,1,0.6931472,0.9162907,0.9162907,1.5,1.8,1,1.3,0.09,208,105,188,99,FALSE,NA,TRUE,NA,0.832771543172553,0.139624343172553,0.139624343172553,0.139624343172553,0.0194949572063668,0.510318336880769,1.15845024916651,1,1.08887550256245,0.172584802562453,0.172584802562453,0.172584802562453,0.029785514075521,0.796772205493125,1.38903689000481,1,0.818062536021313,-0.0982281639786873,0.0982281639786873,0.0982281639786873,0.00964877219862388,0.426158446975289,1.21511027104357,1,1.52694704496952,0.0269470449695239,0.0269470449695239,0.0269470449695239,0.000726143232589545,1.50058619080456,1.65187577983713,0,1.81610760897273,0.0161076089727341,0.0161076089727341,0.0161076089727341,0.000259455066818504,1.76712647587737,1.95904118623165,1
46,"n600-b1_2-b2_2p5-b3_2p5",600,10,460,1,1,0.6931472,0.9162907,0.9162907,1.5,1.8,1,1.3,0.0633333333333334,209,100,185,106,FALSE,NA,TRUE,NA,0.757050313888615,0.0639031138886155,0.0639031138886155,0.0639031138886155,0.00408360796466136,0.445219681328909,1.06554930405005,1,0.95564745842374,0.03935675842374,0.03935675842374,0.03935675842374,0.00154895443362463,0.686595271568419,1.23080459805983,1,0.730507364474033,-0.185783335525967,0.185783335525967,0.185783335525967,0.0345154477591539,0.351695411302334,1.10645044525455,1,1.56849461503633,0.0684946150363257,0.0684946150363257,0.0684946150363257,0.00469151228897445,1.48394005686827,1.71720330219085,1,1.86351397661065,0.0635139766106536,0.0635139766106536,0.0635139766106536,0.00403402522489865,1.7344446179102,2.06926522384158,1
47,"n600-b1_2-b2_2p5-b3_2p5",600,1,461,1,1,0.6931472,0.9162907,0.9162907,1.5,1.8,1,1.3,0.08,204,101,211,84,FALSE,NA,TRUE,NA,0.808337478581847,0.115190278581847,0.115190278581847,0.115190278581847,0.0132688002797635,0.475304080537988,1.1389723486621,1,0.902360337533227,-0.0139303624667734,0.0139303624667734,0.0139303624667734,0.000194054998455688,0.61096516362372,1.19697087219206,1,0.821207118056084,-0.0950835819439155,0.0950835819439155,0.0950835819439155,0.0090408875552853,0.428266650343276,1.20818619512699,1,1.51239538326665,0.0123953832666501,0.0123953832666501,0.0123953832666501,0.00015364552632715,1.43458868622638,1.68490729994342,1,1.81188694467417,0.0118869446741747,0.0118869446741747,0.0118869446741747,0.000141299453686891,1.74908599642262,1.93323540052015,1
47,"n600-b1_2-b2_2p5-b3_2p5",600,2,462,1,1,0.6931472,0.9162907,0.9162907,1.5,1.8,1,1.3,0.0816666666666667,185,85,218,112,FALSE,NA,TRUE,NA,0.923244983521656,0.230097783521656,0.230097783521656,0.230097783521656,0.0529449899815788,0.605836644806998,1.24460803387249,1,1.02920212738697,0.11291142738697,0.11291142738697,0.11291142738697,0.0127489904345631,0.757320354548781,1.30447090126033,1,0.74333968256718,-0.17295101743282,0.17295101743282,0.17295101743282,0.0299120544310477,0.354120904920984,1.13241030548166,1,1.46807417724617,-0.0319258227538277,0.0319258227538277,0.0319258227538277,0.00101925815850882,1.41532614679899,1.55169915184011,1,1.75750330969347,-0.0424966903065276,0.0424966903065276,0.0424966903065276,0.00180596868700892,1.67484460204573,1.86417277650403,1
47,"n600-b1_2-b2_2p5-b3_2p5",600,3,463,1,1,0.6931472,0.9162907,0.9162907,1.5,1.8,1,1.3,0.0783333333333334,189,102,211,98,FALSE,NA,TRUE,NA,0.538471867832009,-0.154675332167991,0.154675332167991,0.154675332167991,0.0239244583812784,0.228007469976175,0.845783318091259,1,0.592489312312615,-0.323801387687385,0.323801387687385,0.323801387687385,0.104847338668276,0.312885964761759,0.872627876208527,0,1.17580051645194,0.25950981645194,0.25950981645194,0.25950981645194,0.0673453448349197,0.79117537928966,1.56624816490001,1,1.52084610326102,0.0208461032610161,0.0208461032610161,0.0208461032610161,0.000434560021168946,1.37028655947698,1.72015820158516,1,1.76909150682281,-0.0309084931771908,0.0309084931771908,0.0309084931771908,0.00095533495048445,1.29798197037544,2.09888439919637,1
47,"n600-b1_2-b2_2p5-b3_2p5",600,4,464,1,1,0.6931472,0.9162907,0.9162907,1.5,1.8,1,1.3,0.0733333333333334,209,110,195,86,FALSE,NA,TRUE,NA,0.619599578703228,-0.0735476212967722,0.0735476212967722,0.0735476212967722,0.00540925259841341,0.293719256394041,0.952271269581499,1,1.04701072108729,0.130720021087293,0.130720021087293,0.130720021087293,0.0170877239130624,0.746886921108374,1.35350921770189,1,1.04654802278817,0.130257322788169,0.130257322788169,0.130257322788169,0.0169669701399413,0.641070246399151,1.44490216884644,1,1.52190260158454,0.0219026015845374,0.0219026015845374,0.0219026015845374,0.00047972395617098,1.43278931991086,1.64528538321724,1,1.76206360035254,-0.0379363996474649,0.0379363996474649,0.0379363996474649,0.00143917041821217,1.67368646524687,1.84530477880045,1
47,"n600-b1_2-b2_2p5-b3_2p5",600,5,465,1,1,0.6931472,0.9162907,0.9162907,1.5,1.8,1,1.3,0.0733333333333334,212,111,174,103,FALSE,NA,TRUE,NA,0.731827490821896,0.0386802908218958,0.0386802908218958,0.0386802908218958,0.00149616489806644,0.432162994973377,1.0375935598628,1,0.980123380817389,0.0638326808173889,0.0638326808173889,0.0638326808173889,0.00407461114033465,0.700113038626057,1.27048018279711,1,0.843740794940228,-0.0725499050597717,0.0725499050597717,0.0725499050597717,0.00526348872418188,0.459938830023074,1.22138931585399,1,1.41614936720986,-0.083850632790144,0.083850632790144,0.083850632790144,0.00703092861930758,1.30879763176007,1.51368126910141,1,1.87268980710961,0.0726898071096067,0.0726898071096067,0.0726898071096067,0.00528380805763183,1.7848205765135,2.06149171423098,1
47,"n600-b1_2-b2_2p5-b3_2p5",600,6,466,1,1,0.6931472,0.9162907,0.9162907,1.5,1.8,1,1.3,0.0633333333333334,190,88,218,104,FALSE,NA,TRUE,NA,0.557864441882352,-0.135282758117648,0.135282758117648,0.135282758117648,0.018301424643918,0.234668598367114,0.882462320811789,1,0.919517018269339,0.0032263182693385,0.0032263182693385,0.0032263182693385,1.04091295750674e-05,0.650491033340745,1.19994436632448,1,1.00712320860082,0.0908325086008237,0.0908325086008237,0.0908325086008237,0.00825054461871871,0.616164451464894,1.39905520873456,1,1.49443581050649,-0.00556418949351389,0.00556418949351389,0.00556418949351389,3.09602047197304e-05,1.45205524881361,1.58364567513063,1,1.77093571334373,-0.0290642866562705,0.0290642866562705,0.0290642866562705,0.000844732758837862,1.7033267401766,1.8618271185355,1
47,"n600-b1_2-b2_2p5-b3_2p5",600,7,467,1,1,0.6931472,0.9162907,0.9162907,1.5,1.8,1,1.3,0.08,208,106,195,91,FALSE,NA,TRUE,NA,0.721419832478978,0.0282726324789776,0.0282726324789776,0.0282726324789776,0.000799341747291339,0.397691343592358,1.04587593996258,1,1.0613711874042,0.145080487404205,0.145080487404205,0.145080487404205,0.0210483478254416,0.762533804226173,1.36156892519234,1,0.924587469342892,0.00829676934289247,0.00829676934289247,0.00829676934289247,6.88363815291604e-05,0.530542327748823,1.31471749972154,1,1.46327630006284,-0.0367236999371625,0.0367236999371625,0.0367236999371625,0.00134863013707475,1.30014161493047,1.55771629048186,1,1.78046874821164,-0.0195312517883564,0.0195312517883564,0.0195312517883564,0.000381469796420173,1.64473066332617,2.00222402770924,1
47,"n600-b1_2-b2_2p5-b3_2p5",600,8,468,1,1,0.6931472,0.9162907,0.9162907,1.5,1.8,1,1.3,0.08,217,103,172,108,FALSE,NA,TRUE,NA,0.721444395552805,0.0282971955528052,0.0282971955528052,0.0282971955528052,0.000800731276153698,0.417467092862221,1.02878748083301,1,0.830444947417371,-0.0858457525826292,0.0858457525826292,0.0858457525826292,0.00736949323647798,0.562464851566146,1.10510873123307,1,1.05746150448365,0.141170804483654,0.141170804483654,0.141170804483654,0.019929196038562,0.673477711689212,1.44047047525091,1,1.49315193639563,-0.00684806360437151,0.00684806360437151,0.00684806360437151,4.68959751295178e-05,1.44715541561719,1.6068032123538,1,1.7784279788893,-0.0215720211107016,0.0215720211107016,0.0215720211107016,0.000465352094800554,1.69529579279254,1.94544925898853,1
47,"n600-b1_2-b2_2p5-b3_2p5",600,9,469,1,1,0.6931472,0.9162907,0.9162907,1.5,1.8,1,1.3,0.075,191,87,196,126,FALSE,NA,TRUE,NA,0.709163229332228,0.016016029332228,0.016016029332228,0.016016029332228,0.000256513195570788,0.410763460622303,1.00885574685625,1,0.973263328128396,0.0569726281283955,0.0569726281283955,0.0569726281283955,0.00324588035585645,0.719551039340714,1.23747442231968,1,0.705721807867189,-0.210568892132811,0.210568892132811,0.210568892132811,0.0443392583340396,0.333059332747501,1.07514848074792,1,1.51526334529157,0.0152633452915738,0.0152633452915738,0.0152633452915738,0.000232969709489808,1.44168373754927,1.65252146500771,1,1.89003906680932,0.0900390668093183,0.0900390668093183,0.0900390668093183,0.00810703355189288,1.73159692268397,2.10064425602889,1
47,"n600-b1_2-b2_2p5-b3_2p5",600,10,470,1,1,0.6931472,0.9162907,0.9162907,1.5,1.8,1,1.3,0.0733333333333334,209,109,199,83,FALSE,NA,TRUE,NA,0.787046662826138,0.0938994628261381,0.0938994628261381,0.0938994628261381,0.0088171091190373,0.462469638208418,1.1150206203931,1,0.938724185050225,0.0224334850502252,0.0224334850502252,0.0224334850502252,0.000503261251498679,0.638351886158076,1.24975701798646,1,1.00897510447547,0.09268440447547,0.09268440447547,0.09268440447547,0.00859039883297252,0.616350569673748,1.40792507652608,1,1.48260792208155,-0.0173920779184524,0.0173920779184524,0.0173920779184524,0.000302484374321521,1.36260671534573,1.60821979284783,1,1.82246626442795,0.0224662644279465,0.0224662644279465,0.0224662644279465,0.000504733037346415,1.76849896325489,1.92289306860038,1
48,"n600-b1_2-b2_2p5-b3_2p5",600,1,471,1,1,0.6931472,0.9162907,0.9162907,1.5,1.8,1,1.3,0.0766666666666667,200,93,201,106,FALSE,NA,TRUE,NA,0.810980316709747,0.117833116709747,0.117833116709747,0.117833116709747,0.0138846433935328,0.49177519969648,1.12602990026574,1,1.01746991558758,0.101179215587578,0.101179215587578,0.101179215587578,0.0102372336669176,0.745534115217938,1.29763743154137,1,0.794525179781803,-0.121765520218197,0.121765520218197,0.121765520218197,0.0148268419140082,0.407165114245451,1.17531794846545,1,1.46874710748576,-0.0312528925142375,0.0312528925142375,0.0312528925142375,0.00097674329050648,1.39284355721092,1.54825817567539,1,1.81519345691689,0.015193456916887,0.015193456916887,0.015193456916887,0.000230841133085302,1.74725306553513,1.91943145370865,1
48,"n600-b1_2-b2_2p5-b3_2p5",600,2,472,1,1,0.6931472,0.9162907,0.9162907,1.5,1.8,1,1.3,0.0733333333333334,186,96,202,116,FALSE,NA,TRUE,NA,0.714147611850846,0.0210004118508459,0.0210004118508459,0.0210004118508459,0.000441017297905149,0.406101890635538,1.01883221380013,1,0.785761004179408,-0.130529695820592,0.130529695820592,0.130529695820592,0.0170380014910164,0.528491185002993,1.04743853239916,1,0.95142726183629,0.0351365618362904,0.0351365618362904,0.0351365618362904,0.00123457797767546,0.571433892745346,1.33297746886361,1,1.47837523345357,-0.0216247665464289,0.0216247665464289,0.0216247665464289,0.000467630528187549,1.4047755403716,1.66713829979324,1,1.67101570700601,-0.128984292993993,0.128984292993993,0.128984292993993,0.0166369478391602,1.47579654158934,1.89900310585402,1
48,"n600-b1_2-b2_2p5-b3_2p5",600,3,473,1,1,0.6931472,0.9162907,0.9162907,1.5,1.8,1,1.3,0.0733333333333334,209,102,182,107,FALSE,NA,TRUE,NA,0.467672804954206,-0.225474395045793,0.225474395045793,0.225474395045793,0.0508387028212665,0.164821078546532,0.767138720088138,1,0.745696319922252,-0.170594380077748,0.170594380077748,0.170594380077748,0.029102442514111,0.479070545481254,1.01524823360364,1,1.2272531465555,0.3109624465555,0.3109624465555,0.3109624465555,0.096697643167782,0.849627822417577,1.60974515356173,1,1.48716510736592,-0.0128348926340822,0.0128348926340822,0.0128348926340822,0.000164734468928418,1.30174450298617,1.57744132307452,1,1.81514603043511,0.0151460304351108,0.0151460304351108,0.0151460304351108,0.000229402237941301,1.73502054529457,1.89655496283156,1
48,"n600-b1_2-b2_2p5-b3_2p5",600,4,474,1,1,0.6931472,0.9162907,0.9162907,1.5,1.8,1,1.3,0.0816666666666667,198,105,193,104,FALSE,NA,TRUE,NA,0.77903742335721,0.08589022335721,0.08589022335721,0.08589022335721,0.00737713046835142,0.468332800932066,1.09646484850333,1,0.84740192787335,-0.0688887721266497,0.0688887721266497,0.0688887721266497,0.00474566292511747,0.568947869246879,1.13288309762051,1,0.98371071424316,0.0674200142431597,0.0674200142431597,0.0674200142431597,0.00454545832054786,0.593144489841892,1.36700329895411,1,1.46239742361072,-0.0376025763892776,0.0376025763892776,0.0376025763892776,0.00141395375111145,1.41740799244773,1.55249779413193,1,1.74105899473992,-0.0589410052600827,0.0589410052600827,0.0589410052600827,0.0034740421010691,1.64697749322433,1.92423097716994,1
48,"n600-b1_2-b2_2p5-b3_2p5",600,5,475,1,1,0.6931472,0.9162907,0.9162907,1.5,1.8,1,1.3,0.0600000000000001,199,92,208,101,FALSE,NA,TRUE,NA,0.41389748786506,-0.27924971213494,0.27924971213494,0.27924971213494,0.0779804017274468,0.111894735919672,0.716582560912923,1,0.74160698855487,-0.17468371144513,0.17468371144513,0.17468371144513,0.0305143990442455,0.471101667662375,1.00918636516133,1,1.17344921559115,0.257158515591145,0.257158515591145,0.257158515591145,0.0661305021410413,0.786777213766967,1.56528591573248,1,1.6687447533917,0.168744753391697,0.168744753391697,0.168744753391697,0.0284747917972246,1.43785044449519,2.27940689047203,1,1.9378429380039,0.137842938003896,0.137842938003896,0.137842938003896,0.019000675557546,1.78335870807781,2.29754264528456,1
48,"n600-b1_2-b2_2p5-b3_2p5",600,6,476,1,1,0.6931472,0.9162907,0.9162907,1.5,1.8,1,1.3,0.0733333333333334,191,105,209,95,FALSE,NA,TRUE,NA,0.694725983866494,0.00157878386649435,0.00157878386649435,0.00157878386649435,2.49255849710285e-06,0.377145319038062,1.00935816543945,1,1.05179533665051,0.135504636650506,0.135504636650506,0.135504636650506,0.0183615065537858,0.767673352950867,1.34074145074043,1,0.87540569954114,-0.0408850004588601,0.0408850004588601,0.0408850004588601,0.00167158326252099,0.493483530822619,1.25662290479503,1,1.51341881925847,0.013418819258467,0.013418819258467,0.013418819258467,0.000180064710291405,1.47756086108856,1.57931461680035,1,1.75180129088745,-0.0481987091125493,0.0481987091125493,0.0481987091125493,0.00232311556011614,1.62118568444639,1.86118423914973,1
48,"n600-b1_2-b2_2p5-b3_2p5",600,7,477,1,1,0.6931472,0.9162907,0.9162907,1.5,1.8,1,1.3,0.0833333333333334,224,100,173,103,FALSE,NA,TRUE,NA,0.961008565937344,0.267861365937344,0.267861365937344,0.267861365937344,0.0717497113618199,0.641812541346395,1.28389478858511,1,0.990665727290007,0.0743750272900069,0.0743750272900069,0.0743750272900069,0.00553164468438927,0.697550126890114,1.28859705626823,1,0.749722396206085,-0.166568303793915,0.166568303793915,0.166568303793915,0.0277449998287819,0.363334225845059,1.13495305330295,1,1.52514229757803,0.0251422975780313,0.0251422975780313,0.0251422975780313,0.00063213512750228,1.48192101589332,1.65462265506735,1,1.82772753326499,0.027727533264994,0.027727533264994,0.027727533264994,0.000768816100961349,1.71728236837927,1.96656462134442,1
48,"n600-b1_2-b2_2p5-b3_2p5",600,8,478,1,1,0.6931472,0.9162907,0.9162907,1.5,1.8,1,1.3,0.0933333333333334,220,101,179,100,FALSE,NA,TRUE,NA,0.972700139905267,0.279552939905267,0.279552939905267,0.279552939905267,0.0781498462096777,0.654430383031542,1.30012974306367,1,1.04281015234494,0.126519452344936,0.126519452344936,0.126519452344936,0.0160071718216624,0.751870096885477,1.34361909172963,1,0.898093136645669,-0.0181975633543305,0.0181975633543305,0.0181975633543305,0.000331151312034874,0.496231810813701,1.29388622303554,1,1.63133397580908,0.131333975809084,0.131333975809084,0.131333975809084,0.017248613201821,1.49248740741115,1.86802659373428,1,1.9900688962676,0.190068896267603,0.190068896267603,0.190068896267603,0.0361261853283849,1.85782641649505,2.18211339339968,0
48,"n600-b1_2-b2_2p5-b3_2p5",600,9,479,1,1,0.6931472,0.9162907,0.9162907,1.5,1.8,1,1.3,0.0733333333333334,185,102,203,110,FALSE,NA,TRUE,NA,0.793483450714447,0.100336250714447,0.100336250714447,0.100336250714447,0.0100673632074324,0.482700859082044,1.10210130483501,1,0.939430788581291,0.023140088581291,0.023140088581291,0.023140088581291,0.000535463699549995,0.673330001752615,1.21241916021067,1,0.754268948193111,-0.162021751806889,0.162021751806889,0.162021751806889,0.0262510480585732,0.377496942925154,1.12859538110983,1,1.48561223860431,-0.0143877613956855,0.0143877613956855,0.0143877613956855,0.000207007677979179,1.39805042366924,1.75103538303929,1,1.74894920078794,-0.0510507992120606,0.0510507992120606,0.0510507992120606,0.00260618410019012,1.67927855199379,1.9329984915422,1
48,"n600-b1_2-b2_2p5-b3_2p5",600,10,480,1,1,0.6931472,0.9162907,0.9162907,1.5,1.8,1,1.3,0.09,210,92,201,97,FALSE,NA,TRUE,NA,0.849908272772757,0.156761072772757,0.156761072772757,0.156761072772757,0.0245740339368656,0.51761592845427,1.18798768998769,1,1.26462362473379,0.348332924733788,0.348332924733788,0.348332924733788,0.121335826453595,0.969900806482241,1.56859635035054,0,0.696241061617061,-0.220049638382939,0.220049638382939,0.220049638382939,0.0484218433524624,0.297966034310763,1.09633092053736,1,1.53397864374191,0.0339786437419087,0.0339786437419087,0.0339786437419087,0.00115454823053955,1.42490246295589,1.60556069752952,1,1.83298663206102,0.0329866320610193,0.0329866320610193,0.0329866320610193,0.00108811789472906,1.59892665332151,1.96852396330805,1
49,"n600-b1_2-b2_2p5-b3_2p5",600,1,481,1,1,0.6931472,0.9162907,0.9162907,1.5,1.8,1,1.3,0.095,219,90,191,100,FALSE,NA,TRUE,NA,0.634608142212215,-0.0585390577877851,0.0585390577877851,0.0585390577877851,0.00342682128668165,0.300828186579844,0.973282223469177,1,1.06116078536763,0.144870085367635,0.144870085367635,0.144870085367635,0.0209873416344258,0.777276590069323,1.35370184591064,1,0.823041381309043,-0.0932493186909572,0.0932493186909572,0.0932493186909572,0.0086954354363277,0.427896956766216,1.21894680379039,1,1.54972976369654,0.0497297636965393,0.0497297636965393,0.0497297636965393,0.00247304939731363,1.44106817842313,1.66143998855181,1,1.8177783742474,0.0177783742474016,0.0177783742474016,0.0177783742474016,0.000316070590880672,1.73829115067888,1.9208394558132,1
49,"n600-b1_2-b2_2p5-b3_2p5",600,2,482,1,1,0.6931472,0.9162907,0.9162907,1.5,1.8,1,1.3,0.0816666666666667,214,87,193,106,FALSE,NA,TRUE,NA,0.686388331442054,-0.00675886855794605,0.00675886855794605,0.00675886855794605,4.56823041835917e-05,0.360939675753174,1.01657544202117,1,0.934043525905747,0.0177528259057471,0.0177528259057471,0.0177528259057471,0.000315162827639766,0.65190570768021,1.21713905488301,1,0.855672508970949,-0.0606181910290505,0.0606181910290505,0.0606181910290505,0.00367456508363446,0.455641327647582,1.25262918042009,1,1.39077947562771,-0.109220524372289,0.109220524372289,0.109220524372289,0.0119291229441577,1.27642244987645,1.53923257169683,1,1.69847817234767,-0.10152182765233,0.10152182765233,0.10152182765233,0.0103066814898694,1.60235731126475,1.81357873932236,1
49,"n600-b1_2-b2_2p5-b3_2p5",600,3,483,1,1,0.6931472,0.9162907,0.9162907,1.5,1.8,1,1.3,0.0566666666666666,204,94,196,106,FALSE,NA,TRUE,NA,0.729047569440122,0.0359003694401219,0.0359003694401219,0.0359003694401219,0.00128883652593724,0.416976813313541,1.04010294931752,1,0.982044162671083,0.0657534626710825,0.0657534626710825,0.0657534626710825,0.00432351785323744,0.716700124961259,1.25499386967037,1,0.720781386368926,-0.195509313631074,0.195509313631074,0.195509313631074,0.0382238917164938,0.345485420154805,1.09001983112062,1,1.51841618473915,0.0184161847391537,0.0184161847391537,0.0184161847391537,0.000339155860346639,1.42886385011566,1.62597503599157,1,1.76191837546119,-0.0380816245388085,0.0380816245388085,0.0380816245388085,0.00145021012751478,1.67309522200499,1.8818460251915,1
49,"n600-b1_2-b2_2p5-b3_2p5",600,4,484,1,1,0.6931472,0.9162907,0.9162907,1.5,1.8,1,1.3,0.0683333333333334,207,104,198,91,FALSE,NA,TRUE,NA,0.939255923658225,0.246108723658225,0.246108723658225,0.246108723658225,0.0605695038606808,0.619962915830536,1.26523803427,1,1.12047232325708,0.204181623257083,0.204181623257083,0.204181623257083,0.0416901352758974,0.822150867065205,1.42779715531855,1,0.698011179287875,-0.218279520712125,0.218279520712125,0.218279520712125,0.047645949162315,0.306385489786018,1.09341275535772,1,1.46660480791884,-0.0333951920811573,0.0333951920811573,0.0333951920811573,0.00111523885413739,1.35419170859886,1.78167209911395,1,1.91106262102173,0.111062621021729,0.111062621021729,0.111062621021729,0.0123349057882162,1.67569711143276,2.2649064669549,1
49,"n600-b1_2-b2_2p5-b3_2p5",600,5,485,1,1,0.6931472,0.9162907,0.9162907,1.5,1.8,1,1.3,0.0833333333333334,213,125,183,79,FALSE,NA,TRUE,NA,0.629190797542177,-0.0639564024578234,0.0639564024578234,0.0639564024578234,0.00409042141534708,0.312884238987956,0.95329674490632,1,0.831199788811542,-0.0850909111884576,0.0850909111884576,0.0850909111884576,0.00724046316688197,0.534468317535085,1.14504551270503,1,1.04432705728833,0.128036357288335,0.128036357288335,0.128036357288335,0.016393308787666,0.64989397140107,1.43538884554879,1,1.49638755583732,-0.00361244416267503,0.00361244416267503,0.00361244416267503,1.30497528284449e-05,1.40738793881977,1.67522129332253,1,1.81375716237673,0.013757162376725,0.013757162376725,0.013757162376725,0.000189259516659577,1.72962666176008,2.11170524725233,1
49,"n600-b1_2-b2_2p5-b3_2p5",600,6,486,1,1,0.6931472,0.9162907,0.9162907,1.5,1.8,1,1.3,0.08,190,100,196,114,FALSE,NA,TRUE,NA,0.63603905315456,-0.0571081468454404,0.0571081468454404,0.0571081468454404,0.00326134043612039,0.323514547788932,0.94474641770691,1,0.98454249746402,0.0682517974640199,0.0682517974640199,0.0682517974640199,0.00465830785706959,0.715763485276739,1.25926683533073,1,0.961701611221828,0.0454109112218276,0.0454109112218276,0.0454109112218276,0.00206215085799671,0.580553132444573,1.3444352205777,1,1.5094828084852,0.00948280848519811,0.00948280848519811,0.00948280848519811,8.99236567669453e-05,1.43520399236178,1.66063984283934,1,1.82935641594817,0.029356415948167,0.029356415948167,0.029356415948167,0.000861799157321791,1.71158068567508,1.95336807621653,1
49,"n600-b1_2-b2_2p5-b3_2p5",600,7,487,1,1,0.6931472,0.9162907,0.9162907,1.5,1.8,1,1.3,0.075,195,110,190,105,FALSE,NA,TRUE,NA,0.75935582951969,0.0662086295196904,0.0662086295196904,0.0662086295196904,0.00438358262287562,0.455289222070336,1.07409142761753,1,0.915475268376765,-0.000815431623235163,0.000815431623235163,0.000815431623235163,6.64928732171933e-07,0.633192264750323,1.20019566889409,1,0.630978727591794,-0.285311972408206,0.285311972408206,0.285311972408206,0.0814029215994607,0.256953725465624,1.00224261901542,1,1.34868443476229,-0.151315565237706,0.151315565237706,0.151315565237706,0.0228964002832063,1.23726473609763,1.50733781536362,1,1.75526491540854,-0.0447350845914583,0.0447350845914583,0.0447350845914583,0.00200122779340493,1.62428632121153,1.97489976051342,1
49,"n600-b1_2-b2_2p5-b3_2p5",600,8,488,1,1,0.6931472,0.9162907,0.9162907,1.5,1.8,1,1.3,0.0866666666666667,182,115,216,87,FALSE,NA,TRUE,NA,0.640881039789728,-0.0522661602102721,0.0522661602102721,0.0522661602102721,0.00273175150312583,0.326480152250039,0.965826543454363,1,0.924265177524785,0.00797447752478453,0.00797447752478453,0.00797447752478453,6.35922917932936e-05,0.633454048006112,1.22891848309157,1,0.752753260959763,-0.163537439040237,0.163537439040237,0.163537439040237,0.0267444939678393,0.362399766944988,1.14308962623135,1,1.54331519009321,0.0433151900932096,0.0433151900932096,0.0433151900932096,0.00187620569281088,1.46096591608909,1.67355383595654,1,1.78098211275414,-0.0190178872458568,0.0190178872458568,0.0190178872458568,0.000361680035296124,1.68907647015618,1.92554300550947,1
49,"n600-b1_2-b2_2p5-b3_2p5",600,9,489,1,1,0.6931472,0.9162907,0.9162907,1.5,1.8,1,1.3,0.0666666666666667,170,98,222,110,FALSE,NA,TRUE,NA,0.569120294758714,-0.124026905241286,0.124026905241286,0.124026905241286,0.0153826732237309,0.268760046818087,0.873536181659805,1,0.652619621936047,-0.263671078063953,0.263671078063953,0.263671078063953,0.0695224374074074,0.399846872397387,0.913365585332794,0,1.13261843072021,0.216327730720211,0.216327730720211,0.216327730720211,0.0467976870785561,0.754883061867704,1.5049066696046,1,1.48519205800823,-0.0148079419917724,0.0148079419917724,0.0148079419917724,0.000219275146031696,1.40642464024674,1.61983675287542,1,1.77445896638902,-0.0255410336109803,0.0255410336109803,0.0255410336109803,0.000652344397917223,1.6562021952679,2.03554462114117,1
49,"n600-b1_2-b2_2p5-b3_2p5",600,10,490,1,1,0.6931472,0.9162907,0.9162907,1.5,1.8,1,1.3,0.075,202,95,196,107,FALSE,NA,TRUE,NA,0.727760952184849,0.0346137521848486,0.0346137521848486,0.0346137521848486,0.00119811184031411,0.410822429277894,1.03982188484642,1,1.06309607457915,0.146805374579148,0.146805374579148,0.146805374579148,0.0215518180053238,0.790377936126801,1.34497278483567,1,0.70603396879848,-0.21025673120152,0.21025673120152,0.21025673120152,0.0442078930155482,0.329899099637215,1.08879763273405,1,1.40737311618843,-0.0926268838115709,0.0926268838115709,0.0926268838115709,0.00857973960464226,1.27990776743884,1.55521720664432,1,1.91539667894296,0.115396678942955,0.115396678942955,0.115396678942955,0.0133163935110635,1.81179437307215,2.06512919537717,0
50,"n600-b1_2-b2_2p5-b3_2p5",600,1,491,1,1,0.6931472,0.9162907,0.9162907,1.5,1.8,1,1.3,0.0616666666666666,206,101,185,108,FALSE,NA,TRUE,NA,0.726654926211572,0.0335077262115716,0.0335077262115716,0.0335077262115716,0.00112276771586964,0.418295339103895,1.04152796881341,1,0.814305072901949,-0.101985627098051,0.101985627098051,0.101985627098051,0.0104010681345827,0.539039365302068,1.0953348342327,1,0.881452264061258,-0.0348384359387421,0.0348384359387421,0.0348384359387421,0.00121371661865784,0.497683564794602,1.26225999809191,1,1.42522158577155,-0.0747784142284549,0.0747784142284549,0.0747784142284549,0.00559181123452238,1.28460960345271,1.62108646991774,1,1.61513145776604,-0.184868542233961,0.184868542233961,0.184868542233961,0.0341763779077097,1.40863761276707,1.79932654199233,0
50,"n600-b1_2-b2_2p5-b3_2p5",600,2,492,1,1,0.6931472,0.9162907,0.9162907,1.5,1.8,1,1.3,0.07,223,86,186,105,FALSE,NA,TRUE,NA,0.714286060425418,0.0211388604254181,0.0211388604254181,0.0211388604254181,0.000446851420085309,0.392433493726848,1.03729615341934,1,0.86641556958166,-0.0498751304183398,0.0498751304183398,0.0498751304183398,0.0024875286342464,0.593781812617242,1.14782643911369,1,0.901142672527039,-0.0151480274729612,0.0151480274729612,0.0151480274729612,0.000229462736321587,0.51324344531864,1.28986136584222,1,1.46198461764542,-0.0380153823545757,0.0380153823545757,0.0380153823545757,0.00144516929556458,1.39377459681283,1.55707738837938,1,1.7514885519982,-0.0485114480017959,0.0485114480017959,0.0485114480017959,0.00235336058723094,1.66468593963245,1.8566429255502,1
50,"n600-b1_2-b2_2p5-b3_2p5",600,3,493,1,1,0.6931472,0.9162907,0.9162907,1.5,1.8,1,1.3,0.08,189,105,201,105,FALSE,NA,TRUE,NA,0.825820785480247,0.132673585480247,0.132673585480247,0.132673585480247,0.0176022802841843,0.517792834552652,1.1343399339807,1,1.17708368188444,0.260792981884439,0.260792981884439,0.260792981884439,0.0680129794001774,0.896993844730567,1.46319447489265,1,0.860008545142878,-0.0562821548571216,0.0562821548571216,0.0562821548571216,0.00316768095536102,0.473205799504902,1.24656716013085,1,1.47128515968184,-0.0287148403181614,0.0287148403181614,0.0287148403181614,0.000824542054497508,1.35017857082215,1.6459460332546,1,1.67759712513045,-0.12240287486955,0.12240287486955,0.12240287486955,0.0149824637763308,1.61318427431755,1.77794124221544,0
50,"n600-b1_2-b2_2p5-b3_2p5",600,4,494,1,1,0.6931472,0.9162907,0.9162907,1.5,1.8,1,1.3,0.0666666666666667,208,90,208,94,FALSE,NA,TRUE,NA,0.708121177756383,0.0149739777563831,0.0149739777563831,0.0149739777563831,0.000224220009848656,0.37882265287446,1.03433327797495,1,0.833807749024591,-0.0824829509754089,0.0824829509754089,0.0824829509754089,0.00680343720161171,0.562834272436501,1.11361305905101,1,1.00131295296699,0.085022252966988,0.085022252966988,0.085022252966988,0.00722878349958249,0.609574667600419,1.39554228602672,1,1.45599736345741,-0.0440026365425907,0.0440026365425907,0.0440026365425907,0.00193623202269934,1.37226798596619,1.55421917644771,1,1.77866343614938,-0.0213365638506156,0.0213365638506156,0.0213365638506156,0.000455248956951394,1.69693870831047,1.93894947333965,1
50,"n600-b1_2-b2_2p5-b3_2p5",600,5,495,1,1,0.6931472,0.9162907,0.9162907,1.5,1.8,1,1.3,0.0783333333333334,184,95,218,103,FALSE,NA,TRUE,NA,0.612767925433054,-0.0803792745669457,0.0803792745669457,0.0803792745669457,0.00646082777990845,0.300648716190193,0.920505010091735,1,0.857718848034336,-0.0585718519656637,0.0585718519656637,0.0585718519656637,0.00343066184268763,0.58521155650086,1.1357987396731,1,1.0005780920766,0.0842873920765992,0.0842873920765992,0.0842873920765992,0.00710436446307436,0.619016454157522,1.38157124682424,1,1.52679855166587,0.0267985516658689,0.0267985516658689,0.0267985516658689,0.000718162371388243,1.46019123500984,1.60608401979607,1,1.83044794318557,0.0304479431855664,0.0304479431855664,0.0304479431855664,0.000927077244231481,1.77955365801391,1.94281861977786,1
50,"n600-b1_2-b2_2p5-b3_2p5",600,6,496,1,1,0.6931472,0.9162907,0.9162907,1.5,1.8,1,1.3,0.0766666666666667,211,95,193,101,FALSE,NA,TRUE,NA,0.639144325356293,-0.054002874643707,0.054002874643707,0.054002874643707,0.00291631046978393,0.321521055855947,0.960777248550254,1,0.892373431045501,-0.0239172689544994,0.0239172689544994,0.0239172689544994,0.000572035754241862,0.614672777371046,1.17203273305267,1,0.977251760439683,0.0609610604396825,0.0609610604396825,0.0609610604396825,0.00371625088993063,0.581904684502434,1.35976593023303,1,1.42863239967926,-0.0713676003207351,0.0713676003207351,0.0713676003207351,0.00509333437554019,1.30597554812551,1.53980790753512,1,1.69551658643952,-0.104483413560477,0.104483413560477,0.104483413560477,0.0109167837092497,1.58719203046312,1.79999591832587,0
50,"n600-b1_2-b2_2p5-b3_2p5",600,7,497,1,1,0.6931472,0.9162907,0.9162907,1.5,1.8,1,1.3,0.075,207,104,192,97,FALSE,NA,TRUE,NA,0.667948829746801,-0.0251983702531987,0.0251983702531987,0.0251983702531987,0.00063495786341729,0.358621573957867,0.974801897679742,1,1.02596753875788,0.109676838757879,0.109676838757879,0.109676838757879,0.0120290089599218,0.736020822935324,1.31856731797512,1,1.01575439597851,0.0994636959785071,0.0994636959785071,0.0994636959785071,0.00989302681770489,0.635620551238142,1.39407927919691,1,1.52843584567567,0.0284358456756657,0.0284358456756657,0.0284358456756657,0.000808597319290276,1.44971263787689,1.65746420631034,1,1.8536841844454,0.0536841844454035,0.0536841844454035,0.0536841844454035,0.0028819916595681,1.76596526619272,1.93781487162806,1
50,"n600-b1_2-b2_2p5-b3_2p5",600,8,498,1,1,0.6931472,0.9162907,0.9162907,1.5,1.8,1,1.3,0.075,213,108,179,100,FALSE,NA,TRUE,NA,0.831818687046116,0.138671487046116,0.138671487046116,0.138671487046116,0.0192297813195812,0.523716455271758,1.14074657841104,1,0.969100199264818,0.0528094992648177,0.0528094992648177,0.0528094992648177,0.00278884321260078,0.690559029125661,1.25323302422099,1,0.898516833888676,-0.0177738661113236,0.0177738661113236,0.0177738661113236,0.000315910316543257,0.515908064731205,1.28237098536241,1,1.46666029839768,-0.0333397016023218,0.0333397016023218,0.0333397016023218,0.00111153570293186,1.32074187642443,1.54980520717628,1,1.83613065068736,0.0361306506873558,0.0361306506873558,0.0361306506873558,0.00130542391909172,1.77976576266122,1.93077615499076,1
50,"n600-b1_2-b2_2p5-b3_2p5",600,9,499,1,1,0.6931472,0.9162907,0.9162907,1.5,1.8,1,1.3,0.0883333333333334,192,101,192,115,FALSE,NA,TRUE,NA,0.768471993786521,0.0753247937865213,0.0753247937865213,0.0753247937865213,0.00567382455898196,0.476059160966103,1.06435410825,1,0.710322619066672,-0.205968080933328,0.205968080933328,0.205968080933328,0.0424228503633581,0.450340716475016,0.974370925424287,1,1.09896175490996,0.182671054909955,0.182671054909955,0.182671054909955,0.0333687143019159,0.721085037101028,1.47482593228781,1,1.56970458891413,0.0697045889141328,0.0697045889141328,0.0697045889141328,0.00485872971568824,1.50543866018048,1.6645300544585,0,1.91503331905294,0.115033319052942,0.115033319052942,0.115033319052942,0.013232664492336,1.812646288573,2.12085920666645,0
50,"n600-b1_2-b2_2p5-b3_2p5",600,10,500,1,1,0.6931472,0.9162907,0.9162907,1.5,1.8,1,1.3,0.0816666666666667,196,110,198,96,FALSE,NA,TRUE,NA,0.675531656334945,-0.0176155436650551,0.0176155436650551,0.0176155436650551,0.000310307378615464,0.364079370759401,0.999661250567511,1,1.01285201168566,0.0965613116856621,0.0965613116856621,0.0965613116856621,0.00932408691445558,0.721453504368463,1.30817799995114,1,0.895790777731888,-0.0204999222681125,0.0204999222681125,0.0204999222681125,0.000420246812998654,0.504138581943411,1.28305027437122,1,1.35551333955931,-0.144486660440694,0.144486660440694,0.144486660440694,0.0208763950453045,1.18630385368017,1.57395067799776,1,1.68006762319221,-0.119932376807787,0.119932376807787,0.119932376807787,0.014383775006765,1.55353629008142,1.89321167189667,1
