"replicate_index","scenario_label","data_n","data_set_index","global_data_set_index","data_set_attempt","start_index","true_beta_1","true_beta_2","true_beta_3","true_gamma_1","true_gamma_2","gamma_start_1","gamma_start_2","censoring_proportion","treated_above","treated_below","control_above","control_below","skipped","skip_reason","converged","error","beta_1_value","beta_1_bias","beta_1_absolute_bias","beta_1_rmse","beta_1_squared_bias","beta_1_interval_lower","beta_1_interval_upper","beta_1_covered","beta_2_value","beta_2_bias","beta_2_absolute_bias","beta_2_rmse","beta_2_squared_bias","beta_2_interval_lower","beta_2_interval_upper","beta_2_covered","beta_3_value","beta_3_bias","beta_3_absolute_bias","beta_3_rmse","beta_3_squared_bias","beta_3_interval_lower","beta_3_interval_upper","beta_3_covered","gamma_1_value","gamma_1_bias","gamma_1_absolute_bias","gamma_1_rmse","gamma_1_squared_bias","gamma_1_interval_lower","gamma_1_interval_upper","gamma_1_covered","gamma_2_value","gamma_2_bias","gamma_2_absolute_bias","gamma_2_rmse","gamma_2_squared_bias","gamma_2_interval_lower","gamma_2_interval_upper","gamma_2_covered"
1,"n600-b1_1-b2_2p5-b3_2p8",600,1,1,1,1,0,0.9162907,1.029619,1.5,1.8,1,1.3,0.125,176,99,215,110,FALSE,NA,TRUE,NA,-0.0401656841136522,-0.0401656841136522,0.0401656841136522,0.0401656841136522,0.00161328218031769,-0.369420486222702,0.283018135366729,1,1.07346736494356,0.157176664943563,0.157176664943563,0.157176664943563,0.024704504002781,0.801348663203699,1.34905647095713,1,1.26932085550633,0.239701855506333,0.239701855506333,0.239701855506333,0.0574569795331788,0.879548119630417,1.66832770574854,1,1.47800065551114,-0.0219993444888575,0.0219993444888575,0.0219993444888575,0.000483971157939427,1.40624395952787,1.56430184379413,1,1.80990923439406,0.00990923439405966,0.00990923439405966,0.00990923439405966,9.8192926276415e-05,1.78060310221243,1.90753860121298,1
1,"n600-b1_1-b2_2p5-b3_2p8",600,2,2,1,1,0,0.9162907,1.029619,1.5,1.8,1,1.3,0.1,193,114,206,87,FALSE,NA,TRUE,NA,0.310714658175993,0.310714658175993,0.310714658175993,0.310714658175993,0.0965435988054244,-0.0189289759680038,0.643021119837597,1,1.3200249654442,0.403734265444197,0.403734265444197,0.403734265444197,0.163001357093765,1.01835120996712,1.63874622897759,0,0.452443936721596,-0.577175063278404,0.577175063278404,0.577175063278404,0.33313105367043,0.0598469432762754,0.844482363920278,0,1.5119975117298,0.0119975117298003,0.0119975117298003,0.0119975117298003,0.000143940287706697,1.4406026859057,1.5920968915718,1,1.72246611886733,-0.0775338811326676,0.0775338811326676,0.0775338811326676,0.00601150272349462,1.6775451321921,1.82572469119549,1
1,"n600-b1_1-b2_2p5-b3_2p8",600,3,3,1,1,0,0.9162907,1.029619,1.5,1.8,1,1.3,0.105,197,84,207,112,FALSE,NA,TRUE,NA,0.124988667441994,0.124988667441994,0.124988667441994,0.124988667441994,0.0156221669889255,-0.206940847147923,0.456291886475854,1,1.09300773077807,0.176717030778069,0.176717030778069,0.176717030778069,0.0312289089670171,0.827323732336917,1.36610479073915,1,0.844770790098935,-0.184848209901065,0.184848209901065,0.184848209901065,0.0341688607036283,0.45511688708905,1.23785673618133,1,1.53558144291294,0.0355814429129431,0.0355814429129431,0.0355814429129431,0.00126603907976703,1.45061154967198,1.69983520002673,1,1.82479943191255,0.0247994319125533,0.0247994319125533,0.0247994319125533,0.000615011823185367,1.66594127380567,2.01582389056993,1
1,"n600-b1_1-b2_2p5-b3_2p8",600,4,4,1,1,0,0.9162907,1.029619,1.5,1.8,1,1.3,0.12,192,92,211,105,FALSE,NA,TRUE,NA,0.389939660739684,0.389939660739684,0.389939660739684,0.389939660739684,0.15205293901778,0.0582886167875048,0.717890600976849,0,1.08391301848694,0.167622318486936,0.167622318486936,0.167622318486936,0.0280972416549359,0.804379738529845,1.3759761639769,1,0.598881814350271,-0.430737185649729,0.430737185649729,0.430737185649729,0.185534523101449,0.209341013287874,0.990450510711453,0,1.51358571188048,0.0135857118804823,0.0135857118804823,0.0135857118804823,0.000184571567299478,1.42436270213762,1.71205168645493,1,1.82940107954936,0.0294010795493553,0.0294010795493553,0.0294010795493553,0.000864423478667521,1.69396974631776,2.05147678295237,1
1,"n600-b1_1-b2_2p5-b3_2p8",600,5,5,1,1,0,0.9162907,1.029619,1.5,1.8,1,1.3,0.0983333333333334,188,123,207,82,FALSE,NA,TRUE,NA,-0.110258752754281,-0.110258752754281,0.110258752754281,0.110258752754281,0.0121569925589297,-0.419232397827217,0.208306696511867,1,0.927643218610469,0.0113525186104689,0.0113525186104689,0.0113525186104689,0.000128879678801043,0.63639229605228,1.2269806156491,1,1.31820890314815,0.288589903148151,0.288589903148151,0.288589903148151,0.083284132199059,0.933784376119573,1.69335669742608,1,1.51759146138641,0.0175914613864101,0.0175914613864101,0.0175914613864101,0.000309459513709558,1.49095740640618,1.62858373940316,1,1.79569552166713,-0.00430447833286962,0.00430447833286962,0.00430447833286962,1.8528533718144e-05,1.73929583291673,1.88422870319379,1
1,"n600-b1_1-b2_2p5-b3_2p8",600,6,6,1,1,0,0.9162907,1.029619,1.5,1.8,1,1.3,0.0916666666666667,209,95,197,99,FALSE,NA,TRUE,NA,0.196974545921646,0.196974545921646,0.196974545921646,0.196974545921646,0.0387989717410386,-0.126454514425861,0.519597090216626,1,0.835345660636398,-0.080945039363602,0.080945039363602,0.080945039363602,0.00655209939757507,0.559449643741312,1.11807966177956,1,1.15802944074545,0.128410440745452,0.128410440745452,0.128410440745452,0.0164892412924411,0.765647263959145,1.5447197865965,1,1.48332180662956,-0.0166781933704436,0.0166781933704436,0.0166781933704436,0.00027816213410191,1.43188931455831,1.57923094076132,1,1.73846902444607,-0.0615309755539337,0.0615309755539337,0.0615309755539337,0.00378606095261879,1.68178507153488,1.82918737410823,1
1,"n600-b1_1-b2_2p5-b3_2p8",600,7,7,1,1,0,0.9162907,1.029619,1.5,1.8,1,1.3,0.085,211,92,185,112,FALSE,NA,TRUE,NA,-0.0306518766865654,-0.0306518766865654,0.0306518766865654,0.0306518766865654,0.000939537544408413,-0.343081578399234,0.28025833983278,1,0.860138224234811,-0.0561524757651887,0.0561524757651887,0.0561524757651887,0.0031531005345601,0.600293746884491,1.12427398949771,1,0.815645602595107,-0.213973397404893,0.213973397404893,0.213973397404893,0.0457846147969924,0.440683373815114,1.19329960931711,1,1.46304931036727,-0.0369506896327341,0.0369506896327341,0.0369506896327341,0.00136535346433464,1.30909558968342,1.64010901977273,1,1.86535639777848,0.0653563977784781,0.0653563977784781,0.0653563977784781,0.00427145873057866,1.73640392025951,2.03799725962788,1
1,"n600-b1_1-b2_2p5-b3_2p8",600,8,8,1,1,0,0.9162907,1.029619,1.5,1.8,1,1.3,0.11,209,92,203,96,FALSE,NA,TRUE,NA,0.0533052027548244,0.0533052027548244,0.0533052027548244,0.0533052027548244,0.00284144464073294,-0.287386374642799,0.39207881662142,1,0.924424091926818,0.00813339192681783,0.00813339192681783,0.00813339192681783,6.61520642352255e-05,0.638978471746091,1.22093825005361,1,1.08688281635608,0.0572638163560764,0.0572638163560764,0.0572638163560764,0.00327914466366244,0.68179248706975,1.48830785496998,1,1.49784785820703,-0.00215214179297152,0.00215214179297152,0.00215214179297152,4.63171429705466e-06,1.43446130670019,1.64038632697125,1,1.83977550383951,0.0397755038395149,0.0397755038395149,0.0397755038395149,0.00158209070568726,1.73362667402931,2.0681954979305,1
1,"n600-b1_1-b2_2p5-b3_2p8",600,9,9,1,1,0,0.9162907,1.029619,1.5,1.8,1,1.3,0.095,188,96,208,108,FALSE,NA,TRUE,NA,0.0911286579123831,0.0911286579123831,0.0911286579123831,0.0911286579123831,0.00830443229291215,-0.220087482321516,0.399497367665623,1,0.969188891370331,0.0528981913703312,0.0528981913703312,0.0528981913703312,0.00279821865025219,0.704501635978088,1.23896955741846,1,0.81204278597631,-0.217576214023691,0.217576214023691,0.217576214023691,0.0473394089088828,0.444555997472197,1.19130654635042,1,1.59741092926958,0.0974109292695806,0.0974109292695806,0.0974109292695806,0.00948888914116324,1.48289600155411,1.83102206530212,1,1.84523504827339,0.0452350482733865,0.0452350482733865,0.0452350482733865,0.00204620959229561,1.63602880053908,2.12268422378623,1
1,"n600-b1_1-b2_2p5-b3_2p8",600,10,10,1,1,0,0.9162907,1.029619,1.5,1.8,1,1.3,0.113333333333333,195,97,198,110,FALSE,NA,TRUE,NA,0.135892135384526,0.135892135384526,0.135892135384526,0.135892135384526,0.0184666724593664,-0.184410364447321,0.453265671346528,1,0.95612076751001,0.0398300675100101,0.0398300675100101,0.0398300675100101,0.00158643427785196,0.680406663335963,1.23665491629649,1,0.855484363046888,-0.174134636953112,0.174134636953112,0.174134636953112,0.0303228717867921,0.470992466816795,1.23725665180005,1,1.5399202439222,0.0399202439221955,0.0399202439221955,0.0399202439221955,0.00159362587480759,1.44988674109515,1.66233959899476,1,1.8715450606112,0.0715450606111989,0.0715450606111989,0.0715450606111989,0.00511869569786013,1.59373050452216,2.01694878848104,1
2,"n600-b1_1-b2_2p5-b3_2p8",600,1,11,1,1,0,0.9162907,1.029619,1.5,1.8,1,1.3,0.101666666666667,196,118,191,95,FALSE,NA,TRUE,NA,0.0336765399286606,0.0336765399286606,0.0336765399286606,0.0336765399286606,0.00113410934156667,-0.273214440173548,0.341763020512396,1,0.828058772746293,-0.0882319272537073,0.0882319272537073,0.0882319272537073,0.0077848729869035,0.55212390788084,1.10302987782349,1,1.07386178371809,0.0442427837180928,0.0442427837180928,0.0442427837180928,0.00195742391112593,0.701321400947366,1.45324293153615,1,1.69164998521222,0.191649985212222,0.191649985212222,0.191649985212222,0.0367297168318448,1.6098586541529,1.87920576453798,0,1.87808201210007,0.0780820121000732,0.0780820121000732,0.0780820121000732,0.00609680061359597,1.78146182635357,2.16598936533241,1
2,"n600-b1_1-b2_2p5-b3_2p8",600,2,12,1,1,0,0.9162907,1.029619,1.5,1.8,1,1.3,0.0966666666666667,207,94,209,90,FALSE,NA,TRUE,NA,-0.0615938516476092,-0.0615938516476092,0.0615938516476092,0.0615938516476092,0.00379380256078769,-0.392057637321241,0.268532792977219,1,0.805269436259906,-0.111021263740094,0.111021263740094,0.111021263740094,0.0123257210024476,0.53196641273837,1.0904794776236,1,1.31098286082858,0.281363860828576,0.281363860828576,0.281363860828576,0.0791656221803624,0.919471539916299,1.70703653015652,1,1.54147787605961,0.0414778760596139,0.0414778760596139,0.0414778760596139,0.0017204142024167,1.47499062988595,1.77713699258018,1,1.89474617545475,0.0947461754547485,0.0947461754547485,0.0947461754547485,0.00897683776330199,1.78920884746929,2.11297175253169,1
2,"n600-b1_1-b2_2p5-b3_2p8",600,3,13,1,1,0,0.9162907,1.029619,1.5,1.8,1,1.3,0.101666666666667,197,105,199,99,FALSE,NA,TRUE,NA,0.00941433681292359,0.00941433681292359,0.00941433681292359,0.00941433681292359,8.86297376271684e-05,-0.318501927330697,0.337247700435726,1,1.1935300030818,0.277239303081801,0.277239303081801,0.277239303081801,0.076861631173283,0.909833332215153,1.48412910702579,1,0.846910016494324,-0.182708983505676,0.182708983505676,0.182708983505676,0.0333825726536775,0.454539140442592,1.23919654898421,1,1.4057623426736,-0.0942376573263992,0.0942376573263992,0.0942376573263992,0.00888073605836784,1.38072092546414,1.4499605224836,0,1.74678512214667,-0.053214877853333,0.053214877853333,0.053214877853333,0.00283182322494515,1.67047867752377,1.87850959387099,1
2,"n600-b1_1-b2_2p5-b3_2p8",600,4,14,1,1,0,0.9162907,1.029619,1.5,1.8,1,1.3,0.0983333333333334,196,82,222,100,FALSE,NA,TRUE,NA,-0.167258008661287,-0.167258008661287,0.167258008661287,0.167258008661287,0.0279752414613393,-0.504991255666576,0.172103212377277,1,0.77447116680949,-0.14181953319051,0.14181953319051,0.14181953319051,0.020112779994374,0.506341540928708,1.05065269571812,1,1.11962982636446,0.090010826364461,0.090010826364461,0.090010826364461,0.00810194886281315,0.71916604262499,1.51897951030241,1,1.5133604977293,0.0133604977293043,0.0133604977293043,0.0133604977293043,0.000178502899574744,1.41181079884689,1.74051035614211,1,1.79962981608423,-0.000370183915769706,0.000370183915769706,0.000370183915769706,1.37036131494593e-07,1.67816740788999,2.06618683917061,1
2,"n600-b1_1-b2_2p5-b3_2p8",600,5,15,1,1,0,0.9162907,1.029619,1.5,1.8,1,1.3,0.105,183,91,207,119,FALSE,NA,TRUE,NA,-0.290102947416585,-0.290102947416585,0.290102947416585,0.290102947416585,0.0841597200997902,-0.61791835683532,0.0312055451359506,1,0.938695511694624,0.0224048116946236,0.0224048116946236,0.0224048116946236,0.000501975587071543,0.683411671897492,1.19968081685293,1,1.43665935507315,0.40704035507315,0.40704035507315,0.40704035507315,0.165681850658076,1.04049718856892,1.83594002026075,0,1.48903440477954,-0.0109655952204577,0.0109655952204577,0.0109655952204577,0.000120244278538925,1.32830970129842,1.55700151475853,1,1.79813505197549,-0.00186494802451032,0.00186494802451032,0.00186494802451032,3.47803113412493e-06,1.66726591910921,1.87877715466604,1
2,"n600-b1_1-b2_2p5-b3_2p8",600,6,16,1,1,0,0.9162907,1.029619,1.5,1.8,1,1.3,0.115,198,82,211,109,FALSE,NA,TRUE,NA,-0.0372637186637206,-0.0372637186637206,0.0372637186637206,0.0372637186637206,0.00138858472864892,-0.373598045062413,0.295956410956516,1,0.930619009385793,0.0143283093857931,0.0143283093857931,0.0143283093857931,0.000205300449855007,0.660585363755982,1.20370195051403,1,1.24673803072073,0.217119030720731,0.217119030720731,0.217119030720731,0.0471406735011096,0.846388522208832,1.64619411431625,1,1.50073224209511,0.000732242095111024,0.000732242095111024,0.000732242095111024,5.36178485852582e-07,1.45406193962629,1.57277289862848,1,1.84172567309382,0.0417256730938238,0.0417256730938238,0.0417256730938238,0.00174103179513265,1.7780024053908,1.93170862840936,1
2,"n600-b1_1-b2_2p5-b3_2p8",600,7,17,1,1,0,0.9162907,1.029619,1.5,1.8,1,1.3,0.0833333333333334,191,101,218,90,FALSE,NA,TRUE,NA,-0.064828817434425,-0.064828817434425,0.064828817434425,0.064828817434425,0.00420277556994601,-0.39158974752495,0.265589937399097,1,1.08784324899118,0.171552548991178,0.171552548991178,0.171552548991178,0.0294302770653706,0.798805765589381,1.38721731928791,1,0.902883426637568,-0.126735573362432,0.126735573362432,0.126735573362432,0.0160619055555045,0.516744691885891,1.29244353235965,1,1.51515702566506,0.0151570256650584,0.0151570256650584,0.0151570256650584,0.000229735427011239,1.44389697323721,1.72369657374163,1,1.77677359666647,-0.023226403333529,0.023226403333529,0.023226403333529,0.000539465811811767,1.69153793171622,1.97608948539284,1
2,"n600-b1_1-b2_2p5-b3_2p8",600,8,18,1,1,0,0.9162907,1.029619,1.5,1.8,1,1.3,0.108333333333333,212,102,175,111,FALSE,NA,TRUE,NA,0.295155117638935,0.295155117638935,0.295155117638935,0.295155117638935,0.0871165434684538,-0.0194422872311191,0.610498864198163,1,1.04972204410321,0.13343134410321,0.13343134410321,0.13343134410321,0.0178039235891894,0.773251382000839,1.33524746008111,1,0.704122776226777,-0.325496223773223,0.325496223773223,0.325496223773223,0.105947791690628,0.321027285600898,1.08162021620922,1,1.55115344768025,0.051153447680246,0.051153447680246,0.051153447680246,0.00261667520957566,1.39637641390145,1.69746294420533,1,1.83718749136998,0.0371874913699823,0.0371874913699823,0.0371874913699823,0.00138290951439251,1.57712527746896,2.03519707372013,1
2,"n600-b1_1-b2_2p5-b3_2p8",600,9,19,1,1,0,0.9162907,1.029619,1.5,1.8,1,1.3,0.11,211,106,187,96,FALSE,NA,TRUE,NA,-0.0463901481839617,-0.0463901481839617,0.0463901481839617,0.0463901481839617,0.00215204584852992,-0.379125754893672,0.28964484730777,1,1.03693604919864,0.120645349198635,0.120645349198635,0.120645349198635,0.0145553002832607,0.750062774396379,1.33249560077087,1,0.974930676614233,-0.0546883233857669,0.0546883233857669,0.0546883233857669,0.00299081271474622,0.572346597613866,1.37200566345172,1,1.43096452780193,-0.0690354721980664,0.0690354721980664,0.0690354721980664,0.00476589642161,1.11925904350203,1.59398618340045,1,1.79100613714162,-0.00899386285838411,0.00899386285838411,0.00899386285838411,8.08895691154211e-05,1.62475319570284,1.90916905395645,1
2,"n600-b1_1-b2_2p5-b3_2p8",600,10,20,1,1,0,0.9162907,1.029619,1.5,1.8,1,1.3,0.09,202,99,197,102,FALSE,NA,TRUE,NA,-0.0976428813703368,-0.0976428813703368,0.0976428813703368,0.0976428813703368,0.00953413228230166,-0.411986132019051,0.218621185538354,1,0.766726873819369,-0.149563826180631,0.149563826180631,0.149563826180631,0.02236933810179,0.492747505667601,1.04776019969989,1,1.23015770052901,0.200538700529012,0.200538700529012,0.200538700529012,0.0402157704098649,0.844494062487793,1.61069960704196,1,1.4907764589914,-0.00922354100860434,0.00922354100860434,0.00922354100860434,8.5073708737406e-05,1.4333482938851,1.59287045923867,1,1.71798389129748,-0.0820161087025197,0.0820161087025197,0.0820161087025197,0.00672664208670353,1.51605058480248,1.87510048525975,1
3,"n600-b1_1-b2_2p5-b3_2p8",600,1,21,1,1,0,0.9162907,1.029619,1.5,1.8,1,1.3,0.0966666666666667,202,93,202,103,FALSE,NA,TRUE,NA,0.0166144741819766,0.0166144741819766,0.0166144741819766,0.0166144741819766,0.000276040752343566,-0.311188684087922,0.353468918441662,1,1.12397663423279,0.207685934232787,0.207685934232787,0.207685934232787,0.0431334472781456,0.850114840018555,1.40424045030045,1,0.851422517843153,-0.178196482156847,0.178196482156847,0.178196482156847,0.0317539862530756,0.462531303055003,1.24314556106932,1,1.44324876879205,-0.0567512312079481,0.0567512312079481,0.0567512312079481,0.00322070224361798,1.37281448949485,1.56504137328131,1,1.5870662545674,-0.212933745432596,0.212933745432596,0.212933745432596,0.0453407799439537,1.46367717522027,1.78740622351809,0
3,"n600-b1_1-b2_2p5-b3_2p8",600,2,22,1,1,0,0.9162907,1.029619,1.5,1.8,1,1.3,0.0933333333333334,191,107,213,89,FALSE,NA,TRUE,NA,-0.0420762620343006,-0.0420762620343006,0.0420762620343006,0.0420762620343006,0.00177041182677913,-0.360402847815999,0.281733733453545,1,1.0125239065219,0.0962332065219009,0.0962332065219009,0.0962332065219009,0.00926083003748684,0.725997229272881,1.30520866848893,1,1.03010935697871,0.00049035697870714,0.00049035697870714,0.00049035697870714,2.40449966566795e-07,0.640190702522921,1.41402790178451,1,1.56254001748423,0.0625400174842272,0.0625400174842272,0.0625400174842272,0.00391125378692745,1.37562180777867,1.68190223522482,1,1.7445204470721,-0.0554795529278971,0.0554795529278971,0.0554795529278971,0.00307798079307933,1.63376995234372,1.8703395295826,1
3,"n600-b1_1-b2_2p5-b3_2p8",600,3,23,1,1,0,0.9162907,1.029619,1.5,1.8,1,1.3,0.0966666666666667,186,111,196,107,FALSE,NA,TRUE,NA,0.103472550514215,0.103472550514215,0.103472550514215,0.103472550514215,0.0107065687099167,-0.199276615601703,0.40758542392387,1,0.930804577391841,0.014513877391841,0.014513877391841,0.014513877391841,0.000210652636945392,0.665410054357029,1.20245437497161,1,0.95876042150194,-0.0708585784980598,0.0708585784980598,0.0708585784980598,0.0050209381467657,0.58678957116963,1.3307833825381,1,1.59274268482933,0.0927426848293289,0.0927426848293289,0.0927426848293289,0.00860120558935223,1.37276880618113,1.7931059765712,1,1.77030270654307,-0.0296972934569264,0.0296972934569264,0.0296972934569264,0.000881929238666803,1.58706043303857,2.06275559297331,1
3,"n600-b1_1-b2_2p5-b3_2p8",600,4,24,1,1,0,0.9162907,1.029619,1.5,1.8,1,1.3,0.0916666666666667,206,97,187,110,FALSE,NA,TRUE,NA,-0.0804568715832458,-0.0804568715832458,0.0804568715832458,0.0804568715832458,0.00647330818496291,-0.387964961597254,0.232659258442954,1,0.94276109133452,0.0264703913345199,0.0264703913345199,0.0264703913345199,0.000700681617402626,0.67618553226629,1.21644048016383,1,1.25869350583203,0.22907450583203,0.22907450583203,0.22907450583203,0.052475129222189,0.879075079498595,1.63914357186368,1,1.47467312613302,-0.0253268738669821,0.0253268738669821,0.0253268738669821,0.000641450539874019,1.43114878496195,1.54754946972316,1,1.79797750371156,-0.00202249628843632,0.00202249628843632,0.00202249628843632,4.09049123673867e-06,1.71846527604006,1.88450707596158,1
3,"n600-b1_1-b2_2p5-b3_2p8",600,5,25,1,1,0,0.9162907,1.029619,1.5,1.8,1,1.3,0.118333333333333,213,93,188,106,FALSE,NA,TRUE,NA,-0.0209217922083879,-0.0209217922083879,0.0209217922083879,0.0209217922083879,0.000437721389210961,-0.357503218032206,0.31561430601193,1,1.03428098521567,0.117990285215674,0.117990285215674,0.117990285215674,0.0139217074052761,0.751616865386155,1.32982212787144,1,1.04424357848688,0.0146245784868846,0.0146245784868846,0.0146245784868846,0.000213878295919047,0.646178522776584,1.44359215806865,1,1.51935054938563,0.0193505493856314,0.0193505493856314,0.0193505493856314,0.00037444376152576,1.48375007946157,1.56431489008771,1,1.82754720984681,0.0275472098468126,0.0275472098468126,0.0275472098468126,0.000758848770344328,1.77705356357768,1.88753586695491,1
3,"n600-b1_1-b2_2p5-b3_2p8",600,6,26,1,1,0,0.9162907,1.029619,1.5,1.8,1,1.3,0.09,183,109,199,109,FALSE,NA,TRUE,NA,-0.240864327015565,-0.240864327015565,0.240864327015565,0.240864327015565,0.0580156240286611,-0.54683966949322,0.0658165764438129,1,0.626601216627854,-0.289689483372146,0.289689483372146,0.289689483372146,0.0839199967764208,0.367720034987392,0.887799754617041,0,1.4515506348804,0.421931634880403,0.421931634880403,0.421931634880403,0.17802630451285,1.07320624836131,1.82903656413362,0,1.46119455305694,-0.0388054469430621,0.0388054469430621,0.0388054469430621,0.00150586271245081,1.37119754707376,1.58225243222274,1,1.84896404514964,0.0489640451496394,0.0489640451496394,0.0489640451496394,0.00239747771741592,1.68205910062824,1.96713694661688,1
3,"n600-b1_1-b2_2p5-b3_2p8",600,7,27,1,1,0,0.9162907,1.029619,1.5,1.8,1,1.3,0.116666666666667,191,109,202,98,FALSE,NA,TRUE,NA,0.118164708966848,0.118164708966848,0.118164708966848,0.118164708966848,0.0139628984452199,-0.197914683469559,0.443328243372957,1,1.13973529377195,0.223444593771954,0.223444593771954,0.223444593771954,0.0499274864859136,0.850949163592004,1.442971250628,1,0.77117337410753,-0.25844562589247,0.25844562589247,0.25844562589247,0.0667941415429507,0.381534336026037,1.15764289681728,1,1.62868704084807,0.128687040848069,0.128687040848069,0.128687040848069,0.0165603544822326,1.46119040767836,1.75746749354121,1,1.83943427322389,0.0394342732238859,0.0394342732238859,0.0394342732238859,0.00155506190469609,1.60296521222283,2.0275620779147,1
3,"n600-b1_1-b2_2p5-b3_2p8",600,8,28,1,1,0,0.9162907,1.029619,1.5,1.8,1,1.3,0.0966666666666667,194,97,207,102,FALSE,NA,TRUE,NA,-0.0451297767011794,-0.0451297767011794,0.0451297767011794,0.0451297767011794,0.00203669674509831,-0.365682341382668,0.279529333873461,1,0.891706057285686,-0.0245846427143143,0.0245846427143143,0.0245846427143143,0.000604404657390485,0.622125471138204,1.16793225221598,1,1.02455525053099,-0.00506374946900778,0.00506374946900778,0.00506374946900778,2.56415586848766e-05,0.63645517088617,1.41172380993289,1,1.62063059463107,0.12063059463107,0.12063059463107,0.12063059463107,0.0145517403610456,1.45308470940232,1.78683772128016,1,1.82859854325347,0.028598543253473,0.028598543253473,0.028598543253473,0.000817876676220766,1.67980745233284,1.95075963713639,1
3,"n600-b1_1-b2_2p5-b3_2p8",600,9,29,1,1,0,0.9162907,1.029619,1.5,1.8,1,1.3,0.128333333333333,189,98,190,123,FALSE,NA,TRUE,NA,-0.0339576250447338,-0.0339576250447338,0.0339576250447338,0.0339576250447338,0.00115312029867873,-0.35474333840685,0.28042680293312,1,1.05652765154895,0.140236951548947,0.140236951548947,0.140236951548947,0.0196664025797418,0.781925090275518,1.33711983627605,1,0.899734533170174,-0.129884466829826,0.129884466829826,0.129884466829826,0.0168699747236682,0.516007009779461,1.29068462541533,1,1.51200106629632,0.0120010662963177,0.0120010662963177,0.0120010662963177,0.000144025592248613,1.44312721643014,1.57271496676386,1,1.79563119236255,-0.00436880763744996,0.00436880763744996,0.00436880763744996,1.90864801730411e-05,1.50288038151657,1.88980497644629,1
3,"n600-b1_1-b2_2p5-b3_2p8",600,10,30,1,1,0,0.9162907,1.029619,1.5,1.8,1,1.3,0.0816666666666667,211,87,202,100,FALSE,NA,TRUE,NA,-0.122977800177917,-0.122977800177917,0.122977800177917,0.122977800177917,0.0151235393365996,-0.458880608004259,0.202610199172867,1,0.765674394583847,-0.150616305416153,0.150616305416153,0.150616305416153,0.0226852714572119,0.501711165040493,1.03706629273867,1,1.17252344826305,0.142904448263047,0.142904448263047,0.142904448263047,0.0204216813333658,0.790385452218156,1.56687398981684,1,1.48821956456984,-0.0117804354301576,0.0117804354301576,0.0117804354301576,0.000138778658924113,1.41805606462177,1.55194040462147,1,1.79315072722862,-0.00684927277138381,0.00684927277138381,0.00684927277138381,4.69125374968196e-05,1.57623546589532,1.92649795803305,1
4,"n600-b1_1-b2_2p5-b3_2p8",600,1,31,1,1,0,0.9162907,1.029619,1.5,1.8,1,1.3,0.0983333333333334,202,84,215,99,FALSE,NA,TRUE,NA,0.0841074029579636,0.0841074029579636,0.0841074029579636,0.0841074029579636,0.00707405523233327,-0.256103257681835,0.422215198971521,1,1.01686201119005,0.100571311190046,0.100571311190046,0.100571311190046,0.0101145886344851,0.742804852073447,1.29819147970677,1,0.886065663065537,-0.143553336934463,0.143553336934463,0.143553336934463,0.0206075605450195,0.485816563545391,1.28123456679811,1,1.5148341561746,0.0148341561746022,0.0148341561746022,0.0148341561746022,0.000220052189412487,1.46977164129304,1.56384971893391,1,1.81374244425313,0.0137424442531326,0.0137424442531326,0.0137424442531326,0.000188854774050458,1.76298433494438,1.87495651053987,1
4,"n600-b1_1-b2_2p5-b3_2p8",600,2,32,1,1,0,0.9162907,1.029619,1.5,1.8,1,1.3,0.0866666666666667,189,102,207,102,FALSE,NA,TRUE,NA,-0.265934930725465,-0.265934930725465,0.265934930725465,0.265934930725465,0.0707213873799577,-0.581687625888808,0.0444127556247919,1,0.855776431796105,-0.0605142682038955,0.0605142682038955,0.0605142682038955,0.003661976656253,0.594748426399132,1.12574849830861,1,1.09819781010781,0.0685788101078115,0.0685788101078115,0.0685788101078115,0.00470305319580327,0.71475530956405,1.47720673711144,1,1.45511991600435,-0.0448800839956542,0.0448800839956542,0.0448800839956542,0.00201422193945698,1.42556650807865,1.54232481057428,1,1.7720978038948,-0.0279021961052046,0.0279021961052046,0.0279021961052046,0.000778532547493295,1.70566820225725,1.86608951316808,1
4,"n600-b1_1-b2_2p5-b3_2p8",600,3,33,1,1,0,0.9162907,1.029619,1.5,1.8,1,1.3,0.0916666666666667,216,88,201,95,FALSE,NA,TRUE,NA,0.263559121449629,0.263559121449629,0.263559121449629,0.263559121449629,0.0694634104993003,-0.0816394137327708,0.602025355136257,1,1.01121398709077,0.0949232870907668,0.0949232870907668,0.0949232870907668,0.00901043043211614,0.722942783526207,1.31118221736311,1,0.669093944453821,-0.360525055546179,0.360525055546179,0.360525055546179,0.129978315676575,0.267124085567246,1.07088092832845,1,1.55176827645157,0.0517682764515683,0.0517682764515683,0.0517682764515683,0.00267995444676601,1.45120505698008,1.70696753851178,1,1.73163265766807,-0.06836734233193,0.06836734233193,0.06836734233193,0.00467409349753131,1.55986208877069,1.99151080844109,1
4,"n600-b1_1-b2_2p5-b3_2p8",600,4,34,1,1,0,0.9162907,1.029619,1.5,1.8,1,1.3,0.0816666666666667,239,92,182,87,FALSE,NA,TRUE,NA,0.352512486441938,0.352512486441938,0.352512486441938,0.352512486441938,0.124265053097478,0.0136044042143373,0.692517289206182,0,1.04557985216199,0.129289152161992,0.129289152161992,0.129289152161992,0.0167156848667666,0.748832968320044,1.3546213006208,1,0.76990263481102,-0.25971636518898,0.25971636518898,0.25971636518898,0.0674525903469756,0.368008353957031,1.16755263424393,1,1.44957163140146,-0.0504283685985352,0.0504283685985352,0.0504283685985352,0.00254302035950973,1.3643156090761,1.60770884740971,1,1.78208776726464,-0.017912232735362,0.017912232735362,0.017912232735362,0.000320848081565775,1.69179017063987,1.91356614957463,1
4,"n600-b1_1-b2_2p5-b3_2p8",600,5,35,1,1,0,0.9162907,1.029619,1.5,1.8,1,1.3,0.115,197,93,207,103,FALSE,NA,TRUE,NA,0.197829726616034,0.197829726616034,0.197829726616034,0.197829726616034,0.0391366007329749,-0.142013167798132,0.537070812942548,1,1.12281550653963,0.206524806539628,0.206524806539628,0.206524806539628,0.0426524957162309,0.837272449919766,1.41749753850193,1,0.827519495640922,-0.202099504359078,0.202099504359078,0.202099504359078,0.040844209662185,0.430651342713621,1.22743293865617,1,1.50300032118897,0.00300032118896931,0.00300032118896931,0.00300032118896931,9.00192723697823e-06,1.4138304428132,1.6509953543109,1,1.78819506866088,-0.0118049313391191,0.0118049313391191,0.0118049313391191,0.000139356403921316,1.59038213102066,1.90255364380018,1
4,"n600-b1_1-b2_2p5-b3_2p8",600,6,36,1,1,0,0.9162907,1.029619,1.5,1.8,1,1.3,0.1,206,105,194,95,FALSE,NA,TRUE,NA,0.324421621662238,0.324421621662238,0.324421621662238,0.324421621662238,0.105249388601957,0.000662296369786724,0.639893372909476,0,1.17499200484804,0.258701304848039,0.258701304848039,0.258701304848039,0.0669263651300778,0.88322398924582,1.47755844740402,1,0.785593195536757,-0.244025804463243,0.244025804463243,0.244025804463243,0.0595485932439329,0.405085443680743,1.17148290560054,1,1.52605462082675,0.0260546208267542,0.0260546208267542,0.0260546208267542,0.000678843266425936,1.4255331149485,1.64508777835736,1,1.83903795072341,0.0390379507234146,0.0390379507234146,0.0390379507234146,0.00152396159668375,1.69149123197399,2.05805700967294,1
4,"n600-b1_1-b2_2p5-b3_2p8",600,7,37,1,1,0,0.9162907,1.029619,1.5,1.8,1,1.3,0.09,226,109,171,94,FALSE,NA,TRUE,NA,-0.176857172956755,-0.176857172956755,0.176857172956755,0.176857172956755,0.0312784596262556,-0.489515590933,0.146231895508808,1,1.02909446752868,0.112803767528682,0.112803767528682,0.112803767528682,0.0127246899686649,0.738784377809588,1.33281232965348,1,1.22997474109013,0.200355741090129,0.200355741090129,0.200355741090129,0.0401424229877749,0.838124735922084,1.61989040213704,1,1.50464836218116,0.00464836218115994,0.00464836218115994,0.00464836218115994,2.1607270967238e-05,1.34072802015406,1.66893935425185,1,1.84549228248642,0.0454922824864201,0.0454922824864201,0.0454922824864201,0.00206954776582425,1.77399160114704,1.9671755558008,1
4,"n600-b1_1-b2_2p5-b3_2p8",600,8,38,1,1,0,0.9162907,1.029619,1.5,1.8,1,1.3,0.0933333333333334,207,105,186,102,FALSE,NA,TRUE,NA,-0.0569506736520053,-0.0569506736520053,0.0569506736520053,0.0569506736520053,0.00324337922941722,-0.364128502129303,0.24453492034844,1,0.852762566803556,-0.0635281331964445,0.0635281331964445,0.0635281331964445,0.00403582370742519,0.583845153063071,1.13096410367276,1,1.1558302183881,0.126211218388096,0.126211218388096,0.126211218388096,0.0159292716470076,0.783941675348827,1.5223399090963,1,1.53318597519706,0.0331859751970616,0.0331859751970616,0.0331859751970616,0.00110130894977999,1.48650360219485,1.65462436063545,1,1.85569090780104,0.0556909078010388,0.0556909078010388,0.0556909078010388,0.0031014772117038,1.79302242617892,1.97036806154981,1
4,"n600-b1_1-b2_2p5-b3_2p8",600,9,39,1,1,0,0.9162907,1.029619,1.5,1.8,1,1.3,0.0916666666666667,196,97,204,103,FALSE,NA,TRUE,NA,0.0216065300289257,0.0216065300289257,0.0216065300289257,0.0216065300289257,0.000466842139890866,-0.295783703528864,0.335674041179529,1,0.93701137557578,0.0207206755757801,0.0207206755757801,0.0207206755757801,0.000429346396316728,0.67156284870832,1.20957381566678,1,0.998266874408767,-0.031352125591233,0.031352125591233,0.031352125591233,0.000982955779088448,0.620453131735544,1.37740405066535,1,1.46065082316555,-0.0393491768344507,0.0393491768344507,0.0393491768344507,0.00154835771754887,1.36078779120073,1.60548623705017,1,1.81560699369588,0.0156069936958827,0.0156069936958827,0.0156069936958827,0.000243578252223322,1.73256208712429,1.94565229947142,1
4,"n600-b1_1-b2_2p5-b3_2p8",600,10,40,1,1,0,0.9162907,1.029619,1.5,1.8,1,1.3,0.103333333333333,210,80,200,110,FALSE,NA,TRUE,NA,-0.367763642721317,-0.367763642721317,0.367763642721317,0.367763642721317,0.135250096907653,-0.716804820877926,-0.0266893910954447,0,0.735548561700387,-0.180742138299613,0.180742138299613,0.180742138299613,0.0326677205571165,0.475255625076356,1.00654019281627,1,1.27102010524615,0.241401105246153,0.241401105246153,0.241401105246153,0.0582744936140641,0.868168991561352,1.66607824925316,1,1.38725736903449,-0.112742630965507,0.112742630965507,0.112742630965507,0.0127109008370244,1.26603083663301,1.55459147041262,1,1.74704381892649,-0.0529561810735124,0.0529561810735124,0.0529561810735124,0.00280435711389063,1.67040583483681,1.8668243355949,1
5,"n600-b1_1-b2_2p5-b3_2p8",600,1,41,1,1,0,0.9162907,1.029619,1.5,1.8,1,1.3,0.11,208,82,204,106,FALSE,NA,TRUE,NA,-0.019947274202193,-0.019947274202193,0.019947274202193,0.019947274202193,0.000397893748097473,-0.367971792279466,0.32271646313807,1,1.08571371990082,0.169423019900821,0.169423019900821,0.169423019900821,0.0287041596723139,0.805325423388941,1.37219334679389,1,1.11781454079598,0.0881955407959758,0.0881955407959758,0.0881955407959758,0.00777845341629463,0.718632186573164,1.51975658939244,1,1.55370943950464,0.0537094395046354,0.0537094395046354,0.0537094395046354,0.00288470389190209,1.42714615471429,1.72949557401621,1,1.83068821601345,0.030688216013447,0.030688216013447,0.030688216013447,0.000941766602087982,1.65323929663785,2.04381234109242,1
5,"n600-b1_1-b2_2p5-b3_2p8",600,2,42,1,1,0,0.9162907,1.029619,1.5,1.8,1,1.3,0.0966666666666667,185,123,187,105,FALSE,NA,TRUE,NA,0.165133072205076,0.165133072205076,0.165133072205076,0.165133072205076,0.0272689315358869,-0.135134565038025,0.466674841717843,1,1.05861212137139,0.142321421371395,0.142321421371395,0.142321421371395,0.0202553869811741,0.776727571377854,1.34325144734966,1,0.924352386780342,-0.105266613219658,0.105266613219658,0.105266613219658,0.0110810598587371,0.55511911712299,1.30011865216882,1,1.40869622559292,-0.0913037744070844,0.0913037744070844,0.0913037744070844,0.00833637922097975,1.29953089933191,1.5199080724655,1,1.8257431658293,0.0257431658293017,0.0257431658293017,0.0257431658293017,0.000662710586914926,1.69073839074599,2.02273147289467,1
5,"n600-b1_1-b2_2p5-b3_2p8",600,3,43,1,1,0,0.9162907,1.029619,1.5,1.8,1,1.3,0.108333333333333,204,87,204,105,FALSE,NA,TRUE,NA,0.147234405311805,0.147234405311805,0.147234405311805,0.147234405311805,0.0216779701075209,-0.18508971638845,0.480909389083579,1,1.04548851653434,0.129197816534341,0.129197816534341,0.129197816534341,0.0166920757972412,0.770675732881133,1.33408134484388,1,0.921178484233965,-0.108440515766035,0.108440515766035,0.108440515766035,0.0117593454596038,0.525990069325549,1.31566498033874,1,1.51980696196305,0.0198069619630543,0.0198069619630543,0.0198069619630543,0.00039231574220588,1.40265463815769,1.63449369358583,1,1.81866471988446,0.0186647198844585,0.0186647198844585,0.0186647198844585,0.000348371768365301,1.74095798092686,1.92973559690921,1
5,"n600-b1_1-b2_2p5-b3_2p8",600,4,44,1,1,0,0.9162907,1.029619,1.5,1.8,1,1.3,0.105,207,98,188,107,FALSE,NA,TRUE,NA,0.0554975024299988,0.0554975024299988,0.0554975024299988,0.0554975024299988,0.00307997277596772,-0.259726824439716,0.373320570574431,1,0.907703244276197,-0.00858745572380315,0.00858745572380315,0.00858745572380315,7.37443958082795e-05,0.634775950603705,1.19110869353591,1,0.986387816496814,-0.0432311835031859,0.0432311835031859,0.0432311835031859,0.00186893522708613,0.601405407173371,1.3680666844352,1,1.53094158272205,0.0309415827220541,0.0309415827220541,0.0309415827220541,0.000957381541345714,1.46218751760015,1.66081928988536,1,1.77595905001345,-0.0240409499865533,0.0240409499865533,0.0240409499865533,0.000577967276255955,1.70518752668184,1.85506872687808,1
5,"n600-b1_1-b2_2p5-b3_2p8",600,5,45,1,1,0,0.9162907,1.029619,1.5,1.8,1,1.3,0.1,203,117,196,84,FALSE,NA,TRUE,NA,-0.308843933172429,-0.308843933172429,0.308843933172429,0.308843933172429,0.0953845750574158,-0.635931109990688,0.0183121033380381,1,0.628330469205949,-0.287960230794051,0.287960230794051,0.287960230794051,0.082921094518963,0.345446250897182,0.929393479217367,1,1.38274042319961,0.353121423199615,0.353121423199615,0.353121423199615,0.124694739522522,0.984310264259308,1.77597975038752,1,1.46643219459093,-0.0335678054090713,0.0335678054090713,0.0335678054090713,0.00112679755998128,1.31637966664443,1.56616161305085,1,1.70870113499523,-0.0912988650047741,0.0912988650047741,0.0912988650047741,0.00833548275115997,1.51635855553296,1.81126337252573,1
5,"n600-b1_1-b2_2p5-b3_2p8",600,6,46,1,1,0,0.9162907,1.029619,1.5,1.8,1,1.3,0.0933333333333334,208,93,209,90,FALSE,NA,TRUE,NA,-0.432019655792819,-0.432019655792819,0.432019655792819,0.432019655792819,0.186640982991346,-0.775200927194451,-0.0945959421062193,0,0.927133819949815,0.0108431199498149,0.0108431199498149,0.0108431199498149,0.000117573250246074,0.654832965745975,1.20938208389816,1,1.34764962844302,0.318030628443021,0.318030628443021,0.318030628443021,0.101143480627863,0.948090971297554,1.74974090528277,1,1.58919583158707,0.0891958315870731,0.0891958315870731,0.0891958315870731,0.00795589637250951,1.48109691089936,1.73469469554352,1,1.88036012926195,0.0803601292619458,0.0803601292619458,0.0803601292619458,0.00645775037499664,1.77895695893225,2.03794610614048,1
5,"n600-b1_1-b2_2p5-b3_2p8",600,7,47,1,1,0,0.9162907,1.029619,1.5,1.8,1,1.3,0.095,199,97,205,99,FALSE,NA,TRUE,NA,0.080578167274999,0.080578167274999,0.080578167274999,0.080578167274999,0.00649284104139772,-0.241422343661322,0.392381514817665,1,1.09590516206285,0.179614462062845,0.179614462062845,0.179614462062845,0.0322613549821253,0.820117835160754,1.37639347050537,1,0.892875944022772,-0.136743055977228,0.136743055977228,0.136743055977228,0.0186986633579912,0.516608954892505,1.27800526635268,1,1.51990172789279,0.0199017278927873,0.0199017278927873,0.0199017278927873,0.000396078773118549,1.47194326967013,1.64498211881544,1,1.81345912700654,0.0134591270065358,0.0134591270065358,0.0134591270065358,0.000181148099778062,1.75534902165616,1.90192640935419,1
5,"n600-b1_1-b2_2p5-b3_2p8",600,8,48,1,1,0,0.9162907,1.029619,1.5,1.8,1,1.3,0.0983333333333334,188,91,210,111,FALSE,NA,TRUE,NA,0.236783980449698,0.236783980449698,0.236783980449698,0.236783980449698,0.0560666533976031,-0.0827785633848779,0.559039593439315,1,1.03815235798974,0.121861657989743,0.121861657989743,0.121861657989743,0.014850263688009,0.767352034912359,1.31032442699747,1,0.905276098079567,-0.124342901920433,0.124342901920433,0.124342901920433,0.0154611572579944,0.515369369880512,1.2857464068146,1,1.5176747375791,0.0176747375791011,0.0176747375791011,0.0176747375791011,0.000312396348490089,1.46185177269261,1.61359069645362,1,1.84521125227339,0.0452112522733943,0.0452112522733943,0.0452112522733943,0.0020440573321285,1.70909627423062,2.17401528042902,1
5,"n600-b1_1-b2_2p5-b3_2p8",600,9,49,1,1,0,0.9162907,1.029619,1.5,1.8,1,1.3,0.0866666666666667,197,115,192,96,FALSE,NA,TRUE,NA,0.0177994421829863,0.0177994421829863,0.0177994421829863,0.0177994421829863,0.000316820142025471,-0.276662896555819,0.319457752303554,1,0.877439216625006,-0.0388514833749943,0.0388514833749943,0.0388514833749943,0.00150943776043746,0.606670584162149,1.1567938526229,1,0.996728717601754,-0.0328902823982463,0.0328902823982463,0.0328902823982463,0.00108177067623639,0.626130627472367,1.36153941811805,1,1.41704389016914,-0.0829561098308598,0.0829561098308598,0.0829561098308598,0.00688171615826967,1.26098206690423,1.56512993458978,1,1.77504743173335,-0.0249525682666534,0.0249525682666534,0.0249525682666534,0.000622630663101997,1.66391611740785,1.9209326227832,1
5,"n600-b1_1-b2_2p5-b3_2p8",600,10,50,1,1,0,0.9162907,1.029619,1.5,1.8,1,1.3,0.105,198,107,198,97,FALSE,NA,TRUE,NA,0.034838879941387,0.034838879941387,0.034838879941387,0.034838879941387,0.00121374755557038,-0.284560544887776,0.355923952719757,1,0.928262773781308,0.0119720737813083,0.0119720737813083,0.0119720737813083,0.000143330550625089,0.649071466620449,1.21596443360304,1,0.982936634098622,-0.0466823659013781,0.0466823659013781,0.0466823659013781,0.00217924328615015,0.593645571985391,1.36608316603717,1,1.52413776310889,0.0241377631088868,0.0241377631088868,0.0241377631088868,0.000582631607900738,1.43764865839814,1.79414217274162,1,1.92770796048356,0.127707960483561,0.127707960483561,0.127707960483561,0.0163093231708708,1.76176354850579,2.12567561515476,1
6,"n600-b1_1-b2_2p5-b3_2p8",600,1,51,1,1,0,0.9162907,1.029619,1.5,1.8,1,1.3,0.103333333333333,188,104,206,102,FALSE,NA,TRUE,NA,0.0633334431365867,0.0633334431365867,0.0633334431365867,0.0633334431365867,0.00401112501953526,-0.255217116615322,0.379288070910169,1,1.09999507597048,0.183704375970475,0.183704375970475,0.183704375970475,0.0337472977507017,0.820039253318175,1.38409143373377,1,0.918805651818854,-0.110813348181146,0.110813348181146,0.110813348181146,0.0122795981351159,0.543187807680066,1.30180064670602,1,1.46822566330631,-0.0317743366936949,0.0317743366936949,0.0317743366936949,0.00100960847232429,1.42758175039056,1.51470058832692,1,1.80165059120546,0.00165059120545941,0.00165059120545941,0.00165059120545941,2.72445132753994e-06,1.72943039901043,1.88479414375673,1
6,"n600-b1_1-b2_2p5-b3_2p8",600,2,52,1,1,0,0.9162907,1.029619,1.5,1.8,1,1.3,0.0983333333333334,215,90,208,87,FALSE,NA,TRUE,NA,0.0419999267852255,0.0419999267852255,0.0419999267852255,0.0419999267852255,0.0017639938499643,-0.289002481259897,0.376621027152549,1,0.883900606609519,-0.0323900933904812,0.0323900933904812,0.0323900933904812,0.00104911814984409,0.60030125725678,1.17566524586593,1,0.936252625135138,-0.0933663748648622,0.0933663748648622,0.0933663748648622,0.00871727995540597,0.538221406949449,1.32798875206894,1,1.4911511514453,-0.00884884855470469,0.00884884855470469,0.00884884855470469,7.83021207440993e-05,1.44969748221458,1.54382163795374,1,1.7939472251566,-0.00605277484340272,0.00605277484340272,0.00605277484340272,3.66360833049288e-05,1.76159142290487,1.84852398103682,1
6,"n600-b1_1-b2_2p5-b3_2p8",600,3,53,1,1,0,0.9162907,1.029619,1.5,1.8,1,1.3,0.0916666666666667,204,102,197,97,FALSE,NA,TRUE,NA,-0.243118081201903,-0.243118081201903,0.243118081201903,0.243118081201903,0.0591064014072953,-0.584342359713114,0.0908563458431447,1,0.810041853603016,-0.106248846396984,0.106248846396984,0.106248846396984,0.0112888173606898,0.525909226087883,1.09965533422314,1,1.23164773282357,0.20202873282357,0.20202873282357,0.20202873282357,0.0408156088862976,0.829958765537654,1.63772334900854,1,1.27169535068378,-0.228304649316217,0.228304649316217,0.228304649316217,0.052123012899401,1.14634240718302,1.43632006076898,0,1.46035912221178,-0.339640877788223,0.339640877788223,0.339640877788223,0.115355925864755,1.18498620959194,1.74440321377352,0
6,"n600-b1_1-b2_2p5-b3_2p8",600,4,54,1,1,0,0.9162907,1.029619,1.5,1.8,1,1.3,0.13,204,93,198,105,FALSE,NA,TRUE,NA,-0.10037853226678,-0.10037853226678,0.10037853226678,0.10037853226678,0.0100758497400329,-0.432163562062227,0.233569661455463,1,0.813327029242555,-0.102963670757445,0.102963670757445,0.102963670757445,0.0106015174958476,0.540063601146521,1.09547016184927,1,1.11204700649029,0.0824280064902896,0.0824280064902896,0.0824280064902896,0.00679437625396322,0.709963944533573,1.50920069022873,1,1.51270573587366,0.0127057358736569,0.0127057358736569,0.0127057358736569,0.000161435724091131,1.42783427328389,1.59334842427884,1,1.86590171337103,0.0659017133710256,0.0659017133710256,0.0659017133710256,0.00434303582523681,1.75238924544522,1.97044748478796,1
6,"n600-b1_1-b2_2p5-b3_2p8",600,5,55,1,1,0,0.9162907,1.029619,1.5,1.8,1,1.3,0.103333333333333,183,109,213,95,FALSE,NA,TRUE,NA,-0.046114506942726,-0.046114506942726,0.046114506942726,0.046114506942726,0.00212654775057073,-0.357881132318957,0.269219573946498,1,0.982276307471155,0.0659856074711554,0.0659856074711554,0.0659856074711554,0.00435410039333741,0.70846327829217,1.27348186289425,1,1.22187741012729,0.192258410127291,0.192258410127291,0.192258410127291,0.0369632962646735,0.833839877135739,1.60760846322872,1,1.50082567576205,0.000825675762052613,0.000825675762052613,0.000825675762052613,6.81740464041164e-07,1.43738401324764,1.59339304153612,1,1.793777148862,-0.00622285113799737,0.00622285113799737,0.00622285113799737,3.87238762856751e-05,1.76000970833476,1.86838684305214,1
6,"n600-b1_1-b2_2p5-b3_2p8",600,6,56,1,1,0,0.9162907,1.029619,1.5,1.8,1,1.3,0.123333333333333,180,99,209,112,FALSE,NA,TRUE,NA,0.202739476645289,0.202739476645289,0.202739476645289,0.202739476645289,0.0411032953904059,-0.116897941453114,0.52366962540379,1,1.09164761193186,0.175356911931863,0.175356911931863,0.175356911931863,0.0307500465622791,0.819508553498802,1.37145152108186,1,0.747105104317014,-0.282513895682986,0.282513895682986,0.282513895682986,0.0798141012539772,0.361095102866386,1.12625981383435,1,1.52461304870142,0.0246130487014238,0.0246130487014238,0.0246130487014238,0.000605802166378659,1.37620015575122,1.65266249928821,1,1.69579211045227,-0.104207889547727,0.104207889547727,0.104207889547727,0.0108592842439914,1.62110775608096,1.80315182245093,1
6,"n600-b1_1-b2_2p5-b3_2p8",600,7,57,1,1,0,0.9162907,1.029619,1.5,1.8,1,1.3,0.103333333333333,196,109,202,93,FALSE,NA,TRUE,NA,0.0640549048443435,0.0640549048443435,0.0640549048443435,0.0640549048443435,0.0041030308346179,-0.25054554735201,0.376875648080543,1,0.982885995386953,0.0665952953869525,0.0665952953869525,0.0665952953869525,0.00443493336767546,0.702832158705921,1.26742872841061,1,0.960180826601753,-0.069438173398247,0.069438173398247,0.069438173398247,0.00482165992488501,0.575386829768801,1.34639577830885,1,1.5475411786467,0.0475411786467048,0.0475411786467048,0.0475411786467048,0.0022601636671179,1.43900124360721,1.6456392675033,1,1.84822309291475,0.0482230929147471,0.0482230929147471,0.0482230929147471,0.00232546669026434,1.79285093990224,1.95386212808155,1
6,"n600-b1_1-b2_2p5-b3_2p8",600,8,58,1,1,0,0.9162907,1.029619,1.5,1.8,1,1.3,0.09,195,103,202,100,FALSE,NA,TRUE,NA,0.0941075871842756,0.0941075871842756,0.0941075871842756,0.0941075871842756,0.00885623796564603,-0.218856817809,0.411155594901389,1,0.985673400739588,0.0693827007395875,0.0693827007395875,0.0693827007395875,0.00481395916191916,0.706575139795188,1.26943679467825,1,0.795654003732261,-0.233964996267739,0.233964996267739,0.233964996267739,0.0547396194785633,0.413148427519675,1.1807633338562,1,1.59494973379234,0.0949497337923431,0.0949497337923431,0.0949497337923431,0.00901545194723681,1.48107136118597,1.77028851515736,1,1.77560838144151,-0.0243916185584938,0.0243916185584938,0.0243916185584938,0.00059495105590306,1.66114801832519,1.97891296314011,1
6,"n600-b1_1-b2_2p5-b3_2p8",600,9,59,1,1,0,0.9162907,1.029619,1.5,1.8,1,1.3,0.1,208,92,199,101,FALSE,NA,TRUE,NA,-0.174467247335922,-0.174467247335922,0.174467247335922,0.174467247335922,0.0304388203929739,-0.497717230745034,0.146441624961719,1,0.66606849297026,-0.25022220702974,0.25022220702974,0.25022220702974,0.0626111528908338,0.400453462584049,0.940431568433388,1,1.21055277583186,0.180933775831856,0.180933775831856,0.180933775831856,0.0327370312367722,0.821031580523315,1.59455062435944,1,1.67423082465364,0.174230824653642,0.174230824653642,0.174230824653642,0.030356380259488,1.49082173392355,2.25134210158483,1,2.06456133479481,0.264561334794813,0.264561334794813,0.264561334794813,0.0699926998684132,1.76999591441915,2.85089997849268,1
6,"n600-b1_1-b2_2p5-b3_2p8",600,10,60,1,1,0,0.9162907,1.029619,1.5,1.8,1,1.3,0.1,179,117,201,103,FALSE,NA,TRUE,NA,-0.1902634101564,-0.1902634101564,0.1902634101564,0.1902634101564,0.0362001652443423,-0.488727239887994,0.109506265092543,1,0.74364243243867,-0.17264826756133,0.17264826756133,0.17264826756133,0.0298074242919284,0.483445196783785,1.01339999394197,1,1.15358333346874,0.123964333468741,0.123964333468741,0.123964333468741,0.0153671559723493,0.77617466110549,1.52370991196464,1,1.69401451982251,0.194014519822508,0.194014519822508,0.194014519822508,0.0376416339019582,1.52367649768864,1.79778979632295,0,1.87232104509629,0.0723210450962892,0.0723210450962892,0.0723210450962892,0.0052303335638195,1.75745799023192,2.00091814593918,1
7,"n600-b1_1-b2_2p5-b3_2p8",600,1,61,1,1,0,0.9162907,1.029619,1.5,1.8,1,1.3,0.0966666666666667,193,102,216,89,FALSE,NA,TRUE,NA,0.253837977355299,0.253837977355299,0.253837977355299,0.253837977355299,0.0644337187478295,-0.0698544655060537,0.575881842153182,1,1.01726722443374,0.100976524433735,0.100976524433735,0.100976524433735,0.0101962584867167,0.726321652828703,1.31656616041326,1,0.81277041230256,-0.21684858769744,0.21684858769744,0.21684858769744,0.0470233099863742,0.430088220752117,1.19736987121239,1,1.50946900238519,0.00946900238519421,0.00946900238519421,0.00946900238519421,8.96620061708137e-05,1.40692684348262,1.77519343327003,1,1.76108807971241,-0.0389119202875901,0.0389119202875901,0.0389119202875901,0.00151413754046776,1.53287509241719,2.06114026921017,1
7,"n600-b1_1-b2_2p5-b3_2p8",600,2,62,1,1,0,0.9162907,1.029619,1.5,1.8,1,1.3,0.101666666666667,197,101,211,91,FALSE,NA,TRUE,NA,0.00512856627121474,0.00512856627121474,0.00512856627121474,0.00512856627121474,2.63021919982415e-05,-0.331365862640282,0.340612275082444,1,1.05583722894517,0.13954652894517,0.13954652894517,0.13954652894517,0.0194732337406452,0.76929812585292,1.35026412586821,1,0.800267700455862,-0.229351299544138,0.229351299544138,0.229351299544138,0.0526020186025848,0.40125885843331,1.19436634518916,1,1.49924503155496,-0.000754968445035198,0.000754968445035198,0.000754968445035198,5.69977352998865e-07,1.44016933502272,1.56817590321596,1,1.76997268373688,-0.0300273162631162,0.0300273162631162,0.0300273162631162,0.000901639721965201,1.67314356068078,1.88369872938418,1
7,"n600-b1_1-b2_2p5-b3_2p8",600,3,63,1,1,0,0.9162907,1.029619,1.5,1.8,1,1.3,0.085,201,100,195,104,FALSE,NA,TRUE,NA,0.155701503008829,0.155701503008829,0.155701503008829,0.155701503008829,0.0242429580392083,-0.156571345174468,0.470364423372896,1,0.873953558236261,-0.0423371417637395,0.0423371417637395,0.0423371417637395,0.00179243357272297,0.607852523109348,1.15327519848729,1,1.14398098636675,0.11436198636675,0.11436198636675,0.11436198636675,0.0130786639257487,0.764003695131081,1.52579593076045,1,1.49367474495732,-0.00632525504267534,0.00632525504267534,0.00632525504267534,4.00088513548898e-05,1.42134387272505,1.62478489774922,1,1.78913657608668,-0.0108634239133227,0.0108634239133227,0.0108634239133227,0.000118013979120552,1.71287419386014,1.97657118574571,1
7,"n600-b1_1-b2_2p5-b3_2p8",600,4,64,1,1,0,0.9162907,1.029619,1.5,1.8,1,1.3,0.103333333333333,211,101,203,85,FALSE,NA,TRUE,NA,-0.030092987903443,-0.030092987903443,0.030092987903443,0.030092987903443,0.000905587920956769,-0.384203522663536,0.315620347546207,1,1.01816295056058,0.101872250560584,0.101872250560584,0.101872250560584,0.0103779554342784,0.713527614022514,1.32458092440376,1,1.07987208453567,0.050253084535669,0.050253084535669,0.050253084535669,0.0025253725053491,0.680157972733824,1.49049719621781,1,1.4671077663891,-0.0328922336109003,0.0328922336109003,0.0328922336109003,0.00108189903191404,1.29700408174275,1.61903401817821,1,1.7942580125733,-0.0057419874267044,0.0057419874267044,0.0057419874267044,3.29704196084314e-05,1.62457076536255,1.89509838734186,1
7,"n600-b1_1-b2_2p5-b3_2p8",600,5,65,1,1,0,0.9162907,1.029619,1.5,1.8,1,1.3,0.116666666666667,210,109,179,102,FALSE,NA,TRUE,NA,0.158344035745978,0.158344035745978,0.158344035745978,0.158344035745978,0.0250728336563237,-0.161972957478457,0.475775622688746,1,1.02822296160244,0.111932261602441,0.111932261602441,0.111932261602441,0.0125288311874372,0.746458159972311,1.31477747563966,1,0.918154802227318,-0.111464197772682,0.111464197772682,0.111464197772682,0.0124242673851076,0.538642974436904,1.30385655875865,1,1.66701346060663,0.167013460606631,0.167013460606631,0.167013460606631,0.0278934960238026,1.49079288453505,1.87359131110316,1,1.76930164680898,-0.0306983531910199,0.0306983531910199,0.0306983531910199,0.0009423888886406,1.67009490495118,1.86909708829356,1
7,"n600-b1_1-b2_2p5-b3_2p8",600,6,66,1,1,0,0.9162907,1.029619,1.5,1.8,1,1.3,0.111666666666667,176,111,212,101,FALSE,NA,TRUE,NA,0.065443125829484,0.065443125829484,0.065443125829484,0.065443125829484,0.00428280271833368,-0.242419193430336,0.377724373485785,1,0.977337415085626,0.0610467150856255,0.0610467150856255,0.0610467150856255,0.00372670142274554,0.696309979273321,1.26453371011302,1,1.02160712640706,-0.00801187359294331,0.00801187359294331,0.00801187359294331,6.41901184693023e-05,0.63526197802395,1.40036371472136,1,1.50486929078577,0.0048692907857677,0.0048692907857677,0.0048692907857677,2.37099927563622e-05,1.40515594954375,1.55146249262998,1,1.82850113225673,0.0285011322567328,0.0285011322567328,0.0285011322567328,0.000812314539915774,1.7595394256395,1.94375466666794,1
7,"n600-b1_1-b2_2p5-b3_2p8",600,7,67,1,1,0,0.9162907,1.029619,1.5,1.8,1,1.3,0.101666666666667,200,97,198,105,FALSE,NA,TRUE,NA,0.0316430213562163,0.0316430213562163,0.0316430213562163,0.0316430213562163,0.00100128080054996,-0.291095015773386,0.346885006753273,1,0.746766159870931,-0.169524540129069,0.169524540129069,0.169524540129069,0.0287385697059723,0.48598586058495,1.01643507269408,1,0.953345218853611,-0.0762737811463893,0.0762737811463893,0.0762737811463893,0.00581768969036729,0.573669409783597,1.33715478106526,1,1.47149554230971,-0.0285044576902864,0.0285044576902864,0.0285044576902864,0.000812504108217329,1.30952957968972,1.62497088770234,1,1.82793191611127,0.027931916111269,0.027931916111269,0.027931916111269,0.000780191937646968,1.69756721981713,1.95656374519482,1
7,"n600-b1_1-b2_2p5-b3_2p8",600,8,68,1,1,0,0.9162907,1.029619,1.5,1.8,1,1.3,0.11,207,109,198,86,FALSE,NA,TRUE,NA,0.0292655766221486,0.0292655766221486,0.0292655766221486,0.0292655766221486,0.000856473975026849,-0.310225272477133,0.368297880385231,1,1.22454026972927,0.308249569729272,0.308249569729272,0.308249569729272,0.0950177972382813,0.925180019357317,1.53433599955262,0,0.868265143526264,-0.161353856473736,0.161353856473736,0.161353856473736,0.0260350669989469,0.465143254426275,1.26486566629994,1,1.55048371878064,0.0504837187806415,0.0504837187806415,0.0504837187806415,0.0025486058619229,1.5105266693814,1.59668155011292,0,1.65310581222241,-0.146894187777585,0.146894187777585,0.146894187777585,0.0215779024028365,1.61141827855143,1.70589558589052,0
7,"n600-b1_1-b2_2p5-b3_2p8",600,9,69,1,1,0,0.9162907,1.029619,1.5,1.8,1,1.3,0.0883333333333334,201,95,196,108,FALSE,NA,TRUE,NA,-0.246025924201252,-0.246025924201252,0.246025924201252,0.246025924201252,0.0605287553790803,-0.565995854016945,0.0678964660761049,1,0.766790517916511,-0.149500182083489,0.149500182083489,0.149500182083489,0.0223503044429963,0.498843556109116,1.03682178990622,1,1.27787988500451,0.248260885004506,0.248260885004506,0.248260885004506,0.0616334670232208,0.900913042905891,1.67052115981107,1,1.47362169321493,-0.0263783067850742,0.0263783067850742,0.0263783067850742,0.000695815068847494,1.38088583669048,1.5533418891257,1,1.7047533469236,-0.0952466530763989,0.0952466530763989,0.0952466530763989,0.00907192492225589,1.48220438652642,1.90072911857139,1
7,"n600-b1_1-b2_2p5-b3_2p8",600,10,70,1,1,0,0.9162907,1.029619,1.5,1.8,1,1.3,0.0833333333333334,200,103,222,75,FALSE,NA,TRUE,NA,-0.0748110578810622,-0.0748110578810622,0.0748110578810622,0.0748110578810622,0.00559669438128363,-0.413327118928793,0.273790027431541,1,1.00984098560682,0.0935502856068233,0.0935502856068233,0.0935502856068233,0.00875165593711822,0.709901796086571,1.32468801186088,1,0.985625603330731,-0.0439933966692692,0.0439933966692692,0.0439933966692692,0.00193541895049966,0.579591455522179,1.38087834227343,1,1.54576888705715,0.0457688870571529,0.0457688870571529,0.0457688870571529,0.00209479102245042,1.49454630753607,1.66311852410741,1,1.73135324086182,-0.0686467591381836,0.0686467591381836,0.0686467591381836,0.0047123775401758,1.64377530969872,1.87897843524753,1
8,"n600-b1_1-b2_2p5-b3_2p8",600,1,71,1,1,0,0.9162907,1.029619,1.5,1.8,1,1.3,0.0816666666666667,222,92,192,94,FALSE,NA,TRUE,NA,0.185763728494285,0.185763728494285,0.185763728494285,0.185763728494285,0.0345081628240984,-0.141925285645049,0.515479592535524,1,1.18689859647189,0.27060789647189,0.27060789647189,0.27060789647189,0.0732286336329411,0.900498798524197,1.47956636338095,1,0.762912589452824,-0.266706410547176,0.266706410547176,0.266706410547176,0.0711323094269589,0.375831864735472,1.15188566210343,1,1.43480660950374,-0.0651933904962601,0.0651933904962601,0.0651933904962601,0.00425017816439785,1.36000373504547,1.5328966610557,1,1.75687051431192,-0.0431294856880819,0.0431294856880819,0.0431294856880819,0.00186015253571847,1.65959827124887,1.85506230970784,1
8,"n600-b1_1-b2_2p5-b3_2p8",600,2,72,1,1,0,0.9162907,1.029619,1.5,1.8,1,1.3,0.09,209,113,176,102,FALSE,NA,TRUE,NA,0.0853725907429448,0.0853725907429448,0.0853725907429448,0.0853725907429448,0.00728847925016235,-0.220854186865379,0.391889261906025,1,0.875723280755506,-0.0405674192444939,0.0405674192444939,0.0405674192444939,0.00164571550415854,0.596749313153793,1.15843178688622,1,0.859275829954385,-0.170343170045615,0.170343170045615,0.170343170045615,0.0290167955811892,0.488051190465481,1.23640821797264,1,1.41594061265174,-0.0840593873482611,0.0840593873482611,0.0840593873482611,0.007065980601365,0.916291137430737,1.65609636182467,1,1.81024899267071,0.010248992670707,0.010248992670707,0.010248992670707,0.000105041850764206,1.55682482601988,2.00401661865824,1
8,"n600-b1_1-b2_2p5-b3_2p8",600,3,73,1,1,0,0.9162907,1.029619,1.5,1.8,1,1.3,0.105,185,104,208,103,FALSE,NA,TRUE,NA,0.201038751081557,0.201038751081557,0.201038751081557,0.201038751081557,0.0404165794364322,-0.117913175751651,0.514747570221365,1,1.13093258364715,0.214641883647148,0.214641883647148,0.214641883647148,0.0460711382155957,0.851984844475319,1.41523571761622,1,0.740835311174858,-0.288783688825142,0.288783688825142,0.288783688825142,0.0833960189314563,0.359224540110609,1.11778674345039,1,1.52738596239442,0.027385962394415,0.027385962394415,0.027385962394415,0.000749990936268315,1.48580788931174,1.61632842939704,1,1.82387666736522,0.0238766673652233,0.0238766673652233,0.0238766673652233,0.00057009524446952,1.77272962635267,1.91940324841853,1
8,"n600-b1_1-b2_2p5-b3_2p8",600,4,74,1,1,0,0.9162907,1.029619,1.5,1.8,1,1.3,0.0983333333333334,191,95,215,99,FALSE,NA,TRUE,NA,0.23481488599119,0.23481488599119,0.23481488599119,0.23481488599119,0.0551380306830557,-0.100366999607271,0.566066118956034,1,1.11707009862909,0.200779398629086,0.200779398629086,0.200779398629086,0.0403123669138573,0.833918535543789,1.41115639230807,1,0.711070293041491,-0.318548706958509,0.318548706958509,0.318548706958509,0.101473278704938,0.320196667659365,1.10105522137861,1,1.57478189059179,0.0747818905917947,0.0747818905917947,0.0747818905917947,0.00559233116048316,1.44818548784182,1.72483258913827,1,1.84128399940949,0.0412839994094929,0.0412839994094929,0.0412839994094929,0.00170436860724301,1.77701509177436,1.96298282895209,1
8,"n600-b1_1-b2_2p5-b3_2p8",600,5,75,1,1,0,0.9162907,1.029619,1.5,1.8,1,1.3,0.11,181,114,210,95,FALSE,NA,TRUE,NA,0.260877878179132,0.260877878179132,0.260877878179132,0.260877878179132,0.0680572673232459,-0.0603756794703851,0.580774575078606,1,1.25280863303776,0.336517933037764,0.336517933037764,0.336517933037764,0.113244319256009,0.962676470101496,1.55100894753377,0,0.567241052922474,-0.462377947077527,0.462377947077527,0.462377947077527,0.213793365943628,0.185689587332507,0.952449979124372,0,1.53572586927406,0.0357258692740565,0.0357258692740565,0.0357258692740565,0.00127633773538698,1.49821708879673,1.59032389927336,1,1.82443248898321,0.0244324889832055,0.0244324889832055,0.0244324889832055,0.000596946517914458,1.78133856079859,1.92456870027386,1
8,"n600-b1_1-b2_2p5-b3_2p8",600,6,76,1,1,0,0.9162907,1.029619,1.5,1.8,1,1.3,0.0933333333333334,213,85,211,91,FALSE,NA,TRUE,NA,-0.213867749466732,-0.213867749466732,0.213867749466732,0.213867749466732,0.0457394142619647,-0.554277538188684,0.122922267577849,1,0.839838926483923,-0.0764517735160772,0.0764517735160772,0.0764517735160772,0.00584487367375357,0.565881159733866,1.12320002459435,1,1.29768765046386,0.268068650463856,0.268068650463856,0.268068650463856,0.071860801361513,0.897619040853977,1.70034575106632,1,1.48457621110887,-0.0154237888911293,0.0154237888911293,0.0154237888911293,0.000237893263758123,1.42829291495255,1.54142093820389,1,1.77744075615308,-0.0225592438469207,0.0225592438469207,0.0225592438469207,0.000508919482944827,1.7021451007527,1.83108834469098,1
8,"n600-b1_1-b2_2p5-b3_2p8",600,7,77,1,1,0,0.9162907,1.029619,1.5,1.8,1,1.3,0.085,214,81,201,104,FALSE,NA,TRUE,NA,-0.10300833337176,-0.10300833337176,0.10300833337176,0.10300833337176,0.0106107167440276,-0.444032012187448,0.23734910272518,1,1.15893487787704,0.242644177877036,0.242644177877036,0.242644177877036,0.0588761970576228,0.885486940962631,1.43857772238758,1,1.07998031868184,0.0503613186818446,0.0503613186818446,0.0503613186818446,0.00253626241937431,0.673658649169705,1.48668085675527,1,1.45759788262753,-0.04240211737247,0.04240211737247,0.04240211737247,0.00179793955766872,1.34724839650727,1.53801449052756,1,1.76737049090703,-0.0326295090929734,0.0326295090929734,0.0326295090929734,0.00106468486364843,1.62717054849793,1.88531086469321,1
8,"n600-b1_1-b2_2p5-b3_2p8",600,8,78,1,1,0,0.9162907,1.029619,1.5,1.8,1,1.3,0.0983333333333334,212,102,196,90,FALSE,NA,TRUE,NA,0.0521234265344888,0.0521234265344888,0.0521234265344888,0.0521234265344888,0.00271685159369625,-0.284166103493415,0.386899462934603,1,1.106662564063,0.190371864062996,0.190371864062996,0.190371864062996,0.03624144662682,0.817921316016382,1.40438123553716,1,0.818524767834423,-0.211094232165577,0.211094232165577,0.211094232165577,0.0445607748535747,0.430803584625614,1.21073462945937,1,1.49054488121358,-0.00945511878641914,0.00945511878641914,0.00945511878641914,8.93992712652961e-05,1.43937003507092,1.60109039370362,1,1.78864462778585,-0.0113553722141466,0.0113553722141466,0.0113553722141466,0.000128944478121813,1.72870453563683,1.90529105629136,1
8,"n600-b1_1-b2_2p5-b3_2p8",600,9,79,1,1,0,0.9162907,1.029619,1.5,1.8,1,1.3,0.11,179,102,206,113,FALSE,NA,TRUE,NA,-0.115851813377178,-0.115851813377178,0.115851813377178,0.115851813377178,0.0134216426627804,-0.431946338257491,0.195420209380043,1,0.95812529202626,0.0418345920262602,0.0418345920262602,0.0418345920262602,0.00175013309000363,0.68676456098192,1.22878928754769,1,0.945803892605017,-0.0838151073949834,0.0838151073949834,0.0838151073949834,0.00702497222763261,0.568723494854731,1.32945096161048,1,1.40842700149054,-0.0915729985094644,0.0915729985094644,0.0915729985094644,0.00838561405601437,1.31429410462361,1.5167107661768,1,1.8203331060804,0.0203331060804031,0.0203331060804031,0.0203331060804031,0.000413435202876924,1.6530252503231,1.89950861554001,1
8,"n600-b1_1-b2_2p5-b3_2p8",600,10,80,1,1,0,0.9162907,1.029619,1.5,1.8,1,1.3,0.0816666666666667,219,97,191,93,FALSE,NA,TRUE,NA,0.15016719189606,0.15016719189606,0.15016719189606,0.15016719189606,0.0225501855219481,-0.16600236918207,0.465332286938266,1,0.839870555508486,-0.0764201444915142,0.0764201444915142,0.0764201444915142,0.00584003848410391,0.558781561735339,1.1270408880866,1,0.882653695601784,-0.146965304398216,0.146965304398216,0.146965304398216,0.0215988006968603,0.500774956559032,1.26969189305214,1,1.59868345660518,0.0986834566051804,0.0986834566051804,0.0986834566051804,0.00973842460754652,1.443762035647,1.7564562742784,1,1.82445760099346,0.0244576009934572,0.0244576009934572,0.0244576009934572,0.000598174246355157,1.74989239361346,1.98319081663633,1
9,"n600-b1_1-b2_2p5-b3_2p8",600,1,81,1,1,0,0.9162907,1.029619,1.5,1.8,1,1.3,0.126666666666667,210,84,207,99,FALSE,NA,TRUE,NA,0.43397816683204,0.43397816683204,0.43397816683204,0.43397816683204,0.188337049286898,0.0730937145988575,0.799158166308403,0,1.49492498276399,0.578634282763987,0.578634282763987,0.578634282763987,0.334817633189794,1.18355532340965,1.80936462981401,0,0.497639076105468,-0.531979923894532,0.531979923894532,0.531979923894532,0.283002639426832,0.0786296484325856,0.920276402902992,0,1.54173112789978,0.0417311278997752,0.0417311278997752,0.0417311278997752,0.00174148703578739,1.47320840224729,1.6643318381638,1,1.83256424322718,0.0325642432271753,0.0325642432271753,0.0325642432271753,0.00106042993695863,1.7394993972817,1.96664426019103,1
9,"n600-b1_1-b2_2p5-b3_2p8",600,2,82,1,1,0,0.9162907,1.029619,1.5,1.8,1,1.3,0.0983333333333334,202,104,204,90,FALSE,NA,TRUE,NA,-0.135198009613966,-0.135198009613966,0.135198009613966,0.135198009613966,0.0182785018035781,-0.464129045023586,0.190781581814769,1,0.789300712143409,-0.126989987856591,0.126989987856591,0.126989987856591,0.0161264570158172,0.51543687552899,1.07054105651876,1,1.20456125739248,0.17494225739248,0.17494225739248,0.17494225739248,0.0306047934215768,0.820933122082031,1.5910869471663,1,1.50124051460274,0.00124051460273589,0.00124051460273589,0.00124051460273589,1.53887647960098e-06,1.43654521545235,1.5712020922115,1,1.83777433310927,0.0377743331092741,0.0377743331092741,0.0377743331092741,0.0014269002418504,1.76459112445827,1.93465671865838,1
9,"n600-b1_1-b2_2p5-b3_2p8",600,3,83,1,1,0,0.9162907,1.029619,1.5,1.8,1,1.3,0.07,183,105,210,102,FALSE,NA,TRUE,NA,-0.27667730593771,-0.27667730593771,0.27667730593771,0.27667730593771,0.0765503316209492,-0.575016092881578,0.0249172865252871,1,0.921842290990045,0.00555159099004465,0.00555159099004465,0.00555159099004465,3.0820162520745e-05,0.664413062492541,1.18585851749744,1,1.34612434336295,0.316505343362946,0.316505343362946,0.316505343362946,0.100175632377296,0.967705759280407,1.72187973052505,1,1.52823954157785,0.0282395415778538,0.0282395415778538,0.0282395415778538,0.000797471708527333,1.47335230863931,1.61903589939399,1,1.81561522002724,0.0156152200272417,0.0156152200272417,0.0156152200272417,0.00024383509649917,1.76377344330653,1.9257167686292,1
9,"n600-b1_1-b2_2p5-b3_2p8",600,4,84,1,1,0,0.9162907,1.029619,1.5,1.8,1,1.3,0.0883333333333334,200,86,219,95,FALSE,NA,TRUE,NA,0.210616592850872,0.210616592850872,0.210616592850872,0.210616592850872,0.04435934918411,-0.131410441877175,0.556185369087847,1,0.998249357404939,0.0819586574049388,0.0819586574049388,0.0819586574049388,0.00671722152362013,0.712945474348075,1.2900090264948,1,0.692620242446548,-0.336998757553452,0.336998757553452,0.336998757553452,0.113568162592571,0.29688547637074,1.08686679696708,1,1.50869022854694,0.00869022854693657,0.00869022854693657,0.00869022854693657,7.55200721979914e-05,1.46151523056984,1.60840964929171,1,1.75501613606516,-0.0449838639348379,0.0449838639348379,0.0449838639348379,0.00202354801450801,1.68674853359758,1.81679928396469,1
9,"n600-b1_1-b2_2p5-b3_2p8",600,5,85,1,1,0,0.9162907,1.029619,1.5,1.8,1,1.3,0.103333333333333,191,95,221,93,FALSE,NA,TRUE,NA,-0.367867549032654,-0.367867549032654,0.367867549032654,0.367867549032654,0.135326533631292,-0.697203648335667,-0.0374366777275162,0,0.763737468287372,-0.152553231712628,0.152553231712628,0.152553231712628,0.0232724885059667,0.498588129249976,1.04089929466594,1,1.52306142987746,0.493442429877456,0.493442429877456,0.493442429877456,0.243485431603368,1.13032287676797,1.91813553271691,0,1.54491537535417,0.0449153753541685,0.0449153753541685,0.0449153753541685,0.00201739094320584,1.50024113964406,1.60607099859015,0,1.79630967935199,-0.00369032064800834,0.00369032064800834,0.00369032064800834,1.36184664851167e-05,1.75066639253088,1.84005845302029,1
9,"n600-b1_1-b2_2p5-b3_2p8",600,6,86,1,1,0,0.9162907,1.029619,1.5,1.8,1,1.3,0.0866666666666667,207,87,200,106,FALSE,NA,TRUE,NA,0.112871965228909,0.112871965228909,0.112871965228909,0.112871965228909,0.012740080534636,-0.208957301083933,0.427846290216422,1,0.987757109970749,0.071466409970749,0.071466409970749,0.071466409970749,0.00510744775410718,0.715516039434533,1.26632155273293,1,0.860254616221212,-0.169364383778788,0.169364383778788,0.169364383778788,0.0286842944927685,0.481578863772327,1.24713586270493,1,1.51830592307386,0.0183059230738554,0.0183059230738554,0.0183059230738554,0.00033510681958591,1.42546854956246,1.60637106991567,1,1.80212834094025,0.00212834094024816,0.00212834094024816,0.00212834094024816,4.52983515793644e-06,1.67939700196684,1.92630207709933,1
9,"n600-b1_1-b2_2p5-b3_2p8",600,7,87,1,1,0,0.9162907,1.029619,1.5,1.8,1,1.3,0.0833333333333334,188,84,209,119,FALSE,NA,TRUE,NA,-0.131802174781806,-0.131802174781806,0.131802174781806,0.131802174781806,0.0173718132772139,-0.446076041568853,0.180173710363709,1,0.831307807471202,-0.0849828925287978,0.0849828925287978,0.0849828925287978,0.00722209202256119,0.580760356568421,1.08739892195679,1,1.25089503228719,0.221276032287187,0.221276032287187,0.221276032287187,0.0489630824647604,0.867610944845398,1.63401779995315,1,1.50758232604204,0.0075823260420409,0.0075823260420409,0.0075823260420409,5.74916682078116e-05,1.45566775625547,1.59479537322155,1,1.83609887153966,0.0360988715396608,0.0360988715396608,0.0360988715396608,0.00130312852643694,1.79356577028971,1.9171856589345,1
9,"n600-b1_1-b2_2p5-b3_2p8",600,8,88,1,1,0,0.9162907,1.029619,1.5,1.8,1,1.3,0.1,201,98,198,103,FALSE,NA,TRUE,NA,-0.0283565582481036,-0.0283565582481036,0.0283565582481036,0.0283565582481036,0.000804094395678095,-0.345570539323608,0.289266295555455,1,0.991824103480011,0.0755334034800108,0.0755334034800108,0.0755334034800108,0.00570529504127411,0.721351474363622,1.26925289842622,1,0.953083584272025,-0.0765354157279751,0.0765354157279751,0.0765354157279751,0.00585766986065397,0.570711850235076,1.33481910289283,1,1.45842483039259,-0.0415751696074074,0.0415751696074074,0.0415751696074074,0.00172849472788469,1.36656618967713,1.5691030237373,1,1.80808178224691,0.00808178224690814,0.00808178224690814,0.00808178224690814,6.53152042864396e-05,1.75106113126114,1.94316359389115,1
9,"n600-b1_1-b2_2p5-b3_2p8",600,9,89,1,1,0,0.9162907,1.029619,1.5,1.8,1,1.3,0.105,198,113,189,100,FALSE,NA,TRUE,NA,-0.150664643592844,-0.150664643592844,0.150664643592844,0.150664643592844,0.0226998348289587,-0.466147501700764,0.159284390792655,1,0.643945535817633,-0.272345164182367,0.272345164182367,0.272345164182367,0.0741718884535202,0.376847509716825,0.919440391497479,1,1.19190296808349,0.162283968083495,0.162283968083495,0.162283968083495,0.0263360862969248,0.821040888026261,1.57031032513842,1,1.468261964413,-0.0317380355870023,0.0317380355870023,0.0317380355870023,0.00100730290292182,1.3933543744871,1.5953971464348,1,1.7056140892127,-0.0943859107873042,0.0943859107873042,0.0943859107873042,0.00890870015514894,1.61545997223329,1.80440859226787,1
9,"n600-b1_1-b2_2p5-b3_2p8",600,10,90,1,1,0,0.9162907,1.029619,1.5,1.8,1,1.3,0.136666666666667,202,97,193,108,FALSE,NA,TRUE,NA,0.129389950434335,0.129389950434335,0.129389950434335,0.129389950434335,0.0167417592733996,-0.211578055097097,0.47547204702327,1,1.01429248038551,0.098001780385514,0.098001780385514,0.098001780385514,0.00960434895873052,0.721937100872724,1.31444332813287,1,0.914525223403064,-0.115093776596936,0.115093776596936,0.115093776596936,0.0132465774113454,0.505001972452792,1.31923350679836,1,1.46944769273777,-0.0305523072622333,0.0305523072622333,0.0305523072622333,0.000933443479045916,1.37580457896227,1.59284029991093,1,1.71031459600267,-0.0896854039973305,0.0896854039973305,0.0896854039973305,0.00804347169016438,1.52089066078105,1.97270736934907,1
10,"n600-b1_1-b2_2p5-b3_2p8",600,1,91,1,1,0,0.9162907,1.029619,1.5,1.8,1,1.3,0.09,232,111,168,89,FALSE,NA,TRUE,NA,0.0709143144291627,0.0709143144291627,0.0709143144291627,0.0709143144291627,0.00502883999095815,-0.251104027791483,0.400024952067643,1,1.09508732865714,0.178796628657141,0.178796628657141,0.178796628657141,0.0319682344191595,0.798306371290201,1.40737528461,1,0.796653863025625,-0.232965136974375,0.232965136974375,0.232965136974375,0.0542727550454894,0.409646434495986,1.18340098707396,1,1.38934535470697,-0.110654645293029,0.110654645293029,0.110654645293029,0.012244450524926,1.2692883650236,1.54270077376203,1,1.71200997526707,-0.0879900247329262,0.0879900247329262,0.0879900247329262,0.00774224445250096,1.55981385210988,1.88809021353086,1
10,"n600-b1_1-b2_2p5-b3_2p8",600,2,92,1,1,0,0.9162907,1.029619,1.5,1.8,1,1.3,0.115,208,99,189,104,FALSE,NA,TRUE,NA,-0.058097383341773,-0.058097383341773,0.058097383341773,0.058097383341773,0.00337530595116093,-0.386720270508859,0.267922367404077,1,1.07674250195953,0.160451801959528,0.160451801959528,0.160451801959528,0.0257447807520596,0.794635731113628,1.35990923933955,1,1.12131740984969,0.0916984098496885,0.0916984098496885,0.0916984098496885,0.00840859836896144,0.728096861254992,1.51755906909459,1,1.43779950916703,-0.0622004908329727,0.0622004908329727,0.0622004908329727,0.00386890105986273,1.33547715841095,1.62258529711547,1,1.76860605139674,-0.0313939486032582,0.0313939486032582,0.0313939486032582,0.000985580008904016,1.7065436031229,1.8790763134099,1
10,"n600-b1_1-b2_2p5-b3_2p8",600,3,93,1,1,0,0.9162907,1.029619,1.5,1.8,1,1.3,0.1,211,87,202,100,FALSE,NA,TRUE,NA,0.0879728621396595,0.0879728621396595,0.0879728621396595,0.0879728621396595,0.00773922447304354,-0.252939722476451,0.43451619654335,1,1.00346891792386,0.0871782179238585,0.0871782179238585,0.0871782179238585,0.00760004168037976,0.717687344935139,1.2923596393259,1,1.00069443697504,-0.0289245630249608,0.0289245630249608,0.0289245630249608,0.000836630346184931,0.597889985665669,1.40974420060148,1,1.38712625577293,-0.112873744227069,0.112873744227069,0.112873744227069,0.0127404821358379,1.28092614895636,1.50636058653624,1,1.75533858633026,-0.0446614136697423,0.0446614136697423,0.0446614136697423,0.00199464187097984,1.68511345725892,1.84129454852649,1
10,"n600-b1_1-b2_2p5-b3_2p8",600,4,94,1,1,0,0.9162907,1.029619,1.5,1.8,1,1.3,0.0866666666666667,205,85,209,101,FALSE,NA,TRUE,NA,0.0288109573499038,0.0288109573499038,0.0288109573499038,0.0288109573499038,0.000830071263417974,-0.294252019480422,0.355756582779805,1,0.643282416848701,-0.273008283151299,0.273008283151299,0.273008283151299,0.07453352266922,0.38217059103506,0.91515167996602,0,1.15479915971605,0.125180159716047,0.125180159716047,0.125180159716047,0.015670072386535,0.759448277962605,1.54724465236892,1,1.56180734791691,0.0618073479169068,0.0618073479169068,0.0618073479169068,0.00382014825652156,1.46644007611696,1.73825835479354,1,1.83119849814179,0.0311984981417914,0.0311984981417914,0.0311984981417914,0.000973346286303363,1.67738688633128,2.00981886425552,1
10,"n600-b1_1-b2_2p5-b3_2p8",600,5,95,1,1,0,0.9162907,1.029619,1.5,1.8,1,1.3,0.103333333333333,189,94,193,124,FALSE,NA,TRUE,NA,-0.109888626845654,-0.109888626845654,0.109888626845654,0.109888626845654,0.0120755103100234,-0.418531087686255,0.193962920941668,1,0.889807125109979,-0.0264835748900207,0.0264835748900207,0.0264835748900207,0.000701379738955337,0.631383135790142,1.14959712749766,1,1.14525279744539,0.115633797445391,0.115633797445391,0.115633797445391,0.0133711751116418,0.766262141680361,1.5282916160672,1,1.583915080175,0.0839150801749955,0.0839150801749955,0.0839150801749955,0.00704174068077592,1.45270557475209,1.76893390763822,1,1.85072909349891,0.0507290934989104,0.0507290934989104,0.0507290934989104,0.00257344092722119,1.78042925997076,2.00716419656668,1
10,"n600-b1_1-b2_2p5-b3_2p8",600,6,96,1,1,0,0.9162907,1.029619,1.5,1.8,1,1.3,0.111666666666667,196,109,192,103,FALSE,NA,TRUE,NA,0.188785949022326,0.188785949022326,0.188785949022326,0.188785949022326,0.0356401345482603,-0.123109373952556,0.507441914090801,1,1.03557583188637,0.119285131886368,0.119285131886368,0.119285131886368,0.0142289426891482,0.753179641796323,1.32829271789595,1,0.876495909643208,-0.153123090356792,0.153123090356792,0.153123090356792,0.0234466808004142,0.4876337406755,1.26707095017506,1,1.47910980519721,-0.0208901948027862,0.0208901948027862,0.0208901948027862,0.000436400238898356,1.38644194834939,1.62755818927989,1,1.83700982105428,0.0370098210542831,0.0370098210542831,0.0370098210542831,0.00136972685447005,1.70742549308604,2.05241087216091,1
10,"n600-b1_1-b2_2p5-b3_2p8",600,7,97,1,1,0,0.9162907,1.029619,1.5,1.8,1,1.3,0.103333333333333,194,92,218,96,FALSE,NA,TRUE,NA,0.114036271686705,0.114036271686705,0.114036271686705,0.114036271686705,0.0130042712602039,-0.230125040508708,0.457543792046765,1,0.985039113429654,0.0687484134296537,0.0687484134296537,0.0687484134296537,0.00472634434909458,0.703505653526408,1.27487513872091,1,0.85125144859845,-0.17836755140155,0.17836755140155,0.17836755140155,0.0318149833929847,0.442735124512208,1.24719191134223,1,1.59379161154615,0.0937916115461523,0.0937916115461523,0.0937916115461523,0.00879686639642434,1.41734252057668,1.75998325601209,1,1.83142321945199,0.0314232194519937,0.0314232194519937,0.0314232194519937,0.000987418720728153,1.73176495439369,1.90255582637281,1
10,"n600-b1_1-b2_2p5-b3_2p8",600,8,98,1,1,0,0.9162907,1.029619,1.5,1.8,1,1.3,0.085,233,93,177,97,FALSE,NA,TRUE,NA,0.266810916329185,0.266810916329185,0.266810916329185,0.266810916329185,0.0711880650724192,-0.0643578567030195,0.594763330339395,1,0.86323300914047,-0.0530576908595299,0.0530576908595299,0.0530576908595299,0.00281511855934545,0.577426221033322,1.1564569150209,1,0.833473956781567,-0.196145043218433,0.196145043218433,0.196145043218433,0.0384728779791611,0.443623755882133,1.23097352218484,1,1.45960533858402,-0.04039466141598,0.04039466141598,0.04039466141598,0.00163172867091167,1.39541604774736,1.52333545487636,1,1.73075700909893,-0.0692429909010654,0.0692429909010654,0.0692429909010654,0.00479459178892503,1.60107765146303,1.80327541817194,1
10,"n600-b1_1-b2_2p5-b3_2p8",600,9,99,1,1,0,0.9162907,1.029619,1.5,1.8,1,1.3,0.123333333333333,192,96,215,97,FALSE,NA,TRUE,NA,-0.0938268023928711,-0.0938268023928711,0.0938268023928711,0.0938268023928711,0.00880346884727088,-0.435831575433355,0.245336429050969,1,1.04836604281397,0.132075342813966,0.132075342813966,0.132075342813966,0.0174438961794268,0.768705645859955,1.33700891490344,1,1.20127567829897,0.171656678298969,0.171656678298969,0.171656678298969,0.0294660152046357,0.800508738425616,1.61051071433909,1,1.46429180492548,-0.0357081950745217,0.0357081950745217,0.0357081950745217,0.0012750751954801,1.35799023610648,1.55828359581536,1,1.75814158847397,-0.0418584115260305,0.0418584115260305,0.0418584115260305,0.00175212661548253,1.66702376849072,1.83279171858493,1
10,"n600-b1_1-b2_2p5-b3_2p8",600,10,100,1,1,0,0.9162907,1.029619,1.5,1.8,1,1.3,0.105,194,96,199,111,FALSE,NA,TRUE,NA,0.0296242938220749,0.0296242938220749,0.0296242938220749,0.0296242938220749,0.000877598784456628,-0.278015707053946,0.336396575078335,1,0.772604312732201,-0.143686387267799,0.143686387267799,0.143686387267799,0.0206457778860718,0.506906671555667,1.04634040456273,1,1.10203919807468,0.0724201980746793,0.0724201980746793,0.0724201980746793,0.00524468508917578,0.727491204194558,1.48237966499682,1,1.54190521966885,0.0419052196688523,0.0419052196688523,0.0419052196688523,0.00175604743549477,1.42556025153752,1.73010889888805,1,1.84885906001581,0.0488590600158092,0.0488590600158092,0.0488590600158092,0.00238720774562844,1.72834669555969,2.10083018586408,1
11,"n600-b1_1-b2_2p5-b3_2p8",600,1,101,1,1,0,0.9162907,1.029619,1.5,1.8,1,1.3,0.0983333333333334,191,107,191,111,FALSE,NA,TRUE,NA,0.0300224232248906,0.0300224232248906,0.0300224232248906,0.0300224232248906,0.000901345896294448,-0.280341678061926,0.33718023552621,1,0.961726277105098,0.0454355771050979,0.0454355771050979,0.0454355771050979,0.0020643916668733,0.693523953575043,1.23822113015331,1,1.13290199479708,0.103282994797076,0.103282994797076,0.103282994797076,0.0106673770142529,0.753434372362455,1.51221465957303,1,1.53209959078217,0.0320995907821662,0.0320995907821662,0.0320995907821662,0.00103038372838253,1.46591850748301,1.65397743679459,1,1.84129253862335,0.0412925386233516,0.0412925386233516,0.0412925386233516,0.00170507374596098,1.74277616505232,1.9854446469889,1
11,"n600-b1_1-b2_2p5-b3_2p8",600,2,102,1,1,0,0.9162907,1.029619,1.5,1.8,1,1.3,0.09,183,111,200,106,FALSE,NA,TRUE,NA,0.151774336450797,0.151774336450797,0.151774336450797,0.151774336450797,0.0230354492050796,-0.152126011422103,0.454103012519311,1,0.949193992947935,0.0329032929479351,0.0329032929479351,0.0329032929479351,0.00108262668681764,0.687207829681089,1.22323665364183,1,1.04674387690153,0.0171248769015253,0.0171248769015253,0.0171248769015253,0.000293261408892395,0.669981231651067,1.41420205427141,1,1.56900089763244,0.0690008976324432,0.0690008976324432,0.0690008976324432,0.00476112387408291,1.46232851901115,1.66918023582987,1,1.83729615913469,0.0372961591346861,0.0372961591346861,0.0372961591346861,0.00139100348619983,1.78344757817682,1.96975002610413,1
11,"n600-b1_1-b2_2p5-b3_2p8",600,3,103,1,1,0,0.9162907,1.029619,1.5,1.8,1,1.3,0.0916666666666667,221,94,189,96,FALSE,NA,TRUE,NA,0.0857455834643637,0.0857455834643637,0.0857455834643637,0.0857455834643637,0.00735230508364417,-0.237968539711312,0.412378103846915,1,0.845680271115289,-0.0706104288847107,0.0706104288847107,0.0706104288847107,0.00498583266728279,0.563458963087418,1.12874613509247,1,1.06606614350795,0.0364471435079547,0.0364471435079547,0.0364471435079547,0.00132839426988945,0.676475777642123,1.45955144240703,1,1.50843141307834,0.0084314130783445,0.0084314130783445,0.0084314130783445,7.10887264976786e-05,1.44379290388258,1.77696485562186,1,2.00221152804136,0.202211528041357,0.202211528041357,0.202211528041357,0.0408895020728204,1.813471953615,2.23228934550899,0
11,"n600-b1_1-b2_2p5-b3_2p8",600,4,104,1,1,0,0.9162907,1.029619,1.5,1.8,1,1.3,0.111666666666667,195,108,210,87,FALSE,NA,TRUE,NA,-0.0560023202677005,-0.0560023202677005,0.0560023202677005,0.0560023202677005,0.0031362598753661,-0.389475009721696,0.278957245920764,1,0.937652617132639,0.021361917132639,0.021361917132639,0.021361917132639,0.000456331503581736,0.65431957014691,1.22773563065523,1,1.21874315112993,0.189124151129928,0.189124151129928,0.189124151129928,0.0357679445406158,0.819689447760774,1.61684823397951,1,1.54125908225262,0.04125908225262,0.04125908225262,0.04125908225262,0.00170231186832846,1.45638648533302,1.65483714888566,1,1.82003463932435,0.0200346393243456,0.0200346393243456,0.0200346393243456,0.000401386772856614,1.70014828686222,1.91227075758477,1
11,"n600-b1_1-b2_2p5-b3_2p8",600,5,105,1,1,0,0.9162907,1.029619,1.5,1.8,1,1.3,0.08,208,87,208,97,FALSE,NA,TRUE,NA,-0.0726060049991291,-0.0726060049991291,0.0726060049991291,0.0726060049991291,0.00527163196193356,-0.398761620304426,0.252763848411469,1,0.828989995144847,-0.0873007048551533,0.0873007048551533,0.0873007048551533,0.00762141306820658,0.562176978429377,1.10739850716487,1,1.04662107055343,0.0170020705534255,0.0170020705534255,0.0170020705534255,0.000289070403103659,0.656874216787805,1.43436981066359,1,1.60033922997947,0.100339229979469,0.100339229979469,0.100339229979469,0.0100679610728727,1.4991895793481,1.78298818444964,1,1.83485627768944,0.0348562776894439,0.0348562776894439,0.0348562776894439,0.00121496009436362,1.71323301474834,2.00084291097801,1
11,"n600-b1_1-b2_2p5-b3_2p8",600,6,106,1,1,0,0.9162907,1.029619,1.5,1.8,1,1.3,0.0983333333333334,182,114,215,89,FALSE,NA,TRUE,NA,-0.0790956502050049,-0.0790956502050049,0.0790956502050049,0.0790956502050049,0.0062561218813525,-0.386257143541551,0.225253198792672,1,0.767085476206612,-0.149205223793388,0.149205223793388,0.149205223793388,0.022262198807235,0.493827937511557,1.04330932847187,1,1.10261429927966,0.0729952992796619,0.0729952992796619,0.0729952992796619,0.0053283137169274,0.724194123790626,1.47628825152197,1,1.55956548251464,0.0595654825146432,0.0595654825146432,0.0595654825146432,0.00354804670720227,1.45925117451059,1.67006318017445,1,2.01546874276696,0.215468742766964,0.215468742766964,0.215468742766964,0.0464267791095762,1.78384543189613,2.27265910833741,1
11,"n600-b1_1-b2_2p5-b3_2p8",600,7,107,1,1,0,0.9162907,1.029619,1.5,1.8,1,1.3,0.1,193,95,216,96,FALSE,NA,TRUE,NA,-0.0532618341719038,-0.0532618341719038,0.0532618341719038,0.0532618341719038,0.00283682297935538,-0.387718079849889,0.283971008933282,1,1.13809092089038,0.22180022089038,0.22180022089038,0.22180022089038,0.0491953379870214,0.859415286410539,1.42850409647584,1,0.969398550770839,-0.0602204492291606,0.0602204492291606,0.0602204492291606,0.00362650250536191,0.569247608268901,1.3607003717142,1,1.46890401747533,-0.0310959825246664,0.0310959825246664,0.0310959825246664,0.000966960129174357,1.41553812446691,1.51636948244095,1,1.78291135686346,-0.0170886431365442,0.0170886431365442,0.0170886431365442,0.00029202172424816,1.74709246634481,1.84010550621925,1
11,"n600-b1_1-b2_2p5-b3_2p8",600,8,108,1,1,0,0.9162907,1.029619,1.5,1.8,1,1.3,0.0933333333333334,206,103,205,86,FALSE,NA,TRUE,NA,-0.0166823279590868,-0.0166823279590868,0.0166823279590868,0.0166823279590868,0.00027830006613453,-0.351131031326905,0.316576585183845,1,0.811860935395695,-0.104429764604305,0.104429764604305,0.104429764604305,0.0109055757353106,0.522702702454236,1.10696115083513,1,0.983160484406132,-0.0464585155938678,0.0464585155938678,0.0464585155938678,0.00215839367118566,0.586419066800178,1.37643493494871,1,1.49002420677969,-0.00997579322031328,0.00997579322031328,0.00997579322031328,9.95164503744484e-05,1.38207771068387,1.56474149524828,1,1.78032961861615,-0.0196703813838459,0.0196703813838459,0.0196703813838459,0.000386923903785952,1.69933676373821,1.83386329593308,1
11,"n600-b1_1-b2_2p5-b3_2p8",600,9,109,1,1,0,0.9162907,1.029619,1.5,1.8,1,1.3,0.123333333333333,209,108,180,103,FALSE,NA,TRUE,NA,-0.137278263425854,-0.137278263425854,0.137278263425854,0.137278263425854,0.0188453216092181,-0.459844679190304,0.18344629009729,1,0.876071593178565,-0.0402191068214348,0.0402191068214348,0.0402191068214348,0.00161757655351398,0.603218392353806,1.1571600891914,1,1.15794803291115,0.128329032911153,0.128329032911153,0.128329032911153,0.0164683406879119,0.76880321710454,1.55148921509223,1,1.53610374898278,0.0361037489827796,0.0361037489827796,0.0361037489827796,0.00130348069061156,1.4830765031976,1.66369758712307,1,1.7718830421499,-0.0281169578500977,0.0281169578500977,0.0281169578500977,0.000790563318744171,1.71017753358908,1.99718754301539,1
11,"n600-b1_1-b2_2p5-b3_2p8",600,10,110,1,1,0,0.9162907,1.029619,1.5,1.8,1,1.3,0.118333333333333,190,100,200,110,FALSE,NA,TRUE,NA,0.0125752445643719,0.0125752445643719,0.0125752445643719,0.0125752445643719,0.000158136775853765,-0.302389378199464,0.32812511620629,1,1.07541962967122,0.159128929671218,0.159128929671218,0.159128929671218,0.0253220162583075,0.808340816334266,1.34705607711084,1,0.903131922842963,-0.126487077157037,0.126487077157037,0.126487077157037,0.0159989806877303,0.524011716283811,1.28184772597631,1,1.64701409752397,0.147014097523971,0.147014097523971,0.147014097523971,0.0216131448707878,1.47961324934042,1.9173612787805,1,1.97772097094309,0.177720970943089,0.177720970943089,0.177720970943089,0.0315847435129543,1.70097003965515,2.1080965483975,1
12,"n600-b1_1-b2_2p5-b3_2p8",600,1,111,1,1,0,0.9162907,1.029619,1.5,1.8,1,1.3,0.1,189,106,200,105,FALSE,NA,TRUE,NA,-0.204550171760986,-0.204550171760986,0.204550171760986,0.204550171760986,0.0418407727674489,-0.503477308752864,0.102410646113403,1,0.790787902270946,-0.125502797729054,0.125502797729054,0.125502797729054,0.01575095223782,0.527149131052517,1.06242274393576,1,1.07846268618234,0.0488436861823365,0.0488436861823365,0.0488436861823365,0.00238570567987857,0.701028348066387,1.45404009081411,1,1.54860084970902,0.0486008497090162,0.0486008497090162,0.0486008497090162,0.00236204259243838,1.46091215537933,1.62935856391266,1,1.82699512316555,0.026995123165545,0.026995123165545,0.026995123165545,0.000728736674722943,1.77316218139232,1.92721437580845,1
12,"n600-b1_1-b2_2p5-b3_2p8",600,2,112,1,1,0,0.9162907,1.029619,1.5,1.8,1,1.3,0.0983333333333334,197,91,211,101,FALSE,NA,TRUE,NA,-0.0396236190139121,-0.0396236190139121,0.0396236190139121,0.0396236190139121,0.00157003118375966,-0.368654187918635,0.285252188700387,1,0.839279690993715,-0.0770110090062852,0.0770110090062852,0.0770110090062852,0.00593069550816614,0.569066255081557,1.11464820921223,1,1.05515133305605,0.0255323330560482,0.0255323330560482,0.0255323330560482,0.000651900031284971,0.666607371491497,1.45143128385545,1,1.39922682743755,-0.100773172562455,0.100773172562455,0.100773172562455,0.0101552323083023,1.35358240033582,1.49062698384767,0,1.86525051072771,0.065250510727709,0.065250510727709,0.065250510727709,0.00425762915022687,1.77965580986155,1.96586637381484,1
12,"n600-b1_1-b2_2p5-b3_2p8",600,3,113,1,1,0,0.9162907,1.029619,1.5,1.8,1,1.3,0.105,198,96,210,96,FALSE,NA,TRUE,NA,-0.134982664009729,-0.134982664009729,0.134982664009729,0.134982664009729,0.0182203195831635,-0.464466511404688,0.190170120711767,1,1.04289904161796,0.126608341617962,0.126608341617962,0.126608341617962,0.0160296721672506,0.769662517208863,1.32114359716256,1,1.03231034248779,0.00269134248779368,0.00269134248779368,0.00269134248779368,7.24332438660347e-06,0.637495114882674,1.42722984735927,1,1.52577659185385,0.0257765918538497,0.0257765918538497,0.0257765918538497,0.000664432687599952,1.44720485640301,1.60580297392203,1,1.85398818795953,0.0539881879595339,0.0539881879595339,0.0539881879595339,0.00291472443915396,1.77662853857193,1.94216683476494,1
12,"n600-b1_1-b2_2p5-b3_2p8",600,4,114,1,1,0,0.9162907,1.029619,1.5,1.8,1,1.3,0.085,186,100,208,106,FALSE,NA,TRUE,NA,-0.0300312769540803,-0.0300312769540803,0.0300312769540803,0.0300312769540803,0.000901877595492675,-0.33697753867943,0.271606573233999,1,0.780795308334839,-0.135495391665161,0.135495391665161,0.135495391665161,0.0183590011624953,0.52522354316144,1.04562415109209,1,1.05388006622325,0.0242610662232488,0.0242610662232488,0.0242610662232488,0.000588599334288861,0.682287219219759,1.43284708672587,1,1.55311561432454,0.0531156143245399,0.0531156143245399,0.0531156143245399,0.00282126848507327,1.47291727678774,1.69518187237538,1,1.83078672217567,0.0307867221756708,0.0307867221756708,0.0307867221756708,0.00094782226232194,1.7396176087,2.05677956922001,1
12,"n600-b1_1-b2_2p5-b3_2p8",600,5,115,1,1,0,0.9162907,1.029619,1.5,1.8,1,1.3,0.0933333333333334,199,102,188,111,FALSE,NA,TRUE,NA,0.248623757074258,0.248623757074258,0.248623757074258,0.248623757074258,0.0618137725817195,-0.0539726170291802,0.552352386575621,1,1.01813009800554,0.101839398005541,0.101839398005541,0.101839398005541,0.010371262986131,0.751364412622571,1.29671782673049,1,0.877021037728632,-0.152597962271368,0.152597962271368,0.152597962271368,0.0232861380893738,0.500732611804819,1.25864839255992,1,1.5528279121453,0.0528279121453008,0.0528279121453008,0.0528279121453008,0.00279078830163162,1.4606712188114,1.81352242527921,1,1.86394960459184,0.0639496045918366,0.0639496045918366,0.0639496045918366,0.00408955192745225,1.73201195835323,2.17509534944358,1
12,"n600-b1_1-b2_2p5-b3_2p8",600,6,116,1,1,0,0.9162907,1.029619,1.5,1.8,1,1.3,0.1,188,110,214,88,FALSE,NA,TRUE,NA,-0.0167828658105223,-0.0167828658105223,0.0167828658105223,0.0167828658105223,0.000281664584814,-0.336576655110101,0.306759722909753,1,0.823355773299947,-0.0929349267000527,0.0929349267000527,0.0929349267000527,0.00863690060074416,0.543065776326134,1.11115715635106,1,1.103407120795,0.0737881207950006,0.0737881207950006,0.0737881207950006,0.0054446867704576,0.71117429918928,1.48952524328936,1,1.49271948152811,-0.00728051847189315,0.00728051847189315,0.00728051847189315,5.30059492195774e-05,1.34002314810707,1.64788894549891,1,1.90143719730995,0.101437197309946,0.101437197309946,0.101437197309946,0.010289504998097,1.63455624130564,2.11351386835824,1
12,"n600-b1_1-b2_2p5-b3_2p8",600,7,117,1,1,0,0.9162907,1.029619,1.5,1.8,1,1.3,0.116666666666667,203,97,184,116,FALSE,NA,TRUE,NA,-0.409129570881663,-0.409129570881663,0.409129570881663,0.409129570881663,0.167387005769814,-0.73627301797916,-0.0836171101565328,0,0.939801285661675,0.0235105856616746,0.0235105856616746,0.0235105856616746,0.000552747638154941,0.675379796122037,1.21465717172691,1,1.29389972693253,0.264280726932527,0.264280726932527,0.264280726932527,0.069844302627985,0.90441428383207,1.68957072626257,1,1.48164577320038,-0.01835422679962,0.01835422679962,0.01835422679962,0.000336877641411887,1.3742340617319,1.67264077919424,1,1.70713401564027,-0.092865984359729,0.092865984359729,0.092865984359729,0.00862409105110144,1.62154858205685,1.88004802167433,1
12,"n600-b1_1-b2_2p5-b3_2p8",600,8,118,1,1,0,0.9162907,1.029619,1.5,1.8,1,1.3,0.121666666666667,187,102,191,120,FALSE,NA,TRUE,NA,0.181422201534298,0.181422201534298,0.181422201534298,0.181422201534298,0.0329140152095513,-0.12105030551961,0.487291902753276,1,0.987057403822885,0.0707667038228852,0.0707667038228852,0.0707667038228852,0.00500792636995595,0.723679180953383,1.25939713482272,1,0.810476878634467,-0.219142121365533,0.219142121365533,0.219142121365533,0.0480232693565859,0.434192747205217,1.18507483275289,1,1.51591549437296,0.015915494372964,0.015915494372964,0.015915494372964,0.000253302961135849,1.47100599019363,1.58246104770842,1,1.76518046596896,-0.0348195340310395,0.0348195340310395,0.0348195340310395,0.00121239995013872,1.68528026131124,1.91978649873476,1
12,"n600-b1_1-b2_2p5-b3_2p8",600,9,119,1,1,0,0.9162907,1.029619,1.5,1.8,1,1.3,0.103333333333333,194,109,211,86,FALSE,NA,TRUE,NA,0.197114565091513,0.197114565091513,0.197114565091513,0.197114565091513,0.0388541517712164,-0.139602513781427,0.536740411084939,1,0.953683526740054,0.0373928267400538,0.0373928267400538,0.0373928267400538,0.00139822349161169,0.663884472749425,1.25371893236829,1,0.820700144259055,-0.208918855740945,0.208918855740945,0.208918855740945,0.0436470882841058,0.420582794736161,1.21619271487296,1,1.39015599017741,-0.109844009822592,0.109844009822592,0.109844009822592,0.0120657064939056,1.2461993430656,1.49244011203012,0,1.66189892332221,-0.13810107667779,0.13810107667779,0.13810107667779,0.0190719073795649,1.50394954524437,1.83231466215056,1
12,"n600-b1_1-b2_2p5-b3_2p8",600,10,120,1,1,0,0.9162907,1.029619,1.5,1.8,1,1.3,0.106666666666667,187,88,212,113,FALSE,NA,TRUE,NA,0.0512072090628056,0.0512072090628056,0.0512072090628056,0.0512072090628056,0.00262217826000188,-0.274294425128074,0.373721731051147,1,0.979538993378223,0.063248293378223,0.063248293378223,0.063248293378223,0.00400034661525777,0.714102543183751,1.25348755570961,1,1.02539909148741,-0.00421990851258869,0.00421990851258869,0.00421990851258869,1.78076278546185e-05,0.640518009770849,1.41510587612323,1,1.50384951030979,0.00384951030978642,0.00384951030978642,0.00384951030978642,1.48187296251519e-05,1.44513719039586,1.69229516450266,1,1.78659012576385,-0.0134098742361464,0.0134098742361464,0.0134098742361464,0.000179824727029262,1.73908341054084,1.90386083244672,1
13,"n600-b1_1-b2_2p5-b3_2p8",600,1,121,1,1,0,0.9162907,1.029619,1.5,1.8,1,1.3,0.075,199,108,203,90,FALSE,NA,TRUE,NA,0.21417857690214,0.21417857690214,0.21417857690214,0.21417857690214,0.0458724628038259,-0.100864291015647,0.527104904023696,1,0.951742205309729,0.0354515053097291,0.0354515053097291,0.0354515053097291,0.00125680922872575,0.671129681483395,1.23403959141555,1,0.907073069605017,-0.122545930394983,0.122545930394983,0.122545930394983,0.0150175050563721,0.528065633302247,1.29129995751225,1,1.45106905941216,-0.0489309405878411,0.0489309405878411,0.0489309405878411,0.00239423694681083,1.40321843184815,1.50251673098666,1,1.79011334988636,-0.0098866501136432,0.0098866501136432,0.0098866501136432,9.77458504696011e-05,1.69677186161702,1.88052023146692,1
13,"n600-b1_1-b2_2p5-b3_2p8",600,2,122,1,1,0,0.9162907,1.029619,1.5,1.8,1,1.3,0.0783333333333334,213,97,199,91,FALSE,NA,TRUE,NA,-0.103158178353036,-0.103158178353036,0.103158178353036,0.103158178353036,0.0106416097611167,-0.432767456628199,0.224558864771069,1,0.97979162402903,0.0635009240290297,0.0635009240290297,0.0635009240290297,0.00403236735254061,0.700735357283266,1.27095392584172,1,0.994526586150949,-0.035092413849051,0.035092413849051,0.035092413849051,0.00123147750975307,0.603730080389415,1.38201434475138,1,1.52255562276291,0.0225556227629087,0.0225556227629087,0.0225556227629087,0.000508756118222644,1.44520438942843,1.60151455374806,1,1.83461417061681,0.0346141706168104,0.0346141706168104,0.0346141706168104,0.00119814080748966,1.75701878484768,1.93080236126485,1
13,"n600-b1_1-b2_2p5-b3_2p8",600,3,123,1,1,0,0.9162907,1.029619,1.5,1.8,1,1.3,0.11,194,109,212,85,FALSE,NA,TRUE,NA,0.0635426244855099,0.0635426244855099,0.0635426244855099,0.0635426244855099,0.00403766512650652,-0.269407550404272,0.402899700789512,1,1.01433683466532,0.0980461346653216,0.0980461346653216,0.0980461346653216,0.00961304452281038,0.714787868753117,1.32533736408379,1,0.875108212676946,-0.154510787323054,0.154510787323054,0.154510787323054,0.0238735833991899,0.475919075808545,1.26883410181785,1,1.56542968883311,0.0654296888331074,0.0654296888331074,0.0654296888331074,0.00428104418079726,1.4913619774042,1.79378698280789,1,1.87492382566212,0.074923825662119,0.074923825662119,0.074923825662119,0.0056135796518476,1.78268683643006,2.29315052998435,1
13,"n600-b1_1-b2_2p5-b3_2p8",600,4,124,1,1,0,0.9162907,1.029619,1.5,1.8,1,1.3,0.0916666666666667,204,95,192,109,FALSE,NA,TRUE,NA,0.093058917087928,0.093058917087928,0.093058917087928,0.093058917087928,0.00865996204957785,-0.224479632288926,0.409476551684688,1,0.98624391107208,0.0699532110720799,0.0699532110720799,0.0699532110720799,0.00489345173929496,0.722124701224762,1.26060262568458,1,1.00570873713426,-0.0239102628657353,0.0239102628657353,0.0239102628657353,0.000571700670308559,0.625645937540662,1.38230148920302,1,1.50677963071666,0.00677963071665633,0.00677963071665633,0.00677963071665633,4.596339265423e-05,1.45218301625588,1.64586544406575,1,1.82613882615179,0.0261388261517921,0.0261388261517921,0.0261388261517921,0.00068323823259361,1.76145869496669,1.92723562203167,1
13,"n600-b1_1-b2_2p5-b3_2p8",600,5,125,1,1,0,0.9162907,1.029619,1.5,1.8,1,1.3,0.095,196,104,202,98,FALSE,NA,TRUE,NA,-0.232396008701976,-0.232396008701976,0.232396008701976,0.232396008701976,0.054007904860609,-0.544370613470801,0.0840360072916912,1,0.682670476784354,-0.233620223215646,0.233620223215646,0.233620223215646,0.0545784086953284,0.418947861043553,0.953670410791305,1,1.31647705423017,0.286858054230173,0.286858054230173,0.286858054230173,0.0822875432767207,0.935560329889778,1.69663069601126,1,1.58233850948286,0.0823385094828575,0.0823385094828575,0.0823385094828575,0.00677963014385861,1.49015712830451,1.67508931787498,1,1.8389722613694,0.0389722613694032,0.0389722613694032,0.0389722613694032,0.00151883715624508,1.78368564339758,1.89908158986617,1
13,"n600-b1_1-b2_2p5-b3_2p8",600,6,126,1,1,0,0.9162907,1.029619,1.5,1.8,1,1.3,0.0966666666666667,200,103,196,101,FALSE,NA,TRUE,NA,0.105994155289397,0.105994155289397,0.105994155289397,0.105994155289397,0.0112347609555129,-0.209668939041818,0.422722181540766,1,0.774895800202343,-0.141394899797657,0.141394899797657,0.141394899797657,0.0199925176887896,0.504660811135584,1.0540255321353,1,1.05937556632192,0.0297565663219208,0.0297565663219208,0.0297565663219208,0.000885453239270872,0.667505329345082,1.44983169861542,1,1.512294650564,0.0122946505639976,0.0122946505639976,0.0122946505639976,0.000151158432490806,1.26839957510519,1.73134037305783,1,1.84639925631,0.0463992563099986,0.0463992563099986,0.0463992563099986,0.00215289098612095,1.70279238168034,2.08875753075797,1
13,"n600-b1_1-b2_2p5-b3_2p8",600,7,127,1,1,0,0.9162907,1.029619,1.5,1.8,1,1.3,0.103333333333333,200,87,212,101,FALSE,NA,TRUE,NA,0.0373065116984306,0.0373065116984306,0.0373065116984306,0.0373065116984306,0.00139177581510514,-0.298729888031207,0.373483154975999,1,0.81028602689002,-0.10600467310998,0.10600467310998,0.10600467310998,0.0112369907211538,0.535038739399547,1.09188753084388,1,1.03365971043445,0.00404071043445353,0.00404071043445353,0.00404071043445353,1.63273408151016e-05,0.629249508125143,1.4337051308554,1,1.44274622173401,-0.0572537782659908,0.0572537782659908,0.0572537782659908,0.00327799512573124,1.39720870634397,1.52386867469418,1,1.75788941444775,-0.0421105855522514,0.0421105855522514,0.0421105855522514,0.00177330141555349,1.66506683783692,1.84770901456448,1
13,"n600-b1_1-b2_2p5-b3_2p8",600,8,128,1,1,0,0.9162907,1.029619,1.5,1.8,1,1.3,0.1,211,89,191,109,FALSE,NA,TRUE,NA,0.23582289008442,0.23582289008442,0.23582289008442,0.23582289008442,0.0556124354877686,-0.0942067705172468,0.569108946160809,1,1.20330588201225,0.287015182012252,0.287015182012252,0.287015182012252,0.0823777147055261,0.919852902114754,1.49253418548143,0,0.747740776024168,-0.281878223975832,0.281878223975832,0.281878223975832,0.0794553331517694,0.354613467558591,1.13455139108887,1,1.48498282692176,-0.0150171730782358,0.0150171730782358,0.0150171730782358,0.00022551548726169,1.45788754132754,1.50748734984329,1,1.77984988012256,-0.0201501198774396,0.0201501198774396,0.0201501198774396,0.000406027331075188,1.70702237474937,1.81481199922386,1
13,"n600-b1_1-b2_2p5-b3_2p8",600,9,129,1,1,0,0.9162907,1.029619,1.5,1.8,1,1.3,0.105,195,94,205,106,FALSE,NA,TRUE,NA,-0.172688983109682,-0.172688983109682,0.172688983109682,0.172688983109682,0.0298214848874559,-0.494699026445482,0.144058546713207,1,0.825307909587974,-0.0909827904120258,0.0909827904120258,0.0909827904120258,0.00827786815115862,0.559295196832954,1.09496973244745,1,1.13623647050419,0.106617470504187,0.106617470504187,0.106617470504187,0.0113672850167112,0.753812920143112,1.52290765516696,1,1.7384103065121,0.238410306512095,0.238410306512095,0.238410306512095,0.0568394742511911,1.42863918682043,1.8978219946439,1,1.77693625862433,-0.0230637413756736,0.0230637413756736,0.0230637413756736,0.000531936166243957,1.6676663977546,1.92394254049268,1
13,"n600-b1_1-b2_2p5-b3_2p8",600,10,130,1,1,0,0.9162907,1.029619,1.5,1.8,1,1.3,0.111666666666667,202,88,202,108,FALSE,NA,TRUE,NA,0.183308215655783,0.183308215655783,0.183308215655783,0.183308215655783,0.0336019019269069,-0.152029554948084,0.512260597236795,1,1.26359170010856,0.34730100010856,0.34730100010856,0.34730100010856,0.120617984676406,0.982634536811704,1.55382854409625,0,0.720258010414175,-0.309360989585825,0.309360989585825,0.309360989585825,0.0957042218775207,0.329985430522596,1.11633274599724,1,1.52568491539535,0.0256849153953544,0.0256849153953544,0.0256849153953544,0.000659714878866516,1.47888574535698,1.58216640044836,1,1.79046693060085,-0.00953306939915421,0.00953306939915421,0.00953306939915421,9.08794121690905e-05,1.75007071092378,1.83849799392414,1
14,"n600-b1_1-b2_2p5-b3_2p8",600,1,131,1,1,0,0.9162907,1.029619,1.5,1.8,1,1.3,0.105,162,107,226,105,FALSE,NA,TRUE,NA,0.171446651208637,0.171446651208637,0.171446651208637,0.171446651208637,0.0293939542106561,-0.135746993277114,0.48082151552116,1,1.0583040396241,0.142013339624099,0.142013339624099,0.142013339624099,0.0201677886311898,0.790259680202178,1.33068487880487,1,0.900091361440217,-0.129527638559783,0.129527638559783,0.129527638559783,0.0167774091508738,0.520279916004106,1.28158353897433,1,1.5722410157026,0.0722410157025957,0.0722410157025957,0.0722410157025957,0.00521876434974267,1.48875134292681,1.7028137590858,1,1.84090702787737,0.0409070278773709,0.0409070278773709,0.0409070278773709,0.00167338492976,1.75102034535261,1.95777631226853,1
14,"n600-b1_1-b2_2p5-b3_2p8",600,2,132,1,1,0,0.9162907,1.029619,1.5,1.8,1,1.3,0.121666666666667,188,109,190,113,FALSE,NA,TRUE,NA,-0.190970303039563,-0.190970303039563,0.190970303039563,0.190970303039563,0.0364696566430226,-0.505088348275202,0.125444548959111,1,0.692554426159472,-0.223736273840528,0.223736273840528,0.223736273840528,0.0500579202320439,0.427384088992216,0.963499864692978,1,1.26971428052688,0.240095280526877,0.240095280526877,0.240095280526877,0.0576457437312798,0.875408115356142,1.66010410081958,1,1.43652048370646,-0.0634795162935378,0.0634795162935378,0.0634795162935378,0.00402964898886153,1.29158813992251,1.52099789275597,1,1.74291256652305,-0.0570874334769516,0.0570874334769516,0.0570874334769516,0.00325897506098537,1.44654257685396,1.93192578468626,1
14,"n600-b1_1-b2_2p5-b3_2p8",600,3,133,1,1,0,0.9162907,1.029619,1.5,1.8,1,1.3,0.101666666666667,213,93,187,107,FALSE,NA,TRUE,NA,0.0371703595468953,0.0371703595468953,0.0371703595468953,0.0371703595468953,0.00138163562884547,-0.280402392863757,0.352785489252314,1,0.938484194469116,0.0221934944691161,0.0221934944691161,0.0221934944691161,0.000492551196750688,0.66743908926874,1.21890896445205,1,0.978745540543254,-0.050873459456746,0.050873459456746,0.050873459456746,0.00258810887709718,0.598606236184288,1.36237414914299,1,1.51962526230871,0.0196252623087068,0.0196252623087068,0.0196252623087068,0.000385150920685546,1.48020066445601,1.63874855556656,1,1.90103422143915,0.10103422143915,0.10103422143915,0.10103422143915,0.0102079139018152,1.77573539685331,2.14661788955468,1
14,"n600-b1_1-b2_2p5-b3_2p8",600,4,134,1,1,0,0.9162907,1.029619,1.5,1.8,1,1.3,0.105,198,94,206,102,FALSE,NA,TRUE,NA,-0.169418774294073,-0.169418774294073,0.169418774294073,0.169418774294073,0.028702721083306,-0.500169016332664,0.159953350910672,1,0.8728888429204,-0.0434018570795995,0.0434018570795995,0.0434018570795995,0.00188372119795798,0.600121916643853,1.15324804860006,1,1.20617556481536,0.176556564815364,0.176556564815364,0.176556564815364,0.031172220579402,0.817779204516642,1.60396141485344,1,1.5083776476935,0.00837764769349536,0.00837764769349536,0.00837764769349536,7.01849808763281e-05,1.42656124179109,1.65933192184416,1,1.77485079720078,-0.0251492027992204,0.0251492027992204,0.0251492027992204,0.000632482401436315,1.67187049626407,1.87970244931784,1
14,"n600-b1_1-b2_2p5-b3_2p8",600,5,135,1,1,0,0.9162907,1.029619,1.5,1.8,1,1.3,0.108333333333333,189,82,225,104,FALSE,NA,TRUE,NA,0.125754365313004,0.125754365313004,0.125754365313004,0.125754365313004,0.0158141603952765,-0.213237359008685,0.45835921756589,1,0.613242303585911,-0.303048396414089,0.303048396414089,0.303048396414089,0.0918383305691507,0.346173702731583,0.882896613837367,0,1.0902787348724,0.0606597348723981,0.0606597348723981,0.0606597348723981,0.00367960343478963,0.69231146086832,1.48968791664246,1,1.40620928137491,-0.0937907186250944,0.0937907186250944,0.0937907186250944,0.00879669890021162,1.13408309208271,1.53558673134211,1,1.74668253247044,-0.0533174675295567,0.0533174675295567,0.0533174675295567,0.00284275234376533,1.57437936543764,1.84591135796605,1
14,"n600-b1_1-b2_2p5-b3_2p8",600,6,136,1,1,0,0.9162907,1.029619,1.5,1.8,1,1.3,0.12,197,120,189,94,FALSE,NA,TRUE,NA,0.166557171582084,0.166557171582084,0.166557171582084,0.166557171582084,0.0277412914054237,-0.15506781322892,0.49932715081452,1,1.20356579039402,0.287275090394024,0.287275090394024,0.287275090394024,0.0825269775608947,0.907317799267911,1.50991194845191,1,0.788066268719526,-0.241552731280474,0.241552731280474,0.241552731280474,0.058347721989057,0.399529689105383,1.17685954775053,1,1.49579507978128,-0.00420492021872243,0.00420492021872243,0.00420492021872243,1.76813540458207e-05,1.39832274276443,1.59605664331085,1,1.86651327236797,0.0665132723679671,0.0665132723679671,0.0665132723679671,0.00442401540109538,1.73544854276456,1.96642531415801,1
14,"n600-b1_1-b2_2p5-b3_2p8",600,7,137,1,1,0,0.9162907,1.029619,1.5,1.8,1,1.3,0.0916666666666667,210,93,208,89,FALSE,NA,TRUE,NA,0.0974802852085389,0.0974802852085389,0.0974802852085389,0.0974802852085389,0.00950240600433808,-0.233179518273343,0.430992752672596,1,0.881332997206966,-0.0349577027930343,0.0349577027930343,0.0349577027930343,0.00122204098456612,0.600418038076332,1.16988644862923,1,0.952932257599228,-0.0766867424007723,0.0766867424007723,0.0766867424007723,0.00588085646004241,0.559712976680894,1.34439364295642,1,1.47707931367006,-0.0229206863299378,0.0229206863299378,0.0229206863299378,0.000525357861835399,1.35513827044785,1.72927039794916,1,1.83053413431005,0.0305341343100451,0.0305341343100451,0.0305341343100451,0.000932333358063876,1.69568051314347,2.06545300841229,1
14,"n600-b1_1-b2_2p5-b3_2p8",600,8,138,1,1,0,0.9162907,1.029619,1.5,1.8,1,1.3,0.11,191,106,192,111,FALSE,NA,TRUE,NA,0.00721763360114883,0.00721763360114883,0.00721763360114883,0.00721763360114883,5.20942348004326e-05,-0.301139142095021,0.316084790311334,1,0.711849007764176,-0.204441692235824,0.204441692235824,0.204441692235824,0.0417964055242475,0.448520646829195,0.983017846880725,1,1.24224940486896,0.212630404868957,0.212630404868957,0.212630404868957,0.0452116890747367,0.858714323020323,1.62657731478832,1,1.25278737110754,-0.247212628892461,0.247212628892461,0.247212628892461,0.0611140838839215,1.10202067072656,1.4091589426708,0,1.84610078157508,0.046100781575078,0.046100781575078,0.046100781575078,0.00212528206183305,1.56275493225467,2.12512125596108,1
14,"n600-b1_1-b2_2p5-b3_2p8",600,9,139,1,1,0,0.9162907,1.029619,1.5,1.8,1,1.3,0.101666666666667,218,102,176,104,FALSE,NA,TRUE,NA,-0.0122073408803055,-0.0122073408803055,0.0122073408803055,0.0122073408803055,0.000149019171367978,-0.321775507529225,0.293090675388269,1,0.872166377765768,-0.0441243222342321,0.0441243222342321,0.0441243222342321,0.00194695581263035,0.59963234380731,1.1516568289018,1,1.06975544439797,0.0401364443979686,0.0401364443979686,0.0401364443979686,0.00161093416891122,0.685677549475564,1.44916013471022,1,1.51572527463613,0.0157252746361327,0.0157252746361327,0.0157252746361327,0.000247284262381799,1.48359741770992,1.57965821859248,1,1.80581113394817,0.00581113394817123,0.00581113394817123,0.00581113394817123,3.37692777635882e-05,1.7490177930792,1.87717435177269,1
14,"n600-b1_1-b2_2p5-b3_2p8",600,10,140,1,1,0,0.9162907,1.029619,1.5,1.8,1,1.3,0.0983333333333334,184,110,202,104,FALSE,NA,TRUE,NA,-0.118155017822457,-0.118155017822457,0.118155017822457,0.118155017822457,0.0139606082366251,-0.423907239728727,0.188050746525863,1,0.670160228350997,-0.246130471649003,0.246130471649003,0.246130471649003,0.0605802090741605,0.410013233575528,0.936419166350098,1,1.16808989230177,0.138470892301773,0.138470892301773,0.138470892301773,0.0191741880148493,0.784246994525419,1.54359802526874,1,1.46840222123203,-0.0315977787679662,0.0315977787679662,0.0315977787679662,0.000998419623069336,1.3957250870541,1.57453194906854,1,1.77425100272204,-0.0257489972779594,0.0257489972779594,0.0257489972779594,0.000663010860820362,1.69226029450404,1.8899725806523,1
15,"n600-b1_1-b2_2p5-b3_2p8",600,1,141,1,1,0,0.9162907,1.029619,1.5,1.8,1,1.3,0.0933333333333334,202,98,204,96,FALSE,NA,TRUE,NA,0.298019451925283,0.298019451925283,0.298019451925283,0.298019451925283,0.0888155937258459,-0.0317845053874243,0.630547726238853,1,0.969840463274905,0.0535497632749048,0.0535497632749048,0.0535497632749048,0.00286757714679834,0.689401431184767,1.25566168688147,1,0.859311428549779,-0.170307571450221,0.170307571450221,0.170307571450221,0.029004668893272,0.473073067234141,1.24504795477702,1,1.53733615844719,0.0373361584471883,0.0373361584471883,0.0373361584471883,0.00139398872759355,1.47780671615228,1.667731803328,1,1.84419692963412,0.0441969296341158,0.0441969296341158,0.0441969296341158,0.00195336858908298,1.79783524439309,1.96051673908761,1
15,"n600-b1_1-b2_2p5-b3_2p8",600,2,142,1,1,0,0.9162907,1.029619,1.5,1.8,1,1.3,0.09,191,100,217,92,FALSE,NA,TRUE,NA,0.21914016830507,0.21914016830507,0.21914016830507,0.21914016830507,0.0480224133647746,-0.107926642626017,0.548613937740368,1,0.914247764538835,-0.00204293546116452,0.00204293546116452,0.00204293546116452,4.17358529848349e-06,0.635455949915332,1.20322434928158,1,1.08897148628871,0.0593524862887109,0.0593524862887109,0.0593524862887109,0.00352271762865162,0.695264107850194,1.48211785490772,1,1.52717634068206,0.0271763406820569,0.0271763406820569,0.0271763406820569,0.00073855349286722,1.43303198651959,1.59680356411075,1,1.9093721199791,0.109372119979104,0.109372119979104,0.109372119979104,0.0119622606287236,1.78280357830574,1.98746348633175,1
15,"n600-b1_1-b2_2p5-b3_2p8",600,3,143,1,1,0,0.9162907,1.029619,1.5,1.8,1,1.3,0.0883333333333334,193,106,212,89,FALSE,NA,TRUE,NA,-0.294074961679541,-0.294074961679541,0.294074961679541,0.294074961679541,0.0864800830868233,-0.623060674080884,0.0303083945491953,1,0.772121395921474,-0.144169304078526,0.144169304078526,0.144169304078526,0.0207847882384866,0.499026728262525,1.04907795016722,1,1.29021761850745,0.260598618507447,0.260598618507447,0.260598618507447,0.0679116399679901,0.905370109167209,1.68196194565601,1,1.44856997931616,-0.0514300206838361,0.0514300206838361,0.0514300206838361,0.00264504702753981,1.28452450738429,1.5776950416053,1,1.75332640437421,-0.0466735956257867,0.0466735956257867,0.0466735956257867,0.00217842452863945,1.5841601408353,1.9648114575141,1
15,"n600-b1_1-b2_2p5-b3_2p8",600,4,144,1,1,0,0.9162907,1.029619,1.5,1.8,1,1.3,0.115,189,95,207,109,FALSE,NA,TRUE,NA,0.0935956006524592,0.0935956006524592,0.0935956006524592,0.0935956006524592,0.00876013646149461,-0.232711460558645,0.420853546899694,1,0.957599323481926,0.041308623481926,0.041308623481926,0.041308623481926,0.00170640237397153,0.683579608190128,1.23395686016975,1,1.00489447594255,-0.0247245240574532,0.0247245240574532,0.0247245240574532,0.000611302089867581,0.616321308166049,1.40028851843118,1,1.46402204394948,-0.0359779560505209,0.0359779560505209,0.0359779560505209,0.00129441332157321,1.37287590847797,1.60576338027902,1,1.81935432686022,0.0193543268602214,0.0193543268602214,0.0193543268602214,0.000374589968212289,1.73713155880635,2.0405973346687,1
15,"n600-b1_1-b2_2p5-b3_2p8",600,5,145,1,1,0,0.9162907,1.029619,1.5,1.8,1,1.3,0.0916666666666667,208,109,193,90,FALSE,NA,TRUE,NA,0.274850773623955,0.274850773623955,0.274850773623955,0.274850773623955,0.0755429477616863,-0.0388260114930837,0.599361061621722,1,0.818529548973542,-0.097761151026458,0.097761151026458,0.097761151026458,0.00955724265001793,0.534828760302437,1.11580523553891,1,1.01270235815154,-0.0169166418484643,0.0169166418484643,0.0169166418484643,0.000286172771429214,0.624398087634149,1.3910270266755,1,1.38434930457635,-0.11565069542365,0.11565069542365,0.11565069542365,0.0133750833519739,1.27164343665858,1.53296089817967,1,1.66789064079294,-0.132109359207055,0.132109359207055,0.132109359207055,0.0174528827900988,1.58341262646316,1.84456123340613,1
15,"n600-b1_1-b2_2p5-b3_2p8",600,6,146,1,1,0,0.9162907,1.029619,1.5,1.8,1,1.3,0.101666666666667,204,96,215,85,FALSE,NA,TRUE,NA,-0.0363963146994929,-0.0363963146994929,0.0363963146994929,0.0363963146994929,0.00132469172370452,-0.372872505821996,0.294112956853415,1,0.716524527899469,-0.199766172100531,0.199766172100531,0.199766172100531,0.0399065235156992,0.434284829201045,1.00172029909662,1,1.06486207602657,0.0352430760265732,0.0352430760265732,0.0352430760265732,0.00124207440781482,0.673466568773644,1.46118941101513,1,1.56886869136534,0.0688686913653389,0.0688686913653389,0.0688686913653389,0.00474289665037431,1.40171975288356,1.77108968096574,1,2.20605639491141,0.406056394911407,0.406056394911407,0.406056394911407,0.164881795848449,1.72002583458859,2.54910274847942,1
15,"n600-b1_1-b2_2p5-b3_2p8",600,7,147,1,1,0,0.9162907,1.029619,1.5,1.8,1,1.3,0.115,210,89,188,113,FALSE,NA,TRUE,NA,0.296188916039566,0.296188916039566,0.296188916039566,0.296188916039566,0.0877278739846933,-0.0334370630510176,0.625606029541304,1,1.22676896996601,0.310478269966011,0.310478269966011,0.310478269966011,0.0963967561210872,0.93874346019329,1.52085350862125,0,0.595324903726552,-0.434294096273448,0.434294096273448,0.434294096273448,0.188611362057971,0.207913702847405,0.983601250647857,0,1.51165074778082,0.0116507477808185,0.0116507477808185,0.0116507477808185,0.000135739923852248,1.48116676367382,1.56893269619847,1,1.78459178616185,-0.0154082138381515,0.0154082138381515,0.0154082138381515,0.000237413053682203,1.71535393297783,1.82624064447426,1
15,"n600-b1_1-b2_2p5-b3_2p8",600,8,148,1,1,0,0.9162907,1.029619,1.5,1.8,1,1.3,0.106666666666667,204,111,182,103,FALSE,NA,TRUE,NA,0.0521409985992984,0.0521409985992984,0.0521409985992984,0.0521409985992984,0.00271868373493204,-0.252249788112258,0.358398048461329,1,0.885927903597196,-0.0303627964028039,0.0303627964028039,0.0303627964028039,0.000921899405398123,0.614551065753784,1.16459786652625,1,1.10494887793992,0.0753298779399216,0.0753298779399216,0.0753298779399216,0.00567459051044349,0.724694622142446,1.48566125811532,1,1.53317161882211,0.0331716188221096,0.0331716188221096,0.0331716188221096,0.00110035629527934,1.45961469441752,1.68652119595538,1,1.83482474540587,0.0348247454058657,0.0348247454058657,0.0348247454058657,0.00121276289258336,1.7479917017443,2.04802014223755,1
15,"n600-b1_1-b2_2p5-b3_2p8",600,9,149,1,1,0,0.9162907,1.029619,1.5,1.8,1,1.3,0.1,199,112,205,84,FALSE,NA,TRUE,NA,0.207457890591117,0.207457890591117,0.207457890591117,0.207457890591117,0.0430387763685158,-0.125657630413605,0.545694356418575,1,1.01135025113324,0.0950595511332406,0.0950595511332406,0.0950595511332406,0.00903631826165319,0.703617609151209,1.32472727417051,1,0.662463594835595,-0.367155405164405,0.367155405164405,0.367155405164405,0.134803091541439,0.26091679743791,1.05944780713836,1,1.48528341794468,-0.0147165820553161,0.0147165820553161,0.0147165820553161,0.000216577787390852,1.43263057223683,1.56301154026548,1,1.81828667983838,0.0182866798383821,0.0182866798383821,0.0182866798383821,0.000334402659511489,1.7411268269488,1.93451821589995,1
15,"n600-b1_1-b2_2p5-b3_2p8",600,10,150,1,1,0,0.9162907,1.029619,1.5,1.8,1,1.3,0.121666666666667,200,102,196,102,FALSE,NA,TRUE,NA,-0.0889404826344569,-0.0889404826344569,0.0889404826344569,0.0889404826344569,0.00791040945125013,-0.41041345802123,0.237683410332777,1,0.852957019508696,-0.0633336804913045,0.0633336804913045,0.0633336804913045,0.00401115508457464,0.57599225576069,1.13604689854749,1,1.22953881705032,0.199919817050322,0.199919817050322,0.199919817050322,0.0399679332494342,0.837005701027212,1.61904046192261,1,1.47850549011995,-0.0214945098800505,0.0214945098800505,0.0214945098800505,0.00046201395498359,1.41139740540363,1.60789100472777,1,1.86062730330282,0.0606273033028197,0.0606273033028197,0.0606273033028197,0.0036756699057721,1.75378845119693,2.0128927271351,1
16,"n600-b1_1-b2_2p5-b3_2p8",600,1,151,1,1,0,0.9162907,1.029619,1.5,1.8,1,1.3,0.0983333333333334,204,115,181,100,FALSE,NA,TRUE,NA,-0.109309183307281,-0.109309183307281,0.109309183307281,0.109309183307281,0.0119484975553048,-0.41778021988766,0.199608681879098,1,0.917362571420695,0.00107187142069465,0.00107187142069465,0.00107187142069465,1.14890834250196e-06,0.639883714037756,1.19621365665465,1,1.25697822953654,0.227359229536543,0.227359229536543,0.227359229536543,0.0516922192554506,0.885358726048066,1.63692209057232,1,1.62904577720635,0.129045777206351,0.129045777206351,0.129045777206351,0.0166528126147912,1.52106251521212,1.81708374413389,0,1.81391947006229,0.013919470062288,0.013919470062288,0.013919470062288,0.000193751646814932,1.69063952450119,1.99731741527385,1
16,"n600-b1_1-b2_2p5-b3_2p8",600,2,152,1,1,0,0.9162907,1.029619,1.5,1.8,1,1.3,0.103333333333333,209,115,177,99,FALSE,NA,TRUE,NA,0.0484614038122652,0.0484614038122652,0.0484614038122652,0.0484614038122652,0.00234850765945544,-0.26329171305633,0.362198919663608,1,0.960836002536457,0.0445453025364565,0.0445453025364565,0.0445453025364565,0.00198428397806444,0.686323552304011,1.23723143235434,1,0.844713269434581,-0.184905730565419,0.184905730565419,0.184905730565419,0.0341901291959314,0.464545254369516,1.22578482699505,1,1.52911352305423,0.029113523054235,0.029113523054235,0.029113523054235,0.000847597224629472,1.41425687057526,1.619142733324,1,2.00186952872339,0.201869528723391,0.201869528723391,0.201869528723391,0.0407513066270041,1.80526650636103,2.16442727674629,0
16,"n600-b1_1-b2_2p5-b3_2p8",600,3,153,1,1,0,0.9162907,1.029619,1.5,1.8,1,1.3,0.095,211,93,212,84,FALSE,NA,TRUE,NA,-0.273416079478904,-0.273416079478904,0.273416079478904,0.273416079478904,0.0747563525176141,-0.616575545159035,0.069609735387148,1,0.845058340150565,-0.0712323598494352,0.0712323598494352,0.0712323598494352,0.00507404908971943,0.560891009668916,1.13934585632242,1,1.19902252520176,0.16940352520176,0.16940352520176,0.16940352520176,0.0286975543507834,0.793095817319529,1.60441064162311,1,1.44203534335686,-0.0579646566431411,0.0579646566431411,0.0579646566431411,0.00335990141975724,1.35842903541275,1.53828169961104,1,1.69813974158317,-0.101860258416828,0.101860258416828,0.101860258416828,0.010375512244743,1.56714849455489,1.81626766626388,1
16,"n600-b1_1-b2_2p5-b3_2p8",600,4,154,1,1,0,0.9162907,1.029619,1.5,1.8,1,1.3,0.133333333333333,196,112,200,92,FALSE,NA,TRUE,NA,-0.0259624278952697,-0.0259624278952697,0.0259624278952697,0.0259624278952697,0.000674047662217081,-0.366415468944399,0.319090044970821,1,1.19358959526954,0.277298895269536,0.277298895269536,0.277298895269536,0.0768946773177053,0.895171773064233,1.50112758940192,1,1.01862155426842,-0.0109974457315773,0.0109974457315773,0.0109974457315773,0.000120943812618989,0.600779083316383,1.42894270474518,1,1.51932025901318,0.019320259013184,0.019320259013184,0.019320259013184,0.000373272408336518,1.43999128935328,1.6540745817534,1,1.80777109601662,0.0077710960166224,0.0077710960166224,0.0077710960166224,6.03899332995646e-05,1.67492832298444,1.92538523297967,1
16,"n600-b1_1-b2_2p5-b3_2p8",600,5,155,1,1,0,0.9162907,1.029619,1.5,1.8,1,1.3,0.0983333333333334,213,91,181,115,FALSE,NA,TRUE,NA,-0.384102138293869,-0.384102138293869,0.384102138293869,0.384102138293869,0.147534452641923,-0.702928674660599,-0.0705866603665771,0,0.530321507819032,-0.385969192180968,0.385969192180968,0.385969192180968,0.148972217312829,0.274432357001235,0.792842335275013,0,1.51777385248033,0.488154852480334,0.488154852480334,0.488154852480334,0.238295160000097,1.1358229515046,1.90449727522715,0,1.48369115209425,-0.0163088479057523,0.0163088479057523,0.0163088479057523,0.00026597852001296,1.4392724879045,1.54002944127428,1,1.7944125296958,-0.00558747030420048,0.00558747030420048,0.00558747030420048,3.12198244003222e-05,1.75885501813284,1.8514302376051,1
16,"n600-b1_1-b2_2p5-b3_2p8",600,6,156,1,1,0,0.9162907,1.029619,1.5,1.8,1,1.3,0.0983333333333334,201,109,197,93,FALSE,NA,TRUE,NA,-0.0690106012379657,-0.0690106012379657,0.0690106012379657,0.0690106012379657,0.00476246308322551,-0.392328941293597,0.249612511833817,1,0.88707075688058,-0.0292199431194197,0.0292199431194197,0.0292199431194197,0.000853805075902121,0.6102198592991,1.16928444626439,1,1.04484534727785,0.0152263472778456,0.0152263472778456,0.0152263472778456,0.000231841651425555,0.665821003556603,1.42661246399829,1,1.47610606290353,-0.0238939370964719,0.0238939370964719,0.0238939370964719,0.000570920229970157,1.39195378717314,1.55714515683786,1,1.78820301352195,-0.0117969864780534,0.0117969864780534,0.0117969864780534,0.000139168889963374,1.72074231588629,1.90612761302515,1
16,"n600-b1_1-b2_2p5-b3_2p8",600,7,157,1,1,0,0.9162907,1.029619,1.5,1.8,1,1.3,0.09,217,90,195,98,FALSE,NA,TRUE,NA,-0.163476690348634,-0.163476690348634,0.163476690348634,0.163476690348634,0.026724628287343,-0.501529006767649,0.161996713133251,1,0.799167189849649,-0.117123510150351,0.117123510150351,0.117123510150351,0.0137179166299393,0.525862494624053,1.07864355081969,1,1.26572873628423,0.236109736284229,0.236109736284229,0.236109736284229,0.055747807568208,0.870635556726356,1.66862198987636,1,1.48572511104212,-0.0142748889578785,0.0142748889578785,0.0142748889578785,0.000203772454759763,1.30925801503044,1.70811861924787,1,1.85130402974341,0.0513040297434051,0.0513040297434051,0.0513040297434051,0.00263210346791219,1.74743336240456,2.3595659581359,1
16,"n600-b1_1-b2_2p5-b3_2p8",600,8,158,1,1,0,0.9162907,1.029619,1.5,1.8,1,1.3,0.106666666666667,200,116,192,92,FALSE,NA,TRUE,NA,0.368608083156485,0.368608083156485,0.368608083156485,0.368608083156485,0.135871918968298,0.0522490359048458,0.689734891869004,0,1.19790791346322,0.281617213463219,0.281617213463219,0.281617213463219,0.0793082549187884,0.902174978520609,1.50102972090124,1,0.777867172383345,-0.251751827616655,0.251751827616655,0.251751827616655,0.0633789827083259,0.393068605327297,1.16041178329916,1,1.52866048264798,0.0286604826479828,0.0286604826479828,0.0286604826479828,0.000821423265615324,1.49247438229126,1.62728706574016,1,1.810932477068,0.0109324770680024,0.0109324770680024,0.0109324770680024,0.000119519054842398,1.78238182183497,1.86972251707686,1
16,"n600-b1_1-b2_2p5-b3_2p8",600,9,159,1,1,0,0.9162907,1.029619,1.5,1.8,1,1.3,0.11,181,103,201,115,FALSE,NA,TRUE,NA,0.0281636708969068,0.0281636708969068,0.0281636708969068,0.0281636708969068,0.000793192358389274,-0.298213852464582,0.343910425321682,1,0.832979810593647,-0.0833108894063526,0.0833108894063526,0.0833108894063526,0.00694070429367751,0.555890992793834,1.11330956117325,1,1.12870375806029,0.0990847580602878,0.0990847580602878,0.0990847580602878,0.00981778927986577,0.741795200640745,1.52552910923717,1,1.46400970819564,-0.035990291804362,0.035990291804362,0.035990291804362,0.00129530110416312,1.22230156646934,1.59884116199982,1,1.67832860584218,-0.121671394157824,0.121671394157824,0.121671394157824,0.0148039281563086,1.53370398901169,1.87096992987165,1
16,"n600-b1_1-b2_2p5-b3_2p8",600,10,160,1,1,0,0.9162907,1.029619,1.5,1.8,1,1.3,0.0966666666666667,200,108,181,111,FALSE,NA,TRUE,NA,0.126472426591808,0.126472426591808,0.126472426591808,0.126472426591808,0.0159952746880203,-0.182286163179259,0.437524439804723,1,1.09942657292005,0.183135872920051,0.183135872920051,0.183135872920051,0.0335387479501891,0.812449248557372,1.39378049783163,1,0.780717393218614,-0.248901606781386,0.248901606781386,0.248901606781386,0.0619520098583559,0.402487187129603,1.15148190563301,1,1.44286075055152,-0.0571392494484766,0.0571392494484766,0.0571392494484766,0.00326489382753523,1.29563116810782,1.51603591845063,1,1.66708408367631,-0.132915916323691,0.132915916323691,0.132915916323691,0.0176666408121664,1.59782288809774,1.74296006067815,0
17,"n600-b1_1-b2_2p5-b3_2p8",600,1,161,1,1,0,0.9162907,1.029619,1.5,1.8,1,1.3,0.0983333333333334,212,101,186,101,FALSE,NA,TRUE,NA,-0.045197480541566,-0.045197480541566,0.045197480541566,0.045197480541566,0.00204281224730524,-0.36050606056365,0.273780588970508,1,0.909610808348403,-0.00667989165159666,0.00667989165159666,0.00667989165159666,4.46209524770707e-05,0.630122975720356,1.19258369236862,1,1.06819000257203,0.0385710025720265,0.0385710025720265,0.0385710025720265,0.00148772223941128,0.686209076287443,1.45355433953947,1,1.38433684849836,-0.115663151501637,0.115663151501637,0.115663151501637,0.0133779646152907,1.31909751819254,1.5205294847259,1,1.72959379443586,-0.0704062055641379,0.0704062055641379,0.0704062055641379,0.00495703378193964,1.66600447007532,1.83990975005012,1
17,"n600-b1_1-b2_2p5-b3_2p8",600,2,162,1,1,0,0.9162907,1.029619,1.5,1.8,1,1.3,0.0983333333333334,195,91,219,95,FALSE,NA,TRUE,NA,-0.308667933480441,-0.308667933480441,0.308667933480441,0.308667933480441,0.0952758931590862,-0.648213222772658,0.0227252201831984,1,0.758982268231352,-0.157308431768648,0.157308431768648,0.157308431768648,0.0247459427055113,0.489526366592349,1.03993726949179,1,1.30968215862952,0.280063158629516,0.280063158629516,0.280063158629516,0.0784353728215413,0.908891539085934,1.70767838404953,1,1.36272817431835,-0.137271825681647,0.137271825681647,0.137271825681647,0.0188435541259724,1.2428236665209,1.53002794202781,1,1.77458457198843,-0.0254154280115735,0.0254154280115735,0.0254154280115735,0.000645943981011474,1.56329565729777,2.01486382005639,1
17,"n600-b1_1-b2_2p5-b3_2p8",600,3,163,1,1,0,0.9162907,1.029619,1.5,1.8,1,1.3,0.09,196,114,188,102,FALSE,NA,TRUE,NA,0.1657985873673,0.1657985873673,0.1657985873673,0.1657985873673,0.0274891715729923,-0.127528279078826,0.47002913546656,1,0.937032858625501,0.0207421586255012,0.0207421586255012,0.0207421586255012,0.000430237144445455,0.665075534073123,1.21549797722285,1,0.686348571295038,-0.343270428704962,0.343270428704962,0.343270428704962,0.117834587223289,0.324747523445542,1.04766115356252,1,1.5325233649,0.0325233649000001,0.0325233649000001,0.0325233649000001,0.00105776926441856,1.44848033948925,1.64498702143225,1,1.80940323431944,0.00940323431944434,0.00940323431944434,0.00940323431944434,8.84208156663759e-05,1.75777303945581,1.9383878010749,1
17,"n600-b1_1-b2_2p5-b3_2p8",600,4,164,1,1,0,0.9162907,1.029619,1.5,1.8,1,1.3,0.0816666666666667,193,83,227,97,FALSE,NA,TRUE,NA,-0.117115506664192,-0.117115506664192,0.117115506664192,0.117115506664192,0.0137160419012104,-0.459263549690303,0.219214836281241,1,0.904981792561872,-0.0113089074381277,0.0113089074381277,0.0113089074381277,0.000127891387444141,0.635444720906571,1.1887223834668,1,1.03946186289959,0.00984286289958591,0.00984286289958591,0.00984286289958591,9.68819500600448e-05,0.644407751875665,1.43407683204371,1,1.38920529271031,-0.110794707289695,0.110794707289695,0.110794707289695,0.0122754671634092,1.30202298375905,1.47157796188257,0,1.74319125262312,-0.0568087473768801,0.0568087473768801,0.0568087473768801,0.00322723377853019,1.67919887274599,1.8546000410605,1
17,"n600-b1_1-b2_2p5-b3_2p8",600,5,165,1,1,0,0.9162907,1.029619,1.5,1.8,1,1.3,0.0866666666666667,226,94,200,80,FALSE,NA,TRUE,NA,-0.00738605336294649,-0.00738605336294649,0.00738605336294649,0.00738605336294649,5.45537842802932e-05,-0.353134200449281,0.341055006718291,1,0.84816711609531,-0.0681235839046901,0.0681235839046901,0.0681235839046901,0.00464082268401935,0.555945287650058,1.15167845091292,1,0.98829340154903,-0.0413255984509699,0.0413255984509699,0.0413255984509699,0.00170780508733081,0.584817562270917,1.39312471315493,1,1.49980609382378,-0.000193906176221059,0.000193906176221059,0.000193906176221059,3.75996051766725e-08,1.43967579894442,1.62099834720488,1,1.80140445746755,0.00140445746754692,0.00140445746754692,0.00140445746754692,1.9725007781483e-06,1.66477556695954,2.13922357420715,1
17,"n600-b1_1-b2_2p5-b3_2p8",600,6,166,1,1,0,0.9162907,1.029619,1.5,1.8,1,1.3,0.106666666666667,195,98,202,105,FALSE,NA,TRUE,NA,0.146856851192697,0.146856851192697,0.146856851192697,0.146856851192697,0.0215669347422338,-0.175554191902314,0.464182522282789,1,0.984228662046535,0.0679379620465349,0.0679379620465349,0.0679379620465349,0.00461556668703642,0.711462626064313,1.26839829176241,1,0.879678135710121,-0.149940864289879,0.149940864289879,0.149940864289879,0.022482262783996,0.491646445995033,1.26703595320512,1,1.5405047227974,0.0405047227974014,0.0405047227974014,0.0405047227974014,0.00164063256889433,1.47497437412913,1.65808801110978,1,1.82631447893759,0.0263144789375886,0.0263144789375886,0.0263144789375886,0.000692451801756797,1.75567445083676,1.94245855343317,1
17,"n600-b1_1-b2_2p5-b3_2p8",600,7,167,1,1,0,0.9162907,1.029619,1.5,1.8,1,1.3,0.111666666666667,191,112,212,85,FALSE,NA,TRUE,NA,0.164966874851936,0.164966874851936,0.164966874851936,0.164966874851936,0.0272140697984142,-0.167354042139304,0.498268382652355,1,0.971018610509661,0.0547279105096606,0.0547279105096606,0.0547279105096606,0.00299514418875342,0.685147075240297,1.27199133258185,1,0.927743550104295,-0.101875449895705,0.101875449895705,0.101875449895705,0.0103786072914523,0.529454931629824,1.32283131609214,1,1.58577227730129,0.0857722773012948,0.0857722773012948,0.0857722773012948,0.00735688355345021,1.45956307232846,1.70669394204111,1,1.86876061897615,0.0687606189761547,0.0687606189761547,0.0687606189761547,0.00472802272198393,1.76949540392803,2.01147162951495,1
17,"n600-b1_1-b2_2p5-b3_2p8",600,8,168,1,1,0,0.9162907,1.029619,1.5,1.8,1,1.3,0.0833333333333334,207,95,190,108,FALSE,NA,TRUE,NA,0.137835646771523,0.137835646771523,0.137835646771523,0.137835646771523,0.018998665520924,-0.189130843671916,0.459461811540174,1,0.946623824758278,0.0303331247582778,0.0303331247582778,0.0303331247582778,0.000920098457601243,0.670328314448736,1.2268073498551,1,0.976629367206712,-0.0529896327932883,0.0529896327932883,0.0529896327932883,0.00280790118356753,0.580906474607314,1.37173078351496,1,1.49369563750194,-0.0063043624980641,0.0063043624980641,0.0063043624980641,3.9744986506997e-05,1.42390326245186,1.59113442518326,1,1.76683018749706,-0.033169812502942,0.033169812502942,0.033169812502942,0.00110023646148033,1.68248603910959,1.95258549315237,1
17,"n600-b1_1-b2_2p5-b3_2p8",600,9,169,1,1,0,0.9162907,1.029619,1.5,1.8,1,1.3,0.0783333333333334,223,75,219,83,FALSE,NA,TRUE,NA,-0.492074725670592,-0.492074725670592,0.492074725670592,0.492074725670592,0.242137535643788,-0.854956399362329,-0.138360773965805,0,0.705103588774983,-0.211187111225017,0.211187111225017,0.211187111225017,0.0445999959475677,0.431395330427882,0.986153610013781,1,1.54470447748157,0.515085477481568,0.515085477481568,0.515085477481568,0.265313049112415,1.12594286428808,1.9627751855392,0,1.52098345472816,0.0209834547281573,0.0209834547281573,0.0209834547281573,0.000440305372328628,1.38094534785398,1.78917483362338,1,1.81699404137613,0.0169940413761314,0.0169940413761314,0.0169940413761314,0.000288797442293665,1.59524205064997,2.04674170455959,1
17,"n600-b1_1-b2_2p5-b3_2p8",600,10,170,1,1,0,0.9162907,1.029619,1.5,1.8,1,1.3,0.0833333333333334,195,97,211,97,FALSE,NA,TRUE,NA,0.0303238144329983,0.0303238144329983,0.0303238144329983,0.0303238144329983,0.000919533721766917,-0.295849892338508,0.355247779510974,1,0.912893120211735,-0.00339757978826538,0.00339757978826538,0.00339757978826538,1.15435484176294e-05,0.647926417931097,1.19106939406489,1,0.989071447854204,-0.0405475521457956,0.0405475521457956,0.0405475521457956,0.00164410398501602,0.60231367242476,1.37808815956819,1,1.52560895674665,0.0256089567466484,0.0256089567466484,0.0256089567466484,0.00065581866565171,1.41036485361389,1.67105581964727,1,1.78166380286806,-0.0183361971319382,0.0183361971319382,0.0183361971319382,0.0003362161252613,1.59032133058338,2.01569529837754,1
18,"n600-b1_1-b2_2p5-b3_2p8",600,1,171,1,1,0,0.9162907,1.029619,1.5,1.8,1,1.3,0.0933333333333334,191,111,203,95,FALSE,NA,TRUE,NA,-0.119031822407673,-0.119031822407673,0.119031822407673,0.119031822407673,0.0141685747456918,-0.430377938125725,0.192941127024613,1,0.722641122894315,-0.193649577105685,0.193649577105685,0.193649577105685,0.0375001587132107,0.455166248233643,0.995740391644082,1,1.16676309983266,0.137144099832662,0.137144099832662,0.137144099832662,0.0188085041189112,0.786457321983749,1.54850483100622,1,1.45739238001474,-0.042607619985257,0.042607619985257,0.042607619985257,0.00181540928080807,1.37437356273864,1.5835160902494,1,1.71361762537901,-0.0863823746209906,0.0863823746209906,0.0863823746209906,0.00746191464516117,1.62906641210342,1.82785752112929,1
18,"n600-b1_1-b2_2p5-b3_2p8",600,2,172,1,1,0,0.9162907,1.029619,1.5,1.8,1,1.3,0.108333333333333,177,89,217,117,FALSE,NA,TRUE,NA,-0.0305175513139091,-0.0305175513139091,0.0305175513139091,0.0305175513139091,0.000931320938197078,-0.352296216301158,0.288074808805508,1,0.973430183631046,0.0571394836310459,0.0571394836310459,0.0571394836310459,0.00326492058962257,0.715574478366626,1.23673497590628,1,1.17311133753878,0.143492337538782,0.143492337538782,0.143492337538782,0.0205900509323437,0.790328306570729,1.56517458567582,1,1.53183049900821,0.0318304990082066,0.0318304990082066,0.0318304990082066,0.00101318066711144,1.47068550249985,1.7278396856442,1,1.78936318255318,-0.0106368174468174,0.0106368174468174,0.0106368174468174,0.00011314188539692,1.73870950831503,1.96804817858791,1
18,"n600-b1_1-b2_2p5-b3_2p8",600,3,173,1,1,0,0.9162907,1.029619,1.5,1.8,1,1.3,0.1,200,112,188,100,FALSE,NA,TRUE,NA,-0.282373963136578,-0.282373963136578,0.282373963136578,0.282373963136578,0.0797350550574578,-0.596847001413558,0.0289965404152967,1,0.64036024227959,-0.27593045772041,0.27593045772041,0.27593045772041,0.0761376174977949,0.371050728193732,0.920111043934774,1,1.5463861485871,0.516767148587103,0.516767148587103,0.516767148587103,0.267048285858845,1.16174252450154,1.93014194407562,0,1.53246564599353,0.032465645993528,0.032465645993528,0.032465645993528,0.00105401816977708,1.47179652929405,1.68011631796654,1,1.70256093555343,-0.0974390644465732,0.0974390644465732,0.0974390644465732,0.00949437128022345,1.65400698825109,1.81301069683506,1
18,"n600-b1_1-b2_2p5-b3_2p8",600,4,174,1,1,0,0.9162907,1.029619,1.5,1.8,1,1.3,0.106666666666667,183,110,207,100,FALSE,NA,TRUE,NA,-0.00601803762329201,-0.00601803762329201,0.00601803762329201,0.00601803762329201,3.62167768353581e-05,-0.31486928519607,0.305588485098085,1,0.922269513459119,0.00597881345911888,0.00597881345911888,0.00597881345911888,3.57462103789411e-05,0.653806418131999,1.19902771378707,1,1.04463438994678,0.0150153899467813,0.0150153899467813,0.0150153899467813,0.000225461935253901,0.6669285606902,1.42239959247122,1,1.50794068667162,0.00794068667162451,0.00794068667162451,0.00794068667162451,6.30545048169151e-05,1.35268272348715,1.69735746780728,1,1.89008393297412,0.0900839329741194,0.0900839329741194,0.0900839329741194,0.00811511498008564,1.78954424539866,2.03567588569175,1
18,"n600-b1_1-b2_2p5-b3_2p8",600,5,175,1,1,0,0.9162907,1.029619,1.5,1.8,1,1.3,0.095,189,114,201,96,FALSE,NA,TRUE,NA,0.465836728632209,0.465836728632209,0.465836728632209,0.465836728632209,0.217003857742758,0.152845777461393,0.783756771303503,0,1.34355330475989,0.427262604759895,0.427262604759895,0.427262604759895,0.18255333342621,1.05283319009838,1.64962521692121,0,0.616341968244444,-0.413277031755556,0.413277031755556,0.413277031755556,0.170797904976683,0.233851817246271,0.999314710675725,0,1.56369361779506,0.0636936177950598,0.0636936177950598,0.0636936177950598,0.00405687694782316,1.46748271282391,1.68414707824159,1,1.81045946250071,0.010459462500706,0.010459462500706,0.010459462500706,0.000109400355803674,1.72089097079054,1.90910813881743,1
18,"n600-b1_1-b2_2p5-b3_2p8",600,6,176,1,1,0,0.9162907,1.029619,1.5,1.8,1,1.3,0.0916666666666667,182,119,196,103,FALSE,NA,TRUE,NA,-0.381644908383523,-0.381644908383523,0.381644908383523,0.381644908383523,0.145652836095068,-0.675626484406355,-0.0897636718631427,0,0.706584070520844,-0.209706629479156,0.209706629479156,0.209706629479156,0.0439768704475081,0.447993590454514,0.964294497184548,1,1.34058349225683,0.310964492256832,0.310964492256832,0.310964492256832,0.096698915444549,0.974611980616953,1.70860443594484,1,1.53946955295721,0.0394695529572113,0.0394695529572113,0.0394695529572113,0.00155784561064211,1.4839452069817,1.6018566088251,1,1.83410297208771,0.0341029720877064,0.0341029720877064,0.0341029720877064,0.00116301270521488,1.75384642452171,1.96610013845304,1
18,"n600-b1_1-b2_2p5-b3_2p8",600,7,177,1,1,0,0.9162907,1.029619,1.5,1.8,1,1.3,0.0866666666666667,206,96,187,111,FALSE,NA,TRUE,NA,0.22907870653316,0.22907870653316,0.22907870653316,0.22907870653316,0.0524770537869058,-0.0911326118831661,0.541668378650824,1,1.07051302040787,0.154222320407871,0.154222320407871,0.154222320407871,0.023784524111988,0.792562062100199,1.35742920702122,1,0.632322064800461,-0.397296935199539,0.397296935199539,0.397296935199539,0.157844854718947,0.246478370295079,1.01929376414596,0,1.55058966970912,0.0505896697091224,0.0505896697091224,0.0505896697091224,0.00255931468127809,1.4887816515524,1.68245180759479,1,1.73813104094948,-0.0618689590505177,0.0618689590505177,0.0618689590505177,0.00382776809399464,1.59637177774092,1.8965060507149,1
18,"n600-b1_1-b2_2p5-b3_2p8",600,8,178,1,1,0,0.9162907,1.029619,1.5,1.8,1,1.3,0.0966666666666667,214,86,208,92,FALSE,NA,TRUE,NA,0.0141954176126559,0.0141954176126559,0.0141954176126559,0.0141954176126559,0.000201509881197701,-0.338322210408673,0.366271107040607,1,1.02623672451402,0.109946024514017,0.109946024514017,0.109946024514017,0.0120881283064368,0.746359070123498,1.32215523853679,1,0.917899463966278,-0.111719536033722,0.111719536033722,0.111719536033722,0.01248125473159,0.508054491082999,1.31474294726604,1,1.43597482802859,-0.0640251719714082,0.0640251719714082,0.0640251719714082,0.0040992226459684,1.33424901588977,1.59418780211858,1,1.71487193391456,-0.0851280660854445,0.0851280660854445,0.0851280660854445,0.00724678763544781,1.63216111314093,1.8363256230619,1
18,"n600-b1_1-b2_2p5-b3_2p8",600,9,179,1,1,0,0.9162907,1.029619,1.5,1.8,1,1.3,0.095,205,100,207,88,FALSE,NA,TRUE,NA,0.0487763949371993,0.0487763949371993,0.0487763949371993,0.0487763949371993,0.00237913670306964,-0.277720384236276,0.375576467188433,1,0.910339526203476,-0.00595117379652355,0.00595117379652355,0.00595117379652355,3.54164695564285e-05,0.631345538818402,1.20207248226487,1,0.974288162161145,-0.0553308378388547,0.0553308378388547,0.0553308378388547,0.00306150161594964,0.592287574698025,1.35903242971989,1,1.5400043384033,0.0400043384033004,0.0400043384033004,0.0400043384033004,0.00160034709108578,1.44625038264603,1.78867261704792,1,1.7838718563716,-0.0161281436284011,0.0161281436284011,0.0161281436284011,0.000260117016898335,1.67621830606216,1.93183897941446,1
18,"n600-b1_1-b2_2p5-b3_2p8",600,10,180,1,1,0,0.9162907,1.029619,1.5,1.8,1,1.3,0.075,200,98,226,76,FALSE,NA,TRUE,NA,-0.0499232340889139,-0.0499232340889139,0.0499232340889139,0.0499232340889139,0.00249232930189649,-0.374977608800284,0.276319904729903,1,0.72515353631859,-0.19113716368141,0.19113716368141,0.19113716368141,0.0365334153401743,0.442212505525563,1.01473822299779,1,1.22664940657031,0.197030406570313,0.197030406570313,0.197030406570313,0.0388209811132628,0.83729413575581,1.61260946448078,1,1.54166856082791,0.0416685608279075,0.0416685608279075,0.0416685608279075,0.00173626896146903,1.45213393292764,1.69035295736286,1,1.92768711771036,0.127687117710357,0.127687117710357,0.127687117710357,0.0163040000291785,1.79960696806011,2.160451582615,1
19,"n600-b1_1-b2_2p5-b3_2p8",600,1,181,1,1,0,0.9162907,1.029619,1.5,1.8,1,1.3,0.103333333333333,186,91,209,114,FALSE,NA,TRUE,NA,0.0124832383917275,0.0124832383917275,0.0124832383917275,0.0124832383917275,0.0001558312407447,-0.314012747193421,0.335864087290343,1,1.07612970187519,0.159839001875187,0.159839001875187,0.159839001875187,0.025548506520456,0.800545235580999,1.35771229563041,1,1.11194165060563,0.0823226506056254,0.0823226506056254,0.0823226506056254,0.00677701880273587,0.718413577208057,1.50523959088608,1,1.51234175285401,0.0123417528540126,0.0123417528540126,0.0123417528540126,0.000152318863509529,1.4611210860602,1.57216860470237,1,1.80145038893026,0.0014503889302615,0.0014503889302615,0.0014503889302615,2.10362804902511e-06,1.75126738295321,1.87041672914206,1
19,"n600-b1_1-b2_2p5-b3_2p8",600,2,182,1,1,0,0.9162907,1.029619,1.5,1.8,1,1.3,0.0883333333333334,189,102,195,114,FALSE,NA,TRUE,NA,-0.0651818161303087,-0.0651818161303087,0.0651818161303087,0.0651818161303087,0.00424866915404538,-0.363949837677929,0.234303595852066,1,0.972321425823738,0.056030725823738,0.056030725823738,0.056030725823738,0.0031394422363349,0.706974241434086,1.24126236808486,1,0.958356144793157,-0.0712628552068431,0.0712628552068431,0.0712628552068431,0.00507839453223148,0.593045535031206,1.32708332928417,1,1.54175093773354,0.0417509377335379,0.0417509377335379,0.0417509377335379,0.00174314080162976,1.48218089804205,1.71131311017469,1,1.7756835062028,-0.0243164937971974,0.0243164937971974,0.0243164937971974,0.000591291870589138,1.62244579603952,1.93702694544822,1
19,"n600-b1_1-b2_2p5-b3_2p8",600,3,183,1,1,0,0.9162907,1.029619,1.5,1.8,1,1.3,0.0983333333333334,221,95,177,107,FALSE,NA,TRUE,NA,0.00445491296015977,0.00445491296015977,0.00445491296015977,0.00445491296015977,1.98462494825995e-05,-0.314130909691551,0.317650966111295,1,0.769805245197578,-0.146485454802422,0.146485454802422,0.146485454802422,0.0214579884686725,0.50051458496756,1.04384021496079,1,1.04395309042531,0.0143340904253078,0.0143340904253078,0.0143340904253078,0.000205466148320899,0.655785044581939,1.43432390955823,1,1.48233791781022,-0.0176620821897848,0.0176620821897848,0.0176620821897848,0.000311949147278714,1.37216556472342,1.59808011099342,1,1.83366882445619,0.0336688244561918,0.0336688244561918,0.0336688244561918,0.00113358974026186,1.78306086750423,1.95939755869646,1
19,"n600-b1_1-b2_2p5-b3_2p8",600,4,184,1,1,0,0.9162907,1.029619,1.5,1.8,1,1.3,0.08,191,87,204,118,FALSE,NA,TRUE,NA,-0.100467044589617,-0.100467044589617,0.100467044589617,0.100467044589617,0.0100936270485722,-0.41546509292585,0.212817902576403,1,0.729135615924705,-0.187155084075295,0.187155084075295,0.187155084075295,0.0350270254952309,0.4805657620117,0.980972575233781,1,1.17326336296924,0.143644362969241,0.143644362969241,0.143644362969241,0.0206337030128389,0.787896817620773,1.5647256399985,1,1.52395318649897,0.0239531864989744,0.0239531864989744,0.0239531864989744,0.000573755143454648,1.44836962277766,1.65804064721247,1,1.88383094088079,0.0838309408807851,0.0838309408807851,0.0838309408807851,0.00702762664895769,1.74777783704344,2.29306455032638,1
19,"n600-b1_1-b2_2p5-b3_2p8",600,5,185,1,1,0,0.9162907,1.029619,1.5,1.8,1,1.3,0.095,202,101,198,99,FALSE,NA,TRUE,NA,0.182947398281014,0.182947398281014,0.182947398281014,0.182947398281014,0.0334697505377919,-0.129991767458227,0.498625431317198,1,0.881758748839004,-0.0345319511609964,0.0345319511609964,0.0345319511609964,0.00119245565098544,0.611686302095464,1.16467282765239,1,0.890172307659342,-0.139446692340658,0.139446692340658,0.139446692340658,0.0194453800047501,0.507264235645851,1.27298534231747,1,1.55330257324613,0.0533025732461301,0.0533025732461301,0.0533025732461301,0.00284116431465906,1.48777644971312,1.67317793505323,1,1.87564893253776,0.0756489325377563,0.0756489325377563,0.0756489325377563,0.005722760994102,1.76467040922581,2.11140760026932,1
19,"n600-b1_1-b2_2p5-b3_2p8",600,6,186,1,1,0,0.9162907,1.029619,1.5,1.8,1,1.3,0.0983333333333334,191,98,195,116,FALSE,NA,TRUE,NA,0.208620988511549,0.208620988511549,0.208620988511549,0.208620988511549,0.0435227168475359,-0.0951059769886717,0.511064314900265,1,0.872145652317738,-0.0441450476822624,0.0441450476822624,0.0441450476822624,0.00194878523486922,0.61262340132602,1.13404720574911,1,0.728020515424478,-0.301598484575523,0.301598484575523,0.301598484575523,0.0909616458982517,0.354056243381772,1.10364516953252,1,1.49527338118986,-0.00472661881014425,0.00472661881014425,0.00472661881014425,2.23409253764094e-05,1.44026760953628,1.65697076878056,1,1.80669511141759,0.00669511141758994,0.00669511141758994,0.00669511141758994,4.48245168939432e-05,1.76104446172055,1.90848685292356,1
19,"n600-b1_1-b2_2p5-b3_2p8",600,7,187,1,1,0,0.9162907,1.029619,1.5,1.8,1,1.3,0.0833333333333334,218,97,197,88,FALSE,NA,TRUE,NA,-0.403687200208563,-0.403687200208563,0.403687200208563,0.403687200208563,0.162963355612228,-0.732886262962038,-0.0761811610388911,0,0.611747099101043,-0.304543600898957,0.304543600898957,0.304543600898957,0.0927468048485031,0.343711981568259,0.889555300919444,0,1.53512469927675,0.505505699276753,0.505505699276753,0.505505699276753,0.255536012001279,1.13660021398147,1.93196489479388,0,1.48665118933932,-0.0133488106606812,0.0133488106606812,0.0133488106606812,0.000178190746054715,1.44947390555284,1.54448252576883,1,1.77048684745407,-0.0295131525459293,0.0295131525459293,0.0295131525459293,0.000871026173199296,1.67177807207092,1.88299950962587,1
19,"n600-b1_1-b2_2p5-b3_2p8",600,8,188,1,1,0,0.9162907,1.029619,1.5,1.8,1,1.3,0.101666666666667,188,102,222,88,FALSE,NA,TRUE,NA,0.0264879369711411,0.0264879369711411,0.0264879369711411,0.0264879369711411,0.000701610804987142,-0.319230997367449,0.370301587661121,1,1.06677058390125,0.150479883901247,0.150479883901247,0.150479883901247,0.0226441954589329,0.772340563403271,1.36911851987798,1,0.940170243123154,-0.0894487568768464,0.0894487568768464,0.0894487568768464,0.00800108010681318,0.537157040441028,1.34573501601223,1,1.43738296450955,-0.0626170354904467,0.0626170354904467,0.0626170354904467,0.00392089313361186,1.32223483185024,1.5549483294725,1,1.72488565274534,-0.0751143472546609,0.0751143472546609,0.0751143472546609,0.00564216516349379,1.5178693236833,1.9383610960816,1
19,"n600-b1_1-b2_2p5-b3_2p8",600,9,189,1,1,0,0.9162907,1.029619,1.5,1.8,1,1.3,0.103333333333333,187,99,206,108,FALSE,NA,TRUE,NA,0.109780783640535,0.109780783640535,0.109780783640535,0.109780783640535,0.01205182045673,-0.196140096809604,0.41371472899937,1,0.971684211699405,0.0553935116994049,0.0553935116994049,0.0553935116994049,0.0030684411383921,0.707182449559472,1.24069783197826,1,1.04897791145889,0.019358911458889,0.019358911458889,0.019358911458889,0.000374767452873104,0.672259461904145,1.42713712224849,1,1.59358737786716,0.0935873778671612,0.0935873778671612,0.0935873778671612,0.00875859729605081,1.50755853004167,1.70393325953566,0,2.11865323789254,0.318653237892545,0.318653237892545,0.318653237892545,0.101539886019403,1.81169033181039,2.3351990904818,0
19,"n600-b1_1-b2_2p5-b3_2p8",600,10,190,1,1,0,0.9162907,1.029619,1.5,1.8,1,1.3,0.095,210,94,198,98,FALSE,NA,TRUE,NA,0.134256367366025,0.134256367366025,0.134256367366025,0.134256367366025,0.018024772178321,-0.199054872916011,0.462869319241094,1,0.926294504919692,0.0100038049196916,0.0100038049196916,0.0100038049196916,0.000100076112871245,0.646895411608057,1.21499902596533,1,1.02064612897552,-0.00897287102447519,0.00897287102447519,0.00897287102447519,8.05124144218665e-05,0.623680580946282,1.41635226543699,1,1.4241853908825,-0.0758146091174983,0.0758146091174983,0.0758146091174983,0.00574785495563905,1.36922311640684,1.51476962991838,1,1.7457575837483,-0.0542424162517032,0.0542424162517032,0.0542424162517032,0.00294223972082304,1.69494190706526,1.81709324172137,1
20,"n600-b1_1-b2_2p5-b3_2p8",600,1,191,1,1,0,0.9162907,1.029619,1.5,1.8,1,1.3,0.123333333333333,213,91,192,104,FALSE,NA,TRUE,NA,-0.0292095948948487,-0.0292095948948487,0.0292095948948487,0.0292095948948487,0.000853200433921171,-0.374717368535432,0.312964916381471,1,1.03044028665327,0.114149586653272,0.114149586653272,0.114149586653272,0.0130301281331129,0.738978733208868,1.32995316010123,1,1.24009920545882,0.210480205458816,0.210480205458816,0.210480205458816,0.0443019168899852,0.827286795740876,1.64893500024053,1,1.49235382261759,-0.00764617738241302,0.00764617738241302,0.00764617738241302,5.84640285633245e-05,1.42232608305035,1.53788403646494,1,1.82701054071143,0.0270105407114263,0.0270105407114263,0.0270105407114263,0.000729569309523616,1.76294363606759,1.91231359012176,1
20,"n600-b1_1-b2_2p5-b3_2p8",600,2,192,1,1,0,0.9162907,1.029619,1.5,1.8,1,1.3,0.108333333333333,186,106,202,106,FALSE,NA,TRUE,NA,0.125072680640597,0.125072680640597,0.125072680640597,0.125072680640597,0.0156431754426248,-0.184315760478516,0.436510745862569,1,0.939724106972445,0.0234334069724453,0.0234334069724453,0.0234334069724453,0.00054912456233625,0.672553933553515,1.21581023021556,1,1.02837030889808,-0.00124869110191894,0.00124869110191894,0.00124869110191894,1.55922946801154e-06,0.649207100073934,1.40194780645694,1,1.52980959042483,0.0298095904248299,0.0298095904248299,0.0298095904248299,0.00088861168129611,1.48570799997961,1.60286665589818,1,1.85715200747977,0.0571520074797687,0.0571520074797687,0.0571520074797687,0.00326635195896753,1.77029352036933,1.9501043522736,1
20,"n600-b1_1-b2_2p5-b3_2p8",600,3,193,1,1,0,0.9162907,1.029619,1.5,1.8,1,1.3,0.0983333333333334,215,92,194,99,FALSE,NA,TRUE,NA,-0.0739747027044043,-0.0739747027044043,0.0739747027044043,0.0739747027044043,0.005472256640205,-0.398571001960117,0.251274041755952,1,0.881782240888632,-0.0345084591113677,0.0345084591113677,0.0345084591113677,0.00119083375024094,0.609635062062327,1.15939306624854,1,1.15636271369154,0.126743713691541,0.126743713691541,0.126743713691541,0.0160639689603232,0.766514187529975,1.55221015239904,1,1.47656694687894,-0.02343305312106,0.02343305312106,0.02343305312106,0.000549107978574421,1.40896364211195,1.57520381631956,1,1.77387936367908,-0.0261206363209177,0.0261206363209177,0.0261206363209177,0.000682287641809643,1.69220765626838,1.86337820706911,1
20,"n600-b1_1-b2_2p5-b3_2p8",600,4,194,1,1,0,0.9162907,1.029619,1.5,1.8,1,1.3,0.0916666666666667,186,100,204,110,FALSE,NA,TRUE,NA,0.278945354466215,0.278945354466215,0.278945354466215,0.278945354466215,0.0778105107782825,-0.0239071792299435,0.586031330513903,1,1.0571547530099,0.140864053009897,0.140864053009897,0.140864053009897,0.019842681430375,0.790119637763142,1.33459540646351,1,0.777270463651896,-0.252348536348104,0.252348536348104,0.252348536348104,0.0636797837970302,0.398807635985621,1.14575191960858,1,1.52373142120082,0.0237314212008182,0.0237314212008182,0.0237314212008182,0.000563180352210642,1.45079232110608,1.77045378319285,1,1.81173012761617,0.011730127616167,0.011730127616167,0.011730127616167,0.000137595893891563,1.75340673864625,1.98827996596039,1
20,"n600-b1_1-b2_2p5-b3_2p8",600,5,195,1,1,0,0.9162907,1.029619,1.5,1.8,1,1.3,0.113333333333333,192,90,215,103,FALSE,NA,TRUE,NA,0.0958621589165299,0.0958621589165299,0.0958621589165299,0.0958621589165299,0.00918955351213803,-0.23601310632478,0.426856830799554,1,0.841683247097504,-0.0746074529024959,0.0746074529024959,0.0746074529024959,0.00556627202859815,0.570827129845215,1.12221248796973,1,1.03908997801364,0.00947097801363994,0.00947097801363994,0.00947097801363994,8.96994245348512e-05,0.638774328950604,1.437952949342,1,1.51392663350082,0.0139266335008184,0.0139266335008184,0.0139266335008184,0.000193951120666116,1.47699505305649,1.62403111890227,1,1.84963658262826,0.0496365826282603,0.0496365826282603,0.0496365826282603,0.00246379033501211,1.76816976183608,2.03495564765393,1
20,"n600-b1_1-b2_2p5-b3_2p8",600,6,196,1,1,0,0.9162907,1.029619,1.5,1.8,1,1.3,0.0966666666666667,198,101,190,111,FALSE,NA,TRUE,NA,0.0758254102706179,0.0758254102706179,0.0758254102706179,0.0758254102706179,0.00574949284270752,-0.244060513892018,0.394029790110865,1,0.914623868307126,-0.00166683169287407,0.00166683169287407,0.00166683169287407,2.77832789236944e-06,0.655062658633122,1.18087286512769,1,0.965914215956192,-0.0637047840438085,0.0637047840438085,0.0637047840438085,0.00405829951006828,0.588077586784066,1.34716699524322,1,1.38954999087273,-0.110450009127271,0.110450009127271,0.110450009127271,0.0121992045162143,1.34742890737512,1.43206362586763,0,1.77432345466065,-0.0256765453393497,0.0256765453393497,0.0256765453393497,0.000659284980563681,1.70796284831076,1.99995626927071,1
20,"n600-b1_1-b2_2p5-b3_2p8",600,7,197,1,1,0,0.9162907,1.029619,1.5,1.8,1,1.3,0.085,196,109,215,80,FALSE,NA,TRUE,NA,-0.0384353202644406,-0.0384353202644406,0.0384353202644406,0.0384353202644406,0.00147727384383012,-0.365106078168008,0.284233785515014,1,0.901335341956916,-0.0149553580430842,0.0149553580430842,0.0149553580430842,0.000223662734196844,0.612615164842886,1.1934303196008,1,1.03089116392887,0.00127216392887286,0.00127216392887286,0.00127216392887286,1.61840106192523e-06,0.64635876691993,1.41530545816385,1,1.51502331365313,0.0150233136531304,0.0150233136531304,0.0150233136531304,0.000225699953120333,1.43885369083636,1.61534159354885,1,1.82594234191287,0.025942341912873,0.025942341912873,0.025942341912873,0.000673005103924409,1.71022495902635,2.02240095210741,1
20,"n600-b1_1-b2_2p5-b3_2p8",600,8,198,1,1,0,0.9162907,1.029619,1.5,1.8,1,1.3,0.07,195,107,209,89,FALSE,NA,TRUE,NA,-0.169776517603806,-0.169776517603806,0.169776517603806,0.169776517603806,0.0288240659296753,-0.48208141442208,0.145864339464288,1,0.844102163536215,-0.0721885364637846,0.0721885364637846,0.0721885364637846,0.00521118479678317,0.572282096151301,1.11805559151219,1,1.13479681995924,0.105177819959244,0.105177819959244,0.105177819959244,0.0110623738113791,0.757156671162548,1.51719829671562,1,1.59828580237566,0.0982858023756576,0.0982858023756576,0.0982858023756576,0.00966009894862683,1.40422322591295,1.80761667848188,1,1.82744219443252,0.0274421944325245,0.0274421944325245,0.0274421944325245,0.000753074035272478,1.71463563965175,2.05586384398422,1
20,"n600-b1_1-b2_2p5-b3_2p8",600,9,199,1,1,0,0.9162907,1.029619,1.5,1.8,1,1.3,0.085,219,100,189,92,FALSE,NA,TRUE,NA,0.0775410619913658,0.0775410619913658,0.0775410619913658,0.0775410619913658,0.00601261629474883,-0.240047868065499,0.394041982114233,1,0.889265350222159,-0.027025349777841,0.027025349777841,0.027025349777841,0.00073036953061465,0.60587870127372,1.18224260734089,1,0.984492845623671,-0.0451261543763292,0.0451261543763292,0.0451261543763292,0.00203636980879629,0.607561567554418,1.36190337495028,1,1.52016441855365,0.0201644185536463,0.0201644185536463,0.0201644185536463,0.000406603775606633,1.36697875026932,1.65912065903417,1,1.82154766127076,0.0215476612707626,0.0215476612707626,0.0215476612707626,0.000464301706239521,1.71351729966244,1.92869157823601,1
20,"n600-b1_1-b2_2p5-b3_2p8",600,10,200,1,1,0,0.9162907,1.029619,1.5,1.8,1,1.3,0.1,192,90,198,120,FALSE,NA,TRUE,NA,0.0566813043291933,0.0566813043291933,0.0566813043291933,0.0566813043291933,0.00321277026045863,-0.254860999167595,0.360330381184472,1,0.910647708548382,-0.00564299145161817,0.00564299145161817,0.00564299145161817,3.18433525230358e-05,0.65430425225695,1.17457255374565,1,1.03109185816297,0.00147285816297416,0.00147285816297416,0.00147285816297416,2.1693111682396e-06,0.652830085516381,1.41746979697928,1,1.50494560084929,0.00494560084928719,0.00494560084928719,0.00494560084928719,2.44589677604702e-05,1.37542265532039,1.58854369972018,1,1.77139811810795,-0.0286018818920459,0.0286018818920459,0.0286018818920459,0.000818067647766545,1.5923235279625,1.90504623510539,1
21,"n600-b1_1-b2_2p5-b3_2p8",600,1,201,1,1,0,0.9162907,1.029619,1.5,1.8,1,1.3,0.0866666666666667,190,97,213,100,FALSE,NA,TRUE,NA,0.0762821334891047,0.0762821334891047,0.0762821334891047,0.0762821334891047,0.00581896388964959,-0.235435325612245,0.389093967465202,1,0.858293239513164,-0.0579974604868362,0.0579974604868362,0.0579974604868362,0.00336370542292212,0.593170587256452,1.13423993065166,1,0.941308767127765,-0.0883102328722348,0.0883102328722348,0.0883102328722348,0.00779869722994834,0.562767449099794,1.31360942645758,1,1.51543243083803,0.0154324308380269,0.0154324308380269,0.0154324308380269,0.000238159921570484,1.47741202999663,1.62814221830028,1,1.78356070415549,-0.0164392958445092,0.0164392958445092,0.0164392958445092,0.000270250447863298,1.70609402437755,1.86970227683855,1
21,"n600-b1_1-b2_2p5-b3_2p8",600,2,202,1,1,0,0.9162907,1.029619,1.5,1.8,1,1.3,0.0883333333333334,218,104,196,82,FALSE,NA,TRUE,NA,-0.0742587583542137,-0.0742587583542137,0.0742587583542137,0.0742587583542137,0.00551436319230951,-0.415178338312179,0.26654739836596,1,0.948257560230493,0.0319668602304927,0.0319668602304927,0.0319668602304927,0.00102188015299585,0.649438488418348,1.25837057909617,1,1.04519523334688,0.0155762333468761,0.0155762333468761,0.0155762333468761,0.000242619045276334,0.646458184579984,1.44332700866822,1,1.4256631792098,-0.0743368207901987,0.0743368207901987,0.0743368207901987,0.00552596292519411,1.29930221707702,1.56683839772573,1,1.77931856992036,-0.0206814300796421,0.0206814300796421,0.0206814300796421,0.000427721550139124,1.64831253940464,1.98760788920982,1
21,"n600-b1_1-b2_2p5-b3_2p8",600,3,203,1,1,0,0.9162907,1.029619,1.5,1.8,1,1.3,0.0866666666666667,206,89,218,87,FALSE,NA,TRUE,NA,0.0382757614498304,0.0382757614498304,0.0382757614498304,0.0382757614498304,0.00146503391456433,-0.294967916675291,0.381734936550671,1,0.87971772753608,-0.0365729724639197,0.0365729724639197,0.0365729724639197,0.00133758231484663,0.599595892191415,1.16588467441049,1,0.992925907790458,-0.0366930922095421,0.0366930922095421,0.0366930922095421,0.00134638301589796,0.597998194887678,1.38848808346649,1,1.46883856382346,-0.0311614361765367,0.0311614361765367,0.0311614361765367,0.000971035104584368,1.34733743839861,1.66098036294472,1,1.74698924944961,-0.0530107505503876,0.0530107505503876,0.0530107505503876,0.00281013967391542,1.63540964400504,1.92636998684434,1
21,"n600-b1_1-b2_2p5-b3_2p8",600,4,204,1,1,0,0.9162907,1.029619,1.5,1.8,1,1.3,0.101666666666667,208,94,194,104,FALSE,NA,TRUE,NA,0.0633797049397456,0.0633797049397456,0.0633797049397456,0.0633797049397456,0.00401698699824922,-0.262008348993249,0.393003946763958,1,1.23256581649769,0.316275116497687,0.316275116497687,0.316275116497687,0.100029949315625,0.947136766761243,1.53439081946911,0,0.881546274421723,-0.148072725578277,0.148072725578277,0.148072725578277,0.0219255320601798,0.49343044429073,1.26771465336646,1,1.44339552665951,-0.0566044733404887,0.0566044733404887,0.0566044733404887,0.00320406640215409,1.36213107460018,1.54766678402857,1,1.78608090244367,-0.0139190975563295,0.0139190975563295,0.0139190975563295,0.000193741276782617,1.66973289824443,1.91514443983401,1
21,"n600-b1_1-b2_2p5-b3_2p8",600,5,205,1,1,0,0.9162907,1.029619,1.5,1.8,1,1.3,0.111666666666667,195,127,190,88,FALSE,NA,TRUE,NA,-0.0467539494074096,-0.0467539494074096,0.0467539494074096,0.0467539494074096,0.00218593178519062,-0.365515952503926,0.277879545605823,1,0.868288488808691,-0.0480022111913092,0.0480022111913092,0.0480022111913092,0.00230421227925505,0.578066942319626,1.16670781658185,1,1.22355393618941,0.193934936189408,0.193934936189408,0.193934936189408,0.0376107594747898,0.832688748438833,1.61212233246411,1,1.36654787052852,-0.133452129471484,0.133452129471484,0.133452129471484,0.0178094708604738,1.28497416841177,1.56804420735272,1,1.64866962235961,-0.151330377640392,0.151330377640392,0.151330377640392,0.0229008831967837,1.54458011769018,1.81533986071374,1
21,"n600-b1_1-b2_2p5-b3_2p8",600,6,206,1,1,0,0.9162907,1.029619,1.5,1.8,1,1.3,0.0933333333333334,188,100,200,112,FALSE,NA,TRUE,NA,0.0495120497346732,0.0495120497346732,0.0495120497346732,0.0495120497346732,0.00245144306892875,-0.263679872691408,0.361411093789673,1,1.07578351469574,0.159492814695745,0.159492814695745,0.159492814695745,0.0254379579395711,0.807559096010383,1.3499004037005,1,0.972253783850936,-0.0573652161490639,0.0573652161490639,0.0573652161490639,0.00329076802382882,0.589008307371151,1.35409770362189,1,1.49571834480489,-0.0042816551951137,0.0042816551951137,0.0042816551951137,1.83325712098441e-05,1.33139000756301,1.93803904020901,1,1.83746375723143,0.0374637572314311,0.0374637572314311,0.0374637572314311,0.00140353310589561,1.67491080117109,2.37784787267139,1
21,"n600-b1_1-b2_2p5-b3_2p8",600,7,207,1,1,0,0.9162907,1.029619,1.5,1.8,1,1.3,0.095,214,97,200,89,FALSE,NA,TRUE,NA,-0.236312548018834,-0.236312548018834,0.236312548018834,0.236312548018834,0.0558436203511536,-0.58104663107131,0.107561367016302,1,0.977632019425994,0.0613413194259941,0.0613413194259941,0.0613413194259941,0.00376275746892184,0.68963098665567,1.27626081153703,1,1.33065595464041,0.30103695464041,0.30103695464041,0.30103695464041,0.0906232480591725,0.92266669206028,1.74384649134772,1,1.45276224541284,-0.0472377545871625,0.0472377545871625,0.0472377545871625,0.00223140545843699,1.32452275662978,1.54012837619439,1,1.76460054785733,-0.035399452142669,0.035399452142669,0.035399452142669,0.00125312121200112,1.63113712373638,1.84981057717022,1
21,"n600-b1_1-b2_2p5-b3_2p8",600,8,208,1,1,0,0.9162907,1.029619,1.5,1.8,1,1.3,0.126666666666667,195,117,176,112,FALSE,NA,TRUE,NA,0.132443573397695,0.132443573397695,0.132443573397695,0.132443573397695,0.0175413001343506,-0.17376779699951,0.441516130310826,1,1.05830935005898,0.142018650058984,0.142018650058984,0.142018650058984,0.0201692969645761,0.778680945324697,1.34062536517973,1,0.849587304329737,-0.180031695670263,0.180031695670263,0.180031695670263,0.0324114114459103,0.470557309884836,1.22650245283448,1,1.53692251364739,0.0369225136473927,0.0369225136473927,0.0369225136473927,0.0013632720140419,1.45065291446481,1.69748540717499,1,1.85258549324044,0.0525854932404395,0.0525854932404395,0.0525854932404395,0.00276523409934031,1.80050267432948,1.97485043638221,0
21,"n600-b1_1-b2_2p5-b3_2p8",600,9,209,1,1,0,0.9162907,1.029619,1.5,1.8,1,1.3,0.103333333333333,215,89,208,88,FALSE,NA,TRUE,NA,-0.120887719428952,-0.120887719428952,0.120887719428952,0.120887719428952,0.0146138407087329,-0.475226932227021,0.222127957879218,1,1.02215361567835,0.105862915678349,0.105862915678349,0.105862915678349,0.0112069569159211,0.739937676370986,1.31344083666438,1,1.06401292077439,0.0343939207743924,0.0343939207743924,0.0343939207743924,0.00118294178623518,0.663777581988874,1.46914662071572,1,1.54092951280213,0.0409295128021299,0.0409295128021299,0.0409295128021299,0.00167522501821971,1.49756703397291,1.63147776025614,1,1.69210863267294,-0.107891367327058,0.107891367327058,0.107891367327058,0.0116405471437022,1.61671799667435,1.84692172198628,1
21,"n600-b1_1-b2_2p5-b3_2p8",600,10,210,1,1,0,0.9162907,1.029619,1.5,1.8,1,1.3,0.0933333333333334,189,100,200,111,FALSE,NA,TRUE,NA,0.00354403444023455,0.00354403444023455,0.00354403444023455,0.00354403444023455,1.25601801135686e-05,-0.299133138854637,0.30165142759088,1,0.700401281242822,-0.215889418757178,0.215889418757178,0.215889418757178,0.0466082411313121,0.446250617607968,0.960458252998344,1,1.02889306340444,-0.000725936595558752,0.000725936595558752,0.000725936595558752,5.2698394077143e-07,0.653621125460616,1.40198591408486,1,1.55991025321911,0.0599102532191083,0.0599102532191083,0.0599102532191083,0.00358923844077767,1.46869110182061,1.69386152762427,1,1.9755016365772,0.175501636577205,0.175501636577205,0.175501636577205,0.0308008244412772,1.73011130168417,2.19387958069788,1
22,"n600-b1_1-b2_2p5-b3_2p8",600,1,211,1,1,0,0.9162907,1.029619,1.5,1.8,1,1.3,0.0983333333333334,201,115,203,81,FALSE,NA,TRUE,NA,0.198193880932165,0.198193880932165,0.198193880932165,0.198193880932165,0.0392808144389531,-0.130578581609516,0.526232148612165,1,0.960773270379998,0.0444825703799984,0.0444825703799984,0.0444825703799984,0.00197869906761151,0.665410244577134,1.26919205068572,1,0.775854130148096,-0.253764869851904,0.253764869851904,0.253764869851904,0.064396609170954,0.380089181997566,1.16251373878176,1,1.53826652742367,0.0382665274236735,0.0382665274236735,0.0382665274236735,0.00146432712106676,1.42428911061485,1.73388422227072,1,1.84515880851435,0.0451588085143542,0.0451588085143542,0.0451588085143542,0.00203931798643611,1.68853367248493,2.03336063810203,1
22,"n600-b1_1-b2_2p5-b3_2p8",600,2,212,1,1,0,0.9162907,1.029619,1.5,1.8,1,1.3,0.111666666666667,186,101,210,103,FALSE,NA,TRUE,NA,0.0223858207254858,0.0223858207254858,0.0223858207254858,0.0223858207254858,0.00050112496955359,-0.295416018772471,0.341970398972465,1,0.892462043956302,-0.0238286560436984,0.0238286560436984,0.0238286560436984,0.000567804848848886,0.625203007571686,1.16479336966216,1,0.910223015956321,-0.119395984043679,0.119395984043679,0.119395984043679,0.0142554010057584,0.524244597812818,1.29189498065871,1,1.59876008093995,0.0987600809399531,0.0987600809399531,0.0987600809399531,0.0097535535872661,1.46279095644353,1.85690283588062,1,1.87331907909744,0.0733190790974438,0.0733190790974438,0.0733190790974438,0.00537568735969723,1.76631298215712,2.03863952686378,1
22,"n600-b1_1-b2_2p5-b3_2p8",600,3,213,1,1,0,0.9162907,1.029619,1.5,1.8,1,1.3,0.09,201,89,196,114,FALSE,NA,TRUE,NA,-0.30847516010464,-0.30847516010464,0.30847516010464,0.30847516010464,0.0951569244015835,-0.622883439512154,-0.00732970188765454,0,0.568390632854508,-0.347900067145492,0.347900067145492,0.347900067145492,0.121034456719838,0.316945183206368,0.821181370060647,0,1.40082332351701,0.37120432351701,0.37120432351701,0.37120432351701,0.137792649797721,1.02487933992505,1.78356392396331,1,1.50525875764997,0.00525875764997119,0.00525875764997119,0.00525875764997119,2.76545320211305e-05,1.44844741608073,1.57749837671412,1,1.81029390886261,0.0102939088626133,0.0102939088626133,0.0102939088626133,0.000105964559671788,1.72217057212318,1.91290061092453,1
22,"n600-b1_1-b2_2p5-b3_2p8",600,4,214,1,1,0,0.9162907,1.029619,1.5,1.8,1,1.3,0.0916666666666667,190,107,203,100,FALSE,NA,TRUE,NA,0.057507658299567,0.057507658299567,0.057507658299567,0.057507658299567,0.00330713076309976,-0.263217381285469,0.376994080808766,1,1.08933242546699,0.173041725466986,0.173041725466986,0.173041725466986,0.0299434387525917,0.802815936919163,1.37938459927197,1,0.973956051381039,-0.0556629486189608,0.0556629486189608,0.0556629486189608,0.00309836384895707,0.589377242019043,1.35921084558849,1,1.44955121094941,-0.0504487890505914,0.0504487890505914,0.0504487890505914,0.00254508031667107,1.33013405414973,1.63053695679375,1,1.77569879450939,-0.0243012054906082,0.0243012054906082,0.0243012054906082,0.000590548588296767,1.67175369935551,1.92050154927276,1
22,"n600-b1_1-b2_2p5-b3_2p8",600,5,215,1,1,0,0.9162907,1.029619,1.5,1.8,1,1.3,0.0916666666666667,204,90,205,101,FALSE,NA,TRUE,NA,0.369840318877062,0.369840318877062,0.369840318877062,0.369840318877062,0.136781861467087,0.0262170443140708,0.712866486532769,0,1.32078935726766,0.404498657267657,0.404498657267657,0.404498657267657,0.163619163731337,1.02467716209076,1.62843361048718,0,0.475888382931118,-0.553730617068882,0.553730617068882,0.553730617068882,0.306617596279485,0.0730098352346659,0.873213672111777,0,1.35795462921785,-0.142045370782146,0.142045370782146,0.142045370782146,0.0201768873606372,1.25374086672855,1.4708347697409,0,1.48936585325627,-0.310634146743729,0.310634146743729,0.310634146743729,0.0964935731232047,1.41217383032988,1.57446536498675,0
22,"n600-b1_1-b2_2p5-b3_2p8",600,6,216,1,1,0,0.9162907,1.029619,1.5,1.8,1,1.3,0.101666666666667,198,90,198,114,FALSE,NA,TRUE,NA,0.0559718459205385,0.0559718459205385,0.0559718459205385,0.0559718459205385,0.0031328475357525,-0.265767598264109,0.373979539074475,1,0.960692946456678,0.0444022464566783,0.0444022464566783,0.0444022464566783,0.0019715594903996,0.698836899088364,1.23006768457264,1,1.0433345520434,0.0137155520434002,0.0137155520434002,0.0137155520434002,0.000188116367855221,0.651676202910625,1.4357061069626,1,1.51064432934618,0.0106443293461775,0.0106443293461775,0.0106443293461775,0.000113301747229896,1.46098448749261,1.61573652239577,1,1.78707337775148,-0.0129266222485158,0.0129266222485158,0.0129266222485158,0.000167097562755824,1.76325745416678,1.85252444239763,1
22,"n600-b1_1-b2_2p5-b3_2p8",600,7,217,1,1,0,0.9162907,1.029619,1.5,1.8,1,1.3,0.115,175,110,198,117,FALSE,NA,TRUE,NA,0.0310792226924593,0.0310792226924593,0.0310792226924593,0.0310792226924593,0.000965918083167475,-0.278023352070136,0.332573645749438,1,0.867994299607268,-0.0482964003927319,0.0482964003927319,0.0482964003927319,0.00233254229089507,0.602221451841013,1.13934030023823,1,0.939196580319136,-0.0904224196808645,0.0904224196808645,0.0904224196808645,0.00817621398094239,0.565997665082184,1.32475810632226,1,1.57352161622614,0.0735216162261363,0.0735216162261363,0.0735216162261363,0.00540542805250327,1.41493401867307,1.79586418333002,1,1.92053344189462,0.120533441894621,0.120533441894621,0.120533441894621,0.0145283106149639,1.61288911420783,2.46099917420015,1
22,"n600-b1_1-b2_2p5-b3_2p8",600,8,218,1,1,0,0.9162907,1.029619,1.5,1.8,1,1.3,0.101666666666667,208,88,190,114,FALSE,NA,TRUE,NA,-0.00731891275043888,-0.00731891275043888,0.00731891275043888,0.00731891275043888,5.35664838485369e-05,-0.335571789220708,0.314225400695255,1,1.05711590059927,0.14082520059927,0.14082520059927,0.14082520059927,0.0198317371238246,0.778133667428345,1.33619344457337,1,1.04302623980061,0.0134072398006144,0.0134072398006144,0.0134072398006144,0.000179754079071179,0.655447916965394,1.4387940863977,1,1.47286721217448,-0.0271327878255181,0.0271327878255181,0.0271327878255181,0.000736188175184583,1.35263386992958,1.5603012648145,1,1.72151895375132,-0.07848104624868,0.07848104624868,0.07848104624868,0.00615927462028745,1.6034589574829,1.84052371064769,1
22,"n600-b1_1-b2_2p5-b3_2p8",600,9,219,1,1,0,0.9162907,1.029619,1.5,1.8,1,1.3,0.123333333333333,197,95,193,115,FALSE,NA,TRUE,NA,-0.108099706190869,-0.108099706190869,0.108099706190869,0.108099706190869,0.0116855464785521,-0.436846202054619,0.21365338221685,1,0.875350429063186,-0.0409402709368144,0.0409402709368144,0.0409402709368144,0.00167610578437977,0.604536338660728,1.15295708152038,1,1.03208172994762,0.00246272994762298,0.00246272994762298,0.00246272994762298,6.06503879491907e-06,0.642452570599473,1.42438557641394,1,1.49618323123754,-0.0038167687624624,0.0038167687624624,0.0038167687624624,1.45677237861087e-05,1.34189629961167,1.71375531330852,1,1.77435119949068,-0.0256488005093165,0.0256488005093165,0.0256488005093165,0.000657860967566715,1.46743284540719,1.98875422961039,1
22,"n600-b1_1-b2_2p5-b3_2p8",600,10,220,1,1,0,0.9162907,1.029619,1.5,1.8,1,1.3,0.108333333333333,196,102,203,99,FALSE,NA,TRUE,NA,0.367263466374601,0.367263466374601,0.367263466374601,0.367263466374601,0.134882453733488,0.0400621337815695,0.696035069217023,0,1.26547796223245,0.349187262232453,0.349187262232453,0.349187262232453,0.121931744105396,0.973540160075146,1.56349611557622,0,0.666350673370567,-0.363268326629433,0.363268326629433,0.363268326629433,0.131963877132149,0.278005205058073,1.05233781270318,1,1.50404321928379,0.00404321928378581,0.00404321928378581,0.00404321928378581,1.63476221767775e-05,1.4511478527908,1.57935303819614,1,1.80653516211614,0.00653516211613758,0.00653516211613758,0.00653516211613758,4.27083438841998e-05,1.73459325442988,1.89727869303181,1
23,"n600-b1_1-b2_2p5-b3_2p8",600,1,221,1,1,0,0.9162907,1.029619,1.5,1.8,1,1.3,0.0833333333333334,204,78,208,110,FALSE,NA,TRUE,NA,-0.285283447276082,-0.285283447276082,0.285283447276082,0.285283447276082,0.081386645289725,-0.625674383958067,0.0374429438204155,1,0.755733971350415,-0.160556728649585,0.160556728649585,0.160556728649585,0.0257784631146566,0.505853160103002,1.0087870510518,1,1.57280560316047,0.543186603160467,0.543186603160467,0.543186603160467,0.295051685853007,1.1827274908217,1.97393490747012,0,1.57492445816648,0.0749244581664814,0.0749244581664814,0.0749244581664814,0.00561367443154082,1.43567412886843,1.83879023696764,1,1.79213121785209,-0.00786878214790754,0.00786878214790754,0.00786878214790754,6.19177324912284e-05,1.66018942761601,1.93328644904364,1
23,"n600-b1_1-b2_2p5-b3_2p8",600,2,222,1,1,0,0.9162907,1.029619,1.5,1.8,1,1.3,0.0933333333333334,191,103,204,102,FALSE,NA,TRUE,NA,0.235112944884021,0.235112944884021,0.235112944884021,0.235112944884021,0.0552780968520365,-0.0759187638586327,0.551409714239766,1,0.789000398658807,-0.127290301341193,0.127290301341193,0.127290301341193,0.0162028208155317,0.518941477286973,1.07537875828548,1,0.885481644925705,-0.144137355074295,0.144137355074295,0.144137355074295,0.0207755771278134,0.501863222031252,1.26774060431845,1,1.35333637425575,-0.146663625744252,0.146663625744252,0.146663625744252,0.0215102191164499,1.22917014220714,1.49337648668645,0,1.792571274194,-0.00742872580600129,0.00742872580600129,0.00742872580600129,5.51859671007495e-05,1.59635038189,2.00535482841373,1
23,"n600-b1_1-b2_2p5-b3_2p8",600,3,223,1,1,0,0.9162907,1.029619,1.5,1.8,1,1.3,0.0933333333333334,202,93,211,94,FALSE,NA,TRUE,NA,0.197647095347996,0.197647095347996,0.197647095347996,0.197647095347996,0.0390643742994997,-0.125496607790907,0.524419081586235,1,0.932238343237452,0.0159476432374519,0.0159476432374519,0.0159476432374519,0.000254327324829045,0.656187213290681,1.21919990010086,1,0.816583096224541,-0.213035903775459,0.213035903775459,0.213035903775459,0.0453842962974268,0.425413239659357,1.20668625789001,1,1.60529084414772,0.105290844147717,0.105290844147717,0.105290844147717,0.0110861618613389,1.52105096237389,1.67211725586666,0,1.82597018386833,0.0259701838683348,0.0259701838683348,0.0259701838683348,0.000674450450155119,1.79423209382968,1.85775376598237,1
23,"n600-b1_1-b2_2p5-b3_2p8",600,4,224,1,1,0,0.9162907,1.029619,1.5,1.8,1,1.3,0.111666666666667,181,116,204,99,FALSE,NA,TRUE,NA,-0.149995916921254,-0.149995916921254,0.149995916921254,0.149995916921254,0.0224987750930477,-0.456546522307338,0.16260379087705,1,0.761583468259642,-0.154707231740358,0.154707231740358,0.154707231740358,0.0239343275527649,0.49481666030808,1.03587401665701,1,1.22084169711695,0.191222697116952,0.191222697116952,0.191222697116952,0.0365661198926817,0.843454553515834,1.59360502146508,1,1.62018124885297,0.120181248852969,0.120181248852969,0.120181248852969,0.0144435325758592,1.49945690009652,1.72336163549217,1,1.73639808398818,-0.0636019160118246,0.0636019160118246,0.0636019160118246,0.00404520372037519,1.57104399386256,2.05588900062185,1
23,"n600-b1_1-b2_2p5-b3_2p8",600,5,225,1,1,0,0.9162907,1.029619,1.5,1.8,1,1.3,0.103333333333333,205,101,188,106,FALSE,NA,TRUE,NA,0.141016549887196,0.141016549887196,0.141016549887196,0.141016549887196,0.0198856673420881,-0.178373634634352,0.466891015900424,1,0.864283015779938,-0.0520076842200619,0.0520076842200619,0.0520076842200619,0.00270479921793367,0.581895831243407,1.15136916203504,1,1.02329257994747,-0.00632642005252571,0.00632642005252571,0.00632642005252571,4.00235906809993e-05,0.62359643187716,1.41352529323117,1,1.54428217389848,0.0442821738984778,0.0442821738984778,0.0442821738984778,0.00196091092517503,1.38542404700346,1.85482672510416,1,1.78009655108159,-0.0199034489184071,0.0199034489184071,0.0199034489184071,0.000396147278847641,1.65552047142939,1.93366394314132,1
23,"n600-b1_1-b2_2p5-b3_2p8",600,6,226,1,1,0,0.9162907,1.029619,1.5,1.8,1,1.3,0.113333333333333,209,96,205,90,FALSE,NA,TRUE,NA,0.128459300194606,0.128459300194606,0.128459300194606,0.128459300194606,0.016501791806488,-0.228939005341309,0.486784773256563,1,0.970516889031519,0.0542261890315193,0.0542261890315193,0.0542261890315193,0.00294047957688207,0.667589770520723,1.28693444133675,1,0.931339494249979,-0.098279505750021,0.098279505750021,0.098279505750021,0.00965886125046841,0.513095051740104,1.34899871144779,1,1.35200626270858,-0.147993737291417,0.147993737291417,0.147993737291417,0.0219021462774809,1.23820826259966,1.48023420813887,0,1.56689684487112,-0.23310315512888,0.23310315512888,0.23310315512888,0.0543370809310386,1.42224543735454,1.76579131242956,0
23,"n600-b1_1-b2_2p5-b3_2p8",600,7,227,1,1,0,0.9162907,1.029619,1.5,1.8,1,1.3,0.105,214,98,174,114,FALSE,NA,TRUE,NA,0.126092045732863,0.126092045732863,0.126092045732863,0.126092045732863,0.0158992039970985,-0.197677585949189,0.443666955119834,1,1.00079017794677,0.0844994779467731,0.0844994779467731,0.0844994779467731,0.0071401617732772,0.722209846015176,1.28103133273432,1,0.944658646122121,-0.0849603538778791,0.0849603538778791,0.0849603538778791,0.00721826173105445,0.555757904429612,1.33945468725443,1,1.39692388383909,-0.103076116160907,0.103076116160907,0.103076116160907,0.0106246857228167,1.30839390775813,1.53355383250179,1,1.77493991032668,-0.0250600896733177,0.0250600896733177,0.0250600896733177,0.000628008094434727,1.58132767625825,1.89478142729092,1
23,"n600-b1_1-b2_2p5-b3_2p8",600,8,228,1,1,0,0.9162907,1.029619,1.5,1.8,1,1.3,0.0866666666666667,210,98,193,99,FALSE,NA,TRUE,NA,0.0172643413045905,0.0172643413045905,0.0172643413045905,0.0172643413045905,0.000298057480681389,-0.300141678263422,0.33465982013337,1,1.05355935205556,0.137268652055556,0.137268652055556,0.137268652055556,0.0188426828371493,0.78105777718886,1.33561976456499,1,0.981162089352568,-0.0484569106474319,0.0484569106474319,0.0484569106474319,0.00234807218949319,0.600651321229028,1.36372340593826,1,1.50532113220401,0.00532113220401187,0.00532113220401187,0.00532113220401187,2.83144479325722e-05,1.4592710393713,1.57197553319551,1,1.83068876774051,0.0306887677405068,0.0306887677405068,0.0306887677405068,0.000941800465430769,1.77993601443295,1.96055279487821,1
23,"n600-b1_1-b2_2p5-b3_2p8",600,9,229,1,1,0,0.9162907,1.029619,1.5,1.8,1,1.3,0.118333333333333,189,95,201,115,FALSE,NA,TRUE,NA,0.265309858277356,0.265309858277356,0.265309858277356,0.265309858277356,0.0703893208991508,-0.0561580986529949,0.585984984593332,1,1.11945286583242,0.203162165832417,0.203162165832417,0.203162165832417,0.0412748656257185,0.85216889486115,1.39564331881632,1,0.80844071815839,-0.22117828184161,0.22117828184161,0.22117828184161,0.0489198323584065,0.423211440276814,1.19593934688119,1,1.40677384883732,-0.0932261511626831,0.0932261511626831,0.0932261511626831,0.00869111526060743,1.28884165512207,1.590440785815,1,1.76858694939216,-0.0314130506078387,0.0314130506078387,0.0314130506078387,0.000986779748490637,1.69542461198116,1.88784583052424,1
23,"n600-b1_1-b2_2p5-b3_2p8",600,10,230,1,1,0,0.9162907,1.029619,1.5,1.8,1,1.3,0.07,206,87,207,100,FALSE,NA,TRUE,NA,-0.102181759592512,-0.102181759592512,0.102181759592512,0.102181759592512,0.0104411119934219,-0.41879241336302,0.213573295857166,1,0.712557201646235,-0.203733498353765,0.203733498353765,0.203733498353765,0.0415073383514636,0.442784097548478,0.987635552212548,1,1.20662251695079,0.177003516950789,0.177003516950789,0.177003516950789,0.0313302450129481,0.822744918264291,1.593150387143,1,1.60367993883906,0.103679938839062,0.103679938839062,0.103679938839062,0.0107495297176716,1.45721596711958,1.74257475808482,1,1.82388053996747,0.0238805399674695,0.0238805399674695,0.0238805399674695,0.000570280189137909,1.70065560920741,1.93115254446074,1
24,"n600-b1_1-b2_2p5-b3_2p8",600,1,231,1,1,0,0.9162907,1.029619,1.5,1.8,1,1.3,0.09,193,96,197,114,FALSE,NA,TRUE,NA,-0.0392006522392516,-0.0392006522392516,0.0392006522392516,0.0392006522392516,0.00153669113598274,-0.343943893675232,0.264265910572225,1,0.882383812854931,-0.0339068871450687,0.0339068871450687,0.0339068871450687,0.00114967699586843,0.616871927887112,1.15300275636085,1,1.02368261377288,-0.00593638622711556,0.00593638622711556,0.00593638622711556,3.52406814374874e-05,0.652179247301559,1.40075771869123,1,1.53327381533264,0.0332738153326397,0.0332738153326397,0.0332738153326397,0.00110714678679061,1.46227705283731,1.74108008779089,1,1.83022876251905,0.0302287625190496,0.0302287625190496,0.0302287625190496,0.000913778083433098,1.66298252082661,1.93829886484332,1
24,"n600-b1_1-b2_2p5-b3_2p8",600,2,232,1,1,0,0.9162907,1.029619,1.5,1.8,1,1.3,0.095,204,117,189,90,FALSE,NA,TRUE,NA,0.185506631493029,0.185506631493029,0.185506631493029,0.185506631493029,0.0344127103278904,-0.133616941914105,0.507793749100471,1,1.02685311417437,0.110562414174365,0.110562414174365,0.110562414174365,0.0122240474280639,0.734822205195622,1.32631825490845,1,0.983693402021697,-0.0459255979783029,0.0459255979783029,0.0459255979783029,0.0021091605496647,0.597654942460162,1.37169327448441,1,1.48284195036336,-0.0171580496366417,0.0171580496366417,0.0171580496366417,0.00029439866733346,1.38407781634409,1.59917863765836,1,1.77681934824675,-0.0231806517532493,0.0231806517532493,0.0231806517532493,0.000537342615705422,1.63551655953957,1.9064679897191,1
24,"n600-b1_1-b2_2p5-b3_2p8",600,3,233,1,1,0,0.9162907,1.029619,1.5,1.8,1,1.3,0.101666666666667,208,95,207,90,FALSE,NA,TRUE,NA,0.109174334564578,0.109174334564578,0.109174334564578,0.109174334564578,0.0119190353276184,-0.239554758842053,0.459869913088777,1,1.02034912117883,0.104058421178832,0.104058421178832,0.104058421178832,0.0108281550182313,0.723424062663511,1.32924304954995,1,0.973214781935722,-0.0564042180642779,0.0564042180642779,0.0564042180642779,0.00318143581544261,0.565643653946328,1.38384765679884,1,1.48823880297317,-0.0117611970268263,0.0117611970268263,0.0117611970268263,0.000138325755503828,1.41279433217968,1.59677210489418,1,1.81998996133591,0.0199899613359145,0.0199899613359145,0.0199899613359145,0.000399598554211355,1.72784310890572,2.01476044613212,1
24,"n600-b1_1-b2_2p5-b3_2p8",600,4,234,1,1,0,0.9162907,1.029619,1.5,1.8,1,1.3,0.08,186,102,214,98,FALSE,NA,TRUE,NA,-0.0802789304273077,-0.0802789304273077,0.0802789304273077,0.0802789304273077,0.0064447066705525,-0.398244685026573,0.236449850922576,1,0.845315748079134,-0.0709749519208662,0.0709749519208662,0.0709749519208662,0.00503744380016927,0.575100154663977,1.12215469976584,1,1.01425841477031,-0.0153605852296876,0.0153605852296876,0.0153605852296876,0.000235947578598498,0.631851228431738,1.39667889457055,1,1.39388743565285,-0.106112564347146,0.106112564347146,0.106112564347146,0.0112598763123271,1.29568316477623,1.5802103025819,1,1.68368091377664,-0.116319086223363,0.116319086223363,0.116319086223363,0.013530129819838,1.56142185389518,2.04190080746185,1
24,"n600-b1_1-b2_2p5-b3_2p8",600,5,235,1,1,0,0.9162907,1.029619,1.5,1.8,1,1.3,0.0866666666666667,218,97,196,89,FALSE,NA,TRUE,NA,-0.105749399291701,-0.105749399291701,0.105749399291701,0.105749399291701,0.0111829354505557,-0.433144207961185,0.220268507078979,1,0.873797933288012,-0.0424927667119882,0.0424927667119882,0.0424927667119882,0.00180563522283945,0.592532008433761,1.16253115718019,1,1.13435758210394,0.10473858210394,0.10473858210394,0.10473858210394,0.0109701705811438,0.74497555599381,1.52414537825748,1,1.47290176962843,-0.027098230371565,0.027098230371565,0.027098230371565,0.000734314089270408,1.42106065324817,1.58564723750189,1,1.76736537372127,-0.0326346262787345,0.0326346262787345,0.0326346262787345,0.00106501883235267,1.71028029532675,1.86564980034299,1
24,"n600-b1_1-b2_2p5-b3_2p8",600,6,236,1,1,0,0.9162907,1.029619,1.5,1.8,1,1.3,0.09,194,101,205,100,FALSE,NA,TRUE,NA,0.044348947205939,0.044348947205939,0.044348947205939,0.044348947205939,0.00196682911827516,-0.266403158249425,0.364031733857834,1,0.810182686107939,-0.106108013892061,0.106108013892061,0.106108013892061,0.0112589106121179,0.540340669413472,1.0878993216322,1,0.98852494567755,-0.0410940543224497,0.0410940543224497,0.0410940543224497,0.00168872130065645,0.606110223113094,1.36951376052674,1,1.50946377122014,0.00946377122013997,0.00946377122013997,0.00946377122013997,8.95629657071496e-05,1.36365106285818,1.65098033395132,1,1.72470711827344,-0.0752928817265592,0.0752928817265592,0.0752928817265592,0.00566901803868964,1.50327922795356,1.91786143432789,1
24,"n600-b1_1-b2_2p5-b3_2p8",600,7,237,1,1,0,0.9162907,1.029619,1.5,1.8,1,1.3,0.0783333333333334,191,110,205,94,FALSE,NA,TRUE,NA,-0.157054959776074,-0.157054959776074,0.157054959776074,0.157054959776074,0.0246662603902644,-0.472735258606102,0.15575616515931,1,0.686430670265158,-0.229860029734842,0.229860029734842,0.229860029734842,0.0528356332697025,0.408004897253681,0.9702813735748,1,1.37863598238901,0.349016982389013,0.349016982389013,0.349016982389013,0.121812853995933,0.995101023582213,1.75868535631511,1,1.36350802774764,-0.136491972252357,0.136491972252357,0.136491972252357,0.0186300584893381,1.24705727221237,1.52221739521485,1,1.71024800025799,-0.0897519997420126,0.0897519997420126,0.0897519997420126,0.00805542145769024,1.57160498999599,1.91568558439715,1
24,"n600-b1_1-b2_2p5-b3_2p8",600,8,238,1,1,0,0.9162907,1.029619,1.5,1.8,1,1.3,0.11,200,98,204,98,FALSE,NA,TRUE,NA,0.10141677442769,0.10141677442769,0.10141677442769,0.10141677442769,0.0102853621353169,-0.23155039684625,0.437503704071047,1,0.966872553408789,0.050581853408789,0.050581853408789,0.050581853408789,0.00255852389426822,0.681902108296752,1.25873376518017,1,0.865447378922109,-0.164171621077891,0.164171621077891,0.164171621077891,0.0269523211673428,0.463101989955804,1.26775822220819,1,1.50798871319387,0.00798871319387162,0.00798871319387162,0.00798871319387162,6.38195384939385e-05,1.3574270785563,1.66810258190973,1,1.84267646123594,0.0426764612359443,0.0426764612359443,0.0426764612359443,0.00182128034362305,1.72758202081981,2.0003927059586,1
24,"n600-b1_1-b2_2p5-b3_2p8",600,9,239,1,1,0,0.9162907,1.029619,1.5,1.8,1,1.3,0.1,207,108,195,90,FALSE,NA,TRUE,NA,-0.11907378210045,-0.11907378210045,0.11907378210045,0.11907378210045,0.0141785655837055,-0.439730586117241,0.200098578018502,1,0.858459043812477,-0.0578316561875226,0.0578316561875226,0.0578316561875226,0.00334450045739182,0.577173648627375,1.14582781285869,1,1.18322081085679,0.153601810856789,0.153601810856789,0.153601810856789,0.0235935162984847,0.798980723273341,1.56447358867438,1,1.62606179320849,0.126061793208492,0.126061793208492,0.126061793208492,0.0158915757069405,1.47139021736743,1.86616761020352,1,1.99064293215825,0.190642932158252,0.190642932158252,0.190642932158252,0.0363447275818958,1.78886372276667,2.3046823422946,1
24,"n600-b1_1-b2_2p5-b3_2p8",600,10,240,1,1,0,0.9162907,1.029619,1.5,1.8,1,1.3,0.0783333333333334,170,100,234,96,FALSE,NA,TRUE,NA,0.0520898926638531,0.0520898926638531,0.0520898926638531,0.0520898926638531,0.00271335691773173,-0.271445093347511,0.367209009352007,1,1.0338263711382,0.117535671138205,0.117535671138205,0.117535671138205,0.0138146339899082,0.761263471143987,1.31457222377321,1,0.933183801747042,-0.0964351982529583,0.0964351982529583,0.0964351982529583,0.00929974746208738,0.55147388917025,1.31854549351317,1,1.45763777979698,-0.0423622202030229,0.0423622202030229,0.0423622202030229,0.0017945577005294,1.38146818952203,1.57239500664123,1,1.7798243497093,-0.0201756502907033,0.0201756502907033,0.0201756502907033,0.000407056864652758,1.67844245662045,1.87234516845506,1
25,"n600-b1_1-b2_2p5-b3_2p8",600,1,241,1,1,0,0.9162907,1.029619,1.5,1.8,1,1.3,0.116666666666667,176,103,204,117,FALSE,NA,TRUE,NA,0.0295711900393686,0.0295711900393686,0.0295711900393686,0.0295711900393686,0.000874455280344452,-0.282236804835586,0.348465917234742,1,0.958568940242226,0.0422782402422258,0.0422782402422258,0.0422782402422258,0.00178744959797936,0.692757939693163,1.23428992162462,1,0.936847010785299,-0.0927719892147014,0.0927719892147014,0.0927719892147014,0.00860664198285268,0.548389035679482,1.32135411729006,1,1.50067457832773,0.000674578327733544,0.000674578327733544,0.000674578327733544,4.55055920247784e-07,1.42032431527137,1.70002298103362,1,1.76182808911498,-0.0381719108850176,0.0381719108850176,0.0381719108850176,0.00145709478061372,1.67913111524602,1.89771677371366,1
25,"n600-b1_1-b2_2p5-b3_2p8",600,2,242,1,1,0,0.9162907,1.029619,1.5,1.8,1,1.3,0.085,189,100,205,106,FALSE,NA,TRUE,NA,0.227941684122675,0.227941684122675,0.227941684122675,0.227941684122675,0.0519574113606815,-0.0726228614383401,0.533536401989904,1,0.976679426397686,0.0603887263976864,0.0603887263976864,0.0603887263976864,0.00364679827593463,0.713991531217711,1.25028923979766,1,0.6510295913445,-0.3785894086555,0.3785894086555,0.3785894086555,0.143329940346121,0.284613042926795,1.01532669580075,0,1.59676420864825,0.0967642086482468,0.0967642086482468,0.0967642086482468,0.00936331207532143,1.42240952504056,1.91322128998733,1,1.82733123623642,0.027331236236418,0.027331236236418,0.027331236236418,0.000746996474210887,1.56878481210315,2.37137341041008,1
25,"n600-b1_1-b2_2p5-b3_2p8",600,3,243,1,1,0,0.9162907,1.029619,1.5,1.8,1,1.3,0.095,187,95,200,118,FALSE,NA,TRUE,NA,-0.0653028034188115,-0.0653028034188115,0.0653028034188115,0.0653028034188115,0.00426445613435593,-0.382832964234347,0.247749864353238,1,0.927219640997918,0.0109289409979179,0.0109289409979179,0.0109289409979179,0.00011944175133597,0.668142202554419,1.19883082423586,1,1.20517218222758,0.175553182227575,0.175553182227575,0.175553182227575,0.0308189197902282,0.819465692522468,1.60023620332263,1,1.45718613132313,-0.0428138686768735,0.0428138686768735,0.0428138686768735,0.00183302735108057,1.2905437694214,1.68249117390144,1,1.75853124230457,-0.0414687576954258,0.0414687576954258,0.0414687576954258,0.00171965786480194,1.61413125582703,1.91853138471143,1
25,"n600-b1_1-b2_2p5-b3_2p8",600,4,244,1,1,0,0.9162907,1.029619,1.5,1.8,1,1.3,0.0966666666666667,181,97,220,102,FALSE,NA,TRUE,NA,-0.0413910655834404,-0.0413910655834404,0.0413910655834404,0.0413910655834404,0.00171322031013266,-0.359578342512908,0.278648960118147,1,0.800503711400545,-0.115786988599455,0.115786988599455,0.115786988599455,0.0134066267289304,0.533960901659842,1.07519625215663,1,1.20603297097361,0.176413970973608,0.176413970973608,0.176413970973608,0.0311218891546769,0.821191838703329,1.59088339893354,1,1.51026263400001,0.0102626340000131,0.0102626340000131,0.0102626340000131,0.000105321656618226,1.44819004267738,1.63404024916744,1,1.77071445277665,-0.0292855472233506,0.0292855472233506,0.0292855472233506,0.0008576432761711,1.6642226808148,1.87169446275086,1
25,"n600-b1_1-b2_2p5-b3_2p8",600,5,245,1,1,0,0.9162907,1.029619,1.5,1.8,1,1.3,0.0983333333333334,222,88,184,106,FALSE,NA,TRUE,NA,0.112418208646406,0.112418208646406,0.112418208646406,0.112418208646406,0.0126378536352668,-0.220478727513948,0.447923168569059,1,0.911343691732195,-0.0049470082678047,0.0049470082678047,0.0049470082678047,2.4472890801728e-05,0.632178485680794,1.19652993946687,1,1.04207605732212,0.0124570573221208,0.0124570573221208,0.0124570573221208,0.000155178277126603,0.645171805355477,1.44012881766901,1,1.55114461476826,0.0511446147682568,0.0511446147682568,0.0511446147682568,0.00261577161979339,1.47561782763673,1.74537153220537,1,1.74930951472997,-0.0506904852700312,0.0506904852700312,0.0506904852700312,0.00256952529691125,1.715441213687,1.83948419165259,1
25,"n600-b1_1-b2_2p5-b3_2p8",600,6,246,1,1,0,0.9162907,1.029619,1.5,1.8,1,1.3,0.095,223,107,181,89,FALSE,NA,TRUE,NA,0.164817549231295,0.164817549231295,0.164817549231295,0.164817549231295,0.0271648245346104,-0.163036797564511,0.494368785798297,1,0.881987161511829,-0.0343035384881708,0.0343035384881708,0.0343035384881708,0.00117673275280942,0.584881228150515,1.19059198177976,1,0.848385371047593,-0.181233628952407,0.181233628952407,0.181233628952407,0.0328456282632588,0.455998838871747,1.24400161456877,1,1.50641287512024,0.00641287512024191,0.00641287512024191,0.00641287512024191,4.11249673078177e-05,1.42331824976413,1.83116764864983,1,1.79498608991197,-0.00501391008803154,0.00501391008803154,0.00501391008803154,2.51392943708644e-05,1.72029734295623,1.98060584375571,1
25,"n600-b1_1-b2_2p5-b3_2p8",600,7,247,1,1,0,0.9162907,1.029619,1.5,1.8,1,1.3,0.121666666666667,184,103,217,96,FALSE,NA,TRUE,NA,0.288383012182737,0.288383012182737,0.288383012182737,0.288383012182737,0.0831647617155884,-0.0462015459510733,0.619783183646446,1,1.16637445333445,0.250083753334451,0.250083753334451,0.250083753334451,0.0625418836818464,0.871977911518543,1.46854373277069,1,0.957458857553805,-0.0721601424461946,0.0721601424461946,0.0721601424461946,0.0052070861578551,0.551441505849788,1.35557842370509,1,1.43259559233653,-0.0674044076634717,0.0674044076634717,0.0674044076634717,0.00454335417246348,1.32617011612263,1.4983012041737,0,1.73129838874675,-0.0687016112532466,0.0687016112532466,0.0687016112532466,0.00471991138879222,1.64320716905529,1.80032548437884,1
25,"n600-b1_1-b2_2p5-b3_2p8",600,8,248,1,1,0,0.9162907,1.029619,1.5,1.8,1,1.3,0.121666666666667,185,110,208,97,FALSE,NA,TRUE,NA,0.0794258220683314,0.0794258220683314,0.0794258220683314,0.0794258220683314,0.00630846121123023,-0.247165451468693,0.408944901648904,1,1.14082601056509,0.224535310565094,0.224535310565094,0.224535310565094,0.0504161056905632,0.8587341452284,1.43581188947829,1,0.941653650686813,-0.0879653493131871,0.0879653493131871,0.0879653493131871,0.00773790267979103,0.549098648077318,1.34027255595315,1,1.51713969170005,0.0171396917000464,0.0171396917000464,0.0171396917000464,0.000293769031572638,1.43816696851672,1.64272482637761,1,1.82372622625692,0.0237262262569204,0.0237262262569204,0.0237262262569204,0.000562933812394581,1.75779840356376,1.9143592976862,1
25,"n600-b1_1-b2_2p5-b3_2p8",600,9,249,1,1,0,0.9162907,1.029619,1.5,1.8,1,1.3,0.0833333333333334,170,103,213,114,FALSE,NA,TRUE,NA,0.188292588859483,0.188292588859483,0.188292588859483,0.188292588859483,0.0354540990194062,-0.103678978178097,0.485151081466134,1,0.880936129440238,-0.035354570559762,0.035354570559762,0.035354570559762,0.00124994565946519,0.615680182573606,1.15066640665023,1,0.821391274962454,-0.208227725037546,0.208227725037546,0.208227725037546,0.0433587854743117,0.452123572974518,1.18242099864427,1,1.50408580684721,0.00408580684721493,0.00408580684721493,0.00408580684721493,1.66938175927484e-05,1.31585036126041,1.66138649696374,1,1.788111644117,-0.0118883558829952,0.0118883558829952,0.0118883558829952,0.000141333005600746,1.70668401543781,1.91065788437297,1
25,"n600-b1_1-b2_2p5-b3_2p8",600,10,250,1,1,0,0.9162907,1.029619,1.5,1.8,1,1.3,0.1,186,99,209,106,FALSE,NA,TRUE,NA,0.0359027803857841,0.0359027803857841,0.0359027803857841,0.0359027803857841,0.00128900963942985,-0.285215649888805,0.35343410664212,1,1.10910306838291,0.192812368382912,0.192812368382912,0.192812368382912,0.0371766094014277,0.83660059066575,1.39111583692957,1,0.923306939053485,-0.106312060946515,0.106312060946515,0.106312060946515,0.0113022543026955,0.536012218429538,1.31497734095713,1,1.47666081135968,-0.0233391886403174,0.0233391886403174,0.0233391886403174,0.000544717726388319,1.43520061682751,1.51537902974441,1,1.79801888180224,-0.00198111819776337,0.00198111819776337,0.00198111819776337,3.92482931350916e-06,1.74148379891514,1.87745497757016,1
26,"n600-b1_1-b2_2p5-b3_2p8",600,1,251,1,1,0,0.9162907,1.029619,1.5,1.8,1,1.3,0.0933333333333334,204,110,205,81,FALSE,NA,TRUE,NA,0.0346805982356905,0.0346805982356905,0.0346805982356905,0.0346805982356905,0.00120274389398538,-0.287357653983326,0.363998504704187,1,0.907178671990357,-0.00911202800964261,0.00911202800964261,0.00911202800964261,8.30290544485115e-05,0.621961361858469,1.20704539715719,1,0.954131417239846,-0.0754875827601542,0.0754875827601542,0.0754875827601542,0.00569837515097113,0.559741903233661,1.33661161864712,1,1.50731716559664,0.00731716559663864,0.00731716559663864,0.00731716559663864,5.35409123686321e-05,1.31355705824403,1.60656695042789,1,1.79908986205092,-0.000910137949079681,0.000910137949079681,0.000910137949079681,8.28351086354969e-07,1.70726731327044,1.93795939143778,1
26,"n600-b1_1-b2_2p5-b3_2p8",600,2,252,1,1,0,0.9162907,1.029619,1.5,1.8,1,1.3,0.116666666666667,201,103,194,102,FALSE,NA,TRUE,NA,-0.201713272139702,-0.201713272139702,0.201713272139702,0.201713272139702,0.0406882441573056,-0.534624124967077,0.12850030698314,1,0.825522363103271,-0.0907683368967286,0.0907683368967286,0.0907683368967286,0.00823889098299802,0.553333615634472,1.10593220517662,1,1.29039624279803,0.260777242798034,0.260777242798034,0.260777242798034,0.0680047703613446,0.892590452331505,1.68986703346912,1,1.5006163022477,0.000616302247702594,0.000616302247702594,0.000616302247702594,3.79828460523269e-07,1.38094077895679,1.58164317781272,1,1.77480970194172,-0.0251902980582848,0.0251902980582848,0.0251902980582848,0.000634551116265225,1.71823807327147,1.83435706678166,1
26,"n600-b1_1-b2_2p5-b3_2p8",600,3,253,1,1,0,0.9162907,1.029619,1.5,1.8,1,1.3,0.09,189,108,210,93,FALSE,NA,TRUE,NA,0.0851972346893229,0.0851972346893229,0.0851972346893229,0.0851972346893229,0.00725856879870757,-0.227837858244828,0.401104277369051,1,0.910812669432203,-0.00547803056779683,0.00547803056779683,0.00547803056779683,3.00088189017165e-05,0.631925358755891,1.194884492499,1,0.877449056389648,-0.152169943610352,0.152169943610352,0.152169943610352,0.0231556917383777,0.497761071807107,1.25774810059703,1,1.493661840862,-0.00633815913799607,0.00633815913799607,0.00633815913799607,4.01722612585631e-05,1.30546443521267,1.61786132217664,1,1.96401595015618,0.164015950156175,0.164015950156175,0.164015950156175,0.0269012319056329,1.69882851882471,2.37544343199884,1
26,"n600-b1_1-b2_2p5-b3_2p8",600,4,254,1,1,0,0.9162907,1.029619,1.5,1.8,1,1.3,0.12,203,106,194,97,FALSE,NA,TRUE,NA,-0.110146205905788,-0.110146205905788,0.110146205905788,0.110146205905788,0.0121321866754403,-0.443550405471019,0.219991836047843,1,0.957388518256377,0.0410978182563769,0.0410978182563769,0.0410978182563769,0.00168903066543419,0.669384220338137,1.24844785085972,1,1.2642578645276,0.234638864527603,0.234638864527603,0.234638864527603,0.055055396746803,0.868374524527834,1.67095075089284,1,1.47724274886134,-0.0227572511386565,0.0227572511386565,0.0227572511386565,0.00051789247938788,1.4346649226282,1.51794145330508,1,1.78734947071478,-0.0126505292852248,0.0126505292852248,0.0126505292852248,0.000160035891196331,1.73566651535939,1.87436898294788,1
26,"n600-b1_1-b2_2p5-b3_2p8",600,5,255,1,1,0,0.9162907,1.029619,1.5,1.8,1,1.3,0.1,217,88,204,91,FALSE,NA,TRUE,NA,0.101598001956808,0.101598001956808,0.101598001956808,0.101598001956808,0.0103221540016156,-0.236105364801236,0.441444773792725,1,0.879426633088543,-0.0368640669114574,0.0368640669114574,0.0368640669114574,0.00135895942925241,0.594742133603448,1.17146951160301,1,1.26316966790146,0.233550667901458,0.233550667901458,0.233550667901458,0.0545459144772172,0.862930206040898,1.66600058957791,1,1.5483353278057,0.0483353278056979,0.0483353278056979,0.0483353278056979,0.00233630391408428,1.46889483514185,1.65034098272019,1,1.85228798205323,0.0522879820532318,0.0522879820532318,0.0522879820532318,0.00273403306719909,1.77828296704498,1.95869666234896,1
26,"n600-b1_1-b2_2p5-b3_2p8",600,6,256,1,1,0,0.9162907,1.029619,1.5,1.8,1,1.3,0.108333333333333,195,113,178,114,FALSE,NA,TRUE,NA,-0.158193974517473,-0.158193974517473,0.158193974517473,0.158193974517473,0.025025333573635,-0.476858958372772,0.157987464915731,1,1.02275225507929,0.106461555079289,0.106461555079289,0.106461555079289,0.0113340627099005,0.750111141287138,1.29474750311182,1,1.19717472943103,0.167555729431034,0.167555729431034,0.167555729431034,0.0280749224651659,0.814845469345125,1.58352611912511,1,1.40601295517823,-0.0939870448217666,0.0939870448217666,0.0939870448217666,0.00883356459432876,1.35019280404142,1.53113405449958,1,1.51197953935657,-0.288020460643429,0.288020460643429,0.288020460643429,0.082955785749253,1.44066087667518,1.87988585115794,1
26,"n600-b1_1-b2_2p5-b3_2p8",600,7,257,1,1,0,0.9162907,1.029619,1.5,1.8,1,1.3,0.103333333333333,168,108,207,117,FALSE,NA,TRUE,NA,0.0984712408514942,0.0984712408514942,0.0984712408514942,0.0984712408514942,0.00969658527483297,-0.204269589095484,0.395901327586359,1,0.758753903174657,-0.157536796825343,0.157536796825343,0.157536796825343,0.0248178423539893,0.510121170486767,1.00998979336093,1,0.817841108567335,-0.211777891432665,0.211777891432665,0.211777891432665,0.0448498752996657,0.44931403122405,1.18743359896397,1,1.47119892169284,-0.0288010783071617,0.0288010783071617,0.0288010783071617,0.000829502111655261,1.41563589307599,1.55254568930234,1,1.78142593869479,-0.0185740613052126,0.0185740613052126,0.0185740613052126,0.000344995753369794,1.7130063295899,1.91464836368518,1
26,"n600-b1_1-b2_2p5-b3_2p8",600,8,258,1,1,0,0.9162907,1.029619,1.5,1.8,1,1.3,0.0883333333333334,204,97,212,87,FALSE,NA,TRUE,NA,-0.00687427937907224,-0.00687427937907224,0.00687427937907224,0.00687427937907224,4.72557169815378e-05,-0.341359279819117,0.32824060982002,1,0.922523136541159,0.00623243654115946,0.00623243654115946,0.00623243654115946,3.88432652395797e-05,0.640403012096206,1.21283509947854,1,1.15535348570596,0.125734485705961,0.125734485705961,0.125734485705961,0.0158091608957425,0.757338730213597,1.55055371727669,1,1.51275212142724,0.0127521214272437,0.0127521214272437,0.0127521214272437,0.000162616600895168,1.4698523761882,1.5824078125443,1,1.7351520069786,-0.0648479930213961,0.0648479930213961,0.0648479930213961,0.00420526219890304,1.68510246915092,1.84199132063578,1
26,"n600-b1_1-b2_2p5-b3_2p8",600,9,259,1,1,0,0.9162907,1.029619,1.5,1.8,1,1.3,0.085,223,106,180,91,FALSE,NA,TRUE,NA,-0.108346442395674,-0.108346442395674,0.108346442395674,0.108346442395674,0.0117389515797991,-0.42554452016592,0.212256664121452,1,0.765897251778678,-0.150393448221322,0.150393448221322,0.150393448221322,0.0226181892678993,0.486675272947059,1.05139309544568,1,1.25215491914333,0.222535919143333,0.222535919143333,0.222535919143333,0.0495222353089681,0.864923286432816,1.63529575942785,1,1.47895034800764,-0.021049651992362,0.021049651992362,0.021049651992362,0.000443087848999548,1.37060363764735,1.57197166739957,1,1.81007643834755,0.010076438347554,0.010076438347554,0.010076438347554,0.000101534609772057,1.73927551264997,1.92831999559091,1
26,"n600-b1_1-b2_2p5-b3_2p8",600,10,260,1,1,0,0.9162907,1.029619,1.5,1.8,1,1.3,0.095,193,101,217,89,FALSE,NA,TRUE,NA,0.154029860959176,0.154029860959176,0.154029860959176,0.154029860959176,0.0237251980671032,-0.182183654885276,0.495140287990964,1,1.16392315377905,0.24763245377905,0.24763245377905,0.24763245377905,0.0613218321646332,0.864271642439745,1.47874422225522,1,0.810566400548067,-0.219052599451933,0.219052599451933,0.219052599451933,0.0479840413266489,0.397908803486982,1.21664686680535,1,1.43683221294385,-0.0631677870561538,0.0631677870561538,0.0631677870561538,0.00399016932157159,1.26815048786602,1.6468865611512,1,1.80030858534344,0.000308585343435475,0.000308585343435475,0.000308585343435475,9.52249141831898e-08,1.57625676252249,2.10012721488294,1
27,"n600-b1_1-b2_2p5-b3_2p8",600,1,261,1,1,0,0.9162907,1.029619,1.5,1.8,1,1.3,0.0833333333333334,204,86,203,107,FALSE,NA,TRUE,NA,-0.141703291632901,-0.141703291632901,0.141703291632901,0.141703291632901,0.0200798228595989,-0.465391055342613,0.180990464386853,1,0.718686569702195,-0.197604130297805,0.197604130297805,0.197604130297805,0.0390473923107517,0.459367207753134,0.984404259435474,1,1.25905597854532,0.22943697854532,0.22943697854532,0.22943697854532,0.0526413271240058,0.864221575306181,1.6502087368066,1,1.54045447331343,0.0404544733134267,0.0404544733134267,0.0404544733134267,0.00163656441106675,1.45223977493562,1.66360704084389,1,1.82946719177287,0.0294671917728688,0.0294671917728688,0.0294671917728688,0.000868315390979028,1.69844405712774,1.94208775908301,1
27,"n600-b1_1-b2_2p5-b3_2p8",600,2,262,1,1,0,0.9162907,1.029619,1.5,1.8,1,1.3,0.0966666666666667,201,86,200,113,FALSE,NA,TRUE,NA,-0.164315482541877,-0.164315482541877,0.164315482541877,0.164315482541877,0.02699957780297,-0.490649759210786,0.159847971649228,1,0.922518181085929,0.00622748108592874,0.00622748108592874,0.00622748108592874,3.87815206756002e-05,0.664569667342068,1.19094375855051,1,1.25044246443305,0.220823464433054,0.220823464433054,0.220823464433054,0.0487630024442161,0.86733003281471,1.64100185020283,1,1.49772293175075,-0.00227706824925211,0.00227706824925211,0.00227706824925211,5.18503981175208e-06,1.42797384199929,1.59237033436638,1,1.8145565534148,0.0145565534147991,0.0145565534147991,0.0145565534147991,0.0002118932473179,1.77137105766842,1.86605900854832,1
27,"n600-b1_1-b2_2p5-b3_2p8",600,3,263,1,1,0,0.9162907,1.029619,1.5,1.8,1,1.3,0.106666666666667,206,90,207,97,FALSE,NA,TRUE,NA,0.0553048870623276,0.0553048870623276,0.0553048870623276,0.0553048870623276,0.00305863053297681,-0.286063293898888,0.398882040653315,1,1.16199239428408,0.245701694284083,0.245701694284083,0.245701694284083,0.060369322574069,0.887131018852506,1.44544651166859,1,0.953414764605162,-0.0762042353948379,0.0762042353948379,0.0762042353948379,0.00580708549211186,0.552451941946345,1.35398812229351,1,1.57152795014412,0.0715279501441179,0.0715279501441179,0.0715279501441179,0.00511624765181942,1.40584029249427,1.70152228430695,1,1.83776400091752,0.037764000917522,0.037764000917522,0.037764000917522,0.0014261197652986,1.69819823104285,1.99712301056012,1
27,"n600-b1_1-b2_2p5-b3_2p8",600,4,264,1,1,0,0.9162907,1.029619,1.5,1.8,1,1.3,0.0966666666666667,207,83,205,105,FALSE,NA,TRUE,NA,0.109718336915371,0.109718336915371,0.109718336915371,0.109718336915371,0.0120381134554749,-0.226905966315082,0.445086502148509,1,0.925132536097924,0.00884183609792422,0.00884183609792422,0.00884183609792422,7.81780655825557e-05,0.653521300712285,1.20795232924679,1,0.853842898768974,-0.175776101231026,0.175776101231026,0.175776101231026,0.03089723776398,0.455173314851863,1.24758084769895,1,1.44746600946696,-0.0525339905330438,0.0525339905330438,0.0525339905330438,0.00275982016132593,1.33811757311473,1.52243406893933,1,1.74222801251147,-0.0577719874885287,0.0577719874885287,0.0577719874885287,0.00333760253837472,1.64593626682827,1.91235864127695,1
27,"n600-b1_1-b2_2p5-b3_2p8",600,5,265,1,1,0,0.9162907,1.029619,1.5,1.8,1,1.3,0.0883333333333334,204,111,179,106,FALSE,NA,TRUE,NA,0.0558229733132605,0.0558229733132605,0.0558229733132605,0.0558229733132605,0.00311620434953299,-0.243609612149642,0.362464412183539,1,0.867448496867203,-0.0488422031327966,0.0488422031327966,0.0488422031327966,0.00238556080686537,0.592653300043077,1.14436599905548,1,0.959281274159409,-0.0703377258405908,0.0703377258405908,0.0703377258405908,0.00494739567642612,0.583622652879357,1.3328042848679,1,1.51617816318139,0.016178163181392,0.016178163181392,0.016178163181392,0.000261732963923747,1.45107457557638,1.69856708214578,1,1.75457864823272,-0.0454213517672761,0.0454213517672761,0.0454213517672761,0.00206309919636664,1.69722840197467,1.87311799319262,1
27,"n600-b1_1-b2_2p5-b3_2p8",600,6,266,1,1,0,0.9162907,1.029619,1.5,1.8,1,1.3,0.0933333333333334,191,98,207,104,FALSE,NA,TRUE,NA,0.153826858461923,0.153826858461923,0.153826858461923,0.153826858461923,0.0236627023842645,-0.162408915125411,0.469092560104458,1,1.12857955025534,0.212288850255341,0.212288850255341,0.212288850255341,0.0450665559427346,0.84449547748696,1.41841029928625,1,0.818662733159146,-0.210956266840854,0.210956266840854,0.210956266840854,0.0445025465194297,0.430361613110943,1.20439618920263,1,1.54050798691043,0.0405079869104334,0.0405079869104334,0.0405079869104334,0.00164089700353585,1.47962581036836,1.66032897821097,1,1.80126679753263,0.00126679753263237,0.00126679753263237,0.00126679753263237,1.60477598868346e-06,1.68546655035682,1.88715265795301,1
27,"n600-b1_1-b2_2p5-b3_2p8",600,7,267,1,1,0,0.9162907,1.029619,1.5,1.8,1,1.3,0.123333333333333,180,104,207,109,FALSE,NA,TRUE,NA,-0.151390158355036,-0.151390158355036,0.151390158355036,0.151390158355036,0.022918980046763,-0.478257113510328,0.171922809744613,1,0.943187483199797,0.0268967831997974,0.0268967831997974,0.0268967831997974,0.000723436946496903,0.674075319617186,1.21741775482132,1,0.995512439156791,-0.0341065608432093,0.0341065608432093,0.0341065608432093,0.00116325749255154,0.596958357575876,1.39269994444696,1,1.52752348510724,0.0275234851072352,0.0275234851072352,0.0275234851072352,0.0007575422324482,1.45960251133722,1.58730616662406,1,1.83049680353836,0.0304968035383568,0.0304968035383568,0.0304968035383568,0.000930055026057133,1.76505362699869,1.89008946369433,1
27,"n600-b1_1-b2_2p5-b3_2p8",600,8,268,1,1,0,0.9162907,1.029619,1.5,1.8,1,1.3,0.105,206,97,202,95,FALSE,NA,TRUE,NA,-0.134153349654406,-0.134153349654406,0.134153349654406,0.134153349654406,0.0179971212234972,-0.458864897711016,0.196548999165977,1,0.801825990202599,-0.114464709797401,0.114464709797401,0.114464709797401,0.0131021697890033,0.529619914617983,1.08277720732772,1,1.32113302512493,0.291514025124927,0.291514025124927,0.291514025124927,0.0849804268445364,0.930415701730021,1.70272386996122,1,1.49363210810063,-0.00636789189937348,0.00636789189937348,0.00636789189937348,4.05500472421064e-05,1.44828657268297,1.54778285268995,1,1.78705477234039,-0.0129452276596145,0.0129452276596145,0.0129452276596145,0.000167578919159248,1.71917209377846,1.88905520113715,1
27,"n600-b1_1-b2_2p5-b3_2p8",600,9,269,1,1,0,0.9162907,1.029619,1.5,1.8,1,1.3,0.095,208,109,204,79,FALSE,NA,TRUE,NA,0.266792741984449,0.266792741984449,0.266792741984449,0.266792741984449,0.0711783671755806,-0.0703455685842828,0.608513457621062,1,1.11591559921977,0.199624899219766,0.199624899219766,0.199624899219766,0.0398501003885018,0.811379381028073,1.43371288833641,1,0.838167996490957,-0.191451003509043,0.191451003509043,0.191451003509043,0.0366534867446197,0.432755874708874,1.23359838575645,1,1.442466427158,-0.0575335728419966,0.0575335728419966,0.0575335728419966,0.00331011200396532,1.35366691625347,1.61193039383108,1,1.77810586576405,-0.0218941342359462,0.0218941342359462,0.0218941342359462,0.000479353113941632,1.69432087337708,1.90909482096565,1
27,"n600-b1_1-b2_2p5-b3_2p8",600,10,270,1,1,0,0.9162907,1.029619,1.5,1.8,1,1.3,0.095,202,90,223,85,FALSE,NA,TRUE,NA,-0.243702770891574,-0.243702770891574,0.243702770891574,0.243702770891574,0.0593910405402308,-0.587705417872364,0.103995430808937,1,0.82964809991901,-0.0866426000809897,0.0866426000809897,0.0866426000809897,0.00750694014879431,0.551250248758217,1.1097030959446,1,1.19824362134803,0.168624621348029,0.168624621348029,0.168624621348029,0.0284342629247661,0.796479713733216,1.60258409679687,1,1.65806501941239,0.158065019412393,0.158065019412393,0.158065019412393,0.0249845503618402,1.49920112952527,1.81235220954635,1,1.85495444274819,0.0549544427481907,0.0549544427481907,0.0549544427481907,0.00301999077776417,1.73911164734741,2.00299143489999,1
28,"n600-b1_1-b2_2p5-b3_2p8",600,1,271,1,1,0,0.9162907,1.029619,1.5,1.8,1,1.3,0.1,194,101,219,86,FALSE,NA,TRUE,NA,-0.00663545878310694,-0.00663545878310694,0.00663545878310694,0.00663545878310694,4.4029313262311e-05,-0.342227932077817,0.32661456361578,1,0.913810548494783,-0.00248015150521708,0.00248015150521708,0.00248015150521708,6.15115148883053e-06,0.631581054149726,1.21040249930757,1,1.12579436931838,0.0961753693183824,0.0961753693183824,0.0961753693183824,0.00924970166352726,0.725474953904862,1.52466860503286,1,1.59223529584059,0.092235295840587,0.092235295840587,0.092235295840587,0.0085073497988006,1.43172871852387,1.74215123814928,1,1.75955462204936,-0.0404453779506397,0.0404453779506397,0.0404453779506397,0.0016358285975701,1.52384208512913,1.9667769769248,1
28,"n600-b1_1-b2_2p5-b3_2p8",600,2,272,1,1,0,0.9162907,1.029619,1.5,1.8,1,1.3,0.115,182,99,200,119,FALSE,NA,TRUE,NA,-0.0114384682827904,-0.0114384682827904,0.0114384682827904,0.0114384682827904,0.000130838556656402,-0.320563863029677,0.294995298964184,1,0.86642992483285,-0.0498607751671498,0.0498607751671498,0.0498607751671498,0.00248609690026906,0.612142937658089,1.12863541093568,1,1.25638756680893,0.226768566808935,0.226768566808935,0.226768566808935,0.0514239828925783,0.873915728263416,1.64202639693862,1,1.54591259866898,0.0459125986689772,0.0459125986689772,0.0459125986689772,0.00210796671653857,1.42738443390325,1.67266690110276,1,2.08253396127707,0.282533961277075,0.282533961277075,0.282533961277075,0.0798254392749154,1.77844176274196,2.30909472772862,1
28,"n600-b1_1-b2_2p5-b3_2p8",600,3,273,1,1,0,0.9162907,1.029619,1.5,1.8,1,1.3,0.0916666666666667,198,105,197,100,FALSE,NA,TRUE,NA,-0.138309530868222,-0.138309530868222,0.138309530868222,0.138309530868222,0.0191295263289877,-0.447071311554842,0.167122466708645,1,0.888831193219916,-0.0274595067800839,0.0274595067800839,0.0274595067800839,0.000754024512605474,0.627525192478514,1.1551573798674,1,1.07879637116318,0.0491773711631787,0.0491773711631787,0.0491773711631787,0.00241841383452104,0.702087972332476,1.4595647621222,1,1.50238951261476,0.00238951261476394,0.00238951261476394,0.00238951261476394,5.70977053611602e-06,1.46102157659615,1.56924016992853,1,1.86771692793782,0.0677169279378227,0.0677169279378227,0.0677169279378227,0.00458558232933627,1.76820845519457,1.94651061041262,1
28,"n600-b1_1-b2_2p5-b3_2p8",600,4,274,1,1,0,0.9162907,1.029619,1.5,1.8,1,1.3,0.095,213,94,203,90,FALSE,NA,TRUE,NA,-0.0799969055939646,-0.0799969055939646,0.0799969055939646,0.0799969055939646,0.00639950490460969,-0.417635030745723,0.250981316438274,1,0.815365449352409,-0.100925250647591,0.100925250647591,0.100925250647591,0.0101859062182791,0.532722804013474,1.10820028032598,1,1.10795957382053,0.0783405738205252,0.0783405738205252,0.0783405738205252,0.00613724550652915,0.721092062736939,1.49612279819544,1,1.48355201624922,-0.0164479837507769,0.0164479837507769,0.0164479837507769,0.000270536169465822,1.42350276462247,1.55543604318208,1,1.85031105235501,0.0503110523550094,0.0503110523550094,0.0503110523550094,0.0025312019890685,1.7842887353685,1.92682167320065,1
28,"n600-b1_1-b2_2p5-b3_2p8",600,5,275,1,1,0,0.9162907,1.029619,1.5,1.8,1,1.3,0.0733333333333334,209,87,215,89,FALSE,NA,TRUE,NA,-0.258292772172137,-0.258292772172137,0.258292772172137,0.258292772172137,0.0667151561563677,-0.601887244757417,0.0841275970203847,1,0.731471922008931,-0.184818777991069,0.184818777991069,0.184818777991069,0.0341579806981119,0.457010140464818,1.0164280429765,1,1.38542464347846,0.355805643478456,0.355805643478456,0.355805643478456,0.126597655931118,0.977167003347064,1.79258833583487,1,1.3684113190828,-0.131588680917202,0.131588680917202,0.131588680917202,0.0173155809455292,1.24811624230606,1.51196004910307,1,1.41027116071788,-0.389728839282117,0.389728839282117,0.389728839282117,0.151888568168186,1.2869021973261,1.63388198067416,0
28,"n600-b1_1-b2_2p5-b3_2p8",600,6,276,1,1,0,0.9162907,1.029619,1.5,1.8,1,1.3,0.0733333333333334,209,107,202,82,FALSE,NA,TRUE,NA,-0.174927733296857,-0.174927733296857,0.174927733296857,0.174927733296857,0.0305997118763764,-0.491091376301088,0.150842400668487,1,0.945051287848979,0.0287605878489791,0.0287605878489791,0.0287605878489791,0.000827171413418842,0.660254287691664,1.2400354845307,1,1.08211543574716,0.0524964357471578,0.0524964357471578,0.0524964357471578,0.00275587576615547,0.697862920227114,1.4632212302245,1,1.51480811972515,0.0148081197251519,0.0148081197251519,0.0148081197251519,0.000219280409794434,1.41342884769175,1.62901578069053,1,1.99671621600526,0.196716216005264,0.196716216005264,0.196716216005264,0.0386972696394299,1.72429987239564,2.16755616013819,1
28,"n600-b1_1-b2_2p5-b3_2p8",600,7,277,1,1,0,0.9162907,1.029619,1.5,1.8,1,1.3,0.101666666666667,176,98,217,109,FALSE,NA,TRUE,NA,-0.175937209746573,-0.175937209746573,0.175937209746573,0.175937209746573,0.0309539017734096,-0.491304843993845,0.133065487379714,1,0.821690533613454,-0.0946001663865462,0.0946001663865462,0.0946001663865462,0.00894919148036223,0.561148144208702,1.08850279784897,1,1.18748403546962,0.15786503546962,0.15786503546962,0.15786503546962,0.0249213694238244,0.805449342705735,1.56629162619371,1,1.52691900761809,0.026919007618091,0.026919007618091,0.026919007618091,0.000724632971142839,1.44046011218116,1.75865956842821,1,1.84744939431891,0.0474493943189098,0.0474493943189098,0.0474493943189098,0.00225144502123139,1.6994003989622,2.03320289824199,1
28,"n600-b1_1-b2_2p5-b3_2p8",600,8,278,1,1,0,0.9162907,1.029619,1.5,1.8,1,1.3,0.095,189,112,199,100,FALSE,NA,TRUE,NA,0.0320459683586652,0.0320459683586652,0.0320459683586652,0.0320459683586652,0.00102694408804457,-0.276068689285662,0.344726952220571,1,0.96038632864152,0.0440956286415204,0.0440956286415204,0.0440956286415204,0.00194442446529087,0.688517873481387,1.24538464422041,1,0.898106006699736,-0.131512993300264,0.131512993300264,0.131512993300264,0.0172956674067953,0.51304303021769,1.27301323445744,1,1.49420303146534,-0.00579696853466083,0.00579696853466083,0.00579696853466083,3.36048441918477e-05,1.40768026378774,1.61004871538002,1,1.86949578908344,0.0694957890834413,0.0694957890834413,0.0694957890834413,0.00482966470033016,1.75307015102106,2.01350313986744,1
28,"n600-b1_1-b2_2p5-b3_2p8",600,9,279,1,1,0,0.9162907,1.029619,1.5,1.8,1,1.3,0.105,197,111,195,97,FALSE,NA,TRUE,NA,-0.16639509409717,-0.16639509409717,0.16639509409717,0.16639509409717,0.027687327339606,-0.477025904256025,0.15055918437682,1,0.637901038222606,-0.278389661777394,0.278389661777394,0.278389661777394,0.0775008037845316,0.367317191322245,0.917695164049286,1,1.32429770353318,0.294678703533181,0.294678703533181,0.294678703533181,0.0868355383159965,0.939428499449101,1.70929560311728,1,1.55752371362175,0.0575237136217512,0.0575237136217512,0.0575237136217512,0.00330897762883725,1.45423343746538,1.71788967637642,1,1.85978040964176,0.0597804096417589,0.0597804096417589,0.0597804096417589,0.0035736973769365,1.78248781860196,2.04963352729151,1
28,"n600-b1_1-b2_2p5-b3_2p8",600,10,280,1,1,0,0.9162907,1.029619,1.5,1.8,1,1.3,0.0733333333333334,218,91,192,99,FALSE,NA,TRUE,NA,-0.117111074856234,-0.117111074856234,0.117111074856234,0.117111074856234,0.0137150038539824,-0.440463120689879,0.199816640653119,1,0.696412182031831,-0.219878517968169,0.219878517968169,0.219878517968169,0.0483465626638784,0.43835571465476,0.968270307952058,1,1.29602883456693,0.266409834566932,0.266409834566932,0.266409834566932,0.0709741999539801,0.909498004296554,1.68995881790496,1,1.48621833112765,-0.0137816688723462,0.0137816688723462,0.0137816688723462,0.000189934396906997,1.45112262638332,1.54947451402964,1,1.80078419550717,0.000784195507167684,0.000784195507167684,0.000784195507167684,6.14962593461982e-07,1.75114965692024,1.87366854438622,1
29,"n600-b1_1-b2_2p5-b3_2p8",600,1,281,1,1,0,0.9162907,1.029619,1.5,1.8,1,1.3,0.0933333333333334,221,100,190,89,FALSE,NA,TRUE,NA,-0.207344280453781,-0.207344280453781,0.207344280453781,0.207344280453781,0.0429916506368964,-0.535386778915371,0.120799143263707,1,0.750977456991731,-0.165313243008269,0.165313243008269,0.165313243008269,0.027328468313911,0.474635943457727,1.03711279915666,1,1.12050078886806,0.0908817888680553,0.0908817888680553,0.0908817888680553,0.00825949954785778,0.729142265878377,1.51121101894447,1,1.42600666836629,-0.0739933316337142,0.0739933316337142,0.0739933316337142,0.00547501312625682,1.05279951822657,1.5418406366585,1,1.75551767591821,-0.0444823240817895,0.0444823240817895,0.0444823240817895,0.00197867715571735,1.46476953057892,1.84642745655261,1
29,"n600-b1_1-b2_2p5-b3_2p8",600,2,282,1,1,0,0.9162907,1.029619,1.5,1.8,1,1.3,0.0883333333333334,196,103,197,104,FALSE,NA,TRUE,NA,-0.0847621228302229,-0.0847621228302229,0.0847621228302229,0.0847621228302229,0.00718461746668579,-0.393250833047429,0.226005581562455,1,0.837655730178859,-0.0786349698211409,0.0786349698211409,0.0786349698211409,0.00618345847877175,0.571797190275194,1.10849660029447,1,1.1817131105141,0.152094110514096,0.152094110514096,0.152094110514096,0.0231326184530739,0.797557646989625,1.56333451516623,1,1.47854581286983,-0.0214541871301743,0.0214541871301743,0.0214541871301743,0.000460282145416538,1.27119437762252,2.01219799851418,1,1.7631276668728,-0.0368723331271978,0.0368723331271978,0.0368723331271978,0.00135956895024305,1.55401199958769,2.18475468845088,1
29,"n600-b1_1-b2_2p5-b3_2p8",600,3,283,1,1,0,0.9162907,1.029619,1.5,1.8,1,1.3,0.095,202,94,195,109,FALSE,NA,TRUE,NA,0.0821078261864751,0.0821078261864751,0.0821078261864751,0.0821078261864751,0.00674169512106841,-0.235831441220853,0.39524450863291,1,1.07653150808901,0.160240808089012,0.160240808089012,0.160240808089012,0.0256771165770196,0.806008450720308,1.35440093991968,1,0.95518367994723,-0.0744353200527701,0.0744353200527701,0.0744353200527701,0.00554061687135832,0.57470441571603,1.3395982055197,1,1.55319246920826,0.0531924692082586,0.0531924692082586,0.0531924692082586,0.00282943878047154,1.41063385374127,1.68997191154127,1,1.78105425094199,-0.0189457490580143,0.0189457490580143,0.0189457490580143,0.000358941407369249,1.71890020742404,1.86748760650953,1
29,"n600-b1_1-b2_2p5-b3_2p8",600,4,284,1,1,0,0.9162907,1.029619,1.5,1.8,1,1.3,0.0983333333333334,176,116,211,97,FALSE,NA,TRUE,NA,-0.0922394038919012,-0.0922394038919012,0.0922394038919012,0.0922394038919012,0.00850810763033328,-0.391321109508814,0.211915316725142,1,0.639265526714347,-0.277025173285653,0.277025173285653,0.277025173285653,0.0767429466339461,0.373228403037826,0.916068211064717,0,1.01466006931135,-0.0149589306886511,0.0149589306886511,0.0149589306886511,0.000223769607347867,0.641913952475749,1.38674981521178,1,1.53889653894692,0.0388965389469156,0.0388965389469156,0.0388965389469156,0.00151294074204892,1.41097859627863,1.83806258693158,1,1.74556414375557,-0.0544358562444263,0.0544358562444263,0.0544358562444263,0.00296326244506384,1.60847513610726,1.91683732152863,1
29,"n600-b1_1-b2_2p5-b3_2p8",600,5,285,1,1,0,0.9162907,1.029619,1.5,1.8,1,1.3,0.0966666666666667,227,95,187,91,FALSE,NA,TRUE,NA,-0.0524026169424566,-0.0524026169424566,0.0524026169424566,0.0524026169424566,0.00274603426241784,-0.387487600470047,0.290166810737028,1,0.915787665996498,-0.000503034003501934,0.000503034003501934,0.000503034003501934,2.53043208679184e-07,0.627318000500483,1.20879513403216,1,1.09299203826871,0.0633730382687097,0.0633730382687097,0.0633730382687097,0.00401614197940734,0.693745884532726,1.48781891046754,1,1.49996237743501,-3.76225649942885e-05,3.76225649942885e-05,3.76225649942885e-05,1.41545739674946e-09,1.41518086897894,1.65446219906132,1,1.78583709576487,-0.0141629042351314,0.0141629042351314,0.0141629042351314,0.000200587856373504,1.73034767848386,1.89875127427855,1
29,"n600-b1_1-b2_2p5-b3_2p8",600,6,286,1,1,0,0.9162907,1.029619,1.5,1.8,1,1.3,0.095,202,105,208,85,FALSE,NA,TRUE,NA,-0.127121357463273,-0.127121357463273,0.127121357463273,0.127121357463273,0.0161598395233052,-0.457498893074418,0.202433835419219,1,0.797325065863623,-0.118965634136377,0.118965634136377,0.118965634136377,0.0141528221054703,0.522080797592662,1.08258325096262,1,1.21018620753505,0.180567207535051,0.180567207535051,0.180567207535051,0.0326045164370063,0.820855017802392,1.60006840879565,1,1.4585086830365,-0.0414913169635023,0.0414913169635023,0.0414913169635023,0.00172152938336581,1.364631485402,1.54218952429006,1,1.78470992536977,-0.0152900746302265,0.0152900746302265,0.0152900746302265,0.000233786382197895,1.70853092180439,1.92315055690734,1
29,"n600-b1_1-b2_2p5-b3_2p8",600,7,287,1,1,0,0.9162907,1.029619,1.5,1.8,1,1.3,0.0933333333333334,202,93,188,117,FALSE,NA,TRUE,NA,-0.30328112630422,-0.30328112630422,0.30328112630422,0.30328112630422,0.091979441572356,-0.613703702885422,0.00468876902691931,1,0.868278299503667,-0.0480124004963326,0.0480124004963326,0.0480124004963326,0.00230519060142024,0.608496149650669,1.13159704345118,1,1.45999120805291,0.430372208052908,0.430372208052908,0.430372208052908,0.185220237464336,1.07780475687471,1.84872231533692,0,1.57120951131114,0.0712095113111397,0.0712095113111397,0.0712095113111397,0.00507079450117134,1.50043535807794,1.67321123026176,0,1.83123294543603,0.0312329454360267,0.0312329454360267,0.0312329454360267,0.000975496880609823,1.80119119221486,1.87628466156109,0
29,"n600-b1_1-b2_2p5-b3_2p8",600,8,288,1,1,0,0.9162907,1.029619,1.5,1.8,1,1.3,0.0866666666666667,204,104,192,100,FALSE,NA,TRUE,NA,-0.0316256215997617,-0.0316256215997617,0.0316256215997617,0.0316256215997617,0.00100017994157131,-0.341735209040364,0.275420496557474,1,0.774858889523467,-0.141431810476533,0.141431810476533,0.141431810476533,0.0200029570146699,0.497570439257149,1.05058426998919,1,0.972755718025633,-0.0568632819743675,0.0568632819743675,0.0568632819743675,0.00323343283689643,0.596544881818933,1.3511759508657,1,1.55472169558357,0.0547216955835685,0.0547216955835685,0.0547216955835685,0.00299446396754074,1.47982195997514,1.70565363392548,1,1.86767098250001,0.0676709825000068,0.0676709825000068,0.0676709825000068,0.00457936187251623,1.71904588106413,1.98862011341708,1
29,"n600-b1_1-b2_2p5-b3_2p8",600,9,289,1,1,0,0.9162907,1.029619,1.5,1.8,1,1.3,0.103333333333333,207,94,198,101,FALSE,NA,TRUE,NA,0.0795859924804323,0.0795859924804323,0.0795859924804323,0.0795859924804323,0.00633393019909542,-0.240635527446093,0.396951339213525,1,0.808915958270336,-0.107374741729664,0.107374741729664,0.107374741729664,0.011529335161512,0.536890187109278,1.0885606730439,1,0.806435485359094,-0.223183514640906,0.223183514640906,0.223183514640906,0.0498108812074674,0.42305779994011,1.18853760005969,1,1.50723227539612,0.00723227539611893,0.00723227539611893,0.00723227539611893,5.23058074053072e-05,1.41875262108926,1.66862511382094,1,1.87727776105478,0.0772777610547799,0.0772777610547799,0.0772777610547799,0.00597185235363966,1.74577923941692,2.24703509300959,1
29,"n600-b1_1-b2_2p5-b3_2p8",600,10,290,1,1,0,0.9162907,1.029619,1.5,1.8,1,1.3,0.0916666666666667,185,114,218,83,FALSE,NA,TRUE,NA,-0.178284173868053,-0.178284173868053,0.178284173868053,0.178284173868053,0.0317852466518143,-0.496098481157035,0.13948371892823,1,0.799268605338384,-0.117022094661616,0.117022094661616,0.117022094661616,0.0136941706389923,0.521969167633783,1.08745054104927,1,1.30274841718111,0.273129417181113,0.273129417181113,0.273129417181113,0.0745996785296947,0.914369423329196,1.6852055156006,1,1.43702832676263,-0.0629716732373662,0.0629716732373662,0.0629716732373662,0.00396543163031362,1.36122096461338,1.53144053259883,1,1.75378918298948,-0.0462108170105222,0.0462108170105222,0.0462108170105222,0.00213543960877997,1.60764514443986,1.8994315124342,1
30,"n600-b1_1-b2_2p5-b3_2p8",600,1,291,1,1,0,0.9162907,1.029619,1.5,1.8,1,1.3,0.11,199,109,197,95,FALSE,NA,TRUE,NA,-0.105605000926872,-0.105605000926872,0.105605000926872,0.105605000926872,0.0111524162207646,-0.42022889478587,0.209792710244164,1,0.923313513331267,0.00702281333126709,0.00702281333126709,0.00702281333126709,4.93199070858227e-05,0.637186549835308,1.22008745814948,1,1.10857907714536,0.0789600771453631,0.0789600771453631,0.0789600771453631,0.0062346937828017,0.717187684611382,1.49959841246515,1,1.59084095210736,0.0908409521073579,0.0908409521073579,0.0908409521073579,0.00825207857977129,1.5238745314418,1.66325137088557,0,1.90979605224102,0.109796052241018,0.109796052241018,0.109796052241018,0.0120551730877123,1.79651982412187,2.07987463342746,1
30,"n600-b1_1-b2_2p5-b3_2p8",600,2,292,1,1,0,0.9162907,1.029619,1.5,1.8,1,1.3,0.118333333333333,202,107,196,95,FALSE,NA,TRUE,NA,-0.0935725144271423,-0.0935725144271423,0.0935725144271423,0.0935725144271423,0.00875581545621776,-0.417200843525017,0.235036072149277,1,0.881214267817092,-0.0350764321829076,0.0350764321829076,0.0350764321829076,0.00123035609468211,0.602806888559699,1.16969100084944,1,1.11802841044211,0.0884094104421074,0.0884094104421074,0.0884094104421074,0.007816223854721,0.726409034516091,1.50916516937484,1,1.66089123954544,0.160891239545436,0.160891239545436,0.160891239545436,0.0258859909624669,1.50310009369394,1.9681720702112,0,2.04622582365693,0.246225823656931,0.246225823656931,0.246225823656931,0.060627156235534,1.53488191006354,2.54307966589298,1
30,"n600-b1_1-b2_2p5-b3_2p8",600,3,293,1,1,0,0.9162907,1.029619,1.5,1.8,1,1.3,0.101666666666667,196,97,212,95,FALSE,NA,TRUE,NA,-0.0701374013506298,-0.0701374013506298,0.0701374013506298,0.0701374013506298,0.00491925506821933,-0.397575428400919,0.258410454442344,1,1.08253491669579,0.166244216695786,0.166244216695786,0.166244216695786,0.0276371395847953,0.796230431012116,1.37107786594868,1,1.1784875480357,0.148868548035696,0.148868548035696,0.148868548035696,0.0221618445942563,0.782738044964986,1.57515119955682,1,1.54055645850417,0.0405564585041651,0.0405564585041651,0.0405564585041651,0.00164482632640007,1.40489111529442,1.70910448837353,1,1.82343684712345,0.023436847123455,0.023436847123455,0.023436847123455,0.000549285803088199,1.74064682023711,1.9261038622935,1
30,"n600-b1_1-b2_2p5-b3_2p8",600,4,294,1,1,0,0.9162907,1.029619,1.5,1.8,1,1.3,0.106666666666667,196,99,199,106,FALSE,NA,TRUE,NA,0.200511115592167,0.200511115592167,0.200511115592167,0.200511115592167,0.0402047074760155,-0.110956809968279,0.513664826359122,1,1.14849668664734,0.232205986647336,0.232205986647336,0.232205986647336,0.0539196202348628,0.874066739100486,1.43036984365018,1,0.73326736509776,-0.29635163490224,0.29635163490224,0.29635163490224,0.0878242915092307,0.357109300577187,1.10929765345077,1,1.49976513645184,-0.000234863548163267,0.000234863548163267,0.000234863548163267,5.51608862558391e-08,1.47831860466983,1.54455389279491,1,1.79143543082712,-0.00856456917288329,0.00856456917288329,0.00856456917288329,7.33518451171027e-05,1.76301016509322,1.82370939333079,1
30,"n600-b1_1-b2_2p5-b3_2p8",600,5,295,1,1,0,0.9162907,1.029619,1.5,1.8,1,1.3,0.0933333333333334,184,111,221,84,FALSE,NA,TRUE,NA,-0.0100950478833787,-0.0100950478833787,0.0100950478833787,0.0100950478833787,0.000101909991767708,-0.330373566840606,0.308335134853098,1,0.755632293147214,-0.160658406852786,0.160658406852786,0.160658406852786,0.0258111236924755,0.478626584645898,1.03757335110998,1,1.11482040816784,0.0852014081678361,0.0852014081678361,0.0852014081678361,0.0072592799537822,0.723884228639335,1.50308578771202,1,1.60674772216031,0.106747722160311,0.106747722160311,0.106747722160311,0.0113950761864149,1.47006037426244,1.72250400477117,1,1.91435812431007,0.114358124310071,0.114358124310071,0.114358124310071,0.0130777805957177,1.78904259052408,2.03738811931707,1
30,"n600-b1_1-b2_2p5-b3_2p8",600,6,296,1,1,0,0.9162907,1.029619,1.5,1.8,1,1.3,0.0966666666666667,212,94,203,91,FALSE,NA,TRUE,NA,0.158044085034588,0.158044085034588,0.158044085034588,0.158044085034588,0.0249779328144202,-0.174502073125907,0.493671588786262,1,1.00209733247782,0.0858066324778233,0.0858066324778233,0.0858066324778233,0.00736277817718424,0.7226996545579,1.28889540202263,1,0.958029891420024,-0.0715891085799757,0.0715891085799757,0.0715891085799757,0.00512500046727555,0.565651113738216,1.35463660490462,1,1.52894692416326,0.0289469241632556,0.0289469241632556,0.0289469241632556,0.000837924418513272,1.43118437241431,1.71117092014279,1,1.85190082028782,0.0519008202878177,0.0519008202878177,0.0519008202878177,0.00269369514654835,1.69242430243439,2.20853972390137,1
30,"n600-b1_1-b2_2p5-b3_2p8",600,7,297,1,1,0,0.9162907,1.029619,1.5,1.8,1,1.3,0.105,190,101,200,109,FALSE,NA,TRUE,NA,0.0441987676291429,0.0441987676291429,0.0441987676291429,0.0441987676291429,0.00195353105993497,-0.268449882549448,0.357871021338856,1,0.802185268861434,-0.114105431138566,0.114105431138566,0.114105431138566,0.013020049415318,0.538351076536293,1.07997194568242,1,0.999246388214188,-0.0303726117858119,0.0303726117858119,0.0303726117858119,0.000922495546691637,0.614937105995666,1.37946912818072,1,1.48290256476537,-0.0170974352346309,0.0170974352346309,0.0170974352346309,0.000292322291602399,1.45568333286574,1.54051769257724,1,1.80127107948772,0.0012710794877171,0.0012710794877171,0.0012710794877171,1.61564306409516e-06,1.7704991331054,1.85636287829375,1
30,"n600-b1_1-b2_2p5-b3_2p8",600,8,298,1,1,0,0.9162907,1.029619,1.5,1.8,1,1.3,0.118333333333333,211,85,196,108,FALSE,NA,TRUE,NA,-0.0913162025402791,-0.0913162025402791,0.0913162025402791,0.0913162025402791,0.00833864884637727,-0.440796031526262,0.246966776169092,1,0.978304601320894,0.0620139013208945,0.0620139013208945,0.0620139013208945,0.00384572395703764,0.70037690668232,1.2606705696303,1,1.23988416509851,0.210265165098505,0.210265165098505,0.210265165098505,0.0442114396539018,0.834146924860364,1.65200853080535,1,1.44964389384598,-0.050356106154025,0.050356106154025,0.050356106154025,0.00253573742699543,1.3711675210879,1.5339679891053,1,1.73564221152487,-0.0643577884751281,0.0643577884751281,0.0643577884751281,0.00414192493740933,1.63884714009472,1.81527803229033,1
30,"n600-b1_1-b2_2p5-b3_2p8",600,9,299,1,1,0,0.9162907,1.029619,1.5,1.8,1,1.3,0.0933333333333334,205,111,183,101,FALSE,NA,TRUE,NA,-0.201843448044805,-0.201843448044805,0.201843448044805,0.201843448044805,0.0407407775186158,-0.511670080867987,0.10352457923041,1,0.685444227234124,-0.230846472765876,0.230846472765876,0.230846472765876,0.0532900939884462,0.422057216850945,0.948287774457381,1,1.3252580703936,0.295639070393601,0.295639070393601,0.295639070393601,0.0874024599431925,0.946619369824853,1.70090447109378,1,1.46599770724551,-0.0340022927544927,0.0340022927544927,0.0340022927544927,0.00115615591256223,1.36565967465007,1.56479699117417,1,1.81242700325988,0.012427003259879,0.012427003259879,0.012427003259879,0.000154430410021043,1.73550860587265,1.90664274603376,1
30,"n600-b1_1-b2_2p5-b3_2p8",600,10,300,1,1,0,0.9162907,1.029619,1.5,1.8,1,1.3,0.101666666666667,202,103,188,107,FALSE,NA,TRUE,NA,0.12752912270026,0.12752912270026,0.12752912270026,0.12752912270026,0.0162636771366981,-0.184632429461804,0.438729799676932,1,0.989239486297301,0.0729487862973005,0.0729487862973005,0.0729487862973005,0.00532152542224922,0.715769403808591,1.27448367953508,1,0.811774041782907,-0.217844958217093,0.217844958217093,0.217844958217093,0.0474564258206069,0.431847839694183,1.18848764462032,1,1.49269618337803,-0.00730381662196766,0.00730381662196766,0.00730381662196766,5.33457372473311e-05,1.40457363842863,1.64133705826121,1,1.75891405616455,-0.0410859438354463,0.0410859438354463,0.0410859438354463,0.00168805478084945,1.71169954692673,1.86712181666013,1
31,"n600-b1_1-b2_2p5-b3_2p8",600,1,301,1,1,0,0.9162907,1.029619,1.5,1.8,1,1.3,0.101666666666667,224,100,189,87,FALSE,NA,TRUE,NA,-0.124856250373901,-0.124856250373901,0.124856250373901,0.124856250373901,0.0155890832574303,-0.46062619597629,0.207384180704542,1,0.733028602627149,-0.183262097372851,0.183262097372851,0.183262097372851,0.0335849963334962,0.447762728953656,1.02771308395829,1,1.27894558149456,0.249326581494563,0.249326581494563,0.249326581494563,0.0621637442397648,0.882023167547006,1.68065817692497,1,1.51138399891156,0.0113839989115627,0.0113839989115627,0.0113839989115627,0.000129595431218461,1.4982792008163,1.58101022779429,1,1.82090723442531,0.020907234425309,0.020907234425309,0.020907234425309,0.000437112451314824,1.77788461358464,1.88851330389559,1
31,"n600-b1_1-b2_2p5-b3_2p8",600,2,302,1,1,0,0.9162907,1.029619,1.5,1.8,1,1.3,0.101666666666667,194,100,194,112,FALSE,NA,TRUE,NA,-0.047012052490384,-0.047012052490384,0.047012052490384,0.047012052490384,0.00221013307935862,-0.354252528245768,0.260828314758049,1,0.836708822025749,-0.0795818779742508,0.0795818779742508,0.0795818779742508,0.00633327530190854,0.576765887955094,1.10034357198206,1,1.07349176796315,0.0438727679631452,0.0438727679631452,0.0438727679631452,0.00192481976874798,0.697739144561614,1.45618961794561,1,1.45865027873228,-0.041349721267725,0.041349721267725,0.041349721267725,0.00170979944891855,1.33325137744552,1.58149008725553,1,1.79850392170696,-0.00149607829304399,0.00149607829304399,0.00149607829304399,2.23825025891742e-06,1.7058572024822,2.02686666899081,1
31,"n600-b1_1-b2_2p5-b3_2p8",600,3,303,1,1,0,0.9162907,1.029619,1.5,1.8,1,1.3,0.0966666666666667,181,89,204,126,FALSE,NA,TRUE,NA,0.134586926704933,0.134586926704933,0.134586926704933,0.134586926704933,0.018113640839879,-0.17585266254992,0.437539600525426,1,0.863567339305952,-0.052723360694048,0.052723360694048,0.052723360694048,0.00277975276287469,0.61757620386684,1.11582374510671,1,0.902583185097683,-0.127035814902317,0.127035814902317,0.127035814902317,0.0161380982678957,0.531502075790015,1.28142613225425,1,1.63213081268826,0.132130812688264,0.132130812688264,0.132130812688264,0.0174585516616611,1.51936369372286,1.98476370273651,0,1.8088222226643,0.00882222266429955,0.00882222266429955,0.00882222266429955,7.78316127384807e-05,1.74673676106843,1.97728358852145,1
31,"n600-b1_1-b2_2p5-b3_2p8",600,4,304,1,1,0,0.9162907,1.029619,1.5,1.8,1,1.3,0.0883333333333334,196,107,209,88,FALSE,NA,TRUE,NA,0.128855798555788,0.128855798555788,0.128855798555788,0.128855798555788,0.0166038168214498,-0.191218762159953,0.451705265139124,1,0.869647504837091,-0.0466431951629094,0.0466431951629094,0.0466431951629094,0.00217558765500525,0.591526507874383,1.15697979720551,1,0.938002681476299,-0.0916163185237007,0.0916163185237007,0.0916163185237007,0.00839354981983618,0.55242227306805,1.32417444439459,1,1.67378290949048,0.173782909490477,0.173782909490477,0.173782909490477,0.0302004996309752,1.50762163999155,1.8748405452412,0,1.73851745987481,-0.0614825401251902,0.0614825401251902,0.0614825401251902,0.00378010274024562,1.66298534452119,1.84884263138085,1
31,"n600-b1_1-b2_2p5-b3_2p8",600,5,305,1,1,0,0.9162907,1.029619,1.5,1.8,1,1.3,0.0883333333333334,191,109,201,99,FALSE,NA,TRUE,NA,-0.0304483499344908,-0.0304483499344908,0.0304483499344908,0.0304483499344908,0.000927102013733208,-0.336494955165898,0.277264169517549,1,0.95582257110592,0.03953187110592,0.03953187110592,0.03953187110592,0.00156276883313508,0.681075056755498,1.23494044288594,1,0.862487404567191,-0.167131595432809,0.167131595432809,0.167131595432809,0.0279329701919161,0.483323187255098,1.23583010581015,1,1.46025911888127,-0.0397408811187283,0.0397408811187283,0.0397408811187283,0.0015793376320929,1.38317309902007,1.56203747084293,1,1.78276355141337,-0.017236448586627,0.017236448586627,0.017236448586627,0.000297095159879435,1.69093082683111,1.87247278666831,1
31,"n600-b1_1-b2_2p5-b3_2p8",600,6,306,1,1,0,0.9162907,1.029619,1.5,1.8,1,1.3,0.111666666666667,201,99,185,115,FALSE,NA,TRUE,NA,-0.0618224280006071,-0.0618224280006071,0.0618224280006071,0.0618224280006071,0.00382201260389024,-0.375653992486948,0.247978845939877,1,0.820806236226223,-0.0954844637737773,0.0954844637737773,0.0954844637737773,0.00911728282216579,0.556691277149082,1.09087626456171,1,1.28765486859901,0.258035868599014,0.258035868599014,0.258035868599014,0.0665825094836476,0.904241942598605,1.67487099596645,1,1.54464126536133,0.0446412653613275,0.0446412653613275,0.0446412653613275,0.00199284257306046,1.49298511737253,1.62766083494404,1,1.8954785288892,0.0954785288891973,0.0954785288891973,0.0954785288891973,0.00911614947884528,1.73547167094395,2.05072707525821,1
31,"n600-b1_1-b2_2p5-b3_2p8",600,7,307,1,1,0,0.9162907,1.029619,1.5,1.8,1,1.3,0.13,179,110,193,118,FALSE,NA,TRUE,NA,-0.208391844676053,-0.208391844676053,0.208391844676053,0.208391844676053,0.0434271609274884,-0.51723392693404,0.100549272953676,1,0.731623392437693,-0.184667307562307,0.184667307562307,0.184667307562307,0.0341020144823118,0.480227025529535,0.992898811508799,1,1.24935359101556,0.21973459101556,0.21973459101556,0.21973459101556,0.0482832904887756,0.87217960512826,1.63052148704605,1,1.55255165881782,0.0525516588178172,0.0525516588178172,0.0525516588178172,0.00276167684450426,1.49395215218006,1.71034166982368,1,1.85540898784348,0.0554089878434758,0.0554089878434758,0.0554089878434758,0.00307015593383845,1.71805575969366,2.00859402157378,1
31,"n600-b1_1-b2_2p5-b3_2p8",600,8,308,1,1,0,0.9162907,1.029619,1.5,1.8,1,1.3,0.0916666666666667,188,111,202,99,FALSE,NA,TRUE,NA,-0.108316057027742,-0.108316057027742,0.108316057027742,0.108316057027742,0.011732368210037,-0.418303823007426,0.20634039191982,1,0.886746179650353,-0.0295445203496469,0.0295445203496469,0.0295445203496469,0.000872878682690702,0.619450759544572,1.16862705595204,1,1.1792549662842,0.149635966284196,0.149635966284196,0.149635966284196,0.022390922405805,0.794524493380317,1.5611040950848,1,1.51170761888745,0.0117076188874468,0.0117076188874468,0.0117076188874468,0.0001370683400137,1.43999554565914,1.58067783470725,1,1.83049960237285,0.0304996023728523,0.0304996023728523,0.0304996023728523,0.000930225744902099,1.77437378433198,1.94013268124401,1
31,"n600-b1_1-b2_2p5-b3_2p8",600,9,309,1,1,0,0.9162907,1.029619,1.5,1.8,1,1.3,0.095,205,106,205,84,FALSE,NA,TRUE,NA,-0.171172565220488,-0.171172565220488,0.171172565220488,0.171172565220488,0.0293000470841624,-0.507710836638667,0.164444970214408,1,0.786006852355405,-0.130283847644595,0.130283847644595,0.130283847644595,0.01697388095708,0.495596139354408,1.08184477120125,1,1.07260606022225,0.0429870602222464,0.0429870602222464,0.0429870602222464,0.00184788734655104,0.674054858618327,1.47646665248811,1,1.44541307151492,-0.0545869284850768,0.0545869284850768,0.0545869284850768,0.00297973276143489,1.24807130478331,1.59673460280239,1,1.78054861597617,-0.0194513840238273,0.0194513840238273,0.0194513840238273,0.000378356340442404,1.71547091056328,1.87153992466965,1
31,"n600-b1_1-b2_2p5-b3_2p8",600,10,310,1,1,0,0.9162907,1.029619,1.5,1.8,1,1.3,0.121666666666667,185,111,209,95,FALSE,NA,TRUE,NA,-0.22817034499174,-0.22817034499174,0.22817034499174,0.22817034499174,0.0520617063336497,-0.551943793068752,0.0914263797529976,1,0.807272938562101,-0.109017761437899,0.109017761437899,0.109017761437899,0.0118848723089307,0.532826260277985,1.09157155862075,1,1.38727012830188,0.357651128301883,0.357651128301883,0.357651128301883,0.12791432957561,0.98612977099253,1.78545920708909,1,1.78409071242952,0.284090712429518,0.284090712429518,0.284090712429518,0.0807075328887112,1.46329117051544,1.97566451683289,1,1.74452234582907,-0.0554776541709341,0.0554776541709341,0.0554776541709341,0.00307777011230976,1.578152992242,1.92368764545645,1
32,"n600-b1_1-b2_2p5-b3_2p8",600,1,311,1,1,0,0.9162907,1.029619,1.5,1.8,1,1.3,0.0916666666666667,192,90,211,107,FALSE,NA,TRUE,NA,-0.00232497689434751,-0.00232497689434751,0.00232497689434751,0.00232497689434751,5.40551755924978e-06,-0.33113333947313,0.319988521149077,1,0.997323787686549,0.0810330876865486,0.0810330876865486,0.0810330876865486,0.00656636130001587,0.723795038935612,1.27216382236472,1,0.953440597040553,-0.0761784029594468,0.0761784029594468,0.0761784029594468,0.00580314907745185,0.569641773254093,1.34244393675822,1,1.5237800383764,0.0237800383764029,0.0237800383764029,0.0237800383764029,0.000565490225183193,1.44393302549974,1.70843661614483,1,1.77787426089219,-0.02212573910781,0.02212573910781,0.02212573910781,0.000489548331066874,1.68140701140056,1.88073455898329,1
32,"n600-b1_1-b2_2p5-b3_2p8",600,2,312,1,1,0,0.9162907,1.029619,1.5,1.8,1,1.3,0.108333333333333,200,95,204,101,FALSE,NA,TRUE,NA,0.189792640093027,0.189792640093027,0.189792640093027,0.189792640093027,0.0360212462334812,-0.153527321659539,0.526362221374945,1,1.24307851562713,0.326787815627129,0.326787815627129,0.326787815627129,0.10679027644235,0.95671979564479,1.53629992416634,0,0.861420144845891,-0.168198855154109,0.168198855154109,0.168198855154109,0.028290854875153,0.461725075501847,1.26177036308365,1,1.45016872162048,-0.0498312783795152,0.0498312783795152,0.0498312783795152,0.00248315630493674,1.38184672593787,1.56302744925184,1,1.71597301540317,-0.0840269845968304,0.0840269845968304,0.0840269845968304,0.00706053414043598,1.64572262277862,1.80797325750916,1
32,"n600-b1_1-b2_2p5-b3_2p8",600,3,313,1,1,0,0.9162907,1.029619,1.5,1.8,1,1.3,0.103333333333333,210,91,190,109,FALSE,NA,TRUE,NA,0.0281560076873574,0.0281560076873574,0.0281560076873574,0.0281560076873574,0.000792760768890531,-0.292476015040543,0.342939670409737,1,0.806553906163875,-0.109736793836125,0.109736793836125,0.109736793836125,0.0120421639214321,0.534820730960847,1.08224437104062,1,1.15879083387348,0.129171833873479,0.129171833873479,0.129171833873479,0.0166853626662376,0.772275734497559,1.5499552483715,1,1.52869290216908,0.0286929021690823,0.0286929021690823,0.0286929021690823,0.000823282634884526,1.39273990725002,1.66221043472006,1,1.78893009453897,-0.0110699054610266,0.0110699054610266,0.0110699054610266,0.000122542806916066,1.75116820082823,1.88928133728396,1
32,"n600-b1_1-b2_2p5-b3_2p8",600,4,314,1,1,0,0.9162907,1.029619,1.5,1.8,1,1.3,0.0866666666666667,211,98,198,93,FALSE,NA,TRUE,NA,-0.364850322492136,-0.364850322492136,0.364850322492136,0.364850322492136,0.133115757822616,-0.694628770111629,-0.031909521858894,0,0.758493121093728,-0.157797578906272,0.157797578906272,0.157797578906272,0.0249000759086813,0.482420897140524,1.04301216245708,1,1.46411576862575,0.43449676862575,0.43449676862575,0.43449676862575,0.188787441946219,1.0660835537092,1.85862577938761,0,1.33761020129245,-0.162389798707548,0.162389798707548,0.162389798707548,0.0263704467242778,1.25612499435593,1.52113903452487,1,1.78698111032166,-0.0130188896783414,0.0130188896783414,0.0130188896783414,0.000169491488456825,1.75326047889699,1.86467534679592,1
32,"n600-b1_1-b2_2p5-b3_2p8",600,5,315,1,1,0,0.9162907,1.029619,1.5,1.8,1,1.3,0.101666666666667,228,101,189,82,FALSE,NA,TRUE,NA,0.142678448034219,0.142678448034219,0.142678448034219,0.142678448034219,0.0203571395334532,-0.193497308976225,0.483903233485043,1,1.06488339950265,0.148592699502648,0.148592699502648,0.148592699502648,0.0220797903454842,0.762494919342708,1.37752999013474,1,0.890052304446681,-0.139566695553319,0.139566695553319,0.139566695553319,0.0194788625076727,0.48937819880463,1.29020391765958,1,1.52553599045389,0.0255359904538919,0.0255359904538919,0.0255359904538919,0.000652086808461257,1.49175915742905,1.57928431674671,1,1.8423291423478,0.0423291423477989,0.0423291423477989,0.0423291423477989,0.00179175629190023,1.80108828456581,1.911372795183,0
32,"n600-b1_1-b2_2p5-b3_2p8",600,6,316,1,1,0,0.9162907,1.029619,1.5,1.8,1,1.3,0.121666666666667,204,113,185,98,FALSE,NA,TRUE,NA,-0.215233870249985,-0.215233870249985,0.215233870249985,0.215233870249985,0.0463256189027874,-0.545658884383259,0.105447540091955,1,0.819785604134184,-0.0965050958658163,0.0965050958658163,0.0965050958658163,0.0093132335280704,0.542980298781977,1.1038064351773,1,1.21611100585881,0.186492005858809,0.186492005858809,0.186492005858809,0.0347792682492421,0.830750237678869,1.61564543504658,1,1.26447315834649,-0.235526841653508,0.235526841653508,0.235526841653508,0.0554728931392767,1.20168794268397,1.35981859504011,0,1.6400401317112,-0.159959868288802,0.159959868288802,0.159959868288802,0.0255871594629708,1.58740619562011,1.70464129669288,0
32,"n600-b1_1-b2_2p5-b3_2p8",600,7,317,1,1,0,0.9162907,1.029619,1.5,1.8,1,1.3,0.105,198,95,196,111,FALSE,NA,TRUE,NA,-0.0340283671330913,-0.0340283671330913,0.0340283671330913,0.0340283671330913,0.00115792976974445,-0.363303947060502,0.292746286217756,1,0.759451221385596,-0.156839478614404,0.156839478614404,0.156839478614404,0.024598622052038,0.49680783912447,1.03440859809406,1,1.15470541098438,0.125086410984383,0.125086410984383,0.125086410984383,0.0156466102129539,0.75714588315809,1.54780067229277,1,1.34444417719068,-0.155555822809324,0.155555822809324,0.155555822809324,0.0241976140098857,1.19670479379431,1.63795386565015,1,1.76481768832645,-0.0351823116735464,0.0351823116735464,0.0351823116735464,0.00123779505469456,1.6355963287814,2.00068193824878,1
32,"n600-b1_1-b2_2p5-b3_2p8",600,8,318,1,1,0,0.9162907,1.029619,1.5,1.8,1,1.3,0.1,199,95,200,106,FALSE,NA,TRUE,NA,0.0668799671633453,0.0668799671633453,0.0668799671633453,0.0668799671633453,0.00447293000777015,-0.254186817268662,0.385013737411567,1,1.06515543250434,0.148864732504343,0.148864732504343,0.148864732504343,0.0221607085835897,0.795239728536086,1.34297769458757,1,0.937486817721199,-0.0921321822788014,0.0921321822788014,0.0921321822788014,0.00848833901145428,0.554767938930692,1.32360597878588,1,1.52683817473846,0.0268381747384596,0.0268381747384596,0.0268381747384596,0.000720287623292092,1.47235194861701,1.64777169646198,1,1.83666218449763,0.0366621844976327,0.0366621844976327,0.0366621844976327,0.00134411577213846,1.76576035530745,1.94190877228491,1
32,"n600-b1_1-b2_2p5-b3_2p8",600,9,319,1,1,0,0.9162907,1.029619,1.5,1.8,1,1.3,0.108333333333333,191,102,207,100,FALSE,NA,TRUE,NA,-0.142736128157971,-0.142736128157971,0.142736128157971,0.142736128157971,0.0203736022815287,-0.466057089680207,0.173478040523502,1,0.730038169749296,-0.186252530250704,0.186252530250704,0.186252530250704,0.0346900050247894,0.462780005963094,0.998855376985875,1,1.19897046055038,0.16935146055038,0.16935146055038,0.16935146055038,0.0286799171905468,0.81410109398039,1.58342932244641,1,1.55679317454343,0.056793174543426,0.056793174543426,0.056793174543426,0.00322546467472005,1.43222649862418,1.70953477534409,1,1.84587273864306,0.0458727386430582,0.0458727386430582,0.0458727386430582,0.00210430815061432,1.47350546902033,2.03093941816582,1
32,"n600-b1_1-b2_2p5-b3_2p8",600,10,320,1,1,0,0.9162907,1.029619,1.5,1.8,1,1.3,0.085,226,94,200,80,FALSE,NA,TRUE,NA,0.0956452891239231,0.0956452891239231,0.0956452891239231,0.0956452891239231,0.00914802133159885,-0.241035394339482,0.44247045934002,1,0.928669957239553,0.0123792572395528,0.0123792572395528,0.0123792572395528,0.00015324600980302,0.639158545148592,1.22756693839325,1,0.962861571837015,-0.0667574281629852,0.0667574281629852,0.0667574281629852,0.00445655421493614,0.55802134480329,1.36270557728993,1,1.51675777128012,0.0167577712801166,0.0167577712801166,0.0167577712801166,0.0002808228982767,1.4734948779006,1.64132674624438,1,1.82197675207406,0.0219767520740588,0.0219767520740588,0.0219767520740588,0.000482977631724648,1.77051746448745,1.96905221659195,1
33,"n600-b1_1-b2_2p5-b3_2p8",600,1,321,1,1,0,0.9162907,1.029619,1.5,1.8,1,1.3,0.0966666666666667,201,95,189,115,FALSE,NA,TRUE,NA,-0.156518593280247,-0.156518593280247,0.156518593280247,0.156518593280247,0.0244980700424273,-0.469200771551642,0.154654223101612,1,0.680959610768448,-0.235331089231552,0.235331089231552,0.235331089231552,0.0553807215589086,0.429679097473041,0.941289993819987,1,1.14545102916646,0.115832029166463,0.115832029166463,0.115832029166463,0.0134170589808203,0.765485999059912,1.531414995965,1,1.5141160495387,0.0141160495387007,0.0141160495387007,0.0141160495387007,0.000199262854579053,1.39453209098211,1.61950995230116,1,1.84706263330633,0.0470626333063318,0.0470626333063318,0.0470626333063318,0.00221489145372625,1.77094645411717,1.90483493770871,1
33,"n600-b1_1-b2_2p5-b3_2p8",600,2,322,1,1,0,0.9162907,1.029619,1.5,1.8,1,1.3,0.108333333333333,187,94,208,111,FALSE,NA,TRUE,NA,0.179222183124906,0.179222183124906,0.179222183124906,0.179222183124906,0.0321205909240574,-0.143196565418725,0.507625405529137,1,0.982397349675816,0.0661066496758156,0.0661066496758156,0.0661066496758156,0.00437008913136101,0.711883276216369,1.26008484017803,1,0.886075516445529,-0.143543483554471,0.143543483554471,0.143543483554471,0.0206047316709527,0.495222737309857,1.27261095673579,1,1.45017808343406,-0.0498219165659437,0.0498219165659437,0.0498219165659437,0.00248222337030386,1.34720516736181,1.64846099068825,1,1.81543832848883,0.0154383284888329,0.0154383284888329,0.0154383284888329,0.000238341986529108,1.72153030999152,2.05300345094388,1
33,"n600-b1_1-b2_2p5-b3_2p8",600,3,323,1,1,0,0.9162907,1.029619,1.5,1.8,1,1.3,0.1,199,89,212,100,FALSE,NA,TRUE,NA,-0.164016729841596,-0.164016729841596,0.164016729841596,0.164016729841596,0.0269014876679312,-0.501906361196765,0.171154887238223,1,0.754400363525464,-0.161890336474536,0.161890336474536,0.161890336474536,0.0262084810438385,0.489607257132656,1.02354503722245,1,1.15054443619616,0.120925436196162,0.120925436196162,0.120925436196162,0.0146229611192319,0.756155277971346,1.54915568030292,1,1.46736528264098,-0.0326347173590211,0.0326347173590211,0.0326347173590211,0.00106502477710319,1.3602910583184,1.59299103911932,1,1.7650644313645,-0.0349355686354957,0.0349355686354957,0.0349355686354957,0.00122049395588543,1.67185658828998,1.89119662070523,1
33,"n600-b1_1-b2_2p5-b3_2p8",600,4,324,1,1,0,0.9162907,1.029619,1.5,1.8,1,1.3,0.08,199,97,210,94,FALSE,NA,TRUE,NA,-0.139210317270019,-0.139210317270019,0.139210317270019,0.139210317270019,0.0193795124344194,-0.461721792090776,0.183808844220164,1,0.866243646389526,-0.0500470536104745,0.0500470536104745,0.0500470536104745,0.0025047075750897,0.591797431336318,1.14741622019497,1,1.29397511277119,0.26435611277119,0.26435611277119,0.26435611277119,0.069884154359494,0.909051611002513,1.6794526964834,1,1.45700880140975,-0.0429911985902471,0.0429911985902471,0.0429911985902471,0.00184824315622607,1.38531846939569,1.54359721200648,1,1.71484634220856,-0.0851536577914356,0.0851536577914356,0.0851536577914356,0.00725114543526092,1.59187511484471,1.82589144586697,1
33,"n600-b1_1-b2_2p5-b3_2p8",600,5,325,1,1,0,0.9162907,1.029619,1.5,1.8,1,1.3,0.0983333333333334,184,101,204,111,FALSE,NA,TRUE,NA,-0.0417577461220641,-0.0417577461220641,0.0417577461220641,0.0417577461220641,0.00174370936119476,-0.345111086380219,0.26717035903226,1,0.935461299553733,0.0191705995537331,0.0191705995537331,0.0191705995537331,0.000367511887249593,0.671819051688184,1.20536692256525,1,1.05395256099068,0.0243335609906801,0.0243335609906801,0.0243335609906801,0.000592122190487147,0.677433763442207,1.42737756366717,1,1.56081757749515,0.0608175774951465,0.0608175774951465,0.0608175774951465,0.00369877773237815,1.50227902613989,1.6754856582252,0,1.85197031706382,0.0519703170638177,0.0519703170638177,0.0519703170638177,0.00270091385571374,1.78539567150134,1.9483976914314,1
33,"n600-b1_1-b2_2p5-b3_2p8",600,6,326,1,1,0,0.9162907,1.029619,1.5,1.8,1,1.3,0.12,180,110,201,109,FALSE,NA,TRUE,NA,-0.0288693261158734,-0.0288693261158734,0.0288693261158734,0.0288693261158734,0.000833437990384648,-0.3409815083267,0.283330840659437,1,0.924893817155504,0.00860311715550433,0.00860311715550433,0.00860311715550433,7.40136247913328e-05,0.662876024908375,1.19821575390715,1,1.01615809414787,-0.0134609058521269,0.0134609058521269,0.0134609058521269,0.000181195986359824,0.634633877835775,1.3983638751226,1,1.51664489336087,0.016644893360872,0.016644893360872,0.016644893360872,0.000277052474994802,1.46096200811956,1.62056117015146,1,1.8255860761545,0.0255860761545046,0.0255860761545046,0.0255860761545046,0.000654647292984108,1.7559031573682,1.93775539448406,1
33,"n600-b1_1-b2_2p5-b3_2p8",600,7,327,1,1,0,0.9162907,1.029619,1.5,1.8,1,1.3,0.101666666666667,191,103,204,102,FALSE,NA,TRUE,NA,0.237878283554107,0.237878283554107,0.237878283554107,0.237878283554107,0.056586077786648,-0.0796681719392315,0.561077553560763,1,1.08135250869713,0.165061808697132,0.165061808697132,0.165061808697132,0.0272454006903685,0.803569444933743,1.36743447444702,1,0.797355061261983,-0.232263938738017,0.232263938738017,0.232263938738017,0.0539465372380973,0.409286340150678,1.17997275983503,1,1.46372234747368,-0.0362776525263218,0.0362776525263218,0.0362776525263218,0.00131606807282054,1.42053493501203,1.51075420290711,1,1.74834187761595,-0.0516581223840455,0.0516581223840455,0.0516581223840455,0.00266856160824503,1.68606547569872,1.8698402965905,1
33,"n600-b1_1-b2_2p5-b3_2p8",600,8,328,1,1,0,0.9162907,1.029619,1.5,1.8,1,1.3,0.105,196,101,186,117,FALSE,NA,TRUE,NA,0.0423186051990199,0.0423186051990199,0.0423186051990199,0.0423186051990199,0.00179086434599051,-0.275262780002984,0.356093061056769,1,0.934761774407103,0.0184710744071034,0.0184710744071034,0.0184710744071034,0.00034118058975275,0.671745874434006,1.20371102158794,1,1.06036486272673,0.0307458627267319,0.0307458627267319,0.0307458627267319,0.000945308074811039,0.675398254353316,1.44602156349598,1,1.42270188952985,-0.0772981104701469,0.0772981104701469,0.0772981104701469,0.00597499788225503,1.3154740631219,1.56176799585254,1,1.75353654471513,-0.0464634552848724,0.0464634552848724,0.0464634552848724,0.00215885267700934,1.67102070571239,1.85337151668854,1
33,"n600-b1_1-b2_2p5-b3_2p8",600,9,329,1,1,0,0.9162907,1.029619,1.5,1.8,1,1.3,0.108333333333333,200,118,189,93,FALSE,NA,TRUE,NA,0.0233572038526209,0.0233572038526209,0.0233572038526209,0.0233572038526209,0.00054555897181289,-0.296308146131279,0.343484768720113,1,0.98514305375073,0.0688523537507297,0.0688523537507297,0.0688523537507297,0.00474064661701563,0.695875397966758,1.28553914769048,1,1.01757571143418,-0.012043288565819,0.012043288565819,0.012043288565819,0.000145040799479588,0.631066784140493,1.39858818989415,1,1.60616588680703,0.106165886807031,0.106165886807031,0.106165886807031,0.0112711955215233,1.47993262669927,1.79703637547873,1,1.87145887182591,0.0714588718259086,0.0714588718259086,0.0714588718259086,0.00510637036263163,1.74460805570039,2.03892341552153,1
33,"n600-b1_1-b2_2p5-b3_2p8",600,10,330,1,1,0,0.9162907,1.029619,1.5,1.8,1,1.3,0.106666666666667,192,97,198,113,FALSE,NA,TRUE,NA,-0.223851093977675,-0.223851093977675,0.223851093977675,0.223851093977675,0.0501093122750017,-0.54253207212268,0.0862256976128554,1,0.680376404487638,-0.235914295512362,0.235914295512362,0.235914295512362,0.0556555548270939,0.424767570316498,0.941312890245727,1,1.30105321158137,0.271434211581369,0.271434211581369,0.271434211581369,0.0736765312167993,0.919856540527661,1.6875934501051,1,1.49857547268974,-0.00142452731026155,0.00142452731026155,0.00142452731026155,2.029278057681e-06,1.25897240472797,1.63910914766243,1,1.86892467354988,0.068924673549879,0.068924673549879,0.068924673549879,0.00475061062395739,1.76294517106669,2.06782211326989,1
34,"n600-b1_1-b2_2p5-b3_2p8",600,1,331,1,1,0,0.9162907,1.029619,1.5,1.8,1,1.3,0.11,201,97,200,102,FALSE,NA,TRUE,NA,-0.191995023195584,-0.191995023195584,0.191995023195584,0.191995023195584,0.0368620889318729,-0.509453628389171,0.129133413274898,1,0.738238616361221,-0.178052083638779,0.178052083638779,0.178052083638779,0.0317025444881108,0.469704247832246,1.0086647642569,1,1.25370675782506,0.224087757825061,0.224087757825061,0.224087757825061,0.0502153232070631,0.870082708364109,1.64150299074597,1,1.5078953673541,0.00789536735410268,0.00789536735410268,0.00789536735410268,6.23368256562303e-05,1.37536060806853,1.73593301137495,1,1.82775150384516,0.0277515038451557,0.0277515038451557,0.0277515038451557,0.00077014596566769,1.70149150862701,2.03588181607664,1
34,"n600-b1_1-b2_2p5-b3_2p8",600,2,332,1,1,0,0.9162907,1.029619,1.5,1.8,1,1.3,0.0966666666666667,207,102,186,105,FALSE,NA,TRUE,NA,0.00859028121681323,0.00859028121681323,0.00859028121681323,0.00859028121681323,7.37929313839342e-05,-0.315467001803302,0.32551200262936,1,1.00916137392959,0.092870673929589,0.092870673929589,0.092870673929589,0.00862496207613605,0.735596002794125,1.2859239807352,1,0.689741358909066,-0.339877641090934,0.339877641090934,0.339877641090934,0.115516810913538,0.308659593015678,1.07035967825561,1,1.47566554523739,-0.0243344547626114,0.0243344547626114,0.0243344547626114,0.000592165688593582,1.41165848009742,1.59888905199439,1,1.68544898809533,-0.114551011904667,0.114551011904667,0.114551011904667,0.0131219343283831,1.55275794775161,1.81590281106435,1
34,"n600-b1_1-b2_2p5-b3_2p8",600,3,333,1,1,0,0.9162907,1.029619,1.5,1.8,1,1.3,0.0866666666666667,198,103,199,100,FALSE,NA,TRUE,NA,0.180660206273902,0.180660206273902,0.180660206273902,0.180660206273902,0.0326381101309288,-0.134244604642289,0.50100279822861,1,1.03077075376725,0.114480053767247,0.114480053767247,0.114480053767247,0.0131056827105518,0.751975337912565,1.32535316397143,1,0.72510199475127,-0.30451700524873,0.30451700524873,0.30451700524873,0.0927306064856549,0.347424142028273,1.10917317706598,1,1.42816522972581,-0.0718347702741948,0.0718347702741948,0.0718347702741948,0.00516023422034634,1.36872781414235,1.51144977110648,1,1.83789795596138,0.0378979559613817,0.0378979559613817,0.0378979559613817,0.00143625506605083,1.75341595507998,1.94587445218773,1
34,"n600-b1_1-b2_2p5-b3_2p8",600,4,334,1,1,0,0.9162907,1.029619,1.5,1.8,1,1.3,0.085,209,88,214,89,FALSE,NA,TRUE,NA,-0.236743788546486,-0.236743788546486,0.236743788546486,0.236743788546486,0.0560476214153431,-0.571524800938381,0.0966438502190419,1,0.743496672136196,-0.172794027863804,0.172794027863804,0.172794027863804,0.029857776065397,0.466221278727081,1.02223784893299,1,1.21535049765173,0.185731497651731,0.185731497651731,0.185731497651731,0.0344961892199549,0.81791374384454,1.61183185585386,1,1.51483514557171,0.0148351455717095,0.0148351455717095,0.0148351455717095,0.000220081544133812,1.42908255187126,1.67667924738418,1,2.04772968127606,0.247729681276058,0.247729681276058,0.247729681276058,0.0613699949851371,1.73238642416581,2.23642397471005,1
34,"n600-b1_1-b2_2p5-b3_2p8",600,5,335,1,1,0,0.9162907,1.029619,1.5,1.8,1,1.3,0.108333333333333,200,97,186,117,FALSE,NA,TRUE,NA,-0.0895684352217569,-0.0895684352217569,0.0895684352217569,0.0895684352217569,0.00802250458807406,-0.410192515264787,0.224158099068058,1,1.0351450817322,0.118854381732197,0.118854381732197,0.118854381732197,0.0141263640569429,0.766503295052716,1.30742342934966,1,1.03574485355688,0.00612585355688156,0.00612585355688156,0.00612585355688156,3.75260818003584e-05,0.653625856866899,1.41850846691825,1,1.5150328045822,0.015032804582195,0.015032804582195,0.015032804582195,0.000225985213606464,1.41640462193221,1.72567746708386,1,1.8088604104347,0.00886041043470054,0.00886041043470054,0.00886041043470054,7.85068730713502e-05,1.75869548862342,1.93856182030833,1
34,"n600-b1_1-b2_2p5-b3_2p8",600,6,336,1,1,0,0.9162907,1.029619,1.5,1.8,1,1.3,0.095,207,95,212,86,FALSE,NA,TRUE,NA,0.279497591514976,0.279497591514976,0.279497591514976,0.279497591514976,0.0781189036626723,-0.0654020404030378,0.628624527075482,1,1.25446809106629,0.338177391066288,0.338177391066288,0.338177391066288,0.114363947828401,0.955357650993963,1.56415938223934,0,0.769988391475345,-0.259630608524655,0.259630608524655,0.259630608524655,0.0674080528828829,0.364871360336597,1.17303488569954,1,1.5006321266623,0.000632126662299726,0.000632126662299726,0.000632126662299726,3.99584117190191e-07,1.48382152973485,1.53912811575893,1,1.86108744371618,0.0610874437161804,0.0610874437161804,0.0610874437161804,0.0037316757797775,1.8053173484847,1.93019333042027,0
34,"n600-b1_1-b2_2p5-b3_2p8",600,7,337,1,1,0,0.9162907,1.029619,1.5,1.8,1,1.3,0.09,193,102,210,95,FALSE,NA,TRUE,NA,-0.0138125979590576,-0.0138125979590576,0.0138125979590576,0.0138125979590576,0.000190787862378563,-0.330458752914121,0.297613948106264,1,0.933089648399811,0.0167989483998114,0.0167989483998114,0.0167989483998114,0.000282204667339527,0.658539746470229,1.21455573582535,1,0.995863049924697,-0.0337559500753034,0.0337559500753034,0.0337559500753034,0.00113946416548638,0.618800110970774,1.37702961456831,1,1.54585307194356,0.0458530719435595,0.0458530719435595,0.0458530719435595,0.00210250420666124,1.4655739456284,1.61001648566685,1,1.83875489225207,0.0387548922520717,0.0387548922520717,0.0387548922520717,0.00150194167346969,1.76551546377657,1.93997312146768,1
34,"n600-b1_1-b2_2p5-b3_2p8",600,8,338,1,1,0,0.9162907,1.029619,1.5,1.8,1,1.3,0.101666666666667,202,86,194,118,FALSE,NA,TRUE,NA,-0.09045341691696,-0.09045341691696,0.09045341691696,0.09045341691696,0.00818182063195339,-0.414692312634284,0.231422751227612,1,0.999786127315577,0.0834954273155775,0.0834954273155775,0.0834954273155775,0.00697148638261088,0.735107628443038,1.26519259251392,1,0.976403251807145,-0.0532157481928553,0.0532157481928553,0.0532157481928553,0.00283191585572539,0.595049430559329,1.36639482706221,1,1.45949150416557,-0.0405084958344304,0.0405084958344304,0.0405084958344304,0.00164093823476806,1.32389660593883,1.57560310810907,1,1.89790040507888,0.097900405078879,0.097900405078879,0.097900405078879,0.00958448931460859,1.79769561344145,2.04063620474425,1
34,"n600-b1_1-b2_2p5-b3_2p8",600,9,339,1,1,0,0.9162907,1.029619,1.5,1.8,1,1.3,0.11,206,109,187,98,FALSE,NA,TRUE,NA,0.11227558653692,0.11227558653692,0.11227558653692,0.11227558653692,0.0126058073322093,-0.215849992016745,0.431209239154557,1,1.11854293031297,0.20225223031297,0.20225223031297,0.20225223031297,0.0409059646665706,0.828088847829907,1.41264671853991,1,0.910168933538201,-0.119450066461799,0.119450066461799,0.119450066461799,0.0142683183777281,0.526489763729683,1.30393969552611,1,1.51258503635335,0.0125850363533508,0.0125850363533508,0.0125850363533508,0.000158383140015162,1.42316734148867,1.70812020956378,1,1.91111602849704,0.111116028497041,0.111116028497041,0.111116028497041,0.0123467717889552,1.75355282514549,2.14983779612171,1
34,"n600-b1_1-b2_2p5-b3_2p8",600,10,340,1,1,0,0.9162907,1.029619,1.5,1.8,1,1.3,0.0866666666666667,182,116,202,100,FALSE,NA,TRUE,NA,0.143958395856503,0.143958395856503,0.143958395856503,0.143958395856503,0.0207240197375777,-0.164368485776423,0.454273596845509,1,0.992282585100435,0.0759918851004345,0.0759918851004345,0.0759918851004345,0.00577476660111764,0.712665458843181,1.28271801866659,1,0.860274566008252,-0.169344433991748,0.169344433991748,0.169344433991748,0.0286775373239855,0.47857239565399,1.23617031781438,1,1.53957725108178,0.0395772510817776,0.0395772510817776,0.0395772510817776,0.00156635880319006,1.4842571209781,1.63146214572432,1,1.74489494521838,-0.0551050547816176,0.0551050547816176,0.0551050547816176,0.00303656706248508,1.64293783050349,1.88434186966065,1
35,"n600-b1_1-b2_2p5-b3_2p8",600,1,341,1,1,0,0.9162907,1.029619,1.5,1.8,1,1.3,0.075,213,77,214,96,FALSE,NA,TRUE,NA,-0.173473536953437,-0.173473536953437,0.173473536953437,0.173473536953437,0.0300930680231355,-0.52767237805627,0.175959275318226,1,0.899657869991599,-0.016632830008401,0.016632830008401,0.016632830008401,0.000276651034088364,0.620644812826513,1.17985240149828,1,1.14969793753846,0.120078937538463,0.120078937538463,0.120078937538463,0.014418951240366,0.737888190087555,1.56475533361893,1,1.53747995658105,0.0374799565810477,0.0374799565810477,0.0374799565810477,0.00140474714531722,1.43103228221769,1.70671873929479,1,1.73974329723514,-0.0602567027648571,0.0602567027648571,0.0602567027648571,0.00363087022809233,1.6293056054915,1.90714491491097,1
35,"n600-b1_1-b2_2p5-b3_2p8",600,2,342,1,1,0,0.9162907,1.029619,1.5,1.8,1,1.3,0.105,183,103,218,96,FALSE,NA,TRUE,NA,0.116256461007421,0.116256461007421,0.116256461007421,0.116256461007421,0.0135155647259701,-0.210622052620504,0.445602557431324,1,1.09052330667648,0.17423260667648,0.17423260667648,0.17423260667648,0.030357001229281,0.812877605072052,1.38081432612588,1,0.831633042812067,-0.197985957187933,0.197985957187933,0.197985957187933,0.039198439243622,0.440689752016732,1.21870820204362,1,1.533634271295,0.0336342712949964,0.0336342712949964,0.0336342712949964,0.00113126420554542,1.40133449442992,1.64356697017285,1,1.79140982668956,-0.00859017331043588,0.00859017331043588,0.00859017331043588,7.37910775033249e-05,1.68320023563978,1.95159724599176,1
35,"n600-b1_1-b2_2p5-b3_2p8",600,3,343,1,1,0,0.9162907,1.029619,1.5,1.8,1,1.3,0.106666666666667,188,110,212,90,FALSE,NA,TRUE,NA,0.115343259839185,0.115343259839185,0.115343259839185,0.115343259839185,0.0133040675903297,-0.205878188647831,0.439821437131151,1,0.907797036674758,-0.00849366332524193,0.00849366332524193,0.00849366332524193,7.21423166825598e-05,0.629438558730592,1.19526736969754,1,0.923353587569213,-0.106265412430787,0.106265412430787,0.106265412430787,0.0112923378790853,0.532724844117328,1.29988020399762,1,1.39216798760382,-0.107832012396182,0.107832012396182,0.107832012396182,0.0116277428974104,1.21985672646315,1.53120000275397,1,1.81252091499636,0.0125209149963605,0.0125209149963605,0.0125209149963605,0.000156773312346086,1.65937017669053,1.99300926194029,1
35,"n600-b1_1-b2_2p5-b3_2p8",600,4,344,1,1,0,0.9162907,1.029619,1.5,1.8,1,1.3,0.0933333333333334,194,108,206,92,FALSE,NA,TRUE,NA,0.028263558252246,0.028263558252246,0.028263558252246,0.028263558252246,0.000798828725078103,-0.294626374333811,0.349120577903678,1,0.818859855155695,-0.0974308448443051,0.0974308448443051,0.0974308448443051,0.00949276952707505,0.540333790943402,1.10893800713726,1,1.01938778597941,-0.0102312140205914,0.0102312140205914,0.0102312140205914,0.000104677740335145,0.631716293592598,1.40537758522194,1,1.40499684409435,-0.0950031559056461,0.0950031559056461,0.0950031559056461,0.0090255996320325,1.3118208223034,1.62854344725256,1,1.72771525133202,-0.0722847486679781,0.0722847486679781,0.0722847486679781,0.00522508488999276,1.64032882089751,1.9147973649191,1
35,"n600-b1_1-b2_2p5-b3_2p8",600,5,345,1,1,0,0.9162907,1.029619,1.5,1.8,1,1.3,0.0783333333333334,208,88,212,92,FALSE,NA,TRUE,NA,-0.0482341825363918,-0.0482341825363918,0.0482341825363918,0.0482341825363918,0.00232653636495396,-0.377751883261832,0.2817319349707,1,0.8443150822047,-0.0719756177952996,0.0719756177952996,0.0719756177952996,0.00518048955701505,0.57155099608694,1.13157595933866,1,1.08255863174021,0.0529396317402111,0.0529396317402111,0.0529396317402111,0.00280260460878917,0.684555883215699,1.47430414473278,1,1.45049060851184,-0.0495093914881624,0.0495093914881624,0.0495093914881624,0.00245117984552812,1.39998112483602,1.53751457883169,1,1.80921335595932,0.00921335595932349,0.00921335595932349,0.00921335595932349,8.48859280332016e-05,1.69963036555848,1.90713865770956,1
35,"n600-b1_1-b2_2p5-b3_2p8",600,6,346,1,1,0,0.9162907,1.029619,1.5,1.8,1,1.3,0.103333333333333,205,107,188,100,FALSE,NA,TRUE,NA,-0.106335253279924,-0.106335253279924,0.106335253279924,0.106335253279924,0.0113071860901055,-0.423890059455537,0.208878442644389,1,0.893563604539199,-0.0227270954608005,0.0227270954608005,0.0227270954608005,0.00051652086808434,0.617427409342463,1.17026641631742,1,1.13338599235249,0.103766992352491,0.103766992352491,0.103766992352491,0.010767588701882,0.745755168141669,1.52353181735537,1,1.53965154984433,0.0396515498443268,0.0396515498443268,0.0396515498443268,0.00157224540505714,1.49206780294687,1.62569997579779,1,1.78499139992266,-0.0150086000773428,0.0150086000773428,0.0150086000773428,0.000225258076281615,1.69202135880375,1.87950289455975,1
35,"n600-b1_1-b2_2p5-b3_2p8",600,7,347,1,1,0,0.9162907,1.029619,1.5,1.8,1,1.3,0.095,208,110,192,90,FALSE,NA,TRUE,NA,-0.131049390198016,-0.131049390198016,0.131049390198016,0.131049390198016,0.0171739426712717,-0.458250327428662,0.19628694616356,1,1.04733392563816,0.131043225638159,0.131043225638159,0.131043225638159,0.0171723269856535,0.76116534675635,1.34516166494072,1,1.10979033356733,0.080171333567334,0.080171333567334,0.080171333567334,0.00642744272596473,0.722611662753261,1.50674730673352,1,1.4763056313722,-0.0236943686277975,0.0236943686277975,0.0236943686277975,0.000561423104669954,1.42923742169311,1.55724556762605,1,1.76411258570135,-0.0358874142986472,0.0358874142986472,0.0358874142986472,0.00128790650504275,1.6747043658828,1.90650795958833,1
35,"n600-b1_1-b2_2p5-b3_2p8",600,8,348,1,1,0,0.9162907,1.029619,1.5,1.8,1,1.3,0.115,193,110,200,97,FALSE,NA,TRUE,NA,0.0299357900174897,0.0299357900174897,0.0299357900174897,0.0299357900174897,0.000896151523971235,-0.29183099465279,0.354109454600608,1,0.939248503156976,0.0229578031569765,0.0229578031569765,0.0229578031569765,0.00052706072579448,0.659729117457278,1.22193658906634,1,1.03396417369215,0.0043451736921547,0.0043451736921547,0.0043451736921547,1.88805344149933e-05,0.640436250872661,1.43094540624068,1,1.53782765227111,0.0378276522711121,0.0378276522711121,0.0378276522711121,0.00143093127634417,1.45825533541472,1.77840896895049,1,1.84069587852589,0.0406958785258864,0.0406958785258864,0.0406958785258864,0.0016561545289937,1.75165913774628,2.05518553134997,1
35,"n600-b1_1-b2_2p5-b3_2p8",600,9,349,1,1,0,0.9162907,1.029619,1.5,1.8,1,1.3,0.108333333333333,197,104,192,107,FALSE,NA,TRUE,NA,-0.103644422772525,-0.103644422772525,0.103644422772525,0.103644422772525,0.0107421663718499,-0.423527328673534,0.217589423918791,1,0.94579179404741,0.0295010940474097,0.0295010940474097,0.0295010940474097,0.000870314549994115,0.676905909212488,1.22564620267523,1,1.05142446020266,0.0218054602026632,0.0218054602026632,0.0218054602026632,0.000475478094649927,0.665066337247433,1.43398354652605,1,1.59952108158664,0.0995210815866365,0.0995210815866365,0.0995210815866365,0.00990444568017396,1.49536289507458,1.79831044814622,1,1.75248341279175,-0.0475165872082484,0.0475165872082484,0.0475165872082484,0.00225782605991907,1.69038334169417,1.85211791002741,1
35,"n600-b1_1-b2_2p5-b3_2p8",600,10,350,1,1,0,0.9162907,1.029619,1.5,1.8,1,1.3,0.0966666666666667,217,90,202,91,FALSE,NA,TRUE,NA,0.0755880229810535,0.0755880229810535,0.0755880229810535,0.0755880229810535,0.00571354921818426,-0.25996439698871,0.413001717016006,1,0.914573857365843,-0.00171684263415739,0.00171684263415739,0.00171684263415739,2.94754863046048e-06,0.634026968685046,1.20699052103876,1,1.03333593598052,0.00371693598052136,0.00371693598052136,0.00371693598052136,1.38156130832943e-05,0.636563289886243,1.4258247517352,1,1.45956508614551,-0.0404349138544868,0.0404349138544868,0.0404349138544868,0.00163498225841977,1.36049343821225,1.53184900078981,1,1.81251067780501,0.0125106778050146,0.0125106778050146,0.0125106778050146,0.000156517059140884,1.71743312980973,1.89306275199009,1
36,"n600-b1_1-b2_2p5-b3_2p8",600,1,351,1,1,0,0.9162907,1.029619,1.5,1.8,1,1.3,0.121666666666667,206,100,191,103,FALSE,NA,TRUE,NA,-0.19126416262742,-0.19126416262742,0.19126416262742,0.19126416262742,0.0365819799055682,-0.539767056737997,0.154087724811107,1,0.921924968336584,0.00563426833658365,0.00563426833658365,0.00563426833658365,3.17449796886291e-05,0.644635324487764,1.20716634113527,1,1.24401516819336,0.21439616819336,0.21439616819336,0.21439616819336,0.0459657169359956,0.832703203156814,1.65525362978879,1,1.50493355038226,0.00493355038226362,0.00493355038226362,0.00493355038226362,2.43399193743335e-05,1.41770671472736,1.61264522740435,1,1.81511201586362,0.0151120158636169,0.0151120158636169,0.0151120158636169,0.000228373023462208,1.72712476744726,1.92449628494864,1
36,"n600-b1_1-b2_2p5-b3_2p8",600,2,352,1,1,0,0.9162907,1.029619,1.5,1.8,1,1.3,0.095,202,114,199,85,FALSE,NA,TRUE,NA,-0.00854392538680034,-0.00854392538680034,0.00854392538680034,0.00854392538680034,7.29986610152113e-05,-0.335473738597712,0.319741759820278,1,0.844338838681105,-0.0719518613188947,0.0719518613188947,0.0719518613188947,0.00517707034725346,0.549407546577126,1.14756135151858,1,1.04167066847096,0.0120516684709597,0.0120516684709597,0.0120516684709597,0.000145242712933925,0.647010295461404,1.43746110661489,1,1.41391951347201,-0.0860804865279867,0.0860804865279867,0.0860804865279867,0.0074098501608949,1.27708426860841,1.53664389326114,1,1.68360270558987,-0.116397294410134,0.116397294410134,0.116397294410134,0.0135483301459994,1.57274820197781,1.80333164599441,1
36,"n600-b1_1-b2_2p5-b3_2p8",600,3,353,1,1,0,0.9162907,1.029619,1.5,1.8,1,1.3,0.0966666666666667,207,115,204,74,FALSE,NA,TRUE,NA,-0.142731975479219,-0.142731975479219,0.142731975479219,0.142731975479219,0.0203724168242004,-0.479285809172038,0.19974998530958,1,0.716598590973783,-0.199692109026217,0.199692109026217,0.199692109026217,0.0398769384073385,0.41541532133727,1.03020655865038,1,1.06668051172614,0.0370615117261353,0.0370615117261353,0.0370615117261353,0.00137355565142646,0.661225569533034,1.4652259476931,1,1.43506709003108,-0.0649329099689198,0.0649329099689198,0.0649329099689198,0.00421628279703184,1.34078648388896,1.58805427956577,1,1.74163430491745,-0.0583656950825544,0.0583656950825544,0.0583656950825544,0.00340655436246972,1.59391312373548,1.9756394614152,1
36,"n600-b1_1-b2_2p5-b3_2p8",600,4,354,1,1,0,0.9162907,1.029619,1.5,1.8,1,1.3,0.101666666666667,210,95,190,105,FALSE,NA,TRUE,NA,0.0558687424221302,0.0558687424221302,0.0558687424221302,0.0558687424221302,0.00312131637983033,-0.27592360851919,0.382610419938908,1,1.14696483802096,0.230674138020964,0.230674138020964,0.230674138020964,0.0532105579517147,0.868126538911839,1.43201074559344,1,0.84208730862759,-0.18753169137241,0.18753169137241,0.18753169137241,0.035168135268997,0.458051778220046,1.23445838306156,1,1.49426729423833,-0.00573270576167295,0.00573270576167295,0.00573270576167295,3.28639153499183e-05,1.45693546825432,1.56002478678784,1,1.79464838381628,-0.00535161618371727,0.00535161618371727,0.00535161618371727,2.86397957778246e-05,1.7141880910844,1.85910884687827,1
36,"n600-b1_1-b2_2p5-b3_2p8",600,5,355,1,1,0,0.9162907,1.029619,1.5,1.8,1,1.3,0.0833333333333334,202,95,216,87,FALSE,NA,TRUE,NA,0.129631329692834,0.129631329692834,0.129631329692834,0.129631329692834,0.0168042816379323,-0.19911568575676,0.459178085186211,1,0.919294309327173,0.0030036093271727,0.0030036093271727,0.0030036093271727,9.02166899027882e-06,0.64204166948124,1.20660788507625,1,0.795144569432991,-0.23447443056701,0.23447443056701,0.23447443056701,0.0549782585897234,0.40423974108746,1.18125285444847,1,1.57433211220625,0.0743321122062519,0.0743321122062519,0.0743321122062519,0.00552526290504282,1.48595179898753,1.77570155427323,1,1.86460765243889,0.0646076524388919,0.0646076524388919,0.0646076524388919,0.00417414875366465,1.79267971161271,2.0944427712549,1
36,"n600-b1_1-b2_2p5-b3_2p8",600,6,356,1,1,0,0.9162907,1.029619,1.5,1.8,1,1.3,0.0866666666666667,192,96,206,106,FALSE,NA,TRUE,NA,-0.034856295435065,-0.034856295435065,0.034856295435065,0.034856295435065,0.00121496133145654,-0.346887443097192,0.273779032228423,1,0.875488085206214,-0.040802614793786,0.040802614793786,0.040802614793786,0.00166485337401008,0.613191928309056,1.14401149483432,1,1.05869236449728,0.029073364497278,0.029073364497278,0.029073364497278,0.000845260523191587,0.683492188201132,1.43397116440841,1,1.52898755326417,0.0289875532641675,0.0289875532641675,0.0289875532641675,0.000840278244242946,1.47307190135346,1.61873280419407,1,1.84483321502921,0.044833215029213,0.044833215029213,0.044833215029213,0.00201001716985565,1.76578355482364,1.96451805742352,1
36,"n600-b1_1-b2_2p5-b3_2p8",600,7,357,1,1,0,0.9162907,1.029619,1.5,1.8,1,1.3,0.105,208,91,213,88,FALSE,NA,TRUE,NA,-0.150301477819032,-0.150301477819032,0.150301477819032,0.150301477819032,0.0225905342345849,-0.50727200836454,0.206638459107113,1,0.87727989932563,-0.0390108006743697,0.0390108006743697,0.0390108006743697,0.0015218425692554,0.588357588548107,1.17656121289068,1,1.28438126224394,0.254762262243938,0.254762262243938,0.254762262243938,0.0649038102636493,0.864415177118936,1.704822971308,1,1.53397269597153,0.0339726959715261,0.0339726959715261,0.0339726959715261,0.00115414407157374,1.44560495604761,1.68061201314711,1,1.79323708422546,-0.00676291577453592,0.00676291577453592,0.00676291577453592,4.57370297734667e-05,1.57306870710445,2.0186116922043,1
36,"n600-b1_1-b2_2p5-b3_2p8",600,8,358,1,1,0,0.9162907,1.029619,1.5,1.8,1,1.3,0.143333333333333,204,100,184,112,FALSE,NA,TRUE,NA,0.066716341898417,0.066716341898417,0.066716341898417,0.066716341898417,0.00445107027630647,-0.268337795037565,0.393205485545153,1,1.0350371931241,0.118746493124104,0.118746493124104,0.118746493124104,0.0141007296292728,0.750872611473599,1.32564529188039,1,1.04097232826112,0.0113533282611196,0.0113533282611196,0.0113533282611196,0.000128898062604736,0.643043115306706,1.43710295497435,1,1.48782563729778,-0.0121743627022231,0.0121743627022231,0.0121743627022231,0.00014821510720528,1.38533719458209,1.58204768109758,1,1.88392745234117,0.0839274523411677,0.0839274523411677,0.0839274523411677,0.00704381725647898,1.74567082698696,2.0075065335286,1
36,"n600-b1_1-b2_2p5-b3_2p8",600,9,359,1,1,0,0.9162907,1.029619,1.5,1.8,1,1.3,0.106666666666667,213,100,189,98,FALSE,NA,TRUE,NA,-0.0635270379472165,-0.0635270379472165,0.0635270379472165,0.0635270379472165,0.00403568455034708,-0.386519200394506,0.260093620545923,1,0.957147738545458,0.0408570385454583,0.0408570385454583,0.0408570385454583,0.00166929759870507,0.683635664038983,1.24344698527387,1,1.13302612531531,0.103407125315313,0.103407125315313,0.103407125315313,0.0106930335659769,0.748274932731814,1.521699141951,1,1.59786477375788,0.0978647737578824,0.0978647737578824,0.0978647737578824,0.00957751394268151,1.49950904800853,1.92902852436546,1,1.8923419001659,0.0923419001659034,0.0923419001659034,0.0923419001659034,0.00852702652624967,1.79964142742595,2.27532370021021,1
36,"n600-b1_1-b2_2p5-b3_2p8",600,10,360,1,1,0,0.9162907,1.029619,1.5,1.8,1,1.3,0.0933333333333334,212,99,193,96,FALSE,NA,TRUE,NA,0.00440257169865116,0.00440257169865116,0.00440257169865116,0.00440257169865116,1.93826375617642e-05,-0.318874735139674,0.3299377480613,1,1.01255575085417,0.0962650508541734,0.0962650508541734,0.0962650508541734,0.00926696001595658,0.72303265612238,1.31121433857675,1,1.09373556168091,0.0641165616809141,0.0641165616809141,0.0641165616809141,0.00411093348178246,0.704586440892794,1.48096207199986,1,1.49143223513688,-0.00856776486311706,0.00856776486311706,0.00856776486311706,7.34065947496632e-05,1.37676095725359,1.58532970278573,1,1.80075082439618,0.000750824396178684,0.000750824396178684,0.000750824396178684,5.63737273897086e-07,1.62523031247351,1.99340011006375,1
37,"n600-b1_1-b2_2p5-b3_2p8",600,1,361,1,1,0,0.9162907,1.029619,1.5,1.8,1,1.3,0.108333333333333,215,107,183,95,FALSE,NA,TRUE,NA,-0.0471783770673757,-0.0471783770673757,0.0471783770673757,0.0471783770673757,0.00222579926271148,-0.381612058169591,0.285476860943962,1,0.694571928020078,-0.221718771979922,0.221718771979922,0.221718771979922,0.0491592138482846,0.411016429901001,0.994135088070297,1,1.1952964617262,0.165677461726204,0.165677461726204,0.165677461726204,0.0274490213240377,0.799606606007212,1.59391536145462,1,1.3011016962412,-0.198898303758802,0.198898303758802,0.198898303758802,0.0395605352381288,1.18867223778902,1.53851671994186,1,1.75358933514386,-0.046410664856142,0.046410664856142,0.046410664856142,0.00215394981238913,1.57753842763884,2.031607866745,1
37,"n600-b1_1-b2_2p5-b3_2p8",600,2,362,1,1,0,0.9162907,1.029619,1.5,1.8,1,1.3,0.0933333333333334,207,95,194,104,FALSE,NA,TRUE,NA,-0.0226803431692316,-0.0226803431692316,0.0226803431692316,0.0226803431692316,0.000514397966274109,-0.347097882156764,0.301184509040861,1,1.05817580523031,0.141885105230306,0.141885105230306,0.141885105230306,0.020131383086215,0.782543379037317,1.34179236395616,1,1.08769741590765,0.0580784159076462,0.0580784159076462,0.0580784159076462,0.00337310239434153,0.691579507179221,1.47400924234502,1,1.37116500293836,-0.128834997061641,0.128834997061641,0.128834997061641,0.0165984564678731,1.27525337235641,1.48661184546135,0,1.76989403849416,-0.0301059615058441,0.0301059615058441,0.0301059615058441,0.000906368918191367,1.6270657374925,1.95596910347026,1
37,"n600-b1_1-b2_2p5-b3_2p8",600,3,363,1,1,0,0.9162907,1.029619,1.5,1.8,1,1.3,0.106666666666667,208,105,180,107,FALSE,NA,TRUE,NA,0.100299879861675,0.100299879861675,0.100299879861675,0.100299879861675,0.0100600659002665,-0.2158709650945,0.412820646507445,1,0.877645666283317,-0.0386450337166833,0.0386450337166833,0.0386450337166833,0.00149343863096359,0.605658901928072,1.15584846887363,1,0.914549310031761,-0.115069689968239,0.115069689968239,0.115069689968239,0.0132410335493867,0.535202367862661,1.29467804712152,1,1.51344420023,0.0134442002300006,0.0134442002300006,0.0134442002300006,0.000180746519824348,1.42369954278412,1.7361725985886,1,1.89245672847269,0.0924567284726914,0.0924567284726914,0.0924567284726914,0.00854824663987298,1.80238460289797,2.12734822008876,0
37,"n600-b1_1-b2_2p5-b3_2p8",600,4,364,1,1,0,0.9162907,1.029619,1.5,1.8,1,1.3,0.116666666666667,182,108,207,103,FALSE,NA,TRUE,NA,-0.0389500984870498,-0.0389500984870498,0.0389500984870498,0.0389500984870498,0.00151711017215088,-0.357754621614888,0.268291197385037,1,0.917860235153868,0.00156953515386782,0.00156953515386782,0.00156953515386782,2.46344059922688e-06,0.655306216689931,1.19280307738497,1,0.930059247877208,-0.0995597521227921,0.0995597521227921,0.0995597521227921,0.00991214424275181,0.551023548775256,1.30830483763696,1,1.58126937755206,0.0812693775520605,0.0812693775520605,0.0812693775520605,0.00660471172769936,1.4405310224375,1.68295688629018,1,1.88875791623816,0.0887579162381638,0.0887579162381638,0.0887579162381638,0.00787796769494089,1.79242440722309,1.97179167813394,1
37,"n600-b1_1-b2_2p5-b3_2p8",600,5,365,1,1,0,0.9162907,1.029619,1.5,1.8,1,1.3,0.0866666666666667,205,104,187,104,FALSE,NA,TRUE,NA,-0.317410530132559,-0.317410530132559,0.317410530132559,0.317410530132559,0.100749444639032,-0.643445724847475,0.00554652297571624,1,0.806671241803132,-0.109619458196868,0.109619458196868,0.109619458196868,0.012016425615375,0.533050018858093,1.08636550759911,1,1.24056976019592,0.210950760195918,0.210950760195918,0.210950760195918,0.0445002232272356,0.844382157597671,1.64394252887813,1,1.40235518526405,-0.0976448147359539,0.0976448147359539,0.0976448147359539,0.00953450984481875,1.25484297882307,1.61222476670013,1,1.77719493305983,-0.0228050669401678,0.0228050669401678,0.0228050669401678,0.000520071078145535,1.66676970659184,2.03301409929272,1
37,"n600-b1_1-b2_2p5-b3_2p8",600,6,366,1,1,0,0.9162907,1.029619,1.5,1.8,1,1.3,0.095,198,92,226,84,FALSE,NA,TRUE,NA,0.162673442742438,0.162673442742438,0.162673442742438,0.162673442742438,0.0264626489736772,-0.185050795983912,0.513266358136566,1,1.04589883269058,0.129608132690583,0.129608132690583,0.129608132690583,0.0167982680595399,0.753649894148859,1.34505968573027,1,0.9378042660599,-0.0918147339401003,0.0918147339401003,0.0918147339401003,0.00842994536849141,0.530403546022783,1.34662349716933,1,1.38903478668191,-0.110965213318088,0.110965213318088,0.110965213318088,0.0123132785667287,1.31963718686048,1.56212534052137,1,1.80225339140552,0.00225339140552228,0.00225339140552228,0.00225339140552228,5.07777282648166e-06,1.7450131551087,1.93017256170965,1
37,"n600-b1_1-b2_2p5-b3_2p8",600,7,367,1,1,0,0.9162907,1.029619,1.5,1.8,1,1.3,0.101666666666667,206,98,190,106,FALSE,NA,TRUE,NA,-0.08839600973107,-0.08839600973107,0.08839600973107,0.08839600973107,0.00781385453637543,-0.400198555096374,0.222715369713652,1,0.85504907323978,-0.0612416267602204,0.0612416267602204,0.0612416267602204,0.00375053684823814,0.584915687450382,1.13013193025691,1,1.17312165045074,0.143502650450743,0.143502650450743,0.143502650450743,0.0205930106863881,0.800330011620703,1.55723912601908,1,1.52695829327118,0.0269582932711754,0.0269582932711754,0.0269582932711754,0.0007267495760947,1.43481992051054,1.65840665566287,1,1.72119327541683,-0.0788067245831694,0.0788067245831694,0.0788067245831694,0.00621049983952752,1.57734564322511,2.01042194435928,1
37,"n600-b1_1-b2_2p5-b3_2p8",600,8,368,1,1,0,0.9162907,1.029619,1.5,1.8,1,1.3,0.08,204,105,197,94,FALSE,NA,TRUE,NA,0.1533458202029,0.1533458202029,0.1533458202029,0.1533458202029,0.0235149405737002,-0.152666720580997,0.465640127809471,1,0.84053323655779,-0.0757574634422097,0.0757574634422097,0.0757574634422097,0.00573919326719774,0.568036920172421,1.12125458014354,1,0.820664136571737,-0.208954863428263,0.208954863428263,0.208954863428263,0.043662134950324,0.44674922904867,1.18827743776719,1,1.44342447110552,-0.0565755288944751,0.0565755288944751,0.0565755288944751,0.00320079046968959,1.20127850682062,1.54150748952773,1,1.8189313208829,0.0189313208829012,0.0189313208829012,0.0189313208829012,0.00035839491037137,1.5842884155685,2.05875482930188,1
37,"n600-b1_1-b2_2p5-b3_2p8",600,9,369,1,1,0,0.9162907,1.029619,1.5,1.8,1,1.3,0.0966666666666667,220,100,200,80,FALSE,NA,TRUE,NA,0.0700385528208879,0.0700385528208879,0.0700385528208879,0.0700385528208879,0.0049053988812443,-0.270386689295836,0.413577478859261,1,1.02245768828427,0.106166988284273,0.106166988284273,0.106166988284273,0.011271429401353,0.713097333798,1.33804317243016,1,0.956559656364152,-0.0730593436358481,0.0730593436358481,0.0730593436358481,0.00533766769250094,0.558528956727946,1.35550523919372,1,1.4642620903233,-0.0357379096767003,0.0357379096767003,0.0357379096767003,0.00127719818805999,1.33336886560141,1.58464981675793,1,1.81127067559313,0.0112706755931342,0.0112706755931342,0.0112706755931342,0.000127028128325671,1.73512832162274,2.00092555055284,1
37,"n600-b1_1-b2_2p5-b3_2p8",600,10,370,1,1,0,0.9162907,1.029619,1.5,1.8,1,1.3,0.0883333333333334,186,98,231,85,FALSE,NA,TRUE,NA,-0.249684857775598,-0.249684857775598,0.249684857775598,0.249684857775598,0.0623425282024205,-0.5873358656501,0.0866322095699983,1,0.631599802687171,-0.284690897312829,0.284690897312829,0.284690897312829,0.0810489070127838,0.354574284882003,0.921604672211941,1,1.35011020804555,0.320491208045546,0.320491208045546,0.320491208045546,0.102714614434494,0.948142640642898,1.75573354744446,1,1.46018759131168,-0.0398124086883227,0.0398124086883227,0.0398124086883227,0.00158502788556603,1.15692674180161,1.63316391881154,1,1.81662734564441,0.0166273456444084,0.0166273456444084,0.0166273456444084,0.000276468623178626,1.69850969928151,2.00369625075679,1
38,"n600-b1_1-b2_2p5-b3_2p8",600,1,371,1,1,0,0.9162907,1.029619,1.5,1.8,1,1.3,0.111666666666667,200,108,197,95,FALSE,NA,TRUE,NA,0.00618625950145439,0.00618625950145439,0.00618625950145439,0.00618625950145439,3.82698066193347e-05,-0.317166719974928,0.331727673149736,1,1.03877571364083,0.122485013640828,0.122485013640828,0.122485013640828,0.0150025785665938,0.758990278172294,1.32956643810308,1,1.10984184303162,0.0802228430316205,0.0802228430316205,0.0802228430316205,0.00643570454407603,0.719416197205357,1.49409135134565,1,1.49304464714072,-0.00695535285927606,0.00695535285927606,0.00695535285927606,4.83769333970397e-05,1.45209505244717,1.55424690139387,1,1.81216882395619,0.0121688239561872,0.0121688239561872,0.0121688239561872,0.000148080276476676,1.7603018320756,1.86232294770254,1
38,"n600-b1_1-b2_2p5-b3_2p8",600,2,372,1,1,0,0.9162907,1.029619,1.5,1.8,1,1.3,0.08,180,116,224,80,FALSE,NA,TRUE,NA,0.145127206698838,0.145127206698838,0.145127206698838,0.145127206698838,0.0210619061242071,-0.177809105668949,0.477535047772514,1,1.07318659884205,0.156895898842045,0.156895898842045,0.156895898842045,0.0246163230734534,0.782152120945057,1.37646619585884,1,0.822675103194533,-0.206943896805467,0.206943896805467,0.206943896805467,0.042825776425032,0.431436068354458,1.20112361150891,1,1.48087391753703,-0.0191260824629698,0.0191260824629698,0.0191260824629698,0.000365807030380319,1.40343163025005,1.62433028292515,1,1.794541535343,-0.00545846465700262,0.00545846465700262,0.00545846465700262,2.97948364117467e-05,1.73742704212889,1.86412483996606,1
38,"n600-b1_1-b2_2p5-b3_2p8",600,3,373,1,1,0,0.9162907,1.029619,1.5,1.8,1,1.3,0.106666666666667,192,93,211,104,FALSE,NA,TRUE,NA,-0.0419315973844553,-0.0419315973844553,0.0419315973844553,0.0419315973844553,0.00175825885921206,-0.37268056060451,0.28625992329953,1,1.15108340849076,0.234792708490759,0.234792708490759,0.234792708490759,0.0551276159604267,0.874269126772261,1.43442026629255,1,0.988817714840549,-0.0408012851594514,0.0408012851594514,0.0408012851594514,0.00166474487066287,0.599666364658285,1.37262991233225,1,1.46796448137276,-0.032035518627239,0.032035518627239,0.032035518627239,0.00102627445371617,1.26957051653671,1.57695724688552,1,1.76167798558242,-0.038322014417584,0.038322014417584,0.038322014417584,0.00146857678902151,1.5880213943497,1.86717764118573,1
38,"n600-b1_1-b2_2p5-b3_2p8",600,4,374,1,1,0,0.9162907,1.029619,1.5,1.8,1,1.3,0.0933333333333334,190,97,215,98,FALSE,NA,TRUE,NA,0.0516912251654916,0.0516912251654916,0.0516912251654916,0.0516912251654916,0.00267198275910955,-0.265839384497859,0.375515219369388,1,0.821479112836299,-0.0948115871637012,0.0948115871637012,0.0948115871637012,0.00898923706050011,0.552982262093559,1.10064199438863,1,0.927047857268634,-0.102571142731366,0.102571142731366,0.102571142731366,0.0105208393212182,0.537864232413759,1.30901513887622,1,1.54805565958445,0.0480556595844475,0.0480556595844475,0.0480556595844475,0.0023093464180963,1.40605812683863,1.78333943978522,1,1.83734987958104,0.0373498795810439,0.0373498795810439,0.0373498795810439,0.00139501350471848,1.70475315818243,2.06013267850524,1
38,"n600-b1_1-b2_2p5-b3_2p8",600,5,375,1,1,0,0.9162907,1.029619,1.5,1.8,1,1.3,0.106666666666667,213,102,183,102,FALSE,NA,TRUE,NA,0.0674382124540421,0.0674382124540421,0.0674382124540421,0.0674382124540421,0.00454791249899652,-0.253209485748412,0.389686807280804,1,1.04630238198621,0.130011681986208,0.130011681986208,0.130011681986208,0.0169030374528828,0.764911283975825,1.32780759793204,1,0.825486605022578,-0.204132394977422,0.204132394977422,0.204132394977422,0.0416700346792183,0.435074887788397,1.21460043743405,1,1.48142910087414,-0.0185708991258582,0.0185708991258582,0.0185708991258582,0.0003448782943428,1.44334742678331,1.57109813278227,1,1.74334726999611,-0.0566527300038941,0.0566527300038941,0.0566527300038941,0.00320953181689413,1.68316375970587,1.84567291990333,1
38,"n600-b1_1-b2_2p5-b3_2p8",600,6,376,1,1,0,0.9162907,1.029619,1.5,1.8,1,1.3,0.105,194,98,199,109,FALSE,NA,TRUE,NA,-0.160330727120422,-0.160330727120422,0.160330727120422,0.160330727120422,0.0257059420589631,-0.480453603536128,0.157003186976832,1,0.897834538311262,-0.0184561616887383,0.0184561616887383,0.0184561616887383,0.000340629904280852,0.637055509874157,1.1646152139779,1,1.18074681668256,0.151127816682561,0.151127816682561,0.151127816682561,0.0228396169752377,0.797467629550788,1.57083211132596,1,1.48232520583734,-0.0176747941626614,0.0176747941626614,0.0176747941626614,0.000312398348692449,1.40193243560975,1.54360829944377,1,1.81387284812435,0.0138728481243515,0.0138728481243515,0.0138728481243515,0.000192455915081324,1.77791520407618,1.97577567955625,1
38,"n600-b1_1-b2_2p5-b3_2p8",600,7,377,1,1,0,0.9162907,1.029619,1.5,1.8,1,1.3,0.111666666666667,197,103,209,91,FALSE,NA,TRUE,NA,0.127325873293326,0.127325873293326,0.127325873293326,0.127325873293326,0.0162118780099081,-0.211025412561024,0.468619811392633,1,1.11305932636175,0.196768626361749,0.196768626361749,0.196768626361749,0.0387178923202895,0.822349213519714,1.4129791032738,1,0.816004138139138,-0.213614861860863,0.213614861860863,0.213614861860863,0.0456313092078354,0.414344305739631,1.21839006800206,1,1.52330076849086,0.023300768490861,0.023300768490861,0.023300768490861,0.000542925812264703,1.47514170907679,1.6616132758958,1,1.83777379916934,0.0377737991693416,0.0377737991693416,0.0377737991693416,0.00142685990368576,1.7562890444795,2.03345159547152,1
38,"n600-b1_1-b2_2p5-b3_2p8",600,8,378,1,1,0,0.9162907,1.029619,1.5,1.8,1,1.3,0.0966666666666667,192,94,220,94,FALSE,NA,TRUE,NA,0.027038416516258,0.027038416516258,0.027038416516258,0.027038416516258,0.000731075967706654,-0.309409302825901,0.358759675292933,1,1.06470470006901,0.14841400006901,0.14841400006901,0.14841400006901,0.0220267154164842,0.788613753315954,1.34869275226852,1,1.03601895437108,0.0063999543710842,0.0063999543710842,0.0063999543710842,4.09594159519598e-05,0.646504176850812,1.42989635959296,1,1.50106335227244,0.00106335227243859,0.00106335227243859,0.00106335227243859,1.13071805530031e-06,1.4767574468559,1.5438257278141,1,1.78246650414456,-0.0175334958554372,0.0175334958554372,0.0175334958554372,0.000307423476912633,1.75645958315215,1.83060925810279,1
38,"n600-b1_1-b2_2p5-b3_2p8",600,9,379,1,1,0,0.9162907,1.029619,1.5,1.8,1,1.3,0.11,204,95,213,88,FALSE,NA,TRUE,NA,0.104724229991696,0.104724229991696,0.104724229991696,0.104724229991696,0.0109671643473535,-0.238921907917453,0.446648266552267,1,1.07115124780657,0.154860547806566,0.154860547806566,0.154860547806566,0.0239817892669497,0.780582102047787,1.36824250579833,1,1.05749807402476,0.0278790740247616,0.0278790740247616,0.0278790740247616,0.000777242768478139,0.655948800035702,1.46498730937845,1,1.5487407957305,0.0487407957304973,0.0487407957304973,0.0487407957304973,0.00237566516844206,1.49525243102083,1.65608776691905,1,1.8155232480353,0.0155232480353029,0.0155232480353029,0.0155232480353029,0.000240971229565536,1.76074035482299,1.86901616223105,1
38,"n600-b1_1-b2_2p5-b3_2p8",600,10,380,1,1,0,0.9162907,1.029619,1.5,1.8,1,1.3,0.0983333333333334,210,101,189,100,FALSE,NA,TRUE,NA,-0.136953073240554,-0.136953073240554,0.136953073240554,0.136953073240554,0.0187561442700326,-0.457615686150468,0.178846286160656,1,0.799233928116054,-0.117056771883946,0.117056771883946,0.117056771883946,0.0137022878438901,0.517065151680057,1.0851465824932,1,1.08280596198952,0.0531869619895238,0.0531869619895238,0.0531869619895238,0.00282885292567505,0.705044851464808,1.46043180139612,1,1.29907859458755,-0.200921405412446,0.200921405412446,0.200921405412446,0.0403694111529125,1.24557383178949,1.45175582983771,0,1.68253705476469,-0.117462945235308,0.117462945235308,0.117462945235308,0.013797543503353,1.61618361217098,1.80133732339372,1
39,"n600-b1_1-b2_2p5-b3_2p8",600,1,381,1,1,0,0.9162907,1.029619,1.5,1.8,1,1.3,0.11,185,85,226,104,FALSE,NA,TRUE,NA,0.0142161437359306,0.0142161437359306,0.0142161437359306,0.0142161437359306,0.000202098742720639,-0.332010631478151,0.353959737124485,1,0.937286688917786,0.0209959889177855,0.0209959889177855,0.0209959889177855,0.000440831550635773,0.666833897513721,1.21192660744299,1,0.966594826944745,-0.063024173055255,0.063024173055255,0.063024173055255,0.00397204638929873,0.564006879010893,1.37022442528536,1,1.56030674377878,0.0603067437787759,0.0603067437787759,0.0603067437787759,0.00363690334519892,1.44607548225559,1.69183857664287,1,1.81304998144804,0.0130499814480405,0.0130499814480405,0.0130499814480405,0.000170302015794201,1.72685679782839,1.91253983378779,1
39,"n600-b1_1-b2_2p5-b3_2p8",600,2,382,1,1,0,0.9162907,1.029619,1.5,1.8,1,1.3,0.0766666666666667,211,105,199,85,FALSE,NA,TRUE,NA,0.086975798675266,0.086975798675266,0.086975798675266,0.086975798675266,0.00756478955520041,-0.234075671111511,0.412239657059346,1,0.851209413161692,-0.0650812868383083,0.0650812868383083,0.0650812868383083,0.00423557389653016,0.569348562386186,1.14521991369776,1,1.10200402970312,0.0723850297031186,0.0723850297031186,0.0723850297031186,0.00523959252512135,0.713192700295006,1.48305721427602,1,1.49389636384176,-0.0061036361582385,0.0061036361582385,0.0061036361582385,3.72543743521565e-05,1.41835855747929,1.63145178222516,1,1.7287096407083,-0.071290359291704,0.071290359291704,0.071290359291704,0.00508231532794025,1.56595957424507,1.82472926332418,1
39,"n600-b1_1-b2_2p5-b3_2p8",600,3,383,1,1,0,0.9162907,1.029619,1.5,1.8,1,1.3,0.0966666666666667,207,101,201,91,FALSE,NA,TRUE,NA,-0.0202787519789227,-0.0202787519789227,0.0202787519789227,0.0202787519789227,0.000411227781822661,-0.3371799489247,0.299959928502423,1,0.859049512405154,-0.0572411875948461,0.0572411875948461,0.0572411875948461,0.00327655355726836,0.576473461575979,1.14981872805722,1,1.09060808792911,0.0609890879291146,0.0609890879291146,0.0609890879291146,0.00371966884642527,0.707842606961583,1.47638885059134,1,1.49950778092373,-0.00049221907626551,0.00049221907626551,0.00049221907626551,2.42279619039672e-07,1.37999339780942,1.69289371835639,1,1.85091612733294,0.0509161273329437,0.0509161273329437,0.0509161273329437,0.00259245202258454,1.78574986037032,2.00010702278573,1
39,"n600-b1_1-b2_2p5-b3_2p8",600,4,384,1,1,0,0.9162907,1.029619,1.5,1.8,1,1.3,0.0816666666666667,198,98,190,114,FALSE,NA,TRUE,NA,0.169641547884586,0.169641547884586,0.169641547884586,0.169641547884586,0.0287782547686782,-0.13412547276909,0.46898749537918,1,0.833722169963328,-0.0825685300366722,0.0825685300366722,0.0825685300366722,0.00681756215241684,0.571139541883876,1.10305666499692,1,0.884361763723582,-0.145257236276418,0.145257236276418,0.145257236276418,0.0210996646906632,0.513018526187982,1.25683653298505,1,1.56038216846191,0.0603821684619055,0.0603821684619055,0.0603821684619055,0.00364600626816193,1.47281730463045,1.68165642074184,1,1.79793176703403,-0.00206823296597181,0.00206823296597181,0.00206823296597181,4.27758760153253e-06,1.64643903494349,1.95751605771573,1
39,"n600-b1_1-b2_2p5-b3_2p8",600,5,385,1,1,0,0.9162907,1.029619,1.5,1.8,1,1.3,0.106666666666667,206,103,195,96,FALSE,NA,TRUE,NA,-0.106365546239833,-0.106365546239833,0.106365546239833,0.106365546239833,0.011313629426898,-0.430943121279159,0.220062354717361,1,0.801231602113402,-0.115059097886598,0.115059097886598,0.115059097886598,0.0132385960064777,0.526325341033866,1.08440021705619,1,1.13525563176788,0.105636631767884,0.105636631767884,0.105636631767884,0.0111590979712635,0.748094040243888,1.52215792268594,1,1.52548874022101,0.0254887402210149,0.0254887402210149,0.0254887402210149,0.000649675878054382,1.47189459709716,1.69115247710946,1,1.83984972307004,0.0398497230700441,0.0398497230700441,0.0398497230700441,0.0015880004287592,1.79555575465008,1.95947061606056,1
39,"n600-b1_1-b2_2p5-b3_2p8",600,6,386,1,1,0,0.9162907,1.029619,1.5,1.8,1,1.3,0.1,182,99,206,113,FALSE,NA,TRUE,NA,-0.0336024352467966,-0.0336024352467966,0.0336024352467966,0.0336024352467966,0.00112912365451516,-0.349111478428943,0.284199109763141,1,0.855871964328772,-0.0604187356712281,0.0604187356712281,0.0604187356712281,0.00365042362010973,0.59491666223353,1.12065173290195,1,1.15334700346855,0.12372800346855,0.12372800346855,0.12372800346855,0.0153086188423135,0.766886891821549,1.54255366485705,1,1.52117743848199,0.0211774384819923,0.0211774384819923,0.0211774384819923,0.000448483900658567,1.46187440571801,1.64670474315425,1,1.84687170176448,0.0468717017644764,0.0468717017644764,0.0468717017644764,0.00219695642629802,1.79487092399745,2.01884206568556,1
39,"n600-b1_1-b2_2p5-b3_2p8",600,7,387,1,1,0,0.9162907,1.029619,1.5,1.8,1,1.3,0.0783333333333334,223,84,196,97,FALSE,NA,TRUE,NA,0.15375470637213,0.15375470637213,0.15375470637213,0.15375470637213,0.0236405097315798,-0.181761362239869,0.484725310162664,1,0.914452226285994,-0.00183847371400581,0.00183847371400581,0.00183847371400581,3.3799855970903e-06,0.635251760528344,1.20293839422396,1,0.871267986256669,-0.158351013743331,0.158351013743331,0.158351013743331,0.0250750435535407,0.477254572398332,1.26515250052779,1,1.42476474662092,-0.0752352533790781,0.0752352533790781,0.0752352533790781,0.00566034335101408,1.37425852036038,1.50865924145153,1,1.76350262486392,-0.0364973751360782,0.0364973751360782,0.0364973751360782,0.00133205839182362,1.7237444825058,1.83796974636494,1
39,"n600-b1_1-b2_2p5-b3_2p8",600,8,388,1,1,0,0.9162907,1.029619,1.5,1.8,1,1.3,0.105,189,104,218,89,FALSE,NA,TRUE,NA,-0.266944132051173,-0.266944132051173,0.266944132051173,0.266944132051173,0.0712591696365543,-0.604340752479824,0.0798047510620308,1,0.685842452131853,-0.230448247868147,0.230448247868147,0.230448247868147,0.0531063949454989,0.400940795000425,0.979708379510895,1,1.14845981644647,0.118840816446467,0.118840816446467,0.118840816446467,0.0141231396536629,0.751658291152261,1.5446629568744,1,1.265112349398,-0.234887650601997,0.234887650601997,0.234887650601997,0.0551722084053258,1.19087418524801,1.51926257481348,1,1.69780172859707,-0.102198271402933,0.102198271402933,0.102198271402933,0.0104444866777476,1.53464426236849,1.85014715787975,1
39,"n600-b1_1-b2_2p5-b3_2p8",600,9,389,1,1,0,0.9162907,1.029619,1.5,1.8,1,1.3,0.0783333333333334,199,110,199,92,FALSE,NA,TRUE,NA,-0.0724815243899073,-0.0724815243899073,0.0724815243899073,0.0724815243899073,0.00525357137788472,-0.380517311574932,0.240356707013481,1,0.949440800734243,0.033150100734243,0.033150100734243,0.033150100734243,0.00109892917869046,0.68054448645788,1.22957171025945,1,1.03551938849664,0.00590038849664443,0.00590038849664443,0.00590038849664443,3.48145844113339e-05,0.657176528437865,1.41077476589762,1,1.54460660239857,0.0446066023985694,0.0446066023985694,0.0446066023985694,0.00198974897754406,1.49338896664012,1.63373338429106,1,1.847013289788,0.047013289787996,0.047013289787996,0.047013289787996,0.00221024941669009,1.77861166494679,1.97101373768306,1
39,"n600-b1_1-b2_2p5-b3_2p8",600,10,390,1,1,0,0.9162907,1.029619,1.5,1.8,1,1.3,0.0933333333333334,210,101,186,103,FALSE,NA,TRUE,NA,-0.0237025985018467,-0.0237025985018467,0.0237025985018467,0.0237025985018467,0.000561813175739746,-0.334832244749611,0.290709106685641,1,0.825329427757437,-0.0909612722425629,0.0909612722425629,0.0909612722425629,0.00827395304798564,0.555468278511815,1.09862696269431,1,1.07666977844368,0.0470507784436818,0.0470507784436818,0.0470507784436818,0.00221377575215643,0.697344652337223,1.45154198966536,1,1.46706943944277,-0.0329305605572294,0.0329305605572294,0.0329305605572294,0.00108442181861335,1.39970573061576,1.58227869662075,1,1.82573238010604,0.0257323801060354,0.0257323801060354,0.0257323801060354,0.000662155385921486,1.71983486207736,1.99311138901217,1
40,"n600-b1_1-b2_2p5-b3_2p8",600,1,391,1,1,0,0.9162907,1.029619,1.5,1.8,1,1.3,0.09,206,106,186,102,FALSE,NA,TRUE,NA,0.0538126880628954,0.0538126880628954,0.0538126880628954,0.0538126880628954,0.00289580539655448,-0.262639900652798,0.364934614068065,1,1.03994965784016,0.123658957840162,0.123658957840162,0.123658957840162,0.0152915378541149,0.768283229308553,1.32008544068572,1,0.814634958879711,-0.214984041120289,0.214984041120289,0.214984041120289,0.0462181379364101,0.44209522159826,1.19445121592128,1,1.47202986809408,-0.0279701319059207,0.0279701319059207,0.0279701319059207,0.000782328278834602,1.40008105222248,1.53698717328329,1,1.78979932423507,-0.0102006757649342,0.0102006757649342,0.0102006757649342,0.000104053786061316,1.75941117649448,1.84019486924463,1
40,"n600-b1_1-b2_2p5-b3_2p8",600,2,392,1,1,0,0.9162907,1.029619,1.5,1.8,1,1.3,0.13,199,101,190,110,FALSE,NA,TRUE,NA,-0.152353094487973,-0.152353094487973,0.152353094487973,0.152353094487973,0.0232114654000613,-0.482364854661371,0.171707332501139,1,1.05464221086804,0.138351510868043,0.138351510868043,0.138351510868043,0.0191411405594703,0.788256574194551,1.32786077998077,1,1.00740605262297,-0.0222129473770323,0.0222129473770323,0.0222129473770323,0.000493415031174805,0.619718108133628,1.39830579871401,1,1.56275616631756,0.0627561663175633,0.0627561663175633,0.0627561663175633,0.00393833641087767,1.40899181874175,1.84905197351709,1,1.81608415763125,0.0160841576312487,0.0160841576312487,0.0160841576312487,0.000258700126706856,1.69611626459376,2.02721392564518,1
40,"n600-b1_1-b2_2p5-b3_2p8",600,3,393,1,1,0,0.9162907,1.029619,1.5,1.8,1,1.3,0.13,196,115,179,110,FALSE,NA,TRUE,NA,-0.000286332972800832,-0.000286332972800832,0.000286332972800832,0.000286332972800832,8.1986571312962e-08,-0.313623335684181,0.312626483851273,1,0.858773273171955,-0.0575174268280447,0.0575174268280447,0.0575174268280447,0.00330825438891948,0.588411584295054,1.13715344427421,1,1.04999788345626,0.0203788834562622,0.0203788834562622,0.0203788834562622,0.000415298890923915,0.664494464207701,1.4348925927002,1,1.4442275350743,-0.0557724649257048,0.0557724649257048,0.0557724649257048,0.00311056784388897,1.35087873993971,1.55296694283054,1,1.72322708590268,-0.0767729140973179,0.0767729140973179,0.0767729140973179,0.00589408033899415,1.68020113901161,1.82842866439633,1
40,"n600-b1_1-b2_2p5-b3_2p8",600,4,394,1,1,0,0.9162907,1.029619,1.5,1.8,1,1.3,0.1,196,104,199,101,FALSE,NA,TRUE,NA,-0.19557725611931,-0.19557725611931,0.19557725611931,0.19557725611931,0.038250463111158,-0.506448626495744,0.11667189466421,1,0.640407730596638,-0.275882969403362,0.275882969403362,0.275882969403362,0.0761114128068164,0.372390109707786,0.910099242757262,0,1.29218928440256,0.262570284402559,0.262570284402559,0.262570284402559,0.0689431542512406,0.908644340588902,1.67322052046764,1,1.62435187287848,0.124351872878482,0.124351872878482,0.124351872878482,0.0154633882883863,1.45791683938934,1.81676308113165,1,1.86590438489172,0.0659043848917162,0.0659043848917162,0.0659043848917162,0.00434338794795548,1.67152483745989,2.06628040256906,1
40,"n600-b1_1-b2_2p5-b3_2p8",600,5,395,1,1,0,0.9162907,1.029619,1.5,1.8,1,1.3,0.13,184,111,185,120,FALSE,NA,TRUE,NA,0.0886130602640018,0.0886130602640018,0.0886130602640018,0.0886130602640018,0.00785227444935162,-0.210072269707019,0.388431053459207,1,1.02477829150924,0.108487591509237,0.108487591509237,0.108487591509237,0.0117695575114752,0.752593748018936,1.29791323387209,1,1.0570845115483,0.0274655115482985,0.0274655115482985,0.0274655115482985,0.000754354324609716,0.681330369996704,1.43528798629636,1,1.65100244555148,0.151002445551477,0.151002445551477,0.151002445551477,0.0228017385625267,1.44053934659481,1.87972348717298,1,1.96871550020764,0.168715500207643,0.168715500207643,0.168715500207643,0.0284649200103153,1.808731655556,2.33174542896024,0
40,"n600-b1_1-b2_2p5-b3_2p8",600,6,396,1,1,0,0.9162907,1.029619,1.5,1.8,1,1.3,0.105,185,101,216,98,FALSE,NA,TRUE,NA,-0.0475529271491622,-0.0475529271491622,0.0475529271491622,0.0475529271491622,0.00226128088045353,-0.37178743157595,0.277316142939525,1,1.0249146419683,0.108623941968297,0.108623941968297,0.108623941968297,0.0117991607687321,0.745423977618178,1.31144967516978,1,0.760803272568692,-0.268815727431308,0.268815727431308,0.268815727431308,0.0722618953144233,0.373974640759254,1.1531369382965,1,1.58781521150049,0.0878152115004913,0.0878152115004913,0.0878152115004913,0.00771151137087602,1.45302129919033,1.82270726219241,1,1.8233773874467,0.0233773874466978,0.0233773874466978,0.0233773874466978,0.000546502243833025,1.70046367728634,1.93506102088281,1
40,"n600-b1_1-b2_2p5-b3_2p8",600,7,397,1,1,0,0.9162907,1.029619,1.5,1.8,1,1.3,0.123333333333333,195,94,218,93,FALSE,NA,TRUE,NA,0.0795712349638831,0.0795712349638831,0.0795712349638831,0.0795712349638831,0.0063315814336775,-0.263863903678257,0.422751946067806,1,0.939444191911079,0.0231534919110788,0.0231534919110788,0.0231534919110788,0.000536084187676394,0.654389378764289,1.23463075509101,1,0.969934792924401,-0.0596842070755994,0.0596842070755994,0.0596842070755994,0.00356220457424303,0.567584750344228,1.37063850973396,1,1.56629480874714,0.0662948087471429,0.0662948087471429,0.0662948087471429,0.00439500166682025,1.47265265013366,1.68931258897806,1,1.84057699315911,0.0405769931591136,0.0405769931591136,0.0405769931591136,0.00164649237383475,1.78184900980988,1.921997992194,1
40,"n600-b1_1-b2_2p5-b3_2p8",600,8,398,1,1,0,0.9162907,1.029619,1.5,1.8,1,1.3,0.0916666666666667,199,101,207,93,FALSE,NA,TRUE,NA,0.0613618182482896,0.0613618182482896,0.0613618182482896,0.0613618182482896,0.00376527273873612,-0.254626006598094,0.378821378071767,1,0.723355963667805,-0.192934736332195,0.192934736332195,0.192934736332195,0.0372238124835736,0.452872624978588,1.00321178668702,1,1.07741489372284,0.0477958937228429,0.0477958937228429,0.0477958937228429,0.00228444745676529,0.696285689211021,1.45528682726145,1,1.46226945011055,-0.0377305498894465,0.0377305498894465,0.0377305498894465,0.00142359439496001,1.39721393876676,1.51863317774675,1,1.80756866920412,0.0075686692041157,0.0075686692041157,0.0075686692041157,5.72847535213293e-05,1.76353333483823,1.90995512481136,1
40,"n600-b1_1-b2_2p5-b3_2p8",600,9,399,1,1,0,0.9162907,1.029619,1.5,1.8,1,1.3,0.085,194,91,194,121,FALSE,NA,TRUE,NA,-0.193640182810286,-0.193640182810286,0.193640182810286,0.193640182810286,0.037496520398801,-0.502769146239578,0.109887095252163,1,0.827199573539729,-0.0890911264602706,0.0890911264602706,0.0890911264602706,0.00793722881395993,0.577969348370652,1.08300922110097,1,1.26477279109254,0.23515379109254,0.23515379109254,0.23515379109254,0.0552973054651941,0.891974251093774,1.63930671431767,1,1.5113080998481,0.0113080998480959,0.0113080998480959,0.0113080998480959,0.000127873122174506,1.46389472366146,1.63101528431606,1,1.79235837434499,-0.00764162565501247,0.00764162565501247,0.00764162565501247,5.83944426513448e-05,1.73379541632114,1.89171777730691,1
40,"n600-b1_1-b2_2p5-b3_2p8",600,10,400,1,1,0,0.9162907,1.029619,1.5,1.8,1,1.3,0.0916666666666667,211,89,202,98,FALSE,NA,TRUE,NA,0.218756343487841,0.218756343487841,0.218756343487841,0.218756343487841,0.0478543378161703,-0.104572146651947,0.54316817749047,1,0.920938532152543,0.00464783215254305,0.00464783215254305,0.00464783215254305,2.1602343718213e-05,0.634724403312352,1.2142877578968,1,0.782756997922748,-0.246862002077253,0.246862002077253,0.246862002077253,0.0609408480695894,0.391768276031659,1.17225984709512,1,1.57923026752091,0.07923026752091,0.07923026752091,0.07923026752091,0.00627743529143497,1.46941571631629,1.73790124881551,1,1.91063495102258,0.110634951022577,0.110634951022577,0.110634951022577,0.012240092387768,1.80468836419106,2.07396064658434,0
41,"n600-b1_1-b2_2p5-b3_2p8",600,1,401,1,1,0,0.9162907,1.029619,1.5,1.8,1,1.3,0.085,206,94,199,101,FALSE,NA,TRUE,NA,0.0927416302733745,0.0927416302733745,0.0927416302733745,0.0927416302733745,0.00860100998576329,-0.219502402307528,0.402167295777053,1,0.973860854706445,0.0575701547064452,0.0575701547064452,0.0575701547064452,0.00331432271292404,0.70488734802247,1.25393330104395,1,0.795605528282054,-0.234013471717946,0.234013471717946,0.234013471717946,0.0547623049454858,0.421912979114476,1.17268601755035,1,1.51094350124458,0.0109435012445767,0.0109435012445767,0.0109435012445767,0.000119760219490051,1.42635384227107,1.59211290204015,1,1.82633651697877,0.0263365169787733,0.0263365169787733,0.0263365169787733,0.000693612126573212,1.71223007513667,1.95719900343875,1
41,"n600-b1_1-b2_2p5-b3_2p8",600,2,402,1,1,0,0.9162907,1.029619,1.5,1.8,1,1.3,0.113333333333333,201,101,186,112,FALSE,NA,TRUE,NA,0.33684101770693,0.33684101770693,0.33684101770693,0.33684101770693,0.11346187120984,0.0112725776370803,0.661984992939259,0,1.07889435268852,0.162603652688517,0.162603652688517,0.162603652688517,0.0264399478676478,0.805607681413802,1.3612747020074,1,0.861158953761023,-0.168460046238977,0.168460046238977,0.168460046238977,0.0283787871788384,0.468864765836177,1.25868949816483,1,1.50862602121306,0.00862602121305645,0.00862602121305645,0.00862602121305645,7.44082419680998e-05,1.44979106464045,1.62318114666399,1,1.80186404667444,0.00186404667443529,0.00186404667443529,0.00186404667443529,3.47467000447328e-06,1.74569391687149,1.90862976974728,1
41,"n600-b1_1-b2_2p5-b3_2p8",600,3,403,1,1,0,0.9162907,1.029619,1.5,1.8,1,1.3,0.0933333333333334,231,103,172,94,FALSE,NA,TRUE,NA,0.26714647276966,0.26714647276966,0.26714647276966,0.26714647276966,0.0713672379132706,-0.0557326060471326,0.591595764235328,1,1.18633056017043,0.270039860170428,0.270039860170428,0.270039860170428,0.0729215260808644,0.889000370705669,1.49786139795909,1,0.661802696668632,-0.367816303331368,0.367816303331368,0.367816303331368,0.135288832996353,0.275698911165438,1.0449006968058,1,1.36635729786478,-0.133642702135217,0.133642702135217,0.133642702135217,0.0178603718340024,1.18143359403753,1.4822365257933,0,1.66995036184075,-0.130049638159249,0.130049638159249,0.130049638159249,0.0169129083853516,1.54763093235914,1.78280204674071,0
41,"n600-b1_1-b2_2p5-b3_2p8",600,4,404,1,1,0,0.9162907,1.029619,1.5,1.8,1,1.3,0.095,199,119,184,98,FALSE,NA,TRUE,NA,0.214351488762573,0.214351488762573,0.214351488762573,0.214351488762573,0.0459465607347317,-0.0813221107293649,0.520133903441451,1,1.05238048978467,0.136089789784665,0.136089789784665,0.136089789784665,0.0185204308836343,0.777512127521598,1.33792523136641,1,0.761490313542044,-0.268128686457956,0.268128686457956,0.268128686457956,0.0718929925016687,0.381614554387963,1.13361933814439,1,1.65285394272505,0.152853942725047,0.152853942725047,0.152853942725047,0.0233643278065921,1.37188679285593,1.83538876527151,1,2.18181325326012,0.381813253260123,0.381813253260123,0.381813253260123,0.145781360365079,1.74523250420403,2.69472765642237,1
41,"n600-b1_1-b2_2p5-b3_2p8",600,5,405,1,1,0,0.9162907,1.029619,1.5,1.8,1,1.3,0.11,204,112,195,89,FALSE,NA,TRUE,NA,-0.0850341410651943,-0.0850341410651943,0.0850341410651943,0.0850341410651943,0.00723080514669536,-0.404678522382122,0.231010048141191,1,1.05450936503601,0.138218665036007,0.138218665036007,0.138218665036007,0.019104399364336,0.768266155720135,1.34562487631638,1,1.17468171137512,0.145062711375119,0.145062711375119,0.145062711375119,0.021043190231501,0.789235038565546,1.56082575777273,1,1.534062918496,0.0340629184960044,0.0340629184960044,0.0340629184960044,0.00116028241646544,1.49754013643491,1.58975401676051,1,1.85392507428843,0.0539250742884341,0.0539250742884341,0.0539250742884341,0.00290791363701313,1.81513329453601,1.93559085314635,0
41,"n600-b1_1-b2_2p5-b3_2p8",600,6,406,1,1,0,0.9162907,1.029619,1.5,1.8,1,1.3,0.105,191,99,204,106,FALSE,NA,TRUE,NA,0.0318056788438829,0.0318056788438829,0.0318056788438829,0.0318056788438829,0.00101160120672022,-0.288330343383368,0.353833619857599,1,0.88410919139602,-0.0321815086039799,0.0321815086039799,0.0321815086039799,0.00103564949602804,0.613100668961415,1.16119889629137,1,0.913340027209076,-0.116278972790924,0.116278972790924,0.116278972790924,0.0135207995133125,0.525802911373243,1.29847225369723,1,1.39896785618758,-0.101032143812423,0.101032143812423,0.101032143812423,0.0102074940833341,1.21615672583578,1.51517709612685,1,1.6332031519102,-0.1667968480898,0.1667968480898,0.1667968480898,0.0278211885326917,1.50808534881802,1.79312527399282,0
41,"n600-b1_1-b2_2p5-b3_2p8",600,7,407,1,1,0,0.9162907,1.029619,1.5,1.8,1,1.3,0.0833333333333334,202,92,222,84,FALSE,NA,TRUE,NA,-0.130084601185276,-0.130084601185276,0.130084601185276,0.130084601185276,0.0169220034655324,-0.480597792007135,0.220697085427542,1,0.695457022532612,-0.220833677467388,0.220833677467388,0.220833677467388,0.0487675131037704,0.414521232824097,0.984223133742437,1,1.05600557216937,0.026386572169367,0.026386572169367,0.026386572169367,0.000696251190849214,0.651270862497389,1.46682784527477,1,1.47272392383705,-0.0272760761629549,0.0272760761629549,0.0272760761629549,0.000743984330847317,1.33791310482511,1.7492857751023,1,1.47992116773252,-0.320078832267478,0.320078832267478,0.320078832267478,0.102450458865713,1.39473589234845,1.70473120567487,0
41,"n600-b1_1-b2_2p5-b3_2p8",600,8,408,1,1,0,0.9162907,1.029619,1.5,1.8,1,1.3,0.105,220,109,166,105,FALSE,NA,TRUE,NA,-0.0660252406659899,-0.0660252406659899,0.0660252406659899,0.0660252406659899,0.00435933240500188,-0.376743067455117,0.246607171246973,1,1.12665231901943,0.21036161901943,0.21036161901943,0.21036161901943,0.0442520107564758,0.840578291393723,1.41680389798424,1,0.966277762063394,-0.0633412379366065,0.0633412379366065,0.0633412379366065,0.0040121124233418,0.582390754357235,1.34997671768478,1,1.55864558425206,0.0586455842520621,0.0586455842520621,0.0586455842520621,0.00343930455226572,1.45337677326,1.70441140086256,1,1.83019830403912,0.0301983040391209,0.0301983040391209,0.0301983040391209,0.000911937566839188,1.76599391991977,1.92186268852796,1
41,"n600-b1_1-b2_2p5-b3_2p8",600,9,409,1,1,0,0.9162907,1.029619,1.5,1.8,1,1.3,0.108333333333333,180,105,205,110,FALSE,NA,TRUE,NA,0.0714780597222603,0.0714780597222603,0.0714780597222603,0.0714780597222603,0.005109113021659,-0.24358317986885,0.386470518591374,1,1.00826542516077,0.091974725160767,0.091974725160767,0.091974725160767,0.00845935006839862,0.745784813815947,1.28318814303818,1,0.941053995735819,-0.088565004264181,0.088565004264181,0.088565004264181,0.0078437599803144,0.563147821537844,1.3181775843068,1,1.50880873133424,0.00880873133424065,0.00880873133424065,0.00880873133424065,7.7593747718833e-05,1.48130465514833,1.55819824269098,1,1.80899353037999,0.00899353037999107,0.00899353037999107,0.00899353037999107,8.08835886958223e-05,1.74981929222151,1.86691449399569,1
41,"n600-b1_1-b2_2p5-b3_2p8",600,10,410,1,1,0,0.9162907,1.029619,1.5,1.8,1,1.3,0.101666666666667,200,98,190,112,FALSE,NA,TRUE,NA,0.0558105208347769,0.0558105208347769,0.0558105208347769,0.0558105208347769,0.00311481423584906,-0.260306605492472,0.365958571105004,1,1.00326987329466,0.0869791732946623,0.0869791732946623,0.0869791732946623,0.0075653765870229,0.729890519550775,1.28276300485278,1,1.02217362884552,-0.00744537115447619,0.00744537115447619,0.00744537115447619,5.54335516279061e-05,0.642255559972951,1.40719748624057,1,1.61190793297798,0.111907932977984,0.111907932977984,0.111907932977984,0.0125233854634049,1.46546344908529,1.80479999603886,1,1.74822983469042,-0.0517701653095841,0.0517701653095841,0.0517701653095841,0.00268015001618167,1.63865084980718,1.89942187959456,1
42,"n600-b1_1-b2_2p5-b3_2p8",600,1,411,1,1,0,0.9162907,1.029619,1.5,1.8,1,1.3,0.123333333333333,188,111,207,94,FALSE,NA,TRUE,NA,0.217598934263089,0.217598934263089,0.217598934263089,0.217598934263089,0.0473492961924321,-0.105131987230746,0.543349328717757,1,0.895921723629759,-0.0203689763702413,0.0203689763702413,0.0203689763702413,0.000414895198371447,0.606809572743357,1.18971374241764,1,0.808651786095722,-0.220967213904278,0.220967213904278,0.220967213904278,0.0488265096206191,0.420448691160977,1.20127260114492,1,1.52508581505627,0.0250858150562745,0.0250858150562745,0.0250858150562745,0.000629298117037608,1.35072028181854,1.90054264918733,1,1.84991694282934,0.0499169428293353,0.0499169428293353,0.0499169428293353,0.00249170118142713,1.77189822569087,2.05870280080212,1
42,"n600-b1_1-b2_2p5-b3_2p8",600,2,412,1,1,0,0.9162907,1.029619,1.5,1.8,1,1.3,0.103333333333333,205,97,192,106,FALSE,NA,TRUE,NA,-0.10520517747185,-0.10520517747185,0.10520517747185,0.10520517747185,0.0110681293668834,-0.431402363170269,0.216926558360956,1,0.907393184752876,-0.00889751524712368,0.00889751524712368,0.00889751524712368,7.91657775727983e-05,0.641488874243195,1.18605419212126,1,1.12953640530675,0.0999174053067464,0.0999174053067464,0.0999174053067464,0.00998348788323264,0.744172926126508,1.51746998551178,1,1.48835377992816,-0.0116462200718432,0.0116462200718432,0.0116462200718432,0.000135634441961804,1.43025800663099,1.54035362507685,1,1.796735353966,-0.00326464603400156,0.00326464603400156,0.00326464603400156,1.06579137273221e-05,1.73189379556834,1.85810868323217,1
42,"n600-b1_1-b2_2p5-b3_2p8",600,3,413,1,1,0,0.9162907,1.029619,1.5,1.8,1,1.3,0.0933333333333334,194,114,201,91,FALSE,NA,TRUE,NA,0.181420735275785,0.181420735275785,0.181420735275785,0.181420735275785,0.0329134831880065,-0.138293961344536,0.502296484595208,1,1.10104363171164,0.184752931711645,0.184752931711645,0.184752931711645,0.0341336457760477,0.814496840052238,1.39472226895212,1,0.929913531054,-0.0997054689460002,0.0997054689460002,0.0997054689460002,0.00994118053774181,0.550106418618538,1.31241979847366,1,1.51175482769307,0.0117548276930697,0.0117548276930697,0.0117548276930697,0.000138175974093758,1.42624411655929,1.66939805220108,1,1.79540164262266,-0.00459835737733694,0.00459835737733694,0.00459835737733694,2.1144890569709e-05,1.69403631365656,1.96757968245374,1
42,"n600-b1_1-b2_2p5-b3_2p8",600,4,414,1,1,0,0.9162907,1.029619,1.5,1.8,1,1.3,0.0916666666666667,223,87,203,87,FALSE,NA,TRUE,NA,-0.0618247701670175,-0.0618247701670175,0.0618247701670175,0.0618247701670175,0.00382230220620454,-0.398568236661862,0.278558098879732,1,0.869953569548949,-0.0463371304510508,0.0463371304510508,0.0463371304510508,0.0021471296584377,0.585872215427015,1.15961766666909,1,1.24830918041644,0.218690180416436,0.218690180416436,0.218690180416436,0.0478253950105735,0.852060956268567,1.64487814409165,1,1.52048511949472,0.0204851194947213,0.0204851194947213,0.0204851194947213,0.000419640120713011,1.4644953052429,1.61294791233836,1,1.81884044078825,0.0188404407882485,0.0188404407882485,0.0188404407882485,0.000354962209095499,1.75240698632235,1.97201182333933,1
42,"n600-b1_1-b2_2p5-b3_2p8",600,5,415,1,1,0,0.9162907,1.029619,1.5,1.8,1,1.3,0.11,185,104,216,95,FALSE,NA,TRUE,NA,-0.23603972748574,-0.23603972748574,0.23603972748574,0.23603972748574,0.0557147529515425,-0.568479062466509,0.0913776794161549,1,0.87083313494493,-0.0454575650550699,0.0454575650550699,0.0454575650550699,0.00206639022073591,0.596703643030999,1.14785982803124,1,1.15391494053902,0.124295940539024,0.124295940539024,0.124295940539024,0.0154494808344806,0.758673389674633,1.54644216360823,1,1.48569140344491,-0.0143085965550924,0.0143085965550924,0.0143085965550924,0.000204735935376403,1.41698290216944,1.58246232929515,1,1.7980727480102,-0.00192725198980326,0.00192725198980326,0.00192725198980326,3.71430023220062e-06,1.72728210459184,1.96207160186811,1
42,"n600-b1_1-b2_2p5-b3_2p8",600,6,416,1,1,0,0.9162907,1.029619,1.5,1.8,1,1.3,0.1,205,99,211,85,FALSE,NA,TRUE,NA,0.187956599686183,0.187956599686183,0.187956599686183,0.187956599686183,0.0353276833655921,-0.152158310996057,0.536752089557573,1,1.23128558622256,0.314994886222558,0.314994886222558,0.314994886222558,0.0992217783463624,0.925988173735386,1.54716087719861,0,0.716078257289794,-0.313540742710206,0.313540742710206,0.313540742710206,0.0983077973392679,0.313884915534258,1.11383260649785,1,1.39462726370763,-0.10537273629237,0.10537273629237,0.10537273629237,0.0111034135537413,1.28193381604311,1.59883002673022,1,1.73431683941953,-0.0656831605804673,0.0656831605804673,0.0656831605804673,0.00431427758383945,1.62515475198272,1.93644403853217,1
42,"n600-b1_1-b2_2p5-b3_2p8",600,7,417,1,1,0,0.9162907,1.029619,1.5,1.8,1,1.3,0.11,198,131,175,96,FALSE,NA,TRUE,NA,0.206904519896514,0.206904519896514,0.206904519896514,0.206904519896514,0.0428094803536071,-0.0946724396270143,0.515260581059655,1,0.86238354420082,-0.0539071557991797,0.0539071557991797,0.0539071557991797,0.00290598144635703,0.572922374982166,1.15614265739082,1,1.07112499929769,0.0415059992976938,0.0415059992976938,0.0415059992976938,0.00172274797770016,0.686287197779657,1.44940248085485,1,1.43616572670775,-0.0638342732922528,0.0638342732922528,0.0638342732922528,0.00407481444675002,1.40371061762706,1.47799467156368,0,1.78891702245419,-0.0110829775458066,0.0110829775458066,0.0110829775458066,0.000122832391280852,1.75437817256617,1.84725484427698,1
42,"n600-b1_1-b2_2p5-b3_2p8",600,8,418,1,1,0,0.9162907,1.029619,1.5,1.8,1,1.3,0.0833333333333334,199,100,199,102,FALSE,NA,TRUE,NA,-0.0408357123200467,-0.0408357123200467,0.0408357123200467,0.0408357123200467,0.00166755540068561,-0.350084300812404,0.269519413341591,1,0.844123394971219,-0.072167305028781,0.072167305028781,0.072167305028781,0.00520811991511712,0.579091290920596,1.1182763179927,1,1.07400729352606,0.0443882935260569,0.0443882935260569,0.0443882935260569,0.00197032060215538,0.692366204727909,1.45178680833267,1,1.5167655403539,0.0167655403539009,0.0167655403539009,0.0167655403539009,0.000281083343358279,1.38812941525653,1.77609023404321,1,1.81482922935198,0.0148292293519836,0.0148292293519836,0.0148292293519836,0.000219906043173732,1.72101194990907,1.97589569019457,1
42,"n600-b1_1-b2_2p5-b3_2p8",600,9,419,1,1,0,0.9162907,1.029619,1.5,1.8,1,1.3,0.116666666666667,217,104,183,96,FALSE,NA,TRUE,NA,-0.288555583802814,-0.288555583802814,0.288555583802814,0.288555583802814,0.083264324943783,-0.61666141672269,0.0447539734326569,1,0.809658808155085,-0.106631891844915,0.106631891844915,0.106631891844915,0.0113703603584256,0.524001715395734,1.10656069976393,1,1.35332578577672,0.323706785776716,0.323706785776716,0.323706785776716,0.104786083157893,0.956205591605186,1.75035182018416,1,1.49405846131752,-0.00594153868247749,0.00594153868247749,0.00594153868247749,3.53018819153763e-05,1.45497118030082,1.6208275190989,1,1.7609318651294,-0.0390681348705997,0.0390681348705997,0.0390681348705997,0.00152631916226737,1.68278147664805,1.85157511381288,1
42,"n600-b1_1-b2_2p5-b3_2p8",600,10,420,1,1,0,0.9162907,1.029619,1.5,1.8,1,1.3,0.103333333333333,200,92,204,104,FALSE,NA,TRUE,NA,0.135572822322623,0.135572822322623,0.135572822322623,0.135572822322623,0.0183799901525214,-0.186860139205609,0.45856425598257,1,1.07261949827036,0.156328798270361,0.156328798270361,0.156328798270361,0.0244386931686551,0.79483947588444,1.35854764566903,1,0.887668668743943,-0.141950331256057,0.141950331256057,0.141950331256057,0.0201498965437043,0.499513368298764,1.2650908916651,1,1.53952538148763,0.0395253814876269,0.0395253814876269,0.0395253814876269,0.00156225578174244,1.42408591099767,1.70227758681252,1,1.89470096990116,0.0947009699011572,0.0947009699011572,0.0947009699011572,0.00896827370021988,1.77924291208088,2.12470434555839,1
43,"n600-b1_1-b2_2p5-b3_2p8",600,1,421,1,1,0,0.9162907,1.029619,1.5,1.8,1,1.3,0.103333333333333,192,99,207,102,FALSE,NA,TRUE,NA,0.132753904671605,0.132753904671605,0.132753904671605,0.132753904671605,0.0176235992055576,-0.191514280796377,0.462683590635642,1,1.15475554515305,0.238464845153047,0.238464845153047,0.238464845153047,0.0568654823738667,0.876787577408611,1.43886056932125,1,1.0303405718512,0.00072157185119881,0.00072157185119881,0.00072157185119881,5.20665936442478e-07,0.636386575649481,1.4217214799817,1,1.53252811937462,0.0325281193746223,0.0325281193746223,0.0325281193746223,0.00105807855004968,1.47388303752753,1.61008235774479,1,1.76013145543325,-0.0398685445667457,0.0398685445667457,0.0398685445667457,0.00158950084587059,1.66518403788345,1.86628290198561,1
43,"n600-b1_1-b2_2p5-b3_2p8",600,2,422,1,1,0,0.9162907,1.029619,1.5,1.8,1,1.3,0.0966666666666667,195,106,207,92,FALSE,NA,TRUE,NA,0.120051449681876,0.120051449681876,0.120051449681876,0.120051449681876,0.0144123505707201,-0.199333315088221,0.443645790503402,1,1.08034604492972,0.164055344929718,0.164055344929718,0.164055344929718,0.0269141562000089,0.791650331278351,1.37695716204682,1,0.810927284052009,-0.218691715947991,0.218691715947991,0.218691715947991,0.0478260666242767,0.42059210213005,1.19319012354798,1,1.52169371137362,0.0216937113736217,0.0216937113736217,0.0216937113736217,0.000470617113162006,1.34170872537259,1.70751095420754,1,1.80389872637314,0.00389872637313671,0.00389872637313671,0.00389872637313671,1.52000673325917e-05,1.73558659970919,1.89877183371094,1
43,"n600-b1_1-b2_2p5-b3_2p8",600,3,423,1,1,0,0.9162907,1.029619,1.5,1.8,1,1.3,0.103333333333333,196,123,174,107,FALSE,NA,TRUE,NA,-0.00935289821461702,-0.00935289821461702,0.00935289821461702,0.00935289821461702,8.74767050129863e-05,-0.309501180899595,0.292180855433153,1,0.746110054006773,-0.170180645993227,0.170180645993227,0.170180645993227,0.0289614522706719,0.47127603200644,1.02826896516101,1,1.02614049834941,-0.00347850165059116,0.00347850165059116,0.00347850165059116,1.20999737331654e-05,0.649157096809887,1.39226114152338,1,1.60835414429196,0.108354144291963,0.108354144291963,0.108354144291963,0.0117406205852435,1.35431046366552,1.98085003572726,1,1.79380932027641,-0.00619067972359244,0.00619067972359244,0.00619067972359244,3.83245154400986e-05,1.38183898650956,2.03182873024186,1
43,"n600-b1_1-b2_2p5-b3_2p8",600,4,424,1,1,0,0.9162907,1.029619,1.5,1.8,1,1.3,0.0916666666666667,198,92,199,111,FALSE,NA,TRUE,NA,0.0823292747965537,0.0823292747965537,0.0823292747965537,0.0823292747965537,0.00677810948852646,-0.238770270631525,0.404829988667016,1,1.04083673230567,0.124546032305673,0.124546032305673,0.124546032305673,0.0155117141630858,0.773655060082061,1.31094406659533,1,0.821215579611823,-0.208403420388177,0.208403420388177,0.208403420388177,0.0434319856294913,0.436958713248115,1.20186471399548,1,1.49160155938903,-0.00839844061097139,0.00839844061097139,0.00839844061097139,7.05338046960135e-05,1.40848965163992,1.61729776922743,1,1.76430897429956,-0.0356910257004355,0.0356910257004355,0.0356910257004355,0.00127384931554915,1.70345429725519,1.90687704258098,1
43,"n600-b1_1-b2_2p5-b3_2p8",600,5,425,1,1,0,0.9162907,1.029619,1.5,1.8,1,1.3,0.0983333333333334,223,102,178,97,FALSE,NA,TRUE,NA,0.142375422467209,0.142375422467209,0.142375422467209,0.142375422467209,0.0202707609227162,-0.17767085469265,0.470415221208353,1,1.16391318752627,0.247622487526269,0.247622487526269,0.247622487526269,0.0613168963286973,0.872474602464891,1.46483075225312,1,0.994437588768262,-0.0351814112317382,0.0351814112317382,0.0351814112317382,0.00123773169625668,0.603287454310031,1.38173386542585,1,1.55036908530717,0.0503690853071748,0.0503690853071748,0.0503690853071748,0.00253704475468145,1.44540892809877,1.8963093260654,1,1.80071304492405,0.000713044924045558,0.000713044924045558,0.000713044924045558,5.08433063707136e-07,1.63042619413269,2.19743611739022,1
43,"n600-b1_1-b2_2p5-b3_2p8",600,6,426,1,1,0,0.9162907,1.029619,1.5,1.8,1,1.3,0.11,203,94,200,103,FALSE,NA,TRUE,NA,0.0887218799801952,0.0887218799801952,0.0887218799801952,0.0887218799801952,0.00787157198722016,-0.232843448639211,0.408962336137714,1,0.967712358708075,0.0514216587080747,0.0514216587080747,0.0514216587080747,0.00264418698428971,0.686645681179293,1.2569015348059,1,0.915790272892182,-0.113828727107818,0.113828727107818,0.113828727107818,0.0129569791149861,0.535559389630917,1.30741403865778,1,1.5842887250573,0.0842887250573028,0.0842887250573028,0.0842887250573028,0.00710458917178558,1.46399140459826,1.82081379603698,1,1.9487132935527,0.148713293552699,0.148713293552699,0.148713293552699,0.0221156436792913,1.76907194010654,2.31462123061943,1
43,"n600-b1_1-b2_2p5-b3_2p8",600,7,427,1,1,0,0.9162907,1.029619,1.5,1.8,1,1.3,0.131666666666667,200,90,200,110,FALSE,NA,TRUE,NA,0.190998903043337,0.190998903043337,0.190998903043337,0.190998903043337,0.0364805809637581,-0.146529621837162,0.526378633918872,1,1.12438241957445,0.208091719574448,0.208091719574448,0.208091719574448,0.0433021637554507,0.842727237277697,1.41678134259535,1,0.814505994494711,-0.21511300550529,0.21511300550529,0.21511300550529,0.0462736051375187,0.410638459127576,1.21999520618911,1,1.50255662524621,0.00255662524620948,0.00255662524620948,0.00255662524620948,6.53633264955567e-06,1.34364100630109,1.59840424107875,1,1.81792965895055,0.0179296589505451,0.0179296589505451,0.0179296589505451,0.000321472670082862,1.73802774983427,1.92027051992945,1
43,"n600-b1_1-b2_2p5-b3_2p8",600,8,428,1,1,0,0.9162907,1.029619,1.5,1.8,1,1.3,0.103333333333333,194,80,237,89,FALSE,NA,TRUE,NA,-0.510011222740492,-0.510011222740492,0.510011222740492,0.510011222740492,0.260111447321252,-0.882291582405538,-0.151628221935611,0,0.784057213151174,-0.132233486848826,0.132233486848826,0.132233486848826,0.0174856950441987,0.509692807281844,1.06971710757349,1,1.62749771326941,0.597878713269412,0.597878713269412,0.597878713269412,0.357458955780688,1.20554308773814,2.0614522860521,0,1.47262090507244,-0.027379094927565,0.027379094927565,0.027379094927565,0.000749614839052613,1.43473596113532,1.57041652250342,1,1.71431183944987,-0.0856881605501336,0.0856881605501336,0.0856881605501336,0.00734246085846548,1.67150754182215,1.81280778543654,1
43,"n600-b1_1-b2_2p5-b3_2p8",600,9,429,1,1,0,0.9162907,1.029619,1.5,1.8,1,1.3,0.075,204,102,193,101,FALSE,NA,TRUE,NA,0.0162164885822556,0.0162164885822556,0.0162164885822556,0.0162164885822556,0.000262974501938427,-0.290237267692293,0.322692771594149,1,0.911570098762557,-0.00472060123744256,0.00472060123744256,0.00472060123744256,2.22840760429442e-05,0.644081426032127,1.18938571944352,1,1.00026346375318,-0.0293555362468245,0.0293555362468245,0.0293555362468245,0.000861747508338628,0.623312563012676,1.37576047725766,1,1.47070092496312,-0.0292990750368793,0.0292990750368793,0.0292990750368793,0.000858435798016686,1.30371827357121,1.6285762322949,1,1.83877469846821,0.0387746984682142,0.0387746984682142,0.0387746984682142,0.00150347724130094,1.72959072579527,1.98964544292664,1
43,"n600-b1_1-b2_2p5-b3_2p8",600,10,430,1,1,0,0.9162907,1.029619,1.5,1.8,1,1.3,0.103333333333333,189,96,227,88,FALSE,NA,TRUE,NA,-0.157961666156392,-0.157961666156392,0.157961666156392,0.157961666156392,0.0249518879749036,-0.484108693172774,0.172934121883146,1,0.912325138348583,-0.00396556165141737,0.00396556165141737,0.00396556165141737,1.57256792111921e-05,0.634765062110404,1.19658638464205,1,1.34732474123686,0.317705741236856,0.317705741236856,0.317705741236856,0.10093693801486,0.952315047412836,1.73583682251815,1,1.55976224428424,0.0597622442842374,0.0597622442842374,0.0597622442842374,0.00357152584188886,1.4952994254266,1.63755835646881,1,1.87235396466326,0.0723539646632581,0.0723539646632581,0.0723539646632581,0.005235096202492,1.78761269137144,1.99874959190685,1
44,"n600-b1_1-b2_2p5-b3_2p8",600,1,431,1,1,0,0.9162907,1.029619,1.5,1.8,1,1.3,0.11,212,100,191,97,FALSE,NA,TRUE,NA,-0.2234025075749,-0.2234025075749,0.2234025075749,0.2234025075749,0.0499086803907532,-0.554591171791003,0.111521211981529,1,0.807887701907056,-0.108402998092944,0.108402998092944,0.108402998092944,0.0117512099955388,0.531967504613494,1.09742206170723,1,1.15847410355965,0.128855103559651,0.128855103559651,0.128855103559651,0.0166036377133683,0.761048941505415,1.55201132918525,1,1.5389638595447,0.0389638595447042,0.0389638595447042,0.0389638595447042,0.00151818235061943,1.46733422399255,1.66966899962337,1,1.81564406056687,0.0156440605668702,0.0156440605668702,0.0156440605668702,0.000244736631019902,1.75538916645909,1.95727875720603,1
44,"n600-b1_1-b2_2p5-b3_2p8",600,2,432,1,1,0,0.9162907,1.029619,1.5,1.8,1,1.3,0.103333333333333,214,94,199,93,FALSE,NA,TRUE,NA,0.2081994335095,0.2081994335095,0.2081994335095,0.2081994335095,0.0433470041136768,-0.128570430450131,0.545430301613682,1,1.18187249669848,0.265581796698484,0.265581796698484,0.265581796698484,0.0705336907375948,0.885437124919693,1.48759529196125,1,0.779258814342416,-0.250360185657584,0.250360185657584,0.250360185657584,0.0626802225624999,0.375627865846857,1.17159292159603,1,1.6190355696575,0.119035569657503,0.119035569657503,0.119035569657503,0.0141694668436863,1.56426768569482,1.65772127112728,0,1.85893086091944,0.0589308609194352,0.0589308609194352,0.0589308609194352,0.00347284636870582,1.81415289835724,1.90342179387043,0
44,"n600-b1_1-b2_2p5-b3_2p8",600,3,433,1,1,0,0.9162907,1.029619,1.5,1.8,1,1.3,0.106666666666667,233,90,171,106,FALSE,NA,TRUE,NA,-0.104039606336134,-0.104039606336134,0.104039606336134,0.104039606336134,0.0108242396865778,-0.436473179166714,0.217465739175673,1,0.8146589868693,-0.1016317131307,0.1016317131307,0.1016317131307,0.0103290051138809,0.539976484194574,1.09616360124633,1,1.08564447839925,0.0560254783992526,0.0560254783992526,0.0560254783992526,0.00313885422986513,0.699330062376163,1.47526457364271,1,1.49125891714108,-0.00874108285891961,0.00874108285891961,0.00874108285891961,7.64065295464983e-05,1.43979876368478,1.56265442297673,1,1.79448216935864,-0.00551783064135591,0.00551783064135591,0.00551783064135591,3.04464549866862e-05,1.67774554174369,2.00288710882188,1
44,"n600-b1_1-b2_2p5-b3_2p8",600,4,434,1,1,0,0.9162907,1.029619,1.5,1.8,1,1.3,0.0916666666666667,209,98,188,105,FALSE,NA,TRUE,NA,0.06585707547161,0.06585707547161,0.06585707547161,0.06585707547161,0.00433715438967333,-0.245923648048721,0.373433640921419,1,0.8323718750574,-0.0839188249425998,0.0839188249425998,0.0839188249425998,0.00704236917974672,0.570436505706094,1.10303737435289,1,1.01515940584255,-0.0144595941574535,0.0144595941574535,0.0144595941574535,0.000209079863198262,0.636885834792283,1.40009836535992,1,1.50394465943982,0.0039446594398207,0.0039446594398207,0.0039446594398207,1.55603380961665e-05,1.16059125538593,1.79677758861455,1,1.9283504597608,0.128350459760802,0.128350459760802,0.128350459760802,0.0164738405208092,1.68427601310181,2.25880676456741,1
44,"n600-b1_1-b2_2p5-b3_2p8",600,5,435,1,1,0,0.9162907,1.029619,1.5,1.8,1,1.3,0.106666666666667,194,108,207,91,FALSE,NA,TRUE,NA,0.101954973946751,0.101954973946751,0.101954973946751,0.101954973946751,0.0103948167124826,-0.213675544308036,0.421360867024001,1,0.920577199772487,0.00428649977248652,0.00428649977248652,0.00428649977248652,1.8374080299527e-05,0.636473037275237,1.20933960662511,1,1.00444777305615,-0.0251712269438473,0.0251712269438473,0.0251712269438473,0.000633590665858666,0.621365854714443,1.38847921389617,1,1.57092179078349,0.0709217907834869,0.0709217907834869,0.0709217907834869,0.00502990040793669,1.47026877333598,1.6639594681509,1,1.91403511943347,0.114035119433472,0.114035119433472,0.114035119433472,0.0130040084642062,1.68123361354806,2.16138921996135,1
44,"n600-b1_1-b2_2p5-b3_2p8",600,6,436,1,1,0,0.9162907,1.029619,1.5,1.8,1,1.3,0.113333333333333,209,77,210,104,FALSE,NA,TRUE,NA,-0.160833447039978,-0.160833447039978,0.160833447039978,0.160833447039978,0.0258673976867613,-0.513950558963742,0.19509843113899,1,0.894568110916424,-0.0217225890835758,0.0217225890835758,0.0217225890835758,0.000471870876493888,0.63014920175794,1.16740097850068,1,1.19818329548679,0.168564295486792,0.168564295486792,0.168564295486792,0.0284139217129585,0.787297884327537,1.61009422386912,1,1.45952614967534,-0.0404738503246553,0.0404738503246553,0.0404738503246553,0.0016381325601026,1.34825117761134,1.57820723837491,1,1.80999410426955,0.00999410426955327,0.00999410426955327,0.00999410426955327,9.98821201507029e-05,1.59335283869797,2.02978693704973,1
44,"n600-b1_1-b2_2p5-b3_2p8",600,7,437,1,1,0,0.9162907,1.029619,1.5,1.8,1,1.3,0.0883333333333334,222,93,196,89,FALSE,NA,TRUE,NA,0.122327604161001,0.122327604161001,0.122327604161001,0.122327604161001,0.0149640427397705,-0.210313850558582,0.452028048077931,1,0.881329387480785,-0.0349613125192152,0.0349613125192152,0.0349613125192152,0.00122229337306623,0.595203265032798,1.17635327819353,1,1.00946654334737,-0.0201524566526334,0.0201524566526334,0.0201524566526334,0.00040612150913627,0.61683751575126,1.40191054435085,1,1.45425888650799,-0.0457411134920058,0.0457411134920058,0.0457411134920058,0.00209224946348856,1.35225707671544,1.61479829518003,1,1.69857882941171,-0.10142117058829,0.10142117058829,0.10142117058829,0.010286253843499,1.59681792120684,1.83584035748197,1
44,"n600-b1_1-b2_2p5-b3_2p8",600,8,438,1,1,0,0.9162907,1.029619,1.5,1.8,1,1.3,0.095,192,93,214,101,FALSE,NA,TRUE,NA,0.016360706683198,0.016360706683198,0.016360706683198,0.016360706683198,0.00026767272317364,-0.309298051435921,0.34255485768706,1,0.860501993218082,-0.0557887067819182,0.0557887067819182,0.0557887067819182,0.00311237980439884,0.588561341983553,1.13894727885914,1,1.16209674174962,0.132477741749622,0.132477741749622,0.132477741749622,0.0175503520590795,0.770105610470528,1.54775494741771,1,1.49053004603864,-0.00946995396136452,0.00946995396136452,0.00946995396136452,8.96800280303635e-05,1.45062786733308,1.54898029778507,1,1.77874623371849,-0.0212537662815091,0.0212537662815091,0.0212537662815091,0.000451722581149013,1.74258162305847,1.86190961788218,1
44,"n600-b1_1-b2_2p5-b3_2p8",600,9,439,1,1,0,0.9162907,1.029619,1.5,1.8,1,1.3,0.095,207,102,200,91,FALSE,NA,TRUE,NA,-0.0676140243344849,-0.0676140243344849,0.0676140243344849,0.0676140243344849,0.00457165628670431,-0.400495840727624,0.259675261989298,1,1.03594371937879,0.11965301937879,0.11965301937879,0.11965301937879,0.014316845046461,0.749117806126318,1.33086723852889,1,1.23139972423412,0.201780724234121,0.201780724234121,0.201780724234121,0.0407154606724466,0.838668134600716,1.63820941260502,1,1.49360314317833,-0.00639685682167457,0.00639685682167457,0.00639685682167457,4.09197771970045e-05,1.4686314013707,1.53017292734183,1,1.81695689177792,0.0169568917779228,0.0169568917779228,0.0169568917779228,0.000287536178768186,1.74066108876758,1.92181132523811,1
44,"n600-b1_1-b2_2p5-b3_2p8",600,10,440,1,1,0,0.9162907,1.029619,1.5,1.8,1,1.3,0.08,191,119,198,92,FALSE,NA,TRUE,NA,-0.126769910826201,-0.126769910826201,0.126769910826201,0.126769910826201,0.0160706102908829,-0.424733872864434,0.174653565640698,1,0.773235015022087,-0.143055684977913,0.143055684977913,0.143055684977913,0.0204649290044999,0.507681311050758,1.04796990505573,1,1.32359642593537,0.293977425935365,0.293977425935365,0.293977425935365,0.0864227269595832,0.94938657847013,1.69814236104077,1,1.55723908805696,0.0572390880569609,0.0572390880569609,0.0572390880569609,0.00327631320159252,1.42374024593076,1.69510062290806,1,1.8688108193954,0.068810819395404,0.068810819395404,0.068810819395404,0.00473492886586691,1.7757610403114,2.06644141905092,1
45,"n600-b1_1-b2_2p5-b3_2p8",600,1,441,1,1,0,0.9162907,1.029619,1.5,1.8,1,1.3,0.0883333333333334,180,98,228,94,FALSE,NA,TRUE,NA,0.0852797057421631,0.0852797057421631,0.0852797057421631,0.0852797057421631,0.00727262821146993,-0.244610559028314,0.42019873524202,1,0.90718706682431,-0.00910363317568974,0.00910363317568974,0.00910363317568974,8.28761369975189e-05,0.632834695790492,1.18750038639323,1,1.09102144210465,0.0614024421046464,0.0614024421046464,0.0614024421046464,0.00377025989641445,0.693371894288918,1.48385247832916,1,1.33197822916694,-0.168021770833057,0.168021770833057,0.168021770833057,0.0282313154738764,1.29724225950146,1.41266486104149,0,1.66012684746589,-0.139873152534111,0.139873152534111,0.139873152534111,0.0195644987998308,1.5758600566523,1.81918626842729,1
45,"n600-b1_1-b2_2p5-b3_2p8",600,2,442,1,1,0,0.9162907,1.029619,1.5,1.8,1,1.3,0.0966666666666667,203,106,198,93,FALSE,NA,TRUE,NA,-0.0954265656569067,-0.0954265656569067,0.0954265656569067,0.0954265656569067,0.00910622943307193,-0.412271655025229,0.228864864967328,1,0.822785295001843,-0.0935054049981568,0.0935054049981568,0.0935054049981568,0.00874326076386934,0.543488463799436,1.10965638895924,1,1.19764097685747,0.168021976857473,0.168021976857473,0.168021976857473,0.0282313847070932,0.810036944891374,1.58447510639283,1,1.51127350864841,0.0112735086484128,0.0112735086484128,0.0112735086484128,0.000127091997245838,1.38592906778326,1.6800215933317,1,1.80341934464216,0.00341934464216065,0.00341934464216065,0.00341934464216065,1.16919177818727e-05,1.71981166721697,1.88974441837263,1
45,"n600-b1_1-b2_2p5-b3_2p8",600,3,443,1,1,0,0.9162907,1.029619,1.5,1.8,1,1.3,0.103333333333333,205,119,183,93,FALSE,NA,TRUE,NA,-0.104049856022455,-0.104049856022455,0.104049856022455,0.104049856022455,0.0108263725382936,-0.415604182332868,0.208799622236052,1,0.843553498550493,-0.0727372014495075,0.0727372014495075,0.0727372014495075,0.00529070047470623,0.566954092334128,1.12484127272996,1,1.35129501947264,0.321676019472636,0.321676019472636,0.321676019472636,0.10347546150376,0.962138938634938,1.73372939997236,1,1.53826278207142,0.0382627820714201,0.0382627820714201,0.0382627820714201,0.00146404049184499,1.48458317547994,1.72521715716098,1,1.82202534236174,0.02202534236174,0.02202534236174,0.02202534236174,0.00048511570615186,1.78295158746168,2.03578291336468,1
45,"n600-b1_1-b2_2p5-b3_2p8",600,4,444,1,1,0,0.9162907,1.029619,1.5,1.8,1,1.3,0.0916666666666667,203,99,198,100,FALSE,NA,TRUE,NA,0.00656372641834473,0.00656372641834473,0.00656372641834473,0.00656372641834473,4.30825044948766e-05,-0.304749537665042,0.320172009415992,1,0.983864975393623,0.0675742753936228,0.0675742753936228,0.0675742753936228,0.00456628269497318,0.711394907136244,1.26385217938964,1,0.854962032024677,-0.174656967975323,0.174656967975323,0.174656967975323,0.0305050564623331,0.479767137692965,1.22986109743653,1,1.48720286302486,-0.0127971369751394,0.0127971369751394,0.0127971369751394,0.00016376671476048,1.44717805748195,1.53372407342671,1,1.8235254813904,0.0235254813904009,0.0235254813904009,0.0235254813904009,0.000553448274650099,1.7518851936356,1.91863140441268,1
45,"n600-b1_1-b2_2p5-b3_2p8",600,5,445,1,1,0,0.9162907,1.029619,1.5,1.8,1,1.3,0.105,192,108,186,114,FALSE,NA,TRUE,NA,-0.0203496738515024,-0.0203496738515024,0.0203496738515024,0.0203496738515024,0.000414109225862521,-0.327239943854807,0.288817956011116,1,0.988562033886479,0.0722713338864789,0.0722713338864789,0.0722713338864789,0.00522314570173091,0.719987156604144,1.25987276099562,1,0.9574380902274,-0.0721809097726001,0.0721809097726001,0.0721809097726001,0.00521008373560023,0.581307859251972,1.33629392358485,1,1.59697571821537,0.096975718215371,0.096975718215371,0.096975718215371,0.00940428992338704,1.4781305169884,1.74451792671163,1,1.88784812872275,0.0878481287227462,0.0878481287227462,0.0878481287227462,0.00771729372008818,1.73648291274099,1.99121733086324,1
45,"n600-b1_1-b2_2p5-b3_2p8",600,6,446,1,1,0,0.9162907,1.029619,1.5,1.8,1,1.3,0.095,188,99,221,92,FALSE,NA,TRUE,NA,0.106760370683533,0.106760370683533,0.106760370683533,0.106760370683533,0.0113977767484853,-0.217007014218678,0.429378537655939,1,0.987814385861304,0.071523685861304,0.071523685861304,0.071523685861304,0.00511563763918649,0.706300822371008,1.27699372297632,1,0.83550362269589,-0.19411537730411,0.19411537730411,0.19411537730411,0.0376807797059169,0.445672911764207,1.22285524086123,1,1.41749896532348,-0.0825010346765194,0.0825010346765194,0.0825010346765194,0.00680642072269625,1.24850853829633,1.7249672316767,1,1.68521842292029,-0.11478157707971,0.11478157707971,0.11478157707971,0.0131748104369054,1.58554881395622,1.83701832553631,1
45,"n600-b1_1-b2_2p5-b3_2p8",600,7,447,1,1,0,0.9162907,1.029619,1.5,1.8,1,1.3,0.121666666666667,198,102,199,101,FALSE,NA,TRUE,NA,-0.0183449559508215,-0.0183449559508215,0.0183449559508215,0.0183449559508215,0.000336537408837583,-0.345829492905253,0.31253739599946,1,1.00017697434121,0.0838862743412141,0.0838862743412141,0.0838862743412141,0.00703690702284943,0.72876197579723,1.28353989775686,1,1.00205529276496,-0.0275637072350372,0.0275637072350372,0.0275637072350372,0.000759757956538842,0.604020953295704,1.39168854727199,1,1.54873579706077,0.0487357970607658,0.0487357970607658,0.0487357970607658,0.00237517791514815,1.40724246143874,1.73319376440404,1,1.81991907633401,0.0199190763340078,0.0199190763340078,0.0199190763340078,0.00039676960200003,1.74059242586912,1.97574097463933,1
45,"n600-b1_1-b2_2p5-b3_2p8",600,8,448,1,1,0,0.9162907,1.029619,1.5,1.8,1,1.3,0.0966666666666667,207,104,180,109,FALSE,NA,TRUE,NA,0.107907175420543,0.107907175420543,0.107907175420543,0.107907175420543,0.0116439585072399,-0.203904076890484,0.414237907684756,1,1.08929144428416,0.17300074428416,0.17300074428416,0.17300074428416,0.0299292575228732,0.813215480955053,1.36862138666256,1,0.797061579664857,-0.232557420335143,0.232557420335143,0.232557420335143,0.0540829537529362,0.425482139703716,1.1753859177518,1,1.4425440893743,-0.0574559106257027,0.0574559106257027,0.0574559106257027,0.00330118166582873,1.33330171263587,1.53660435831058,1,1.76988770060707,-0.0301122993929268,0.0301122993929268,0.0301122993929268,0.00090675057472926,1.68136439934852,1.90016671168245,1
45,"n600-b1_1-b2_2p5-b3_2p8",600,9,449,1,1,0,0.9162907,1.029619,1.5,1.8,1,1.3,0.12,204,83,205,108,FALSE,NA,TRUE,NA,0.0410330696881882,0.0410330696881882,0.0410330696881882,0.0410330696881882,0.00168371280803571,-0.307065447623798,0.395050794137505,1,0.947402044514265,0.0311113445142654,0.0311113445142654,0.0311113445142654,0.000967915757485315,0.677311400287209,1.22427392194607,1,1.00998803468081,-0.0196309653191888,0.0196309653191888,0.0196309653191888,0.000385374799363195,0.601196918444465,1.41476091616505,1,1.47972945714935,-0.0202705428506529,0.0202705428506529,0.0202705428506529,0.000410894907460155,1.43920119994923,1.54814858201231,1,1.761463299675,-0.0385367003249995,0.0385367003249995,0.0385367003249995,0.00148507727193881,1.68249974593777,1.82171818840117,1
45,"n600-b1_1-b2_2p5-b3_2p8",600,10,450,1,1,0,0.9162907,1.029619,1.5,1.8,1,1.3,0.103333333333333,175,116,204,105,FALSE,NA,TRUE,NA,-0.114986454608456,-0.114986454608456,0.114986454608456,0.114986454608456,0.0132218847434225,-0.417221541716374,0.196012963200888,1,0.813504480580194,-0.102786219419806,0.102786219419806,0.102786219419806,0.0105650069026164,0.551946902801654,1.08473955512858,1,1.28804533871798,0.258426338717983,0.258426338717983,0.258426338717983,0.0667841725431817,0.907529149831854,1.66852490442097,1,1.48619306540948,-0.0138069345905234,0.0138069345905234,0.0138069345905234,0.000190631442786992,1.41724709579549,1.60376574795489,1,1.79162540896475,-0.00837459103525218,0.00837459103525218,0.00837459103525218,7.01337750077261e-05,1.70063758643413,1.93734254488981,1
46,"n600-b1_1-b2_2p5-b3_2p8",600,1,451,1,1,0,0.9162907,1.029619,1.5,1.8,1,1.3,0.1,193,103,211,93,FALSE,NA,TRUE,NA,-0.083893713594565,-0.083893713594565,0.083893713594565,0.083893713594565,0.0070381551806869,-0.418098874365157,0.249367585236728,1,0.997338677681538,0.0810479776815379,0.0810479776815379,0.0810479776815379,0.00656877468626707,0.713373304019022,1.29096615910461,1,0.916395367242325,-0.113223632757675,0.113223632757675,0.113223632757675,0.0128195910148448,0.523001876511658,1.30448516943507,1,1.38953136032092,-0.110468639679083,0.110468639679083,0.110468639679083,0.012203320352547,1.28892452701381,1.52945483100162,1,1.72429967417348,-0.0757003258265219,0.0757003258265219,0.0757003258265219,0.00573053933024157,1.63453881331985,1.82020286001587,1
46,"n600-b1_1-b2_2p5-b3_2p8",600,2,452,1,1,0,0.9162907,1.029619,1.5,1.8,1,1.3,0.085,195,107,192,106,FALSE,NA,TRUE,NA,-0.103026834493369,-0.103026834493369,0.103026834493369,0.103026834493369,0.0106145286257241,-0.40881338232049,0.197386497923962,1,0.86479289932016,-0.0514978006798403,0.0514978006798403,0.0514978006798403,0.00265202347486056,0.60454185049933,1.13322518134352,1,0.997400047469735,-0.0322189525302646,0.0322189525302646,0.0322189525302646,0.00103806090214745,0.627452016639063,1.37245584722151,1,1.52684764887061,0.0268476488706131,0.0268476488706131,0.0268476488706131,0.000720796249879732,1.45776592935808,1.61392441010783,1,1.7916772578806,-0.00832274211939654,0.00832274211939654,0.00832274211939654,6.92680363859773e-05,1.72094927038723,1.85707517442331,1
46,"n600-b1_1-b2_2p5-b3_2p8",600,3,453,1,1,0,0.9162907,1.029619,1.5,1.8,1,1.3,0.11,189,95,220,96,FALSE,NA,TRUE,NA,0.0187525057528576,0.0187525057528576,0.0187525057528576,0.0187525057528576,0.000351656472010956,-0.310384963907905,0.342400677393196,1,0.905075496286658,-0.0112152037133417,0.0112152037133417,0.0112152037133417,0.000125780794331754,0.632616076134762,1.18586940131851,1,1.19828292366851,0.168663923668512,0.168663923668512,0.168663923668512,0.0284475191472578,0.804246543323024,1.5960108954139,1,1.4998463925005,-0.000153607499504327,0.000153607499504327,0.000153607499504327,2.35952639039718e-08,1.46231999798888,1.56108931035587,1,1.84527359781461,0.0452735978146075,0.0452735978146075,0.0452735978146075,0.00204969865907883,1.77707384063891,1.96682123329366,1
46,"n600-b1_1-b2_2p5-b3_2p8",600,4,454,1,1,0,0.9162907,1.029619,1.5,1.8,1,1.3,0.08,189,88,204,119,FALSE,NA,TRUE,NA,0.145541488993411,0.145541488993411,0.145541488993411,0.145541488993411,0.0211823250184193,-0.154952954162575,0.436847606793196,1,0.83800493522401,-0.0782857647759899,0.0782857647759899,0.0782857647759899,0.00612866096656162,0.590251771035076,1.08965858618825,1,1.00408645093425,-0.0255325490657519,0.0255325490657519,0.0255325490657519,0.000651911061795026,0.633546412172212,1.37573842761465,1,1.67464260765658,0.174642607656584,0.174642607656584,0.174642607656584,0.0305000404090915,1.50182385535616,1.87841620394999,0,1.83591555057258,0.0359155505725826,0.0359155505725826,0.0359155505725826,0.00128992677293174,1.77649175818096,1.93888011268776,1
46,"n600-b1_1-b2_2p5-b3_2p8",600,5,455,1,1,0,0.9162907,1.029619,1.5,1.8,1,1.3,0.1,202,103,193,102,FALSE,NA,TRUE,NA,0.12860312007171,0.12860312007171,0.12860312007171,0.12860312007171,0.0165387624921786,-0.189765082877842,0.454142543056132,1,0.966655640316097,0.0503649403160966,0.0503649403160966,0.0503649403160966,0.00253662721304397,0.687862812599178,1.25230040355016,1,0.823028005993319,-0.206590994006681,0.206590994006681,0.206590994006681,0.0426798388046684,0.43393680577852,1.2060471238861,1,1.37171411510542,-0.128285884894581,0.128285884894581,0.128285884894581,0.0164572682631858,1.30152774497713,1.46632800121303,0,1.67228496457728,-0.127715035422722,0.127715035422722,0.127715035422722,0.0163111302730271,1.52996744793071,1.80636718360168,1
46,"n600-b1_1-b2_2p5-b3_2p8",600,6,456,1,1,0,0.9162907,1.029619,1.5,1.8,1,1.3,0.106666666666667,174,98,204,124,FALSE,NA,TRUE,NA,0.090815230240232,0.090815230240232,0.090815230240232,0.090815230240232,0.00824740604358635,-0.219924556402103,0.399465170607977,1,0.744290892173872,-0.171999807826128,0.171999807826128,0.171999807826128,0.0295839338922249,0.489624374512751,1.00532600007885,1,0.925919198218718,-0.103699801781282,0.103699801781282,0.103699801781282,0.0107536488894772,0.548520397689155,1.30969880285532,1,1.25525522009138,-0.244744779908617,0.244744779908617,0.244744779908617,0.0599000072925173,1.07802936636631,1.5374862916989,1,1.68967920604818,-0.110320793951821,0.110320793951821,0.110320793951821,0.0121706775781602,1.55628152670655,1.94600598637215,1
46,"n600-b1_1-b2_2p5-b3_2p8",600,7,457,1,1,0,0.9162907,1.029619,1.5,1.8,1,1.3,0.103333333333333,207,100,193,100,FALSE,NA,TRUE,NA,-0.0844691983618751,-0.0844691983618751,0.0844691983618751,0.0844691983618751,0.00713504547189781,-0.405579380755783,0.241862936685655,1,0.807245855020832,-0.109044844979168,0.109044844979168,0.109044844979168,0.0118907782165308,0.533854318490005,1.08741640341446,1,1.05812483630738,0.0285058363073847,0.0285058363073847,0.0285058363073847,0.000812582703583411,0.667904281255511,1.44256814945265,1,1.51378744165512,0.0137874416551234,0.0137874416551234,0.0137874416551234,0.000190093547393431,1.34219288674888,1.70929059943759,1,1.79127114026705,-0.00872885973294646,0.00872885973294646,0.00872885973294646,7.61929922374541e-05,1.6472635891434,1.90044340021769,1
46,"n600-b1_1-b2_2p5-b3_2p8",600,8,458,1,1,0,0.9162907,1.029619,1.5,1.8,1,1.3,0.0966666666666667,194,88,221,97,FALSE,NA,TRUE,NA,0.136406672558391,0.136406672558391,0.136406672558391,0.136406672558391,0.018606780318452,-0.200881757687502,0.475075223247784,1,0.989168051836803,0.072877351836803,0.072877351836803,0.072877351836803,0.00531110841074517,0.714050700398582,1.27518748151672,1,0.886888205747856,-0.142730794252145,0.142730794252145,0.142730794252145,0.020372079627848,0.487674098144961,1.28224019346205,1,1.39747776188164,-0.102522238118356,0.102522238118356,0.102522238118356,0.0105108093087969,1.28612962911459,1.52831997639334,1,1.68900499610835,-0.110995003891647,0.110995003891647,0.110995003891647,0.0123198908889066,1.54962055112895,1.8620504876634,1
46,"n600-b1_1-b2_2p5-b3_2p8",600,9,459,1,1,0,0.9162907,1.029619,1.5,1.8,1,1.3,0.125,208,105,188,99,FALSE,NA,TRUE,NA,0.0724902718380565,0.0724902718380565,0.0724902718380565,0.0724902718380565,0.00525483951115533,-0.256694233398214,0.398745743183628,1,1.06289507777423,0.146604377774234,0.146604377774234,0.146604377774234,0.0214928435825703,0.770952410704959,1.35911994798811,1,0.96661929639161,-0.0629997036083902,0.0629997036083902,0.0629997036083902,0.00396896265474502,0.570557109952989,1.36170878943764,1,1.52538532742946,0.0253853274294615,0.0253853274294615,0.0253853274294615,0.000644414848700972,1.50071402835241,1.64713093289902,0,1.81470108694666,0.0147010869466635,0.0147010869466635,0.0147010869466635,0.00021612195741336,1.76666733520038,1.94662470529177,1
46,"n600-b1_1-b2_2p5-b3_2p8",600,10,460,1,1,0,0.9162907,1.029619,1.5,1.8,1,1.3,0.0883333333333334,209,100,185,106,FALSE,NA,TRUE,NA,0.0799156651310664,0.0799156651310664,0.0799156651310664,0.0799156651310664,0.00638651353334074,-0.235531878331834,0.390707478382623,1,0.975872486665503,0.0595817866655026,0.0595817866655026,0.0595817866655026,0.00354998930225347,0.704909124957916,1.24822012219831,1,0.849709846560493,-0.179909153439507,0.179909153439507,0.179909153439507,0.03236730349132,0.473434425568984,1.22657854789338,1,1.56586858506097,0.0658685850609673,0.0658685850609673,0.0658685850609673,0.00433867049793388,1.48791536458888,1.70570373060006,1,1.86506151886593,0.0650615188659289,0.0650615188659289,0.0650615188659289,0.00423300123714163,1.73639980124744,2.05554603126475,1
47,"n600-b1_1-b2_2p5-b3_2p8",600,1,461,1,1,0,0.9162907,1.029619,1.5,1.8,1,1.3,0.111666666666667,204,101,211,84,FALSE,NA,TRUE,NA,0.0781276489219894,0.0781276489219894,0.0781276489219894,0.0781276489219894,0.00610392952607763,-0.268327558099357,0.417576431835069,1,0.901305399185346,-0.0149853008146538,0.0149853008146538,0.0149853008146538,0.000224559240505663,0.610362993184379,1.20556613346568,1,0.981153610553318,-0.0484653894466823,0.0484653894466823,0.0484653894466823,0.00234889397421859,0.586261178813227,1.38083950388424,1,1.5042142227909,0.00421422279089523,0.00421422279089523,0.00421422279089523,1.77596737313008e-05,1.42513462510298,1.66036259468834,1,1.80419010245749,0.00419010245748641,0.00419010245748641,0.00419010245748641,1.75569586042337e-05,1.74375690055322,1.91999356887005,1
47,"n600-b1_1-b2_2p5-b3_2p8",600,2,462,1,1,0,0.9162907,1.029619,1.5,1.8,1,1.3,0.113333333333333,185,85,218,112,FALSE,NA,TRUE,NA,0.104522242309984,0.104522242309984,0.104522242309984,0.104522242309984,0.010924899137507,-0.234385225136256,0.44336445006784,1,0.99024379877301,0.0739530987730104,0.0739530987730104,0.0739530987730104,0.00546906081813063,0.719770189449026,1.26160874195445,1,0.977050141262979,-0.0525688587370211,0.0525688587370211,0.0525688587370211,0.00276348490891288,0.577573553686905,1.37435595738448,1,1.4733820899198,-0.0266179100802002,0.0266179100802002,0.0266179100802002,0.000708513137037624,1.41662588145338,1.55027321879522,1,1.76714223500775,-0.0328577649922452,0.0328577649922452,0.0328577649922452,0.00107963272028562,1.67774810261053,1.86685247496567,1
47,"n600-b1_1-b2_2p5-b3_2p8",600,3,463,1,1,0,0.9162907,1.029619,1.5,1.8,1,1.3,0.1,189,102,211,98,FALSE,NA,TRUE,NA,-0.113155082557061,-0.113155082557061,0.113155082557061,0.113155082557061,0.0128040727084952,-0.434325640982398,0.209329459119754,1,0.602113109748172,-0.314177590251828,0.314177590251828,0.314177590251828,0.0987075582164458,0.325365987502952,0.881317042985501,0,1.25732362228285,0.227704622282849,0.227704622282849,0.227704622282849,0.0518493950089751,0.863306874220234,1.65390201289455,1,1.52512565898238,0.0251256589823792,0.0251256589823792,0.0251256589823792,0.000631298739298811,1.37226535236522,1.71560803920906,1,1.79885013618952,-0.00114986381047544,0.00114986381047544,0.00114986381047544,1.32218678264109e-06,1.30236152468987,2.09235148242841,1
47,"n600-b1_1-b2_2p5-b3_2p8",600,4,464,1,1,0,0.9162907,1.029619,1.5,1.8,1,1.3,0.101666666666667,209,110,195,86,FALSE,NA,TRUE,NA,-0.055606037364695,-0.055606037364695,0.055606037364695,0.055606037364695,0.00309203139140385,-0.387554082969411,0.282662742742259,1,1.05841204009331,0.142121340093305,0.142121340093305,0.142121340093305,0.0201984753099169,0.767535610265665,1.36197105207806,1,1.11971530503141,0.0900963050314065,0.0900963050314065,0.0900963050314065,0.00811734418031225,0.719548250684508,1.51313867921932,1,1.50221116773366,0.00221116773366448,0.00221116773366448,0.00221116773366448,4.8892627463989e-06,1.43281296932462,1.63134990536905,1,1.78026286329567,-0.019737136704326,0.019737136704326,0.019737136704326,0.000389554565285252,1.6881895785088,1.85175430874558,1
47,"n600-b1_1-b2_2p5-b3_2p8",600,5,465,1,1,0,0.9162907,1.029619,1.5,1.8,1,1.3,0.106666666666667,212,111,174,103,FALSE,NA,TRUE,NA,0.0264241051076371,0.0264241051076371,0.0264241051076371,0.0264241051076371,0.000698233330739455,-0.291554146895176,0.342124163869195,1,0.975976637301252,0.0596859373012518,0.0596859373012518,0.0596859373012518,0.00356241111152896,0.693864746143668,1.26299126302116,1,0.990082942315562,-0.0395360576844382,0.0395360576844382,0.0395360576844382,0.00156309985722723,0.606821261959713,1.3769548205602,1,1.42006107056587,-0.0799389294341299,0.0799389294341299,0.0799389294341299,0.00639023243907481,1.33730713668221,1.50540990964152,1,1.85597837842307,0.0559783784230665,0.0559783784230665,0.0559783784230665,0.00313357885087604,1.7851244500027,2.01113042079408,1
47,"n600-b1_1-b2_2p5-b3_2p8",600,6,466,1,1,0,0.9162907,1.029619,1.5,1.8,1,1.3,0.0816666666666667,190,88,218,104,FALSE,NA,TRUE,NA,-0.0942021399879265,-0.0942021399879265,0.0942021399879265,0.0942021399879265,0.0088740431783049,-0.42921838984722,0.236644718828762,1,0.932065044563829,0.0157743445638288,0.0157743445638288,0.0157743445638288,0.000248829946418394,0.663485324394641,1.21425787202955,1,1.05079668370814,0.0211776837081423,0.0211776837081423,0.0211776837081423,0.000448494287242117,0.655896968257466,1.44507822990781,1,1.49507234796006,-0.0049276520399355,0.0049276520399355,0.0049276520399355,2.42817546266805e-05,1.46114805139502,1.580101931483,1,1.76912775364574,-0.0308722463542643,0.0308722463542643,0.0308722463542643,0.000953095594958387,1.70311738027797,1.85867264795168,1
47,"n600-b1_1-b2_2p5-b3_2p8",600,7,467,1,1,0,0.9162907,1.029619,1.5,1.8,1,1.3,0.115,208,106,195,91,FALSE,NA,TRUE,NA,-0.0105705648782787,-0.0105705648782787,0.0105705648782787,0.0105705648782787,0.000111736841845899,-0.347340521940956,0.328722175408709,1,1.04024752161021,0.123956821610214,0.123956821610214,0.123956821610214,0.0153652936237064,0.748425089681588,1.34163080774152,1,1.09739049378759,0.0677714937875915,0.0677714937875915,0.0677714937875915,0.00459297537020155,0.693067563158972,1.4933789895204,1,1.46197564828717,-0.0380243517128271,0.0380243517128271,0.0380243517128271,0.00144585132318078,1.30630251201966,1.54900615794209,1,1.77999542611484,-0.0200045738851646,0.0200045738851646,0.0200045738851646,0.000400182976327011,1.64506507153715,1.99848540049248,1
47,"n600-b1_1-b2_2p5-b3_2p8",600,8,468,1,1,0,0.9162907,1.029619,1.5,1.8,1,1.3,0.1,217,103,172,108,FALSE,NA,TRUE,NA,0.0434911087063349,0.0434911087063349,0.0434911087063349,0.0434911087063349,0.00189147653650624,-0.272948677859418,0.358644257929072,1,0.839879063363009,-0.0764116366369911,0.0764116366369911,0.0764116366369911,0.00583873821354357,0.570099534245885,1.11538742100832,1,1.15363566776091,0.12401666776091,0.12401666776091,0.12401666776091,0.0153801338825199,0.77102542103446,1.54615846286069,1,1.48928207103743,-0.0107179289625745,0.0107179289625745,0.0107179289625745,0.000114874001246793,1.44694216059772,1.59594717956148,1,1.77314379699745,-0.0268562030025543,0.0268562030025543,0.0268562030025543,0.000721255639714407,1.69440833411831,1.92613572861448,1
47,"n600-b1_1-b2_2p5-b3_2p8",600,9,469,1,1,0,0.9162907,1.029619,1.5,1.8,1,1.3,0.106666666666667,191,87,196,126,FALSE,NA,TRUE,NA,0.057982484657946,0.057982484657946,0.057982484657946,0.057982484657946,0.00336196852710895,-0.265371249433272,0.375600195879545,1,0.981087238660773,0.0647965386607733,0.0647965386607733,0.0647965386607733,0.00419859142241709,0.726818220954418,1.23923647591243,1,0.811174091562765,-0.218444908437235,0.218444908437235,0.218444908437235,0.047718178022152,0.424595265759628,1.20017506569611,1,1.51109860313098,0.0110986031309839,0.0110986031309839,0.0110986031309839,0.000123178991459085,1.43916423125206,1.63887462742337,1,1.87878811692068,0.0787881169206801,0.0787881169206801,0.0787881169206801,0.00620756736790676,1.71446420661906,2.06820191003218,1
47,"n600-b1_1-b2_2p5-b3_2p8",600,10,470,1,1,0,0.9162907,1.029619,1.5,1.8,1,1.3,0.105,209,109,199,83,FALSE,NA,TRUE,NA,0.058784331725678,0.058784331725678,0.058784331725678,0.058784331725678,0.00345559765643456,-0.274945216055151,0.394385210524927,1,0.887377941595198,-0.0289127584048023,0.0289127584048023,0.0289127584048023,0.000835947598574468,0.590433617455876,1.19100941142022,1,1.15619408138734,0.126575081387345,0.126575081387345,0.126575081387345,0.0160212512282129,0.759047641024591,1.55612848056569,1,1.48421844985303,-0.0157815501469682,0.0157815501469682,0.0157815501469682,0.000249057325041274,1.36565630626511,1.60007217045047,1,1.82016545877426,0.0201654587742572,0.0201654587742572,0.0201654587742572,0.000406645727576268,1.76925590901299,1.91958409296543,1
48,"n600-b1_1-b2_2p5-b3_2p8",600,1,471,1,1,0,0.9162907,1.029619,1.5,1.8,1,1.3,0.105,200,93,201,106,FALSE,NA,TRUE,NA,0.123065690387141,0.123065690387141,0.123065690387141,0.123065690387141,0.0151451641504636,-0.206618406819059,0.453141497787376,1,1.02744421447233,0.111153514472333,0.111153514472333,0.111153514472333,0.0123551037795512,0.754729696632324,1.30556058445497,1,0.890824932956245,-0.138794067043755,0.138794067043755,0.138794067043755,0.0192637930465464,0.49962970771231,1.27808507163035,1,1.46751345863439,-0.0324865413656092,0.0324865413656092,0.0324865413656092,0.00105537536989944,1.39262610707296,1.54388258755773,1,1.81461725956912,0.0146172595691225,0.0146172595691225,0.0146172595691225,0.000213664277311104,1.74832523348547,1.91006360648714,1
48,"n600-b1_1-b2_2p5-b3_2p8",600,2,472,1,1,0,0.9162907,1.029619,1.5,1.8,1,1.3,0.1,186,96,202,116,FALSE,NA,TRUE,NA,-0.0819097194580467,-0.0819097194580467,0.0819097194580467,0.0819097194580467,0.00670920214169591,-0.398488190824338,0.235301869716894,1,0.753814571060359,-0.162476128939641,0.162476128939641,0.162476128939641,0.026398492475211,0.498937105430094,1.01113642024849,1,1.16572802467562,0.136109024675622,0.136109024675622,0.136109024675622,0.018525666598149,0.782125994493686,1.54807532150162,1,1.48375730579276,-0.0162426942072367,0.0162426942072367,0.0162426942072367,0.0002638251151098,1.42896452914253,1.65060785249394,1,1.70534226890893,-0.0946577310910726,0.0946577310910726,0.0946577310910726,0.0089600860553098,1.57396609651566,1.90474608982505,1
48,"n600-b1_1-b2_2p5-b3_2p8",600,3,473,1,1,0,0.9162907,1.029619,1.5,1.8,1,1.3,0.1,209,102,182,107,FALSE,NA,TRUE,NA,-0.187972652992976,-0.187972652992976,0.187972652992976,0.187972652992976,0.0353337182732176,-0.498334726833867,0.121553186741279,1,0.735443614869127,-0.180847085130873,0.180847085130873,0.180847085130873,0.0327056682003331,0.466289001874905,1.00644484486452,1,1.27857703726512,0.248958037265122,0.248958037265122,0.248958037265122,0.0619801043189017,0.893256670093287,1.6633711041171,1,1.5064533356474,0.00645333564740458,0.00645333564740458,0.00645333564740458,4.16455409780627e-05,1.31481771482945,1.58039524438933,1,1.82183250016693,0.0218325001669295,0.0218325001669295,0.0218325001669295,0.000476658063538977,1.75187734084204,1.89406803364049,1
48,"n600-b1_1-b2_2p5-b3_2p8",600,4,474,1,1,0,0.9162907,1.029619,1.5,1.8,1,1.3,0.111666666666667,198,105,193,104,FALSE,NA,TRUE,NA,0.0632739937118351,0.0632739937118351,0.0632739937118351,0.0632739937118351,0.00400359828024535,-0.257556977128092,0.386217950813449,1,0.811468294337137,-0.104822405662863,0.104822405662863,0.104822405662863,0.0109877367289499,0.535085734588457,1.09218837281626,1,1.14037861559998,0.110759615599975,0.110759615599975,0.110759615599975,0.0122676924478543,0.746789442983352,1.53353720304362,1,1.46749401821485,-0.0325059817851536,0.0325059817851536,0.0325059817851536,0.00105663885181674,1.41861145717676,1.55597348958745,1,1.75335242378204,-0.0466475762179623,0.0466475762179623,0.0466475762179623,0.00217599636701061,1.64938551207811,1.93238833730281,1
48,"n600-b1_1-b2_2p5-b3_2p8",600,5,475,1,1,0,0.9162907,1.029619,1.5,1.8,1,1.3,0.085,199,92,208,101,FALSE,NA,TRUE,NA,-0.248102134689554,-0.248102134689554,0.248102134689554,0.248102134689554,0.0615546692375137,-0.572553701267256,0.068137829307833,1,0.761978465303153,-0.154312234696847,0.154312234696847,0.154312234696847,0.0238122657771346,0.495567953073174,1.03144797117881,1,1.23600234754839,0.206383347548394,0.206383347548394,0.206383347548394,0.0425940861452813,0.854762169347012,1.62230589886346,1,1.59746288385385,0.0974628838538527,0.0974628838538527,0.0974628838538527,0.00949901372910958,1.43818345314301,2.21491132782251,1,1.89773963118197,0.0977396311819736,0.0977396311819736,0.0977396311819736,0.00955303550358822,1.78177975321549,2.24838360961612,1
48,"n600-b1_1-b2_2p5-b3_2p8",600,6,476,1,1,0,0.9162907,1.029619,1.5,1.8,1,1.3,0.111666666666667,191,105,209,95,FALSE,NA,TRUE,NA,-0.0502169181254947,-0.0502169181254947,0.0502169181254947,0.0502169181254947,0.00252173886602264,-0.373741379811535,0.265953064630177,1,1.00043177022037,0.0841410702203744,0.0841410702203744,0.0841410702203744,0.00707971969782998,0.718821823608227,1.28088646862139,1,1.03929543728642,0.00967643728641843,0.00967643728641843,0.00967643728641843,9.36334385579888e-05,0.660848766600972,1.42297932127067,1,1.50783276243582,0.00783276243582276,0.00783276243582276,0.00783276243582276,6.13521673760361e-05,1.42737140519564,1.57575033753104,1,1.74667629300129,-0.0533237069987116,0.0533237069987116,0.0533237069987116,0.00284341772808444,1.6193705724919,1.86079989471294,1
48,"n600-b1_1-b2_2p5-b3_2p8",600,7,477,1,1,0,0.9162907,1.029619,1.5,1.8,1,1.3,0.108333333333333,224,100,173,103,FALSE,NA,TRUE,NA,0.177574178601179,0.177574178601179,0.177574178601179,0.177574178601179,0.0315325889058836,-0.144861990466053,0.499672298935739,1,0.991522023840491,0.0752313238404915,0.0752313238404915,0.0752313238404915,0.0056597520867929,0.703800255181855,1.28330829533736,1,0.897085399618044,-0.132533600381956,0.132533600381956,0.132533600381956,0.0175651552302041,0.505069318248552,1.28719358060728,1,1.52154747998975,0.021547479989747,0.021547479989747,0.021547479989747,0.000464293893908549,1.48134338052173,1.63953985456901,1,1.82608122462109,0.0260812246210944,0.0260812246210944,0.0260812246210944,0.000680230277735981,1.72042047802912,1.94187189960911,1
48,"n600-b1_1-b2_2p5-b3_2p8",600,8,478,1,1,0,0.9162907,1.029619,1.5,1.8,1,1.3,0.12,220,101,179,100,FALSE,NA,TRUE,NA,0.304186595942762,0.304186595942762,0.304186595942762,0.304186595942762,0.0925294851512453,-0.0182269700795759,0.633420684161873,1,1.06729887460455,0.151008174604554,0.151008174604554,0.151008174604554,0.0228034687973994,0.77261669129111,1.36747054375509,1,0.955591589357316,-0.0740274106426837,0.0740274106426837,0.0740274106426837,0.00548005752646052,0.560804503031624,1.35429010138833,1,1.63196846649854,0.13196846649854,0.13196846649854,0.13196846649854,0.0174156761499764,1.49434906011945,1.8658575302418,1,1.99141982247903,0.191419822479031,0.191419822479031,0.191419822479031,0.0366415484379037,1.86066790258646,2.17706118095054,0
48,"n600-b1_1-b2_2p5-b3_2p8",600,9,479,1,1,0,0.9162907,1.029619,1.5,1.8,1,1.3,0.0983333333333334,185,102,203,110,FALSE,NA,TRUE,NA,0.15033730984111,0.15033730984111,0.15033730984111,0.15033730984111,0.0226013067302619,-0.162715535407811,0.463688907318876,1,0.952347323333038,0.0360566233330377,0.0360566233330377,0.0360566233330377,0.00130008008618056,0.686744269445874,1.22164340806587,1,0.820798926338765,-0.208820073661235,0.208820073661235,0.208820073661235,0.0436058231638837,0.444308373473023,1.20391523035195,1,1.48802822686053,-0.0119717731394731,0.0119717731394731,0.0119717731394731,0.000143323352103009,1.39914155114774,1.75053601654354,1,1.75003092744841,-0.0499690725515889,0.0499690725515889,0.0499690725515889,0.00249690821166595,1.67906573136255,1.92624652969424,1
48,"n600-b1_1-b2_2p5-b3_2p8",600,10,480,1,1,0,0.9162907,1.029619,1.5,1.8,1,1.3,0.123333333333333,210,92,201,97,FALSE,NA,TRUE,NA,0.0265220092882531,0.0265220092882531,0.0265220092882531,0.0265220092882531,0.000703416976686182,-0.33267951087425,0.382222072457054,1,1.27532960768978,0.359038907689775,0.359038907689775,0.359038907689775,0.128908937235067,0.975377387760623,1.57640432061465,0,0.923278970383214,-0.106340029616786,0.106340029616786,0.106340029616786,0.0113082018988989,0.511302838521294,1.34011547068348,1,1.53055240988438,0.0305524098843786,0.0305524098843786,0.0305524098843786,0.000933449749743074,1.42250283905997,1.59730489137612,1,1.82282387960394,0.0228238796039426,0.0228238796039426,0.0228238796039426,0.000520929480175267,1.59892621673141,1.95627314525477,1
49,"n600-b1_1-b2_2p5-b3_2p8",600,1,481,1,1,0,0.9162907,1.029619,1.5,1.8,1,1.3,0.12,219,90,191,100,FALSE,NA,TRUE,NA,0.0256525588172903,0.0256525588172903,0.0256525588172903,0.0256525588172903,0.000658053773874536,-0.323401190643497,0.376621194001197,1,1.07374415951772,0.157453459517722,0.157453459517722,0.157453459517722,0.024791591914099,0.790386418341805,1.36956103406639,1,0.868710835588312,-0.160908164411688,0.160908164411688,0.160908164411688,0.0258914373743388,0.461350217489246,1.2760740707949,1,1.55003142972422,0.0500314297242224,0.0500314297242224,0.0500314297242224,0.0025031439602498,1.44582532819661,1.659730508773,1,1.81865769388276,0.0186576938827645,0.0186576938827645,0.0186576938827645,0.000348109541022948,1.75638415217584,1.92097627193421,1
49,"n600-b1_1-b2_2p5-b3_2p8",600,2,482,1,1,0,0.9162907,1.029619,1.5,1.8,1,1.3,0.1,214,87,193,106,FALSE,NA,TRUE,NA,0.0187129503309302,0.0187129503309302,0.0187129503309302,0.0187129503309302,0.00035017451008786,-0.31994468414558,0.353598973265509,1,0.945116921180961,0.0288262211809608,0.0288262211809608,0.0288262211809608,0.000830951027573672,0.66346738196014,1.23048915957735,1,0.918415048544655,-0.111203951455345,0.111203951455345,0.111203951455345,0.0123663188192828,0.521475305421706,1.31818720502763,1,1.39362857557507,-0.106371424424931,0.106371424424931,0.106371424424931,0.0113148799341887,1.28368913357958,1.54263266520768,1,1.70359544702156,-0.0964045529784376,0.0964045529784376,0.0964045529784376,0.00929383783497239,1.60480741359288,1.82061393202242,1
49,"n600-b1_1-b2_2p5-b3_2p8",600,3,483,1,1,0,0.9162907,1.029619,1.5,1.8,1,1.3,0.0766666666666667,204,94,196,106,FALSE,NA,TRUE,NA,0.102656740172705,0.102656740172705,0.102656740172705,0.102656740172705,0.0105384063028863,-0.212074937392838,0.410033750267707,1,0.983971947340933,0.0676812473409333,0.0676812473409333,0.0676812473409333,0.00458075124162459,0.718130406291987,1.25206623247141,1,0.788824074309966,-0.240794925690034,0.240794925690034,0.240794925690034,0.057982196238069,0.418974594543751,1.16453450730039,1,1.52355639426572,0.0235563942657178,0.0235563942657178,0.0235563942657178,0.000554903710801941,1.44461329303316,1.63062809076106,1,1.76855646803286,-0.0314435319671356,0.0314435319671356,0.0314435319671356,0.000988695702568276,1.6963885026064,1.88756230681097,1
49,"n600-b1_1-b2_2p5-b3_2p8",600,4,484,1,1,0,0.9162907,1.029619,1.5,1.8,1,1.3,0.1,207,104,198,91,FALSE,NA,TRUE,NA,0.12221003417632,0.12221003417632,0.12221003417632,0.12221003417632,0.0149352924533774,-0.199563195331351,0.448946755404871,1,1.0663351341636,0.150044434163603,0.150044434163603,0.150044434163603,0.0225133322234758,0.77986991943476,1.36483223672257,1,0.909957428613377,-0.119661571386623,0.119661571386623,0.119661571386623,0.014318891666716,0.511206142957301,1.30386330918888,1,1.46572069013978,-0.0342793098602237,0.0342793098602237,0.0342793098602237,0.00117507108449323,1.35569138027706,1.65581096841041,1,1.86615979589586,0.0661597958958566,0.0661597958958566,0.0661597958958566,0.00437711859298141,1.65998565915509,2.16240680511654,1
49,"n600-b1_1-b2_2p5-b3_2p8",600,5,485,1,1,0,0.9162907,1.029619,1.5,1.8,1,1.3,0.11,213,125,183,79,FALSE,NA,TRUE,NA,-0.0307455066535582,-0.0307455066535582,0.0307455066535582,0.0307455066535582,0.000945286179383991,-0.347130311036668,0.300196515661966,1,0.868132347405202,-0.0481583525947983,0.0481583525947983,0.0481583525947983,0.00231922692464491,0.570639469333915,1.17685569348459,1,1.10800425304317,0.0783852530431706,0.0783852530431706,0.0783852530431706,0.00614424789464188,0.71317348986065,1.49863576987896,1,1.49882154248321,-0.00117845751679413,0.00117845751679413,0.00117845751679413,1.38876211888859e-06,1.42395852170359,1.66844685316184,1,1.80775383563647,0.00775383563646659,0.00775383563646659,0.00775383563646659,6.01219670773392e-05,1.73068205608835,2.08078980772714,1
49,"n600-b1_1-b2_2p5-b3_2p8",600,6,486,1,1,0,0.9162907,1.029619,1.5,1.8,1,1.3,0.1,190,100,196,114,FALSE,NA,TRUE,NA,-0.0586657652937783,-0.0586657652937783,0.0586657652937783,0.0586657652937783,0.00344167201750469,-0.366531054811667,0.246552664653714,1,0.982259947574035,0.0659692475740353,0.0659692475740353,0.0659692475740353,0.00435194162548437,0.716767976469556,1.25173267049203,1,1.10048664720201,0.0708676472020056,0.0708676472020056,0.0708676472020056,0.00502222341994793,0.726064054919837,1.47699877237904,1,1.50529519437895,0.00529519437895209,0.00529519437895209,0.00529519437895209,2.80390835108859e-05,1.43896327146601,1.64265012853622,1,1.82633966034878,0.0263396603487842,0.0263396603487842,0.0263396603487842,0.000693777707289315,1.71664276887285,1.9441071137603,1
49,"n600-b1_1-b2_2p5-b3_2p8",600,7,487,1,1,0,0.9162907,1.029619,1.5,1.8,1,1.3,0.0983333333333334,195,110,190,105,FALSE,NA,TRUE,NA,0.142355940836062,0.142355940836062,0.142355940836062,0.142355940836062,0.0202652138913203,-0.165049301644431,0.449346281675408,1,0.906443815031731,-0.00984688496826946,0.00984688496826946,0.00984688496826946,9.69611435783311e-05,0.626391062636767,1.1893471269906,1,0.717669144711894,-0.311949855288106,0.311949855288106,0.311949855288106,0.0973127122142702,0.342758888812841,1.09014075783467,1,1.34631515476917,-0.153684845230832,0.153684845230832,0.153684845230832,0.0236190316536248,1.23164724458783,1.50135910588159,1,1.75220885663057,-0.0477911433694254,0.0477911433694254,0.0477911433694254,0.00228399338455697,1.6231888829657,1.97128527157204,1
49,"n600-b1_1-b2_2p5-b3_2p8",600,8,488,1,1,0,0.9162907,1.029619,1.5,1.8,1,1.3,0.121666666666667,182,115,216,87,FALSE,NA,TRUE,NA,0.0139936781247345,0.0139936781247345,0.0139936781247345,0.0139936781247345,0.000195823027458674,-0.318610153675292,0.347245166501692,1,0.928879851345839,0.0125891513458394,0.0125891513458394,0.0125891513458394,0.000158486731608449,0.642396624578159,1.22811655633166,1,0.846059749687112,-0.183559250312888,0.183559250312888,0.183559250312888,0.0336939983754296,0.445053514438533,1.24031274198703,1,1.54219149401352,0.0421914940135177,0.0421914940135177,0.0421914940135177,0.0017801221670927,1.46577076873042,1.66607954257986,1,1.77958782433429,-0.0204121756657114,0.0204121756657114,0.0204121756657114,0.000416656915407861,1.69183158171511,1.91815846417363,1
49,"n600-b1_1-b2_2p5-b3_2p8",600,9,489,1,1,0,0.9162907,1.029619,1.5,1.8,1,1.3,0.0933333333333334,170,98,222,110,FALSE,NA,TRUE,NA,-0.194489095052386,-0.194489095052386,0.194489095052386,0.194489095052386,0.0378260080942961,-0.506106541021775,0.113885352994005,1,0.642884664823582,-0.273406035176418,0.273406035176418,0.273406035176418,0.0747508600708889,0.392430336162999,0.899702016490797,0,1.31636427476076,0.286745274760758,0.286745274760758,0.286745274760758,0.0822228525976227,0.938879967460321,1.69440348390545,1,1.48209768864967,-0.0179023113503327,0.0179023113503327,0.0179023113503327,0.000320492751684251,1.41425539043748,1.60701418667753,1,1.7661570765349,-0.0338429234651028,0.0338429234651028,0.0338429234651028,0.0011453434686648,1.65720719304041,2.01138447920327,1
49,"n600-b1_1-b2_2p5-b3_2p8",600,10,490,1,1,0,0.9162907,1.029619,1.5,1.8,1,1.3,0.1,202,95,196,107,FALSE,NA,TRUE,NA,0.0863839319415979,0.0863839319415979,0.0863839319415979,0.0863839319415979,0.00746218369769062,-0.236058450395327,0.400314779614264,1,1.09655945439005,0.180268754390045,0.180268754390045,0.180268754390045,0.0324968238093384,0.826833683320053,1.3673639800695,1,0.755420214058622,-0.274198785941378,0.274198785941378,0.274198785941378,0.0751849742117258,0.372949413523842,1.14163681698757,1,1.41581046336578,-0.0841895366342158,0.0841895366342158,0.0841895366342158,0.00708787807868396,1.29411676308529,1.55121099565483,1,1.91709842905044,0.117098429050445,0.117098429050445,0.117098429050445,0.0137120420860821,1.8159947950818,2.06160668709185,0
50,"n600-b1_1-b2_2p5-b3_2p8",600,1,491,1,1,0,0.9162907,1.029619,1.5,1.8,1,1.3,0.1,206,101,185,108,FALSE,NA,TRUE,NA,-0.0656591061166248,-0.0656591061166248,0.0656591061166248,0.0656591061166248,0.0043111182160342,-0.386856030333387,0.256477138908279,1,0.776789886480237,-0.139500813519763,0.139500813519763,0.139500813519763,0.0194604769726758,0.502352668286374,1.05793179597379,1,1.09260132382463,0.0629823238246343,0.0629823238246343,0.0629823238246343,0.0039667731143511,0.698726139695472,1.48276321083043,1,1.46922289543462,-0.0307771045653848,0.0307771045653848,0.0307771045653848,0.000947230165428633,1.30018607194162,1.65793699891715,1,1.68651264116625,-0.113487358833749,0.113487358833749,0.113487358833749,0.0128793806150602,1.5251610514159,1.85222664555907,1
50,"n600-b1_1-b2_2p5-b3_2p8",600,2,492,1,1,0,0.9162907,1.029619,1.5,1.8,1,1.3,0.09,223,86,186,105,FALSE,NA,TRUE,NA,0.0169361602533947,0.0169361602533947,0.0169361602533947,0.0169361602533947,0.000286833524128668,-0.315812459249697,0.352218526270348,1,0.865479228524657,-0.0508114714753432,0.0508114714753432,0.0508114714753432,0.00258180563348961,0.59050915357507,1.14676034966201,1,0.999593557860797,-0.0300254421392034,0.0300254421392034,0.0300254421392034,0.000901527175654654,0.60190190205773,1.39493434206985,1,1.46499230659502,-0.0350076934049832,0.0350076934049832,0.0350076934049832,0.00122553859753731,1.39587258691813,1.56389127135476,1,1.75224741689501,-0.0477525831049859,0.0477525831049859,0.0477525831049859,0.00228030919319858,1.66612667007418,1.84933121252981,1
50,"n600-b1_1-b2_2p5-b3_2p8",600,3,493,1,1,0,0.9162907,1.029619,1.5,1.8,1,1.3,0.113333333333333,189,105,201,105,FALSE,NA,TRUE,NA,0.0608990361167134,0.0608990361167134,0.0608990361167134,0.0608990361167134,0.00370869259994477,-0.257118962173302,0.377292550347668,1,1.15355997291614,0.237269272916139,0.237269272916139,0.237269272916139,0.0562967078701531,0.873440377023841,1.43875094093353,1,1.03952916731775,0.00991016731775396,0.00991016731775396,0.00991016731775396,9.82114162658787e-05,0.647859832660099,1.42649487778351,1,1.4690621341586,-0.0309378658414015,0.0309378658414015,0.0309378658414015,0.000957151542820555,1.35547159571023,1.63837472820984,1,1.67757527664459,-0.122424723355413,0.122424723355413,0.122424723355413,0.0149878128886493,1.61239244921648,1.76631958653443,0
50,"n600-b1_1-b2_2p5-b3_2p8",600,4,494,1,1,0,0.9162907,1.029619,1.5,1.8,1,1.3,0.09,208,90,208,94,FALSE,NA,TRUE,NA,0.0274238614482422,0.0274238614482422,0.0274238614482422,0.0274238614482422,0.000752068176732383,-0.314000146675176,0.361664426297068,1,0.825157662491808,-0.0911330375081919,0.0911330375081919,0.0911330375081919,0.00830523052546951,0.553150904461762,1.10591951800274,1,1.11102664704337,0.0814076470433749,0.0814076470433749,0.0814076470433749,0.0066272049971387,0.714922211283218,1.50644208974607,1,1.45540922119218,-0.0445907788078181,0.0445907788078181,0.0445907788078181,0.00198833755468776,1.37061692353825,1.54769893291158,1,1.77574183409481,-0.024258165905193,0.024258165905193,0.024258165905193,0.00058845861308387,1.69633303001398,1.92650770475131,1
50,"n600-b1_1-b2_2p5-b3_2p8",600,5,495,1,1,0,0.9162907,1.029619,1.5,1.8,1,1.3,0.103333333333333,184,95,218,103,FALSE,NA,TRUE,NA,-0.194524312422372,-0.194524312422372,0.194524312422372,0.194524312422372,0.0378397081233966,-0.515591854826236,0.123158456482205,1,0.820610970050957,-0.0956797299490433,0.0956797299490433,0.0956797299490433,0.00915461072312185,0.552836868466341,1.09081857163626,1,1.18562883886519,0.156009838865187,0.156009838865187,0.156009838865187,0.0243390698227415,0.798956797226417,1.56780926892481,1,1.52715744270891,0.0271574427089118,0.0271574427089118,0.0271574427089118,0.000737526694487829,1.46114842642126,1.60718732225124,1,1.82979931139699,0.0297993113969854,0.0297993113969854,0.0297993113969854,0.000887998959734506,1.78068272941421,1.94275440268051,1
50,"n600-b1_1-b2_2p5-b3_2p8",600,6,496,1,1,0,0.9162907,1.029619,1.5,1.8,1,1.3,0.0983333333333334,211,95,193,101,FALSE,NA,TRUE,NA,0.0024220615615253,0.0024220615615253,0.0024220615615253,0.0024220615615253,5.86638220781839e-06,-0.327913938015992,0.329978887288078,1,0.88283166329478,-0.0334590367052197,0.0334590367052197,0.0334590367052197,0.00111950713724124,0.610274470071577,1.16066260583055,1,1.065363481168,0.0357444811680043,0.0357444811680043,0.0357444811680043,0.00127766793396982,0.672631121346095,1.45676223186886,1,1.43640482962046,-0.0635951703795381,0.0635951703795381,0.0635951703795381,0.00404434569560248,1.31174291597083,1.53962777193735,1,1.69585491899249,-0.104145081007511,0.104145081007511,0.104145081007511,0.010846197898061,1.59331485864893,1.80013780890003,1
50,"n600-b1_1-b2_2p5-b3_2p8",600,7,497,1,1,0,0.9162907,1.029619,1.5,1.8,1,1.3,0.0966666666666667,207,104,192,97,FALSE,NA,TRUE,NA,-0.0553580231698485,-0.0553580231698485,0.0553580231698485,0.0553580231698485,0.00306451072927348,-0.377501803142696,0.265084127105559,1,1.00429814276549,0.0880074427654916,0.0880074427654916,0.0880074427654916,0.00774530998212127,0.719135243882535,1.29117092216355,1,1.14473518324349,0.115116183243486,0.115116183243486,0.115116183243486,0.0132517356445478,0.756270341799555,1.5301332618918,1,1.52779626393815,0.0277962639381499,0.0277962639381499,0.0277962639381499,0.000772632288919295,1.46177654309993,1.64133091050934,1,1.85363479206927,0.0536347920692715,0.0536347920692715,0.0536347920692715,0.00287669092031399,1.77726459284516,1.93716799995154,1
50,"n600-b1_1-b2_2p5-b3_2p8",600,8,498,1,1,0,0.9162907,1.029619,1.5,1.8,1,1.3,0.0966666666666667,213,108,179,100,FALSE,NA,TRUE,NA,0.210271142953125,0.210271142953125,0.210271142953125,0.210271142953125,0.0442139535588134,-0.100356374621753,0.524149712647084,1,0.984789623185944,0.0684989231859439,0.0684989231859439,0.0684989231859439,0.00469210247763384,0.707113361746637,1.2709365940335,1,0.931366008532265,-0.0982529914677348,0.0982529914677348,0.0982529914677348,0.00965365033235877,0.552770896633054,1.31971230618002,1,1.47524944996171,-0.0247505500382879,0.0247505500382879,0.0247505500382879,0.000612589727197791,1.35812613359637,1.54884156067941,1,1.836381010064,0.0363810100639963,0.0363810100639963,0.0363810100639963,0.0013235778932766,1.77924081941947,1.93048600384592,1
50,"n600-b1_1-b2_2p5-b3_2p8",600,9,499,1,1,0,0.9162907,1.029619,1.5,1.8,1,1.3,0.116666666666667,192,101,192,115,FALSE,NA,TRUE,NA,0.0760028773835507,0.0760028773835507,0.0760028773835507,0.0760028773835507,0.00577643737057905,-0.229957532242157,0.381263173937374,1,0.722650022892805,-0.193640677107195,0.193640677107195,0.193640677107195,0.0374967118305329,0.46473334654078,0.984256563821842,1,1.22744794385902,0.197828943859024,0.197828943859024,0.197828943859024,0.0391362910283768,0.846644098086897,1.61195667279413,1,1.56064049219465,0.0606404921946524,0.0606404921946524,0.0606404921946524,0.0036772692936097,1.47971749834833,1.6607323080488,1,1.90165770143617,0.101657701436173,0.101657701436173,0.101657701436173,0.0103342882612861,1.80944048191257,2.10581966670781,0
50,"n600-b1_1-b2_2p5-b3_2p8",600,10,500,1,1,0,0.9162907,1.029619,1.5,1.8,1,1.3,0.118333333333333,196,110,198,96,FALSE,NA,TRUE,NA,-0.0388355947570521,-0.0388355947570521,0.0388355947570521,0.0388355947570521,0.00150820342013397,-0.36675481188469,0.289569824812043,1,1.03606505937409,0.119774359374094,0.119774359374094,0.119774359374094,0.0143458971634746,0.754575296195298,1.32937267122204,1,1.0318113691749,0.00219236917490018,0.00219236917490018,0.00219236917490018,4.80648259905248e-06,0.642935936164607,1.42492540783356,1,1.35774042692802,-0.142259573071975,0.142259573071975,0.142259573071975,0.0202377861306207,1.19283133183085,1.56700667023628,1,1.67748912819702,-0.122510871802978,0.122510871802978,0.122510871802978,0.0150089137099257,1.55486999683467,1.86791415690614,1
